,value_kvar
01-01 00:00:00,223.45316737542717
01-01 01:00:00,138.37580802809694
01-01 02:00:00,109.86053501521107
01-01 03:00:00,85.5920741262717
01-01 04:00:00,64.99398825841132
01-01 05:00:00,50.0618903109684
01-01 06:00:00,60.537035588303745
01-01 07:00:00,167.91840700531478
01-01 08:00:00,287.0999996209841
01-01 09:00:00,295.15491607562717
01-01 10:00:00,298.05877270764466
01-01 11:00:00,273.64999026697905
01-01 12:00:00,229.70629318073125
01-01 13:00:00,235.33215547322482
01-01 14:00:00,308.9413833055649
01-01 15:00:00,302.694320978187
01-01 16:00:00,269.42510949081367
01-01 17:00:00,281.10094661806363
01-01 18:00:00,396.3147313367148
01-01 19:00:00,583.0536981526582
01-01 20:00:00,617.04737765746
01-01 21:00:00,582.4738934018287
01-01 22:00:00,465.953217369765
01-01 23:00:00,392.1259296643266
01-02 00:00:00,315.1033267746466
01-02 01:00:00,204.10755022007464
01-02 02:00:00,139.6631782055935
01-02 03:00:00,88.70323860013735
01-02 04:00:00,63.05465045424098
01-02 05:00:00,41.29632943727237
01-02 06:00:00,51.202860234663014
01-02 07:00:00,130.29380999279925
01-02 08:00:00,234.08467527266257
01-02 09:00:00,252.1520696565881
01-02 10:00:00,318.9732974116077
01-02 11:00:00,250.15799821399463
01-02 12:00:00,288.146387114309
01-02 13:00:00,298.5926651387986
01-02 14:00:00,336.5605477075867
01-02 15:00:00,267.9459657041984
01-02 16:00:00,272.2861467873722
01-02 17:00:00,298.21675693223045
01-02 18:00:00,454.8385602475189
01-02 19:00:00,616.9967397197881
01-02 20:00:00,634.6075454577365
01-02 21:00:00,599.6890944018049
01-02 22:00:00,479.9808959264797
01-02 23:00:00,395.3703641532507
01-03 00:00:00,292.62758658813175
01-03 01:00:00,197.85131077903034
01-03 02:00:00,148.00918391732736
01-03 03:00:00,94.93040215615744
01-03 04:00:00,82.86729759799402
01-03 05:00:00,74.57636604564982
01-03 06:00:00,71.75379255219228
01-03 07:00:00,155.36284722574223
01-03 08:00:00,266.60301087823143
01-03 09:00:00,320.3509930894112
01-03 10:00:00,317.28914048794917
01-03 11:00:00,254.56410651142133
01-03 12:00:00,243.23343233108912
01-03 13:00:00,267.4865233038904
01-03 14:00:00,297.5223508357443
01-03 15:00:00,294.09325117512304
01-03 16:00:00,292.95292654223135
01-03 17:00:00,300.0314685719755
01-03 18:00:00,435.7001444332247
01-03 19:00:00,577.6151983182931
01-03 20:00:00,592.4704265251384
01-03 21:00:00,543.3967098767866
01-03 22:00:00,482.03256623273467
01-03 23:00:00,390.1884755184834
01-04 00:00:00,294.2085853847838
01-04 01:00:00,206.69444516589067
01-04 02:00:00,149.49954366171437
01-04 03:00:00,82.06513446700491
01-04 04:00:00,55.285937100280094
01-04 05:00:00,42.92615547848009
01-04 06:00:00,46.2079029263794
01-04 07:00:00,122.48684985802687
01-04 08:00:00,236.48152587241398
01-04 09:00:00,273.2903740535265
01-04 10:00:00,268.8747957918016
01-04 11:00:00,248.5948516702489
01-04 12:00:00,298.4016785060464
01-04 13:00:00,287.1515157618599
01-04 14:00:00,290.2516138620122
01-04 15:00:00,246.97067337381776
01-04 16:00:00,273.60807146686335
01-04 17:00:00,268.03243971920034
01-04 18:00:00,420.3853808254962
01-04 19:00:00,601.3015751500934
01-04 20:00:00,626.6953515860686
01-04 21:00:00,593.0228871684376
01-04 22:00:00,483.83888159204065
01-04 23:00:00,410.28150292154265
01-05 00:00:00,331.44324689593503
01-05 01:00:00,227.56805775717976
01-05 02:00:00,164.5024424444547
01-05 03:00:00,113.51037784353113
01-05 04:00:00,75.64311818493753
01-05 05:00:00,53.23088806716647
01-05 06:00:00,53.93783746881392
01-05 07:00:00,125.11352968665165
01-05 08:00:00,206.7499289650938
01-05 09:00:00,233.85828307806582
01-05 10:00:00,242.9968609722534
01-05 11:00:00,242.83300472968682
01-05 12:00:00,243.58914714192989
01-05 13:00:00,265.4856716834295
01-05 14:00:00,259.50181399166405
01-05 15:00:00,312.500055050905
01-05 16:00:00,313.4882969920608
01-05 17:00:00,342.50451419009926
01-05 18:00:00,465.56671152721987
01-05 19:00:00,595.1951370218491
01-05 20:00:00,649.3681488169059
01-05 21:00:00,556.1748270960703
01-05 22:00:00,455.2006262270115
01-05 23:00:00,364.511184927949
01-06 00:00:00,292.24497442404936
01-06 01:00:00,220.25315171865705
01-06 02:00:00,172.23848221615967
01-06 03:00:00,135.35168283663828
01-06 04:00:00,81.53654757904546
01-06 05:00:00,52.93616629514382
01-06 06:00:00,40.040504330045046
01-06 07:00:00,43.30528046683057
01-06 08:00:00,95.56397375435124
01-06 09:00:00,154.63249033537082
01-06 10:00:00,217.8302298045891
01-06 11:00:00,356.7249661097303
01-06 12:00:00,420.4064591837259
01-06 13:00:00,326.2837651059835
01-06 14:00:00,309.3122620891511
01-06 15:00:00,327.1419210687892
01-06 16:00:00,370.64998533346306
01-06 17:00:00,372.1982696368229
01-06 18:00:00,460.7692518927902
01-06 19:00:00,413.9087458457095
01-06 20:00:00,414.31598501319155
01-06 21:00:00,300.80387790660643
01-06 22:00:00,236.0693448053482
01-06 23:00:00,219.49662412116896
01-07 00:00:00,206.50235716450598
01-07 01:00:00,170.47881485386188
01-07 02:00:00,134.9481276076649
01-07 03:00:00,110.22011799197338
01-07 04:00:00,64.87430460972884
01-07 05:00:00,52.75485685220404
01-07 06:00:00,46.08524520509104
01-07 07:00:00,45.18303215546152
01-07 08:00:00,48.90704827825574
01-07 09:00:00,95.19994749768418
01-07 10:00:00,111.92610682081019
01-07 11:00:00,223.7639128192421
01-07 12:00:00,185.7059100773806
01-07 13:00:00,237.44747563550635
01-07 14:00:00,204.42218811003372
01-07 15:00:00,223.71777871586502
01-07 16:00:00,254.29788701670947
01-07 17:00:00,298.8159825360652
01-07 18:00:00,417.4112022099638
01-07 19:00:00,450.4816483154357
01-07 20:00:00,406.3415185999963
01-07 21:00:00,353.29364293577737
01-07 22:00:00,322.2119041981381
01-07 23:00:00,293.8356260057482
01-08 00:00:00,223.45316737542717
01-08 01:00:00,138.37580802809694
01-08 02:00:00,109.86053501521107
01-08 03:00:00,85.5920741262717
01-08 04:00:00,64.99398825841132
01-08 05:00:00,50.0618903109684
01-08 06:00:00,60.537035588303745
01-08 07:00:00,167.91840700531478
01-08 08:00:00,287.0999996209841
01-08 09:00:00,295.15491607562717
01-08 10:00:00,298.05877270764466
01-08 11:00:00,273.64999026697905
01-08 12:00:00,229.70629318073125
01-08 13:00:00,235.33215547322482
01-08 14:00:00,308.9413833055649
01-08 15:00:00,302.694320978187
01-08 16:00:00,269.42510949081367
01-08 17:00:00,281.10094661806363
01-08 18:00:00,396.3147313367148
01-08 19:00:00,583.0536981526582
01-08 20:00:00,617.04737765746
01-08 21:00:00,582.4738934018287
01-08 22:00:00,465.953217369765
01-08 23:00:00,392.1259296643266
01-09 00:00:00,315.1033267746466
01-09 01:00:00,204.10755022007464
01-09 02:00:00,139.6631782055935
01-09 03:00:00,88.70323860013735
01-09 04:00:00,63.05465045424098
01-09 05:00:00,41.29632943727237
01-09 06:00:00,51.202860234663014
01-09 07:00:00,130.29380999279925
01-09 08:00:00,234.08467527266257
01-09 09:00:00,252.1520696565881
01-09 10:00:00,318.9732974116077
01-09 11:00:00,250.15799821399463
01-09 12:00:00,288.146387114309
01-09 13:00:00,298.5926651387986
01-09 14:00:00,336.5605477075867
01-09 15:00:00,267.9459657041984
01-09 16:00:00,272.2861467873722
01-09 17:00:00,298.21675693223045
01-09 18:00:00,454.8385602475189
01-09 19:00:00,616.9967397197881
01-09 20:00:00,634.6075454577365
01-09 21:00:00,599.6890944018049
01-09 22:00:00,479.9808959264797
01-09 23:00:00,395.3703641532507
01-10 00:00:00,292.62758658813175
01-10 01:00:00,197.85131077903034
01-10 02:00:00,148.00918391732736
01-10 03:00:00,94.93040215615744
01-10 04:00:00,82.86729759799402
01-10 05:00:00,74.57636604564982
01-10 06:00:00,71.75379255219228
01-10 07:00:00,155.36284722574223
01-10 08:00:00,266.60301087823143
01-10 09:00:00,320.3509930894112
01-10 10:00:00,317.28914048794917
01-10 11:00:00,254.56410651142133
01-10 12:00:00,243.23343233108912
01-10 13:00:00,267.4865233038904
01-10 14:00:00,297.5223508357443
01-10 15:00:00,294.09325117512304
01-10 16:00:00,292.95292654223135
01-10 17:00:00,300.0314685719755
01-10 18:00:00,435.7001444332247
01-10 19:00:00,577.6151983182931
01-10 20:00:00,592.4704265251384
01-10 21:00:00,543.3967098767866
01-10 22:00:00,482.03256623273467
01-10 23:00:00,390.1884755184834
01-11 00:00:00,294.2085853847838
01-11 01:00:00,206.69444516589067
01-11 02:00:00,149.49954366171437
01-11 03:00:00,82.06513446700491
01-11 04:00:00,55.285937100280094
01-11 05:00:00,42.92615547848009
01-11 06:00:00,46.2079029263794
01-11 07:00:00,122.48684985802687
01-11 08:00:00,236.48152587241398
01-11 09:00:00,273.2903740535265
01-11 10:00:00,268.8747957918016
01-11 11:00:00,248.5948516702489
01-11 12:00:00,298.4016785060464
01-11 13:00:00,287.1515157618599
01-11 14:00:00,290.2516138620122
01-11 15:00:00,246.97067337381776
01-11 16:00:00,273.60807146686335
01-11 17:00:00,268.03243971920034
01-11 18:00:00,420.3853808254962
01-11 19:00:00,601.3015751500934
01-11 20:00:00,626.6953515860686
01-11 21:00:00,593.0228871684376
01-11 22:00:00,483.83888159204065
01-11 23:00:00,410.28150292154265
01-12 00:00:00,331.44324689593503
01-12 01:00:00,227.56805775717976
01-12 02:00:00,164.5024424444547
01-12 03:00:00,113.51037784353113
01-12 04:00:00,75.64311818493753
01-12 05:00:00,53.23088806716647
01-12 06:00:00,53.93783746881392
01-12 07:00:00,125.11352968665165
01-12 08:00:00,206.7499289650938
01-12 09:00:00,233.85828307806582
01-12 10:00:00,242.9968609722534
01-12 11:00:00,242.83300472968682
01-12 12:00:00,243.58914714192989
01-12 13:00:00,265.4856716834295
01-12 14:00:00,259.50181399166405
01-12 15:00:00,312.500055050905
01-12 16:00:00,313.4882969920608
01-12 17:00:00,342.50451419009926
01-12 18:00:00,465.56671152721987
01-12 19:00:00,595.1951370218491
01-12 20:00:00,649.3681488169059
01-12 21:00:00,556.1748270960703
01-12 22:00:00,455.2006262270115
01-12 23:00:00,364.511184927949
01-13 00:00:00,292.24497442404936
01-13 01:00:00,220.25315171865705
01-13 02:00:00,172.23848221615967
01-13 03:00:00,135.35168283663828
01-13 04:00:00,81.53654757904546
01-13 05:00:00,52.93616629514382
01-13 06:00:00,40.040504330045046
01-13 07:00:00,43.30528046683057
01-13 08:00:00,95.56397375435124
01-13 09:00:00,154.63249033537082
01-13 10:00:00,217.8302298045891
01-13 11:00:00,356.7249661097303
01-13 12:00:00,420.4064591837259
01-13 13:00:00,326.2837651059835
01-13 14:00:00,309.3122620891511
01-13 15:00:00,327.1419210687892
01-13 16:00:00,370.64998533346306
01-13 17:00:00,372.1982696368229
01-13 18:00:00,460.7692518927902
01-13 19:00:00,413.9087458457095
01-13 20:00:00,414.31598501319155
01-13 21:00:00,300.80387790660643
01-13 22:00:00,236.0693448053482
01-13 23:00:00,219.49662412116896
01-14 00:00:00,206.50235716450598
01-14 01:00:00,170.47881485386188
01-14 02:00:00,134.9481276076649
01-14 03:00:00,110.22011799197338
01-14 04:00:00,64.87430460972884
01-14 05:00:00,52.75485685220404
01-14 06:00:00,46.08524520509104
01-14 07:00:00,45.18303215546152
01-14 08:00:00,48.90704827825574
01-14 09:00:00,95.19994749768418
01-14 10:00:00,111.92610682081019
01-14 11:00:00,223.7639128192421
01-14 12:00:00,185.7059100773806
01-14 13:00:00,237.44747563550635
01-14 14:00:00,204.42218811003372
01-14 15:00:00,223.71777871586502
01-14 16:00:00,254.29788701670947
01-14 17:00:00,298.8159825360652
01-14 18:00:00,417.4112022099638
01-14 19:00:00,450.4816483154357
01-14 20:00:00,406.3415185999963
01-14 21:00:00,353.29364293577737
01-14 22:00:00,322.2119041981381
01-14 23:00:00,293.8356260057482
01-15 00:00:00,223.45316737542717
01-15 01:00:00,138.37580802809694
01-15 02:00:00,109.86053501521107
01-15 03:00:00,85.5920741262717
01-15 04:00:00,64.99398825841132
01-15 05:00:00,50.0618903109684
01-15 06:00:00,60.537035588303745
01-15 07:00:00,167.91840700531478
01-15 08:00:00,287.0999996209841
01-15 09:00:00,295.15491607562717
01-15 10:00:00,298.05877270764466
01-15 11:00:00,273.64999026697905
01-15 12:00:00,229.70629318073125
01-15 13:00:00,235.33215547322482
01-15 14:00:00,308.9413833055649
01-15 15:00:00,302.694320978187
01-15 16:00:00,269.42510949081367
01-15 17:00:00,281.10094661806363
01-15 18:00:00,396.3147313367148
01-15 19:00:00,583.0536981526582
01-15 20:00:00,617.04737765746
01-15 21:00:00,582.4738934018287
01-15 22:00:00,465.953217369765
01-15 23:00:00,392.1259296643266
01-16 00:00:00,315.1033267746466
01-16 01:00:00,204.10755022007464
01-16 02:00:00,139.6631782055935
01-16 03:00:00,88.70323860013735
01-16 04:00:00,63.05465045424098
01-16 05:00:00,41.29632943727237
01-16 06:00:00,51.202860234663014
01-16 07:00:00,130.29380999279925
01-16 08:00:00,234.08467527266257
01-16 09:00:00,252.1520696565881
01-16 10:00:00,318.9732974116077
01-16 11:00:00,250.15799821399463
01-16 12:00:00,288.146387114309
01-16 13:00:00,298.5926651387986
01-16 14:00:00,336.5605477075867
01-16 15:00:00,267.9459657041984
01-16 16:00:00,272.2861467873722
01-16 17:00:00,298.21675693223045
01-16 18:00:00,454.8385602475189
01-16 19:00:00,616.9967397197881
01-16 20:00:00,634.6075454577365
01-16 21:00:00,599.6890944018049
01-16 22:00:00,479.9808959264797
01-16 23:00:00,395.3703641532507
01-17 00:00:00,292.62758658813175
01-17 01:00:00,197.85131077903034
01-17 02:00:00,148.00918391732736
01-17 03:00:00,94.93040215615744
01-17 04:00:00,82.86729759799402
01-17 05:00:00,74.57636604564982
01-17 06:00:00,71.75379255219228
01-17 07:00:00,155.36284722574223
01-17 08:00:00,266.60301087823143
01-17 09:00:00,320.3509930894112
01-17 10:00:00,317.28914048794917
01-17 11:00:00,254.56410651142133
01-17 12:00:00,243.23343233108912
01-17 13:00:00,267.4865233038904
01-17 14:00:00,297.5223508357443
01-17 15:00:00,294.09325117512304
01-17 16:00:00,292.95292654223135
01-17 17:00:00,300.0314685719755
01-17 18:00:00,435.7001444332247
01-17 19:00:00,577.6151983182931
01-17 20:00:00,592.4704265251384
01-17 21:00:00,543.3967098767866
01-17 22:00:00,482.03256623273467
01-17 23:00:00,390.1884755184834
01-18 00:00:00,294.2085853847838
01-18 01:00:00,206.69444516589067
01-18 02:00:00,149.49954366171437
01-18 03:00:00,82.06513446700491
01-18 04:00:00,55.285937100280094
01-18 05:00:00,42.92615547848009
01-18 06:00:00,46.2079029263794
01-18 07:00:00,122.48684985802687
01-18 08:00:00,236.48152587241398
01-18 09:00:00,273.2903740535265
01-18 10:00:00,268.8747957918016
01-18 11:00:00,248.5948516702489
01-18 12:00:00,298.4016785060464
01-18 13:00:00,287.1515157618599
01-18 14:00:00,290.2516138620122
01-18 15:00:00,246.97067337381776
01-18 16:00:00,273.60807146686335
01-18 17:00:00,268.03243971920034
01-18 18:00:00,420.3853808254962
01-18 19:00:00,601.3015751500934
01-18 20:00:00,626.6953515860686
01-18 21:00:00,593.0228871684376
01-18 22:00:00,483.83888159204065
01-18 23:00:00,410.28150292154265
01-19 00:00:00,331.44324689593503
01-19 01:00:00,227.56805775717976
01-19 02:00:00,164.5024424444547
01-19 03:00:00,113.51037784353113
01-19 04:00:00,75.64311818493753
01-19 05:00:00,53.23088806716647
01-19 06:00:00,53.93783746881392
01-19 07:00:00,125.11352968665165
01-19 08:00:00,206.7499289650938
01-19 09:00:00,233.85828307806582
01-19 10:00:00,242.9968609722534
01-19 11:00:00,242.83300472968682
01-19 12:00:00,243.58914714192989
01-19 13:00:00,265.4856716834295
01-19 14:00:00,259.50181399166405
01-19 15:00:00,312.500055050905
01-19 16:00:00,313.4882969920608
01-19 17:00:00,342.50451419009926
01-19 18:00:00,465.56671152721987
01-19 19:00:00,595.1951370218491
01-19 20:00:00,649.3681488169059
01-19 21:00:00,556.1748270960703
01-19 22:00:00,455.2006262270115
01-19 23:00:00,364.511184927949
01-20 00:00:00,292.24497442404936
01-20 01:00:00,220.25315171865705
01-20 02:00:00,172.23848221615967
01-20 03:00:00,135.35168283663828
01-20 04:00:00,81.53654757904546
01-20 05:00:00,52.93616629514382
01-20 06:00:00,40.040504330045046
01-20 07:00:00,43.30528046683057
01-20 08:00:00,95.56397375435124
01-20 09:00:00,154.63249033537082
01-20 10:00:00,217.8302298045891
01-20 11:00:00,356.7249661097303
01-20 12:00:00,420.4064591837259
01-20 13:00:00,326.2837651059835
01-20 14:00:00,309.3122620891511
01-20 15:00:00,327.1419210687892
01-20 16:00:00,370.64998533346306
01-20 17:00:00,372.1982696368229
01-20 18:00:00,460.7692518927902
01-20 19:00:00,413.9087458457095
01-20 20:00:00,414.31598501319155
01-20 21:00:00,300.80387790660643
01-20 22:00:00,236.0693448053482
01-20 23:00:00,219.49662412116896
01-21 00:00:00,206.50235716450598
01-21 01:00:00,170.47881485386188
01-21 02:00:00,134.9481276076649
01-21 03:00:00,110.22011799197338
01-21 04:00:00,64.87430460972884
01-21 05:00:00,52.75485685220404
01-21 06:00:00,46.08524520509104
01-21 07:00:00,45.18303215546152
01-21 08:00:00,48.90704827825574
01-21 09:00:00,95.19994749768418
01-21 10:00:00,111.92610682081019
01-21 11:00:00,223.7639128192421
01-21 12:00:00,185.7059100773806
01-21 13:00:00,237.44747563550635
01-21 14:00:00,204.42218811003372
01-21 15:00:00,223.71777871586502
01-21 16:00:00,254.29788701670947
01-21 17:00:00,298.8159825360652
01-21 18:00:00,417.4112022099638
01-21 19:00:00,450.4816483154357
01-21 20:00:00,406.3415185999963
01-21 21:00:00,353.29364293577737
01-21 22:00:00,322.2119041981381
01-21 23:00:00,293.8356260057482
01-22 00:00:00,223.45316737542717
01-22 01:00:00,138.37580802809694
01-22 02:00:00,109.86053501521107
01-22 03:00:00,85.5920741262717
01-22 04:00:00,64.99398825841132
01-22 05:00:00,50.0618903109684
01-22 06:00:00,60.537035588303745
01-22 07:00:00,167.91840700531478
01-22 08:00:00,287.0999996209841
01-22 09:00:00,295.15491607562717
01-22 10:00:00,298.05877270764466
01-22 11:00:00,273.64999026697905
01-22 12:00:00,229.70629318073125
01-22 13:00:00,235.33215547322482
01-22 14:00:00,308.9413833055649
01-22 15:00:00,302.694320978187
01-22 16:00:00,269.42510949081367
01-22 17:00:00,281.10094661806363
01-22 18:00:00,396.3147313367148
01-22 19:00:00,583.0536981526582
01-22 20:00:00,617.04737765746
01-22 21:00:00,582.4738934018287
01-22 22:00:00,465.953217369765
01-22 23:00:00,392.1259296643266
01-23 00:00:00,315.1033267746466
01-23 01:00:00,204.10755022007464
01-23 02:00:00,139.6631782055935
01-23 03:00:00,88.70323860013735
01-23 04:00:00,63.05465045424098
01-23 05:00:00,41.29632943727237
01-23 06:00:00,51.202860234663014
01-23 07:00:00,130.29380999279925
01-23 08:00:00,234.08467527266257
01-23 09:00:00,252.1520696565881
01-23 10:00:00,318.9732974116077
01-23 11:00:00,250.15799821399463
01-23 12:00:00,288.146387114309
01-23 13:00:00,298.5926651387986
01-23 14:00:00,336.5605477075867
01-23 15:00:00,267.9459657041984
01-23 16:00:00,272.2861467873722
01-23 17:00:00,298.21675693223045
01-23 18:00:00,454.8385602475189
01-23 19:00:00,616.9967397197881
01-23 20:00:00,634.6075454577365
01-23 21:00:00,599.6890944018049
01-23 22:00:00,479.9808959264797
01-23 23:00:00,395.3703641532507
01-24 00:00:00,292.62758658813175
01-24 01:00:00,197.85131077903034
01-24 02:00:00,148.00918391732736
01-24 03:00:00,94.93040215615744
01-24 04:00:00,82.86729759799402
01-24 05:00:00,74.57636604564982
01-24 06:00:00,71.75379255219228
01-24 07:00:00,155.36284722574223
01-24 08:00:00,266.60301087823143
01-24 09:00:00,320.3509930894112
01-24 10:00:00,317.28914048794917
01-24 11:00:00,254.56410651142133
01-24 12:00:00,243.23343233108912
01-24 13:00:00,267.4865233038904
01-24 14:00:00,297.5223508357443
01-24 15:00:00,294.09325117512304
01-24 16:00:00,292.95292654223135
01-24 17:00:00,300.0314685719755
01-24 18:00:00,435.7001444332247
01-24 19:00:00,577.6151983182931
01-24 20:00:00,592.4704265251384
01-24 21:00:00,543.3967098767866
01-24 22:00:00,482.03256623273467
01-24 23:00:00,390.1884755184834
01-25 00:00:00,294.2085853847838
01-25 01:00:00,206.69444516589067
01-25 02:00:00,149.49954366171437
01-25 03:00:00,82.06513446700491
01-25 04:00:00,55.285937100280094
01-25 05:00:00,42.92615547848009
01-25 06:00:00,46.2079029263794
01-25 07:00:00,122.48684985802687
01-25 08:00:00,236.48152587241398
01-25 09:00:00,273.2903740535265
01-25 10:00:00,268.8747957918016
01-25 11:00:00,248.5948516702489
01-25 12:00:00,298.4016785060464
01-25 13:00:00,287.1515157618599
01-25 14:00:00,290.2516138620122
01-25 15:00:00,246.97067337381776
01-25 16:00:00,273.60807146686335
01-25 17:00:00,268.03243971920034
01-25 18:00:00,420.3853808254962
01-25 19:00:00,601.3015751500934
01-25 20:00:00,626.6953515860686
01-25 21:00:00,593.0228871684376
01-25 22:00:00,483.83888159204065
01-25 23:00:00,410.28150292154265
01-26 00:00:00,331.44324689593503
01-26 01:00:00,227.56805775717976
01-26 02:00:00,164.5024424444547
01-26 03:00:00,113.51037784353113
01-26 04:00:00,75.64311818493753
01-26 05:00:00,53.23088806716647
01-26 06:00:00,53.93783746881392
01-26 07:00:00,125.11352968665165
01-26 08:00:00,206.7499289650938
01-26 09:00:00,233.85828307806582
01-26 10:00:00,242.9968609722534
01-26 11:00:00,242.83300472968682
01-26 12:00:00,243.58914714192989
01-26 13:00:00,265.4856716834295
01-26 14:00:00,259.50181399166405
01-26 15:00:00,312.500055050905
01-26 16:00:00,313.4882969920608
01-26 17:00:00,342.50451419009926
01-26 18:00:00,465.56671152721987
01-26 19:00:00,595.1951370218491
01-26 20:00:00,649.3681488169059
01-26 21:00:00,556.1748270960703
01-26 22:00:00,455.2006262270115
01-26 23:00:00,364.511184927949
01-27 00:00:00,292.24497442404936
01-27 01:00:00,220.25315171865705
01-27 02:00:00,172.23848221615967
01-27 03:00:00,135.35168283663828
01-27 04:00:00,81.53654757904546
01-27 05:00:00,52.93616629514382
01-27 06:00:00,40.040504330045046
01-27 07:00:00,43.30528046683057
01-27 08:00:00,95.56397375435124
01-27 09:00:00,154.63249033537082
01-27 10:00:00,217.8302298045891
01-27 11:00:00,356.7249661097303
01-27 12:00:00,420.4064591837259
01-27 13:00:00,326.2837651059835
01-27 14:00:00,309.3122620891511
01-27 15:00:00,327.1419210687892
01-27 16:00:00,370.64998533346306
01-27 17:00:00,372.1982696368229
01-27 18:00:00,460.7692518927902
01-27 19:00:00,413.9087458457095
01-27 20:00:00,414.31598501319155
01-27 21:00:00,300.80387790660643
01-27 22:00:00,236.0693448053482
01-27 23:00:00,219.49662412116896
01-28 00:00:00,206.50235716450598
01-28 01:00:00,170.47881485386188
01-28 02:00:00,134.9481276076649
01-28 03:00:00,110.22011799197338
01-28 04:00:00,64.87430460972884
01-28 05:00:00,52.75485685220404
01-28 06:00:00,46.08524520509104
01-28 07:00:00,45.18303215546152
01-28 08:00:00,48.90704827825574
01-28 09:00:00,95.19994749768418
01-28 10:00:00,111.92610682081019
01-28 11:00:00,223.7639128192421
01-28 12:00:00,185.7059100773806
01-28 13:00:00,237.44747563550635
01-28 14:00:00,204.42218811003372
01-28 15:00:00,223.71777871586502
01-28 16:00:00,254.29788701670947
01-28 17:00:00,298.8159825360652
01-28 18:00:00,417.4112022099638
01-28 19:00:00,450.4816483154357
01-28 20:00:00,406.3415185999963
01-28 21:00:00,353.29364293577737
01-28 22:00:00,322.2119041981381
01-28 23:00:00,293.8356260057482
01-29 00:00:00,223.45316737542717
01-29 01:00:00,138.37580802809694
01-29 02:00:00,109.86053501521107
01-29 03:00:00,85.5920741262717
01-29 04:00:00,64.99398825841132
01-29 05:00:00,50.0618903109684
01-29 06:00:00,60.537035588303745
01-29 07:00:00,167.91840700531478
01-29 08:00:00,287.0999996209841
01-29 09:00:00,295.15491607562717
01-29 10:00:00,298.05877270764466
01-29 11:00:00,273.64999026697905
01-29 12:00:00,229.70629318073125
01-29 13:00:00,235.33215547322482
01-29 14:00:00,308.9413833055649
01-29 15:00:00,302.694320978187
01-29 16:00:00,269.42510949081367
01-29 17:00:00,281.10094661806363
01-29 18:00:00,396.3147313367148
01-29 19:00:00,583.0536981526582
01-29 20:00:00,617.04737765746
01-29 21:00:00,582.4738934018287
01-29 22:00:00,465.953217369765
01-29 23:00:00,392.1259296643266
01-30 00:00:00,315.1033267746466
01-30 01:00:00,204.10755022007464
01-30 02:00:00,139.6631782055935
01-30 03:00:00,88.70323860013735
01-30 04:00:00,63.05465045424098
01-30 05:00:00,41.29632943727237
01-30 06:00:00,51.202860234663014
01-30 07:00:00,130.29380999279925
01-30 08:00:00,234.08467527266257
01-30 09:00:00,252.1520696565881
01-30 10:00:00,318.9732974116077
01-30 11:00:00,250.15799821399463
01-30 12:00:00,288.146387114309
01-30 13:00:00,298.5926651387986
01-30 14:00:00,336.5605477075867
01-30 15:00:00,267.9459657041984
01-30 16:00:00,272.2861467873722
01-30 17:00:00,298.21675693223045
01-30 18:00:00,454.8385602475189
01-30 19:00:00,616.9967397197881
01-30 20:00:00,634.6075454577365
01-30 21:00:00,599.6890944018049
01-30 22:00:00,479.9808959264797
01-30 23:00:00,395.3703641532507
01-31 00:00:00,292.62758658813175
01-31 01:00:00,197.85131077903034
01-31 02:00:00,148.00918391732736
01-31 03:00:00,94.93040215615744
01-31 04:00:00,82.86729759799402
01-31 05:00:00,74.57636604564982
01-31 06:00:00,71.75379255219228
01-31 07:00:00,155.36284722574223
01-31 08:00:00,266.60301087823143
01-31 09:00:00,320.3509930894112
01-31 10:00:00,317.28914048794917
01-31 11:00:00,254.56410651142133
01-31 12:00:00,243.23343233108912
01-31 13:00:00,267.4865233038904
01-31 14:00:00,297.5223508357443
01-31 15:00:00,294.09325117512304
01-31 16:00:00,292.95292654223135
01-31 17:00:00,300.0314685719755
01-31 18:00:00,435.7001444332247
01-31 19:00:00,577.6151983182931
01-31 20:00:00,592.4704265251384
01-31 21:00:00,543.3967098767866
01-31 22:00:00,482.03256623273467
01-31 23:00:00,390.1884755184834
02-01 00:00:00,294.2085853847838
02-01 01:00:00,206.69444516589067
02-01 02:00:00,149.49954366171437
02-01 03:00:00,82.06513446700491
02-01 04:00:00,55.285937100280094
02-01 05:00:00,42.92615547848009
02-01 06:00:00,46.2079029263794
02-01 07:00:00,122.48684985802687
02-01 08:00:00,236.48152587241398
02-01 09:00:00,273.2903740535265
02-01 10:00:00,268.8747957918016
02-01 11:00:00,248.5948516702489
02-01 12:00:00,298.4016785060464
02-01 13:00:00,287.1515157618599
02-01 14:00:00,290.2516138620122
02-01 15:00:00,246.97067337381776
02-01 16:00:00,273.60807146686335
02-01 17:00:00,268.03243971920034
02-01 18:00:00,420.3853808254962
02-01 19:00:00,601.3015751500934
02-01 20:00:00,626.6953515860686
02-01 21:00:00,593.0228871684376
02-01 22:00:00,483.83888159204065
02-01 23:00:00,410.28150292154265
02-02 00:00:00,331.44324689593503
02-02 01:00:00,227.56805775717976
02-02 02:00:00,164.5024424444547
02-02 03:00:00,113.51037784353113
02-02 04:00:00,75.64311818493753
02-02 05:00:00,53.23088806716647
02-02 06:00:00,53.93783746881392
02-02 07:00:00,125.11352968665165
02-02 08:00:00,206.7499289650938
02-02 09:00:00,233.85828307806582
02-02 10:00:00,242.9968609722534
02-02 11:00:00,242.83300472968682
02-02 12:00:00,243.58914714192989
02-02 13:00:00,265.4856716834295
02-02 14:00:00,259.50181399166405
02-02 15:00:00,312.500055050905
02-02 16:00:00,313.4882969920608
02-02 17:00:00,342.50451419009926
02-02 18:00:00,465.56671152721987
02-02 19:00:00,595.1951370218491
02-02 20:00:00,649.3681488169059
02-02 21:00:00,556.1748270960703
02-02 22:00:00,455.2006262270115
02-02 23:00:00,364.511184927949
02-03 00:00:00,292.24497442404936
02-03 01:00:00,220.25315171865705
02-03 02:00:00,172.23848221615967
02-03 03:00:00,135.35168283663828
02-03 04:00:00,81.53654757904546
02-03 05:00:00,52.93616629514382
02-03 06:00:00,40.040504330045046
02-03 07:00:00,43.30528046683057
02-03 08:00:00,95.56397375435124
02-03 09:00:00,154.63249033537082
02-03 10:00:00,217.8302298045891
02-03 11:00:00,356.7249661097303
02-03 12:00:00,420.4064591837259
02-03 13:00:00,326.2837651059835
02-03 14:00:00,309.3122620891511
02-03 15:00:00,327.1419210687892
02-03 16:00:00,370.64998533346306
02-03 17:00:00,372.1982696368229
02-03 18:00:00,460.7692518927902
02-03 19:00:00,413.9087458457095
02-03 20:00:00,414.31598501319155
02-03 21:00:00,300.80387790660643
02-03 22:00:00,236.0693448053482
02-03 23:00:00,219.49662412116896
02-04 00:00:00,206.50235716450598
02-04 01:00:00,170.47881485386188
02-04 02:00:00,134.9481276076649
02-04 03:00:00,110.22011799197338
02-04 04:00:00,64.87430460972884
02-04 05:00:00,52.75485685220404
02-04 06:00:00,46.08524520509104
02-04 07:00:00,45.18303215546152
02-04 08:00:00,48.90704827825574
02-04 09:00:00,95.19994749768418
02-04 10:00:00,111.92610682081019
02-04 11:00:00,223.7639128192421
02-04 12:00:00,185.7059100773806
02-04 13:00:00,237.44747563550635
02-04 14:00:00,204.42218811003372
02-04 15:00:00,223.71777871586502
02-04 16:00:00,254.29788701670947
02-04 17:00:00,298.8159825360652
02-04 18:00:00,417.4112022099638
02-04 19:00:00,450.4816483154357
02-04 20:00:00,406.3415185999963
02-04 21:00:00,353.29364293577737
02-04 22:00:00,322.2119041981381
02-04 23:00:00,293.8356260057482
02-05 00:00:00,223.45316737542717
02-05 01:00:00,138.37580802809694
02-05 02:00:00,109.86053501521107
02-05 03:00:00,85.5920741262717
02-05 04:00:00,64.99398825841132
02-05 05:00:00,50.0618903109684
02-05 06:00:00,60.537035588303745
02-05 07:00:00,167.91840700531478
02-05 08:00:00,287.0999996209841
02-05 09:00:00,295.15491607562717
02-05 10:00:00,298.05877270764466
02-05 11:00:00,273.64999026697905
02-05 12:00:00,229.70629318073125
02-05 13:00:00,235.33215547322482
02-05 14:00:00,308.9413833055649
02-05 15:00:00,302.694320978187
02-05 16:00:00,269.42510949081367
02-05 17:00:00,281.10094661806363
02-05 18:00:00,396.3147313367148
02-05 19:00:00,583.0536981526582
02-05 20:00:00,617.04737765746
02-05 21:00:00,582.4738934018287
02-05 22:00:00,465.953217369765
02-05 23:00:00,392.1259296643266
02-06 00:00:00,315.1033267746466
02-06 01:00:00,204.10755022007464
02-06 02:00:00,139.6631782055935
02-06 03:00:00,88.70323860013735
02-06 04:00:00,63.05465045424098
02-06 05:00:00,41.29632943727237
02-06 06:00:00,51.202860234663014
02-06 07:00:00,130.29380999279925
02-06 08:00:00,234.08467527266257
02-06 09:00:00,252.1520696565881
02-06 10:00:00,318.9732974116077
02-06 11:00:00,250.15799821399463
02-06 12:00:00,288.146387114309
02-06 13:00:00,298.5926651387986
02-06 14:00:00,336.5605477075867
02-06 15:00:00,267.9459657041984
02-06 16:00:00,272.2861467873722
02-06 17:00:00,298.21675693223045
02-06 18:00:00,454.8385602475189
02-06 19:00:00,616.9967397197881
02-06 20:00:00,634.6075454577365
02-06 21:00:00,599.6890944018049
02-06 22:00:00,479.9808959264797
02-06 23:00:00,395.3703641532507
02-07 00:00:00,292.62758658813175
02-07 01:00:00,197.85131077903034
02-07 02:00:00,148.00918391732736
02-07 03:00:00,94.93040215615744
02-07 04:00:00,82.86729759799402
02-07 05:00:00,74.57636604564982
02-07 06:00:00,71.75379255219228
02-07 07:00:00,155.36284722574223
02-07 08:00:00,266.60301087823143
02-07 09:00:00,320.3509930894112
02-07 10:00:00,317.28914048794917
02-07 11:00:00,254.56410651142133
02-07 12:00:00,243.23343233108912
02-07 13:00:00,267.4865233038904
02-07 14:00:00,297.5223508357443
02-07 15:00:00,294.09325117512304
02-07 16:00:00,292.95292654223135
02-07 17:00:00,300.0314685719755
02-07 18:00:00,435.7001444332247
02-07 19:00:00,577.6151983182931
02-07 20:00:00,592.4704265251384
02-07 21:00:00,543.3967098767866
02-07 22:00:00,482.03256623273467
02-07 23:00:00,390.1884755184834
02-08 00:00:00,294.2085853847838
02-08 01:00:00,206.69444516589067
02-08 02:00:00,149.49954366171437
02-08 03:00:00,82.06513446700491
02-08 04:00:00,55.285937100280094
02-08 05:00:00,42.92615547848009
02-08 06:00:00,46.2079029263794
02-08 07:00:00,122.48684985802687
02-08 08:00:00,236.48152587241398
02-08 09:00:00,273.2903740535265
02-08 10:00:00,268.8747957918016
02-08 11:00:00,248.5948516702489
02-08 12:00:00,298.4016785060464
02-08 13:00:00,287.1515157618599
02-08 14:00:00,290.2516138620122
02-08 15:00:00,246.97067337381776
02-08 16:00:00,273.60807146686335
02-08 17:00:00,268.03243971920034
02-08 18:00:00,420.3853808254962
02-08 19:00:00,601.3015751500934
02-08 20:00:00,626.6953515860686
02-08 21:00:00,593.0228871684376
02-08 22:00:00,483.83888159204065
02-08 23:00:00,410.28150292154265
02-09 00:00:00,331.44324689593503
02-09 01:00:00,227.56805775717976
02-09 02:00:00,164.5024424444547
02-09 03:00:00,113.51037784353113
02-09 04:00:00,75.64311818493753
02-09 05:00:00,53.23088806716647
02-09 06:00:00,53.93783746881392
02-09 07:00:00,125.11352968665165
02-09 08:00:00,206.7499289650938
02-09 09:00:00,233.85828307806582
02-09 10:00:00,242.9968609722534
02-09 11:00:00,242.83300472968682
02-09 12:00:00,243.58914714192989
02-09 13:00:00,265.4856716834295
02-09 14:00:00,259.50181399166405
02-09 15:00:00,312.500055050905
02-09 16:00:00,313.4882969920608
02-09 17:00:00,342.50451419009926
02-09 18:00:00,465.56671152721987
02-09 19:00:00,595.1951370218491
02-09 20:00:00,649.3681488169059
02-09 21:00:00,556.1748270960703
02-09 22:00:00,455.2006262270115
02-09 23:00:00,364.511184927949
02-10 00:00:00,292.24497442404936
02-10 01:00:00,220.25315171865705
02-10 02:00:00,172.23848221615967
02-10 03:00:00,135.35168283663828
02-10 04:00:00,81.53654757904546
02-10 05:00:00,52.93616629514382
02-10 06:00:00,40.040504330045046
02-10 07:00:00,43.30528046683057
02-10 08:00:00,95.56397375435124
02-10 09:00:00,154.63249033537082
02-10 10:00:00,217.8302298045891
02-10 11:00:00,356.7249661097303
02-10 12:00:00,420.4064591837259
02-10 13:00:00,326.2837651059835
02-10 14:00:00,309.3122620891511
02-10 15:00:00,327.1419210687892
02-10 16:00:00,370.64998533346306
02-10 17:00:00,372.1982696368229
02-10 18:00:00,460.7692518927902
02-10 19:00:00,413.9087458457095
02-10 20:00:00,414.31598501319155
02-10 21:00:00,300.80387790660643
02-10 22:00:00,236.0693448053482
02-10 23:00:00,219.49662412116896
02-11 00:00:00,206.50235716450598
02-11 01:00:00,170.47881485386188
02-11 02:00:00,134.9481276076649
02-11 03:00:00,110.22011799197338
02-11 04:00:00,64.87430460972884
02-11 05:00:00,52.75485685220404
02-11 06:00:00,46.08524520509104
02-11 07:00:00,45.18303215546152
02-11 08:00:00,48.90704827825574
02-11 09:00:00,95.19994749768418
02-11 10:00:00,111.92610682081019
02-11 11:00:00,223.7639128192421
02-11 12:00:00,185.7059100773806
02-11 13:00:00,237.44747563550635
02-11 14:00:00,204.42218811003372
02-11 15:00:00,223.71777871586502
02-11 16:00:00,254.29788701670947
02-11 17:00:00,298.8159825360652
02-11 18:00:00,417.4112022099638
02-11 19:00:00,450.4816483154357
02-11 20:00:00,406.3415185999963
02-11 21:00:00,353.29364293577737
02-11 22:00:00,322.2119041981381
02-11 23:00:00,293.8356260057482
02-12 00:00:00,223.45316737542717
02-12 01:00:00,138.37580802809694
02-12 02:00:00,109.86053501521107
02-12 03:00:00,85.5920741262717
02-12 04:00:00,64.99398825841132
02-12 05:00:00,50.0618903109684
02-12 06:00:00,60.537035588303745
02-12 07:00:00,167.91840700531478
02-12 08:00:00,287.0999996209841
02-12 09:00:00,295.15491607562717
02-12 10:00:00,298.05877270764466
02-12 11:00:00,273.64999026697905
02-12 12:00:00,229.70629318073125
02-12 13:00:00,235.33215547322482
02-12 14:00:00,308.9413833055649
02-12 15:00:00,302.694320978187
02-12 16:00:00,269.42510949081367
02-12 17:00:00,281.10094661806363
02-12 18:00:00,396.3147313367148
02-12 19:00:00,583.0536981526582
02-12 20:00:00,617.04737765746
02-12 21:00:00,582.4738934018287
02-12 22:00:00,465.953217369765
02-12 23:00:00,392.1259296643266
02-13 00:00:00,315.1033267746466
02-13 01:00:00,204.10755022007464
02-13 02:00:00,139.6631782055935
02-13 03:00:00,88.70323860013735
02-13 04:00:00,63.05465045424098
02-13 05:00:00,41.29632943727237
02-13 06:00:00,51.202860234663014
02-13 07:00:00,130.29380999279925
02-13 08:00:00,234.08467527266257
02-13 09:00:00,252.1520696565881
02-13 10:00:00,318.9732974116077
02-13 11:00:00,250.15799821399463
02-13 12:00:00,288.146387114309
02-13 13:00:00,298.5926651387986
02-13 14:00:00,336.5605477075867
02-13 15:00:00,267.9459657041984
02-13 16:00:00,272.2861467873722
02-13 17:00:00,298.21675693223045
02-13 18:00:00,454.8385602475189
02-13 19:00:00,616.9967397197881
02-13 20:00:00,634.6075454577365
02-13 21:00:00,599.6890944018049
02-13 22:00:00,479.9808959264797
02-13 23:00:00,395.3703641532507
02-14 00:00:00,292.62758658813175
02-14 01:00:00,197.85131077903034
02-14 02:00:00,148.00918391732736
02-14 03:00:00,94.93040215615744
02-14 04:00:00,82.86729759799402
02-14 05:00:00,74.57636604564982
02-14 06:00:00,71.75379255219228
02-14 07:00:00,155.36284722574223
02-14 08:00:00,266.60301087823143
02-14 09:00:00,320.3509930894112
02-14 10:00:00,317.28914048794917
02-14 11:00:00,254.56410651142133
02-14 12:00:00,243.23343233108912
02-14 13:00:00,267.4865233038904
02-14 14:00:00,297.5223508357443
02-14 15:00:00,294.09325117512304
02-14 16:00:00,292.95292654223135
02-14 17:00:00,300.0314685719755
02-14 18:00:00,435.7001444332247
02-14 19:00:00,577.6151983182931
02-14 20:00:00,592.4704265251384
02-14 21:00:00,543.3967098767866
02-14 22:00:00,482.03256623273467
02-14 23:00:00,390.1884755184834
02-15 00:00:00,294.2085853847838
02-15 01:00:00,206.69444516589067
02-15 02:00:00,149.49954366171437
02-15 03:00:00,82.06513446700491
02-15 04:00:00,55.285937100280094
02-15 05:00:00,42.92615547848009
02-15 06:00:00,46.2079029263794
02-15 07:00:00,122.48684985802687
02-15 08:00:00,236.48152587241398
02-15 09:00:00,273.2903740535265
02-15 10:00:00,268.8747957918016
02-15 11:00:00,248.5948516702489
02-15 12:00:00,298.4016785060464
02-15 13:00:00,287.1515157618599
02-15 14:00:00,290.2516138620122
02-15 15:00:00,246.97067337381776
02-15 16:00:00,273.60807146686335
02-15 17:00:00,268.03243971920034
02-15 18:00:00,420.3853808254962
02-15 19:00:00,601.3015751500934
02-15 20:00:00,626.6953515860686
02-15 21:00:00,593.0228871684376
02-15 22:00:00,483.83888159204065
02-15 23:00:00,410.28150292154265
02-16 00:00:00,331.44324689593503
02-16 01:00:00,227.56805775717976
02-16 02:00:00,164.5024424444547
02-16 03:00:00,113.51037784353113
02-16 04:00:00,75.64311818493753
02-16 05:00:00,53.23088806716647
02-16 06:00:00,53.93783746881392
02-16 07:00:00,125.11352968665165
02-16 08:00:00,206.7499289650938
02-16 09:00:00,233.85828307806582
02-16 10:00:00,242.9968609722534
02-16 11:00:00,242.83300472968682
02-16 12:00:00,243.58914714192989
02-16 13:00:00,265.4856716834295
02-16 14:00:00,259.50181399166405
02-16 15:00:00,312.500055050905
02-16 16:00:00,313.4882969920608
02-16 17:00:00,342.50451419009926
02-16 18:00:00,465.56671152721987
02-16 19:00:00,595.1951370218491
02-16 20:00:00,649.3681488169059
02-16 21:00:00,556.1748270960703
02-16 22:00:00,455.2006262270115
02-16 23:00:00,364.511184927949
02-17 00:00:00,292.24497442404936
02-17 01:00:00,220.25315171865705
02-17 02:00:00,172.23848221615967
02-17 03:00:00,135.35168283663828
02-17 04:00:00,81.53654757904546
02-17 05:00:00,52.93616629514382
02-17 06:00:00,40.040504330045046
02-17 07:00:00,43.30528046683057
02-17 08:00:00,95.56397375435124
02-17 09:00:00,154.63249033537082
02-17 10:00:00,217.8302298045891
02-17 11:00:00,356.7249661097303
02-17 12:00:00,420.4064591837259
02-17 13:00:00,326.2837651059835
02-17 14:00:00,309.3122620891511
02-17 15:00:00,327.1419210687892
02-17 16:00:00,370.64998533346306
02-17 17:00:00,372.1982696368229
02-17 18:00:00,460.7692518927902
02-17 19:00:00,413.9087458457095
02-17 20:00:00,414.31598501319155
02-17 21:00:00,300.80387790660643
02-17 22:00:00,236.0693448053482
02-17 23:00:00,219.49662412116896
02-18 00:00:00,206.50235716450598
02-18 01:00:00,170.47881485386188
02-18 02:00:00,134.9481276076649
02-18 03:00:00,110.22011799197338
02-18 04:00:00,64.87430460972884
02-18 05:00:00,52.75485685220404
02-18 06:00:00,46.08524520509104
02-18 07:00:00,45.18303215546152
02-18 08:00:00,48.90704827825574
02-18 09:00:00,95.19994749768418
02-18 10:00:00,111.92610682081019
02-18 11:00:00,223.7639128192421
02-18 12:00:00,185.7059100773806
02-18 13:00:00,237.44747563550635
02-18 14:00:00,204.42218811003372
02-18 15:00:00,223.71777871586502
02-18 16:00:00,254.29788701670947
02-18 17:00:00,298.8159825360652
02-18 18:00:00,417.4112022099638
02-18 19:00:00,450.4816483154357
02-18 20:00:00,406.3415185999963
02-18 21:00:00,353.29364293577737
02-18 22:00:00,322.2119041981381
02-18 23:00:00,293.8356260057482
02-19 00:00:00,223.45316737542717
02-19 01:00:00,138.37580802809694
02-19 02:00:00,109.86053501521107
02-19 03:00:00,85.5920741262717
02-19 04:00:00,64.99398825841132
02-19 05:00:00,50.0618903109684
02-19 06:00:00,60.537035588303745
02-19 07:00:00,167.91840700531478
02-19 08:00:00,287.0999996209841
02-19 09:00:00,295.15491607562717
02-19 10:00:00,298.05877270764466
02-19 11:00:00,273.64999026697905
02-19 12:00:00,229.70629318073125
02-19 13:00:00,235.33215547322482
02-19 14:00:00,308.9413833055649
02-19 15:00:00,302.694320978187
02-19 16:00:00,269.42510949081367
02-19 17:00:00,281.10094661806363
02-19 18:00:00,396.3147313367148
02-19 19:00:00,583.0536981526582
02-19 20:00:00,617.04737765746
02-19 21:00:00,582.4738934018287
02-19 22:00:00,465.953217369765
02-19 23:00:00,392.1259296643266
02-20 00:00:00,315.1033267746466
02-20 01:00:00,204.10755022007464
02-20 02:00:00,139.6631782055935
02-20 03:00:00,88.70323860013735
02-20 04:00:00,63.05465045424098
02-20 05:00:00,41.29632943727237
02-20 06:00:00,51.202860234663014
02-20 07:00:00,130.29380999279925
02-20 08:00:00,234.08467527266257
02-20 09:00:00,252.1520696565881
02-20 10:00:00,318.9732974116077
02-20 11:00:00,250.15799821399463
02-20 12:00:00,288.146387114309
02-20 13:00:00,298.5926651387986
02-20 14:00:00,336.5605477075867
02-20 15:00:00,267.9459657041984
02-20 16:00:00,272.2861467873722
02-20 17:00:00,298.21675693223045
02-20 18:00:00,454.8385602475189
02-20 19:00:00,616.9967397197881
02-20 20:00:00,634.6075454577365
02-20 21:00:00,599.6890944018049
02-20 22:00:00,479.9808959264797
02-20 23:00:00,395.3703641532507
02-21 00:00:00,292.62758658813175
02-21 01:00:00,197.85131077903034
02-21 02:00:00,148.00918391732736
02-21 03:00:00,94.93040215615744
02-21 04:00:00,82.86729759799402
02-21 05:00:00,74.57636604564982
02-21 06:00:00,71.75379255219228
02-21 07:00:00,155.36284722574223
02-21 08:00:00,266.60301087823143
02-21 09:00:00,320.3509930894112
02-21 10:00:00,317.28914048794917
02-21 11:00:00,254.56410651142133
02-21 12:00:00,243.23343233108912
02-21 13:00:00,267.4865233038904
02-21 14:00:00,297.5223508357443
02-21 15:00:00,294.09325117512304
02-21 16:00:00,292.95292654223135
02-21 17:00:00,300.0314685719755
02-21 18:00:00,435.7001444332247
02-21 19:00:00,577.6151983182931
02-21 20:00:00,592.4704265251384
02-21 21:00:00,543.3967098767866
02-21 22:00:00,482.03256623273467
02-21 23:00:00,390.1884755184834
02-22 00:00:00,294.2085853847838
02-22 01:00:00,206.69444516589067
02-22 02:00:00,149.49954366171437
02-22 03:00:00,82.06513446700491
02-22 04:00:00,55.285937100280094
02-22 05:00:00,42.92615547848009
02-22 06:00:00,46.2079029263794
02-22 07:00:00,122.48684985802687
02-22 08:00:00,236.48152587241398
02-22 09:00:00,273.2903740535265
02-22 10:00:00,268.8747957918016
02-22 11:00:00,248.5948516702489
02-22 12:00:00,298.4016785060464
02-22 13:00:00,287.1515157618599
02-22 14:00:00,290.2516138620122
02-22 15:00:00,246.97067337381776
02-22 16:00:00,273.60807146686335
02-22 17:00:00,268.03243971920034
02-22 18:00:00,420.3853808254962
02-22 19:00:00,601.3015751500934
02-22 20:00:00,626.6953515860686
02-22 21:00:00,593.0228871684376
02-22 22:00:00,483.83888159204065
02-22 23:00:00,410.28150292154265
02-23 00:00:00,331.44324689593503
02-23 01:00:00,227.56805775717976
02-23 02:00:00,164.5024424444547
02-23 03:00:00,113.51037784353113
02-23 04:00:00,75.64311818493753
02-23 05:00:00,53.23088806716647
02-23 06:00:00,53.93783746881392
02-23 07:00:00,125.11352968665165
02-23 08:00:00,206.7499289650938
02-23 09:00:00,233.85828307806582
02-23 10:00:00,242.9968609722534
02-23 11:00:00,242.83300472968682
02-23 12:00:00,243.58914714192989
02-23 13:00:00,265.4856716834295
02-23 14:00:00,259.50181399166405
02-23 15:00:00,312.500055050905
02-23 16:00:00,313.4882969920608
02-23 17:00:00,342.50451419009926
02-23 18:00:00,465.56671152721987
02-23 19:00:00,595.1951370218491
02-23 20:00:00,649.3681488169059
02-23 21:00:00,556.1748270960703
02-23 22:00:00,455.2006262270115
02-23 23:00:00,364.511184927949
02-24 00:00:00,292.24497442404936
02-24 01:00:00,220.25315171865705
02-24 02:00:00,172.23848221615967
02-24 03:00:00,135.35168283663828
02-24 04:00:00,81.53654757904546
02-24 05:00:00,52.93616629514382
02-24 06:00:00,40.040504330045046
02-24 07:00:00,43.30528046683057
02-24 08:00:00,95.56397375435124
02-24 09:00:00,154.63249033537082
02-24 10:00:00,217.8302298045891
02-24 11:00:00,356.7249661097303
02-24 12:00:00,420.4064591837259
02-24 13:00:00,326.2837651059835
02-24 14:00:00,309.3122620891511
02-24 15:00:00,327.1419210687892
02-24 16:00:00,370.64998533346306
02-24 17:00:00,372.1982696368229
02-24 18:00:00,460.7692518927902
02-24 19:00:00,413.9087458457095
02-24 20:00:00,414.31598501319155
02-24 21:00:00,300.80387790660643
02-24 22:00:00,236.0693448053482
02-24 23:00:00,219.49662412116896
02-25 00:00:00,206.50235716450598
02-25 01:00:00,170.47881485386188
02-25 02:00:00,134.9481276076649
02-25 03:00:00,110.22011799197338
02-25 04:00:00,64.87430460972884
02-25 05:00:00,52.75485685220404
02-25 06:00:00,46.08524520509104
02-25 07:00:00,45.18303215546152
02-25 08:00:00,48.90704827825574
02-25 09:00:00,95.19994749768418
02-25 10:00:00,111.92610682081019
02-25 11:00:00,223.7639128192421
02-25 12:00:00,185.7059100773806
02-25 13:00:00,237.44747563550635
02-25 14:00:00,204.42218811003372
02-25 15:00:00,223.71777871586502
02-25 16:00:00,254.29788701670947
02-25 17:00:00,298.8159825360652
02-25 18:00:00,417.4112022099638
02-25 19:00:00,450.4816483154357
02-25 20:00:00,406.3415185999963
02-25 21:00:00,353.29364293577737
02-25 22:00:00,322.2119041981381
02-25 23:00:00,293.8356260057482
02-26 00:00:00,223.45316737542717
02-26 01:00:00,138.37580802809694
02-26 02:00:00,109.86053501521107
02-26 03:00:00,85.5920741262717
02-26 04:00:00,64.99398825841132
02-26 05:00:00,50.0618903109684
02-26 06:00:00,60.537035588303745
02-26 07:00:00,167.91840700531478
02-26 08:00:00,287.0999996209841
02-26 09:00:00,295.15491607562717
02-26 10:00:00,298.05877270764466
02-26 11:00:00,273.64999026697905
02-26 12:00:00,229.70629318073125
02-26 13:00:00,235.33215547322482
02-26 14:00:00,308.9413833055649
02-26 15:00:00,302.694320978187
02-26 16:00:00,269.42510949081367
02-26 17:00:00,281.10094661806363
02-26 18:00:00,396.3147313367148
02-26 19:00:00,583.0536981526582
02-26 20:00:00,617.04737765746
02-26 21:00:00,582.4738934018287
02-26 22:00:00,465.953217369765
02-26 23:00:00,392.1259296643266
02-27 00:00:00,315.1033267746466
02-27 01:00:00,204.10755022007464
02-27 02:00:00,139.6631782055935
02-27 03:00:00,88.70323860013735
02-27 04:00:00,63.05465045424098
02-27 05:00:00,41.29632943727237
02-27 06:00:00,51.202860234663014
02-27 07:00:00,130.29380999279925
02-27 08:00:00,234.08467527266257
02-27 09:00:00,252.1520696565881
02-27 10:00:00,318.9732974116077
02-27 11:00:00,250.15799821399463
02-27 12:00:00,288.146387114309
02-27 13:00:00,298.5926651387986
02-27 14:00:00,336.5605477075867
02-27 15:00:00,267.9459657041984
02-27 16:00:00,272.2861467873722
02-27 17:00:00,298.21675693223045
02-27 18:00:00,454.8385602475189
02-27 19:00:00,616.9967397197881
02-27 20:00:00,634.6075454577365
02-27 21:00:00,599.6890944018049
02-27 22:00:00,479.9808959264797
02-27 23:00:00,395.3703641532507
02-28 00:00:00,292.62758658813175
02-28 01:00:00,197.85131077903034
02-28 02:00:00,148.00918391732736
02-28 03:00:00,94.93040215615744
02-28 04:00:00,82.86729759799402
02-28 05:00:00,74.57636604564982
02-28 06:00:00,71.75379255219228
02-28 07:00:00,155.36284722574223
02-28 08:00:00,266.60301087823143
02-28 09:00:00,320.3509930894112
02-28 10:00:00,317.28914048794917
02-28 11:00:00,254.56410651142133
02-28 12:00:00,243.23343233108912
02-28 13:00:00,267.4865233038904
02-28 14:00:00,297.5223508357443
02-28 15:00:00,294.09325117512304
02-28 16:00:00,292.95292654223135
02-28 17:00:00,300.0314685719755
02-28 18:00:00,435.7001444332247
02-28 19:00:00,577.6151983182931
02-28 20:00:00,592.4704265251384
02-28 21:00:00,543.3967098767866
02-28 22:00:00,482.03256623273467
02-28 23:00:00,390.1884755184834
03-01 00:00:00,294.2085853847838
03-01 01:00:00,206.69444516589067
03-01 02:00:00,149.49954366171437
03-01 03:00:00,82.06513446700491
03-01 04:00:00,55.285937100280094
03-01 05:00:00,42.92615547848009
03-01 06:00:00,46.2079029263794
03-01 07:00:00,122.48684985802687
03-01 08:00:00,236.48152587241398
03-01 09:00:00,273.2903740535265
03-01 10:00:00,268.8747957918016
03-01 11:00:00,248.5948516702489
03-01 12:00:00,298.4016785060464
03-01 13:00:00,287.1515157618599
03-01 14:00:00,290.2516138620122
03-01 15:00:00,246.97067337381776
03-01 16:00:00,273.60807146686335
03-01 17:00:00,268.03243971920034
03-01 18:00:00,420.3853808254962
03-01 19:00:00,601.3015751500934
03-01 20:00:00,626.6953515860686
03-01 21:00:00,593.0228871684376
03-01 22:00:00,483.83888159204065
03-01 23:00:00,410.28150292154265
03-02 00:00:00,331.44324689593503
03-02 01:00:00,227.56805775717976
03-02 02:00:00,164.5024424444547
03-02 03:00:00,113.51037784353113
03-02 04:00:00,75.64311818493753
03-02 05:00:00,53.23088806716647
03-02 06:00:00,53.93783746881392
03-02 07:00:00,125.11352968665165
03-02 08:00:00,206.7499289650938
03-02 09:00:00,233.85828307806582
03-02 10:00:00,242.9968609722534
03-02 11:00:00,242.83300472968682
03-02 12:00:00,243.58914714192989
03-02 13:00:00,265.4856716834295
03-02 14:00:00,259.50181399166405
03-02 15:00:00,312.500055050905
03-02 16:00:00,313.4882969920608
03-02 17:00:00,342.50451419009926
03-02 18:00:00,465.56671152721987
03-02 19:00:00,595.1951370218491
03-02 20:00:00,649.3681488169059
03-02 21:00:00,556.1748270960703
03-02 22:00:00,455.2006262270115
03-02 23:00:00,364.511184927949
03-03 00:00:00,292.24497442404936
03-03 01:00:00,220.25315171865705
03-03 02:00:00,172.23848221615967
03-03 03:00:00,135.35168283663828
03-03 04:00:00,81.53654757904546
03-03 05:00:00,52.93616629514382
03-03 06:00:00,40.040504330045046
03-03 07:00:00,43.30528046683057
03-03 08:00:00,95.56397375435124
03-03 09:00:00,154.63249033537082
03-03 10:00:00,217.8302298045891
03-03 11:00:00,356.7249661097303
03-03 12:00:00,420.4064591837259
03-03 13:00:00,326.2837651059835
03-03 14:00:00,309.3122620891511
03-03 15:00:00,327.1419210687892
03-03 16:00:00,370.64998533346306
03-03 17:00:00,372.1982696368229
03-03 18:00:00,460.7692518927902
03-03 19:00:00,413.9087458457095
03-03 20:00:00,414.31598501319155
03-03 21:00:00,300.80387790660643
03-03 22:00:00,236.0693448053482
03-03 23:00:00,219.49662412116896
03-04 00:00:00,206.50235716450598
03-04 01:00:00,170.47881485386188
03-04 02:00:00,134.9481276076649
03-04 03:00:00,110.22011799197338
03-04 04:00:00,64.87430460972884
03-04 05:00:00,52.75485685220404
03-04 06:00:00,46.08524520509104
03-04 07:00:00,45.18303215546152
03-04 08:00:00,48.90704827825574
03-04 09:00:00,95.19994749768418
03-04 10:00:00,111.92610682081019
03-04 11:00:00,223.7639128192421
03-04 12:00:00,185.7059100773806
03-04 13:00:00,237.44747563550635
03-04 14:00:00,204.42218811003372
03-04 15:00:00,223.71777871586502
03-04 16:00:00,254.29788701670947
03-04 17:00:00,298.8159825360652
03-04 18:00:00,417.4112022099638
03-04 19:00:00,450.4816483154357
03-04 20:00:00,406.3415185999963
03-04 21:00:00,353.29364293577737
03-04 22:00:00,322.2119041981381
03-04 23:00:00,293.8356260057482
03-05 00:00:00,223.45316737542717
03-05 01:00:00,138.37580802809694
03-05 02:00:00,109.86053501521107
03-05 03:00:00,85.5920741262717
03-05 04:00:00,64.99398825841132
03-05 05:00:00,50.0618903109684
03-05 06:00:00,60.537035588303745
03-05 07:00:00,167.91840700531478
03-05 08:00:00,287.0999996209841
03-05 09:00:00,295.15491607562717
03-05 10:00:00,298.05877270764466
03-05 11:00:00,273.64999026697905
03-05 12:00:00,229.70629318073125
03-05 13:00:00,235.33215547322482
03-05 14:00:00,308.9413833055649
03-05 15:00:00,302.694320978187
03-05 16:00:00,269.42510949081367
03-05 17:00:00,281.10094661806363
03-05 18:00:00,396.3147313367148
03-05 19:00:00,583.0536981526582
03-05 20:00:00,617.04737765746
03-05 21:00:00,582.4738934018287
03-05 22:00:00,465.953217369765
03-05 23:00:00,392.1259296643266
03-06 00:00:00,315.1033267746466
03-06 01:00:00,204.10755022007464
03-06 02:00:00,139.6631782055935
03-06 03:00:00,88.70323860013735
03-06 04:00:00,63.05465045424098
03-06 05:00:00,41.29632943727237
03-06 06:00:00,51.202860234663014
03-06 07:00:00,130.29380999279925
03-06 08:00:00,234.08467527266257
03-06 09:00:00,252.1520696565881
03-06 10:00:00,318.9732974116077
03-06 11:00:00,250.15799821399463
03-06 12:00:00,288.146387114309
03-06 13:00:00,298.5926651387986
03-06 14:00:00,336.5605477075867
03-06 15:00:00,267.9459657041984
03-06 16:00:00,272.2861467873722
03-06 17:00:00,298.21675693223045
03-06 18:00:00,454.8385602475189
03-06 19:00:00,616.9967397197881
03-06 20:00:00,634.6075454577365
03-06 21:00:00,599.6890944018049
03-06 22:00:00,479.9808959264797
03-06 23:00:00,395.3703641532507
03-07 00:00:00,292.62758658813175
03-07 01:00:00,197.85131077903034
03-07 02:00:00,148.00918391732736
03-07 03:00:00,94.93040215615744
03-07 04:00:00,82.86729759799402
03-07 05:00:00,74.57636604564982
03-07 06:00:00,71.75379255219228
03-07 07:00:00,155.36284722574223
03-07 08:00:00,266.60301087823143
03-07 09:00:00,320.3509930894112
03-07 10:00:00,317.28914048794917
03-07 11:00:00,254.56410651142133
03-07 12:00:00,243.23343233108912
03-07 13:00:00,267.4865233038904
03-07 14:00:00,297.5223508357443
03-07 15:00:00,294.09325117512304
03-07 16:00:00,292.95292654223135
03-07 17:00:00,300.0314685719755
03-07 18:00:00,435.7001444332247
03-07 19:00:00,577.6151983182931
03-07 20:00:00,592.4704265251384
03-07 21:00:00,543.3967098767866
03-07 22:00:00,482.03256623273467
03-07 23:00:00,390.1884755184834
03-08 00:00:00,294.2085853847838
03-08 01:00:00,206.69444516589067
03-08 02:00:00,149.49954366171437
03-08 03:00:00,82.06513446700491
03-08 04:00:00,55.285937100280094
03-08 05:00:00,42.92615547848009
03-08 06:00:00,46.2079029263794
03-08 07:00:00,122.48684985802687
03-08 08:00:00,236.48152587241398
03-08 09:00:00,273.2903740535265
03-08 10:00:00,268.8747957918016
03-08 11:00:00,248.5948516702489
03-08 12:00:00,298.4016785060464
03-08 13:00:00,287.1515157618599
03-08 14:00:00,290.2516138620122
03-08 15:00:00,246.97067337381776
03-08 16:00:00,273.60807146686335
03-08 17:00:00,268.03243971920034
03-08 18:00:00,420.3853808254962
03-08 19:00:00,601.3015751500934
03-08 20:00:00,626.6953515860686
03-08 21:00:00,593.0228871684376
03-08 22:00:00,483.83888159204065
03-08 23:00:00,410.28150292154265
03-09 00:00:00,331.44324689593503
03-09 01:00:00,227.56805775717976
03-09 02:00:00,164.5024424444547
03-09 03:00:00,113.51037784353113
03-09 04:00:00,75.64311818493753
03-09 05:00:00,53.23088806716647
03-09 06:00:00,53.93783746881392
03-09 07:00:00,125.11352968665165
03-09 08:00:00,206.7499289650938
03-09 09:00:00,233.85828307806582
03-09 10:00:00,242.9968609722534
03-09 11:00:00,242.83300472968682
03-09 12:00:00,243.58914714192989
03-09 13:00:00,265.4856716834295
03-09 14:00:00,259.50181399166405
03-09 15:00:00,312.500055050905
03-09 16:00:00,313.4882969920608
03-09 17:00:00,342.50451419009926
03-09 18:00:00,465.56671152721987
03-09 19:00:00,595.1951370218491
03-09 20:00:00,649.3681488169059
03-09 21:00:00,556.1748270960703
03-09 22:00:00,455.2006262270115
03-09 23:00:00,364.511184927949
03-10 00:00:00,292.24497442404936
03-10 01:00:00,220.25315171865705
03-10 02:00:00,172.23848221615967
03-10 03:00:00,135.35168283663828
03-10 04:00:00,81.53654757904546
03-10 05:00:00,52.93616629514382
03-10 06:00:00,40.040504330045046
03-10 07:00:00,43.30528046683057
03-10 08:00:00,95.56397375435124
03-10 09:00:00,154.63249033537082
03-10 10:00:00,217.8302298045891
03-10 11:00:00,356.7249661097303
03-10 12:00:00,420.4064591837259
03-10 13:00:00,326.2837651059835
03-10 14:00:00,309.3122620891511
03-10 15:00:00,327.1419210687892
03-10 16:00:00,370.64998533346306
03-10 17:00:00,372.1982696368229
03-10 18:00:00,460.7692518927902
03-10 19:00:00,413.9087458457095
03-10 20:00:00,414.31598501319155
03-10 21:00:00,300.80387790660643
03-10 22:00:00,236.0693448053482
03-10 23:00:00,219.49662412116896
03-11 00:00:00,206.50235716450598
03-11 01:00:00,170.47881485386188
03-11 02:00:00,134.9481276076649
03-11 03:00:00,110.22011799197338
03-11 04:00:00,64.87430460972884
03-11 05:00:00,52.75485685220404
03-11 06:00:00,46.08524520509104
03-11 07:00:00,45.18303215546152
03-11 08:00:00,48.90704827825574
03-11 09:00:00,95.19994749768418
03-11 10:00:00,111.92610682081019
03-11 11:00:00,223.7639128192421
03-11 12:00:00,185.7059100773806
03-11 13:00:00,237.44747563550635
03-11 14:00:00,204.42218811003372
03-11 15:00:00,223.71777871586502
03-11 16:00:00,254.29788701670947
03-11 17:00:00,298.8159825360652
03-11 18:00:00,417.4112022099638
03-11 19:00:00,450.4816483154357
03-11 20:00:00,406.3415185999963
03-11 21:00:00,353.29364293577737
03-11 22:00:00,322.2119041981381
03-11 23:00:00,293.8356260057482
03-12 00:00:00,223.45316737542717
03-12 01:00:00,138.37580802809694
03-12 02:00:00,109.86053501521107
03-12 03:00:00,85.5920741262717
03-12 04:00:00,64.99398825841132
03-12 05:00:00,50.0618903109684
03-12 06:00:00,60.537035588303745
03-12 07:00:00,167.91840700531478
03-12 08:00:00,287.0999996209841
03-12 09:00:00,295.15491607562717
03-12 10:00:00,298.05877270764466
03-12 11:00:00,273.64999026697905
03-12 12:00:00,229.70629318073125
03-12 13:00:00,235.33215547322482
03-12 14:00:00,308.9413833055649
03-12 15:00:00,302.694320978187
03-12 16:00:00,269.42510949081367
03-12 17:00:00,281.10094661806363
03-12 18:00:00,396.3147313367148
03-12 19:00:00,583.0536981526582
03-12 20:00:00,617.04737765746
03-12 21:00:00,582.4738934018287
03-12 22:00:00,465.953217369765
03-12 23:00:00,392.1259296643266
03-13 00:00:00,315.1033267746466
03-13 01:00:00,204.10755022007464
03-13 02:00:00,139.6631782055935
03-13 03:00:00,88.70323860013735
03-13 04:00:00,63.05465045424098
03-13 05:00:00,41.29632943727237
03-13 06:00:00,51.202860234663014
03-13 07:00:00,130.29380999279925
03-13 08:00:00,234.08467527266257
03-13 09:00:00,252.1520696565881
03-13 10:00:00,318.9732974116077
03-13 11:00:00,250.15799821399463
03-13 12:00:00,288.146387114309
03-13 13:00:00,298.5926651387986
03-13 14:00:00,336.5605477075867
03-13 15:00:00,267.9459657041984
03-13 16:00:00,272.2861467873722
03-13 17:00:00,298.21675693223045
03-13 18:00:00,454.8385602475189
03-13 19:00:00,616.9967397197881
03-13 20:00:00,634.6075454577365
03-13 21:00:00,599.6890944018049
03-13 22:00:00,479.9808959264797
03-13 23:00:00,395.3703641532507
03-14 00:00:00,292.62758658813175
03-14 01:00:00,197.85131077903034
03-14 02:00:00,148.00918391732736
03-14 03:00:00,94.93040215615744
03-14 04:00:00,82.86729759799402
03-14 05:00:00,74.57636604564982
03-14 06:00:00,71.75379255219228
03-14 07:00:00,155.36284722574223
03-14 08:00:00,266.60301087823143
03-14 09:00:00,320.3509930894112
03-14 10:00:00,317.28914048794917
03-14 11:00:00,254.56410651142133
03-14 12:00:00,243.23343233108912
03-14 13:00:00,267.4865233038904
03-14 14:00:00,297.5223508357443
03-14 15:00:00,294.09325117512304
03-14 16:00:00,292.95292654223135
03-14 17:00:00,300.0314685719755
03-14 18:00:00,435.7001444332247
03-14 19:00:00,577.6151983182931
03-14 20:00:00,592.4704265251384
03-14 21:00:00,543.3967098767866
03-14 22:00:00,482.03256623273467
03-14 23:00:00,390.1884755184834
03-15 00:00:00,294.2085853847838
03-15 01:00:00,206.69444516589067
03-15 02:00:00,149.49954366171437
03-15 03:00:00,82.06513446700491
03-15 04:00:00,55.285937100280094
03-15 05:00:00,42.92615547848009
03-15 06:00:00,46.2079029263794
03-15 07:00:00,122.48684985802687
03-15 08:00:00,236.48152587241398
03-15 09:00:00,273.2903740535265
03-15 10:00:00,268.8747957918016
03-15 11:00:00,248.5948516702489
03-15 12:00:00,298.4016785060464
03-15 13:00:00,287.1515157618599
03-15 14:00:00,290.2516138620122
03-15 15:00:00,246.97067337381776
03-15 16:00:00,273.60807146686335
03-15 17:00:00,268.03243971920034
03-15 18:00:00,420.3853808254962
03-15 19:00:00,601.3015751500934
03-15 20:00:00,626.6953515860686
03-15 21:00:00,593.0228871684376
03-15 22:00:00,483.83888159204065
03-15 23:00:00,410.28150292154265
03-16 00:00:00,331.44324689593503
03-16 01:00:00,227.56805775717976
03-16 02:00:00,164.5024424444547
03-16 03:00:00,113.51037784353113
03-16 04:00:00,75.64311818493753
03-16 05:00:00,53.23088806716647
03-16 06:00:00,53.93783746881392
03-16 07:00:00,125.11352968665165
03-16 08:00:00,206.7499289650938
03-16 09:00:00,233.85828307806582
03-16 10:00:00,242.9968609722534
03-16 11:00:00,242.83300472968682
03-16 12:00:00,243.58914714192989
03-16 13:00:00,265.4856716834295
03-16 14:00:00,259.50181399166405
03-16 15:00:00,312.500055050905
03-16 16:00:00,313.4882969920608
03-16 17:00:00,342.50451419009926
03-16 18:00:00,465.56671152721987
03-16 19:00:00,595.1951370218491
03-16 20:00:00,649.3681488169059
03-16 21:00:00,556.1748270960703
03-16 22:00:00,455.2006262270115
03-16 23:00:00,364.511184927949
03-17 00:00:00,292.24497442404936
03-17 01:00:00,220.25315171865705
03-17 02:00:00,172.23848221615967
03-17 03:00:00,135.35168283663828
03-17 04:00:00,81.53654757904546
03-17 05:00:00,52.93616629514382
03-17 06:00:00,40.040504330045046
03-17 07:00:00,43.30528046683057
03-17 08:00:00,95.56397375435124
03-17 09:00:00,154.63249033537082
03-17 10:00:00,217.8302298045891
03-17 11:00:00,356.7249661097303
03-17 12:00:00,420.4064591837259
03-17 13:00:00,326.2837651059835
03-17 14:00:00,309.3122620891511
03-17 15:00:00,327.1419210687892
03-17 16:00:00,370.64998533346306
03-17 17:00:00,372.1982696368229
03-17 18:00:00,460.7692518927902
03-17 19:00:00,413.9087458457095
03-17 20:00:00,414.31598501319155
03-17 21:00:00,300.80387790660643
03-17 22:00:00,236.0693448053482
03-17 23:00:00,219.49662412116896
03-18 00:00:00,206.50235716450598
03-18 01:00:00,170.47881485386188
03-18 02:00:00,134.9481276076649
03-18 03:00:00,110.22011799197338
03-18 04:00:00,64.87430460972884
03-18 05:00:00,52.75485685220404
03-18 06:00:00,46.08524520509104
03-18 07:00:00,45.18303215546152
03-18 08:00:00,48.90704827825574
03-18 09:00:00,95.19994749768418
03-18 10:00:00,111.92610682081019
03-18 11:00:00,223.7639128192421
03-18 12:00:00,185.7059100773806
03-18 13:00:00,237.44747563550635
03-18 14:00:00,204.42218811003372
03-18 15:00:00,223.71777871586502
03-18 16:00:00,254.29788701670947
03-18 17:00:00,298.8159825360652
03-18 18:00:00,417.4112022099638
03-18 19:00:00,450.4816483154357
03-18 20:00:00,406.3415185999963
03-18 21:00:00,353.29364293577737
03-18 22:00:00,322.2119041981381
03-18 23:00:00,293.8356260057482
03-19 00:00:00,223.45316737542717
03-19 01:00:00,138.37580802809694
03-19 02:00:00,109.86053501521107
03-19 03:00:00,85.5920741262717
03-19 04:00:00,64.99398825841132
03-19 05:00:00,50.0618903109684
03-19 06:00:00,60.537035588303745
03-19 07:00:00,167.91840700531478
03-19 08:00:00,287.0999996209841
03-19 09:00:00,295.15491607562717
03-19 10:00:00,298.05877270764466
03-19 11:00:00,273.64999026697905
03-19 12:00:00,229.70629318073125
03-19 13:00:00,235.33215547322482
03-19 14:00:00,308.9413833055649
03-19 15:00:00,302.694320978187
03-19 16:00:00,269.42510949081367
03-19 17:00:00,281.10094661806363
03-19 18:00:00,396.3147313367148
03-19 19:00:00,583.0536981526582
03-19 20:00:00,617.04737765746
03-19 21:00:00,582.4738934018287
03-19 22:00:00,465.953217369765
03-19 23:00:00,392.1259296643266
03-20 00:00:00,315.1033267746466
03-20 01:00:00,204.10755022007464
03-20 02:00:00,139.6631782055935
03-20 03:00:00,88.70323860013735
03-20 04:00:00,63.05465045424098
03-20 05:00:00,41.29632943727237
03-20 06:00:00,51.202860234663014
03-20 07:00:00,130.29380999279925
03-20 08:00:00,234.08467527266257
03-20 09:00:00,252.1520696565881
03-20 10:00:00,318.9732974116077
03-20 11:00:00,250.15799821399463
03-20 12:00:00,288.146387114309
03-20 13:00:00,298.5926651387986
03-20 14:00:00,336.5605477075867
03-20 15:00:00,267.9459657041984
03-20 16:00:00,272.2861467873722
03-20 17:00:00,298.21675693223045
03-20 18:00:00,454.8385602475189
03-20 19:00:00,616.9967397197881
03-20 20:00:00,634.6075454577365
03-20 21:00:00,599.6890944018049
03-20 22:00:00,479.9808959264797
03-20 23:00:00,395.3703641532507
03-21 00:00:00,292.62758658813175
03-21 01:00:00,197.85131077903034
03-21 02:00:00,148.00918391732736
03-21 03:00:00,94.93040215615744
03-21 04:00:00,82.86729759799402
03-21 05:00:00,74.57636604564982
03-21 06:00:00,71.75379255219228
03-21 07:00:00,155.36284722574223
03-21 08:00:00,266.60301087823143
03-21 09:00:00,320.3509930894112
03-21 10:00:00,317.28914048794917
03-21 11:00:00,254.56410651142133
03-21 12:00:00,243.23343233108912
03-21 13:00:00,267.4865233038904
03-21 14:00:00,297.5223508357443
03-21 15:00:00,294.09325117512304
03-21 16:00:00,292.95292654223135
03-21 17:00:00,300.0314685719755
03-21 18:00:00,435.7001444332247
03-21 19:00:00,577.6151983182931
03-21 20:00:00,592.4704265251384
03-21 21:00:00,543.3967098767866
03-21 22:00:00,482.03256623273467
03-21 23:00:00,390.1884755184834
03-22 00:00:00,294.2085853847838
03-22 01:00:00,206.69444516589067
03-22 02:00:00,149.49954366171437
03-22 03:00:00,82.06513446700491
03-22 04:00:00,55.285937100280094
03-22 05:00:00,42.92615547848009
03-22 06:00:00,46.2079029263794
03-22 07:00:00,122.48684985802687
03-22 08:00:00,236.48152587241398
03-22 09:00:00,273.2903740535265
03-22 10:00:00,268.8747957918016
03-22 11:00:00,248.5948516702489
03-22 12:00:00,298.4016785060464
03-22 13:00:00,287.1515157618599
03-22 14:00:00,290.2516138620122
03-22 15:00:00,246.97067337381776
03-22 16:00:00,273.60807146686335
03-22 17:00:00,268.03243971920034
03-22 18:00:00,420.3853808254962
03-22 19:00:00,601.3015751500934
03-22 20:00:00,626.6953515860686
03-22 21:00:00,593.0228871684376
03-22 22:00:00,483.83888159204065
03-22 23:00:00,410.28150292154265
03-23 00:00:00,331.44324689593503
03-23 01:00:00,227.56805775717976
03-23 02:00:00,164.5024424444547
03-23 03:00:00,113.51037784353113
03-23 04:00:00,75.64311818493753
03-23 05:00:00,53.23088806716647
03-23 06:00:00,53.93783746881392
03-23 07:00:00,125.11352968665165
03-23 08:00:00,206.7499289650938
03-23 09:00:00,233.85828307806582
03-23 10:00:00,242.9968609722534
03-23 11:00:00,242.83300472968682
03-23 12:00:00,243.58914714192989
03-23 13:00:00,265.4856716834295
03-23 14:00:00,259.50181399166405
03-23 15:00:00,312.500055050905
03-23 16:00:00,313.4882969920608
03-23 17:00:00,342.50451419009926
03-23 18:00:00,465.56671152721987
03-23 19:00:00,595.1951370218491
03-23 20:00:00,649.3681488169059
03-23 21:00:00,556.1748270960703
03-23 22:00:00,455.2006262270115
03-23 23:00:00,364.511184927949
03-24 00:00:00,292.24497442404936
03-24 01:00:00,220.25315171865705
03-24 02:00:00,172.23848221615967
03-24 03:00:00,135.35168283663828
03-24 04:00:00,81.53654757904546
03-24 05:00:00,52.93616629514382
03-24 06:00:00,40.040504330045046
03-24 07:00:00,43.30528046683057
03-24 08:00:00,95.56397375435124
03-24 09:00:00,154.63249033537082
03-24 10:00:00,217.8302298045891
03-24 11:00:00,356.7249661097303
03-24 12:00:00,420.4064591837259
03-24 13:00:00,326.2837651059835
03-24 14:00:00,309.3122620891511
03-24 15:00:00,327.1419210687892
03-24 16:00:00,370.64998533346306
03-24 17:00:00,372.1982696368229
03-24 18:00:00,460.7692518927902
03-24 19:00:00,413.9087458457095
03-24 20:00:00,414.31598501319155
03-24 21:00:00,300.80387790660643
03-24 22:00:00,236.0693448053482
03-24 23:00:00,219.49662412116896
03-25 00:00:00,206.50235716450598
03-25 01:00:00,170.47881485386188
03-25 02:00:00,134.9481276076649
03-25 03:00:00,110.22011799197338
03-25 04:00:00,64.87430460972884
03-25 05:00:00,52.75485685220404
03-25 06:00:00,46.08524520509104
03-25 07:00:00,45.18303215546152
03-25 08:00:00,48.90704827825574
03-25 09:00:00,95.19994749768418
03-25 10:00:00,111.92610682081019
03-25 11:00:00,223.7639128192421
03-25 12:00:00,185.7059100773806
03-25 13:00:00,237.44747563550635
03-25 14:00:00,204.42218811003372
03-25 15:00:00,223.71777871586502
03-25 16:00:00,254.29788701670947
03-25 17:00:00,298.8159825360652
03-25 18:00:00,417.4112022099638
03-25 19:00:00,450.4816483154357
03-25 20:00:00,406.3415185999963
03-25 21:00:00,353.29364293577737
03-25 22:00:00,322.2119041981381
03-25 23:00:00,293.8356260057482
03-26 00:00:00,223.45316737542717
03-26 01:00:00,138.37580802809694
03-26 02:00:00,109.86053501521107
03-26 03:00:00,85.5920741262717
03-26 04:00:00,64.99398825841132
03-26 05:00:00,50.0618903109684
03-26 06:00:00,60.537035588303745
03-26 07:00:00,167.91840700531478
03-26 08:00:00,287.0999996209841
03-26 09:00:00,295.15491607562717
03-26 10:00:00,298.05877270764466
03-26 11:00:00,273.64999026697905
03-26 12:00:00,229.70629318073125
03-26 13:00:00,235.33215547322482
03-26 14:00:00,308.9413833055649
03-26 15:00:00,302.694320978187
03-26 16:00:00,269.42510949081367
03-26 17:00:00,281.10094661806363
03-26 18:00:00,396.3147313367148
03-26 19:00:00,583.0536981526582
03-26 20:00:00,617.04737765746
03-26 21:00:00,582.4738934018287
03-26 22:00:00,465.953217369765
03-26 23:00:00,392.1259296643266
03-27 00:00:00,315.1033267746466
03-27 01:00:00,204.10755022007464
03-27 02:00:00,139.6631782055935
03-27 03:00:00,88.70323860013735
03-27 04:00:00,63.05465045424098
03-27 05:00:00,41.29632943727237
03-27 06:00:00,51.202860234663014
03-27 07:00:00,130.29380999279925
03-27 08:00:00,234.08467527266257
03-27 09:00:00,252.1520696565881
03-27 10:00:00,318.9732974116077
03-27 11:00:00,250.15799821399463
03-27 12:00:00,288.146387114309
03-27 13:00:00,298.5926651387986
03-27 14:00:00,336.5605477075867
03-27 15:00:00,267.9459657041984
03-27 16:00:00,272.2861467873722
03-27 17:00:00,298.21675693223045
03-27 18:00:00,454.8385602475189
03-27 19:00:00,616.9967397197881
03-27 20:00:00,634.6075454577365
03-27 21:00:00,599.6890944018049
03-27 22:00:00,479.9808959264797
03-27 23:00:00,395.3703641532507
03-28 00:00:00,292.62758658813175
03-28 01:00:00,197.85131077903034
03-28 02:00:00,148.00918391732736
03-28 03:00:00,94.93040215615744
03-28 04:00:00,82.86729759799402
03-28 05:00:00,74.57636604564982
03-28 06:00:00,71.75379255219228
03-28 07:00:00,155.36284722574223
03-28 08:00:00,266.60301087823143
03-28 09:00:00,320.3509930894112
03-28 10:00:00,317.28914048794917
03-28 11:00:00,254.56410651142133
03-28 12:00:00,243.23343233108912
03-28 13:00:00,267.4865233038904
03-28 14:00:00,297.5223508357443
03-28 15:00:00,294.09325117512304
03-28 16:00:00,292.95292654223135
03-28 17:00:00,300.0314685719755
03-28 18:00:00,435.7001444332247
03-28 19:00:00,577.6151983182931
03-28 20:00:00,592.4704265251384
03-28 21:00:00,543.3967098767866
03-28 22:00:00,482.03256623273467
03-28 23:00:00,390.1884755184834
03-29 00:00:00,294.2085853847838
03-29 01:00:00,206.69444516589067
03-29 02:00:00,149.49954366171437
03-29 03:00:00,82.06513446700491
03-29 04:00:00,55.285937100280094
03-29 05:00:00,42.92615547848009
03-29 06:00:00,46.2079029263794
03-29 07:00:00,122.48684985802687
03-29 08:00:00,236.48152587241398
03-29 09:00:00,273.2903740535265
03-29 10:00:00,268.8747957918016
03-29 11:00:00,248.5948516702489
03-29 12:00:00,298.4016785060464
03-29 13:00:00,287.1515157618599
03-29 14:00:00,290.2516138620122
03-29 15:00:00,246.97067337381776
03-29 16:00:00,273.60807146686335
03-29 17:00:00,268.03243971920034
03-29 18:00:00,420.3853808254962
03-29 19:00:00,601.3015751500934
03-29 20:00:00,626.6953515860686
03-29 21:00:00,593.0228871684376
03-29 22:00:00,483.83888159204065
03-29 23:00:00,410.28150292154265
03-30 00:00:00,331.44324689593503
03-30 01:00:00,227.56805775717976
03-30 02:00:00,164.5024424444547
03-30 03:00:00,113.51037784353113
03-30 04:00:00,75.64311818493753
03-30 05:00:00,53.23088806716647
03-30 06:00:00,53.93783746881392
03-30 07:00:00,125.11352968665165
03-30 08:00:00,206.7499289650938
03-30 09:00:00,233.85828307806582
03-30 10:00:00,242.9968609722534
03-30 11:00:00,242.83300472968682
03-30 12:00:00,243.58914714192989
03-30 13:00:00,265.4856716834295
03-30 14:00:00,259.50181399166405
03-30 15:00:00,312.500055050905
03-30 16:00:00,313.4882969920608
03-30 17:00:00,342.50451419009926
03-30 18:00:00,465.56671152721987
03-30 19:00:00,595.1951370218491
03-30 20:00:00,649.3681488169059
03-30 21:00:00,556.1748270960703
03-30 22:00:00,455.2006262270115
03-30 23:00:00,364.511184927949
03-31 00:00:00,292.24497442404936
03-31 01:00:00,220.25315171865705
03-31 02:00:00,172.23848221615967
03-31 03:00:00,135.35168283663828
03-31 04:00:00,81.53654757904546
03-31 05:00:00,52.93616629514382
03-31 06:00:00,40.040504330045046
03-31 07:00:00,43.30528046683057
03-31 08:00:00,95.56397375435124
03-31 09:00:00,154.63249033537082
03-31 10:00:00,217.8302298045891
03-31 11:00:00,356.7249661097303
03-31 12:00:00,420.4064591837259
03-31 13:00:00,326.2837651059835
03-31 14:00:00,309.3122620891511
03-31 15:00:00,327.1419210687892
03-31 16:00:00,370.64998533346306
03-31 17:00:00,372.1982696368229
03-31 18:00:00,460.7692518927902
03-31 19:00:00,413.9087458457095
03-31 20:00:00,414.31598501319155
03-31 21:00:00,300.80387790660643
03-31 22:00:00,236.0693448053482
03-31 23:00:00,219.49662412116896
04-01 00:00:00,206.50235716450598
04-01 01:00:00,170.47881485386188
04-01 02:00:00,134.9481276076649
04-01 03:00:00,110.22011799197338
04-01 04:00:00,64.87430460972884
04-01 05:00:00,52.75485685220404
04-01 06:00:00,46.08524520509104
04-01 07:00:00,45.18303215546152
04-01 08:00:00,48.90704827825574
04-01 09:00:00,95.19994749768418
04-01 10:00:00,111.92610682081019
04-01 11:00:00,223.7639128192421
04-01 12:00:00,185.7059100773806
04-01 13:00:00,237.44747563550635
04-01 14:00:00,204.42218811003372
04-01 15:00:00,223.71777871586502
04-01 16:00:00,254.29788701670947
04-01 17:00:00,298.8159825360652
04-01 18:00:00,417.4112022099638
04-01 19:00:00,450.4816483154357
04-01 20:00:00,406.3415185999963
04-01 21:00:00,353.29364293577737
04-01 22:00:00,322.2119041981381
04-01 23:00:00,293.8356260057482
04-02 00:00:00,223.45316737542717
04-02 01:00:00,138.37580802809694
04-02 02:00:00,109.86053501521107
04-02 03:00:00,85.5920741262717
04-02 04:00:00,64.97716087983318
04-02 05:00:00,58.281291568561656
04-02 06:00:00,61.185646820258
04-02 07:00:00,133.86362746928862
04-02 08:00:00,225.89478236366244
04-02 09:00:00,277.80591307968064
04-02 10:00:00,267.49143581314786
04-02 11:00:00,251.1058154587156
04-02 12:00:00,217.5542378725175
04-02 13:00:00,249.3825266173974
04-02 14:00:00,282.7123779129128
04-02 15:00:00,350.6730312219479
04-02 16:00:00,233.4303155712074
04-02 17:00:00,289.2611022369765
04-02 18:00:00,422.97066184097275
04-02 19:00:00,604.9971230725748
04-02 20:00:00,603.1233835322039
04-02 21:00:00,532.489568313519
04-02 22:00:00,462.8474057174178
04-02 23:00:00,382.49398828923773
04-03 00:00:00,303.11771301746387
04-03 01:00:00,205.0794389975655
04-03 02:00:00,141.47543800667208
04-03 03:00:00,87.51557826212817
04-03 04:00:00,64.53400146637037
04-03 05:00:00,51.29381703394189
04-03 06:00:00,59.70705996073951
04-03 07:00:00,138.78165381662242
04-03 08:00:00,245.81463941159708
04-03 09:00:00,271.788767062761
04-03 10:00:00,293.10782106260814
04-03 11:00:00,224.19157432394556
04-03 12:00:00,258.68849175385407
04-03 13:00:00,299.9163865693779
04-03 14:00:00,289.447985544434
04-03 15:00:00,309.5960064673257
04-03 16:00:00,276.6281419682128
04-03 17:00:00,302.5145899819245
04-03 18:00:00,354.9148635727514
04-03 19:00:00,499.77561449736794
04-03 20:00:00,556.4396567409191
04-03 21:00:00,533.1254901853473
04-03 22:00:00,395.70034980155435
04-03 23:00:00,324.1479739712951
04-04 00:00:00,243.85220767066102
04-04 01:00:00,177.62032384273803
04-04 02:00:00,112.73611618898263
04-04 03:00:00,81.56083534359986
04-04 04:00:00,56.25515299610518
04-04 05:00:00,38.91275160213586
04-04 06:00:00,56.09166945322264
04-04 07:00:00,151.22985141916945
04-04 08:00:00,238.12884674079626
04-04 09:00:00,265.84937587348423
04-04 10:00:00,324.2367722741557
04-04 11:00:00,293.25266860642273
04-04 12:00:00,232.48956915781642
04-04 13:00:00,234.38258584280567
04-04 14:00:00,261.4154226332973
04-04 15:00:00,256.07622092597984
04-04 16:00:00,218.76026788615758
04-04 17:00:00,230.09416365948695
04-04 18:00:00,407.337041019314
04-04 19:00:00,546.2600245315714
04-04 20:00:00,609.8104740665771
04-04 21:00:00,537.1674943251381
04-04 22:00:00,424.59179107676346
04-04 23:00:00,351.0161394346489
04-05 00:00:00,276.7270264347372
04-05 01:00:00,208.95946574190214
04-05 02:00:00,162.64544606420836
04-05 03:00:00,107.35768652595326
04-05 04:00:00,64.45732495945587
04-05 05:00:00,47.60416425208542
04-05 06:00:00,45.79184115802837
04-05 07:00:00,142.61395128048542
04-05 08:00:00,208.56210264943826
04-05 09:00:00,262.18080466168027
04-05 10:00:00,323.1485541700755
04-05 11:00:00,273.7636751871809
04-05 12:00:00,252.91037228918432
04-05 13:00:00,248.51973687959216
04-05 14:00:00,213.20140296268266
04-05 15:00:00,263.3793680216622
04-05 16:00:00,253.37870746718102
04-05 17:00:00,266.84242698512764
04-05 18:00:00,405.1053503952581
04-05 19:00:00,505.80418436353534
04-05 20:00:00,517.7292529439642
04-05 21:00:00,484.823362484224
04-05 22:00:00,386.61659077241336
04-05 23:00:00,326.23260091366234
04-06 00:00:00,254.28140099940572
04-06 01:00:00,176.89405845806232
04-06 02:00:00,123.83089206079538
04-06 03:00:00,82.77554530769463
04-06 04:00:00,55.607375477422245
04-06 05:00:00,48.52681631955289
04-06 06:00:00,44.40919395821163
04-06 07:00:00,127.42446398900292
04-06 08:00:00,197.64035386617655
04-06 09:00:00,246.4951224671048
04-06 10:00:00,274.9219786589358
04-06 11:00:00,271.1517985508219
04-06 12:00:00,266.15028765958726
04-06 13:00:00,280.10308993976633
04-06 14:00:00,296.1941978701191
04-06 15:00:00,240.1942077917878
04-06 16:00:00,236.69570566038624
04-06 17:00:00,301.0452992722261
04-06 18:00:00,448.87438156623335
04-06 19:00:00,571.414934188141
04-06 20:00:00,586.8199175858915
04-06 21:00:00,473.96318538285726
04-06 22:00:00,376.4177817013582
04-06 23:00:00,293.26592207637555
04-07 00:00:00,232.95215379368582
04-07 01:00:00,173.71211755366488
04-07 02:00:00,168.85489503217588
04-07 03:00:00,118.12576583049352
04-07 04:00:00,96.70313360108894
04-07 05:00:00,53.83583852624149
04-07 06:00:00,39.13513024180838
04-07 07:00:00,52.304600746178586
04-07 08:00:00,100.06572550610007
04-07 09:00:00,158.80185553210995
04-07 10:00:00,184.58791500449527
04-07 11:00:00,292.80559021962097
04-07 12:00:00,295.54223152556676
04-07 13:00:00,244.06914596541674
04-07 14:00:00,280.71144273996055
04-07 15:00:00,278.1070049479438
04-07 16:00:00,323.9568893524071
04-07 17:00:00,357.3244847883454
04-07 18:00:00,373.9464582470053
04-07 19:00:00,384.77841484279634
04-07 20:00:00,363.643336059565
04-07 21:00:00,306.8218152692938
04-07 22:00:00,219.38853473166202
04-07 23:00:00,214.49648092200388
04-08 00:00:00,212.6010604173744
04-08 01:00:00,182.08551985447855
04-08 02:00:00,151.4476491140835
04-08 03:00:00,131.551758554596
04-08 04:00:00,79.99185969079603
04-08 05:00:00,43.95552717075857
04-08 06:00:00,41.59997386892616
04-08 07:00:00,38.5158598116511
04-08 08:00:00,38.91301585294655
04-08 09:00:00,140.33722513329383
04-08 10:00:00,206.1731788766246
04-08 11:00:00,217.93380233282113
04-08 12:00:00,175.7290609999142
04-08 13:00:00,186.98101630013315
04-08 14:00:00,176.38315980530635
04-08 15:00:00,184.83576980913674
04-08 16:00:00,210.4917515189374
04-08 17:00:00,278.90665586022214
04-08 18:00:00,353.6367260777508
04-08 19:00:00,414.3199497087818
04-08 20:00:00,404.6447348684878
04-08 21:00:00,325.0493088177206
04-08 22:00:00,277.28031134322373
04-08 23:00:00,234.46603569354917
04-09 00:00:00,180.07720992066777
04-09 01:00:00,118.13810062801937
04-09 02:00:00,91.41397468209574
04-09 03:00:00,71.63133097752132
04-09 04:00:00,62.11510144753494
04-09 05:00:00,46.91389202879856
04-09 06:00:00,53.079936750548505
04-09 07:00:00,136.74951779780667
04-09 08:00:00,226.34795406053013
04-09 09:00:00,278.2483764447258
04-09 10:00:00,263.97862624602783
04-09 11:00:00,252.79140896914208
04-09 12:00:00,217.5542378725175
04-09 13:00:00,249.3825266173974
04-09 14:00:00,282.7123779129128
04-09 15:00:00,350.6730312219479
04-09 16:00:00,233.4303155712074
04-09 17:00:00,289.2611022369765
04-09 18:00:00,422.97066184097275
04-09 19:00:00,604.9971230725748
04-09 20:00:00,603.1233835322039
04-09 21:00:00,532.489568313519
04-09 22:00:00,462.8474057174178
04-09 23:00:00,382.49398828923773
04-10 00:00:00,303.11771301746387
04-10 01:00:00,205.0794389975655
04-10 02:00:00,141.47543800667208
04-10 03:00:00,87.51557826212817
04-10 04:00:00,64.53400146637037
04-10 05:00:00,51.29381703394189
04-10 06:00:00,59.70705996073951
04-10 07:00:00,138.78165381662242
04-10 08:00:00,245.81463941159708
04-10 09:00:00,271.788767062761
04-10 10:00:00,293.10782106260814
04-10 11:00:00,224.19157432394556
04-10 12:00:00,258.68849175385407
04-10 13:00:00,299.9163865693779
04-10 14:00:00,289.447985544434
04-10 15:00:00,309.5960064673257
04-10 16:00:00,276.6281419682128
04-10 17:00:00,302.5145899819245
04-10 18:00:00,354.9148635727514
04-10 19:00:00,499.77561449736794
04-10 20:00:00,556.4396567409191
04-10 21:00:00,533.1254901853473
04-10 22:00:00,395.70034980155435
04-10 23:00:00,324.1479739712951
04-11 00:00:00,243.85220767066102
04-11 01:00:00,177.62032384273803
04-11 02:00:00,112.73611618898263
04-11 03:00:00,81.56083534359986
04-11 04:00:00,56.25515299610518
04-11 05:00:00,38.91275160213586
04-11 06:00:00,56.09166945322264
04-11 07:00:00,151.22985141916945
04-11 08:00:00,238.12884674079626
04-11 09:00:00,265.84937587348423
04-11 10:00:00,324.2367722741557
04-11 11:00:00,293.25266860642273
04-11 12:00:00,232.48956915781642
04-11 13:00:00,234.38258584280567
04-11 14:00:00,261.4154226332973
04-11 15:00:00,256.07622092597984
04-11 16:00:00,218.76026788615758
04-11 17:00:00,230.09416365948695
04-11 18:00:00,407.337041019314
04-11 19:00:00,546.2600245315714
04-11 20:00:00,609.8104740665771
04-11 21:00:00,537.1674943251381
04-11 22:00:00,424.59179107676346
04-11 23:00:00,351.0161394346489
04-12 00:00:00,276.7270264347372
04-12 01:00:00,208.95946574190214
04-12 02:00:00,162.64544606420836
04-12 03:00:00,107.35768652595326
04-12 04:00:00,64.45732495945587
04-12 05:00:00,47.60416425208542
04-12 06:00:00,45.79184115802837
04-12 07:00:00,142.61395128048542
04-12 08:00:00,208.56210264943826
04-12 09:00:00,262.18080466168027
04-12 10:00:00,323.1485541700755
04-12 11:00:00,273.7636751871809
04-12 12:00:00,252.91037228918432
04-12 13:00:00,248.51973687959216
04-12 14:00:00,213.20140296268266
04-12 15:00:00,263.3793680216622
04-12 16:00:00,253.37870746718102
04-12 17:00:00,266.84242698512764
04-12 18:00:00,405.1053503952581
04-12 19:00:00,505.80418436353534
04-12 20:00:00,517.7292529439642
04-12 21:00:00,484.823362484224
04-12 22:00:00,386.61659077241336
04-12 23:00:00,326.23260091366234
04-13 00:00:00,254.28140099940572
04-13 01:00:00,176.89405845806232
04-13 02:00:00,123.83089206079538
04-13 03:00:00,82.77554530769463
04-13 04:00:00,55.607375477422245
04-13 05:00:00,48.52681631955289
04-13 06:00:00,44.40919395821163
04-13 07:00:00,127.42446398900292
04-13 08:00:00,197.64035386617655
04-13 09:00:00,246.4951224671048
04-13 10:00:00,274.9219786589358
04-13 11:00:00,271.1517985508219
04-13 12:00:00,266.15028765958726
04-13 13:00:00,280.10308993976633
04-13 14:00:00,296.1941978701191
04-13 15:00:00,240.1942077917878
04-13 16:00:00,236.69570566038624
04-13 17:00:00,301.0452992722261
04-13 18:00:00,448.87438156623335
04-13 19:00:00,571.414934188141
04-13 20:00:00,586.8199175858915
04-13 21:00:00,473.96318538285726
04-13 22:00:00,376.4177817013582
04-13 23:00:00,293.26592207637555
04-14 00:00:00,232.95215379368582
04-14 01:00:00,173.71211755366488
04-14 02:00:00,168.85489503217588
04-14 03:00:00,118.12576583049352
04-14 04:00:00,96.70313360108894
04-14 05:00:00,53.83583852624149
04-14 06:00:00,39.13513024180838
04-14 07:00:00,52.304600746178586
04-14 08:00:00,100.06572550610007
04-14 09:00:00,158.80185553210995
04-14 10:00:00,184.58791500449527
04-14 11:00:00,292.80559021962097
04-14 12:00:00,295.54223152556676
04-14 13:00:00,244.06914596541674
04-14 14:00:00,280.71144273996055
04-14 15:00:00,278.1070049479438
04-14 16:00:00,323.9568893524071
04-14 17:00:00,357.3244847883454
04-14 18:00:00,373.9464582470053
04-14 19:00:00,384.77841484279634
04-14 20:00:00,363.643336059565
04-14 21:00:00,306.8218152692938
04-14 22:00:00,219.38853473166202
04-14 23:00:00,214.49648092200388
04-15 00:00:00,212.6010604173744
04-15 01:00:00,182.08551985447855
04-15 02:00:00,151.4476491140835
04-15 03:00:00,131.551758554596
04-15 04:00:00,79.99185969079603
04-15 05:00:00,43.95552717075857
04-15 06:00:00,41.59997386892616
04-15 07:00:00,38.5158598116511
04-15 08:00:00,38.91301585294655
04-15 09:00:00,140.33722513329383
04-15 10:00:00,206.1731788766246
04-15 11:00:00,217.93380233282113
04-15 12:00:00,175.7290609999142
04-15 13:00:00,186.98101630013315
04-15 14:00:00,176.38315980530635
04-15 15:00:00,184.83576980913674
04-15 16:00:00,210.4917515189374
04-15 17:00:00,278.90665586022214
04-15 18:00:00,353.6367260777508
04-15 19:00:00,414.3199497087818
04-15 20:00:00,404.6447348684878
04-15 21:00:00,325.0493088177206
04-15 22:00:00,277.28031134322373
04-15 23:00:00,234.46603569354917
04-16 00:00:00,180.07720992066777
04-16 01:00:00,118.13810062801937
04-16 02:00:00,91.41397468209574
04-16 03:00:00,71.63133097752132
04-16 04:00:00,62.11510144753494
04-16 05:00:00,46.91389202879856
04-16 06:00:00,53.079936750548505
04-16 07:00:00,136.74951779780667
04-16 08:00:00,226.34795406053013
04-16 09:00:00,278.2483764447258
04-16 10:00:00,263.97862624602783
04-16 11:00:00,252.79140896914208
04-16 12:00:00,217.5542378725175
04-16 13:00:00,249.3825266173974
04-16 14:00:00,282.7123779129128
04-16 15:00:00,350.6730312219479
04-16 16:00:00,233.4303155712074
04-16 17:00:00,289.2611022369765
04-16 18:00:00,422.97066184097275
04-16 19:00:00,604.9971230725748
04-16 20:00:00,603.1233835322039
04-16 21:00:00,532.489568313519
04-16 22:00:00,462.8474057174178
04-16 23:00:00,382.49398828923773
04-17 00:00:00,303.11771301746387
04-17 01:00:00,205.0794389975655
04-17 02:00:00,141.47543800667208
04-17 03:00:00,87.51557826212817
04-17 04:00:00,64.53400146637037
04-17 05:00:00,51.29381703394189
04-17 06:00:00,59.70705996073951
04-17 07:00:00,138.78165381662242
04-17 08:00:00,245.81463941159708
04-17 09:00:00,271.788767062761
04-17 10:00:00,293.10782106260814
04-17 11:00:00,224.19157432394556
04-17 12:00:00,258.68849175385407
04-17 13:00:00,299.9163865693779
04-17 14:00:00,289.447985544434
04-17 15:00:00,309.5960064673257
04-17 16:00:00,276.6281419682128
04-17 17:00:00,302.5145899819245
04-17 18:00:00,354.9148635727514
04-17 19:00:00,499.77561449736794
04-17 20:00:00,556.4396567409191
04-17 21:00:00,533.1254901853473
04-17 22:00:00,395.70034980155435
04-17 23:00:00,324.1479739712951
04-18 00:00:00,243.85220767066102
04-18 01:00:00,177.62032384273803
04-18 02:00:00,112.73611618898263
04-18 03:00:00,81.56083534359986
04-18 04:00:00,56.25515299610518
04-18 05:00:00,38.91275160213586
04-18 06:00:00,56.09166945322264
04-18 07:00:00,151.22985141916945
04-18 08:00:00,238.12884674079626
04-18 09:00:00,265.84937587348423
04-18 10:00:00,324.2367722741557
04-18 11:00:00,293.25266860642273
04-18 12:00:00,232.48956915781642
04-18 13:00:00,234.38258584280567
04-18 14:00:00,261.4154226332973
04-18 15:00:00,256.07622092597984
04-18 16:00:00,218.76026788615758
04-18 17:00:00,230.09416365948695
04-18 18:00:00,407.337041019314
04-18 19:00:00,546.2600245315714
04-18 20:00:00,609.8104740665771
04-18 21:00:00,537.1674943251381
04-18 22:00:00,424.59179107676346
04-18 23:00:00,351.0161394346489
04-19 00:00:00,276.7270264347372
04-19 01:00:00,208.95946574190214
04-19 02:00:00,162.64544606420836
04-19 03:00:00,107.35768652595326
04-19 04:00:00,64.45732495945587
04-19 05:00:00,47.60416425208542
04-19 06:00:00,45.79184115802837
04-19 07:00:00,142.61395128048542
04-19 08:00:00,208.56210264943826
04-19 09:00:00,262.18080466168027
04-19 10:00:00,323.1485541700755
04-19 11:00:00,273.7636751871809
04-19 12:00:00,252.91037228918432
04-19 13:00:00,248.51973687959216
04-19 14:00:00,213.20140296268266
04-19 15:00:00,263.3793680216622
04-19 16:00:00,253.37870746718102
04-19 17:00:00,266.84242698512764
04-19 18:00:00,405.1053503952581
04-19 19:00:00,505.80418436353534
04-19 20:00:00,517.7292529439642
04-19 21:00:00,484.823362484224
04-19 22:00:00,386.61659077241336
04-19 23:00:00,326.23260091366234
04-20 00:00:00,254.28140099940572
04-20 01:00:00,176.89405845806232
04-20 02:00:00,123.83089206079538
04-20 03:00:00,82.77554530769463
04-20 04:00:00,55.607375477422245
04-20 05:00:00,48.52681631955289
04-20 06:00:00,44.40919395821163
04-20 07:00:00,127.42446398900292
04-20 08:00:00,197.64035386617655
04-20 09:00:00,246.4951224671048
04-20 10:00:00,274.9219786589358
04-20 11:00:00,271.1517985508219
04-20 12:00:00,266.15028765958726
04-20 13:00:00,280.10308993976633
04-20 14:00:00,296.1941978701191
04-20 15:00:00,240.1942077917878
04-20 16:00:00,236.69570566038624
04-20 17:00:00,301.0452992722261
04-20 18:00:00,448.87438156623335
04-20 19:00:00,571.414934188141
04-20 20:00:00,586.8199175858915
04-20 21:00:00,473.96318538285726
04-20 22:00:00,376.4177817013582
04-20 23:00:00,293.26592207637555
04-21 00:00:00,232.95215379368582
04-21 01:00:00,173.71211755366488
04-21 02:00:00,168.85489503217588
04-21 03:00:00,118.12576583049352
04-21 04:00:00,96.70313360108894
04-21 05:00:00,53.83583852624149
04-21 06:00:00,39.13513024180838
04-21 07:00:00,52.304600746178586
04-21 08:00:00,100.06572550610007
04-21 09:00:00,158.80185553210995
04-21 10:00:00,184.58791500449527
04-21 11:00:00,292.80559021962097
04-21 12:00:00,295.54223152556676
04-21 13:00:00,244.06914596541674
04-21 14:00:00,280.71144273996055
04-21 15:00:00,278.1070049479438
04-21 16:00:00,323.9568893524071
04-21 17:00:00,357.3244847883454
04-21 18:00:00,373.9464582470053
04-21 19:00:00,384.77841484279634
04-21 20:00:00,363.643336059565
04-21 21:00:00,306.8218152692938
04-21 22:00:00,219.38853473166202
04-21 23:00:00,214.49648092200388
04-22 00:00:00,212.6010604173744
04-22 01:00:00,182.08551985447855
04-22 02:00:00,151.4476491140835
04-22 03:00:00,131.551758554596
04-22 04:00:00,79.99185969079603
04-22 05:00:00,43.95552717075857
04-22 06:00:00,41.59997386892616
04-22 07:00:00,38.5158598116511
04-22 08:00:00,38.91301585294655
04-22 09:00:00,140.33722513329383
04-22 10:00:00,206.1731788766246
04-22 11:00:00,217.93380233282113
04-22 12:00:00,175.7290609999142
04-22 13:00:00,186.98101630013315
04-22 14:00:00,176.38315980530635
04-22 15:00:00,184.83576980913674
04-22 16:00:00,210.4917515189374
04-22 17:00:00,278.90665586022214
04-22 18:00:00,353.6367260777508
04-22 19:00:00,414.3199497087818
04-22 20:00:00,404.6447348684878
04-22 21:00:00,325.0493088177206
04-22 22:00:00,277.28031134322373
04-22 23:00:00,234.46603569354917
04-23 00:00:00,180.07720992066777
04-23 01:00:00,118.13810062801937
04-23 02:00:00,91.41397468209574
04-23 03:00:00,71.63133097752132
04-23 04:00:00,62.11510144753494
04-23 05:00:00,46.91389202879856
04-23 06:00:00,53.079936750548505
04-23 07:00:00,136.74951779780667
04-23 08:00:00,226.34795406053013
04-23 09:00:00,278.2483764447258
04-23 10:00:00,263.97862624602783
04-23 11:00:00,252.79140896914208
04-23 12:00:00,217.5542378725175
04-23 13:00:00,249.3825266173974
04-23 14:00:00,282.7123779129128
04-23 15:00:00,350.6730312219479
04-23 16:00:00,233.4303155712074
04-23 17:00:00,289.2611022369765
04-23 18:00:00,422.97066184097275
04-23 19:00:00,604.9971230725748
04-23 20:00:00,603.1233835322039
04-23 21:00:00,532.489568313519
04-23 22:00:00,462.8474057174178
04-23 23:00:00,382.49398828923773
04-24 00:00:00,303.11771301746387
04-24 01:00:00,205.0794389975655
04-24 02:00:00,141.47543800667208
04-24 03:00:00,87.51557826212817
04-24 04:00:00,64.53400146637037
04-24 05:00:00,51.29381703394189
04-24 06:00:00,59.70705996073951
04-24 07:00:00,138.78165381662242
04-24 08:00:00,245.81463941159708
04-24 09:00:00,271.788767062761
04-24 10:00:00,293.10782106260814
04-24 11:00:00,224.19157432394556
04-24 12:00:00,258.68849175385407
04-24 13:00:00,299.9163865693779
04-24 14:00:00,289.447985544434
04-24 15:00:00,309.5960064673257
04-24 16:00:00,276.6281419682128
04-24 17:00:00,302.5145899819245
04-24 18:00:00,354.9148635727514
04-24 19:00:00,499.77561449736794
04-24 20:00:00,556.4396567409191
04-24 21:00:00,533.1254901853473
04-24 22:00:00,395.70034980155435
04-24 23:00:00,324.1479739712951
04-25 00:00:00,243.85220767066102
04-25 01:00:00,177.62032384273803
04-25 02:00:00,112.73611618898263
04-25 03:00:00,81.56083534359986
04-25 04:00:00,56.25515299610518
04-25 05:00:00,38.91275160213586
04-25 06:00:00,56.09166945322264
04-25 07:00:00,151.22985141916945
04-25 08:00:00,238.12884674079626
04-25 09:00:00,265.84937587348423
04-25 10:00:00,324.2367722741557
04-25 11:00:00,293.25266860642273
04-25 12:00:00,232.48956915781642
04-25 13:00:00,234.38258584280567
04-25 14:00:00,261.4154226332973
04-25 15:00:00,256.07622092597984
04-25 16:00:00,218.76026788615758
04-25 17:00:00,230.09416365948695
04-25 18:00:00,407.337041019314
04-25 19:00:00,546.2600245315714
04-25 20:00:00,609.8104740665771
04-25 21:00:00,537.1674943251381
04-25 22:00:00,424.59179107676346
04-25 23:00:00,351.0161394346489
04-26 00:00:00,276.7270264347372
04-26 01:00:00,208.95946574190214
04-26 02:00:00,162.64544606420836
04-26 03:00:00,107.35768652595326
04-26 04:00:00,64.45732495945587
04-26 05:00:00,47.60416425208542
04-26 06:00:00,45.79184115802837
04-26 07:00:00,142.61395128048542
04-26 08:00:00,208.56210264943826
04-26 09:00:00,262.18080466168027
04-26 10:00:00,323.1485541700755
04-26 11:00:00,273.7636751871809
04-26 12:00:00,252.91037228918432
04-26 13:00:00,248.51973687959216
04-26 14:00:00,213.20140296268266
04-26 15:00:00,263.3793680216622
04-26 16:00:00,253.37870746718102
04-26 17:00:00,266.84242698512764
04-26 18:00:00,405.1053503952581
04-26 19:00:00,505.80418436353534
04-26 20:00:00,517.7292529439642
04-26 21:00:00,484.823362484224
04-26 22:00:00,386.61659077241336
04-26 23:00:00,326.23260091366234
04-27 00:00:00,254.28140099940572
04-27 01:00:00,176.89405845806232
04-27 02:00:00,123.83089206079538
04-27 03:00:00,82.77554530769463
04-27 04:00:00,55.607375477422245
04-27 05:00:00,48.52681631955289
04-27 06:00:00,44.40919395821163
04-27 07:00:00,127.42446398900292
04-27 08:00:00,197.64035386617655
04-27 09:00:00,246.4951224671048
04-27 10:00:00,274.9219786589358
04-27 11:00:00,271.1517985508219
04-27 12:00:00,266.15028765958726
04-27 13:00:00,280.10308993976633
04-27 14:00:00,296.1941978701191
04-27 15:00:00,240.1942077917878
04-27 16:00:00,236.69570566038624
04-27 17:00:00,301.0452992722261
04-27 18:00:00,448.87438156623335
04-27 19:00:00,571.414934188141
04-27 20:00:00,586.8199175858915
04-27 21:00:00,473.96318538285726
04-27 22:00:00,376.4177817013582
04-27 23:00:00,293.26592207637555
04-28 00:00:00,232.95215379368582
04-28 01:00:00,173.71211755366488
04-28 02:00:00,168.85489503217588
04-28 03:00:00,118.12576583049352
04-28 04:00:00,96.70313360108894
04-28 05:00:00,53.83583852624149
04-28 06:00:00,39.13513024180838
04-28 07:00:00,52.304600746178586
04-28 08:00:00,100.06572550610007
04-28 09:00:00,158.80185553210995
04-28 10:00:00,184.58791500449527
04-28 11:00:00,292.80559021962097
04-28 12:00:00,295.54223152556676
04-28 13:00:00,244.06914596541674
04-28 14:00:00,280.71144273996055
04-28 15:00:00,278.1070049479438
04-28 16:00:00,323.9568893524071
04-28 17:00:00,357.3244847883454
04-28 18:00:00,373.9464582470053
04-28 19:00:00,384.77841484279634
04-28 20:00:00,363.643336059565
04-28 21:00:00,306.8218152692938
04-28 22:00:00,219.38853473166202
04-28 23:00:00,214.49648092200388
04-29 00:00:00,212.6010604173744
04-29 01:00:00,182.08551985447855
04-29 02:00:00,151.4476491140835
04-29 03:00:00,131.551758554596
04-29 04:00:00,79.99185969079603
04-29 05:00:00,43.95552717075857
04-29 06:00:00,41.59997386892616
04-29 07:00:00,38.5158598116511
04-29 08:00:00,38.91301585294655
04-29 09:00:00,140.33722513329383
04-29 10:00:00,206.1731788766246
04-29 11:00:00,217.93380233282113
04-29 12:00:00,175.7290609999142
04-29 13:00:00,186.98101630013315
04-29 14:00:00,176.38315980530635
04-29 15:00:00,184.83576980913674
04-29 16:00:00,210.4917515189374
04-29 17:00:00,278.90665586022214
04-29 18:00:00,353.6367260777508
04-29 19:00:00,414.3199497087818
04-29 20:00:00,404.6447348684878
04-29 21:00:00,325.0493088177206
04-29 22:00:00,277.28031134322373
04-29 23:00:00,234.46603569354917
04-30 00:00:00,180.07720992066777
04-30 01:00:00,118.13810062801937
04-30 02:00:00,91.41397468209574
04-30 03:00:00,71.63133097752132
04-30 04:00:00,62.11510144753494
04-30 05:00:00,46.91389202879856
04-30 06:00:00,53.079936750548505
04-30 07:00:00,136.74951779780667
04-30 08:00:00,226.34795406053013
04-30 09:00:00,278.2483764447258
04-30 10:00:00,263.97862624602783
04-30 11:00:00,252.79140896914208
04-30 12:00:00,217.5542378725175
04-30 13:00:00,249.3825266173974
04-30 14:00:00,282.7123779129128
04-30 15:00:00,350.6730312219479
04-30 16:00:00,233.4303155712074
04-30 17:00:00,289.2611022369765
04-30 18:00:00,422.97066184097275
04-30 19:00:00,604.9971230725748
04-30 20:00:00,603.1233835322039
04-30 21:00:00,532.489568313519
04-30 22:00:00,462.8474057174178
04-30 23:00:00,382.49398828923773
05-01 00:00:00,303.11771301746387
05-01 01:00:00,205.0794389975655
05-01 02:00:00,141.47543800667208
05-01 03:00:00,87.51557826212817
05-01 04:00:00,64.53400146637037
05-01 05:00:00,51.29381703394189
05-01 06:00:00,59.70705996073951
05-01 07:00:00,138.78165381662242
05-01 08:00:00,245.81463941159708
05-01 09:00:00,271.788767062761
05-01 10:00:00,293.10782106260814
05-01 11:00:00,224.19157432394556
05-01 12:00:00,258.68849175385407
05-01 13:00:00,299.9163865693779
05-01 14:00:00,289.447985544434
05-01 15:00:00,309.5960064673257
05-01 16:00:00,276.6281419682128
05-01 17:00:00,302.5145899819245
05-01 18:00:00,354.9148635727514
05-01 19:00:00,499.77561449736794
05-01 20:00:00,556.4396567409191
05-01 21:00:00,533.1254901853473
05-01 22:00:00,395.70034980155435
05-01 23:00:00,324.1479739712951
05-02 00:00:00,243.85220767066102
05-02 01:00:00,177.62032384273803
05-02 02:00:00,112.73611618898263
05-02 03:00:00,81.56083534359986
05-02 04:00:00,56.25515299610518
05-02 05:00:00,38.91275160213586
05-02 06:00:00,56.09166945322264
05-02 07:00:00,151.22985141916945
05-02 08:00:00,238.12884674079626
05-02 09:00:00,265.84937587348423
05-02 10:00:00,324.2367722741557
05-02 11:00:00,293.25266860642273
05-02 12:00:00,232.48956915781642
05-02 13:00:00,234.38258584280567
05-02 14:00:00,261.4154226332973
05-02 15:00:00,256.07622092597984
05-02 16:00:00,218.76026788615758
05-02 17:00:00,230.09416365948695
05-02 18:00:00,407.337041019314
05-02 19:00:00,546.2600245315714
05-02 20:00:00,609.8104740665771
05-02 21:00:00,537.1674943251381
05-02 22:00:00,424.59179107676346
05-02 23:00:00,351.0161394346489
05-03 00:00:00,276.7270264347372
05-03 01:00:00,208.95946574190214
05-03 02:00:00,162.64544606420836
05-03 03:00:00,107.35768652595326
05-03 04:00:00,64.45732495945587
05-03 05:00:00,47.60416425208542
05-03 06:00:00,45.79184115802837
05-03 07:00:00,142.61395128048542
05-03 08:00:00,208.56210264943826
05-03 09:00:00,262.18080466168027
05-03 10:00:00,323.1485541700755
05-03 11:00:00,273.7636751871809
05-03 12:00:00,252.91037228918432
05-03 13:00:00,248.51973687959216
05-03 14:00:00,213.20140296268266
05-03 15:00:00,263.3793680216622
05-03 16:00:00,253.37870746718102
05-03 17:00:00,266.84242698512764
05-03 18:00:00,405.1053503952581
05-03 19:00:00,505.80418436353534
05-03 20:00:00,517.7292529439642
05-03 21:00:00,484.823362484224
05-03 22:00:00,386.61659077241336
05-03 23:00:00,326.23260091366234
05-04 00:00:00,254.28140099940572
05-04 01:00:00,176.89405845806232
05-04 02:00:00,123.83089206079538
05-04 03:00:00,82.77554530769463
05-04 04:00:00,55.607375477422245
05-04 05:00:00,48.52681631955289
05-04 06:00:00,44.40919395821163
05-04 07:00:00,127.42446398900292
05-04 08:00:00,197.64035386617655
05-04 09:00:00,246.4951224671048
05-04 10:00:00,274.9219786589358
05-04 11:00:00,271.1517985508219
05-04 12:00:00,266.15028765958726
05-04 13:00:00,280.10308993976633
05-04 14:00:00,296.1941978701191
05-04 15:00:00,240.1942077917878
05-04 16:00:00,236.69570566038624
05-04 17:00:00,301.0452992722261
05-04 18:00:00,448.87438156623335
05-04 19:00:00,571.414934188141
05-04 20:00:00,586.8199175858915
05-04 21:00:00,473.96318538285726
05-04 22:00:00,376.4177817013582
05-04 23:00:00,293.26592207637555
05-05 00:00:00,232.95215379368582
05-05 01:00:00,173.71211755366488
05-05 02:00:00,168.85489503217588
05-05 03:00:00,118.12576583049352
05-05 04:00:00,96.70313360108894
05-05 05:00:00,53.83583852624149
05-05 06:00:00,39.13513024180838
05-05 07:00:00,52.304600746178586
05-05 08:00:00,100.06572550610007
05-05 09:00:00,158.80185553210995
05-05 10:00:00,184.58791500449527
05-05 11:00:00,292.80559021962097
05-05 12:00:00,295.54223152556676
05-05 13:00:00,244.06914596541674
05-05 14:00:00,280.71144273996055
05-05 15:00:00,278.1070049479438
05-05 16:00:00,323.9568893524071
05-05 17:00:00,357.3244847883454
05-05 18:00:00,373.9464582470053
05-05 19:00:00,384.77841484279634
05-05 20:00:00,363.643336059565
05-05 21:00:00,306.8218152692938
05-05 22:00:00,219.38853473166202
05-05 23:00:00,214.49648092200388
05-06 00:00:00,212.6010604173744
05-06 01:00:00,182.08551985447855
05-06 02:00:00,151.4476491140835
05-06 03:00:00,131.551758554596
05-06 04:00:00,79.99185969079603
05-06 05:00:00,43.95552717075857
05-06 06:00:00,41.59997386892616
05-06 07:00:00,38.5158598116511
05-06 08:00:00,38.91301585294655
05-06 09:00:00,140.33722513329383
05-06 10:00:00,206.1731788766246
05-06 11:00:00,217.93380233282113
05-06 12:00:00,175.7290609999142
05-06 13:00:00,186.98101630013315
05-06 14:00:00,176.38315980530635
05-06 15:00:00,184.83576980913674
05-06 16:00:00,210.4917515189374
05-06 17:00:00,278.90665586022214
05-06 18:00:00,353.6367260777508
05-06 19:00:00,414.3199497087818
05-06 20:00:00,404.6447348684878
05-06 21:00:00,325.0493088177206
05-06 22:00:00,277.28031134322373
05-06 23:00:00,234.46603569354917
05-07 00:00:00,180.07720992066777
05-07 01:00:00,118.13810062801937
05-07 02:00:00,91.41397468209574
05-07 03:00:00,71.63133097752132
05-07 04:00:00,62.11510144753494
05-07 05:00:00,46.91389202879856
05-07 06:00:00,53.079936750548505
05-07 07:00:00,136.74951779780667
05-07 08:00:00,226.34795406053013
05-07 09:00:00,278.2483764447258
05-07 10:00:00,263.97862624602783
05-07 11:00:00,252.79140896914208
05-07 12:00:00,217.5542378725175
05-07 13:00:00,249.3825266173974
05-07 14:00:00,282.7123779129128
05-07 15:00:00,350.6730312219479
05-07 16:00:00,233.4303155712074
05-07 17:00:00,289.2611022369765
05-07 18:00:00,422.97066184097275
05-07 19:00:00,604.9971230725748
05-07 20:00:00,603.1233835322039
05-07 21:00:00,532.489568313519
05-07 22:00:00,462.8474057174178
05-07 23:00:00,382.49398828923773
05-08 00:00:00,303.11771301746387
05-08 01:00:00,205.0794389975655
05-08 02:00:00,141.47543800667208
05-08 03:00:00,87.51557826212817
05-08 04:00:00,64.53400146637037
05-08 05:00:00,51.29381703394189
05-08 06:00:00,59.70705996073951
05-08 07:00:00,138.78165381662242
05-08 08:00:00,245.81463941159708
05-08 09:00:00,271.788767062761
05-08 10:00:00,293.10782106260814
05-08 11:00:00,224.19157432394556
05-08 12:00:00,258.68849175385407
05-08 13:00:00,299.9163865693779
05-08 14:00:00,289.447985544434
05-08 15:00:00,309.5960064673257
05-08 16:00:00,276.6281419682128
05-08 17:00:00,302.5145899819245
05-08 18:00:00,354.9148635727514
05-08 19:00:00,499.77561449736794
05-08 20:00:00,556.4396567409191
05-08 21:00:00,533.1254901853473
05-08 22:00:00,395.70034980155435
05-08 23:00:00,324.1479739712951
05-09 00:00:00,243.85220767066102
05-09 01:00:00,177.62032384273803
05-09 02:00:00,112.73611618898263
05-09 03:00:00,81.56083534359986
05-09 04:00:00,56.25515299610518
05-09 05:00:00,38.91275160213586
05-09 06:00:00,56.09166945322264
05-09 07:00:00,151.22985141916945
05-09 08:00:00,238.12884674079626
05-09 09:00:00,265.84937587348423
05-09 10:00:00,324.2367722741557
05-09 11:00:00,293.25266860642273
05-09 12:00:00,232.48956915781642
05-09 13:00:00,234.38258584280567
05-09 14:00:00,261.4154226332973
05-09 15:00:00,256.07622092597984
05-09 16:00:00,218.76026788615758
05-09 17:00:00,230.09416365948695
05-09 18:00:00,407.337041019314
05-09 19:00:00,546.2600245315714
05-09 20:00:00,609.8104740665771
05-09 21:00:00,537.1674943251381
05-09 22:00:00,424.59179107676346
05-09 23:00:00,351.0161394346489
05-10 00:00:00,276.7270264347372
05-10 01:00:00,208.95946574190214
05-10 02:00:00,162.64544606420836
05-10 03:00:00,107.35768652595326
05-10 04:00:00,64.45732495945587
05-10 05:00:00,47.60416425208542
05-10 06:00:00,45.79184115802837
05-10 07:00:00,142.61395128048542
05-10 08:00:00,208.56210264943826
05-10 09:00:00,262.18080466168027
05-10 10:00:00,323.1485541700755
05-10 11:00:00,273.7636751871809
05-10 12:00:00,252.91037228918432
05-10 13:00:00,248.51973687959216
05-10 14:00:00,213.20140296268266
05-10 15:00:00,263.3793680216622
05-10 16:00:00,253.37870746718102
05-10 17:00:00,266.84242698512764
05-10 18:00:00,405.1053503952581
05-10 19:00:00,505.80418436353534
05-10 20:00:00,517.7292529439642
05-10 21:00:00,484.823362484224
05-10 22:00:00,386.61659077241336
05-10 23:00:00,326.23260091366234
05-11 00:00:00,254.28140099940572
05-11 01:00:00,176.89405845806232
05-11 02:00:00,123.83089206079538
05-11 03:00:00,82.77554530769463
05-11 04:00:00,55.607375477422245
05-11 05:00:00,48.52681631955289
05-11 06:00:00,44.40919395821163
05-11 07:00:00,127.42446398900292
05-11 08:00:00,197.64035386617655
05-11 09:00:00,246.4951224671048
05-11 10:00:00,274.9219786589358
05-11 11:00:00,271.1517985508219
05-11 12:00:00,266.15028765958726
05-11 13:00:00,280.10308993976633
05-11 14:00:00,296.1941978701191
05-11 15:00:00,240.1942077917878
05-11 16:00:00,236.69570566038624
05-11 17:00:00,301.0452992722261
05-11 18:00:00,448.87438156623335
05-11 19:00:00,571.414934188141
05-11 20:00:00,586.8199175858915
05-11 21:00:00,473.96318538285726
05-11 22:00:00,376.4177817013582
05-11 23:00:00,293.26592207637555
05-12 00:00:00,232.95215379368582
05-12 01:00:00,173.71211755366488
05-12 02:00:00,168.85489503217588
05-12 03:00:00,118.12576583049352
05-12 04:00:00,96.70313360108894
05-12 05:00:00,53.83583852624149
05-12 06:00:00,39.13513024180838
05-12 07:00:00,52.304600746178586
05-12 08:00:00,100.06572550610007
05-12 09:00:00,158.80185553210995
05-12 10:00:00,184.58791500449527
05-12 11:00:00,292.80559021962097
05-12 12:00:00,295.54223152556676
05-12 13:00:00,244.06914596541674
05-12 14:00:00,280.71144273996055
05-12 15:00:00,278.1070049479438
05-12 16:00:00,323.9568893524071
05-12 17:00:00,357.3244847883454
05-12 18:00:00,373.9464582470053
05-12 19:00:00,384.77841484279634
05-12 20:00:00,363.643336059565
05-12 21:00:00,306.8218152692938
05-12 22:00:00,219.38853473166202
05-12 23:00:00,214.49648092200388
05-13 00:00:00,212.6010604173744
05-13 01:00:00,182.08551985447855
05-13 02:00:00,151.4476491140835
05-13 03:00:00,131.551758554596
05-13 04:00:00,79.99185969079603
05-13 05:00:00,43.95552717075857
05-13 06:00:00,41.59997386892616
05-13 07:00:00,38.5158598116511
05-13 08:00:00,38.91301585294655
05-13 09:00:00,140.33722513329383
05-13 10:00:00,206.1731788766246
05-13 11:00:00,217.93380233282113
05-13 12:00:00,175.7290609999142
05-13 13:00:00,186.98101630013315
05-13 14:00:00,176.38315980530635
05-13 15:00:00,184.83576980913674
05-13 16:00:00,210.4917515189374
05-13 17:00:00,278.90665586022214
05-13 18:00:00,353.6367260777508
05-13 19:00:00,414.3199497087818
05-13 20:00:00,404.6447348684878
05-13 21:00:00,325.0493088177206
05-13 22:00:00,277.28031134322373
05-13 23:00:00,234.46603569354917
05-14 00:00:00,180.07720992066777
05-14 01:00:00,118.13810062801937
05-14 02:00:00,91.41397468209574
05-14 03:00:00,71.63133097752132
05-14 04:00:00,62.11510144753494
05-14 05:00:00,46.91389202879856
05-14 06:00:00,53.079936750548505
05-14 07:00:00,136.74951779780667
05-14 08:00:00,226.34795406053013
05-14 09:00:00,278.2483764447258
05-14 10:00:00,263.97862624602783
05-14 11:00:00,252.79140896914208
05-14 12:00:00,217.5542378725175
05-14 13:00:00,249.3825266173974
05-14 14:00:00,282.7123779129128
05-14 15:00:00,350.6730312219479
05-14 16:00:00,233.4303155712074
05-14 17:00:00,289.2611022369765
05-14 18:00:00,422.97066184097275
05-14 19:00:00,604.9971230725748
05-14 20:00:00,603.1233835322039
05-14 21:00:00,532.489568313519
05-14 22:00:00,462.8474057174178
05-14 23:00:00,382.49398828923773
05-15 00:00:00,303.11771301746387
05-15 01:00:00,205.0794389975655
05-15 02:00:00,141.47543800667208
05-15 03:00:00,87.51557826212817
05-15 04:00:00,64.53400146637037
05-15 05:00:00,51.29381703394189
05-15 06:00:00,59.70705996073951
05-15 07:00:00,138.78165381662242
05-15 08:00:00,245.81463941159708
05-15 09:00:00,271.788767062761
05-15 10:00:00,293.10782106260814
05-15 11:00:00,224.19157432394556
05-15 12:00:00,258.68849175385407
05-15 13:00:00,299.9163865693779
05-15 14:00:00,289.447985544434
05-15 15:00:00,309.5960064673257
05-15 16:00:00,276.6281419682128
05-15 17:00:00,302.5145899819245
05-15 18:00:00,354.9148635727514
05-15 19:00:00,499.77561449736794
05-15 20:00:00,556.4396567409191
05-15 21:00:00,533.1254901853473
05-15 22:00:00,395.70034980155435
05-15 23:00:00,324.1479739712951
05-16 00:00:00,243.85220767066102
05-16 01:00:00,177.62032384273803
05-16 02:00:00,112.73611618898263
05-16 03:00:00,81.56083534359986
05-16 04:00:00,56.25515299610518
05-16 05:00:00,38.91275160213586
05-16 06:00:00,56.09166945322264
05-16 07:00:00,151.22985141916945
05-16 08:00:00,238.12884674079626
05-16 09:00:00,265.84937587348423
05-16 10:00:00,324.2367722741557
05-16 11:00:00,293.25266860642273
05-16 12:00:00,232.48956915781642
05-16 13:00:00,234.38258584280567
05-16 14:00:00,261.4154226332973
05-16 15:00:00,256.07622092597984
05-16 16:00:00,218.76026788615758
05-16 17:00:00,230.09416365948695
05-16 18:00:00,407.337041019314
05-16 19:00:00,546.2600245315714
05-16 20:00:00,609.8104740665771
05-16 21:00:00,537.1674943251381
05-16 22:00:00,424.59179107676346
05-16 23:00:00,351.0161394346489
05-17 00:00:00,276.7270264347372
05-17 01:00:00,208.95946574190214
05-17 02:00:00,162.64544606420836
05-17 03:00:00,107.35768652595326
05-17 04:00:00,64.45732495945587
05-17 05:00:00,47.60416425208542
05-17 06:00:00,45.79184115802837
05-17 07:00:00,142.61395128048542
05-17 08:00:00,208.56210264943826
05-17 09:00:00,262.18080466168027
05-17 10:00:00,323.1485541700755
05-17 11:00:00,273.7636751871809
05-17 12:00:00,252.91037228918432
05-17 13:00:00,248.51973687959216
05-17 14:00:00,213.20140296268266
05-17 15:00:00,263.3793680216622
05-17 16:00:00,253.37870746718102
05-17 17:00:00,266.84242698512764
05-17 18:00:00,405.1053503952581
05-17 19:00:00,505.80418436353534
05-17 20:00:00,517.7292529439642
05-17 21:00:00,484.823362484224
05-17 22:00:00,386.61659077241336
05-17 23:00:00,326.23260091366234
05-18 00:00:00,254.28140099940572
05-18 01:00:00,176.89405845806232
05-18 02:00:00,123.83089206079538
05-18 03:00:00,82.77554530769463
05-18 04:00:00,55.607375477422245
05-18 05:00:00,48.52681631955289
05-18 06:00:00,44.40919395821163
05-18 07:00:00,127.42446398900292
05-18 08:00:00,197.64035386617655
05-18 09:00:00,246.4951224671048
05-18 10:00:00,274.9219786589358
05-18 11:00:00,271.1517985508219
05-18 12:00:00,266.15028765958726
05-18 13:00:00,280.10308993976633
05-18 14:00:00,296.1941978701191
05-18 15:00:00,240.1942077917878
05-18 16:00:00,236.69570566038624
05-18 17:00:00,301.0452992722261
05-18 18:00:00,448.87438156623335
05-18 19:00:00,571.414934188141
05-18 20:00:00,586.8199175858915
05-18 21:00:00,473.96318538285726
05-18 22:00:00,376.4177817013582
05-18 23:00:00,293.26592207637555
05-19 00:00:00,232.95215379368582
05-19 01:00:00,173.71211755366488
05-19 02:00:00,168.85489503217588
05-19 03:00:00,118.12576583049352
05-19 04:00:00,96.70313360108894
05-19 05:00:00,53.83583852624149
05-19 06:00:00,39.13513024180838
05-19 07:00:00,52.304600746178586
05-19 08:00:00,100.06572550610007
05-19 09:00:00,158.80185553210995
05-19 10:00:00,184.58791500449527
05-19 11:00:00,292.80559021962097
05-19 12:00:00,295.54223152556676
05-19 13:00:00,244.06914596541674
05-19 14:00:00,280.71144273996055
05-19 15:00:00,278.1070049479438
05-19 16:00:00,323.9568893524071
05-19 17:00:00,357.3244847883454
05-19 18:00:00,373.9464582470053
05-19 19:00:00,384.77841484279634
05-19 20:00:00,363.643336059565
05-19 21:00:00,306.8218152692938
05-19 22:00:00,219.38853473166202
05-19 23:00:00,214.49648092200388
05-20 00:00:00,212.6010604173744
05-20 01:00:00,182.08551985447855
05-20 02:00:00,151.4476491140835
05-20 03:00:00,131.551758554596
05-20 04:00:00,79.99185969079603
05-20 05:00:00,43.95552717075857
05-20 06:00:00,41.59997386892616
05-20 07:00:00,38.5158598116511
05-20 08:00:00,38.91301585294655
05-20 09:00:00,140.33722513329383
05-20 10:00:00,206.1731788766246
05-20 11:00:00,217.93380233282113
05-20 12:00:00,175.7290609999142
05-20 13:00:00,186.98101630013315
05-20 14:00:00,176.38315980530635
05-20 15:00:00,184.83576980913674
05-20 16:00:00,210.4917515189374
05-20 17:00:00,278.90665586022214
05-20 18:00:00,353.6367260777508
05-20 19:00:00,414.3199497087818
05-20 20:00:00,404.6447348684878
05-20 21:00:00,325.0493088177206
05-20 22:00:00,277.28031134322373
05-20 23:00:00,234.46603569354917
05-21 00:00:00,180.07720992066777
05-21 01:00:00,118.13810062801937
05-21 02:00:00,91.41397468209574
05-21 03:00:00,71.63133097752132
05-21 04:00:00,62.11510144753494
05-21 05:00:00,46.91389202879856
05-21 06:00:00,53.079936750548505
05-21 07:00:00,136.74951779780667
05-21 08:00:00,226.34795406053013
05-21 09:00:00,278.2483764447258
05-21 10:00:00,263.97862624602783
05-21 11:00:00,252.79140896914208
05-21 12:00:00,217.5542378725175
05-21 13:00:00,249.3825266173974
05-21 14:00:00,282.7123779129128
05-21 15:00:00,350.6730312219479
05-21 16:00:00,233.4303155712074
05-21 17:00:00,289.2611022369765
05-21 18:00:00,422.97066184097275
05-21 19:00:00,604.9971230725748
05-21 20:00:00,603.1233835322039
05-21 21:00:00,532.489568313519
05-21 22:00:00,462.8474057174178
05-21 23:00:00,382.49398828923773
05-22 00:00:00,303.11771301746387
05-22 01:00:00,205.0794389975655
05-22 02:00:00,141.47543800667208
05-22 03:00:00,87.51557826212817
05-22 04:00:00,64.53400146637037
05-22 05:00:00,51.29381703394189
05-22 06:00:00,59.70705996073951
05-22 07:00:00,138.78165381662242
05-22 08:00:00,245.81463941159708
05-22 09:00:00,271.788767062761
05-22 10:00:00,293.10782106260814
05-22 11:00:00,224.19157432394556
05-22 12:00:00,258.68849175385407
05-22 13:00:00,299.9163865693779
05-22 14:00:00,289.447985544434
05-22 15:00:00,309.5960064673257
05-22 16:00:00,276.6281419682128
05-22 17:00:00,302.5145899819245
05-22 18:00:00,354.9148635727514
05-22 19:00:00,499.77561449736794
05-22 20:00:00,556.4396567409191
05-22 21:00:00,533.1254901853473
05-22 22:00:00,395.70034980155435
05-22 23:00:00,324.1479739712951
05-23 00:00:00,243.85220767066102
05-23 01:00:00,177.62032384273803
05-23 02:00:00,112.73611618898263
05-23 03:00:00,81.56083534359986
05-23 04:00:00,56.25515299610518
05-23 05:00:00,38.91275160213586
05-23 06:00:00,56.09166945322264
05-23 07:00:00,151.22985141916945
05-23 08:00:00,238.12884674079626
05-23 09:00:00,265.84937587348423
05-23 10:00:00,324.2367722741557
05-23 11:00:00,293.25266860642273
05-23 12:00:00,232.48956915781642
05-23 13:00:00,234.38258584280567
05-23 14:00:00,261.4154226332973
05-23 15:00:00,256.07622092597984
05-23 16:00:00,218.76026788615758
05-23 17:00:00,230.09416365948695
05-23 18:00:00,407.337041019314
05-23 19:00:00,546.2600245315714
05-23 20:00:00,609.8104740665771
05-23 21:00:00,537.1674943251381
05-23 22:00:00,424.59179107676346
05-23 23:00:00,351.0161394346489
05-24 00:00:00,276.7270264347372
05-24 01:00:00,208.95946574190214
05-24 02:00:00,162.64544606420836
05-24 03:00:00,107.35768652595326
05-24 04:00:00,64.45732495945587
05-24 05:00:00,47.60416425208542
05-24 06:00:00,45.79184115802837
05-24 07:00:00,142.61395128048542
05-24 08:00:00,208.56210264943826
05-24 09:00:00,262.18080466168027
05-24 10:00:00,323.1485541700755
05-24 11:00:00,273.7636751871809
05-24 12:00:00,252.91037228918432
05-24 13:00:00,248.51973687959216
05-24 14:00:00,213.20140296268266
05-24 15:00:00,263.3793680216622
05-24 16:00:00,253.37870746718102
05-24 17:00:00,266.84242698512764
05-24 18:00:00,405.1053503952581
05-24 19:00:00,505.80418436353534
05-24 20:00:00,517.7292529439642
05-24 21:00:00,484.823362484224
05-24 22:00:00,386.61659077241336
05-24 23:00:00,326.23260091366234
05-25 00:00:00,254.28140099940572
05-25 01:00:00,176.89405845806232
05-25 02:00:00,123.83089206079538
05-25 03:00:00,82.77554530769463
05-25 04:00:00,55.607375477422245
05-25 05:00:00,48.52681631955289
05-25 06:00:00,44.40919395821163
05-25 07:00:00,127.42446398900292
05-25 08:00:00,197.64035386617655
05-25 09:00:00,246.4951224671048
05-25 10:00:00,274.9219786589358
05-25 11:00:00,271.1517985508219
05-25 12:00:00,266.15028765958726
05-25 13:00:00,280.10308993976633
05-25 14:00:00,296.1941978701191
05-25 15:00:00,240.1942077917878
05-25 16:00:00,236.69570566038624
05-25 17:00:00,301.0452992722261
05-25 18:00:00,448.87438156623335
05-25 19:00:00,571.414934188141
05-25 20:00:00,586.8199175858915
05-25 21:00:00,473.96318538285726
05-25 22:00:00,376.4177817013582
05-25 23:00:00,293.26592207637555
05-26 00:00:00,232.95215379368582
05-26 01:00:00,173.71211755366488
05-26 02:00:00,168.85489503217588
05-26 03:00:00,118.12576583049352
05-26 04:00:00,96.70313360108894
05-26 05:00:00,53.83583852624149
05-26 06:00:00,39.13513024180838
05-26 07:00:00,52.304600746178586
05-26 08:00:00,100.06572550610007
05-26 09:00:00,158.80185553210995
05-26 10:00:00,184.58791500449527
05-26 11:00:00,292.80559021962097
05-26 12:00:00,295.54223152556676
05-26 13:00:00,244.06914596541674
05-26 14:00:00,280.71144273996055
05-26 15:00:00,278.1070049479438
05-26 16:00:00,323.9568893524071
05-26 17:00:00,357.3244847883454
05-26 18:00:00,373.9464582470053
05-26 19:00:00,384.77841484279634
05-26 20:00:00,363.643336059565
05-26 21:00:00,306.8218152692938
05-26 22:00:00,219.38853473166202
05-26 23:00:00,214.49648092200388
05-27 00:00:00,212.6010604173744
05-27 01:00:00,182.08551985447855
05-27 02:00:00,151.4476491140835
05-27 03:00:00,131.551758554596
05-27 04:00:00,79.99185969079603
05-27 05:00:00,43.95552717075857
05-27 06:00:00,41.59997386892616
05-27 07:00:00,38.5158598116511
05-27 08:00:00,38.91301585294655
05-27 09:00:00,140.33722513329383
05-27 10:00:00,206.1731788766246
05-27 11:00:00,217.93380233282113
05-27 12:00:00,175.7290609999142
05-27 13:00:00,186.98101630013315
05-27 14:00:00,176.38315980530635
05-27 15:00:00,184.83576980913674
05-27 16:00:00,210.4917515189374
05-27 17:00:00,278.90665586022214
05-27 18:00:00,353.6367260777508
05-27 19:00:00,414.3199497087818
05-27 20:00:00,404.6447348684878
05-27 21:00:00,325.0493088177206
05-27 22:00:00,277.28031134322373
05-27 23:00:00,234.46603569354917
05-28 00:00:00,180.07720992066777
05-28 01:00:00,118.13810062801937
05-28 02:00:00,91.41397468209574
05-28 03:00:00,71.63133097752132
05-28 04:00:00,62.11510144753494
05-28 05:00:00,46.91389202879856
05-28 06:00:00,53.079936750548505
05-28 07:00:00,136.74951779780667
05-28 08:00:00,226.34795406053013
05-28 09:00:00,278.2483764447258
05-28 10:00:00,263.97862624602783
05-28 11:00:00,252.79140896914208
05-28 12:00:00,217.5542378725175
05-28 13:00:00,249.3825266173974
05-28 14:00:00,282.7123779129128
05-28 15:00:00,350.6730312219479
05-28 16:00:00,233.4303155712074
05-28 17:00:00,289.2611022369765
05-28 18:00:00,422.97066184097275
05-28 19:00:00,604.9971230725748
05-28 20:00:00,603.1233835322039
05-28 21:00:00,532.489568313519
05-28 22:00:00,462.8474057174178
05-28 23:00:00,382.49398828923773
05-29 00:00:00,303.11771301746387
05-29 01:00:00,205.0794389975655
05-29 02:00:00,141.47543800667208
05-29 03:00:00,87.51557826212817
05-29 04:00:00,64.53400146637037
05-29 05:00:00,51.29381703394189
05-29 06:00:00,59.70705996073951
05-29 07:00:00,138.78165381662242
05-29 08:00:00,245.81463941159708
05-29 09:00:00,271.788767062761
05-29 10:00:00,293.10782106260814
05-29 11:00:00,224.19157432394556
05-29 12:00:00,258.68849175385407
05-29 13:00:00,299.9163865693779
05-29 14:00:00,289.447985544434
05-29 15:00:00,309.5960064673257
05-29 16:00:00,276.6281419682128
05-29 17:00:00,302.5145899819245
05-29 18:00:00,354.9148635727514
05-29 19:00:00,499.77561449736794
05-29 20:00:00,556.4396567409191
05-29 21:00:00,533.1254901853473
05-29 22:00:00,395.70034980155435
05-29 23:00:00,324.1479739712951
05-30 00:00:00,243.85220767066102
05-30 01:00:00,177.62032384273803
05-30 02:00:00,112.73611618898263
05-30 03:00:00,81.56083534359986
05-30 04:00:00,56.25515299610518
05-30 05:00:00,38.91275160213586
05-30 06:00:00,56.09166945322264
05-30 07:00:00,151.22985141916945
05-30 08:00:00,238.12884674079626
05-30 09:00:00,265.84937587348423
05-30 10:00:00,324.2367722741557
05-30 11:00:00,293.25266860642273
05-30 12:00:00,232.48956915781642
05-30 13:00:00,234.38258584280567
05-30 14:00:00,261.4154226332973
05-30 15:00:00,256.07622092597984
05-30 16:00:00,218.76026788615758
05-30 17:00:00,230.09416365948695
05-30 18:00:00,407.337041019314
05-30 19:00:00,546.2600245315714
05-30 20:00:00,609.8104740665771
05-30 21:00:00,537.1674943251381
05-30 22:00:00,424.59179107676346
05-30 23:00:00,351.0161394346489
05-31 00:00:00,276.7270264347372
05-31 01:00:00,208.95946574190214
05-31 02:00:00,162.64544606420836
05-31 03:00:00,107.35768652595326
05-31 04:00:00,64.45732495945587
05-31 05:00:00,47.60416425208542
05-31 06:00:00,45.79184115802837
05-31 07:00:00,142.61395128048542
05-31 08:00:00,208.56210264943826
05-31 09:00:00,262.18080466168027
05-31 10:00:00,323.1485541700755
05-31 11:00:00,273.7636751871809
05-31 12:00:00,252.91037228918432
05-31 13:00:00,248.51973687959216
05-31 14:00:00,213.20140296268266
05-31 15:00:00,263.3793680216622
05-31 16:00:00,253.37870746718102
05-31 17:00:00,266.84242698512764
05-31 18:00:00,405.1053503952581
05-31 19:00:00,505.80418436353534
05-31 20:00:00,517.7292529439642
05-31 21:00:00,484.823362484224
05-31 22:00:00,386.61659077241336
05-31 23:00:00,326.23260091366234
06-01 00:00:00,254.28140099940572
06-01 01:00:00,176.89405845806232
06-01 02:00:00,123.83089206079538
06-01 03:00:00,82.77554530769463
06-01 04:00:00,55.607375477422245
06-01 05:00:00,48.52681631955289
06-01 06:00:00,44.40919395821163
06-01 07:00:00,127.42446398900292
06-01 08:00:00,197.64035386617655
06-01 09:00:00,246.4951224671048
06-01 10:00:00,274.9219786589358
06-01 11:00:00,271.1517985508219
06-01 12:00:00,266.15028765958726
06-01 13:00:00,280.10308993976633
06-01 14:00:00,296.1941978701191
06-01 15:00:00,240.1942077917878
06-01 16:00:00,236.69570566038624
06-01 17:00:00,301.0452992722261
06-01 18:00:00,448.87438156623335
06-01 19:00:00,571.414934188141
06-01 20:00:00,586.8199175858915
06-01 21:00:00,473.96318538285726
06-01 22:00:00,376.4177817013582
06-01 23:00:00,293.26592207637555
06-02 00:00:00,232.95215379368582
06-02 01:00:00,173.71211755366488
06-02 02:00:00,168.85489503217588
06-02 03:00:00,118.12576583049352
06-02 04:00:00,96.70313360108894
06-02 05:00:00,53.83583852624149
06-02 06:00:00,39.13513024180838
06-02 07:00:00,52.304600746178586
06-02 08:00:00,100.06572550610007
06-02 09:00:00,158.80185553210995
06-02 10:00:00,184.58791500449527
06-02 11:00:00,292.80559021962097
06-02 12:00:00,295.54223152556676
06-02 13:00:00,244.06914596541674
06-02 14:00:00,280.71144273996055
06-02 15:00:00,278.1070049479438
06-02 16:00:00,323.9568893524071
06-02 17:00:00,357.3244847883454
06-02 18:00:00,373.9464582470053
06-02 19:00:00,384.77841484279634
06-02 20:00:00,363.643336059565
06-02 21:00:00,306.8218152692938
06-02 22:00:00,219.38853473166202
06-02 23:00:00,214.49648092200388
06-03 00:00:00,212.6010604173744
06-03 01:00:00,182.08551985447855
06-03 02:00:00,151.4476491140835
06-03 03:00:00,131.551758554596
06-03 04:00:00,79.99185969079603
06-03 05:00:00,43.95552717075857
06-03 06:00:00,41.59997386892616
06-03 07:00:00,38.5158598116511
06-03 08:00:00,38.91301585294655
06-03 09:00:00,140.33722513329383
06-03 10:00:00,206.1731788766246
06-03 11:00:00,217.93380233282113
06-03 12:00:00,175.7290609999142
06-03 13:00:00,186.98101630013315
06-03 14:00:00,176.38315980530635
06-03 15:00:00,184.83576980913674
06-03 16:00:00,210.4917515189374
06-03 17:00:00,278.90665586022214
06-03 18:00:00,353.6367260777508
06-03 19:00:00,414.3199497087818
06-03 20:00:00,404.6447348684878
06-03 21:00:00,325.0493088177206
06-03 22:00:00,277.28031134322373
06-03 23:00:00,234.46603569354917
06-04 00:00:00,180.07720992066777
06-04 01:00:00,118.13810062801937
06-04 02:00:00,91.41397468209574
06-04 03:00:00,71.63133097752132
06-04 04:00:00,62.11510144753494
06-04 05:00:00,46.91389202879856
06-04 06:00:00,53.079936750548505
06-04 07:00:00,136.74951779780667
06-04 08:00:00,226.34795406053013
06-04 09:00:00,278.2483764447258
06-04 10:00:00,263.97862624602783
06-04 11:00:00,252.79140896914208
06-04 12:00:00,217.5542378725175
06-04 13:00:00,249.3825266173974
06-04 14:00:00,282.7123779129128
06-04 15:00:00,350.6730312219479
06-04 16:00:00,233.4303155712074
06-04 17:00:00,289.2611022369765
06-04 18:00:00,422.97066184097275
06-04 19:00:00,604.9971230725748
06-04 20:00:00,603.1233835322039
06-04 21:00:00,532.489568313519
06-04 22:00:00,462.8474057174178
06-04 23:00:00,382.49398828923773
06-05 00:00:00,303.11771301746387
06-05 01:00:00,205.0794389975655
06-05 02:00:00,141.47543800667208
06-05 03:00:00,87.51557826212817
06-05 04:00:00,64.53400146637037
06-05 05:00:00,51.29381703394189
06-05 06:00:00,59.70705996073951
06-05 07:00:00,138.78165381662242
06-05 08:00:00,245.81463941159708
06-05 09:00:00,271.788767062761
06-05 10:00:00,293.10782106260814
06-05 11:00:00,224.19157432394556
06-05 12:00:00,258.68849175385407
06-05 13:00:00,299.9163865693779
06-05 14:00:00,289.447985544434
06-05 15:00:00,309.5960064673257
06-05 16:00:00,276.6281419682128
06-05 17:00:00,302.5145899819245
06-05 18:00:00,354.9148635727514
06-05 19:00:00,499.77561449736794
06-05 20:00:00,556.4396567409191
06-05 21:00:00,533.1254901853473
06-05 22:00:00,395.70034980155435
06-05 23:00:00,324.1479739712951
06-06 00:00:00,243.85220767066102
06-06 01:00:00,177.62032384273803
06-06 02:00:00,112.73611618898263
06-06 03:00:00,81.56083534359986
06-06 04:00:00,56.25515299610518
06-06 05:00:00,38.91275160213586
06-06 06:00:00,56.09166945322264
06-06 07:00:00,151.22985141916945
06-06 08:00:00,238.12884674079626
06-06 09:00:00,265.84937587348423
06-06 10:00:00,324.2367722741557
06-06 11:00:00,293.25266860642273
06-06 12:00:00,232.48956915781642
06-06 13:00:00,234.38258584280567
06-06 14:00:00,261.4154226332973
06-06 15:00:00,256.07622092597984
06-06 16:00:00,218.76026788615758
06-06 17:00:00,230.09416365948695
06-06 18:00:00,407.337041019314
06-06 19:00:00,546.2600245315714
06-06 20:00:00,609.8104740665771
06-06 21:00:00,537.1674943251381
06-06 22:00:00,424.59179107676346
06-06 23:00:00,351.0161394346489
06-07 00:00:00,276.7270264347372
06-07 01:00:00,208.95946574190214
06-07 02:00:00,162.64544606420836
06-07 03:00:00,107.35768652595326
06-07 04:00:00,64.45732495945587
06-07 05:00:00,47.60416425208542
06-07 06:00:00,45.79184115802837
06-07 07:00:00,142.61395128048542
06-07 08:00:00,208.56210264943826
06-07 09:00:00,262.18080466168027
06-07 10:00:00,323.1485541700755
06-07 11:00:00,273.7636751871809
06-07 12:00:00,252.91037228918432
06-07 13:00:00,248.51973687959216
06-07 14:00:00,213.20140296268266
06-07 15:00:00,263.3793680216622
06-07 16:00:00,253.37870746718102
06-07 17:00:00,266.84242698512764
06-07 18:00:00,405.1053503952581
06-07 19:00:00,505.80418436353534
06-07 20:00:00,517.7292529439642
06-07 21:00:00,484.823362484224
06-07 22:00:00,386.61659077241336
06-07 23:00:00,326.23260091366234
06-08 00:00:00,254.28140099940572
06-08 01:00:00,176.89405845806232
06-08 02:00:00,123.83089206079538
06-08 03:00:00,82.77554530769463
06-08 04:00:00,55.607375477422245
06-08 05:00:00,48.52681631955289
06-08 06:00:00,44.40919395821163
06-08 07:00:00,127.42446398900292
06-08 08:00:00,197.64035386617655
06-08 09:00:00,246.4951224671048
06-08 10:00:00,274.9219786589358
06-08 11:00:00,271.1517985508219
06-08 12:00:00,266.15028765958726
06-08 13:00:00,280.10308993976633
06-08 14:00:00,296.1941978701191
06-08 15:00:00,240.1942077917878
06-08 16:00:00,236.69570566038624
06-08 17:00:00,301.0452992722261
06-08 18:00:00,448.87438156623335
06-08 19:00:00,571.414934188141
06-08 20:00:00,586.8199175858915
06-08 21:00:00,473.96318538285726
06-08 22:00:00,376.4177817013582
06-08 23:00:00,293.26592207637555
06-09 00:00:00,232.95215379368582
06-09 01:00:00,173.71211755366488
06-09 02:00:00,168.85489503217588
06-09 03:00:00,118.12576583049352
06-09 04:00:00,96.70313360108894
06-09 05:00:00,53.83583852624149
06-09 06:00:00,39.13513024180838
06-09 07:00:00,52.304600746178586
06-09 08:00:00,100.06572550610007
06-09 09:00:00,158.80185553210995
06-09 10:00:00,184.58791500449527
06-09 11:00:00,292.80559021962097
06-09 12:00:00,295.54223152556676
06-09 13:00:00,244.06914596541674
06-09 14:00:00,280.71144273996055
06-09 15:00:00,278.1070049479438
06-09 16:00:00,323.9568893524071
06-09 17:00:00,357.3244847883454
06-09 18:00:00,373.9464582470053
06-09 19:00:00,384.77841484279634
06-09 20:00:00,363.643336059565
06-09 21:00:00,306.8218152692938
06-09 22:00:00,219.38853473166202
06-09 23:00:00,214.49648092200388
06-10 00:00:00,212.6010604173744
06-10 01:00:00,182.08551985447855
06-10 02:00:00,151.4476491140835
06-10 03:00:00,131.551758554596
06-10 04:00:00,79.99185969079603
06-10 05:00:00,43.95552717075857
06-10 06:00:00,41.59997386892616
06-10 07:00:00,38.5158598116511
06-10 08:00:00,38.91301585294655
06-10 09:00:00,140.33722513329383
06-10 10:00:00,206.1731788766246
06-10 11:00:00,217.93380233282113
06-10 12:00:00,175.7290609999142
06-10 13:00:00,186.98101630013315
06-10 14:00:00,176.38315980530635
06-10 15:00:00,184.83576980913674
06-10 16:00:00,210.4917515189374
06-10 17:00:00,278.90665586022214
06-10 18:00:00,353.6367260777508
06-10 19:00:00,414.3199497087818
06-10 20:00:00,404.6447348684878
06-10 21:00:00,325.0493088177206
06-10 22:00:00,277.28031134322373
06-10 23:00:00,234.46603569354917
06-11 00:00:00,180.07720992066777
06-11 01:00:00,118.13810062801937
06-11 02:00:00,91.41397468209574
06-11 03:00:00,71.63133097752132
06-11 04:00:00,62.11510144753494
06-11 05:00:00,46.91389202879856
06-11 06:00:00,53.079936750548505
06-11 07:00:00,136.74951779780667
06-11 08:00:00,226.34795406053013
06-11 09:00:00,278.2483764447258
06-11 10:00:00,263.97862624602783
06-11 11:00:00,252.79140896914208
06-11 12:00:00,217.5542378725175
06-11 13:00:00,249.3825266173974
06-11 14:00:00,282.7123779129128
06-11 15:00:00,350.6730312219479
06-11 16:00:00,233.4303155712074
06-11 17:00:00,289.2611022369765
06-11 18:00:00,422.97066184097275
06-11 19:00:00,604.9971230725748
06-11 20:00:00,603.1233835322039
06-11 21:00:00,532.489568313519
06-11 22:00:00,462.8474057174178
06-11 23:00:00,382.49398828923773
06-12 00:00:00,303.11771301746387
06-12 01:00:00,205.0794389975655
06-12 02:00:00,141.47543800667208
06-12 03:00:00,87.51557826212817
06-12 04:00:00,64.53400146637037
06-12 05:00:00,51.29381703394189
06-12 06:00:00,59.70705996073951
06-12 07:00:00,138.78165381662242
06-12 08:00:00,245.81463941159708
06-12 09:00:00,271.788767062761
06-12 10:00:00,293.10782106260814
06-12 11:00:00,224.19157432394556
06-12 12:00:00,258.68849175385407
06-12 13:00:00,299.9163865693779
06-12 14:00:00,289.447985544434
06-12 15:00:00,309.5960064673257
06-12 16:00:00,276.6281419682128
06-12 17:00:00,302.5145899819245
06-12 18:00:00,354.9148635727514
06-12 19:00:00,499.77561449736794
06-12 20:00:00,556.4396567409191
06-12 21:00:00,533.1254901853473
06-12 22:00:00,395.70034980155435
06-12 23:00:00,324.1479739712951
06-13 00:00:00,243.85220767066102
06-13 01:00:00,177.62032384273803
06-13 02:00:00,112.73611618898263
06-13 03:00:00,81.56083534359986
06-13 04:00:00,56.25515299610518
06-13 05:00:00,38.91275160213586
06-13 06:00:00,56.09166945322264
06-13 07:00:00,151.22985141916945
06-13 08:00:00,238.12884674079626
06-13 09:00:00,265.84937587348423
06-13 10:00:00,324.2367722741557
06-13 11:00:00,293.25266860642273
06-13 12:00:00,232.48956915781642
06-13 13:00:00,234.38258584280567
06-13 14:00:00,261.4154226332973
06-13 15:00:00,256.07622092597984
06-13 16:00:00,218.76026788615758
06-13 17:00:00,230.09416365948695
06-13 18:00:00,407.337041019314
06-13 19:00:00,546.2600245315714
06-13 20:00:00,609.8104740665771
06-13 21:00:00,537.1674943251381
06-13 22:00:00,424.59179107676346
06-13 23:00:00,351.0161394346489
06-14 00:00:00,276.7270264347372
06-14 01:00:00,208.95946574190214
06-14 02:00:00,162.64544606420836
06-14 03:00:00,107.35768652595326
06-14 04:00:00,64.45732495945587
06-14 05:00:00,47.60416425208542
06-14 06:00:00,45.79184115802837
06-14 07:00:00,142.61395128048542
06-14 08:00:00,208.56210264943826
06-14 09:00:00,262.18080466168027
06-14 10:00:00,323.1485541700755
06-14 11:00:00,273.7636751871809
06-14 12:00:00,252.91037228918432
06-14 13:00:00,248.51973687959216
06-14 14:00:00,213.20140296268266
06-14 15:00:00,263.3793680216622
06-14 16:00:00,253.37870746718102
06-14 17:00:00,266.84242698512764
06-14 18:00:00,405.1053503952581
06-14 19:00:00,505.80418436353534
06-14 20:00:00,517.7292529439642
06-14 21:00:00,484.823362484224
06-14 22:00:00,386.61659077241336
06-14 23:00:00,326.23260091366234
06-15 00:00:00,254.28140099940572
06-15 01:00:00,176.89405845806232
06-15 02:00:00,123.83089206079538
06-15 03:00:00,82.77554530769463
06-15 04:00:00,55.607375477422245
06-15 05:00:00,48.52681631955289
06-15 06:00:00,44.40919395821163
06-15 07:00:00,127.42446398900292
06-15 08:00:00,197.64035386617655
06-15 09:00:00,246.4951224671048
06-15 10:00:00,274.9219786589358
06-15 11:00:00,271.1517985508219
06-15 12:00:00,266.15028765958726
06-15 13:00:00,280.10308993976633
06-15 14:00:00,296.1941978701191
06-15 15:00:00,240.1942077917878
06-15 16:00:00,236.69570566038624
06-15 17:00:00,301.0452992722261
06-15 18:00:00,448.87438156623335
06-15 19:00:00,571.414934188141
06-15 20:00:00,586.8199175858915
06-15 21:00:00,473.96318538285726
06-15 22:00:00,376.4177817013582
06-15 23:00:00,293.26592207637555
06-16 00:00:00,232.95215379368582
06-16 01:00:00,173.71211755366488
06-16 02:00:00,168.85489503217588
06-16 03:00:00,118.12576583049352
06-16 04:00:00,96.70313360108894
06-16 05:00:00,53.83583852624149
06-16 06:00:00,39.13513024180838
06-16 07:00:00,52.304600746178586
06-16 08:00:00,100.06572550610007
06-16 09:00:00,158.80185553210995
06-16 10:00:00,184.58791500449527
06-16 11:00:00,292.80559021962097
06-16 12:00:00,295.54223152556676
06-16 13:00:00,244.06914596541674
06-16 14:00:00,280.71144273996055
06-16 15:00:00,278.1070049479438
06-16 16:00:00,323.9568893524071
06-16 17:00:00,357.3244847883454
06-16 18:00:00,373.9464582470053
06-16 19:00:00,384.77841484279634
06-16 20:00:00,363.643336059565
06-16 21:00:00,306.8218152692938
06-16 22:00:00,219.38853473166202
06-16 23:00:00,214.49648092200388
06-17 00:00:00,212.6010604173744
06-17 01:00:00,182.08551985447855
06-17 02:00:00,151.4476491140835
06-17 03:00:00,131.551758554596
06-17 04:00:00,79.99185969079603
06-17 05:00:00,43.95552717075857
06-17 06:00:00,41.59997386892616
06-17 07:00:00,38.5158598116511
06-17 08:00:00,38.91301585294655
06-17 09:00:00,140.33722513329383
06-17 10:00:00,206.1731788766246
06-17 11:00:00,217.93380233282113
06-17 12:00:00,175.7290609999142
06-17 13:00:00,186.98101630013315
06-17 14:00:00,176.38315980530635
06-17 15:00:00,184.83576980913674
06-17 16:00:00,210.4917515189374
06-17 17:00:00,278.90665586022214
06-17 18:00:00,353.6367260777508
06-17 19:00:00,414.3199497087818
06-17 20:00:00,404.6447348684878
06-17 21:00:00,325.0493088177206
06-17 22:00:00,277.28031134322373
06-17 23:00:00,234.46603569354917
06-18 00:00:00,180.07720992066777
06-18 01:00:00,118.13810062801937
06-18 02:00:00,91.41397468209574
06-18 03:00:00,71.63133097752132
06-18 04:00:00,62.11510144753494
06-18 05:00:00,46.91389202879856
06-18 06:00:00,53.079936750548505
06-18 07:00:00,136.74951779780667
06-18 08:00:00,226.34795406053013
06-18 09:00:00,278.2483764447258
06-18 10:00:00,263.97862624602783
06-18 11:00:00,252.79140896914208
06-18 12:00:00,217.5542378725175
06-18 13:00:00,249.3825266173974
06-18 14:00:00,282.7123779129128
06-18 15:00:00,350.6730312219479
06-18 16:00:00,233.4303155712074
06-18 17:00:00,289.2611022369765
06-18 18:00:00,422.97066184097275
06-18 19:00:00,604.9971230725748
06-18 20:00:00,603.1233835322039
06-18 21:00:00,532.489568313519
06-18 22:00:00,462.8474057174178
06-18 23:00:00,382.49398828923773
06-19 00:00:00,303.11771301746387
06-19 01:00:00,205.0794389975655
06-19 02:00:00,141.47543800667208
06-19 03:00:00,87.51557826212817
06-19 04:00:00,64.53400146637037
06-19 05:00:00,51.29381703394189
06-19 06:00:00,59.70705996073951
06-19 07:00:00,138.78165381662242
06-19 08:00:00,245.81463941159708
06-19 09:00:00,271.788767062761
06-19 10:00:00,293.10782106260814
06-19 11:00:00,224.19157432394556
06-19 12:00:00,258.68849175385407
06-19 13:00:00,299.9163865693779
06-19 14:00:00,289.447985544434
06-19 15:00:00,309.5960064673257
06-19 16:00:00,276.6281419682128
06-19 17:00:00,302.5145899819245
06-19 18:00:00,354.9148635727514
06-19 19:00:00,499.77561449736794
06-19 20:00:00,556.4396567409191
06-19 21:00:00,533.1254901853473
06-19 22:00:00,395.70034980155435
06-19 23:00:00,324.1479739712951
06-20 00:00:00,243.85220767066102
06-20 01:00:00,177.62032384273803
06-20 02:00:00,112.73611618898263
06-20 03:00:00,81.56083534359986
06-20 04:00:00,56.25515299610518
06-20 05:00:00,38.91275160213586
06-20 06:00:00,56.09166945322264
06-20 07:00:00,151.22985141916945
06-20 08:00:00,238.12884674079626
06-20 09:00:00,265.84937587348423
06-20 10:00:00,324.2367722741557
06-20 11:00:00,293.25266860642273
06-20 12:00:00,232.48956915781642
06-20 13:00:00,234.38258584280567
06-20 14:00:00,261.4154226332973
06-20 15:00:00,256.07622092597984
06-20 16:00:00,218.76026788615758
06-20 17:00:00,230.09416365948695
06-20 18:00:00,407.337041019314
06-20 19:00:00,546.2600245315714
06-20 20:00:00,609.8104740665771
06-20 21:00:00,537.1674943251381
06-20 22:00:00,424.59179107676346
06-20 23:00:00,351.0161394346489
06-21 00:00:00,276.7270264347372
06-21 01:00:00,208.95946574190214
06-21 02:00:00,162.64544606420836
06-21 03:00:00,107.35768652595326
06-21 04:00:00,64.45732495945587
06-21 05:00:00,47.60416425208542
06-21 06:00:00,45.79184115802837
06-21 07:00:00,142.61395128048542
06-21 08:00:00,208.56210264943826
06-21 09:00:00,262.18080466168027
06-21 10:00:00,323.1485541700755
06-21 11:00:00,273.7636751871809
06-21 12:00:00,252.91037228918432
06-21 13:00:00,248.51973687959216
06-21 14:00:00,213.20140296268266
06-21 15:00:00,263.3793680216622
06-21 16:00:00,253.37870746718102
06-21 17:00:00,266.84242698512764
06-21 18:00:00,405.1053503952581
06-21 19:00:00,505.80418436353534
06-21 20:00:00,517.7292529439642
06-21 21:00:00,484.823362484224
06-21 22:00:00,386.61659077241336
06-21 23:00:00,326.23260091366234
06-22 00:00:00,254.28140099940572
06-22 01:00:00,176.89405845806232
06-22 02:00:00,123.83089206079538
06-22 03:00:00,82.77554530769463
06-22 04:00:00,55.607375477422245
06-22 05:00:00,48.52681631955289
06-22 06:00:00,44.40919395821163
06-22 07:00:00,127.42446398900292
06-22 08:00:00,197.64035386617655
06-22 09:00:00,246.4951224671048
06-22 10:00:00,274.9219786589358
06-22 11:00:00,271.1517985508219
06-22 12:00:00,266.15028765958726
06-22 13:00:00,280.10308993976633
06-22 14:00:00,296.1941978701191
06-22 15:00:00,240.1942077917878
06-22 16:00:00,236.69570566038624
06-22 17:00:00,301.0452992722261
06-22 18:00:00,448.87438156623335
06-22 19:00:00,571.414934188141
06-22 20:00:00,586.8199175858915
06-22 21:00:00,473.96318538285726
06-22 22:00:00,376.4177817013582
06-22 23:00:00,293.26592207637555
06-23 00:00:00,232.95215379368582
06-23 01:00:00,173.71211755366488
06-23 02:00:00,168.85489503217588
06-23 03:00:00,118.12576583049352
06-23 04:00:00,96.70313360108894
06-23 05:00:00,53.83583852624149
06-23 06:00:00,39.13513024180838
06-23 07:00:00,52.304600746178586
06-23 08:00:00,100.06572550610007
06-23 09:00:00,158.80185553210995
06-23 10:00:00,184.58791500449527
06-23 11:00:00,292.80559021962097
06-23 12:00:00,295.54223152556676
06-23 13:00:00,244.06914596541674
06-23 14:00:00,280.71144273996055
06-23 15:00:00,278.1070049479438
06-23 16:00:00,323.9568893524071
06-23 17:00:00,357.3244847883454
06-23 18:00:00,373.9464582470053
06-23 19:00:00,384.77841484279634
06-23 20:00:00,363.643336059565
06-23 21:00:00,306.8218152692938
06-23 22:00:00,219.38853473166202
06-23 23:00:00,214.49648092200388
06-24 00:00:00,212.6010604173744
06-24 01:00:00,182.08551985447855
06-24 02:00:00,151.4476491140835
06-24 03:00:00,131.551758554596
06-24 04:00:00,79.99185969079603
06-24 05:00:00,43.95552717075857
06-24 06:00:00,41.59997386892616
06-24 07:00:00,38.5158598116511
06-24 08:00:00,38.91301585294655
06-24 09:00:00,140.33722513329383
06-24 10:00:00,206.1731788766246
06-24 11:00:00,217.93380233282113
06-24 12:00:00,175.7290609999142
06-24 13:00:00,186.98101630013315
06-24 14:00:00,176.38315980530635
06-24 15:00:00,184.83576980913674
06-24 16:00:00,210.4917515189374
06-24 17:00:00,278.90665586022214
06-24 18:00:00,353.6367260777508
06-24 19:00:00,414.3199497087818
06-24 20:00:00,404.6447348684878
06-24 21:00:00,325.0493088177206
06-24 22:00:00,277.28031134322373
06-24 23:00:00,234.46603569354917
06-25 00:00:00,180.07720992066777
06-25 01:00:00,118.13810062801937
06-25 02:00:00,91.41397468209574
06-25 03:00:00,71.63133097752132
06-25 04:00:00,62.11510144753494
06-25 05:00:00,46.91389202879856
06-25 06:00:00,53.079936750548505
06-25 07:00:00,136.74951779780667
06-25 08:00:00,226.34795406053013
06-25 09:00:00,278.2483764447258
06-25 10:00:00,263.97862624602783
06-25 11:00:00,252.79140896914208
06-25 12:00:00,217.5542378725175
06-25 13:00:00,249.3825266173974
06-25 14:00:00,282.7123779129128
06-25 15:00:00,350.6730312219479
06-25 16:00:00,233.4303155712074
06-25 17:00:00,289.2611022369765
06-25 18:00:00,422.97066184097275
06-25 19:00:00,604.9971230725748
06-25 20:00:00,603.1233835322039
06-25 21:00:00,532.489568313519
06-25 22:00:00,462.8474057174178
06-25 23:00:00,382.49398828923773
06-26 00:00:00,303.11771301746387
06-26 01:00:00,205.0794389975655
06-26 02:00:00,141.47543800667208
06-26 03:00:00,87.51557826212817
06-26 04:00:00,64.53400146637037
06-26 05:00:00,51.29381703394189
06-26 06:00:00,59.70705996073951
06-26 07:00:00,138.78165381662242
06-26 08:00:00,245.81463941159708
06-26 09:00:00,271.788767062761
06-26 10:00:00,293.10782106260814
06-26 11:00:00,224.19157432394556
06-26 12:00:00,258.68849175385407
06-26 13:00:00,299.9163865693779
06-26 14:00:00,289.447985544434
06-26 15:00:00,309.5960064673257
06-26 16:00:00,276.6281419682128
06-26 17:00:00,302.5145899819245
06-26 18:00:00,354.9148635727514
06-26 19:00:00,499.77561449736794
06-26 20:00:00,556.4396567409191
06-26 21:00:00,533.1254901853473
06-26 22:00:00,395.70034980155435
06-26 23:00:00,324.1479739712951
06-27 00:00:00,243.85220767066102
06-27 01:00:00,177.62032384273803
06-27 02:00:00,112.73611618898263
06-27 03:00:00,81.56083534359986
06-27 04:00:00,56.25515299610518
06-27 05:00:00,38.91275160213586
06-27 06:00:00,56.09166945322264
06-27 07:00:00,151.22985141916945
06-27 08:00:00,238.12884674079626
06-27 09:00:00,265.84937587348423
06-27 10:00:00,324.2367722741557
06-27 11:00:00,293.25266860642273
06-27 12:00:00,232.48956915781642
06-27 13:00:00,234.38258584280567
06-27 14:00:00,261.4154226332973
06-27 15:00:00,256.07622092597984
06-27 16:00:00,218.76026788615758
06-27 17:00:00,230.09416365948695
06-27 18:00:00,407.337041019314
06-27 19:00:00,546.2600245315714
06-27 20:00:00,609.8104740665771
06-27 21:00:00,537.1674943251381
06-27 22:00:00,424.59179107676346
06-27 23:00:00,351.0161394346489
06-28 00:00:00,276.7270264347372
06-28 01:00:00,208.95946574190214
06-28 02:00:00,162.64544606420836
06-28 03:00:00,107.35768652595326
06-28 04:00:00,64.45732495945587
06-28 05:00:00,47.60416425208542
06-28 06:00:00,45.79184115802837
06-28 07:00:00,142.61395128048542
06-28 08:00:00,208.56210264943826
06-28 09:00:00,262.18080466168027
06-28 10:00:00,323.1485541700755
06-28 11:00:00,273.7636751871809
06-28 12:00:00,252.91037228918432
06-28 13:00:00,248.51973687959216
06-28 14:00:00,213.20140296268266
06-28 15:00:00,263.3793680216622
06-28 16:00:00,253.37870746718102
06-28 17:00:00,266.84242698512764
06-28 18:00:00,405.1053503952581
06-28 19:00:00,505.80418436353534
06-28 20:00:00,517.7292529439642
06-28 21:00:00,484.823362484224
06-28 22:00:00,386.61659077241336
06-28 23:00:00,326.23260091366234
06-29 00:00:00,254.28140099940572
06-29 01:00:00,176.89405845806232
06-29 02:00:00,123.83089206079538
06-29 03:00:00,82.77554530769463
06-29 04:00:00,55.607375477422245
06-29 05:00:00,48.52681631955289
06-29 06:00:00,44.40919395821163
06-29 07:00:00,127.42446398900292
06-29 08:00:00,197.64035386617655
06-29 09:00:00,246.4951224671048
06-29 10:00:00,274.9219786589358
06-29 11:00:00,271.1517985508219
06-29 12:00:00,266.15028765958726
06-29 13:00:00,280.10308993976633
06-29 14:00:00,296.1941978701191
06-29 15:00:00,240.1942077917878
06-29 16:00:00,236.69570566038624
06-29 17:00:00,301.0452992722261
06-29 18:00:00,448.87438156623335
06-29 19:00:00,571.414934188141
06-29 20:00:00,586.8199175858915
06-29 21:00:00,473.96318538285726
06-29 22:00:00,376.4177817013582
06-29 23:00:00,293.26592207637555
06-30 00:00:00,232.95215379368582
06-30 01:00:00,173.71211755366488
06-30 02:00:00,168.85489503217588
06-30 03:00:00,118.12576583049352
06-30 04:00:00,96.70313360108894
06-30 05:00:00,53.83583852624149
06-30 06:00:00,39.13513024180838
06-30 07:00:00,52.304600746178586
06-30 08:00:00,100.06572550610007
06-30 09:00:00,158.80185553210995
06-30 10:00:00,184.58791500449527
06-30 11:00:00,292.80559021962097
06-30 12:00:00,295.54223152556676
06-30 13:00:00,244.06914596541674
06-30 14:00:00,280.71144273996055
06-30 15:00:00,278.1070049479438
06-30 16:00:00,323.9568893524071
06-30 17:00:00,357.3244847883454
06-30 18:00:00,373.9464582470053
06-30 19:00:00,384.77841484279634
06-30 20:00:00,363.643336059565
06-30 21:00:00,306.8218152692938
06-30 22:00:00,219.38853473166202
06-30 23:00:00,214.49648092200388
07-01 00:00:00,212.6010604173744
07-01 01:00:00,182.08551985447855
07-01 02:00:00,151.4476491140835
07-01 03:00:00,131.551758554596
07-01 04:00:00,79.99185969079603
07-01 05:00:00,43.95552717075857
07-01 06:00:00,41.59997386892616
07-01 07:00:00,38.5158598116511
07-01 08:00:00,38.91301585294655
07-01 09:00:00,140.33722513329383
07-01 10:00:00,206.1731788766246
07-01 11:00:00,217.93380233282113
07-01 12:00:00,175.7290609999142
07-01 13:00:00,186.98101630013315
07-01 14:00:00,176.38315980530635
07-01 15:00:00,184.83576980913674
07-01 16:00:00,210.4917515189374
07-01 17:00:00,278.90665586022214
07-01 18:00:00,353.6367260777508
07-01 19:00:00,414.3199497087818
07-01 20:00:00,404.6447348684878
07-01 21:00:00,325.0493088177206
07-01 22:00:00,277.28031134322373
07-01 23:00:00,234.46603569354917
07-02 00:00:00,180.07720992066777
07-02 01:00:00,118.13810062801937
07-02 02:00:00,91.41397468209574
07-02 03:00:00,71.63133097752132
07-02 04:00:00,62.11510144753494
07-02 05:00:00,46.91389202879856
07-02 06:00:00,53.079936750548505
07-02 07:00:00,136.74951779780667
07-02 08:00:00,226.34795406053013
07-02 09:00:00,278.2483764447258
07-02 10:00:00,263.97862624602783
07-02 11:00:00,252.79140896914208
07-02 12:00:00,217.5542378725175
07-02 13:00:00,249.3825266173974
07-02 14:00:00,282.7123779129128
07-02 15:00:00,350.6730312219479
07-02 16:00:00,233.4303155712074
07-02 17:00:00,289.2611022369765
07-02 18:00:00,422.97066184097275
07-02 19:00:00,604.9971230725748
07-02 20:00:00,603.1233835322039
07-02 21:00:00,532.489568313519
07-02 22:00:00,462.8474057174178
07-02 23:00:00,382.49398828923773
07-03 00:00:00,303.11771301746387
07-03 01:00:00,205.0794389975655
07-03 02:00:00,141.47543800667208
07-03 03:00:00,87.51557826212817
07-03 04:00:00,64.53400146637037
07-03 05:00:00,51.29381703394189
07-03 06:00:00,59.70705996073951
07-03 07:00:00,138.78165381662242
07-03 08:00:00,245.81463941159708
07-03 09:00:00,271.788767062761
07-03 10:00:00,293.10782106260814
07-03 11:00:00,224.19157432394556
07-03 12:00:00,258.68849175385407
07-03 13:00:00,299.9163865693779
07-03 14:00:00,289.447985544434
07-03 15:00:00,309.5960064673257
07-03 16:00:00,276.6281419682128
07-03 17:00:00,302.5145899819245
07-03 18:00:00,354.9148635727514
07-03 19:00:00,499.77561449736794
07-03 20:00:00,556.4396567409191
07-03 21:00:00,533.1254901853473
07-03 22:00:00,395.70034980155435
07-03 23:00:00,324.1479739712951
07-04 00:00:00,243.85220767066102
07-04 01:00:00,177.62032384273803
07-04 02:00:00,112.73611618898263
07-04 03:00:00,81.56083534359986
07-04 04:00:00,56.25515299610518
07-04 05:00:00,38.91275160213586
07-04 06:00:00,56.09166945322264
07-04 07:00:00,151.22985141916945
07-04 08:00:00,238.12884674079626
07-04 09:00:00,265.84937587348423
07-04 10:00:00,324.2367722741557
07-04 11:00:00,293.25266860642273
07-04 12:00:00,232.48956915781642
07-04 13:00:00,234.38258584280567
07-04 14:00:00,261.4154226332973
07-04 15:00:00,256.07622092597984
07-04 16:00:00,218.76026788615758
07-04 17:00:00,230.09416365948695
07-04 18:00:00,407.337041019314
07-04 19:00:00,546.2600245315714
07-04 20:00:00,609.8104740665771
07-04 21:00:00,537.1674943251381
07-04 22:00:00,424.59179107676346
07-04 23:00:00,351.0161394346489
07-05 00:00:00,276.7270264347372
07-05 01:00:00,208.95946574190214
07-05 02:00:00,162.64544606420836
07-05 03:00:00,107.35768652595326
07-05 04:00:00,64.45732495945587
07-05 05:00:00,47.60416425208542
07-05 06:00:00,45.79184115802837
07-05 07:00:00,142.61395128048542
07-05 08:00:00,208.56210264943826
07-05 09:00:00,262.18080466168027
07-05 10:00:00,323.1485541700755
07-05 11:00:00,273.7636751871809
07-05 12:00:00,252.91037228918432
07-05 13:00:00,248.51973687959216
07-05 14:00:00,213.20140296268266
07-05 15:00:00,263.3793680216622
07-05 16:00:00,253.37870746718102
07-05 17:00:00,266.84242698512764
07-05 18:00:00,405.1053503952581
07-05 19:00:00,505.80418436353534
07-05 20:00:00,517.7292529439642
07-05 21:00:00,484.823362484224
07-05 22:00:00,386.61659077241336
07-05 23:00:00,326.23260091366234
07-06 00:00:00,254.28140099940572
07-06 01:00:00,176.89405845806232
07-06 02:00:00,123.83089206079538
07-06 03:00:00,82.77554530769463
07-06 04:00:00,55.607375477422245
07-06 05:00:00,48.52681631955289
07-06 06:00:00,44.40919395821163
07-06 07:00:00,127.42446398900292
07-06 08:00:00,197.64035386617655
07-06 09:00:00,246.4951224671048
07-06 10:00:00,274.9219786589358
07-06 11:00:00,271.1517985508219
07-06 12:00:00,266.15028765958726
07-06 13:00:00,280.10308993976633
07-06 14:00:00,296.1941978701191
07-06 15:00:00,240.1942077917878
07-06 16:00:00,236.69570566038624
07-06 17:00:00,301.0452992722261
07-06 18:00:00,448.87438156623335
07-06 19:00:00,571.414934188141
07-06 20:00:00,586.8199175858915
07-06 21:00:00,473.96318538285726
07-06 22:00:00,376.4177817013582
07-06 23:00:00,293.26592207637555
07-07 00:00:00,232.95215379368582
07-07 01:00:00,173.71211755366488
07-07 02:00:00,168.85489503217588
07-07 03:00:00,118.12576583049352
07-07 04:00:00,96.70313360108894
07-07 05:00:00,53.83583852624149
07-07 06:00:00,39.13513024180838
07-07 07:00:00,52.304600746178586
07-07 08:00:00,100.06572550610007
07-07 09:00:00,158.80185553210995
07-07 10:00:00,184.58791500449527
07-07 11:00:00,292.80559021962097
07-07 12:00:00,295.54223152556676
07-07 13:00:00,244.06914596541674
07-07 14:00:00,280.71144273996055
07-07 15:00:00,278.1070049479438
07-07 16:00:00,323.9568893524071
07-07 17:00:00,357.3244847883454
07-07 18:00:00,373.9464582470053
07-07 19:00:00,384.77841484279634
07-07 20:00:00,363.643336059565
07-07 21:00:00,306.8218152692938
07-07 22:00:00,219.38853473166202
07-07 23:00:00,214.49648092200388
07-08 00:00:00,212.6010604173744
07-08 01:00:00,182.08551985447855
07-08 02:00:00,151.4476491140835
07-08 03:00:00,131.551758554596
07-08 04:00:00,79.99185969079603
07-08 05:00:00,43.95552717075857
07-08 06:00:00,41.59997386892616
07-08 07:00:00,38.5158598116511
07-08 08:00:00,38.91301585294655
07-08 09:00:00,140.33722513329383
07-08 10:00:00,206.1731788766246
07-08 11:00:00,217.93380233282113
07-08 12:00:00,175.7290609999142
07-08 13:00:00,186.98101630013315
07-08 14:00:00,176.38315980530635
07-08 15:00:00,184.83576980913674
07-08 16:00:00,210.4917515189374
07-08 17:00:00,278.90665586022214
07-08 18:00:00,353.6367260777508
07-08 19:00:00,414.3199497087818
07-08 20:00:00,404.6447348684878
07-08 21:00:00,325.0493088177206
07-08 22:00:00,277.28031134322373
07-08 23:00:00,234.46603569354917
07-09 00:00:00,180.07720992066777
07-09 01:00:00,118.13810062801937
07-09 02:00:00,91.41397468209574
07-09 03:00:00,71.63133097752132
07-09 04:00:00,62.11510144753494
07-09 05:00:00,46.91389202879856
07-09 06:00:00,53.079936750548505
07-09 07:00:00,136.74951779780667
07-09 08:00:00,226.34795406053013
07-09 09:00:00,278.2483764447258
07-09 10:00:00,263.97862624602783
07-09 11:00:00,252.79140896914208
07-09 12:00:00,217.5542378725175
07-09 13:00:00,249.3825266173974
07-09 14:00:00,282.7123779129128
07-09 15:00:00,350.6730312219479
07-09 16:00:00,233.4303155712074
07-09 17:00:00,289.2611022369765
07-09 18:00:00,422.97066184097275
07-09 19:00:00,604.9971230725748
07-09 20:00:00,603.1233835322039
07-09 21:00:00,532.489568313519
07-09 22:00:00,462.8474057174178
07-09 23:00:00,382.49398828923773
07-10 00:00:00,303.11771301746387
07-10 01:00:00,205.0794389975655
07-10 02:00:00,141.47543800667208
07-10 03:00:00,87.51557826212817
07-10 04:00:00,64.53400146637037
07-10 05:00:00,51.29381703394189
07-10 06:00:00,59.70705996073951
07-10 07:00:00,138.78165381662242
07-10 08:00:00,245.81463941159708
07-10 09:00:00,271.788767062761
07-10 10:00:00,293.10782106260814
07-10 11:00:00,224.19157432394556
07-10 12:00:00,258.68849175385407
07-10 13:00:00,299.9163865693779
07-10 14:00:00,289.447985544434
07-10 15:00:00,309.5960064673257
07-10 16:00:00,276.6281419682128
07-10 17:00:00,302.5145899819245
07-10 18:00:00,354.9148635727514
07-10 19:00:00,499.77561449736794
07-10 20:00:00,556.4396567409191
07-10 21:00:00,533.1254901853473
07-10 22:00:00,395.70034980155435
07-10 23:00:00,324.1479739712951
07-11 00:00:00,243.85220767066102
07-11 01:00:00,177.62032384273803
07-11 02:00:00,112.73611618898263
07-11 03:00:00,81.56083534359986
07-11 04:00:00,56.25515299610518
07-11 05:00:00,38.91275160213586
07-11 06:00:00,56.09166945322264
07-11 07:00:00,151.22985141916945
07-11 08:00:00,238.12884674079626
07-11 09:00:00,265.84937587348423
07-11 10:00:00,324.2367722741557
07-11 11:00:00,293.25266860642273
07-11 12:00:00,232.48956915781642
07-11 13:00:00,234.38258584280567
07-11 14:00:00,261.4154226332973
07-11 15:00:00,256.07622092597984
07-11 16:00:00,218.76026788615758
07-11 17:00:00,230.09416365948695
07-11 18:00:00,407.337041019314
07-11 19:00:00,546.2600245315714
07-11 20:00:00,609.8104740665771
07-11 21:00:00,537.1674943251381
07-11 22:00:00,424.59179107676346
07-11 23:00:00,351.0161394346489
07-12 00:00:00,276.7270264347372
07-12 01:00:00,208.95946574190214
07-12 02:00:00,162.64544606420836
07-12 03:00:00,107.35768652595326
07-12 04:00:00,64.45732495945587
07-12 05:00:00,47.60416425208542
07-12 06:00:00,45.79184115802837
07-12 07:00:00,142.61395128048542
07-12 08:00:00,208.56210264943826
07-12 09:00:00,262.18080466168027
07-12 10:00:00,323.1485541700755
07-12 11:00:00,273.7636751871809
07-12 12:00:00,252.91037228918432
07-12 13:00:00,248.51973687959216
07-12 14:00:00,213.20140296268266
07-12 15:00:00,263.3793680216622
07-12 16:00:00,253.37870746718102
07-12 17:00:00,266.84242698512764
07-12 18:00:00,405.1053503952581
07-12 19:00:00,505.80418436353534
07-12 20:00:00,517.7292529439642
07-12 21:00:00,484.823362484224
07-12 22:00:00,386.61659077241336
07-12 23:00:00,326.23260091366234
07-13 00:00:00,254.28140099940572
07-13 01:00:00,176.89405845806232
07-13 02:00:00,123.83089206079538
07-13 03:00:00,82.77554530769463
07-13 04:00:00,55.607375477422245
07-13 05:00:00,48.52681631955289
07-13 06:00:00,44.40919395821163
07-13 07:00:00,127.42446398900292
07-13 08:00:00,197.64035386617655
07-13 09:00:00,246.4951224671048
07-13 10:00:00,274.9219786589358
07-13 11:00:00,271.1517985508219
07-13 12:00:00,266.15028765958726
07-13 13:00:00,280.10308993976633
07-13 14:00:00,296.1941978701191
07-13 15:00:00,240.1942077917878
07-13 16:00:00,236.69570566038624
07-13 17:00:00,301.0452992722261
07-13 18:00:00,448.87438156623335
07-13 19:00:00,571.414934188141
07-13 20:00:00,586.8199175858915
07-13 21:00:00,473.96318538285726
07-13 22:00:00,376.4177817013582
07-13 23:00:00,293.26592207637555
07-14 00:00:00,232.95215379368582
07-14 01:00:00,173.71211755366488
07-14 02:00:00,168.85489503217588
07-14 03:00:00,118.12576583049352
07-14 04:00:00,96.70313360108894
07-14 05:00:00,53.83583852624149
07-14 06:00:00,39.13513024180838
07-14 07:00:00,52.304600746178586
07-14 08:00:00,100.06572550610007
07-14 09:00:00,158.80185553210995
07-14 10:00:00,184.58791500449527
07-14 11:00:00,292.80559021962097
07-14 12:00:00,295.54223152556676
07-14 13:00:00,244.06914596541674
07-14 14:00:00,280.71144273996055
07-14 15:00:00,278.1070049479438
07-14 16:00:00,323.9568893524071
07-14 17:00:00,357.3244847883454
07-14 18:00:00,373.9464582470053
07-14 19:00:00,384.77841484279634
07-14 20:00:00,363.643336059565
07-14 21:00:00,306.8218152692938
07-14 22:00:00,219.38853473166202
07-14 23:00:00,214.49648092200388
07-15 00:00:00,212.6010604173744
07-15 01:00:00,182.08551985447855
07-15 02:00:00,151.4476491140835
07-15 03:00:00,131.551758554596
07-15 04:00:00,79.99185969079603
07-15 05:00:00,43.95552717075857
07-15 06:00:00,41.59997386892616
07-15 07:00:00,38.5158598116511
07-15 08:00:00,38.91301585294655
07-15 09:00:00,140.33722513329383
07-15 10:00:00,206.1731788766246
07-15 11:00:00,217.93380233282113
07-15 12:00:00,175.7290609999142
07-15 13:00:00,186.98101630013315
07-15 14:00:00,176.38315980530635
07-15 15:00:00,184.83576980913674
07-15 16:00:00,210.4917515189374
07-15 17:00:00,278.90665586022214
07-15 18:00:00,353.6367260777508
07-15 19:00:00,414.3199497087818
07-15 20:00:00,404.6447348684878
07-15 21:00:00,325.0493088177206
07-15 22:00:00,277.28031134322373
07-15 23:00:00,234.46603569354917
07-16 00:00:00,180.07720992066777
07-16 01:00:00,118.13810062801937
07-16 02:00:00,91.41397468209574
07-16 03:00:00,71.63133097752132
07-16 04:00:00,62.11510144753494
07-16 05:00:00,46.91389202879856
07-16 06:00:00,53.079936750548505
07-16 07:00:00,136.74951779780667
07-16 08:00:00,226.34795406053013
07-16 09:00:00,278.2483764447258
07-16 10:00:00,263.97862624602783
07-16 11:00:00,252.79140896914208
07-16 12:00:00,217.5542378725175
07-16 13:00:00,249.3825266173974
07-16 14:00:00,282.7123779129128
07-16 15:00:00,350.6730312219479
07-16 16:00:00,233.4303155712074
07-16 17:00:00,289.2611022369765
07-16 18:00:00,422.97066184097275
07-16 19:00:00,604.9971230725748
07-16 20:00:00,603.1233835322039
07-16 21:00:00,532.489568313519
07-16 22:00:00,462.8474057174178
07-16 23:00:00,382.49398828923773
07-17 00:00:00,303.11771301746387
07-17 01:00:00,205.0794389975655
07-17 02:00:00,141.47543800667208
07-17 03:00:00,87.51557826212817
07-17 04:00:00,64.53400146637037
07-17 05:00:00,51.29381703394189
07-17 06:00:00,59.70705996073951
07-17 07:00:00,138.78165381662242
07-17 08:00:00,245.81463941159708
07-17 09:00:00,271.788767062761
07-17 10:00:00,293.10782106260814
07-17 11:00:00,224.19157432394556
07-17 12:00:00,258.68849175385407
07-17 13:00:00,299.9163865693779
07-17 14:00:00,289.447985544434
07-17 15:00:00,309.5960064673257
07-17 16:00:00,276.6281419682128
07-17 17:00:00,302.5145899819245
07-17 18:00:00,354.9148635727514
07-17 19:00:00,499.77561449736794
07-17 20:00:00,556.4396567409191
07-17 21:00:00,533.1254901853473
07-17 22:00:00,395.70034980155435
07-17 23:00:00,324.1479739712951
07-18 00:00:00,243.85220767066102
07-18 01:00:00,177.62032384273803
07-18 02:00:00,112.73611618898263
07-18 03:00:00,81.56083534359986
07-18 04:00:00,56.25515299610518
07-18 05:00:00,38.91275160213586
07-18 06:00:00,56.09166945322264
07-18 07:00:00,151.22985141916945
07-18 08:00:00,238.12884674079626
07-18 09:00:00,265.84937587348423
07-18 10:00:00,324.2367722741557
07-18 11:00:00,293.25266860642273
07-18 12:00:00,232.48956915781642
07-18 13:00:00,234.38258584280567
07-18 14:00:00,261.4154226332973
07-18 15:00:00,256.07622092597984
07-18 16:00:00,218.76026788615758
07-18 17:00:00,230.09416365948695
07-18 18:00:00,407.337041019314
07-18 19:00:00,546.2600245315714
07-18 20:00:00,609.8104740665771
07-18 21:00:00,537.1674943251381
07-18 22:00:00,424.59179107676346
07-18 23:00:00,351.0161394346489
07-19 00:00:00,276.7270264347372
07-19 01:00:00,208.95946574190214
07-19 02:00:00,162.64544606420836
07-19 03:00:00,107.35768652595326
07-19 04:00:00,64.45732495945587
07-19 05:00:00,47.60416425208542
07-19 06:00:00,45.79184115802837
07-19 07:00:00,142.61395128048542
07-19 08:00:00,208.56210264943826
07-19 09:00:00,262.18080466168027
07-19 10:00:00,323.1485541700755
07-19 11:00:00,273.7636751871809
07-19 12:00:00,252.91037228918432
07-19 13:00:00,248.51973687959216
07-19 14:00:00,213.20140296268266
07-19 15:00:00,263.3793680216622
07-19 16:00:00,253.37870746718102
07-19 17:00:00,266.84242698512764
07-19 18:00:00,405.1053503952581
07-19 19:00:00,505.80418436353534
07-19 20:00:00,517.7292529439642
07-19 21:00:00,484.823362484224
07-19 22:00:00,386.61659077241336
07-19 23:00:00,326.23260091366234
07-20 00:00:00,254.28140099940572
07-20 01:00:00,176.89405845806232
07-20 02:00:00,123.83089206079538
07-20 03:00:00,82.77554530769463
07-20 04:00:00,55.607375477422245
07-20 05:00:00,48.52681631955289
07-20 06:00:00,44.40919395821163
07-20 07:00:00,127.42446398900292
07-20 08:00:00,197.64035386617655
07-20 09:00:00,246.4951224671048
07-20 10:00:00,274.9219786589358
07-20 11:00:00,271.1517985508219
07-20 12:00:00,266.15028765958726
07-20 13:00:00,280.10308993976633
07-20 14:00:00,296.1941978701191
07-20 15:00:00,240.1942077917878
07-20 16:00:00,236.69570566038624
07-20 17:00:00,301.0452992722261
07-20 18:00:00,448.87438156623335
07-20 19:00:00,571.414934188141
07-20 20:00:00,586.8199175858915
07-20 21:00:00,473.96318538285726
07-20 22:00:00,376.4177817013582
07-20 23:00:00,293.26592207637555
07-21 00:00:00,232.95215379368582
07-21 01:00:00,173.71211755366488
07-21 02:00:00,168.85489503217588
07-21 03:00:00,118.12576583049352
07-21 04:00:00,96.70313360108894
07-21 05:00:00,53.83583852624149
07-21 06:00:00,39.13513024180838
07-21 07:00:00,52.304600746178586
07-21 08:00:00,100.06572550610007
07-21 09:00:00,158.80185553210995
07-21 10:00:00,184.58791500449527
07-21 11:00:00,292.80559021962097
07-21 12:00:00,295.54223152556676
07-21 13:00:00,244.06914596541674
07-21 14:00:00,280.71144273996055
07-21 15:00:00,278.1070049479438
07-21 16:00:00,323.9568893524071
07-21 17:00:00,357.3244847883454
07-21 18:00:00,373.9464582470053
07-21 19:00:00,384.77841484279634
07-21 20:00:00,363.643336059565
07-21 21:00:00,306.8218152692938
07-21 22:00:00,219.38853473166202
07-21 23:00:00,214.49648092200388
07-22 00:00:00,212.6010604173744
07-22 01:00:00,182.08551985447855
07-22 02:00:00,151.4476491140835
07-22 03:00:00,131.551758554596
07-22 04:00:00,79.99185969079603
07-22 05:00:00,43.95552717075857
07-22 06:00:00,41.59997386892616
07-22 07:00:00,38.5158598116511
07-22 08:00:00,38.91301585294655
07-22 09:00:00,140.33722513329383
07-22 10:00:00,206.1731788766246
07-22 11:00:00,217.93380233282113
07-22 12:00:00,175.7290609999142
07-22 13:00:00,186.98101630013315
07-22 14:00:00,176.38315980530635
07-22 15:00:00,184.83576980913674
07-22 16:00:00,210.4917515189374
07-22 17:00:00,278.90665586022214
07-22 18:00:00,353.6367260777508
07-22 19:00:00,414.3199497087818
07-22 20:00:00,404.6447348684878
07-22 21:00:00,325.0493088177206
07-22 22:00:00,277.28031134322373
07-22 23:00:00,234.46603569354917
07-23 00:00:00,180.07720992066777
07-23 01:00:00,118.13810062801937
07-23 02:00:00,91.41397468209574
07-23 03:00:00,71.63133097752132
07-23 04:00:00,62.11510144753494
07-23 05:00:00,46.91389202879856
07-23 06:00:00,53.079936750548505
07-23 07:00:00,136.74951779780667
07-23 08:00:00,226.34795406053013
07-23 09:00:00,278.2483764447258
07-23 10:00:00,263.97862624602783
07-23 11:00:00,252.79140896914208
07-23 12:00:00,217.5542378725175
07-23 13:00:00,249.3825266173974
07-23 14:00:00,282.7123779129128
07-23 15:00:00,350.6730312219479
07-23 16:00:00,233.4303155712074
07-23 17:00:00,289.2611022369765
07-23 18:00:00,422.97066184097275
07-23 19:00:00,604.9971230725748
07-23 20:00:00,603.1233835322039
07-23 21:00:00,532.489568313519
07-23 22:00:00,462.8474057174178
07-23 23:00:00,382.49398828923773
07-24 00:00:00,303.11771301746387
07-24 01:00:00,205.0794389975655
07-24 02:00:00,141.47543800667208
07-24 03:00:00,87.51557826212817
07-24 04:00:00,64.53400146637037
07-24 05:00:00,51.29381703394189
07-24 06:00:00,59.70705996073951
07-24 07:00:00,138.78165381662242
07-24 08:00:00,245.81463941159708
07-24 09:00:00,271.788767062761
07-24 10:00:00,293.10782106260814
07-24 11:00:00,224.19157432394556
07-24 12:00:00,258.68849175385407
07-24 13:00:00,299.9163865693779
07-24 14:00:00,289.447985544434
07-24 15:00:00,309.5960064673257
07-24 16:00:00,276.6281419682128
07-24 17:00:00,302.5145899819245
07-24 18:00:00,354.9148635727514
07-24 19:00:00,499.77561449736794
07-24 20:00:00,556.4396567409191
07-24 21:00:00,533.1254901853473
07-24 22:00:00,395.70034980155435
07-24 23:00:00,324.1479739712951
07-25 00:00:00,243.85220767066102
07-25 01:00:00,177.62032384273803
07-25 02:00:00,112.73611618898263
07-25 03:00:00,81.56083534359986
07-25 04:00:00,56.25515299610518
07-25 05:00:00,38.91275160213586
07-25 06:00:00,56.09166945322264
07-25 07:00:00,151.22985141916945
07-25 08:00:00,238.12884674079626
07-25 09:00:00,265.84937587348423
07-25 10:00:00,324.2367722741557
07-25 11:00:00,293.25266860642273
07-25 12:00:00,232.48956915781642
07-25 13:00:00,234.38258584280567
07-25 14:00:00,261.4154226332973
07-25 15:00:00,256.07622092597984
07-25 16:00:00,218.76026788615758
07-25 17:00:00,230.09416365948695
07-25 18:00:00,407.337041019314
07-25 19:00:00,546.2600245315714
07-25 20:00:00,609.8104740665771
07-25 21:00:00,537.1674943251381
07-25 22:00:00,424.59179107676346
07-25 23:00:00,351.0161394346489
07-26 00:00:00,276.7270264347372
07-26 01:00:00,208.95946574190214
07-26 02:00:00,162.64544606420836
07-26 03:00:00,107.35768652595326
07-26 04:00:00,64.45732495945587
07-26 05:00:00,47.60416425208542
07-26 06:00:00,45.79184115802837
07-26 07:00:00,142.61395128048542
07-26 08:00:00,208.56210264943826
07-26 09:00:00,262.18080466168027
07-26 10:00:00,323.1485541700755
07-26 11:00:00,273.7636751871809
07-26 12:00:00,252.91037228918432
07-26 13:00:00,248.51973687959216
07-26 14:00:00,213.20140296268266
07-26 15:00:00,263.3793680216622
07-26 16:00:00,253.37870746718102
07-26 17:00:00,266.84242698512764
07-26 18:00:00,405.1053503952581
07-26 19:00:00,505.80418436353534
07-26 20:00:00,517.7292529439642
07-26 21:00:00,484.823362484224
07-26 22:00:00,386.61659077241336
07-26 23:00:00,326.23260091366234
07-27 00:00:00,254.28140099940572
07-27 01:00:00,176.89405845806232
07-27 02:00:00,123.83089206079538
07-27 03:00:00,82.77554530769463
07-27 04:00:00,55.607375477422245
07-27 05:00:00,48.52681631955289
07-27 06:00:00,44.40919395821163
07-27 07:00:00,127.42446398900292
07-27 08:00:00,197.64035386617655
07-27 09:00:00,246.4951224671048
07-27 10:00:00,274.9219786589358
07-27 11:00:00,271.1517985508219
07-27 12:00:00,266.15028765958726
07-27 13:00:00,280.10308993976633
07-27 14:00:00,296.1941978701191
07-27 15:00:00,240.1942077917878
07-27 16:00:00,236.69570566038624
07-27 17:00:00,301.0452992722261
07-27 18:00:00,448.87438156623335
07-27 19:00:00,571.414934188141
07-27 20:00:00,586.8199175858915
07-27 21:00:00,473.96318538285726
07-27 22:00:00,376.4177817013582
07-27 23:00:00,293.26592207637555
07-28 00:00:00,232.95215379368582
07-28 01:00:00,173.71211755366488
07-28 02:00:00,168.85489503217588
07-28 03:00:00,118.12576583049352
07-28 04:00:00,96.70313360108894
07-28 05:00:00,53.83583852624149
07-28 06:00:00,39.13513024180838
07-28 07:00:00,52.304600746178586
07-28 08:00:00,100.06572550610007
07-28 09:00:00,158.80185553210995
07-28 10:00:00,184.58791500449527
07-28 11:00:00,292.80559021962097
07-28 12:00:00,295.54223152556676
07-28 13:00:00,244.06914596541674
07-28 14:00:00,280.71144273996055
07-28 15:00:00,278.1070049479438
07-28 16:00:00,323.9568893524071
07-28 17:00:00,357.3244847883454
07-28 18:00:00,373.9464582470053
07-28 19:00:00,384.77841484279634
07-28 20:00:00,363.643336059565
07-28 21:00:00,306.8218152692938
07-28 22:00:00,219.38853473166202
07-28 23:00:00,214.49648092200388
07-29 00:00:00,212.6010604173744
07-29 01:00:00,182.08551985447855
07-29 02:00:00,151.4476491140835
07-29 03:00:00,131.551758554596
07-29 04:00:00,79.99185969079603
07-29 05:00:00,43.95552717075857
07-29 06:00:00,41.59997386892616
07-29 07:00:00,38.5158598116511
07-29 08:00:00,38.91301585294655
07-29 09:00:00,140.33722513329383
07-29 10:00:00,206.1731788766246
07-29 11:00:00,217.93380233282113
07-29 12:00:00,175.7290609999142
07-29 13:00:00,186.98101630013315
07-29 14:00:00,176.38315980530635
07-29 15:00:00,184.83576980913674
07-29 16:00:00,210.4917515189374
07-29 17:00:00,278.90665586022214
07-29 18:00:00,353.6367260777508
07-29 19:00:00,414.3199497087818
07-29 20:00:00,404.6447348684878
07-29 21:00:00,325.0493088177206
07-29 22:00:00,277.28031134322373
07-29 23:00:00,234.46603569354917
07-30 00:00:00,180.07720992066777
07-30 01:00:00,118.13810062801937
07-30 02:00:00,91.41397468209574
07-30 03:00:00,71.63133097752132
07-30 04:00:00,62.11510144753494
07-30 05:00:00,46.91389202879856
07-30 06:00:00,53.079936750548505
07-30 07:00:00,136.74951779780667
07-30 08:00:00,226.34795406053013
07-30 09:00:00,278.2483764447258
07-30 10:00:00,263.97862624602783
07-30 11:00:00,252.79140896914208
07-30 12:00:00,217.5542378725175
07-30 13:00:00,249.3825266173974
07-30 14:00:00,282.7123779129128
07-30 15:00:00,350.6730312219479
07-30 16:00:00,233.4303155712074
07-30 17:00:00,289.2611022369765
07-30 18:00:00,422.97066184097275
07-30 19:00:00,604.9971230725748
07-30 20:00:00,603.1233835322039
07-30 21:00:00,532.489568313519
07-30 22:00:00,462.8474057174178
07-30 23:00:00,382.49398828923773
07-31 00:00:00,303.11771301746387
07-31 01:00:00,205.0794389975655
07-31 02:00:00,141.47543800667208
07-31 03:00:00,87.51557826212817
07-31 04:00:00,64.53400146637037
07-31 05:00:00,51.29381703394189
07-31 06:00:00,59.70705996073951
07-31 07:00:00,138.78165381662242
07-31 08:00:00,245.81463941159708
07-31 09:00:00,271.788767062761
07-31 10:00:00,293.10782106260814
07-31 11:00:00,224.19157432394556
07-31 12:00:00,258.68849175385407
07-31 13:00:00,299.9163865693779
07-31 14:00:00,289.447985544434
07-31 15:00:00,309.5960064673257
07-31 16:00:00,276.6281419682128
07-31 17:00:00,302.5145899819245
07-31 18:00:00,354.9148635727514
07-31 19:00:00,499.77561449736794
07-31 20:00:00,556.4396567409191
07-31 21:00:00,533.1254901853473
07-31 22:00:00,395.70034980155435
07-31 23:00:00,324.1479739712951
08-01 00:00:00,243.85220767066102
08-01 01:00:00,177.62032384273803
08-01 02:00:00,112.73611618898263
08-01 03:00:00,81.56083534359986
08-01 04:00:00,56.25515299610518
08-01 05:00:00,38.91275160213586
08-01 06:00:00,56.09166945322264
08-01 07:00:00,151.22985141916945
08-01 08:00:00,238.12884674079626
08-01 09:00:00,265.84937587348423
08-01 10:00:00,324.2367722741557
08-01 11:00:00,293.25266860642273
08-01 12:00:00,232.48956915781642
08-01 13:00:00,234.38258584280567
08-01 14:00:00,261.4154226332973
08-01 15:00:00,256.07622092597984
08-01 16:00:00,218.76026788615758
08-01 17:00:00,230.09416365948695
08-01 18:00:00,407.337041019314
08-01 19:00:00,546.2600245315714
08-01 20:00:00,609.8104740665771
08-01 21:00:00,537.1674943251381
08-01 22:00:00,424.59179107676346
08-01 23:00:00,351.0161394346489
08-02 00:00:00,276.7270264347372
08-02 01:00:00,208.95946574190214
08-02 02:00:00,162.64544606420836
08-02 03:00:00,107.35768652595326
08-02 04:00:00,64.45732495945587
08-02 05:00:00,47.60416425208542
08-02 06:00:00,45.79184115802837
08-02 07:00:00,142.61395128048542
08-02 08:00:00,208.56210264943826
08-02 09:00:00,262.18080466168027
08-02 10:00:00,323.1485541700755
08-02 11:00:00,273.7636751871809
08-02 12:00:00,252.91037228918432
08-02 13:00:00,248.51973687959216
08-02 14:00:00,213.20140296268266
08-02 15:00:00,263.3793680216622
08-02 16:00:00,253.37870746718102
08-02 17:00:00,266.84242698512764
08-02 18:00:00,405.1053503952581
08-02 19:00:00,505.80418436353534
08-02 20:00:00,517.7292529439642
08-02 21:00:00,484.823362484224
08-02 22:00:00,386.61659077241336
08-02 23:00:00,326.23260091366234
08-03 00:00:00,254.28140099940572
08-03 01:00:00,176.89405845806232
08-03 02:00:00,123.83089206079538
08-03 03:00:00,82.77554530769463
08-03 04:00:00,55.607375477422245
08-03 05:00:00,48.52681631955289
08-03 06:00:00,44.40919395821163
08-03 07:00:00,127.42446398900292
08-03 08:00:00,197.64035386617655
08-03 09:00:00,246.4951224671048
08-03 10:00:00,274.9219786589358
08-03 11:00:00,271.1517985508219
08-03 12:00:00,266.15028765958726
08-03 13:00:00,280.10308993976633
08-03 14:00:00,296.1941978701191
08-03 15:00:00,240.1942077917878
08-03 16:00:00,236.69570566038624
08-03 17:00:00,301.0452992722261
08-03 18:00:00,448.87438156623335
08-03 19:00:00,571.414934188141
08-03 20:00:00,586.8199175858915
08-03 21:00:00,473.96318538285726
08-03 22:00:00,376.4177817013582
08-03 23:00:00,293.26592207637555
08-04 00:00:00,232.95215379368582
08-04 01:00:00,173.71211755366488
08-04 02:00:00,168.85489503217588
08-04 03:00:00,118.12576583049352
08-04 04:00:00,96.70313360108894
08-04 05:00:00,53.83583852624149
08-04 06:00:00,39.13513024180838
08-04 07:00:00,52.304600746178586
08-04 08:00:00,100.06572550610007
08-04 09:00:00,158.80185553210995
08-04 10:00:00,184.58791500449527
08-04 11:00:00,292.80559021962097
08-04 12:00:00,295.54223152556676
08-04 13:00:00,244.06914596541674
08-04 14:00:00,280.71144273996055
08-04 15:00:00,278.1070049479438
08-04 16:00:00,323.9568893524071
08-04 17:00:00,357.3244847883454
08-04 18:00:00,373.9464582470053
08-04 19:00:00,384.77841484279634
08-04 20:00:00,363.643336059565
08-04 21:00:00,306.8218152692938
08-04 22:00:00,219.38853473166202
08-04 23:00:00,214.49648092200388
08-05 00:00:00,212.6010604173744
08-05 01:00:00,182.08551985447855
08-05 02:00:00,151.4476491140835
08-05 03:00:00,131.551758554596
08-05 04:00:00,79.99185969079603
08-05 05:00:00,43.95552717075857
08-05 06:00:00,41.59997386892616
08-05 07:00:00,38.5158598116511
08-05 08:00:00,38.91301585294655
08-05 09:00:00,140.33722513329383
08-05 10:00:00,206.1731788766246
08-05 11:00:00,217.93380233282113
08-05 12:00:00,175.7290609999142
08-05 13:00:00,186.98101630013315
08-05 14:00:00,176.38315980530635
08-05 15:00:00,184.83576980913674
08-05 16:00:00,210.4917515189374
08-05 17:00:00,278.90665586022214
08-05 18:00:00,353.6367260777508
08-05 19:00:00,414.3199497087818
08-05 20:00:00,404.6447348684878
08-05 21:00:00,325.0493088177206
08-05 22:00:00,277.28031134322373
08-05 23:00:00,234.46603569354917
08-06 00:00:00,180.07720992066777
08-06 01:00:00,118.13810062801937
08-06 02:00:00,91.41397468209574
08-06 03:00:00,71.63133097752132
08-06 04:00:00,62.11510144753494
08-06 05:00:00,46.91389202879856
08-06 06:00:00,53.079936750548505
08-06 07:00:00,136.74951779780667
08-06 08:00:00,226.34795406053013
08-06 09:00:00,278.2483764447258
08-06 10:00:00,263.97862624602783
08-06 11:00:00,252.79140896914208
08-06 12:00:00,217.5542378725175
08-06 13:00:00,249.3825266173974
08-06 14:00:00,282.7123779129128
08-06 15:00:00,350.6730312219479
08-06 16:00:00,233.4303155712074
08-06 17:00:00,289.2611022369765
08-06 18:00:00,422.97066184097275
08-06 19:00:00,604.9971230725748
08-06 20:00:00,603.1233835322039
08-06 21:00:00,532.489568313519
08-06 22:00:00,462.8474057174178
08-06 23:00:00,382.49398828923773
08-07 00:00:00,303.11771301746387
08-07 01:00:00,205.0794389975655
08-07 02:00:00,141.47543800667208
08-07 03:00:00,87.51557826212817
08-07 04:00:00,64.53400146637037
08-07 05:00:00,51.29381703394189
08-07 06:00:00,59.70705996073951
08-07 07:00:00,138.78165381662242
08-07 08:00:00,245.81463941159708
08-07 09:00:00,271.788767062761
08-07 10:00:00,293.10782106260814
08-07 11:00:00,224.19157432394556
08-07 12:00:00,258.68849175385407
08-07 13:00:00,299.9163865693779
08-07 14:00:00,289.447985544434
08-07 15:00:00,309.5960064673257
08-07 16:00:00,276.6281419682128
08-07 17:00:00,302.5145899819245
08-07 18:00:00,354.9148635727514
08-07 19:00:00,499.77561449736794
08-07 20:00:00,556.4396567409191
08-07 21:00:00,533.1254901853473
08-07 22:00:00,395.70034980155435
08-07 23:00:00,324.1479739712951
08-08 00:00:00,243.85220767066102
08-08 01:00:00,177.62032384273803
08-08 02:00:00,112.73611618898263
08-08 03:00:00,81.56083534359986
08-08 04:00:00,56.25515299610518
08-08 05:00:00,38.91275160213586
08-08 06:00:00,56.09166945322264
08-08 07:00:00,151.22985141916945
08-08 08:00:00,238.12884674079626
08-08 09:00:00,265.84937587348423
08-08 10:00:00,324.2367722741557
08-08 11:00:00,293.25266860642273
08-08 12:00:00,232.48956915781642
08-08 13:00:00,234.38258584280567
08-08 14:00:00,261.4154226332973
08-08 15:00:00,256.07622092597984
08-08 16:00:00,218.76026788615758
08-08 17:00:00,230.09416365948695
08-08 18:00:00,407.337041019314
08-08 19:00:00,546.2600245315714
08-08 20:00:00,609.8104740665771
08-08 21:00:00,537.1674943251381
08-08 22:00:00,424.59179107676346
08-08 23:00:00,351.0161394346489
08-09 00:00:00,276.7270264347372
08-09 01:00:00,208.95946574190214
08-09 02:00:00,162.64544606420836
08-09 03:00:00,107.35768652595326
08-09 04:00:00,64.45732495945587
08-09 05:00:00,47.60416425208542
08-09 06:00:00,45.79184115802837
08-09 07:00:00,142.61395128048542
08-09 08:00:00,208.56210264943826
08-09 09:00:00,262.18080466168027
08-09 10:00:00,323.1485541700755
08-09 11:00:00,273.7636751871809
08-09 12:00:00,252.91037228918432
08-09 13:00:00,248.51973687959216
08-09 14:00:00,213.20140296268266
08-09 15:00:00,263.3793680216622
08-09 16:00:00,253.37870746718102
08-09 17:00:00,266.84242698512764
08-09 18:00:00,405.1053503952581
08-09 19:00:00,505.80418436353534
08-09 20:00:00,517.7292529439642
08-09 21:00:00,484.823362484224
08-09 22:00:00,386.61659077241336
08-09 23:00:00,326.23260091366234
08-10 00:00:00,254.28140099940572
08-10 01:00:00,176.89405845806232
08-10 02:00:00,123.83089206079538
08-10 03:00:00,82.77554530769463
08-10 04:00:00,55.607375477422245
08-10 05:00:00,48.52681631955289
08-10 06:00:00,44.40919395821163
08-10 07:00:00,127.42446398900292
08-10 08:00:00,197.64035386617655
08-10 09:00:00,246.4951224671048
08-10 10:00:00,274.9219786589358
08-10 11:00:00,271.1517985508219
08-10 12:00:00,266.15028765958726
08-10 13:00:00,280.10308993976633
08-10 14:00:00,296.1941978701191
08-10 15:00:00,240.1942077917878
08-10 16:00:00,236.69570566038624
08-10 17:00:00,301.0452992722261
08-10 18:00:00,448.87438156623335
08-10 19:00:00,571.414934188141
08-10 20:00:00,586.8199175858915
08-10 21:00:00,473.96318538285726
08-10 22:00:00,376.4177817013582
08-10 23:00:00,293.26592207637555
08-11 00:00:00,232.95215379368582
08-11 01:00:00,173.71211755366488
08-11 02:00:00,168.85489503217588
08-11 03:00:00,118.12576583049352
08-11 04:00:00,96.70313360108894
08-11 05:00:00,53.83583852624149
08-11 06:00:00,39.13513024180838
08-11 07:00:00,52.304600746178586
08-11 08:00:00,100.06572550610007
08-11 09:00:00,158.80185553210995
08-11 10:00:00,184.58791500449527
08-11 11:00:00,292.80559021962097
08-11 12:00:00,295.54223152556676
08-11 13:00:00,244.06914596541674
08-11 14:00:00,280.71144273996055
08-11 15:00:00,278.1070049479438
08-11 16:00:00,323.9568893524071
08-11 17:00:00,357.3244847883454
08-11 18:00:00,373.9464582470053
08-11 19:00:00,384.77841484279634
08-11 20:00:00,363.643336059565
08-11 21:00:00,306.8218152692938
08-11 22:00:00,219.38853473166202
08-11 23:00:00,214.49648092200388
08-12 00:00:00,212.6010604173744
08-12 01:00:00,182.08551985447855
08-12 02:00:00,151.4476491140835
08-12 03:00:00,131.551758554596
08-12 04:00:00,79.99185969079603
08-12 05:00:00,43.95552717075857
08-12 06:00:00,41.59997386892616
08-12 07:00:00,38.5158598116511
08-12 08:00:00,38.91301585294655
08-12 09:00:00,140.33722513329383
08-12 10:00:00,206.1731788766246
08-12 11:00:00,217.93380233282113
08-12 12:00:00,175.7290609999142
08-12 13:00:00,186.98101630013315
08-12 14:00:00,176.38315980530635
08-12 15:00:00,184.83576980913674
08-12 16:00:00,210.4917515189374
08-12 17:00:00,278.90665586022214
08-12 18:00:00,353.6367260777508
08-12 19:00:00,414.3199497087818
08-12 20:00:00,404.6447348684878
08-12 21:00:00,325.0493088177206
08-12 22:00:00,277.28031134322373
08-12 23:00:00,234.46603569354917
08-13 00:00:00,180.07720992066777
08-13 01:00:00,118.13810062801937
08-13 02:00:00,91.41397468209574
08-13 03:00:00,71.63133097752132
08-13 04:00:00,62.11510144753494
08-13 05:00:00,46.91389202879856
08-13 06:00:00,53.079936750548505
08-13 07:00:00,136.74951779780667
08-13 08:00:00,226.34795406053013
08-13 09:00:00,278.2483764447258
08-13 10:00:00,263.97862624602783
08-13 11:00:00,252.79140896914208
08-13 12:00:00,217.5542378725175
08-13 13:00:00,249.3825266173974
08-13 14:00:00,282.7123779129128
08-13 15:00:00,350.6730312219479
08-13 16:00:00,233.4303155712074
08-13 17:00:00,289.2611022369765
08-13 18:00:00,422.97066184097275
08-13 19:00:00,604.9971230725748
08-13 20:00:00,603.1233835322039
08-13 21:00:00,532.489568313519
08-13 22:00:00,462.8474057174178
08-13 23:00:00,382.49398828923773
08-14 00:00:00,303.11771301746387
08-14 01:00:00,205.0794389975655
08-14 02:00:00,141.47543800667208
08-14 03:00:00,87.51557826212817
08-14 04:00:00,64.53400146637037
08-14 05:00:00,51.29381703394189
08-14 06:00:00,59.70705996073951
08-14 07:00:00,138.78165381662242
08-14 08:00:00,245.81463941159708
08-14 09:00:00,271.788767062761
08-14 10:00:00,293.10782106260814
08-14 11:00:00,224.19157432394556
08-14 12:00:00,258.68849175385407
08-14 13:00:00,299.9163865693779
08-14 14:00:00,289.447985544434
08-14 15:00:00,309.5960064673257
08-14 16:00:00,276.6281419682128
08-14 17:00:00,302.5145899819245
08-14 18:00:00,354.9148635727514
08-14 19:00:00,499.77561449736794
08-14 20:00:00,556.4396567409191
08-14 21:00:00,533.1254901853473
08-14 22:00:00,395.70034980155435
08-14 23:00:00,324.1479739712951
08-15 00:00:00,243.85220767066102
08-15 01:00:00,177.62032384273803
08-15 02:00:00,112.73611618898263
08-15 03:00:00,81.56083534359986
08-15 04:00:00,56.25515299610518
08-15 05:00:00,38.91275160213586
08-15 06:00:00,56.09166945322264
08-15 07:00:00,151.22985141916945
08-15 08:00:00,238.12884674079626
08-15 09:00:00,265.84937587348423
08-15 10:00:00,324.2367722741557
08-15 11:00:00,293.25266860642273
08-15 12:00:00,232.48956915781642
08-15 13:00:00,234.38258584280567
08-15 14:00:00,261.4154226332973
08-15 15:00:00,256.07622092597984
08-15 16:00:00,218.76026788615758
08-15 17:00:00,230.09416365948695
08-15 18:00:00,407.337041019314
08-15 19:00:00,546.2600245315714
08-15 20:00:00,609.8104740665771
08-15 21:00:00,537.1674943251381
08-15 22:00:00,424.59179107676346
08-15 23:00:00,351.0161394346489
08-16 00:00:00,276.7270264347372
08-16 01:00:00,208.95946574190214
08-16 02:00:00,162.64544606420836
08-16 03:00:00,107.35768652595326
08-16 04:00:00,64.45732495945587
08-16 05:00:00,47.60416425208542
08-16 06:00:00,45.79184115802837
08-16 07:00:00,142.61395128048542
08-16 08:00:00,208.56210264943826
08-16 09:00:00,262.18080466168027
08-16 10:00:00,323.1485541700755
08-16 11:00:00,273.7636751871809
08-16 12:00:00,252.91037228918432
08-16 13:00:00,248.51973687959216
08-16 14:00:00,213.20140296268266
08-16 15:00:00,263.3793680216622
08-16 16:00:00,253.37870746718102
08-16 17:00:00,266.84242698512764
08-16 18:00:00,405.1053503952581
08-16 19:00:00,505.80418436353534
08-16 20:00:00,517.7292529439642
08-16 21:00:00,484.823362484224
08-16 22:00:00,386.61659077241336
08-16 23:00:00,326.23260091366234
08-17 00:00:00,254.28140099940572
08-17 01:00:00,176.89405845806232
08-17 02:00:00,123.83089206079538
08-17 03:00:00,82.77554530769463
08-17 04:00:00,55.607375477422245
08-17 05:00:00,48.52681631955289
08-17 06:00:00,44.40919395821163
08-17 07:00:00,127.42446398900292
08-17 08:00:00,197.64035386617655
08-17 09:00:00,246.4951224671048
08-17 10:00:00,274.9219786589358
08-17 11:00:00,271.1517985508219
08-17 12:00:00,266.15028765958726
08-17 13:00:00,280.10308993976633
08-17 14:00:00,296.1941978701191
08-17 15:00:00,240.1942077917878
08-17 16:00:00,236.69570566038624
08-17 17:00:00,301.0452992722261
08-17 18:00:00,448.87438156623335
08-17 19:00:00,571.414934188141
08-17 20:00:00,586.8199175858915
08-17 21:00:00,473.96318538285726
08-17 22:00:00,376.4177817013582
08-17 23:00:00,293.26592207637555
08-18 00:00:00,232.95215379368582
08-18 01:00:00,173.71211755366488
08-18 02:00:00,168.85489503217588
08-18 03:00:00,118.12576583049352
08-18 04:00:00,96.70313360108894
08-18 05:00:00,53.83583852624149
08-18 06:00:00,39.13513024180838
08-18 07:00:00,52.304600746178586
08-18 08:00:00,100.06572550610007
08-18 09:00:00,158.80185553210995
08-18 10:00:00,184.58791500449527
08-18 11:00:00,292.80559021962097
08-18 12:00:00,295.54223152556676
08-18 13:00:00,244.06914596541674
08-18 14:00:00,280.71144273996055
08-18 15:00:00,278.1070049479438
08-18 16:00:00,323.9568893524071
08-18 17:00:00,357.3244847883454
08-18 18:00:00,373.9464582470053
08-18 19:00:00,384.77841484279634
08-18 20:00:00,363.643336059565
08-18 21:00:00,306.8218152692938
08-18 22:00:00,219.38853473166202
08-18 23:00:00,214.49648092200388
08-19 00:00:00,212.6010604173744
08-19 01:00:00,182.08551985447855
08-19 02:00:00,151.4476491140835
08-19 03:00:00,131.551758554596
08-19 04:00:00,79.99185969079603
08-19 05:00:00,43.95552717075857
08-19 06:00:00,41.59997386892616
08-19 07:00:00,38.5158598116511
08-19 08:00:00,38.91301585294655
08-19 09:00:00,140.33722513329383
08-19 10:00:00,206.1731788766246
08-19 11:00:00,217.93380233282113
08-19 12:00:00,175.7290609999142
08-19 13:00:00,186.98101630013315
08-19 14:00:00,176.38315980530635
08-19 15:00:00,184.83576980913674
08-19 16:00:00,210.4917515189374
08-19 17:00:00,278.90665586022214
08-19 18:00:00,353.6367260777508
08-19 19:00:00,414.3199497087818
08-19 20:00:00,404.6447348684878
08-19 21:00:00,325.0493088177206
08-19 22:00:00,277.28031134322373
08-19 23:00:00,234.46603569354917
08-20 00:00:00,180.07720992066777
08-20 01:00:00,118.13810062801937
08-20 02:00:00,91.41397468209574
08-20 03:00:00,71.63133097752132
08-20 04:00:00,62.11510144753494
08-20 05:00:00,46.91389202879856
08-20 06:00:00,53.079936750548505
08-20 07:00:00,136.74951779780667
08-20 08:00:00,226.34795406053013
08-20 09:00:00,278.2483764447258
08-20 10:00:00,263.97862624602783
08-20 11:00:00,252.79140896914208
08-20 12:00:00,217.5542378725175
08-20 13:00:00,249.3825266173974
08-20 14:00:00,282.7123779129128
08-20 15:00:00,350.6730312219479
08-20 16:00:00,233.4303155712074
08-20 17:00:00,289.2611022369765
08-20 18:00:00,422.97066184097275
08-20 19:00:00,604.9971230725748
08-20 20:00:00,603.1233835322039
08-20 21:00:00,532.489568313519
08-20 22:00:00,462.8474057174178
08-20 23:00:00,382.49398828923773
08-21 00:00:00,303.11771301746387
08-21 01:00:00,205.0794389975655
08-21 02:00:00,141.47543800667208
08-21 03:00:00,87.51557826212817
08-21 04:00:00,64.53400146637037
08-21 05:00:00,51.29381703394189
08-21 06:00:00,59.70705996073951
08-21 07:00:00,138.78165381662242
08-21 08:00:00,245.81463941159708
08-21 09:00:00,271.788767062761
08-21 10:00:00,293.10782106260814
08-21 11:00:00,224.19157432394556
08-21 12:00:00,258.68849175385407
08-21 13:00:00,299.9163865693779
08-21 14:00:00,289.447985544434
08-21 15:00:00,309.5960064673257
08-21 16:00:00,276.6281419682128
08-21 17:00:00,302.5145899819245
08-21 18:00:00,354.9148635727514
08-21 19:00:00,499.77561449736794
08-21 20:00:00,556.4396567409191
08-21 21:00:00,533.1254901853473
08-21 22:00:00,395.70034980155435
08-21 23:00:00,324.1479739712951
08-22 00:00:00,243.85220767066102
08-22 01:00:00,177.62032384273803
08-22 02:00:00,112.73611618898263
08-22 03:00:00,81.56083534359986
08-22 04:00:00,56.25515299610518
08-22 05:00:00,38.91275160213586
08-22 06:00:00,56.09166945322264
08-22 07:00:00,151.22985141916945
08-22 08:00:00,238.12884674079626
08-22 09:00:00,265.84937587348423
08-22 10:00:00,324.2367722741557
08-22 11:00:00,293.25266860642273
08-22 12:00:00,232.48956915781642
08-22 13:00:00,234.38258584280567
08-22 14:00:00,261.4154226332973
08-22 15:00:00,256.07622092597984
08-22 16:00:00,218.76026788615758
08-22 17:00:00,230.09416365948695
08-22 18:00:00,407.337041019314
08-22 19:00:00,546.2600245315714
08-22 20:00:00,609.8104740665771
08-22 21:00:00,537.1674943251381
08-22 22:00:00,424.59179107676346
08-22 23:00:00,351.0161394346489
08-23 00:00:00,276.7270264347372
08-23 01:00:00,208.95946574190214
08-23 02:00:00,162.64544606420836
08-23 03:00:00,107.35768652595326
08-23 04:00:00,64.45732495945587
08-23 05:00:00,47.60416425208542
08-23 06:00:00,45.79184115802837
08-23 07:00:00,142.61395128048542
08-23 08:00:00,208.56210264943826
08-23 09:00:00,262.18080466168027
08-23 10:00:00,323.1485541700755
08-23 11:00:00,273.7636751871809
08-23 12:00:00,252.91037228918432
08-23 13:00:00,248.51973687959216
08-23 14:00:00,213.20140296268266
08-23 15:00:00,263.3793680216622
08-23 16:00:00,253.37870746718102
08-23 17:00:00,266.84242698512764
08-23 18:00:00,405.1053503952581
08-23 19:00:00,505.80418436353534
08-23 20:00:00,517.7292529439642
08-23 21:00:00,484.823362484224
08-23 22:00:00,386.61659077241336
08-23 23:00:00,326.23260091366234
08-24 00:00:00,254.28140099940572
08-24 01:00:00,176.89405845806232
08-24 02:00:00,123.83089206079538
08-24 03:00:00,82.77554530769463
08-24 04:00:00,55.607375477422245
08-24 05:00:00,48.52681631955289
08-24 06:00:00,44.40919395821163
08-24 07:00:00,127.42446398900292
08-24 08:00:00,197.64035386617655
08-24 09:00:00,246.4951224671048
08-24 10:00:00,274.9219786589358
08-24 11:00:00,271.1517985508219
08-24 12:00:00,266.15028765958726
08-24 13:00:00,280.10308993976633
08-24 14:00:00,296.1941978701191
08-24 15:00:00,240.1942077917878
08-24 16:00:00,236.69570566038624
08-24 17:00:00,301.0452992722261
08-24 18:00:00,448.87438156623335
08-24 19:00:00,571.414934188141
08-24 20:00:00,586.8199175858915
08-24 21:00:00,473.96318538285726
08-24 22:00:00,376.4177817013582
08-24 23:00:00,293.26592207637555
08-25 00:00:00,232.95215379368582
08-25 01:00:00,173.71211755366488
08-25 02:00:00,168.85489503217588
08-25 03:00:00,118.12576583049352
08-25 04:00:00,96.70313360108894
08-25 05:00:00,53.83583852624149
08-25 06:00:00,39.13513024180838
08-25 07:00:00,52.304600746178586
08-25 08:00:00,100.06572550610007
08-25 09:00:00,158.80185553210995
08-25 10:00:00,184.58791500449527
08-25 11:00:00,292.80559021962097
08-25 12:00:00,295.54223152556676
08-25 13:00:00,244.06914596541674
08-25 14:00:00,280.71144273996055
08-25 15:00:00,278.1070049479438
08-25 16:00:00,323.9568893524071
08-25 17:00:00,357.3244847883454
08-25 18:00:00,373.9464582470053
08-25 19:00:00,384.77841484279634
08-25 20:00:00,363.643336059565
08-25 21:00:00,306.8218152692938
08-25 22:00:00,219.38853473166202
08-25 23:00:00,214.49648092200388
08-26 00:00:00,212.6010604173744
08-26 01:00:00,182.08551985447855
08-26 02:00:00,151.4476491140835
08-26 03:00:00,131.551758554596
08-26 04:00:00,79.99185969079603
08-26 05:00:00,43.95552717075857
08-26 06:00:00,41.59997386892616
08-26 07:00:00,38.5158598116511
08-26 08:00:00,38.91301585294655
08-26 09:00:00,140.33722513329383
08-26 10:00:00,206.1731788766246
08-26 11:00:00,217.93380233282113
08-26 12:00:00,175.7290609999142
08-26 13:00:00,186.98101630013315
08-26 14:00:00,176.38315980530635
08-26 15:00:00,184.83576980913674
08-26 16:00:00,210.4917515189374
08-26 17:00:00,278.90665586022214
08-26 18:00:00,353.6367260777508
08-26 19:00:00,414.3199497087818
08-26 20:00:00,404.6447348684878
08-26 21:00:00,325.0493088177206
08-26 22:00:00,277.28031134322373
08-26 23:00:00,234.46603569354917
08-27 00:00:00,180.07720992066777
08-27 01:00:00,118.13810062801937
08-27 02:00:00,91.41397468209574
08-27 03:00:00,71.63133097752132
08-27 04:00:00,62.11510144753494
08-27 05:00:00,46.91389202879856
08-27 06:00:00,53.079936750548505
08-27 07:00:00,136.74951779780667
08-27 08:00:00,226.34795406053013
08-27 09:00:00,278.2483764447258
08-27 10:00:00,263.97862624602783
08-27 11:00:00,252.79140896914208
08-27 12:00:00,217.5542378725175
08-27 13:00:00,249.3825266173974
08-27 14:00:00,282.7123779129128
08-27 15:00:00,350.6730312219479
08-27 16:00:00,233.4303155712074
08-27 17:00:00,289.2611022369765
08-27 18:00:00,422.97066184097275
08-27 19:00:00,604.9971230725748
08-27 20:00:00,603.1233835322039
08-27 21:00:00,532.489568313519
08-27 22:00:00,462.8474057174178
08-27 23:00:00,382.49398828923773
08-28 00:00:00,303.11771301746387
08-28 01:00:00,205.0794389975655
08-28 02:00:00,141.47543800667208
08-28 03:00:00,87.51557826212817
08-28 04:00:00,64.53400146637037
08-28 05:00:00,51.29381703394189
08-28 06:00:00,59.70705996073951
08-28 07:00:00,138.78165381662242
08-28 08:00:00,245.81463941159708
08-28 09:00:00,271.788767062761
08-28 10:00:00,293.10782106260814
08-28 11:00:00,224.19157432394556
08-28 12:00:00,258.68849175385407
08-28 13:00:00,299.9163865693779
08-28 14:00:00,289.447985544434
08-28 15:00:00,309.5960064673257
08-28 16:00:00,276.6281419682128
08-28 17:00:00,302.5145899819245
08-28 18:00:00,354.9148635727514
08-28 19:00:00,499.77561449736794
08-28 20:00:00,556.4396567409191
08-28 21:00:00,533.1254901853473
08-28 22:00:00,395.70034980155435
08-28 23:00:00,324.1479739712951
08-29 00:00:00,243.85220767066102
08-29 01:00:00,177.62032384273803
08-29 02:00:00,112.73611618898263
08-29 03:00:00,81.56083534359986
08-29 04:00:00,56.25515299610518
08-29 05:00:00,38.91275160213586
08-29 06:00:00,56.09166945322264
08-29 07:00:00,151.22985141916945
08-29 08:00:00,238.12884674079626
08-29 09:00:00,265.84937587348423
08-29 10:00:00,324.2367722741557
08-29 11:00:00,293.25266860642273
08-29 12:00:00,232.48956915781642
08-29 13:00:00,234.38258584280567
08-29 14:00:00,261.4154226332973
08-29 15:00:00,256.07622092597984
08-29 16:00:00,218.76026788615758
08-29 17:00:00,230.09416365948695
08-29 18:00:00,407.337041019314
08-29 19:00:00,546.2600245315714
08-29 20:00:00,609.8104740665771
08-29 21:00:00,537.1674943251381
08-29 22:00:00,424.59179107676346
08-29 23:00:00,351.0161394346489
08-30 00:00:00,276.7270264347372
08-30 01:00:00,208.95946574190214
08-30 02:00:00,162.64544606420836
08-30 03:00:00,107.35768652595326
08-30 04:00:00,64.45732495945587
08-30 05:00:00,47.60416425208542
08-30 06:00:00,45.79184115802837
08-30 07:00:00,142.61395128048542
08-30 08:00:00,208.56210264943826
08-30 09:00:00,262.18080466168027
08-30 10:00:00,323.1485541700755
08-30 11:00:00,273.7636751871809
08-30 12:00:00,252.91037228918432
08-30 13:00:00,248.51973687959216
08-30 14:00:00,213.20140296268266
08-30 15:00:00,263.3793680216622
08-30 16:00:00,253.37870746718102
08-30 17:00:00,266.84242698512764
08-30 18:00:00,405.1053503952581
08-30 19:00:00,505.80418436353534
08-30 20:00:00,517.7292529439642
08-30 21:00:00,484.823362484224
08-30 22:00:00,386.61659077241336
08-30 23:00:00,326.23260091366234
08-31 00:00:00,254.28140099940572
08-31 01:00:00,176.89405845806232
08-31 02:00:00,123.83089206079538
08-31 03:00:00,82.77554530769463
08-31 04:00:00,55.607375477422245
08-31 05:00:00,48.52681631955289
08-31 06:00:00,44.40919395821163
08-31 07:00:00,127.42446398900292
08-31 08:00:00,197.64035386617655
08-31 09:00:00,246.4951224671048
08-31 10:00:00,274.9219786589358
08-31 11:00:00,271.1517985508219
08-31 12:00:00,266.15028765958726
08-31 13:00:00,280.10308993976633
08-31 14:00:00,296.1941978701191
08-31 15:00:00,240.1942077917878
08-31 16:00:00,236.69570566038624
08-31 17:00:00,301.0452992722261
08-31 18:00:00,448.87438156623335
08-31 19:00:00,571.414934188141
08-31 20:00:00,586.8199175858915
08-31 21:00:00,473.96318538285726
08-31 22:00:00,376.4177817013582
08-31 23:00:00,293.26592207637555
09-01 00:00:00,232.95215379368582
09-01 01:00:00,173.71211755366488
09-01 02:00:00,168.85489503217588
09-01 03:00:00,118.12576583049352
09-01 04:00:00,96.70313360108894
09-01 05:00:00,53.83583852624149
09-01 06:00:00,39.13513024180838
09-01 07:00:00,52.304600746178586
09-01 08:00:00,100.06572550610007
09-01 09:00:00,158.80185553210995
09-01 10:00:00,184.58791500449527
09-01 11:00:00,292.80559021962097
09-01 12:00:00,295.54223152556676
09-01 13:00:00,244.06914596541674
09-01 14:00:00,280.71144273996055
09-01 15:00:00,278.1070049479438
09-01 16:00:00,323.9568893524071
09-01 17:00:00,357.3244847883454
09-01 18:00:00,373.9464582470053
09-01 19:00:00,384.77841484279634
09-01 20:00:00,363.643336059565
09-01 21:00:00,306.8218152692938
09-01 22:00:00,219.38853473166202
09-01 23:00:00,214.49648092200388
09-02 00:00:00,212.6010604173744
09-02 01:00:00,182.08551985447855
09-02 02:00:00,151.4476491140835
09-02 03:00:00,131.551758554596
09-02 04:00:00,79.99185969079603
09-02 05:00:00,43.95552717075857
09-02 06:00:00,41.59997386892616
09-02 07:00:00,38.5158598116511
09-02 08:00:00,38.91301585294655
09-02 09:00:00,140.33722513329383
09-02 10:00:00,206.1731788766246
09-02 11:00:00,217.93380233282113
09-02 12:00:00,175.7290609999142
09-02 13:00:00,186.98101630013315
09-02 14:00:00,176.38315980530635
09-02 15:00:00,184.83576980913674
09-02 16:00:00,210.4917515189374
09-02 17:00:00,278.90665586022214
09-02 18:00:00,353.6367260777508
09-02 19:00:00,414.3199497087818
09-02 20:00:00,404.6447348684878
09-02 21:00:00,325.0493088177206
09-02 22:00:00,277.28031134322373
09-02 23:00:00,234.46603569354917
09-03 00:00:00,180.07720992066777
09-03 01:00:00,118.13810062801937
09-03 02:00:00,91.41397468209574
09-03 03:00:00,71.63133097752132
09-03 04:00:00,62.11510144753494
09-03 05:00:00,46.91389202879856
09-03 06:00:00,53.079936750548505
09-03 07:00:00,136.74951779780667
09-03 08:00:00,226.34795406053013
09-03 09:00:00,278.2483764447258
09-03 10:00:00,263.97862624602783
09-03 11:00:00,252.79140896914208
09-03 12:00:00,217.5542378725175
09-03 13:00:00,249.3825266173974
09-03 14:00:00,282.7123779129128
09-03 15:00:00,350.6730312219479
09-03 16:00:00,233.4303155712074
09-03 17:00:00,289.2611022369765
09-03 18:00:00,422.97066184097275
09-03 19:00:00,604.9971230725748
09-03 20:00:00,603.1233835322039
09-03 21:00:00,532.489568313519
09-03 22:00:00,462.8474057174178
09-03 23:00:00,382.49398828923773
09-04 00:00:00,303.11771301746387
09-04 01:00:00,205.0794389975655
09-04 02:00:00,141.47543800667208
09-04 03:00:00,87.51557826212817
09-04 04:00:00,64.53400146637037
09-04 05:00:00,51.29381703394189
09-04 06:00:00,59.70705996073951
09-04 07:00:00,138.78165381662242
09-04 08:00:00,245.81463941159708
09-04 09:00:00,271.788767062761
09-04 10:00:00,293.10782106260814
09-04 11:00:00,224.19157432394556
09-04 12:00:00,258.68849175385407
09-04 13:00:00,299.9163865693779
09-04 14:00:00,289.447985544434
09-04 15:00:00,309.5960064673257
09-04 16:00:00,276.6281419682128
09-04 17:00:00,302.5145899819245
09-04 18:00:00,354.9148635727514
09-04 19:00:00,499.77561449736794
09-04 20:00:00,556.4396567409191
09-04 21:00:00,533.1254901853473
09-04 22:00:00,395.70034980155435
09-04 23:00:00,324.1479739712951
09-05 00:00:00,243.85220767066102
09-05 01:00:00,177.62032384273803
09-05 02:00:00,112.73611618898263
09-05 03:00:00,81.56083534359986
09-05 04:00:00,56.25515299610518
09-05 05:00:00,38.91275160213586
09-05 06:00:00,56.09166945322264
09-05 07:00:00,151.22985141916945
09-05 08:00:00,238.12884674079626
09-05 09:00:00,265.84937587348423
09-05 10:00:00,324.2367722741557
09-05 11:00:00,293.25266860642273
09-05 12:00:00,232.48956915781642
09-05 13:00:00,234.38258584280567
09-05 14:00:00,261.4154226332973
09-05 15:00:00,256.07622092597984
09-05 16:00:00,218.76026788615758
09-05 17:00:00,230.09416365948695
09-05 18:00:00,407.337041019314
09-05 19:00:00,546.2600245315714
09-05 20:00:00,609.8104740665771
09-05 21:00:00,537.1674943251381
09-05 22:00:00,424.59179107676346
09-05 23:00:00,351.0161394346489
09-06 00:00:00,276.7270264347372
09-06 01:00:00,208.95946574190214
09-06 02:00:00,162.64544606420836
09-06 03:00:00,107.35768652595326
09-06 04:00:00,64.45732495945587
09-06 05:00:00,47.60416425208542
09-06 06:00:00,45.79184115802837
09-06 07:00:00,142.61395128048542
09-06 08:00:00,208.56210264943826
09-06 09:00:00,262.18080466168027
09-06 10:00:00,323.1485541700755
09-06 11:00:00,273.7636751871809
09-06 12:00:00,252.91037228918432
09-06 13:00:00,248.51973687959216
09-06 14:00:00,213.20140296268266
09-06 15:00:00,263.3793680216622
09-06 16:00:00,253.37870746718102
09-06 17:00:00,266.84242698512764
09-06 18:00:00,405.1053503952581
09-06 19:00:00,505.80418436353534
09-06 20:00:00,517.7292529439642
09-06 21:00:00,484.823362484224
09-06 22:00:00,386.61659077241336
09-06 23:00:00,326.23260091366234
09-07 00:00:00,254.28140099940572
09-07 01:00:00,176.89405845806232
09-07 02:00:00,123.83089206079538
09-07 03:00:00,82.77554530769463
09-07 04:00:00,55.607375477422245
09-07 05:00:00,48.52681631955289
09-07 06:00:00,44.40919395821163
09-07 07:00:00,127.42446398900292
09-07 08:00:00,197.64035386617655
09-07 09:00:00,246.4951224671048
09-07 10:00:00,274.9219786589358
09-07 11:00:00,271.1517985508219
09-07 12:00:00,266.15028765958726
09-07 13:00:00,280.10308993976633
09-07 14:00:00,296.1941978701191
09-07 15:00:00,240.1942077917878
09-07 16:00:00,236.69570566038624
09-07 17:00:00,301.0452992722261
09-07 18:00:00,448.87438156623335
09-07 19:00:00,571.414934188141
09-07 20:00:00,586.8199175858915
09-07 21:00:00,473.96318538285726
09-07 22:00:00,376.4177817013582
09-07 23:00:00,293.26592207637555
09-08 00:00:00,232.95215379368582
09-08 01:00:00,173.71211755366488
09-08 02:00:00,168.85489503217588
09-08 03:00:00,118.12576583049352
09-08 04:00:00,96.70313360108894
09-08 05:00:00,53.83583852624149
09-08 06:00:00,39.13513024180838
09-08 07:00:00,52.304600746178586
09-08 08:00:00,100.06572550610007
09-08 09:00:00,158.80185553210995
09-08 10:00:00,184.58791500449527
09-08 11:00:00,292.80559021962097
09-08 12:00:00,295.54223152556676
09-08 13:00:00,244.06914596541674
09-08 14:00:00,280.71144273996055
09-08 15:00:00,278.1070049479438
09-08 16:00:00,323.9568893524071
09-08 17:00:00,357.3244847883454
09-08 18:00:00,373.9464582470053
09-08 19:00:00,384.77841484279634
09-08 20:00:00,363.643336059565
09-08 21:00:00,306.8218152692938
09-08 22:00:00,219.38853473166202
09-08 23:00:00,214.49648092200388
09-09 00:00:00,212.6010604173744
09-09 01:00:00,182.08551985447855
09-09 02:00:00,151.4476491140835
09-09 03:00:00,131.551758554596
09-09 04:00:00,79.99185969079603
09-09 05:00:00,43.95552717075857
09-09 06:00:00,41.59997386892616
09-09 07:00:00,38.5158598116511
09-09 08:00:00,38.91301585294655
09-09 09:00:00,140.33722513329383
09-09 10:00:00,206.1731788766246
09-09 11:00:00,217.93380233282113
09-09 12:00:00,175.7290609999142
09-09 13:00:00,186.98101630013315
09-09 14:00:00,176.38315980530635
09-09 15:00:00,184.83576980913674
09-09 16:00:00,210.4917515189374
09-09 17:00:00,278.90665586022214
09-09 18:00:00,353.6367260777508
09-09 19:00:00,414.3199497087818
09-09 20:00:00,404.6447348684878
09-09 21:00:00,325.0493088177206
09-09 22:00:00,277.28031134322373
09-09 23:00:00,234.46603569354917
09-10 00:00:00,180.07720992066777
09-10 01:00:00,118.13810062801937
09-10 02:00:00,91.41397468209574
09-10 03:00:00,71.63133097752132
09-10 04:00:00,62.11510144753494
09-10 05:00:00,46.91389202879856
09-10 06:00:00,53.079936750548505
09-10 07:00:00,136.74951779780667
09-10 08:00:00,226.34795406053013
09-10 09:00:00,278.2483764447258
09-10 10:00:00,263.97862624602783
09-10 11:00:00,252.79140896914208
09-10 12:00:00,217.5542378725175
09-10 13:00:00,249.3825266173974
09-10 14:00:00,282.7123779129128
09-10 15:00:00,350.6730312219479
09-10 16:00:00,233.4303155712074
09-10 17:00:00,289.2611022369765
09-10 18:00:00,422.97066184097275
09-10 19:00:00,604.9971230725748
09-10 20:00:00,603.1233835322039
09-10 21:00:00,532.489568313519
09-10 22:00:00,462.8474057174178
09-10 23:00:00,382.49398828923773
09-11 00:00:00,303.11771301746387
09-11 01:00:00,205.0794389975655
09-11 02:00:00,141.47543800667208
09-11 03:00:00,87.51557826212817
09-11 04:00:00,64.53400146637037
09-11 05:00:00,51.29381703394189
09-11 06:00:00,59.70705996073951
09-11 07:00:00,138.78165381662242
09-11 08:00:00,245.81463941159708
09-11 09:00:00,271.788767062761
09-11 10:00:00,293.10782106260814
09-11 11:00:00,224.19157432394556
09-11 12:00:00,258.68849175385407
09-11 13:00:00,299.9163865693779
09-11 14:00:00,289.447985544434
09-11 15:00:00,309.5960064673257
09-11 16:00:00,276.6281419682128
09-11 17:00:00,302.5145899819245
09-11 18:00:00,354.9148635727514
09-11 19:00:00,499.77561449736794
09-11 20:00:00,556.4396567409191
09-11 21:00:00,533.1254901853473
09-11 22:00:00,395.70034980155435
09-11 23:00:00,324.1479739712951
09-12 00:00:00,243.85220767066102
09-12 01:00:00,177.62032384273803
09-12 02:00:00,112.73611618898263
09-12 03:00:00,81.56083534359986
09-12 04:00:00,56.25515299610518
09-12 05:00:00,38.91275160213586
09-12 06:00:00,56.09166945322264
09-12 07:00:00,151.22985141916945
09-12 08:00:00,238.12884674079626
09-12 09:00:00,265.84937587348423
09-12 10:00:00,324.2367722741557
09-12 11:00:00,293.25266860642273
09-12 12:00:00,232.48956915781642
09-12 13:00:00,234.38258584280567
09-12 14:00:00,261.4154226332973
09-12 15:00:00,256.07622092597984
09-12 16:00:00,218.76026788615758
09-12 17:00:00,230.09416365948695
09-12 18:00:00,407.337041019314
09-12 19:00:00,546.2600245315714
09-12 20:00:00,609.8104740665771
09-12 21:00:00,537.1674943251381
09-12 22:00:00,424.59179107676346
09-12 23:00:00,351.0161394346489
09-13 00:00:00,276.7270264347372
09-13 01:00:00,208.95946574190214
09-13 02:00:00,162.64544606420836
09-13 03:00:00,107.35768652595326
09-13 04:00:00,64.45732495945587
09-13 05:00:00,47.60416425208542
09-13 06:00:00,45.79184115802837
09-13 07:00:00,142.61395128048542
09-13 08:00:00,208.56210264943826
09-13 09:00:00,262.18080466168027
09-13 10:00:00,323.1485541700755
09-13 11:00:00,273.7636751871809
09-13 12:00:00,252.91037228918432
09-13 13:00:00,248.51973687959216
09-13 14:00:00,213.20140296268266
09-13 15:00:00,263.3793680216622
09-13 16:00:00,253.37870746718102
09-13 17:00:00,266.84242698512764
09-13 18:00:00,405.1053503952581
09-13 19:00:00,505.80418436353534
09-13 20:00:00,517.7292529439642
09-13 21:00:00,484.823362484224
09-13 22:00:00,386.61659077241336
09-13 23:00:00,326.23260091366234
09-14 00:00:00,254.28140099940572
09-14 01:00:00,176.89405845806232
09-14 02:00:00,123.83089206079538
09-14 03:00:00,82.77554530769463
09-14 04:00:00,55.607375477422245
09-14 05:00:00,48.52681631955289
09-14 06:00:00,44.40919395821163
09-14 07:00:00,127.42446398900292
09-14 08:00:00,197.64035386617655
09-14 09:00:00,246.4951224671048
09-14 10:00:00,274.9219786589358
09-14 11:00:00,271.1517985508219
09-14 12:00:00,266.15028765958726
09-14 13:00:00,280.10308993976633
09-14 14:00:00,296.1941978701191
09-14 15:00:00,240.1942077917878
09-14 16:00:00,236.69570566038624
09-14 17:00:00,301.0452992722261
09-14 18:00:00,448.87438156623335
09-14 19:00:00,571.414934188141
09-14 20:00:00,586.8199175858915
09-14 21:00:00,473.96318538285726
09-14 22:00:00,376.4177817013582
09-14 23:00:00,293.26592207637555
09-15 00:00:00,232.95215379368582
09-15 01:00:00,173.71211755366488
09-15 02:00:00,168.85489503217588
09-15 03:00:00,118.12576583049352
09-15 04:00:00,96.70313360108894
09-15 05:00:00,53.83583852624149
09-15 06:00:00,39.13513024180838
09-15 07:00:00,52.304600746178586
09-15 08:00:00,100.06572550610007
09-15 09:00:00,158.80185553210995
09-15 10:00:00,184.58791500449527
09-15 11:00:00,292.80559021962097
09-15 12:00:00,295.54223152556676
09-15 13:00:00,244.06914596541674
09-15 14:00:00,280.71144273996055
09-15 15:00:00,278.1070049479438
09-15 16:00:00,323.9568893524071
09-15 17:00:00,357.3244847883454
09-15 18:00:00,373.9464582470053
09-15 19:00:00,384.77841484279634
09-15 20:00:00,363.643336059565
09-15 21:00:00,306.8218152692938
09-15 22:00:00,219.38853473166202
09-15 23:00:00,214.49648092200388
09-16 00:00:00,212.6010604173744
09-16 01:00:00,182.08551985447855
09-16 02:00:00,151.4476491140835
09-16 03:00:00,131.551758554596
09-16 04:00:00,79.99185969079603
09-16 05:00:00,43.95552717075857
09-16 06:00:00,41.59997386892616
09-16 07:00:00,38.5158598116511
09-16 08:00:00,38.91301585294655
09-16 09:00:00,140.33722513329383
09-16 10:00:00,206.1731788766246
09-16 11:00:00,217.93380233282113
09-16 12:00:00,175.7290609999142
09-16 13:00:00,186.98101630013315
09-16 14:00:00,176.38315980530635
09-16 15:00:00,184.83576980913674
09-16 16:00:00,210.4917515189374
09-16 17:00:00,278.90665586022214
09-16 18:00:00,353.6367260777508
09-16 19:00:00,414.3199497087818
09-16 20:00:00,404.6447348684878
09-16 21:00:00,325.0493088177206
09-16 22:00:00,277.28031134322373
09-16 23:00:00,234.46603569354917
09-17 00:00:00,180.07720992066777
09-17 01:00:00,118.13810062801937
09-17 02:00:00,91.41397468209574
09-17 03:00:00,71.63133097752132
09-17 04:00:00,62.11510144753494
09-17 05:00:00,46.91389202879856
09-17 06:00:00,53.079936750548505
09-17 07:00:00,136.74951779780667
09-17 08:00:00,226.34795406053013
09-17 09:00:00,278.2483764447258
09-17 10:00:00,263.97862624602783
09-17 11:00:00,252.79140896914208
09-17 12:00:00,217.5542378725175
09-17 13:00:00,249.3825266173974
09-17 14:00:00,282.7123779129128
09-17 15:00:00,350.6730312219479
09-17 16:00:00,233.4303155712074
09-17 17:00:00,289.2611022369765
09-17 18:00:00,422.97066184097275
09-17 19:00:00,604.9971230725748
09-17 20:00:00,603.1233835322039
09-17 21:00:00,532.489568313519
09-17 22:00:00,462.8474057174178
09-17 23:00:00,382.49398828923773
09-18 00:00:00,303.11771301746387
09-18 01:00:00,205.0794389975655
09-18 02:00:00,141.47543800667208
09-18 03:00:00,87.51557826212817
09-18 04:00:00,64.53400146637037
09-18 05:00:00,51.29381703394189
09-18 06:00:00,59.70705996073951
09-18 07:00:00,138.78165381662242
09-18 08:00:00,245.81463941159708
09-18 09:00:00,271.788767062761
09-18 10:00:00,293.10782106260814
09-18 11:00:00,224.19157432394556
09-18 12:00:00,258.68849175385407
09-18 13:00:00,299.9163865693779
09-18 14:00:00,289.447985544434
09-18 15:00:00,309.5960064673257
09-18 16:00:00,276.6281419682128
09-18 17:00:00,302.5145899819245
09-18 18:00:00,354.9148635727514
09-18 19:00:00,499.77561449736794
09-18 20:00:00,556.4396567409191
09-18 21:00:00,533.1254901853473
09-18 22:00:00,395.70034980155435
09-18 23:00:00,324.1479739712951
09-19 00:00:00,243.85220767066102
09-19 01:00:00,177.62032384273803
09-19 02:00:00,112.73611618898263
09-19 03:00:00,81.56083534359986
09-19 04:00:00,56.25515299610518
09-19 05:00:00,38.91275160213586
09-19 06:00:00,56.09166945322264
09-19 07:00:00,151.22985141916945
09-19 08:00:00,238.12884674079626
09-19 09:00:00,265.84937587348423
09-19 10:00:00,324.2367722741557
09-19 11:00:00,293.25266860642273
09-19 12:00:00,232.48956915781642
09-19 13:00:00,234.38258584280567
09-19 14:00:00,261.4154226332973
09-19 15:00:00,256.07622092597984
09-19 16:00:00,218.76026788615758
09-19 17:00:00,230.09416365948695
09-19 18:00:00,407.337041019314
09-19 19:00:00,546.2600245315714
09-19 20:00:00,609.8104740665771
09-19 21:00:00,537.1674943251381
09-19 22:00:00,424.59179107676346
09-19 23:00:00,351.0161394346489
09-20 00:00:00,276.7270264347372
09-20 01:00:00,208.95946574190214
09-20 02:00:00,162.64544606420836
09-20 03:00:00,107.35768652595326
09-20 04:00:00,64.45732495945587
09-20 05:00:00,47.60416425208542
09-20 06:00:00,45.79184115802837
09-20 07:00:00,142.61395128048542
09-20 08:00:00,208.56210264943826
09-20 09:00:00,262.18080466168027
09-20 10:00:00,323.1485541700755
09-20 11:00:00,273.7636751871809
09-20 12:00:00,252.91037228918432
09-20 13:00:00,248.51973687959216
09-20 14:00:00,213.20140296268266
09-20 15:00:00,263.3793680216622
09-20 16:00:00,253.37870746718102
09-20 17:00:00,266.84242698512764
09-20 18:00:00,405.1053503952581
09-20 19:00:00,505.80418436353534
09-20 20:00:00,517.7292529439642
09-20 21:00:00,484.823362484224
09-20 22:00:00,386.61659077241336
09-20 23:00:00,326.23260091366234
09-21 00:00:00,254.28140099940572
09-21 01:00:00,176.89405845806232
09-21 02:00:00,123.83089206079538
09-21 03:00:00,82.77554530769463
09-21 04:00:00,55.607375477422245
09-21 05:00:00,48.52681631955289
09-21 06:00:00,44.40919395821163
09-21 07:00:00,127.42446398900292
09-21 08:00:00,197.64035386617655
09-21 09:00:00,246.4951224671048
09-21 10:00:00,274.9219786589358
09-21 11:00:00,271.1517985508219
09-21 12:00:00,266.15028765958726
09-21 13:00:00,280.10308993976633
09-21 14:00:00,296.1941978701191
09-21 15:00:00,240.1942077917878
09-21 16:00:00,236.69570566038624
09-21 17:00:00,301.0452992722261
09-21 18:00:00,448.87438156623335
09-21 19:00:00,571.414934188141
09-21 20:00:00,586.8199175858915
09-21 21:00:00,473.96318538285726
09-21 22:00:00,376.4177817013582
09-21 23:00:00,293.26592207637555
09-22 00:00:00,232.95215379368582
09-22 01:00:00,173.71211755366488
09-22 02:00:00,168.85489503217588
09-22 03:00:00,118.12576583049352
09-22 04:00:00,96.70313360108894
09-22 05:00:00,53.83583852624149
09-22 06:00:00,39.13513024180838
09-22 07:00:00,52.304600746178586
09-22 08:00:00,100.06572550610007
09-22 09:00:00,158.80185553210995
09-22 10:00:00,184.58791500449527
09-22 11:00:00,292.80559021962097
09-22 12:00:00,295.54223152556676
09-22 13:00:00,244.06914596541674
09-22 14:00:00,280.71144273996055
09-22 15:00:00,278.1070049479438
09-22 16:00:00,323.9568893524071
09-22 17:00:00,357.3244847883454
09-22 18:00:00,373.9464582470053
09-22 19:00:00,384.77841484279634
09-22 20:00:00,363.643336059565
09-22 21:00:00,306.8218152692938
09-22 22:00:00,219.38853473166202
09-22 23:00:00,214.49648092200388
09-23 00:00:00,212.6010604173744
09-23 01:00:00,182.08551985447855
09-23 02:00:00,151.4476491140835
09-23 03:00:00,131.551758554596
09-23 04:00:00,79.99185969079603
09-23 05:00:00,43.95552717075857
09-23 06:00:00,41.59997386892616
09-23 07:00:00,38.5158598116511
09-23 08:00:00,38.91301585294655
09-23 09:00:00,140.33722513329383
09-23 10:00:00,206.1731788766246
09-23 11:00:00,217.93380233282113
09-23 12:00:00,175.7290609999142
09-23 13:00:00,186.98101630013315
09-23 14:00:00,176.38315980530635
09-23 15:00:00,184.83576980913674
09-23 16:00:00,210.4917515189374
09-23 17:00:00,278.90665586022214
09-23 18:00:00,353.6367260777508
09-23 19:00:00,414.3199497087818
09-23 20:00:00,404.6447348684878
09-23 21:00:00,325.0493088177206
09-23 22:00:00,277.28031134322373
09-23 23:00:00,234.46603569354917
09-24 00:00:00,180.07720992066777
09-24 01:00:00,118.13810062801937
09-24 02:00:00,91.41397468209574
09-24 03:00:00,71.63133097752132
09-24 04:00:00,62.11510144753494
09-24 05:00:00,46.91389202879856
09-24 06:00:00,53.079936750548505
09-24 07:00:00,136.74951779780667
09-24 08:00:00,226.34795406053013
09-24 09:00:00,278.2483764447258
09-24 10:00:00,263.97862624602783
09-24 11:00:00,252.79140896914208
09-24 12:00:00,217.5542378725175
09-24 13:00:00,249.3825266173974
09-24 14:00:00,282.7123779129128
09-24 15:00:00,350.6730312219479
09-24 16:00:00,233.4303155712074
09-24 17:00:00,289.2611022369765
09-24 18:00:00,422.97066184097275
09-24 19:00:00,604.9971230725748
09-24 20:00:00,603.1233835322039
09-24 21:00:00,532.489568313519
09-24 22:00:00,462.8474057174178
09-24 23:00:00,382.49398828923773
09-25 00:00:00,303.11771301746387
09-25 01:00:00,205.0794389975655
09-25 02:00:00,141.47543800667208
09-25 03:00:00,87.51557826212817
09-25 04:00:00,64.53400146637037
09-25 05:00:00,51.29381703394189
09-25 06:00:00,59.70705996073951
09-25 07:00:00,138.78165381662242
09-25 08:00:00,245.81463941159708
09-25 09:00:00,271.788767062761
09-25 10:00:00,293.10782106260814
09-25 11:00:00,224.19157432394556
09-25 12:00:00,258.68849175385407
09-25 13:00:00,299.9163865693779
09-25 14:00:00,289.447985544434
09-25 15:00:00,309.5960064673257
09-25 16:00:00,276.6281419682128
09-25 17:00:00,302.5145899819245
09-25 18:00:00,354.9148635727514
09-25 19:00:00,499.77561449736794
09-25 20:00:00,556.4396567409191
09-25 21:00:00,533.1254901853473
09-25 22:00:00,395.70034980155435
09-25 23:00:00,324.1479739712951
09-26 00:00:00,243.85220767066102
09-26 01:00:00,177.62032384273803
09-26 02:00:00,112.73611618898263
09-26 03:00:00,81.56083534359986
09-26 04:00:00,56.25515299610518
09-26 05:00:00,38.91275160213586
09-26 06:00:00,56.09166945322264
09-26 07:00:00,151.22985141916945
09-26 08:00:00,238.12884674079626
09-26 09:00:00,265.84937587348423
09-26 10:00:00,324.2367722741557
09-26 11:00:00,293.25266860642273
09-26 12:00:00,232.48956915781642
09-26 13:00:00,234.38258584280567
09-26 14:00:00,261.4154226332973
09-26 15:00:00,256.07622092597984
09-26 16:00:00,218.76026788615758
09-26 17:00:00,230.09416365948695
09-26 18:00:00,407.337041019314
09-26 19:00:00,546.2600245315714
09-26 20:00:00,609.8104740665771
09-26 21:00:00,537.1674943251381
09-26 22:00:00,424.59179107676346
09-26 23:00:00,351.0161394346489
09-27 00:00:00,276.7270264347372
09-27 01:00:00,208.95946574190214
09-27 02:00:00,162.64544606420836
09-27 03:00:00,107.35768652595326
09-27 04:00:00,64.45732495945587
09-27 05:00:00,47.60416425208542
09-27 06:00:00,45.79184115802837
09-27 07:00:00,142.61395128048542
09-27 08:00:00,208.56210264943826
09-27 09:00:00,262.18080466168027
09-27 10:00:00,323.1485541700755
09-27 11:00:00,273.7636751871809
09-27 12:00:00,252.91037228918432
09-27 13:00:00,248.51973687959216
09-27 14:00:00,213.20140296268266
09-27 15:00:00,263.3793680216622
09-27 16:00:00,253.37870746718102
09-27 17:00:00,266.84242698512764
09-27 18:00:00,405.1053503952581
09-27 19:00:00,505.80418436353534
09-27 20:00:00,517.7292529439642
09-27 21:00:00,484.823362484224
09-27 22:00:00,386.61659077241336
09-27 23:00:00,326.23260091366234
09-28 00:00:00,254.28140099940572
09-28 01:00:00,176.89405845806232
09-28 02:00:00,123.83089206079538
09-28 03:00:00,82.77554530769463
09-28 04:00:00,55.607375477422245
09-28 05:00:00,48.52681631955289
09-28 06:00:00,44.40919395821163
09-28 07:00:00,127.42446398900292
09-28 08:00:00,197.64035386617655
09-28 09:00:00,246.4951224671048
09-28 10:00:00,274.9219786589358
09-28 11:00:00,271.1517985508219
09-28 12:00:00,266.15028765958726
09-28 13:00:00,280.10308993976633
09-28 14:00:00,296.1941978701191
09-28 15:00:00,240.1942077917878
09-28 16:00:00,236.69570566038624
09-28 17:00:00,301.0452992722261
09-28 18:00:00,448.87438156623335
09-28 19:00:00,571.414934188141
09-28 20:00:00,586.8199175858915
09-28 21:00:00,473.96318538285726
09-28 22:00:00,376.4177817013582
09-28 23:00:00,293.26592207637555
09-29 00:00:00,232.95215379368582
09-29 01:00:00,173.71211755366488
09-29 02:00:00,168.85489503217588
09-29 03:00:00,118.12576583049352
09-29 04:00:00,96.70313360108894
09-29 05:00:00,53.83583852624149
09-29 06:00:00,39.13513024180838
09-29 07:00:00,52.304600746178586
09-29 08:00:00,100.06572550610007
09-29 09:00:00,158.80185553210995
09-29 10:00:00,184.58791500449527
09-29 11:00:00,292.80559021962097
09-29 12:00:00,295.54223152556676
09-29 13:00:00,244.06914596541674
09-29 14:00:00,280.71144273996055
09-29 15:00:00,278.1070049479438
09-29 16:00:00,323.9568893524071
09-29 17:00:00,357.3244847883454
09-29 18:00:00,373.9464582470053
09-29 19:00:00,384.77841484279634
09-29 20:00:00,363.643336059565
09-29 21:00:00,306.8218152692938
09-29 22:00:00,219.38853473166202
09-29 23:00:00,214.49648092200388
09-30 00:00:00,212.6010604173744
09-30 01:00:00,182.08551985447855
09-30 02:00:00,151.4476491140835
09-30 03:00:00,131.551758554596
09-30 04:00:00,79.99185969079603
09-30 05:00:00,43.95552717075857
09-30 06:00:00,41.59997386892616
09-30 07:00:00,38.5158598116511
09-30 08:00:00,38.91301585294655
09-30 09:00:00,140.33722513329383
09-30 10:00:00,206.1731788766246
09-30 11:00:00,217.93380233282113
09-30 12:00:00,175.7290609999142
09-30 13:00:00,186.98101630013315
09-30 14:00:00,176.38315980530635
09-30 15:00:00,184.83576980913674
09-30 16:00:00,210.4917515189374
09-30 17:00:00,278.90665586022214
09-30 18:00:00,353.6367260777508
09-30 19:00:00,414.3199497087818
09-30 20:00:00,404.6447348684878
09-30 21:00:00,325.0493088177206
09-30 22:00:00,277.28031134322373
09-30 23:00:00,234.46603569354917
10-01 00:00:00,180.07720992066777
10-01 01:00:00,118.13810062801937
10-01 02:00:00,91.41397468209574
10-01 03:00:00,71.63133097752132
10-01 04:00:00,62.11510144753494
10-01 05:00:00,46.91389202879856
10-01 06:00:00,53.079936750548505
10-01 07:00:00,136.74951779780667
10-01 08:00:00,226.34795406053013
10-01 09:00:00,278.2483764447258
10-01 10:00:00,263.97862624602783
10-01 11:00:00,252.79140896914208
10-01 12:00:00,217.5542378725175
10-01 13:00:00,249.3825266173974
10-01 14:00:00,282.7123779129128
10-01 15:00:00,350.6730312219479
10-01 16:00:00,233.4303155712074
10-01 17:00:00,289.2611022369765
10-01 18:00:00,422.97066184097275
10-01 19:00:00,604.9971230725748
10-01 20:00:00,603.1233835322039
10-01 21:00:00,532.489568313519
10-01 22:00:00,462.8474057174178
10-01 23:00:00,382.49398828923773
10-02 00:00:00,303.11771301746387
10-02 01:00:00,205.0794389975655
10-02 02:00:00,141.47543800667208
10-02 03:00:00,87.51557826212817
10-02 04:00:00,64.53400146637037
10-02 05:00:00,51.29381703394189
10-02 06:00:00,59.70705996073951
10-02 07:00:00,138.78165381662242
10-02 08:00:00,245.81463941159708
10-02 09:00:00,271.788767062761
10-02 10:00:00,293.10782106260814
10-02 11:00:00,224.19157432394556
10-02 12:00:00,258.68849175385407
10-02 13:00:00,299.9163865693779
10-02 14:00:00,289.447985544434
10-02 15:00:00,309.5960064673257
10-02 16:00:00,276.6281419682128
10-02 17:00:00,302.5145899819245
10-02 18:00:00,354.9148635727514
10-02 19:00:00,499.77561449736794
10-02 20:00:00,556.4396567409191
10-02 21:00:00,533.1254901853473
10-02 22:00:00,395.70034980155435
10-02 23:00:00,324.1479739712951
10-03 00:00:00,243.85220767066102
10-03 01:00:00,177.62032384273803
10-03 02:00:00,112.73611618898263
10-03 03:00:00,81.56083534359986
10-03 04:00:00,56.25515299610518
10-03 05:00:00,38.91275160213586
10-03 06:00:00,56.09166945322264
10-03 07:00:00,151.22985141916945
10-03 08:00:00,238.12884674079626
10-03 09:00:00,265.84937587348423
10-03 10:00:00,324.2367722741557
10-03 11:00:00,293.25266860642273
10-03 12:00:00,232.48956915781642
10-03 13:00:00,234.38258584280567
10-03 14:00:00,261.4154226332973
10-03 15:00:00,256.07622092597984
10-03 16:00:00,218.76026788615758
10-03 17:00:00,230.09416365948695
10-03 18:00:00,407.337041019314
10-03 19:00:00,546.2600245315714
10-03 20:00:00,609.8104740665771
10-03 21:00:00,537.1674943251381
10-03 22:00:00,424.59179107676346
10-03 23:00:00,351.0161394346489
10-04 00:00:00,276.7270264347372
10-04 01:00:00,208.95946574190214
10-04 02:00:00,162.64544606420836
10-04 03:00:00,107.35768652595326
10-04 04:00:00,64.45732495945587
10-04 05:00:00,47.60416425208542
10-04 06:00:00,45.79184115802837
10-04 07:00:00,142.61395128048542
10-04 08:00:00,208.56210264943826
10-04 09:00:00,262.18080466168027
10-04 10:00:00,323.1485541700755
10-04 11:00:00,273.7636751871809
10-04 12:00:00,252.91037228918432
10-04 13:00:00,248.51973687959216
10-04 14:00:00,213.20140296268266
10-04 15:00:00,263.3793680216622
10-04 16:00:00,253.37870746718102
10-04 17:00:00,266.84242698512764
10-04 18:00:00,405.1053503952581
10-04 19:00:00,505.80418436353534
10-04 20:00:00,517.7292529439642
10-04 21:00:00,484.823362484224
10-04 22:00:00,386.61659077241336
10-04 23:00:00,326.23260091366234
10-05 00:00:00,254.28140099940572
10-05 01:00:00,176.89405845806232
10-05 02:00:00,123.83089206079538
10-05 03:00:00,82.77554530769463
10-05 04:00:00,55.607375477422245
10-05 05:00:00,48.52681631955289
10-05 06:00:00,44.40919395821163
10-05 07:00:00,127.42446398900292
10-05 08:00:00,197.64035386617655
10-05 09:00:00,246.4951224671048
10-05 10:00:00,274.9219786589358
10-05 11:00:00,271.1517985508219
10-05 12:00:00,266.15028765958726
10-05 13:00:00,280.10308993976633
10-05 14:00:00,296.1941978701191
10-05 15:00:00,240.1942077917878
10-05 16:00:00,236.69570566038624
10-05 17:00:00,301.0452992722261
10-05 18:00:00,448.87438156623335
10-05 19:00:00,571.414934188141
10-05 20:00:00,586.8199175858915
10-05 21:00:00,473.96318538285726
10-05 22:00:00,376.4177817013582
10-05 23:00:00,293.26592207637555
10-06 00:00:00,232.95215379368582
10-06 01:00:00,173.71211755366488
10-06 02:00:00,168.85489503217588
10-06 03:00:00,118.12576583049352
10-06 04:00:00,96.70313360108894
10-06 05:00:00,53.83583852624149
10-06 06:00:00,39.13513024180838
10-06 07:00:00,52.304600746178586
10-06 08:00:00,100.06572550610007
10-06 09:00:00,158.80185553210995
10-06 10:00:00,184.58791500449527
10-06 11:00:00,292.80559021962097
10-06 12:00:00,295.54223152556676
10-06 13:00:00,244.06914596541674
10-06 14:00:00,280.71144273996055
10-06 15:00:00,278.1070049479438
10-06 16:00:00,323.9568893524071
10-06 17:00:00,357.3244847883454
10-06 18:00:00,373.9464582470053
10-06 19:00:00,384.77841484279634
10-06 20:00:00,363.643336059565
10-06 21:00:00,306.8218152692938
10-06 22:00:00,219.38853473166202
10-06 23:00:00,214.49648092200388
10-07 00:00:00,212.6010604173744
10-07 01:00:00,182.08551985447855
10-07 02:00:00,151.4476491140835
10-07 03:00:00,131.551758554596
10-07 04:00:00,79.99185969079603
10-07 05:00:00,43.95552717075857
10-07 06:00:00,41.59997386892616
10-07 07:00:00,38.5158598116511
10-07 08:00:00,38.91301585294655
10-07 09:00:00,140.33722513329383
10-07 10:00:00,206.1731788766246
10-07 11:00:00,217.93380233282113
10-07 12:00:00,175.7290609999142
10-07 13:00:00,186.98101630013315
10-07 14:00:00,176.38315980530635
10-07 15:00:00,184.83576980913674
10-07 16:00:00,210.4917515189374
10-07 17:00:00,278.90665586022214
10-07 18:00:00,353.6367260777508
10-07 19:00:00,414.3199497087818
10-07 20:00:00,404.6447348684878
10-07 21:00:00,325.0493088177206
10-07 22:00:00,277.28031134322373
10-07 23:00:00,234.46603569354917
10-08 00:00:00,180.07720992066777
10-08 01:00:00,118.13810062801937
10-08 02:00:00,91.41397468209574
10-08 03:00:00,71.63133097752132
10-08 04:00:00,62.11510144753494
10-08 05:00:00,46.91389202879856
10-08 06:00:00,53.079936750548505
10-08 07:00:00,136.74951779780667
10-08 08:00:00,226.34795406053013
10-08 09:00:00,278.2483764447258
10-08 10:00:00,263.97862624602783
10-08 11:00:00,252.79140896914208
10-08 12:00:00,217.5542378725175
10-08 13:00:00,249.3825266173974
10-08 14:00:00,282.7123779129128
10-08 15:00:00,350.6730312219479
10-08 16:00:00,233.4303155712074
10-08 17:00:00,289.2611022369765
10-08 18:00:00,422.97066184097275
10-08 19:00:00,604.9971230725748
10-08 20:00:00,603.1233835322039
10-08 21:00:00,532.489568313519
10-08 22:00:00,462.8474057174178
10-08 23:00:00,382.49398828923773
10-09 00:00:00,303.11771301746387
10-09 01:00:00,205.0794389975655
10-09 02:00:00,141.47543800667208
10-09 03:00:00,87.51557826212817
10-09 04:00:00,64.53400146637037
10-09 05:00:00,51.29381703394189
10-09 06:00:00,59.70705996073951
10-09 07:00:00,138.78165381662242
10-09 08:00:00,245.81463941159708
10-09 09:00:00,271.788767062761
10-09 10:00:00,293.10782106260814
10-09 11:00:00,224.19157432394556
10-09 12:00:00,258.68849175385407
10-09 13:00:00,299.9163865693779
10-09 14:00:00,289.447985544434
10-09 15:00:00,309.5960064673257
10-09 16:00:00,276.6281419682128
10-09 17:00:00,302.5145899819245
10-09 18:00:00,354.9148635727514
10-09 19:00:00,499.77561449736794
10-09 20:00:00,556.4396567409191
10-09 21:00:00,533.1254901853473
10-09 22:00:00,395.70034980155435
10-09 23:00:00,324.1479739712951
10-10 00:00:00,243.85220767066102
10-10 01:00:00,177.62032384273803
10-10 02:00:00,112.73611618898263
10-10 03:00:00,81.56083534359986
10-10 04:00:00,56.25515299610518
10-10 05:00:00,38.91275160213586
10-10 06:00:00,56.09166945322264
10-10 07:00:00,151.22985141916945
10-10 08:00:00,238.12884674079626
10-10 09:00:00,265.84937587348423
10-10 10:00:00,324.2367722741557
10-10 11:00:00,293.25266860642273
10-10 12:00:00,232.48956915781642
10-10 13:00:00,234.38258584280567
10-10 14:00:00,261.4154226332973
10-10 15:00:00,256.07622092597984
10-10 16:00:00,218.76026788615758
10-10 17:00:00,230.09416365948695
10-10 18:00:00,407.337041019314
10-10 19:00:00,546.2600245315714
10-10 20:00:00,609.8104740665771
10-10 21:00:00,537.1674943251381
10-10 22:00:00,424.59179107676346
10-10 23:00:00,351.0161394346489
10-11 00:00:00,276.7270264347372
10-11 01:00:00,208.95946574190214
10-11 02:00:00,162.64544606420836
10-11 03:00:00,107.35768652595326
10-11 04:00:00,64.45732495945587
10-11 05:00:00,47.60416425208542
10-11 06:00:00,45.79184115802837
10-11 07:00:00,142.61395128048542
10-11 08:00:00,208.56210264943826
10-11 09:00:00,262.18080466168027
10-11 10:00:00,323.1485541700755
10-11 11:00:00,273.7636751871809
10-11 12:00:00,252.91037228918432
10-11 13:00:00,248.51973687959216
10-11 14:00:00,213.20140296268266
10-11 15:00:00,263.3793680216622
10-11 16:00:00,253.37870746718102
10-11 17:00:00,266.84242698512764
10-11 18:00:00,405.1053503952581
10-11 19:00:00,505.80418436353534
10-11 20:00:00,517.7292529439642
10-11 21:00:00,484.823362484224
10-11 22:00:00,386.61659077241336
10-11 23:00:00,326.23260091366234
10-12 00:00:00,254.28140099940572
10-12 01:00:00,176.89405845806232
10-12 02:00:00,123.83089206079538
10-12 03:00:00,82.77554530769463
10-12 04:00:00,55.607375477422245
10-12 05:00:00,48.52681631955289
10-12 06:00:00,44.40919395821163
10-12 07:00:00,127.42446398900292
10-12 08:00:00,197.64035386617655
10-12 09:00:00,246.4951224671048
10-12 10:00:00,274.9219786589358
10-12 11:00:00,271.1517985508219
10-12 12:00:00,266.15028765958726
10-12 13:00:00,280.10308993976633
10-12 14:00:00,296.1941978701191
10-12 15:00:00,240.1942077917878
10-12 16:00:00,236.69570566038624
10-12 17:00:00,301.0452992722261
10-12 18:00:00,448.87438156623335
10-12 19:00:00,571.414934188141
10-12 20:00:00,586.8199175858915
10-12 21:00:00,473.96318538285726
10-12 22:00:00,376.4177817013582
10-12 23:00:00,293.26592207637555
10-13 00:00:00,232.95215379368582
10-13 01:00:00,173.71211755366488
10-13 02:00:00,168.85489503217588
10-13 03:00:00,118.12576583049352
10-13 04:00:00,96.70313360108894
10-13 05:00:00,53.83583852624149
10-13 06:00:00,39.13513024180838
10-13 07:00:00,52.304600746178586
10-13 08:00:00,100.06572550610007
10-13 09:00:00,158.80185553210995
10-13 10:00:00,184.58791500449527
10-13 11:00:00,292.80559021962097
10-13 12:00:00,295.54223152556676
10-13 13:00:00,244.06914596541674
10-13 14:00:00,280.71144273996055
10-13 15:00:00,278.1070049479438
10-13 16:00:00,323.9568893524071
10-13 17:00:00,357.3244847883454
10-13 18:00:00,373.9464582470053
10-13 19:00:00,384.77841484279634
10-13 20:00:00,363.643336059565
10-13 21:00:00,306.8218152692938
10-13 22:00:00,219.38853473166202
10-13 23:00:00,214.49648092200388
10-14 00:00:00,212.6010604173744
10-14 01:00:00,182.08551985447855
10-14 02:00:00,151.4476491140835
10-14 03:00:00,131.551758554596
10-14 04:00:00,79.99185969079603
10-14 05:00:00,43.95552717075857
10-14 06:00:00,41.59997386892616
10-14 07:00:00,38.5158598116511
10-14 08:00:00,38.91301585294655
10-14 09:00:00,140.33722513329383
10-14 10:00:00,206.1731788766246
10-14 11:00:00,217.93380233282113
10-14 12:00:00,175.7290609999142
10-14 13:00:00,186.98101630013315
10-14 14:00:00,176.38315980530635
10-14 15:00:00,184.83576980913674
10-14 16:00:00,210.4917515189374
10-14 17:00:00,278.90665586022214
10-14 18:00:00,353.6367260777508
10-14 19:00:00,414.3199497087818
10-14 20:00:00,404.6447348684878
10-14 21:00:00,325.0493088177206
10-14 22:00:00,277.28031134322373
10-14 23:00:00,234.46603569354917
10-15 00:00:00,180.07720992066777
10-15 01:00:00,118.13810062801937
10-15 02:00:00,91.41397468209574
10-15 03:00:00,71.63133097752132
10-15 04:00:00,62.11510144753494
10-15 05:00:00,46.91389202879856
10-15 06:00:00,53.079936750548505
10-15 07:00:00,136.74951779780667
10-15 08:00:00,226.34795406053013
10-15 09:00:00,278.2483764447258
10-15 10:00:00,263.97862624602783
10-15 11:00:00,252.79140896914208
10-15 12:00:00,217.5542378725175
10-15 13:00:00,249.3825266173974
10-15 14:00:00,282.7123779129128
10-15 15:00:00,350.6730312219479
10-15 16:00:00,233.4303155712074
10-15 17:00:00,289.2611022369765
10-15 18:00:00,422.97066184097275
10-15 19:00:00,604.9971230725748
10-15 20:00:00,603.1233835322039
10-15 21:00:00,532.489568313519
10-15 22:00:00,462.8474057174178
10-15 23:00:00,382.49398828923773
10-16 00:00:00,303.11771301746387
10-16 01:00:00,205.0794389975655
10-16 02:00:00,141.47543800667208
10-16 03:00:00,87.51557826212817
10-16 04:00:00,64.53400146637037
10-16 05:00:00,51.29381703394189
10-16 06:00:00,59.70705996073951
10-16 07:00:00,138.78165381662242
10-16 08:00:00,245.81463941159708
10-16 09:00:00,271.788767062761
10-16 10:00:00,293.10782106260814
10-16 11:00:00,224.19157432394556
10-16 12:00:00,258.68849175385407
10-16 13:00:00,299.9163865693779
10-16 14:00:00,289.447985544434
10-16 15:00:00,309.5960064673257
10-16 16:00:00,276.6281419682128
10-16 17:00:00,302.5145899819245
10-16 18:00:00,354.9148635727514
10-16 19:00:00,499.77561449736794
10-16 20:00:00,556.4396567409191
10-16 21:00:00,533.1254901853473
10-16 22:00:00,395.70034980155435
10-16 23:00:00,324.1479739712951
10-17 00:00:00,243.85220767066102
10-17 01:00:00,177.62032384273803
10-17 02:00:00,112.73611618898263
10-17 03:00:00,81.56083534359986
10-17 04:00:00,56.25515299610518
10-17 05:00:00,38.91275160213586
10-17 06:00:00,56.09166945322264
10-17 07:00:00,151.22985141916945
10-17 08:00:00,238.12884674079626
10-17 09:00:00,265.84937587348423
10-17 10:00:00,324.2367722741557
10-17 11:00:00,293.25266860642273
10-17 12:00:00,232.48956915781642
10-17 13:00:00,234.38258584280567
10-17 14:00:00,261.4154226332973
10-17 15:00:00,256.07622092597984
10-17 16:00:00,218.76026788615758
10-17 17:00:00,230.09416365948695
10-17 18:00:00,407.337041019314
10-17 19:00:00,546.2600245315714
10-17 20:00:00,609.8104740665771
10-17 21:00:00,537.1674943251381
10-17 22:00:00,424.59179107676346
10-17 23:00:00,351.0161394346489
10-18 00:00:00,276.7270264347372
10-18 01:00:00,208.95946574190214
10-18 02:00:00,162.64544606420836
10-18 03:00:00,107.35768652595326
10-18 04:00:00,64.45732495945587
10-18 05:00:00,47.60416425208542
10-18 06:00:00,45.79184115802837
10-18 07:00:00,142.61395128048542
10-18 08:00:00,208.56210264943826
10-18 09:00:00,262.18080466168027
10-18 10:00:00,323.1485541700755
10-18 11:00:00,273.7636751871809
10-18 12:00:00,252.91037228918432
10-18 13:00:00,248.51973687959216
10-18 14:00:00,213.20140296268266
10-18 15:00:00,263.3793680216622
10-18 16:00:00,253.37870746718102
10-18 17:00:00,266.84242698512764
10-18 18:00:00,405.1053503952581
10-18 19:00:00,505.80418436353534
10-18 20:00:00,517.7292529439642
10-18 21:00:00,484.823362484224
10-18 22:00:00,386.61659077241336
10-18 23:00:00,326.23260091366234
10-19 00:00:00,254.28140099940572
10-19 01:00:00,176.89405845806232
10-19 02:00:00,123.83089206079538
10-19 03:00:00,82.77554530769463
10-19 04:00:00,55.607375477422245
10-19 05:00:00,48.52681631955289
10-19 06:00:00,44.40919395821163
10-19 07:00:00,127.42446398900292
10-19 08:00:00,197.64035386617655
10-19 09:00:00,246.4951224671048
10-19 10:00:00,274.9219786589358
10-19 11:00:00,271.1517985508219
10-19 12:00:00,266.15028765958726
10-19 13:00:00,280.10308993976633
10-19 14:00:00,296.1941978701191
10-19 15:00:00,240.1942077917878
10-19 16:00:00,236.69570566038624
10-19 17:00:00,301.0452992722261
10-19 18:00:00,448.87438156623335
10-19 19:00:00,571.414934188141
10-19 20:00:00,586.8199175858915
10-19 21:00:00,473.96318538285726
10-19 22:00:00,376.4177817013582
10-19 23:00:00,293.26592207637555
10-20 00:00:00,232.95215379368582
10-20 01:00:00,173.71211755366488
10-20 02:00:00,168.85489503217588
10-20 03:00:00,118.12576583049352
10-20 04:00:00,96.70313360108894
10-20 05:00:00,53.83583852624149
10-20 06:00:00,39.13513024180838
10-20 07:00:00,52.304600746178586
10-20 08:00:00,100.06572550610007
10-20 09:00:00,158.80185553210995
10-20 10:00:00,184.58791500449527
10-20 11:00:00,292.80559021962097
10-20 12:00:00,295.54223152556676
10-20 13:00:00,244.06914596541674
10-20 14:00:00,280.71144273996055
10-20 15:00:00,278.1070049479438
10-20 16:00:00,323.9568893524071
10-20 17:00:00,357.3244847883454
10-20 18:00:00,373.9464582470053
10-20 19:00:00,384.77841484279634
10-20 20:00:00,363.643336059565
10-20 21:00:00,306.8218152692938
10-20 22:00:00,219.38853473166202
10-20 23:00:00,214.49648092200388
10-21 00:00:00,212.6010604173744
10-21 01:00:00,182.08551985447855
10-21 02:00:00,151.4476491140835
10-21 03:00:00,131.551758554596
10-21 04:00:00,79.99185969079603
10-21 05:00:00,43.95552717075857
10-21 06:00:00,41.59997386892616
10-21 07:00:00,38.5158598116511
10-21 08:00:00,38.91301585294655
10-21 09:00:00,140.33722513329383
10-21 10:00:00,206.1731788766246
10-21 11:00:00,217.93380233282113
10-21 12:00:00,175.7290609999142
10-21 13:00:00,186.98101630013315
10-21 14:00:00,176.38315980530635
10-21 15:00:00,184.83576980913674
10-21 16:00:00,210.4917515189374
10-21 17:00:00,278.90665586022214
10-21 18:00:00,353.6367260777508
10-21 19:00:00,414.3199497087818
10-21 20:00:00,404.6447348684878
10-21 21:00:00,325.0493088177206
10-21 22:00:00,277.28031134322373
10-21 23:00:00,234.46603569354917
10-22 00:00:00,180.07720992066777
10-22 01:00:00,118.13810062801937
10-22 02:00:00,91.41397468209574
10-22 03:00:00,71.63133097752132
10-22 04:00:00,62.11510144753494
10-22 05:00:00,46.91389202879856
10-22 06:00:00,53.079936750548505
10-22 07:00:00,136.74951779780667
10-22 08:00:00,226.34795406053013
10-22 09:00:00,278.2483764447258
10-22 10:00:00,263.97862624602783
10-22 11:00:00,252.79140896914208
10-22 12:00:00,217.5542378725175
10-22 13:00:00,249.3825266173974
10-22 14:00:00,282.7123779129128
10-22 15:00:00,350.6730312219479
10-22 16:00:00,233.4303155712074
10-22 17:00:00,289.2611022369765
10-22 18:00:00,422.97066184097275
10-22 19:00:00,604.9971230725748
10-22 20:00:00,603.1233835322039
10-22 21:00:00,532.489568313519
10-22 22:00:00,462.8474057174178
10-22 23:00:00,382.49398828923773
10-23 00:00:00,303.11771301746387
10-23 01:00:00,205.0794389975655
10-23 02:00:00,141.47543800667208
10-23 03:00:00,87.51557826212817
10-23 04:00:00,64.53400146637037
10-23 05:00:00,51.29381703394189
10-23 06:00:00,59.70705996073951
10-23 07:00:00,138.78165381662242
10-23 08:00:00,245.81463941159708
10-23 09:00:00,271.788767062761
10-23 10:00:00,293.10782106260814
10-23 11:00:00,224.19157432394556
10-23 12:00:00,258.68849175385407
10-23 13:00:00,299.9163865693779
10-23 14:00:00,289.447985544434
10-23 15:00:00,309.5960064673257
10-23 16:00:00,276.6281419682128
10-23 17:00:00,302.5145899819245
10-23 18:00:00,354.9148635727514
10-23 19:00:00,499.77561449736794
10-23 20:00:00,556.4396567409191
10-23 21:00:00,533.1254901853473
10-23 22:00:00,395.70034980155435
10-23 23:00:00,324.1479739712951
10-24 00:00:00,243.85220767066102
10-24 01:00:00,177.62032384273803
10-24 02:00:00,112.73611618898263
10-24 03:00:00,81.56083534359986
10-24 04:00:00,56.25515299610518
10-24 05:00:00,38.91275160213586
10-24 06:00:00,56.09166945322264
10-24 07:00:00,151.22985141916945
10-24 08:00:00,238.12884674079626
10-24 09:00:00,265.84937587348423
10-24 10:00:00,324.2367722741557
10-24 11:00:00,293.25266860642273
10-24 12:00:00,232.48956915781642
10-24 13:00:00,234.38258584280567
10-24 14:00:00,261.4154226332973
10-24 15:00:00,256.07622092597984
10-24 16:00:00,218.76026788615758
10-24 17:00:00,230.09416365948695
10-24 18:00:00,407.337041019314
10-24 19:00:00,546.2600245315714
10-24 20:00:00,609.8104740665771
10-24 21:00:00,537.1674943251381
10-24 22:00:00,424.59179107676346
10-24 23:00:00,351.0161394346489
10-25 00:00:00,276.7270264347372
10-25 01:00:00,208.95946574190214
10-25 02:00:00,162.64544606420836
10-25 03:00:00,107.35768652595326
10-25 04:00:00,64.45732495945587
10-25 05:00:00,47.60416425208542
10-25 06:00:00,45.79184115802837
10-25 07:00:00,142.61395128048542
10-25 08:00:00,208.56210264943826
10-25 09:00:00,262.18080466168027
10-25 10:00:00,323.1485541700755
10-25 11:00:00,273.7636751871809
10-25 12:00:00,252.91037228918432
10-25 13:00:00,248.51973687959216
10-25 14:00:00,213.20140296268266
10-25 15:00:00,263.3793680216622
10-25 16:00:00,253.37870746718102
10-25 17:00:00,266.84242698512764
10-25 18:00:00,405.1053503952581
10-25 19:00:00,505.80418436353534
10-25 20:00:00,517.7292529439642
10-25 21:00:00,484.823362484224
10-25 22:00:00,386.61659077241336
10-25 23:00:00,326.23260091366234
10-26 00:00:00,254.28140099940572
10-26 01:00:00,176.89405845806232
10-26 02:00:00,123.83089206079538
10-26 03:00:00,82.77554530769463
10-26 04:00:00,55.607375477422245
10-26 05:00:00,48.52681631955289
10-26 06:00:00,44.40919395821163
10-26 07:00:00,127.42446398900292
10-26 08:00:00,197.64035386617655
10-26 09:00:00,246.4951224671048
10-26 10:00:00,274.9219786589358
10-26 11:00:00,271.1517985508219
10-26 12:00:00,266.15028765958726
10-26 13:00:00,280.10308993976633
10-26 14:00:00,296.1941978701191
10-26 15:00:00,240.1942077917878
10-26 16:00:00,236.69570566038624
10-26 17:00:00,301.0452992722261
10-26 18:00:00,448.87438156623335
10-26 19:00:00,571.414934188141
10-26 20:00:00,586.8199175858915
10-26 21:00:00,473.96318538285726
10-26 22:00:00,376.4177817013582
10-26 23:00:00,293.26592207637555
10-27 00:00:00,232.95215379368582
10-27 01:00:00,173.71211755366488
10-27 02:00:00,168.85489503217588
10-27 03:00:00,118.12576583049352
10-27 04:00:00,96.70313360108894
10-27 05:00:00,53.83583852624149
10-27 06:00:00,39.13513024180838
10-27 07:00:00,52.304600746178586
10-27 08:00:00,100.06572550610007
10-27 09:00:00,158.80185553210995
10-27 10:00:00,184.58791500449527
10-27 11:00:00,292.80559021962097
10-27 12:00:00,295.54223152556676
10-27 13:00:00,244.06914596541674
10-27 14:00:00,280.71144273996055
10-27 15:00:00,278.1070049479438
10-27 16:00:00,323.9568893524071
10-27 17:00:00,357.3244847883454
10-27 18:00:00,373.9464582470053
10-27 19:00:00,384.77841484279634
10-27 20:00:00,363.643336059565
10-27 21:00:00,306.8218152692938
10-27 22:00:00,219.38853473166202
10-27 23:00:00,214.49648092200388
10-28 00:00:00,212.6010604173744
10-28 01:00:00,182.08551985447855
10-28 02:00:00,151.4476491140835
10-28 03:00:00,131.551758554596
10-28 04:00:00,79.99185969079603
10-28 05:00:00,43.95552717075857
10-28 06:00:00,41.59997386892616
10-28 07:00:00,38.5158598116511
10-28 08:00:00,38.91301585294655
10-28 09:00:00,140.33722513329383
10-28 10:00:00,206.1731788766246
10-28 11:00:00,217.93380233282113
10-28 12:00:00,175.7290609999142
10-28 13:00:00,186.98101630013315
10-28 14:00:00,176.38315980530635
10-28 15:00:00,184.83576980913674
10-28 16:00:00,210.4917515189374
10-28 17:00:00,278.90665586022214
10-28 18:00:00,353.6367260777508
10-28 19:00:00,414.3199497087818
10-28 20:00:00,404.6447348684878
10-28 21:00:00,325.0493088177206
10-28 22:00:00,277.28031134322373
10-28 23:00:00,234.46603569354917
10-29 00:00:00,180.07720992066777
10-29 01:00:00,118.13810062801937
10-29 02:00:00,91.41397468209574
10-29 03:00:00,71.63133097752132
10-29 04:00:00,62.13192882611309
10-29 05:00:00,38.6944907712053
10-29 06:00:00,52.43132551859425
10-29 07:00:00,170.8042973338328
10-29 08:00:00,287.5531713178517
10-29 09:00:00,295.5973794406724
10-29 10:00:00,294.54596314052475
10-29 11:00:00,275.3355837774056
10-29 12:00:00,229.70629318073125
10-29 13:00:00,235.33215547322482
10-29 14:00:00,308.9413833055649
10-29 15:00:00,302.694320978187
10-29 16:00:00,269.42510949081367
10-29 17:00:00,281.10094661806363
10-29 18:00:00,396.3147313367148
10-29 19:00:00,583.0536981526582
10-29 20:00:00,617.04737765746
10-29 21:00:00,582.4738934018287
10-29 22:00:00,465.953217369765
10-29 23:00:00,392.1259296643266
10-30 00:00:00,315.1033267746466
10-30 01:00:00,204.10755022007464
10-30 02:00:00,139.6631782055935
10-30 03:00:00,88.70323860013735
10-30 04:00:00,63.05465045424098
10-30 05:00:00,41.29632943727237
10-30 06:00:00,51.202860234663014
10-30 07:00:00,130.29380999279925
10-30 08:00:00,234.08467527266257
10-30 09:00:00,252.1520696565881
10-30 10:00:00,318.9732974116077
10-30 11:00:00,250.15799821399463
10-30 12:00:00,288.146387114309
10-30 13:00:00,298.5926651387986
10-30 14:00:00,336.5605477075867
10-30 15:00:00,267.9459657041984
10-30 16:00:00,272.2861467873722
10-30 17:00:00,298.21675693223045
10-30 18:00:00,454.8385602475189
10-30 19:00:00,616.9967397197881
10-30 20:00:00,634.6075454577365
10-30 21:00:00,599.6890944018049
10-30 22:00:00,479.9808959264797
10-30 23:00:00,395.3703641532507
10-31 00:00:00,292.62758658813175
10-31 01:00:00,197.85131077903034
10-31 02:00:00,148.00918391732736
10-31 03:00:00,94.93040215615744
10-31 04:00:00,82.86729759799402
10-31 05:00:00,74.57636604564982
10-31 06:00:00,71.75379255219228
10-31 07:00:00,155.36284722574223
10-31 08:00:00,266.60301087823143
10-31 09:00:00,320.3509930894112
10-31 10:00:00,317.28914048794917
10-31 11:00:00,254.56410651142133
10-31 12:00:00,243.23343233108912
10-31 13:00:00,267.4865233038904
10-31 14:00:00,297.5223508357443
10-31 15:00:00,294.09325117512304
10-31 16:00:00,292.95292654223135
10-31 17:00:00,300.0314685719755
10-31 18:00:00,435.7001444332247
10-31 19:00:00,577.6151983182931
10-31 20:00:00,592.4704265251384
10-31 21:00:00,543.3967098767866
10-31 22:00:00,482.03256623273467
10-31 23:00:00,390.1884755184834
11-01 00:00:00,294.2085853847838
11-01 01:00:00,206.69444516589067
11-01 02:00:00,149.49954366171437
11-01 03:00:00,82.06513446700491
11-01 04:00:00,55.285937100280094
11-01 05:00:00,42.92615547848009
11-01 06:00:00,46.2079029263794
11-01 07:00:00,122.48684985802687
11-01 08:00:00,236.48152587241398
11-01 09:00:00,273.2903740535265
11-01 10:00:00,268.8747957918016
11-01 11:00:00,248.5948516702489
11-01 12:00:00,298.4016785060464
11-01 13:00:00,287.1515157618599
11-01 14:00:00,290.2516138620122
11-01 15:00:00,246.97067337381776
11-01 16:00:00,273.60807146686335
11-01 17:00:00,268.03243971920034
11-01 18:00:00,420.3853808254962
11-01 19:00:00,601.3015751500934
11-01 20:00:00,626.6953515860686
11-01 21:00:00,593.0228871684376
11-01 22:00:00,483.83888159204065
11-01 23:00:00,410.28150292154265
11-02 00:00:00,331.44324689593503
11-02 01:00:00,227.56805775717976
11-02 02:00:00,164.5024424444547
11-02 03:00:00,113.51037784353113
11-02 04:00:00,75.64311818493753
11-02 05:00:00,53.23088806716647
11-02 06:00:00,53.93783746881392
11-02 07:00:00,125.11352968665165
11-02 08:00:00,206.7499289650938
11-02 09:00:00,233.85828307806582
11-02 10:00:00,242.9968609722534
11-02 11:00:00,242.83300472968682
11-02 12:00:00,243.58914714192989
11-02 13:00:00,265.4856716834295
11-02 14:00:00,259.50181399166405
11-02 15:00:00,312.500055050905
11-02 16:00:00,313.4882969920608
11-02 17:00:00,342.50451419009926
11-02 18:00:00,465.56671152721987
11-02 19:00:00,595.1951370218491
11-02 20:00:00,649.3681488169059
11-02 21:00:00,556.1748270960703
11-02 22:00:00,455.2006262270115
11-02 23:00:00,364.511184927949
11-03 00:00:00,292.24497442404936
11-03 01:00:00,220.25315171865705
11-03 02:00:00,172.23848221615967
11-03 03:00:00,135.35168283663828
11-03 04:00:00,81.53654757904546
11-03 05:00:00,52.93616629514382
11-03 06:00:00,40.040504330045046
11-03 07:00:00,43.30528046683057
11-03 08:00:00,95.56397375435124
11-03 09:00:00,154.63249033537082
11-03 10:00:00,217.8302298045891
11-03 11:00:00,356.7249661097303
11-03 12:00:00,420.4064591837259
11-03 13:00:00,326.2837651059835
11-03 14:00:00,309.3122620891511
11-03 15:00:00,327.1419210687892
11-03 16:00:00,370.64998533346306
11-03 17:00:00,372.1982696368229
11-03 18:00:00,460.7692518927902
11-03 19:00:00,413.9087458457095
11-03 20:00:00,414.31598501319155
11-03 21:00:00,300.80387790660643
11-03 22:00:00,236.0693448053482
11-03 23:00:00,219.49662412116896
11-04 00:00:00,206.50235716450598
11-04 01:00:00,170.47881485386188
11-04 02:00:00,134.9481276076649
11-04 03:00:00,110.22011799197338
11-04 04:00:00,64.87430460972884
11-04 05:00:00,52.75485685220404
11-04 06:00:00,46.08524520509104
11-04 07:00:00,45.18303215546152
11-04 08:00:00,48.90704827825574
11-04 09:00:00,95.19994749768418
11-04 10:00:00,111.92610682081019
11-04 11:00:00,223.7639128192421
11-04 12:00:00,185.7059100773806
11-04 13:00:00,237.44747563550635
11-04 14:00:00,204.42218811003372
11-04 15:00:00,223.71777871586502
11-04 16:00:00,254.29788701670947
11-04 17:00:00,298.8159825360652
11-04 18:00:00,417.4112022099638
11-04 19:00:00,450.4816483154357
11-04 20:00:00,406.3415185999963
11-04 21:00:00,353.29364293577737
11-04 22:00:00,322.2119041981381
11-04 23:00:00,293.8356260057482
11-05 00:00:00,223.45316737542717
11-05 01:00:00,138.37580802809694
11-05 02:00:00,109.86053501521107
11-05 03:00:00,85.5920741262717
11-05 04:00:00,64.99398825841132
11-05 05:00:00,50.0618903109684
11-05 06:00:00,60.537035588303745
11-05 07:00:00,167.91840700531478
11-05 08:00:00,287.0999996209841
11-05 09:00:00,295.15491607562717
11-05 10:00:00,298.05877270764466
11-05 11:00:00,273.64999026697905
11-05 12:00:00,229.70629318073125
11-05 13:00:00,235.33215547322482
11-05 14:00:00,308.9413833055649
11-05 15:00:00,302.694320978187
11-05 16:00:00,269.42510949081367
11-05 17:00:00,281.10094661806363
11-05 18:00:00,396.3147313367148
11-05 19:00:00,583.0536981526582
11-05 20:00:00,617.04737765746
11-05 21:00:00,582.4738934018287
11-05 22:00:00,465.953217369765
11-05 23:00:00,392.1259296643266
11-06 00:00:00,315.1033267746466
11-06 01:00:00,204.10755022007464
11-06 02:00:00,139.6631782055935
11-06 03:00:00,88.70323860013735
11-06 04:00:00,63.05465045424098
11-06 05:00:00,41.29632943727237
11-06 06:00:00,51.202860234663014
11-06 07:00:00,130.29380999279925
11-06 08:00:00,234.08467527266257
11-06 09:00:00,252.1520696565881
11-06 10:00:00,318.9732974116077
11-06 11:00:00,250.15799821399463
11-06 12:00:00,288.146387114309
11-06 13:00:00,298.5926651387986
11-06 14:00:00,336.5605477075867
11-06 15:00:00,267.9459657041984
11-06 16:00:00,272.2861467873722
11-06 17:00:00,298.21675693223045
11-06 18:00:00,454.8385602475189
11-06 19:00:00,616.9967397197881
11-06 20:00:00,634.6075454577365
11-06 21:00:00,599.6890944018049
11-06 22:00:00,479.9808959264797
11-06 23:00:00,395.3703641532507
11-07 00:00:00,292.62758658813175
11-07 01:00:00,197.85131077903034
11-07 02:00:00,148.00918391732736
11-07 03:00:00,94.93040215615744
11-07 04:00:00,82.86729759799402
11-07 05:00:00,74.57636604564982
11-07 06:00:00,71.75379255219228
11-07 07:00:00,155.36284722574223
11-07 08:00:00,266.60301087823143
11-07 09:00:00,320.3509930894112
11-07 10:00:00,317.28914048794917
11-07 11:00:00,254.56410651142133
11-07 12:00:00,243.23343233108912
11-07 13:00:00,267.4865233038904
11-07 14:00:00,297.5223508357443
11-07 15:00:00,294.09325117512304
11-07 16:00:00,292.95292654223135
11-07 17:00:00,300.0314685719755
11-07 18:00:00,435.7001444332247
11-07 19:00:00,577.6151983182931
11-07 20:00:00,592.4704265251384
11-07 21:00:00,543.3967098767866
11-07 22:00:00,482.03256623273467
11-07 23:00:00,390.1884755184834
11-08 00:00:00,294.2085853847838
11-08 01:00:00,206.69444516589067
11-08 02:00:00,149.49954366171437
11-08 03:00:00,82.06513446700491
11-08 04:00:00,55.285937100280094
11-08 05:00:00,42.92615547848009
11-08 06:00:00,46.2079029263794
11-08 07:00:00,122.48684985802687
11-08 08:00:00,236.48152587241398
11-08 09:00:00,273.2903740535265
11-08 10:00:00,268.8747957918016
11-08 11:00:00,248.5948516702489
11-08 12:00:00,298.4016785060464
11-08 13:00:00,287.1515157618599
11-08 14:00:00,290.2516138620122
11-08 15:00:00,246.97067337381776
11-08 16:00:00,273.60807146686335
11-08 17:00:00,268.03243971920034
11-08 18:00:00,420.3853808254962
11-08 19:00:00,601.3015751500934
11-08 20:00:00,626.6953515860686
11-08 21:00:00,593.0228871684376
11-08 22:00:00,483.83888159204065
11-08 23:00:00,410.28150292154265
11-09 00:00:00,331.44324689593503
11-09 01:00:00,227.56805775717976
11-09 02:00:00,164.5024424444547
11-09 03:00:00,113.51037784353113
11-09 04:00:00,75.64311818493753
11-09 05:00:00,53.23088806716647
11-09 06:00:00,53.93783746881392
11-09 07:00:00,125.11352968665165
11-09 08:00:00,206.7499289650938
11-09 09:00:00,233.85828307806582
11-09 10:00:00,242.9968609722534
11-09 11:00:00,242.83300472968682
11-09 12:00:00,243.58914714192989
11-09 13:00:00,265.4856716834295
11-09 14:00:00,259.50181399166405
11-09 15:00:00,312.500055050905
11-09 16:00:00,313.4882969920608
11-09 17:00:00,342.50451419009926
11-09 18:00:00,465.56671152721987
11-09 19:00:00,595.1951370218491
11-09 20:00:00,649.3681488169059
11-09 21:00:00,556.1748270960703
11-09 22:00:00,455.2006262270115
11-09 23:00:00,364.511184927949
11-10 00:00:00,292.24497442404936
11-10 01:00:00,220.25315171865705
11-10 02:00:00,172.23848221615967
11-10 03:00:00,135.35168283663828
11-10 04:00:00,81.53654757904546
11-10 05:00:00,52.93616629514382
11-10 06:00:00,40.040504330045046
11-10 07:00:00,43.30528046683057
11-10 08:00:00,95.56397375435124
11-10 09:00:00,154.63249033537082
11-10 10:00:00,217.8302298045891
11-10 11:00:00,356.7249661097303
11-10 12:00:00,420.4064591837259
11-10 13:00:00,326.2837651059835
11-10 14:00:00,309.3122620891511
11-10 15:00:00,327.1419210687892
11-10 16:00:00,370.64998533346306
11-10 17:00:00,372.1982696368229
11-10 18:00:00,460.7692518927902
11-10 19:00:00,413.9087458457095
11-10 20:00:00,414.31598501319155
11-10 21:00:00,300.80387790660643
11-10 22:00:00,236.0693448053482
11-10 23:00:00,219.49662412116896
11-11 00:00:00,206.50235716450598
11-11 01:00:00,170.47881485386188
11-11 02:00:00,134.9481276076649
11-11 03:00:00,110.22011799197338
11-11 04:00:00,64.87430460972884
11-11 05:00:00,52.75485685220404
11-11 06:00:00,46.08524520509104
11-11 07:00:00,45.18303215546152
11-11 08:00:00,48.90704827825574
11-11 09:00:00,95.19994749768418
11-11 10:00:00,111.92610682081019
11-11 11:00:00,223.7639128192421
11-11 12:00:00,185.7059100773806
11-11 13:00:00,237.44747563550635
11-11 14:00:00,204.42218811003372
11-11 15:00:00,223.71777871586502
11-11 16:00:00,254.29788701670947
11-11 17:00:00,298.8159825360652
11-11 18:00:00,417.4112022099638
11-11 19:00:00,450.4816483154357
11-11 20:00:00,406.3415185999963
11-11 21:00:00,353.29364293577737
11-11 22:00:00,322.2119041981381
11-11 23:00:00,293.8356260057482
11-12 00:00:00,223.45316737542717
11-12 01:00:00,138.37580802809694
11-12 02:00:00,109.86053501521107
11-12 03:00:00,85.5920741262717
11-12 04:00:00,64.99398825841132
11-12 05:00:00,50.0618903109684
11-12 06:00:00,60.537035588303745
11-12 07:00:00,167.91840700531478
11-12 08:00:00,287.0999996209841
11-12 09:00:00,295.15491607562717
11-12 10:00:00,298.05877270764466
11-12 11:00:00,273.64999026697905
11-12 12:00:00,229.70629318073125
11-12 13:00:00,235.33215547322482
11-12 14:00:00,308.9413833055649
11-12 15:00:00,302.694320978187
11-12 16:00:00,269.42510949081367
11-12 17:00:00,281.10094661806363
11-12 18:00:00,396.3147313367148
11-12 19:00:00,583.0536981526582
11-12 20:00:00,617.04737765746
11-12 21:00:00,582.4738934018287
11-12 22:00:00,465.953217369765
11-12 23:00:00,392.1259296643266
11-13 00:00:00,315.1033267746466
11-13 01:00:00,204.10755022007464
11-13 02:00:00,139.6631782055935
11-13 03:00:00,88.70323860013735
11-13 04:00:00,63.05465045424098
11-13 05:00:00,41.29632943727237
11-13 06:00:00,51.202860234663014
11-13 07:00:00,130.29380999279925
11-13 08:00:00,234.08467527266257
11-13 09:00:00,252.1520696565881
11-13 10:00:00,318.9732974116077
11-13 11:00:00,250.15799821399463
11-13 12:00:00,288.146387114309
11-13 13:00:00,298.5926651387986
11-13 14:00:00,336.5605477075867
11-13 15:00:00,267.9459657041984
11-13 16:00:00,272.2861467873722
11-13 17:00:00,298.21675693223045
11-13 18:00:00,454.8385602475189
11-13 19:00:00,616.9967397197881
11-13 20:00:00,634.6075454577365
11-13 21:00:00,599.6890944018049
11-13 22:00:00,479.9808959264797
11-13 23:00:00,395.3703641532507
11-14 00:00:00,292.62758658813175
11-14 01:00:00,197.85131077903034
11-14 02:00:00,148.00918391732736
11-14 03:00:00,94.93040215615744
11-14 04:00:00,82.86729759799402
11-14 05:00:00,74.57636604564982
11-14 06:00:00,71.75379255219228
11-14 07:00:00,155.36284722574223
11-14 08:00:00,266.60301087823143
11-14 09:00:00,320.3509930894112
11-14 10:00:00,317.28914048794917
11-14 11:00:00,254.56410651142133
11-14 12:00:00,243.23343233108912
11-14 13:00:00,267.4865233038904
11-14 14:00:00,297.5223508357443
11-14 15:00:00,294.09325117512304
11-14 16:00:00,292.95292654223135
11-14 17:00:00,300.0314685719755
11-14 18:00:00,435.7001444332247
11-14 19:00:00,577.6151983182931
11-14 20:00:00,592.4704265251384
11-14 21:00:00,543.3967098767866
11-14 22:00:00,482.03256623273467
11-14 23:00:00,390.1884755184834
11-15 00:00:00,294.2085853847838
11-15 01:00:00,206.69444516589067
11-15 02:00:00,149.49954366171437
11-15 03:00:00,82.06513446700491
11-15 04:00:00,55.285937100280094
11-15 05:00:00,42.92615547848009
11-15 06:00:00,46.2079029263794
11-15 07:00:00,122.48684985802687
11-15 08:00:00,236.48152587241398
11-15 09:00:00,273.2903740535265
11-15 10:00:00,268.8747957918016
11-15 11:00:00,248.5948516702489
11-15 12:00:00,298.4016785060464
11-15 13:00:00,287.1515157618599
11-15 14:00:00,290.2516138620122
11-15 15:00:00,246.97067337381776
11-15 16:00:00,273.60807146686335
11-15 17:00:00,268.03243971920034
11-15 18:00:00,420.3853808254962
11-15 19:00:00,601.3015751500934
11-15 20:00:00,626.6953515860686
11-15 21:00:00,593.0228871684376
11-15 22:00:00,483.83888159204065
11-15 23:00:00,410.28150292154265
11-16 00:00:00,331.44324689593503
11-16 01:00:00,227.56805775717976
11-16 02:00:00,164.5024424444547
11-16 03:00:00,113.51037784353113
11-16 04:00:00,75.64311818493753
11-16 05:00:00,53.23088806716647
11-16 06:00:00,53.93783746881392
11-16 07:00:00,125.11352968665165
11-16 08:00:00,206.7499289650938
11-16 09:00:00,233.85828307806582
11-16 10:00:00,242.9968609722534
11-16 11:00:00,242.83300472968682
11-16 12:00:00,243.58914714192989
11-16 13:00:00,265.4856716834295
11-16 14:00:00,259.50181399166405
11-16 15:00:00,312.500055050905
11-16 16:00:00,313.4882969920608
11-16 17:00:00,342.50451419009926
11-16 18:00:00,465.56671152721987
11-16 19:00:00,595.1951370218491
11-16 20:00:00,649.3681488169059
11-16 21:00:00,556.1748270960703
11-16 22:00:00,455.2006262270115
11-16 23:00:00,364.511184927949
11-17 00:00:00,292.24497442404936
11-17 01:00:00,220.25315171865705
11-17 02:00:00,172.23848221615967
11-17 03:00:00,135.35168283663828
11-17 04:00:00,81.53654757904546
11-17 05:00:00,52.93616629514382
11-17 06:00:00,40.040504330045046
11-17 07:00:00,43.30528046683057
11-17 08:00:00,95.56397375435124
11-17 09:00:00,154.63249033537082
11-17 10:00:00,217.8302298045891
11-17 11:00:00,356.7249661097303
11-17 12:00:00,420.4064591837259
11-17 13:00:00,326.2837651059835
11-17 14:00:00,309.3122620891511
11-17 15:00:00,327.1419210687892
11-17 16:00:00,370.64998533346306
11-17 17:00:00,372.1982696368229
11-17 18:00:00,460.7692518927902
11-17 19:00:00,413.9087458457095
11-17 20:00:00,414.31598501319155
11-17 21:00:00,300.80387790660643
11-17 22:00:00,236.0693448053482
11-17 23:00:00,219.49662412116896
11-18 00:00:00,206.50235716450598
11-18 01:00:00,170.47881485386188
11-18 02:00:00,134.9481276076649
11-18 03:00:00,110.22011799197338
11-18 04:00:00,64.87430460972884
11-18 05:00:00,52.75485685220404
11-18 06:00:00,46.08524520509104
11-18 07:00:00,45.18303215546152
11-18 08:00:00,48.90704827825574
11-18 09:00:00,95.19994749768418
11-18 10:00:00,111.92610682081019
11-18 11:00:00,223.7639128192421
11-18 12:00:00,185.7059100773806
11-18 13:00:00,237.44747563550635
11-18 14:00:00,204.42218811003372
11-18 15:00:00,223.71777871586502
11-18 16:00:00,254.29788701670947
11-18 17:00:00,298.8159825360652
11-18 18:00:00,417.4112022099638
11-18 19:00:00,450.4816483154357
11-18 20:00:00,406.3415185999963
11-18 21:00:00,353.29364293577737
11-18 22:00:00,322.2119041981381
11-18 23:00:00,293.8356260057482
11-19 00:00:00,223.45316737542717
11-19 01:00:00,138.37580802809694
11-19 02:00:00,109.86053501521107
11-19 03:00:00,85.5920741262717
11-19 04:00:00,64.99398825841132
11-19 05:00:00,50.0618903109684
11-19 06:00:00,60.537035588303745
11-19 07:00:00,167.91840700531478
11-19 08:00:00,287.0999996209841
11-19 09:00:00,295.15491607562717
11-19 10:00:00,298.05877270764466
11-19 11:00:00,273.64999026697905
11-19 12:00:00,229.70629318073125
11-19 13:00:00,235.33215547322482
11-19 14:00:00,308.9413833055649
11-19 15:00:00,302.694320978187
11-19 16:00:00,269.42510949081367
11-19 17:00:00,281.10094661806363
11-19 18:00:00,396.3147313367148
11-19 19:00:00,583.0536981526582
11-19 20:00:00,617.04737765746
11-19 21:00:00,582.4738934018287
11-19 22:00:00,465.953217369765
11-19 23:00:00,392.1259296643266
11-20 00:00:00,315.1033267746466
11-20 01:00:00,204.10755022007464
11-20 02:00:00,139.6631782055935
11-20 03:00:00,88.70323860013735
11-20 04:00:00,63.05465045424098
11-20 05:00:00,41.29632943727237
11-20 06:00:00,51.202860234663014
11-20 07:00:00,130.29380999279925
11-20 08:00:00,234.08467527266257
11-20 09:00:00,252.1520696565881
11-20 10:00:00,318.9732974116077
11-20 11:00:00,250.15799821399463
11-20 12:00:00,288.146387114309
11-20 13:00:00,298.5926651387986
11-20 14:00:00,336.5605477075867
11-20 15:00:00,267.9459657041984
11-20 16:00:00,272.2861467873722
11-20 17:00:00,298.21675693223045
11-20 18:00:00,454.8385602475189
11-20 19:00:00,616.9967397197881
11-20 20:00:00,634.6075454577365
11-20 21:00:00,599.6890944018049
11-20 22:00:00,479.9808959264797
11-20 23:00:00,395.3703641532507
11-21 00:00:00,292.62758658813175
11-21 01:00:00,197.85131077903034
11-21 02:00:00,148.00918391732736
11-21 03:00:00,94.93040215615744
11-21 04:00:00,82.86729759799402
11-21 05:00:00,74.57636604564982
11-21 06:00:00,71.75379255219228
11-21 07:00:00,155.36284722574223
11-21 08:00:00,266.60301087823143
11-21 09:00:00,320.3509930894112
11-21 10:00:00,317.28914048794917
11-21 11:00:00,254.56410651142133
11-21 12:00:00,243.23343233108912
11-21 13:00:00,267.4865233038904
11-21 14:00:00,297.5223508357443
11-21 15:00:00,294.09325117512304
11-21 16:00:00,292.95292654223135
11-21 17:00:00,300.0314685719755
11-21 18:00:00,435.7001444332247
11-21 19:00:00,577.6151983182931
11-21 20:00:00,592.4704265251384
11-21 21:00:00,543.3967098767866
11-21 22:00:00,482.03256623273467
11-21 23:00:00,390.1884755184834
11-22 00:00:00,294.2085853847838
11-22 01:00:00,206.69444516589067
11-22 02:00:00,149.49954366171437
11-22 03:00:00,82.06513446700491
11-22 04:00:00,55.285937100280094
11-22 05:00:00,42.92615547848009
11-22 06:00:00,46.2079029263794
11-22 07:00:00,122.48684985802687
11-22 08:00:00,236.48152587241398
11-22 09:00:00,273.2903740535265
11-22 10:00:00,268.8747957918016
11-22 11:00:00,248.5948516702489
11-22 12:00:00,298.4016785060464
11-22 13:00:00,287.1515157618599
11-22 14:00:00,290.2516138620122
11-22 15:00:00,246.97067337381776
11-22 16:00:00,273.60807146686335
11-22 17:00:00,268.03243971920034
11-22 18:00:00,420.3853808254962
11-22 19:00:00,601.3015751500934
11-22 20:00:00,626.6953515860686
11-22 21:00:00,593.0228871684376
11-22 22:00:00,483.83888159204065
11-22 23:00:00,410.28150292154265
11-23 00:00:00,331.44324689593503
11-23 01:00:00,227.56805775717976
11-23 02:00:00,164.5024424444547
11-23 03:00:00,113.51037784353113
11-23 04:00:00,75.64311818493753
11-23 05:00:00,53.23088806716647
11-23 06:00:00,53.93783746881392
11-23 07:00:00,125.11352968665165
11-23 08:00:00,206.7499289650938
11-23 09:00:00,233.85828307806582
11-23 10:00:00,242.9968609722534
11-23 11:00:00,242.83300472968682
11-23 12:00:00,243.58914714192989
11-23 13:00:00,265.4856716834295
11-23 14:00:00,259.50181399166405
11-23 15:00:00,312.500055050905
11-23 16:00:00,313.4882969920608
11-23 17:00:00,342.50451419009926
11-23 18:00:00,465.56671152721987
11-23 19:00:00,595.1951370218491
11-23 20:00:00,649.3681488169059
11-23 21:00:00,556.1748270960703
11-23 22:00:00,455.2006262270115
11-23 23:00:00,364.511184927949
11-24 00:00:00,292.24497442404936
11-24 01:00:00,220.25315171865705
11-24 02:00:00,172.23848221615967
11-24 03:00:00,135.35168283663828
11-24 04:00:00,81.53654757904546
11-24 05:00:00,52.93616629514382
11-24 06:00:00,40.040504330045046
11-24 07:00:00,43.30528046683057
11-24 08:00:00,95.56397375435124
11-24 09:00:00,154.63249033537082
11-24 10:00:00,217.8302298045891
11-24 11:00:00,356.7249661097303
11-24 12:00:00,420.4064591837259
11-24 13:00:00,326.2837651059835
11-24 14:00:00,309.3122620891511
11-24 15:00:00,327.1419210687892
11-24 16:00:00,370.64998533346306
11-24 17:00:00,372.1982696368229
11-24 18:00:00,460.7692518927902
11-24 19:00:00,413.9087458457095
11-24 20:00:00,414.31598501319155
11-24 21:00:00,300.80387790660643
11-24 22:00:00,236.0693448053482
11-24 23:00:00,219.49662412116896
11-25 00:00:00,206.50235716450598
11-25 01:00:00,170.47881485386188
11-25 02:00:00,134.9481276076649
11-25 03:00:00,110.22011799197338
11-25 04:00:00,64.87430460972884
11-25 05:00:00,52.75485685220404
11-25 06:00:00,46.08524520509104
11-25 07:00:00,45.18303215546152
11-25 08:00:00,48.90704827825574
11-25 09:00:00,95.19994749768418
11-25 10:00:00,111.92610682081019
11-25 11:00:00,223.7639128192421
11-25 12:00:00,185.7059100773806
11-25 13:00:00,237.44747563550635
11-25 14:00:00,204.42218811003372
11-25 15:00:00,223.71777871586502
11-25 16:00:00,254.29788701670947
11-25 17:00:00,298.8159825360652
11-25 18:00:00,417.4112022099638
11-25 19:00:00,450.4816483154357
11-25 20:00:00,406.3415185999963
11-25 21:00:00,353.29364293577737
11-25 22:00:00,322.2119041981381
11-25 23:00:00,293.8356260057482
11-26 00:00:00,223.45316737542717
11-26 01:00:00,138.37580802809694
11-26 02:00:00,109.86053501521107
11-26 03:00:00,85.5920741262717
11-26 04:00:00,64.99398825841132
11-26 05:00:00,50.0618903109684
11-26 06:00:00,60.537035588303745
11-26 07:00:00,167.91840700531478
11-26 08:00:00,287.0999996209841
11-26 09:00:00,295.15491607562717
11-26 10:00:00,298.05877270764466
11-26 11:00:00,273.64999026697905
11-26 12:00:00,229.70629318073125
11-26 13:00:00,235.33215547322482
11-26 14:00:00,308.9413833055649
11-26 15:00:00,302.694320978187
11-26 16:00:00,269.42510949081367
11-26 17:00:00,281.10094661806363
11-26 18:00:00,396.3147313367148
11-26 19:00:00,583.0536981526582
11-26 20:00:00,617.04737765746
11-26 21:00:00,582.4738934018287
11-26 22:00:00,465.953217369765
11-26 23:00:00,392.1259296643266
11-27 00:00:00,315.1033267746466
11-27 01:00:00,204.10755022007464
11-27 02:00:00,139.6631782055935
11-27 03:00:00,88.70323860013735
11-27 04:00:00,63.05465045424098
11-27 05:00:00,41.29632943727237
11-27 06:00:00,51.202860234663014
11-27 07:00:00,130.29380999279925
11-27 08:00:00,234.08467527266257
11-27 09:00:00,252.1520696565881
11-27 10:00:00,318.9732974116077
11-27 11:00:00,250.15799821399463
11-27 12:00:00,288.146387114309
11-27 13:00:00,298.5926651387986
11-27 14:00:00,336.5605477075867
11-27 15:00:00,267.9459657041984
11-27 16:00:00,272.2861467873722
11-27 17:00:00,298.21675693223045
11-27 18:00:00,454.8385602475189
11-27 19:00:00,616.9967397197881
11-27 20:00:00,634.6075454577365
11-27 21:00:00,599.6890944018049
11-27 22:00:00,479.9808959264797
11-27 23:00:00,395.3703641532507
11-28 00:00:00,292.62758658813175
11-28 01:00:00,197.85131077903034
11-28 02:00:00,148.00918391732736
11-28 03:00:00,94.93040215615744
11-28 04:00:00,82.86729759799402
11-28 05:00:00,74.57636604564982
11-28 06:00:00,71.75379255219228
11-28 07:00:00,155.36284722574223
11-28 08:00:00,266.60301087823143
11-28 09:00:00,320.3509930894112
11-28 10:00:00,317.28914048794917
11-28 11:00:00,254.56410651142133
11-28 12:00:00,243.23343233108912
11-28 13:00:00,267.4865233038904
11-28 14:00:00,297.5223508357443
11-28 15:00:00,294.09325117512304
11-28 16:00:00,292.95292654223135
11-28 17:00:00,300.0314685719755
11-28 18:00:00,435.7001444332247
11-28 19:00:00,577.6151983182931
11-28 20:00:00,592.4704265251384
11-28 21:00:00,543.3967098767866
11-28 22:00:00,482.03256623273467
11-28 23:00:00,390.1884755184834
11-29 00:00:00,294.2085853847838
11-29 01:00:00,206.69444516589067
11-29 02:00:00,149.49954366171437
11-29 03:00:00,82.06513446700491
11-29 04:00:00,55.285937100280094
11-29 05:00:00,42.92615547848009
11-29 06:00:00,46.2079029263794
11-29 07:00:00,122.48684985802687
11-29 08:00:00,236.48152587241398
11-29 09:00:00,273.2903740535265
11-29 10:00:00,268.8747957918016
11-29 11:00:00,248.5948516702489
11-29 12:00:00,298.4016785060464
11-29 13:00:00,287.1515157618599
11-29 14:00:00,290.2516138620122
11-29 15:00:00,246.97067337381776
11-29 16:00:00,273.60807146686335
11-29 17:00:00,268.03243971920034
11-29 18:00:00,420.3853808254962
11-29 19:00:00,601.3015751500934
11-29 20:00:00,626.6953515860686
11-29 21:00:00,593.0228871684376
11-29 22:00:00,483.83888159204065
11-29 23:00:00,410.28150292154265
11-30 00:00:00,331.44324689593503
11-30 01:00:00,227.56805775717976
11-30 02:00:00,164.5024424444547
11-30 03:00:00,113.51037784353113
11-30 04:00:00,75.64311818493753
11-30 05:00:00,53.23088806716647
11-30 06:00:00,53.93783746881392
11-30 07:00:00,125.11352968665165
11-30 08:00:00,206.7499289650938
11-30 09:00:00,233.85828307806582
11-30 10:00:00,242.9968609722534
11-30 11:00:00,242.83300472968682
11-30 12:00:00,243.58914714192989
11-30 13:00:00,265.4856716834295
11-30 14:00:00,259.50181399166405
11-30 15:00:00,312.500055050905
11-30 16:00:00,313.4882969920608
11-30 17:00:00,342.50451419009926
11-30 18:00:00,465.56671152721987
11-30 19:00:00,595.1951370218491
11-30 20:00:00,649.3681488169059
11-30 21:00:00,556.1748270960703
11-30 22:00:00,455.2006262270115
11-30 23:00:00,364.511184927949
12-01 00:00:00,292.24497442404936
12-01 01:00:00,220.25315171865705
12-01 02:00:00,172.23848221615967
12-01 03:00:00,135.35168283663828
12-01 04:00:00,81.53654757904546
12-01 05:00:00,52.93616629514382
12-01 06:00:00,40.040504330045046
12-01 07:00:00,43.30528046683057
12-01 08:00:00,95.56397375435124
12-01 09:00:00,154.63249033537082
12-01 10:00:00,217.8302298045891
12-01 11:00:00,356.7249661097303
12-01 12:00:00,420.4064591837259
12-01 13:00:00,326.2837651059835
12-01 14:00:00,309.3122620891511
12-01 15:00:00,327.1419210687892
12-01 16:00:00,370.64998533346306
12-01 17:00:00,372.1982696368229
12-01 18:00:00,460.7692518927902
12-01 19:00:00,413.9087458457095
12-01 20:00:00,414.31598501319155
12-01 21:00:00,300.80387790660643
12-01 22:00:00,236.0693448053482
12-01 23:00:00,219.49662412116896
12-02 00:00:00,206.50235716450598
12-02 01:00:00,170.47881485386188
12-02 02:00:00,134.9481276076649
12-02 03:00:00,110.22011799197338
12-02 04:00:00,64.87430460972884
12-02 05:00:00,52.75485685220404
12-02 06:00:00,46.08524520509104
12-02 07:00:00,45.18303215546152
12-02 08:00:00,48.90704827825574
12-02 09:00:00,95.19994749768418
12-02 10:00:00,111.92610682081019
12-02 11:00:00,223.7639128192421
12-02 12:00:00,185.7059100773806
12-02 13:00:00,237.44747563550635
12-02 14:00:00,204.42218811003372
12-02 15:00:00,223.71777871586502
12-02 16:00:00,254.29788701670947
12-02 17:00:00,298.8159825360652
12-02 18:00:00,417.4112022099638
12-02 19:00:00,450.4816483154357
12-02 20:00:00,406.3415185999963
12-02 21:00:00,353.29364293577737
12-02 22:00:00,322.2119041981381
12-02 23:00:00,293.8356260057482
12-03 00:00:00,223.45316737542717
12-03 01:00:00,138.37580802809694
12-03 02:00:00,109.86053501521107
12-03 03:00:00,85.60890150484985
12-03 04:00:00,65.04447039414578
12-03 05:00:00,50.04506293239025
12-03 06:00:00,59.518222027630166
12-03 07:00:00,151.7518408504044
12-03 08:00:00,254.2652585903484
12-03 09:00:00,317.55356049298445
12-03 10:00:00,285.08960154192044
12-03 11:00:00,265.7689938864269
12-03 12:00:00,271.9656825269436
12-03 13:00:00,287.1412427567379
12-03 14:00:00,306.55245477133917
12-03 15:00:00,305.8747954138741
12-03 16:00:00,312.249315993831
12-03 17:00:00,300.9538438532684
12-03 18:00:00,406.3578698653805
12-03 19:00:00,597.5620834506791
12-03 20:00:00,658.1316486887031
12-03 21:00:00,648.7921878272323
12-03 22:00:00,508.8012138081629
12-03 23:00:00,420.4085585822212
12-04 00:00:00,331.1620794859167
12-04 01:00:00,228.61563638950776
12-04 02:00:00,178.18942361649272
12-04 03:00:00,112.1563726585053
12-04 04:00:00,79.50221708853277
12-04 05:00:00,61.005054301407945
12-04 06:00:00,66.46040658507884
12-04 07:00:00,124.80014556271199
12-04 08:00:00,270.45082779248804
12-04 09:00:00,271.8826367142936
12-04 10:00:00,285.03401561132875
12-04 11:00:00,245.85197598483288
12-04 12:00:00,282.9531191700293
12-04 13:00:00,250.6481331682549
12-04 14:00:00,280.24100224447824
12-04 15:00:00,299.00373923551194
12-04 16:00:00,293.48224770085926
12-04 17:00:00,334.1286565215257
12-04 18:00:00,488.71434865967075
12-04 19:00:00,603.0900117791011
12-04 20:00:00,626.4474399304763
12-04 21:00:00,571.2155235154366
12-04 22:00:00,449.2807626156785
12-04 23:00:00,345.5986877593004
12-05 00:00:00,284.5805553834278
12-05 01:00:00,202.0509394707032
12-05 02:00:00,161.8641808920182
12-05 03:00:00,94.96961757650556
12-05 04:00:00,70.18135691681331
12-05 05:00:00,49.9975659481584
12-05 06:00:00,50.16219194505569
12-05 07:00:00,126.54229157064043
12-05 08:00:00,251.22593107935072
12-05 09:00:00,276.06323936063586
12-05 10:00:00,288.2650479612898
12-05 11:00:00,241.2447277018449
12-05 12:00:00,262.2524621585475
12-05 13:00:00,283.2285813183582
12-05 14:00:00,305.08580079368215
12-05 15:00:00,247.01089565595328
12-05 16:00:00,244.24918508626345
12-05 17:00:00,327.95888337133437
12-05 18:00:00,420.94367573775975
12-05 19:00:00,633.2272610669179
12-05 20:00:00,638.8471781769368
12-05 21:00:00,554.1416244515822
12-05 22:00:00,469.3252276909548
12-05 23:00:00,391.2823343091532
12-06 00:00:00,309.8120887166709
12-06 01:00:00,234.5475684749296
12-06 02:00:00,199.62528059148605
12-06 03:00:00,113.10313514695558
12-06 04:00:00,68.17354207358792
12-06 05:00:00,45.98776744339207
12-06 06:00:00,57.81224652466221
12-06 07:00:00,158.2637285030325
12-06 08:00:00,305.8236797321955
12-06 09:00:00,285.67476325952106
12-06 10:00:00,299.14580179515104
12-06 11:00:00,281.04191642066274
12-06 12:00:00,281.871273900778
12-06 13:00:00,298.22473937780046
12-06 14:00:00,319.4316022936587
12-06 15:00:00,257.7345465059099
12-06 16:00:00,236.3416271120242
12-06 17:00:00,335.5777669870199
12-06 18:00:00,473.3833459388705
12-06 19:00:00,639.4659708132846
12-06 20:00:00,638.4512473018397
12-06 21:00:00,577.9195039308614
12-06 22:00:00,457.3534130775792
12-06 23:00:00,382.8527229447385
12-07 00:00:00,320.91225350982376
12-07 01:00:00,217.21145720360568
12-07 02:00:00,146.9266091886225
12-07 03:00:00,90.16004929765288
12-07 04:00:00,49.7399158824016
12-07 05:00:00,37.867656763043165
12-07 06:00:00,65.87453292894908
12-07 07:00:00,141.01107961781594
12-07 08:00:00,224.71596404572728
12-07 09:00:00,288.0820780254513
12-07 10:00:00,261.66619559302364
12-07 11:00:00,282.1263219276509
12-07 12:00:00,279.27897957088453
12-07 13:00:00,279.87241865731323
12-07 14:00:00,311.00436967815654
12-07 15:00:00,326.8305207117416
12-07 16:00:00,342.5639098048488
12-07 17:00:00,328.1950375903562
12-07 18:00:00,495.30316952022076
12-07 19:00:00,615.063477879105
12-07 20:00:00,646.0624501545117
12-07 21:00:00,547.1289561398878
12-07 22:00:00,447.22436390303596
12-07 23:00:00,344.38067909174475
12-08 00:00:00,292.6501964634061
12-08 01:00:00,199.35051607258475
12-08 02:00:00,159.7212471183674
12-08 03:00:00,114.51949412922518
12-08 04:00:00,73.87394616518412
12-08 05:00:00,58.299819784718416
12-08 06:00:00,49.930444856314175
12-08 07:00:00,70.81926188957148
12-08 08:00:00,125.78261189101276
12-08 09:00:00,147.9164734004261
12-08 10:00:00,225.7355793153005
12-08 11:00:00,327.021386185911
12-08 12:00:00,349.4756819492675
12-08 13:00:00,293.71704866145603
12-08 14:00:00,371.43828597786376
12-08 15:00:00,341.1120604759247
12-08 16:00:00,424.1706768873292
12-08 17:00:00,481.29159083071414
12-08 18:00:00,488.24138597435655
12-08 19:00:00,464.4174272945676
12-08 20:00:00,430.7512962073933
12-08 21:00:00,319.0043747089914
12-08 22:00:00,260.1497381814711
12-08 23:00:00,206.69836700236098
12-09 00:00:00,236.53027163710462
12-09 01:00:00,155.1271680121387
12-09 02:00:00,163.03822004595116
12-09 03:00:00,131.6264498879541
12-09 04:00:00,93.61095354575257
12-09 05:00:00,51.67763701764396
12-09 06:00:00,38.88214383299357
12-09 07:00:00,48.30912495108297
12-09 08:00:00,60.681121052133754
12-09 09:00:00,122.18151628385048
12-09 10:00:00,162.86357002079026
12-09 11:00:00,210.50503681891615
12-09 12:00:00,220.55696661004126
12-09 13:00:00,221.6677048190253
12-09 14:00:00,199.08961660451467
12-09 15:00:00,251.03632474877213
12-09 16:00:00,275.08360714331235
12-09 17:00:00,299.78805845390303
12-09 18:00:00,417.9092237460872
12-09 19:00:00,449.98011251002885
12-09 20:00:00,422.92256807658043
12-09 21:00:00,345.5437838852954
12-09 22:00:00,315.07480507813074
12-09 23:00:00,281.760860540683
12-10 00:00:00,193.6285687313867
12-10 01:00:00,142.03482942655052
12-10 02:00:00,119.7827528097915
12-10 03:00:00,83.33092798386365
12-10 04:00:00,56.32254941765686
12-10 05:00:00,38.632415832762426
12-10 06:00:00,49.121415872537135
12-10 07:00:00,154.6591478425674
12-10 08:00:00,256.0365187553546
12-10 09:00:00,318.0709821807868
12-10 10:00:00,283.9321380511188
12-10 11:00:00,267.4760040604984
12-10 12:00:00,274.26748694414954
12-10 13:00:00,287.1412427567379
12-10 14:00:00,306.55245477133917
12-10 15:00:00,305.8747954138741
12-10 16:00:00,312.249315993831
12-10 17:00:00,300.9538438532684
12-10 18:00:00,406.3578698653805
12-10 19:00:00,597.5620834506791
12-10 20:00:00,658.1316486887031
12-10 21:00:00,648.7921878272323
12-10 22:00:00,508.8012138081629
12-10 23:00:00,420.4085585822212
12-11 00:00:00,331.1620794859167
12-11 01:00:00,228.61563638950776
12-11 02:00:00,178.18942361649272
12-11 03:00:00,112.1563726585053
12-11 04:00:00,79.50221708853277
12-11 05:00:00,61.005054301407945
12-11 06:00:00,66.46040658507884
12-11 07:00:00,124.80014556271199
12-11 08:00:00,270.45082779248804
12-11 09:00:00,271.8826367142936
12-11 10:00:00,285.03401561132875
12-11 11:00:00,245.85197598483288
12-11 12:00:00,282.9531191700293
12-11 13:00:00,250.6481331682549
12-11 14:00:00,280.24100224447824
12-11 15:00:00,299.00373923551194
12-11 16:00:00,293.48224770085926
12-11 17:00:00,334.1286565215257
12-11 18:00:00,488.71434865967075
12-11 19:00:00,603.0900117791011
12-11 20:00:00,626.4474399304763
12-11 21:00:00,571.2155235154366
12-11 22:00:00,449.2807626156785
12-11 23:00:00,345.5986877593004
12-12 00:00:00,284.5805553834278
12-12 01:00:00,202.0509394707032
12-12 02:00:00,161.8641808920182
12-12 03:00:00,94.96961757650556
12-12 04:00:00,70.18135691681331
12-12 05:00:00,49.9975659481584
12-12 06:00:00,50.16219194505569
12-12 07:00:00,126.54229157064043
12-12 08:00:00,251.22593107935072
12-12 09:00:00,276.06323936063586
12-12 10:00:00,288.2650479612898
12-12 11:00:00,241.2447277018449
12-12 12:00:00,262.2524621585475
12-12 13:00:00,283.2285813183582
12-12 14:00:00,305.08580079368215
12-12 15:00:00,247.01089565595328
12-12 16:00:00,244.24918508626345
12-12 17:00:00,327.95888337133437
12-12 18:00:00,420.94367573775975
12-12 19:00:00,633.2272610669179
12-12 20:00:00,638.8471781769368
12-12 21:00:00,554.1416244515822
12-12 22:00:00,469.3252276909548
12-12 23:00:00,391.2823343091532
12-13 00:00:00,309.8120887166709
12-13 01:00:00,234.5475684749296
12-13 02:00:00,199.62528059148605
12-13 03:00:00,113.10313514695558
12-13 04:00:00,68.17354207358792
12-13 05:00:00,45.98776744339207
12-13 06:00:00,57.81224652466221
12-13 07:00:00,158.2637285030325
12-13 08:00:00,305.8236797321955
12-13 09:00:00,285.67476325952106
12-13 10:00:00,299.14580179515104
12-13 11:00:00,281.04191642066274
12-13 12:00:00,281.871273900778
12-13 13:00:00,298.22473937780046
12-13 14:00:00,319.4316022936587
12-13 15:00:00,257.7345465059099
12-13 16:00:00,236.3416271120242
12-13 17:00:00,335.5777669870199
12-13 18:00:00,473.3833459388705
12-13 19:00:00,639.4659708132846
12-13 20:00:00,638.4512473018397
12-13 21:00:00,577.9195039308614
12-13 22:00:00,457.3534130775792
12-13 23:00:00,382.8527229447385
12-14 00:00:00,320.91225350982376
12-14 01:00:00,217.21145720360568
12-14 02:00:00,146.9266091886225
12-14 03:00:00,90.16004929765288
12-14 04:00:00,49.7399158824016
12-14 05:00:00,37.867656763043165
12-14 06:00:00,65.87453292894908
12-14 07:00:00,141.01107961781594
12-14 08:00:00,224.71596404572728
12-14 09:00:00,288.0820780254513
12-14 10:00:00,261.66619559302364
12-14 11:00:00,282.1263219276509
12-14 12:00:00,279.27897957088453
12-14 13:00:00,279.87241865731323
12-14 14:00:00,311.00436967815654
12-14 15:00:00,326.8305207117416
12-14 16:00:00,342.5639098048488
12-14 17:00:00,328.1950375903562
12-14 18:00:00,495.30316952022076
12-14 19:00:00,615.063477879105
12-14 20:00:00,646.0624501545117
12-14 21:00:00,547.1289561398878
12-14 22:00:00,447.22436390303596
12-14 23:00:00,344.38067909174475
12-15 00:00:00,292.6501964634061
12-15 01:00:00,199.35051607258475
12-15 02:00:00,159.7212471183674
12-15 03:00:00,114.51949412922518
12-15 04:00:00,73.87394616518412
12-15 05:00:00,58.299819784718416
12-15 06:00:00,49.930444856314175
12-15 07:00:00,70.81926188957148
12-15 08:00:00,125.78261189101276
12-15 09:00:00,147.9164734004261
12-15 10:00:00,225.7355793153005
12-15 11:00:00,327.021386185911
12-15 12:00:00,349.4756819492675
12-15 13:00:00,293.71704866145603
12-15 14:00:00,371.43828597786376
12-15 15:00:00,341.1120604759247
12-15 16:00:00,424.1706768873292
12-15 17:00:00,481.29159083071414
12-15 18:00:00,488.24138597435655
12-15 19:00:00,464.4174272945676
12-15 20:00:00,430.7512962073933
12-15 21:00:00,319.0043747089914
12-15 22:00:00,260.1497381814711
12-15 23:00:00,206.69836700236098
12-16 00:00:00,236.53027163710462
12-16 01:00:00,155.1271680121387
12-16 02:00:00,163.03822004595116
12-16 03:00:00,131.6264498879541
12-16 04:00:00,93.61095354575257
12-16 05:00:00,51.67763701764396
12-16 06:00:00,38.88214383299357
12-16 07:00:00,48.30912495108297
12-16 08:00:00,60.681121052133754
12-16 09:00:00,122.18151628385048
12-16 10:00:00,162.86357002079026
12-16 11:00:00,210.50503681891615
12-16 12:00:00,220.55696661004126
12-16 13:00:00,221.6677048190253
12-16 14:00:00,199.08961660451467
12-16 15:00:00,251.03632474877213
12-16 16:00:00,275.08360714331235
12-16 17:00:00,299.78805845390303
12-16 18:00:00,417.9092237460872
12-16 19:00:00,449.98011251002885
12-16 20:00:00,422.92256807658043
12-16 21:00:00,345.5437838852954
12-16 22:00:00,315.07480507813074
12-16 23:00:00,281.760860540683
12-17 00:00:00,193.6285687313867
12-17 01:00:00,142.03482942655052
12-17 02:00:00,119.7827528097915
12-17 03:00:00,83.33092798386365
12-17 04:00:00,56.32254941765686
12-17 05:00:00,38.632415832762426
12-17 06:00:00,49.121415872537135
12-17 07:00:00,154.6591478425674
12-17 08:00:00,256.0365187553546
12-17 09:00:00,318.0709821807868
12-17 10:00:00,283.9321380511188
12-17 11:00:00,267.4760040604984
12-17 12:00:00,274.26748694414954
12-17 13:00:00,287.1412427567379
12-17 14:00:00,306.55245477133917
12-17 15:00:00,305.8747954138741
12-17 16:00:00,312.249315993831
12-17 17:00:00,300.9538438532684
12-17 18:00:00,406.3578698653805
12-17 19:00:00,597.5620834506791
12-17 20:00:00,658.1316486887031
12-17 21:00:00,648.7921878272323
12-17 22:00:00,508.8012138081629
12-17 23:00:00,420.4085585822212
12-18 00:00:00,331.1620794859167
12-18 01:00:00,228.61563638950776
12-18 02:00:00,178.18942361649272
12-18 03:00:00,112.1563726585053
12-18 04:00:00,79.50221708853277
12-18 05:00:00,61.005054301407945
12-18 06:00:00,66.46040658507884
12-18 07:00:00,124.80014556271199
12-18 08:00:00,270.45082779248804
12-18 09:00:00,271.8826367142936
12-18 10:00:00,285.03401561132875
12-18 11:00:00,245.85197598483288
12-18 12:00:00,282.9531191700293
12-18 13:00:00,250.6481331682549
12-18 14:00:00,280.24100224447824
12-18 15:00:00,299.00373923551194
12-18 16:00:00,293.48224770085926
12-18 17:00:00,334.1286565215257
12-18 18:00:00,488.71434865967075
12-18 19:00:00,603.0900117791011
12-18 20:00:00,626.4474399304763
12-18 21:00:00,571.2155235154366
12-18 22:00:00,449.2807626156785
12-18 23:00:00,345.5986877593004
12-19 00:00:00,284.5805553834278
12-19 01:00:00,202.0509394707032
12-19 02:00:00,161.8641808920182
12-19 03:00:00,94.96961757650556
12-19 04:00:00,70.18135691681331
12-19 05:00:00,49.9975659481584
12-19 06:00:00,50.16219194505569
12-19 07:00:00,126.54229157064043
12-19 08:00:00,251.22593107935072
12-19 09:00:00,276.06323936063586
12-19 10:00:00,288.2650479612898
12-19 11:00:00,241.2447277018449
12-19 12:00:00,262.2524621585475
12-19 13:00:00,283.2285813183582
12-19 14:00:00,305.08580079368215
12-19 15:00:00,247.01089565595328
12-19 16:00:00,244.24918508626345
12-19 17:00:00,327.95888337133437
12-19 18:00:00,420.94367573775975
12-19 19:00:00,633.2272610669179
12-19 20:00:00,638.8471781769368
12-19 21:00:00,554.1416244515822
12-19 22:00:00,469.3252276909548
12-19 23:00:00,391.2823343091532
12-20 00:00:00,309.8120887166709
12-20 01:00:00,234.5475684749296
12-20 02:00:00,199.62528059148605
12-20 03:00:00,113.10313514695558
12-20 04:00:00,68.17354207358792
12-20 05:00:00,45.98776744339207
12-20 06:00:00,57.81224652466221
12-20 07:00:00,158.2637285030325
12-20 08:00:00,305.8236797321955
12-20 09:00:00,285.67476325952106
12-20 10:00:00,299.14580179515104
12-20 11:00:00,281.04191642066274
12-20 12:00:00,281.871273900778
12-20 13:00:00,298.22473937780046
12-20 14:00:00,319.4316022936587
12-20 15:00:00,257.7345465059099
12-20 16:00:00,236.3416271120242
12-20 17:00:00,335.5777669870199
12-20 18:00:00,473.3833459388705
12-20 19:00:00,639.4659708132846
12-20 20:00:00,638.4512473018397
12-20 21:00:00,577.9195039308614
12-20 22:00:00,457.3534130775792
12-20 23:00:00,382.8527229447385
12-21 00:00:00,320.91225350982376
12-21 01:00:00,217.21145720360568
12-21 02:00:00,146.9266091886225
12-21 03:00:00,90.16004929765288
12-21 04:00:00,49.7399158824016
12-21 05:00:00,37.867656763043165
12-21 06:00:00,65.87453292894908
12-21 07:00:00,141.01107961781594
12-21 08:00:00,224.71596404572728
12-21 09:00:00,288.0820780254513
12-21 10:00:00,261.66619559302364
12-21 11:00:00,282.1263219276509
12-21 12:00:00,279.27897957088453
12-21 13:00:00,279.87241865731323
12-21 14:00:00,311.00436967815654
12-21 15:00:00,326.8305207117416
12-21 16:00:00,342.5639098048488
12-21 17:00:00,328.1950375903562
12-21 18:00:00,495.30316952022076
12-21 19:00:00,615.063477879105
12-21 20:00:00,646.0624501545117
12-21 21:00:00,547.1289561398878
12-21 22:00:00,447.22436390303596
12-21 23:00:00,344.38067909174475
12-22 00:00:00,292.6501964634061
12-22 01:00:00,199.35051607258475
12-22 02:00:00,159.7212471183674
12-22 03:00:00,114.51949412922518
12-22 04:00:00,73.87394616518412
12-22 05:00:00,58.299819784718416
12-22 06:00:00,49.930444856314175
12-22 07:00:00,70.81926188957148
12-22 08:00:00,125.78261189101276
12-22 09:00:00,147.9164734004261
12-22 10:00:00,225.7355793153005
12-22 11:00:00,327.021386185911
12-22 12:00:00,349.4756819492675
12-22 13:00:00,293.71704866145603
12-22 14:00:00,371.43828597786376
12-22 15:00:00,341.1120604759247
12-22 16:00:00,424.1706768873292
12-22 17:00:00,481.29159083071414
12-22 18:00:00,488.24138597435655
12-22 19:00:00,464.4174272945676
12-22 20:00:00,430.7512962073933
12-22 21:00:00,319.0043747089914
12-22 22:00:00,260.1497381814711
12-22 23:00:00,206.69836700236098
12-23 00:00:00,236.53027163710462
12-23 01:00:00,155.1271680121387
12-23 02:00:00,163.03822004595116
12-23 03:00:00,131.6264498879541
12-23 04:00:00,93.61095354575257
12-23 05:00:00,51.67763701764396
12-23 06:00:00,38.88214383299357
12-23 07:00:00,48.30912495108297
12-23 08:00:00,60.681121052133754
12-23 09:00:00,122.18151628385048
12-23 10:00:00,162.86357002079026
12-23 11:00:00,210.50503681891615
12-23 12:00:00,220.55696661004126
12-23 13:00:00,221.6677048190253
12-23 14:00:00,199.08961660451467
12-23 15:00:00,251.03632474877213
12-23 16:00:00,275.08360714331235
12-23 17:00:00,299.78805845390303
12-23 18:00:00,417.9092237460872
12-23 19:00:00,449.98011251002885
12-23 20:00:00,422.92256807658043
12-23 21:00:00,345.5437838852954
12-23 22:00:00,315.07480507813074
12-23 23:00:00,281.760860540683
12-24 00:00:00,193.6285687313867
12-24 01:00:00,142.03482942655052
12-24 02:00:00,119.7827528097915
12-24 03:00:00,83.33092798386365
12-24 04:00:00,56.32254941765686
12-24 05:00:00,38.632415832762426
12-24 06:00:00,49.121415872537135
12-24 07:00:00,154.6591478425674
12-24 08:00:00,256.0365187553546
12-24 09:00:00,318.0709821807868
12-24 10:00:00,283.9321380511188
12-24 11:00:00,267.4760040604984
12-24 12:00:00,274.26748694414954
12-24 13:00:00,287.1412427567379
12-24 14:00:00,306.55245477133917
12-24 15:00:00,305.8747954138741
12-24 16:00:00,312.249315993831
12-24 17:00:00,300.9538438532684
12-24 18:00:00,406.3578698653805
12-24 19:00:00,597.5620834506791
12-24 20:00:00,658.1316486887031
12-24 21:00:00,648.7921878272323
12-24 22:00:00,508.8012138081629
12-24 23:00:00,420.4085585822212
12-25 00:00:00,331.1620794859167
12-25 01:00:00,228.61563638950776
12-25 02:00:00,178.18942361649272
12-25 03:00:00,112.1563726585053
12-25 04:00:00,79.50221708853277
12-25 05:00:00,61.005054301407945
12-25 06:00:00,66.46040658507884
12-25 07:00:00,124.80014556271199
12-25 08:00:00,270.45082779248804
12-25 09:00:00,271.8826367142936
12-25 10:00:00,285.03401561132875
12-25 11:00:00,245.85197598483288
12-25 12:00:00,282.9531191700293
12-25 13:00:00,250.6481331682549
12-25 14:00:00,280.24100224447824
12-25 15:00:00,299.00373923551194
12-25 16:00:00,293.48224770085926
12-25 17:00:00,334.1286565215257
12-25 18:00:00,488.71434865967075
12-25 19:00:00,603.0900117791011
12-25 20:00:00,626.4474399304763
12-25 21:00:00,571.2155235154366
12-25 22:00:00,449.2807626156785
12-25 23:00:00,345.5986877593004
12-26 00:00:00,284.5805553834278
12-26 01:00:00,202.0509394707032
12-26 02:00:00,161.8641808920182
12-26 03:00:00,94.96961757650556
12-26 04:00:00,70.18135691681331
12-26 05:00:00,49.9975659481584
12-26 06:00:00,50.16219194505569
12-26 07:00:00,126.54229157064043
12-26 08:00:00,251.22593107935072
12-26 09:00:00,276.06323936063586
12-26 10:00:00,288.2650479612898
12-26 11:00:00,241.2447277018449
12-26 12:00:00,262.2524621585475
12-26 13:00:00,283.2285813183582
12-26 14:00:00,305.08580079368215
12-26 15:00:00,247.01089565595328
12-26 16:00:00,244.24918508626345
12-26 17:00:00,327.95888337133437
12-26 18:00:00,420.94367573775975
12-26 19:00:00,633.2272610669179
12-26 20:00:00,638.8471781769368
12-26 21:00:00,554.1416244515822
12-26 22:00:00,469.3252276909548
12-26 23:00:00,391.2823343091532
12-27 00:00:00,309.8120887166709
12-27 01:00:00,234.5475684749296
12-27 02:00:00,199.62528059148605
12-27 03:00:00,113.10313514695558
12-27 04:00:00,68.17354207358792
12-27 05:00:00,45.98776744339207
12-27 06:00:00,57.81224652466221
12-27 07:00:00,158.2637285030325
12-27 08:00:00,305.8236797321955
12-27 09:00:00,285.67476325952106
12-27 10:00:00,299.14580179515104
12-27 11:00:00,281.04191642066274
12-27 12:00:00,281.871273900778
12-27 13:00:00,298.22473937780046
12-27 14:00:00,319.4316022936587
12-27 15:00:00,257.7345465059099
12-27 16:00:00,236.3416271120242
12-27 17:00:00,335.5777669870199
12-27 18:00:00,473.3833459388705
12-27 19:00:00,639.4659708132846
12-27 20:00:00,638.4512473018397
12-27 21:00:00,577.9195039308614
12-27 22:00:00,457.3534130775792
12-27 23:00:00,382.8527229447385
12-28 00:00:00,320.91225350982376
12-28 01:00:00,217.21145720360568
12-28 02:00:00,146.9266091886225
12-28 03:00:00,90.16004929765288
12-28 04:00:00,49.7399158824016
12-28 05:00:00,37.867656763043165
12-28 06:00:00,65.87453292894908
12-28 07:00:00,141.01107961781594
12-28 08:00:00,224.71596404572728
12-28 09:00:00,288.0820780254513
12-28 10:00:00,261.66619559302364
12-28 11:00:00,282.1263219276509
12-28 12:00:00,279.27897957088453
12-28 13:00:00,279.87241865731323
12-28 14:00:00,311.00436967815654
12-28 15:00:00,326.8305207117416
12-28 16:00:00,342.5639098048488
12-28 17:00:00,328.1950375903562
12-28 18:00:00,495.30316952022076
12-28 19:00:00,615.063477879105
12-28 20:00:00,646.0624501545117
12-28 21:00:00,547.1289561398878
12-28 22:00:00,447.22436390303596
12-28 23:00:00,344.38067909174475
12-29 00:00:00,292.6501964634061
12-29 01:00:00,199.35051607258475
12-29 02:00:00,159.7212471183674
12-29 03:00:00,114.51949412922518
12-29 04:00:00,73.87394616518412
12-29 05:00:00,58.299819784718416
12-29 06:00:00,49.930444856314175
12-29 07:00:00,70.81926188957148
12-29 08:00:00,125.78261189101276
12-29 09:00:00,147.9164734004261
12-29 10:00:00,225.7355793153005
12-29 11:00:00,327.021386185911
12-29 12:00:00,349.4756819492675
12-29 13:00:00,293.71704866145603
12-29 14:00:00,371.43828597786376
12-29 15:00:00,341.1120604759247
12-29 16:00:00,424.1706768873292
12-29 17:00:00,481.29159083071414
12-29 18:00:00,488.24138597435655
12-29 19:00:00,464.4174272945676
12-29 20:00:00,430.7512962073933
12-29 21:00:00,319.0043747089914
12-29 22:00:00,260.1497381814711
12-29 23:00:00,206.69836700236098
12-30 00:00:00,236.53027163710462
12-30 01:00:00,155.1271680121387
12-30 02:00:00,163.03822004595116
12-30 03:00:00,131.6264498879541
12-30 04:00:00,93.61095354575257
12-30 05:00:00,51.67763701764396
12-30 06:00:00,38.88214383299357
12-30 07:00:00,48.30912495108297
12-30 08:00:00,60.681121052133754
12-30 09:00:00,122.18151628385048
12-30 10:00:00,162.86357002079026
12-30 11:00:00,210.50503681891615
12-30 12:00:00,220.55696661004126
12-30 13:00:00,221.6677048190253
12-30 14:00:00,199.08961660451467
12-30 15:00:00,251.03632474877213
12-30 16:00:00,275.08360714331235
12-30 17:00:00,299.78805845390303
12-30 18:00:00,417.9092237460872
12-30 19:00:00,449.98011251002885
12-30 20:00:00,422.92256807658043
12-30 21:00:00,345.5437838852954
12-30 22:00:00,315.07480507813074
12-30 23:00:00,281.760860540683
12-31 00:00:00,193.6285687313867
12-31 01:00:00,142.03482942655052
12-31 02:00:00,119.7827528097915
12-31 03:00:00,83.33092798386365
12-31 04:00:00,56.32254941765686
12-31 05:00:00,38.632415832762426
12-31 06:00:00,49.121415872537135
12-31 07:00:00,154.6591478425674
12-31 08:00:00,256.0365187553546
12-31 09:00:00,318.0709821807868
12-31 10:00:00,283.9321380511188
12-31 11:00:00,267.4760040604984
12-31 12:00:00,274.26748694414954
12-31 13:00:00,287.1412427567379
12-31 14:00:00,306.55245477133917
12-31 15:00:00,305.8747954138741
12-31 16:00:00,312.249315993831
12-31 17:00:00,300.9538438532684
12-31 18:00:00,406.3578698653805
12-31 19:00:00,597.5620834506791
12-31 20:00:00,658.1316486887031
12-31 21:00:00,648.7921878272323
12-31 22:00:00,508.8012138081629
12-31 23:00:00,420.4085585822212
