,value_kW
01-01 00:00:00,679.8417199207993
01-01 01:00:00,420.9993907456999
01-01 02:00:00,334.2435283124726
01-01 03:00:00,260.408315393573
01-01 04:00:00,197.73997961672939
01-01 05:00:00,152.3100433582748
01-01 06:00:00,184.1799911661707
01-01 07:00:00,510.8808255693929
01-01 08:00:00,873.4830650382381
01-01 09:00:00,897.9896241560266
01-01 10:00:00,906.8244189826192
01-01 11:00:00,832.5622868743967
01-01 12:00:00,698.8664482443706
01-01 13:00:00,715.9827681510851
01-01 14:00:00,939.9340535114873
01-01 15:00:00,920.9277729249092
01-01 16:00:00,819.7083620584514
01-01 17:00:00,855.2313366814446
01-01 18:00:00,1205.7617788394375
01-01 19:00:00,1773.9029328338595
01-01 20:00:00,1877.3264904966288
01-01 21:00:00,1772.1389146118227
01-01 22:00:00,1417.632340682257
01-01 23:00:00,1193.017622348789
01-02 00:00:00,958.6813655110392
01-02 01:00:00,620.9839386939733
01-02 02:00:00,424.9161307316388
01-02 03:00:00,269.8738308378705
01-02 04:00:00,191.83967055519133
01-02 05:00:00,125.64139484262483
01-02 06:00:00,155.78137009941344
01-02 07:00:00,396.4104376811773
01-02 08:00:00,712.1873908240207
01-02 09:00:00,767.1562624525824
01-02 10:00:00,970.4554993251926
01-02 11:00:00,761.0894298580816
01-02 12:00:00,876.6666308901846
01-02 13:00:00,908.4487519599118
01-02 14:00:00,1023.963563812851
01-02 15:00:00,815.208163346955
01-02 16:00:00,828.4128818434943
01-02 17:00:00,907.305075704671
01-02 18:00:00,1383.8167197041823
01-02 19:00:00,1877.172427866663
01-02 20:00:00,1930.7521582535794
01-02 21:00:00,1824.5150433285064
01-02 22:00:00,1460.3106398019581
01-02 23:00:00,1202.8886031409954
01-03 00:00:00,890.3003886631203
01-03 01:00:00,601.9497373362906
01-03 02:00:00,450.3083099707052
01-03 03:00:00,288.8195707075591
01-03 04:00:00,252.11836012848667
01-03 05:00:00,226.89374043526348
01-03 06:00:00,218.3062442680194
01-03 07:00:00,472.68135202703826
01-03 08:00:00,811.1223106853664
01-03 09:00:00,974.6470487676388
01-03 10:00:00,965.3315614860259
01-03 11:00:00,774.4947276135933
01-03 12:00:00,740.0218887941858
01-03 13:00:00,813.8103397434741
01-03 14:00:00,905.1923903464659
01-03 15:00:00,894.7595777869561
01-03 16:00:00,891.2902143010914
01-03 17:00:00,912.8262177713293
01-03 18:00:00,1325.5893350733393
01-03 19:00:00,1757.356651012883
01-03 20:00:00,1802.5527160880752
01-03 21:00:00,1653.2491267902392
01-03 22:00:00,1466.552713190747
01-03 23:00:00,1187.123044195127
01-04 00:00:00,895.1104746141636
01-04 01:00:00,628.8543982174368
01-04 02:00:00,454.8426325038133
01-04 03:00:00,249.67783100538662
01-04 04:00:00,168.2038657457884
01-04 05:00:00,130.6000345076637
01-04 06:00:00,140.58453754931048
01-04 07:00:00,372.65826953016796
01-04 08:00:00,719.4796527922321
01-04 09:00:00,831.4681779479644
01-04 10:00:00,818.0340684423587
01-04 11:00:00,756.3336582247221
01-04 12:00:00,907.8676875587346
01-04 13:00:00,873.6397995443009
01-04 14:00:00,883.0716462667497
01-04 15:00:00,751.3922014556236
01-04 16:00:00,832.434751653024
01-04 17:00:00,815.4712549100681
01-04 18:00:00,1278.9951634464683
01-04 19:00:00,1829.4209110686306
01-04 20:00:00,1906.6798233064353
01-04 21:00:00,1804.2335416424432
01-04 22:00:00,1472.0483101205807
01-04 23:00:00,1248.254772460858
01-05 00:00:00,1008.394509115585
01-05 01:00:00,692.3610061196658
01-05 02:00:00,500.48797569610434
01-05 03:00:00,345.3479375942475
01-05 04:00:00,230.13926439726708
01-05 05:00:00,161.95151280041154
01-05 06:00:00,164.10236034828048
01-05 07:00:00,380.64977197046824
01-05 08:00:00,629.0232040657539
01-05 09:00:00,711.4986073050443
01-05 10:00:00,739.3021358304486
01-05 11:00:00,738.803613875828
01-05 12:00:00,741.1041279570659
01-05 13:00:00,807.72287889905
01-05 14:00:00,789.5173812875694
01-05 15:00:00,950.7610807065006
01-05 16:00:00,953.767742499951
01-05 17:00:00,1042.047695016208
01-05 18:00:00,1416.4564218092262
01-05 19:00:00,1810.8424704564163
01-05 20:00:00,1975.6603333876853
01-05 21:00:00,1692.1257168593884
01-05 22:00:00,1384.9182818843665
01-05 23:00:00,1109.0015585925262
01-06 00:00:00,889.1363160534203
01-06 01:00:00,670.1058805347457
01-06 02:00:00,524.0243732578153
01-06 03:00:00,411.7986866538091
01-06 04:00:00,248.0696397979906
01-06 05:00:00,161.05484098884867
01-06 06:00:00,121.82062868009945
01-06 07:00:00,131.75349761213647
01-06 08:00:00,290.7471710636792
01-06 09:00:00,470.45928871803216
01-06 10:00:00,662.7342982893874
01-06 11:00:00,1085.3124945473342
01-06 12:00:00,1279.0592929796508
01-06 13:00:00,992.6971215368827
01-06 14:00:00,941.0624280746088
01-06 15:00:00,995.3080052068999
01-06 16:00:00,1127.6784593272707
01-06 17:00:00,1132.3890135614563
01-06 18:00:00,1401.860463079129
01-06 19:00:00,1259.290423004997
01-06 20:00:00,1260.5294216698717
01-06 21:00:00,915.1762229053186
01-06 22:00:00,718.2256187194819
01-06 23:00:00,667.8041945524667
01-07 00:00:00,628.2699829738698
01-07 01:00:00,518.670699823135
01-07 02:00:00,410.5708961321049
01-07 03:00:00,335.3375361184377
01-07 04:00:00,197.3758499043499
01-07 05:00:00,160.50321880790656
01-07 06:00:00,140.21135941457345
01-07 07:00:00,137.46643492502884
01-07 08:00:00,148.79651162821375
01-07 09:00:00,289.6396448677624
01-07 10:00:00,340.52789610833867
01-07 11:00:00,680.7871427110063
01-07 12:00:00,564.9981460963052
01-07 13:00:00,722.4184920846485
01-07 14:00:00,621.9412039982626
01-07 15:00:00,680.6467827037831
01-07 16:00:00,773.684772125886
01-07 17:00:00,909.1281806081121
01-07 18:00:00,1269.9464185614245
01-07 19:00:00,1370.5610986886416
01-07 20:00:00,1236.2676265676846
01-07 21:00:00,1074.8729170932138
01-07 22:00:00,980.3087497121193
01-07 23:00:00,893.9757699747872
01-08 00:00:00,679.8417199207993
01-08 01:00:00,420.9993907456999
01-08 02:00:00,334.2435283124726
01-08 03:00:00,260.408315393573
01-08 04:00:00,197.73997961672939
01-08 05:00:00,152.3100433582748
01-08 06:00:00,184.1799911661707
01-08 07:00:00,510.8808255693929
01-08 08:00:00,873.4830650382381
01-08 09:00:00,897.9896241560266
01-08 10:00:00,906.8244189826192
01-08 11:00:00,832.5622868743967
01-08 12:00:00,698.8664482443706
01-08 13:00:00,715.9827681510851
01-08 14:00:00,939.9340535114873
01-08 15:00:00,920.9277729249092
01-08 16:00:00,819.7083620584514
01-08 17:00:00,855.2313366814446
01-08 18:00:00,1205.7617788394375
01-08 19:00:00,1773.9029328338595
01-08 20:00:00,1877.3264904966288
01-08 21:00:00,1772.1389146118227
01-08 22:00:00,1417.632340682257
01-08 23:00:00,1193.017622348789
01-09 00:00:00,958.6813655110392
01-09 01:00:00,620.9839386939733
01-09 02:00:00,424.9161307316388
01-09 03:00:00,269.8738308378705
01-09 04:00:00,191.83967055519133
01-09 05:00:00,125.64139484262483
01-09 06:00:00,155.78137009941344
01-09 07:00:00,396.4104376811773
01-09 08:00:00,712.1873908240207
01-09 09:00:00,767.1562624525824
01-09 10:00:00,970.4554993251926
01-09 11:00:00,761.0894298580816
01-09 12:00:00,876.6666308901846
01-09 13:00:00,908.4487519599118
01-09 14:00:00,1023.963563812851
01-09 15:00:00,815.208163346955
01-09 16:00:00,828.4128818434943
01-09 17:00:00,907.305075704671
01-09 18:00:00,1383.8167197041823
01-09 19:00:00,1877.172427866663
01-09 20:00:00,1930.7521582535794
01-09 21:00:00,1824.5150433285064
01-09 22:00:00,1460.3106398019581
01-09 23:00:00,1202.8886031409954
01-10 00:00:00,890.3003886631203
01-10 01:00:00,601.9497373362906
01-10 02:00:00,450.3083099707052
01-10 03:00:00,288.8195707075591
01-10 04:00:00,252.11836012848667
01-10 05:00:00,226.89374043526348
01-10 06:00:00,218.3062442680194
01-10 07:00:00,472.68135202703826
01-10 08:00:00,811.1223106853664
01-10 09:00:00,974.6470487676388
01-10 10:00:00,965.3315614860259
01-10 11:00:00,774.4947276135933
01-10 12:00:00,740.0218887941858
01-10 13:00:00,813.8103397434741
01-10 14:00:00,905.1923903464659
01-10 15:00:00,894.7595777869561
01-10 16:00:00,891.2902143010914
01-10 17:00:00,912.8262177713293
01-10 18:00:00,1325.5893350733393
01-10 19:00:00,1757.356651012883
01-10 20:00:00,1802.5527160880752
01-10 21:00:00,1653.2491267902392
01-10 22:00:00,1466.552713190747
01-10 23:00:00,1187.123044195127
01-11 00:00:00,895.1104746141636
01-11 01:00:00,628.8543982174368
01-11 02:00:00,454.8426325038133
01-11 03:00:00,249.67783100538662
01-11 04:00:00,168.2038657457884
01-11 05:00:00,130.6000345076637
01-11 06:00:00,140.58453754931048
01-11 07:00:00,372.65826953016796
01-11 08:00:00,719.4796527922321
01-11 09:00:00,831.4681779479644
01-11 10:00:00,818.0340684423587
01-11 11:00:00,756.3336582247221
01-11 12:00:00,907.8676875587346
01-11 13:00:00,873.6397995443009
01-11 14:00:00,883.0716462667497
01-11 15:00:00,751.3922014556236
01-11 16:00:00,832.434751653024
01-11 17:00:00,815.4712549100681
01-11 18:00:00,1278.9951634464683
01-11 19:00:00,1829.4209110686306
01-11 20:00:00,1906.6798233064353
01-11 21:00:00,1804.2335416424432
01-11 22:00:00,1472.0483101205807
01-11 23:00:00,1248.254772460858
01-12 00:00:00,1008.394509115585
01-12 01:00:00,692.3610061196658
01-12 02:00:00,500.48797569610434
01-12 03:00:00,345.3479375942475
01-12 04:00:00,230.13926439726708
01-12 05:00:00,161.95151280041154
01-12 06:00:00,164.10236034828048
01-12 07:00:00,380.64977197046824
01-12 08:00:00,629.0232040657539
01-12 09:00:00,711.4986073050443
01-12 10:00:00,739.3021358304486
01-12 11:00:00,738.803613875828
01-12 12:00:00,741.1041279570659
01-12 13:00:00,807.72287889905
01-12 14:00:00,789.5173812875694
01-12 15:00:00,950.7610807065006
01-12 16:00:00,953.767742499951
01-12 17:00:00,1042.047695016208
01-12 18:00:00,1416.4564218092262
01-12 19:00:00,1810.8424704564163
01-12 20:00:00,1975.6603333876853
01-12 21:00:00,1692.1257168593884
01-12 22:00:00,1384.9182818843665
01-12 23:00:00,1109.0015585925262
01-13 00:00:00,889.1363160534203
01-13 01:00:00,670.1058805347457
01-13 02:00:00,524.0243732578153
01-13 03:00:00,411.7986866538091
01-13 04:00:00,248.0696397979906
01-13 05:00:00,161.05484098884867
01-13 06:00:00,121.82062868009945
01-13 07:00:00,131.75349761213647
01-13 08:00:00,290.7471710636792
01-13 09:00:00,470.45928871803216
01-13 10:00:00,662.7342982893874
01-13 11:00:00,1085.3124945473342
01-13 12:00:00,1279.0592929796508
01-13 13:00:00,992.6971215368827
01-13 14:00:00,941.0624280746088
01-13 15:00:00,995.3080052068999
01-13 16:00:00,1127.6784593272707
01-13 17:00:00,1132.3890135614563
01-13 18:00:00,1401.860463079129
01-13 19:00:00,1259.290423004997
01-13 20:00:00,1260.5294216698717
01-13 21:00:00,915.1762229053186
01-13 22:00:00,718.2256187194819
01-13 23:00:00,667.8041945524667
01-14 00:00:00,628.2699829738698
01-14 01:00:00,518.670699823135
01-14 02:00:00,410.5708961321049
01-14 03:00:00,335.3375361184377
01-14 04:00:00,197.3758499043499
01-14 05:00:00,160.50321880790656
01-14 06:00:00,140.21135941457345
01-14 07:00:00,137.46643492502884
01-14 08:00:00,148.79651162821375
01-14 09:00:00,289.6396448677624
01-14 10:00:00,340.52789610833867
01-14 11:00:00,680.7871427110063
01-14 12:00:00,564.9981460963052
01-14 13:00:00,722.4184920846485
01-14 14:00:00,621.9412039982626
01-14 15:00:00,680.6467827037831
01-14 16:00:00,773.684772125886
01-14 17:00:00,909.1281806081121
01-14 18:00:00,1269.9464185614245
01-14 19:00:00,1370.5610986886416
01-14 20:00:00,1236.2676265676846
01-14 21:00:00,1074.8729170932138
01-14 22:00:00,980.3087497121193
01-14 23:00:00,893.9757699747872
01-15 00:00:00,679.8417199207993
01-15 01:00:00,420.9993907456999
01-15 02:00:00,334.2435283124726
01-15 03:00:00,260.408315393573
01-15 04:00:00,197.73997961672939
01-15 05:00:00,152.3100433582748
01-15 06:00:00,184.1799911661707
01-15 07:00:00,510.8808255693929
01-15 08:00:00,873.4830650382381
01-15 09:00:00,897.9896241560266
01-15 10:00:00,906.8244189826192
01-15 11:00:00,832.5622868743967
01-15 12:00:00,698.8664482443706
01-15 13:00:00,715.9827681510851
01-15 14:00:00,939.9340535114873
01-15 15:00:00,920.9277729249092
01-15 16:00:00,819.7083620584514
01-15 17:00:00,855.2313366814446
01-15 18:00:00,1205.7617788394375
01-15 19:00:00,1773.9029328338595
01-15 20:00:00,1877.3264904966288
01-15 21:00:00,1772.1389146118227
01-15 22:00:00,1417.632340682257
01-15 23:00:00,1193.017622348789
01-16 00:00:00,958.6813655110392
01-16 01:00:00,620.9839386939733
01-16 02:00:00,424.9161307316388
01-16 03:00:00,269.8738308378705
01-16 04:00:00,191.83967055519133
01-16 05:00:00,125.64139484262483
01-16 06:00:00,155.78137009941344
01-16 07:00:00,396.4104376811773
01-16 08:00:00,712.1873908240207
01-16 09:00:00,767.1562624525824
01-16 10:00:00,970.4554993251926
01-16 11:00:00,761.0894298580816
01-16 12:00:00,876.6666308901846
01-16 13:00:00,908.4487519599118
01-16 14:00:00,1023.963563812851
01-16 15:00:00,815.208163346955
01-16 16:00:00,828.4128818434943
01-16 17:00:00,907.305075704671
01-16 18:00:00,1383.8167197041823
01-16 19:00:00,1877.172427866663
01-16 20:00:00,1930.7521582535794
01-16 21:00:00,1824.5150433285064
01-16 22:00:00,1460.3106398019581
01-16 23:00:00,1202.8886031409954
01-17 00:00:00,890.3003886631203
01-17 01:00:00,601.9497373362906
01-17 02:00:00,450.3083099707052
01-17 03:00:00,288.8195707075591
01-17 04:00:00,252.11836012848667
01-17 05:00:00,226.89374043526348
01-17 06:00:00,218.3062442680194
01-17 07:00:00,472.68135202703826
01-17 08:00:00,811.1223106853664
01-17 09:00:00,974.6470487676388
01-17 10:00:00,965.3315614860259
01-17 11:00:00,774.4947276135933
01-17 12:00:00,740.0218887941858
01-17 13:00:00,813.8103397434741
01-17 14:00:00,905.1923903464659
01-17 15:00:00,894.7595777869561
01-17 16:00:00,891.2902143010914
01-17 17:00:00,912.8262177713293
01-17 18:00:00,1325.5893350733393
01-17 19:00:00,1757.356651012883
01-17 20:00:00,1802.5527160880752
01-17 21:00:00,1653.2491267902392
01-17 22:00:00,1466.552713190747
01-17 23:00:00,1187.123044195127
01-18 00:00:00,895.1104746141636
01-18 01:00:00,628.8543982174368
01-18 02:00:00,454.8426325038133
01-18 03:00:00,249.67783100538662
01-18 04:00:00,168.2038657457884
01-18 05:00:00,130.6000345076637
01-18 06:00:00,140.58453754931048
01-18 07:00:00,372.65826953016796
01-18 08:00:00,719.4796527922321
01-18 09:00:00,831.4681779479644
01-18 10:00:00,818.0340684423587
01-18 11:00:00,756.3336582247221
01-18 12:00:00,907.8676875587346
01-18 13:00:00,873.6397995443009
01-18 14:00:00,883.0716462667497
01-18 15:00:00,751.3922014556236
01-18 16:00:00,832.434751653024
01-18 17:00:00,815.4712549100681
01-18 18:00:00,1278.9951634464683
01-18 19:00:00,1829.4209110686306
01-18 20:00:00,1906.6798233064353
01-18 21:00:00,1804.2335416424432
01-18 22:00:00,1472.0483101205807
01-18 23:00:00,1248.254772460858
01-19 00:00:00,1008.394509115585
01-19 01:00:00,692.3610061196658
01-19 02:00:00,500.48797569610434
01-19 03:00:00,345.3479375942475
01-19 04:00:00,230.13926439726708
01-19 05:00:00,161.95151280041154
01-19 06:00:00,164.10236034828048
01-19 07:00:00,380.64977197046824
01-19 08:00:00,629.0232040657539
01-19 09:00:00,711.4986073050443
01-19 10:00:00,739.3021358304486
01-19 11:00:00,738.803613875828
01-19 12:00:00,741.1041279570659
01-19 13:00:00,807.72287889905
01-19 14:00:00,789.5173812875694
01-19 15:00:00,950.7610807065006
01-19 16:00:00,953.767742499951
01-19 17:00:00,1042.047695016208
01-19 18:00:00,1416.4564218092262
01-19 19:00:00,1810.8424704564163
01-19 20:00:00,1975.6603333876853
01-19 21:00:00,1692.1257168593884
01-19 22:00:00,1384.9182818843665
01-19 23:00:00,1109.0015585925262
01-20 00:00:00,889.1363160534203
01-20 01:00:00,670.1058805347457
01-20 02:00:00,524.0243732578153
01-20 03:00:00,411.7986866538091
01-20 04:00:00,248.0696397979906
01-20 05:00:00,161.05484098884867
01-20 06:00:00,121.82062868009945
01-20 07:00:00,131.75349761213647
01-20 08:00:00,290.7471710636792
01-20 09:00:00,470.45928871803216
01-20 10:00:00,662.7342982893874
01-20 11:00:00,1085.3124945473342
01-20 12:00:00,1279.0592929796508
01-20 13:00:00,992.6971215368827
01-20 14:00:00,941.0624280746088
01-20 15:00:00,995.3080052068999
01-20 16:00:00,1127.6784593272707
01-20 17:00:00,1132.3890135614563
01-20 18:00:00,1401.860463079129
01-20 19:00:00,1259.290423004997
01-20 20:00:00,1260.5294216698717
01-20 21:00:00,915.1762229053186
01-20 22:00:00,718.2256187194819
01-20 23:00:00,667.8041945524667
01-21 00:00:00,628.2699829738698
01-21 01:00:00,518.670699823135
01-21 02:00:00,410.5708961321049
01-21 03:00:00,335.3375361184377
01-21 04:00:00,197.3758499043499
01-21 05:00:00,160.50321880790656
01-21 06:00:00,140.21135941457345
01-21 07:00:00,137.46643492502884
01-21 08:00:00,148.79651162821375
01-21 09:00:00,289.6396448677624
01-21 10:00:00,340.52789610833867
01-21 11:00:00,680.7871427110063
01-21 12:00:00,564.9981460963052
01-21 13:00:00,722.4184920846485
01-21 14:00:00,621.9412039982626
01-21 15:00:00,680.6467827037831
01-21 16:00:00,773.684772125886
01-21 17:00:00,909.1281806081121
01-21 18:00:00,1269.9464185614245
01-21 19:00:00,1370.5610986886416
01-21 20:00:00,1236.2676265676846
01-21 21:00:00,1074.8729170932138
01-21 22:00:00,980.3087497121193
01-21 23:00:00,893.9757699747872
01-22 00:00:00,679.8417199207993
01-22 01:00:00,420.9993907456999
01-22 02:00:00,334.2435283124726
01-22 03:00:00,260.408315393573
01-22 04:00:00,197.73997961672939
01-22 05:00:00,152.3100433582748
01-22 06:00:00,184.1799911661707
01-22 07:00:00,510.8808255693929
01-22 08:00:00,873.4830650382381
01-22 09:00:00,897.9896241560266
01-22 10:00:00,906.8244189826192
01-22 11:00:00,832.5622868743967
01-22 12:00:00,698.8664482443706
01-22 13:00:00,715.9827681510851
01-22 14:00:00,939.9340535114873
01-22 15:00:00,920.9277729249092
01-22 16:00:00,819.7083620584514
01-22 17:00:00,855.2313366814446
01-22 18:00:00,1205.7617788394375
01-22 19:00:00,1773.9029328338595
01-22 20:00:00,1877.3264904966288
01-22 21:00:00,1772.1389146118227
01-22 22:00:00,1417.632340682257
01-22 23:00:00,1193.017622348789
01-23 00:00:00,958.6813655110392
01-23 01:00:00,620.9839386939733
01-23 02:00:00,424.9161307316388
01-23 03:00:00,269.8738308378705
01-23 04:00:00,191.83967055519133
01-23 05:00:00,125.64139484262483
01-23 06:00:00,155.78137009941344
01-23 07:00:00,396.4104376811773
01-23 08:00:00,712.1873908240207
01-23 09:00:00,767.1562624525824
01-23 10:00:00,970.4554993251926
01-23 11:00:00,761.0894298580816
01-23 12:00:00,876.6666308901846
01-23 13:00:00,908.4487519599118
01-23 14:00:00,1023.963563812851
01-23 15:00:00,815.208163346955
01-23 16:00:00,828.4128818434943
01-23 17:00:00,907.305075704671
01-23 18:00:00,1383.8167197041823
01-23 19:00:00,1877.172427866663
01-23 20:00:00,1930.7521582535794
01-23 21:00:00,1824.5150433285064
01-23 22:00:00,1460.3106398019581
01-23 23:00:00,1202.8886031409954
01-24 00:00:00,890.3003886631203
01-24 01:00:00,601.9497373362906
01-24 02:00:00,450.3083099707052
01-24 03:00:00,288.8195707075591
01-24 04:00:00,252.11836012848667
01-24 05:00:00,226.89374043526348
01-24 06:00:00,218.3062442680194
01-24 07:00:00,472.68135202703826
01-24 08:00:00,811.1223106853664
01-24 09:00:00,974.6470487676388
01-24 10:00:00,965.3315614860259
01-24 11:00:00,774.4947276135933
01-24 12:00:00,740.0218887941858
01-24 13:00:00,813.8103397434741
01-24 14:00:00,905.1923903464659
01-24 15:00:00,894.7595777869561
01-24 16:00:00,891.2902143010914
01-24 17:00:00,912.8262177713293
01-24 18:00:00,1325.5893350733393
01-24 19:00:00,1757.356651012883
01-24 20:00:00,1802.5527160880752
01-24 21:00:00,1653.2491267902392
01-24 22:00:00,1466.552713190747
01-24 23:00:00,1187.123044195127
01-25 00:00:00,895.1104746141636
01-25 01:00:00,628.8543982174368
01-25 02:00:00,454.8426325038133
01-25 03:00:00,249.67783100538662
01-25 04:00:00,168.2038657457884
01-25 05:00:00,130.6000345076637
01-25 06:00:00,140.58453754931048
01-25 07:00:00,372.65826953016796
01-25 08:00:00,719.4796527922321
01-25 09:00:00,831.4681779479644
01-25 10:00:00,818.0340684423587
01-25 11:00:00,756.3336582247221
01-25 12:00:00,907.8676875587346
01-25 13:00:00,873.6397995443009
01-25 14:00:00,883.0716462667497
01-25 15:00:00,751.3922014556236
01-25 16:00:00,832.434751653024
01-25 17:00:00,815.4712549100681
01-25 18:00:00,1278.9951634464683
01-25 19:00:00,1829.4209110686306
01-25 20:00:00,1906.6798233064353
01-25 21:00:00,1804.2335416424432
01-25 22:00:00,1472.0483101205807
01-25 23:00:00,1248.254772460858
01-26 00:00:00,1008.394509115585
01-26 01:00:00,692.3610061196658
01-26 02:00:00,500.48797569610434
01-26 03:00:00,345.3479375942475
01-26 04:00:00,230.13926439726708
01-26 05:00:00,161.95151280041154
01-26 06:00:00,164.10236034828048
01-26 07:00:00,380.64977197046824
01-26 08:00:00,629.0232040657539
01-26 09:00:00,711.4986073050443
01-26 10:00:00,739.3021358304486
01-26 11:00:00,738.803613875828
01-26 12:00:00,741.1041279570659
01-26 13:00:00,807.72287889905
01-26 14:00:00,789.5173812875694
01-26 15:00:00,950.7610807065006
01-26 16:00:00,953.767742499951
01-26 17:00:00,1042.047695016208
01-26 18:00:00,1416.4564218092262
01-26 19:00:00,1810.8424704564163
01-26 20:00:00,1975.6603333876853
01-26 21:00:00,1692.1257168593884
01-26 22:00:00,1384.9182818843665
01-26 23:00:00,1109.0015585925262
01-27 00:00:00,889.1363160534203
01-27 01:00:00,670.1058805347457
01-27 02:00:00,524.0243732578153
01-27 03:00:00,411.7986866538091
01-27 04:00:00,248.0696397979906
01-27 05:00:00,161.05484098884867
01-27 06:00:00,121.82062868009945
01-27 07:00:00,131.75349761213647
01-27 08:00:00,290.7471710636792
01-27 09:00:00,470.45928871803216
01-27 10:00:00,662.7342982893874
01-27 11:00:00,1085.3124945473342
01-27 12:00:00,1279.0592929796508
01-27 13:00:00,992.6971215368827
01-27 14:00:00,941.0624280746088
01-27 15:00:00,995.3080052068999
01-27 16:00:00,1127.6784593272707
01-27 17:00:00,1132.3890135614563
01-27 18:00:00,1401.860463079129
01-27 19:00:00,1259.290423004997
01-27 20:00:00,1260.5294216698717
01-27 21:00:00,915.1762229053186
01-27 22:00:00,718.2256187194819
01-27 23:00:00,667.8041945524667
01-28 00:00:00,628.2699829738698
01-28 01:00:00,518.670699823135
01-28 02:00:00,410.5708961321049
01-28 03:00:00,335.3375361184377
01-28 04:00:00,197.3758499043499
01-28 05:00:00,160.50321880790656
01-28 06:00:00,140.21135941457345
01-28 07:00:00,137.46643492502884
01-28 08:00:00,148.79651162821375
01-28 09:00:00,289.6396448677624
01-28 10:00:00,340.52789610833867
01-28 11:00:00,680.7871427110063
01-28 12:00:00,564.9981460963052
01-28 13:00:00,722.4184920846485
01-28 14:00:00,621.9412039982626
01-28 15:00:00,680.6467827037831
01-28 16:00:00,773.684772125886
01-28 17:00:00,909.1281806081121
01-28 18:00:00,1269.9464185614245
01-28 19:00:00,1370.5610986886416
01-28 20:00:00,1236.2676265676846
01-28 21:00:00,1074.8729170932138
01-28 22:00:00,980.3087497121193
01-28 23:00:00,893.9757699747872
01-29 00:00:00,679.8417199207993
01-29 01:00:00,420.9993907456999
01-29 02:00:00,334.2435283124726
01-29 03:00:00,260.408315393573
01-29 04:00:00,197.73997961672939
01-29 05:00:00,152.3100433582748
01-29 06:00:00,184.1799911661707
01-29 07:00:00,510.8808255693929
01-29 08:00:00,873.4830650382381
01-29 09:00:00,897.9896241560266
01-29 10:00:00,906.8244189826192
01-29 11:00:00,832.5622868743967
01-29 12:00:00,698.8664482443706
01-29 13:00:00,715.9827681510851
01-29 14:00:00,939.9340535114873
01-29 15:00:00,920.9277729249092
01-29 16:00:00,819.7083620584514
01-29 17:00:00,855.2313366814446
01-29 18:00:00,1205.7617788394375
01-29 19:00:00,1773.9029328338595
01-29 20:00:00,1877.3264904966288
01-29 21:00:00,1772.1389146118227
01-29 22:00:00,1417.632340682257
01-29 23:00:00,1193.017622348789
01-30 00:00:00,958.6813655110392
01-30 01:00:00,620.9839386939733
01-30 02:00:00,424.9161307316388
01-30 03:00:00,269.8738308378705
01-30 04:00:00,191.83967055519133
01-30 05:00:00,125.64139484262483
01-30 06:00:00,155.78137009941344
01-30 07:00:00,396.4104376811773
01-30 08:00:00,712.1873908240207
01-30 09:00:00,767.1562624525824
01-30 10:00:00,970.4554993251926
01-30 11:00:00,761.0894298580816
01-30 12:00:00,876.6666308901846
01-30 13:00:00,908.4487519599118
01-30 14:00:00,1023.963563812851
01-30 15:00:00,815.208163346955
01-30 16:00:00,828.4128818434943
01-30 17:00:00,907.305075704671
01-30 18:00:00,1383.8167197041823
01-30 19:00:00,1877.172427866663
01-30 20:00:00,1930.7521582535794
01-30 21:00:00,1824.5150433285064
01-30 22:00:00,1460.3106398019581
01-30 23:00:00,1202.8886031409954
01-31 00:00:00,890.3003886631203
01-31 01:00:00,601.9497373362906
01-31 02:00:00,450.3083099707052
01-31 03:00:00,288.8195707075591
01-31 04:00:00,252.11836012848667
01-31 05:00:00,226.89374043526348
01-31 06:00:00,218.3062442680194
01-31 07:00:00,472.68135202703826
01-31 08:00:00,811.1223106853664
01-31 09:00:00,974.6470487676388
01-31 10:00:00,965.3315614860259
01-31 11:00:00,774.4947276135933
01-31 12:00:00,740.0218887941858
01-31 13:00:00,813.8103397434741
01-31 14:00:00,905.1923903464659
01-31 15:00:00,894.7595777869561
01-31 16:00:00,891.2902143010914
01-31 17:00:00,912.8262177713293
01-31 18:00:00,1325.5893350733393
01-31 19:00:00,1757.356651012883
01-31 20:00:00,1802.5527160880752
01-31 21:00:00,1653.2491267902392
01-31 22:00:00,1466.552713190747
01-31 23:00:00,1187.123044195127
02-01 00:00:00,895.1104746141636
02-01 01:00:00,628.8543982174368
02-01 02:00:00,454.8426325038133
02-01 03:00:00,249.67783100538662
02-01 04:00:00,168.2038657457884
02-01 05:00:00,130.6000345076637
02-01 06:00:00,140.58453754931048
02-01 07:00:00,372.65826953016796
02-01 08:00:00,719.4796527922321
02-01 09:00:00,831.4681779479644
02-01 10:00:00,818.0340684423587
02-01 11:00:00,756.3336582247221
02-01 12:00:00,907.8676875587346
02-01 13:00:00,873.6397995443009
02-01 14:00:00,883.0716462667497
02-01 15:00:00,751.3922014556236
02-01 16:00:00,832.434751653024
02-01 17:00:00,815.4712549100681
02-01 18:00:00,1278.9951634464683
02-01 19:00:00,1829.4209110686306
02-01 20:00:00,1906.6798233064353
02-01 21:00:00,1804.2335416424432
02-01 22:00:00,1472.0483101205807
02-01 23:00:00,1248.254772460858
02-02 00:00:00,1008.394509115585
02-02 01:00:00,692.3610061196658
02-02 02:00:00,500.48797569610434
02-02 03:00:00,345.3479375942475
02-02 04:00:00,230.13926439726708
02-02 05:00:00,161.95151280041154
02-02 06:00:00,164.10236034828048
02-02 07:00:00,380.64977197046824
02-02 08:00:00,629.0232040657539
02-02 09:00:00,711.4986073050443
02-02 10:00:00,739.3021358304486
02-02 11:00:00,738.803613875828
02-02 12:00:00,741.1041279570659
02-02 13:00:00,807.72287889905
02-02 14:00:00,789.5173812875694
02-02 15:00:00,950.7610807065006
02-02 16:00:00,953.767742499951
02-02 17:00:00,1042.047695016208
02-02 18:00:00,1416.4564218092262
02-02 19:00:00,1810.8424704564163
02-02 20:00:00,1975.6603333876853
02-02 21:00:00,1692.1257168593884
02-02 22:00:00,1384.9182818843665
02-02 23:00:00,1109.0015585925262
02-03 00:00:00,889.1363160534203
02-03 01:00:00,670.1058805347457
02-03 02:00:00,524.0243732578153
02-03 03:00:00,411.7986866538091
02-03 04:00:00,248.0696397979906
02-03 05:00:00,161.05484098884867
02-03 06:00:00,121.82062868009945
02-03 07:00:00,131.75349761213647
02-03 08:00:00,290.7471710636792
02-03 09:00:00,470.45928871803216
02-03 10:00:00,662.7342982893874
02-03 11:00:00,1085.3124945473342
02-03 12:00:00,1279.0592929796508
02-03 13:00:00,992.6971215368827
02-03 14:00:00,941.0624280746088
02-03 15:00:00,995.3080052068999
02-03 16:00:00,1127.6784593272707
02-03 17:00:00,1132.3890135614563
02-03 18:00:00,1401.860463079129
02-03 19:00:00,1259.290423004997
02-03 20:00:00,1260.5294216698717
02-03 21:00:00,915.1762229053186
02-03 22:00:00,718.2256187194819
02-03 23:00:00,667.8041945524667
02-04 00:00:00,628.2699829738698
02-04 01:00:00,518.670699823135
02-04 02:00:00,410.5708961321049
02-04 03:00:00,335.3375361184377
02-04 04:00:00,197.3758499043499
02-04 05:00:00,160.50321880790656
02-04 06:00:00,140.21135941457345
02-04 07:00:00,137.46643492502884
02-04 08:00:00,148.79651162821375
02-04 09:00:00,289.6396448677624
02-04 10:00:00,340.52789610833867
02-04 11:00:00,680.7871427110063
02-04 12:00:00,564.9981460963052
02-04 13:00:00,722.4184920846485
02-04 14:00:00,621.9412039982626
02-04 15:00:00,680.6467827037831
02-04 16:00:00,773.684772125886
02-04 17:00:00,909.1281806081121
02-04 18:00:00,1269.9464185614245
02-04 19:00:00,1370.5610986886416
02-04 20:00:00,1236.2676265676846
02-04 21:00:00,1074.8729170932138
02-04 22:00:00,980.3087497121193
02-04 23:00:00,893.9757699747872
02-05 00:00:00,679.8417199207993
02-05 01:00:00,420.9993907456999
02-05 02:00:00,334.2435283124726
02-05 03:00:00,260.408315393573
02-05 04:00:00,197.73997961672939
02-05 05:00:00,152.3100433582748
02-05 06:00:00,184.1799911661707
02-05 07:00:00,510.8808255693929
02-05 08:00:00,873.4830650382381
02-05 09:00:00,897.9896241560266
02-05 10:00:00,906.8244189826192
02-05 11:00:00,832.5622868743967
02-05 12:00:00,698.8664482443706
02-05 13:00:00,715.9827681510851
02-05 14:00:00,939.9340535114873
02-05 15:00:00,920.9277729249092
02-05 16:00:00,819.7083620584514
02-05 17:00:00,855.2313366814446
02-05 18:00:00,1205.7617788394375
02-05 19:00:00,1773.9029328338595
02-05 20:00:00,1877.3264904966288
02-05 21:00:00,1772.1389146118227
02-05 22:00:00,1417.632340682257
02-05 23:00:00,1193.017622348789
02-06 00:00:00,958.6813655110392
02-06 01:00:00,620.9839386939733
02-06 02:00:00,424.9161307316388
02-06 03:00:00,269.8738308378705
02-06 04:00:00,191.83967055519133
02-06 05:00:00,125.64139484262483
02-06 06:00:00,155.78137009941344
02-06 07:00:00,396.4104376811773
02-06 08:00:00,712.1873908240207
02-06 09:00:00,767.1562624525824
02-06 10:00:00,970.4554993251926
02-06 11:00:00,761.0894298580816
02-06 12:00:00,876.6666308901846
02-06 13:00:00,908.4487519599118
02-06 14:00:00,1023.963563812851
02-06 15:00:00,815.208163346955
02-06 16:00:00,828.4128818434943
02-06 17:00:00,907.305075704671
02-06 18:00:00,1383.8167197041823
02-06 19:00:00,1877.172427866663
02-06 20:00:00,1930.7521582535794
02-06 21:00:00,1824.5150433285064
02-06 22:00:00,1460.3106398019581
02-06 23:00:00,1202.8886031409954
02-07 00:00:00,890.3003886631203
02-07 01:00:00,601.9497373362906
02-07 02:00:00,450.3083099707052
02-07 03:00:00,288.8195707075591
02-07 04:00:00,252.11836012848667
02-07 05:00:00,226.89374043526348
02-07 06:00:00,218.3062442680194
02-07 07:00:00,472.68135202703826
02-07 08:00:00,811.1223106853664
02-07 09:00:00,974.6470487676388
02-07 10:00:00,965.3315614860259
02-07 11:00:00,774.4947276135933
02-07 12:00:00,740.0218887941858
02-07 13:00:00,813.8103397434741
02-07 14:00:00,905.1923903464659
02-07 15:00:00,894.7595777869561
02-07 16:00:00,891.2902143010914
02-07 17:00:00,912.8262177713293
02-07 18:00:00,1325.5893350733393
02-07 19:00:00,1757.356651012883
02-07 20:00:00,1802.5527160880752
02-07 21:00:00,1653.2491267902392
02-07 22:00:00,1466.552713190747
02-07 23:00:00,1187.123044195127
02-08 00:00:00,895.1104746141636
02-08 01:00:00,628.8543982174368
02-08 02:00:00,454.8426325038133
02-08 03:00:00,249.67783100538662
02-08 04:00:00,168.2038657457884
02-08 05:00:00,130.6000345076637
02-08 06:00:00,140.58453754931048
02-08 07:00:00,372.65826953016796
02-08 08:00:00,719.4796527922321
02-08 09:00:00,831.4681779479644
02-08 10:00:00,818.0340684423587
02-08 11:00:00,756.3336582247221
02-08 12:00:00,907.8676875587346
02-08 13:00:00,873.6397995443009
02-08 14:00:00,883.0716462667497
02-08 15:00:00,751.3922014556236
02-08 16:00:00,832.434751653024
02-08 17:00:00,815.4712549100681
02-08 18:00:00,1278.9951634464683
02-08 19:00:00,1829.4209110686306
02-08 20:00:00,1906.6798233064353
02-08 21:00:00,1804.2335416424432
02-08 22:00:00,1472.0483101205807
02-08 23:00:00,1248.254772460858
02-09 00:00:00,1008.394509115585
02-09 01:00:00,692.3610061196658
02-09 02:00:00,500.48797569610434
02-09 03:00:00,345.3479375942475
02-09 04:00:00,230.13926439726708
02-09 05:00:00,161.95151280041154
02-09 06:00:00,164.10236034828048
02-09 07:00:00,380.64977197046824
02-09 08:00:00,629.0232040657539
02-09 09:00:00,711.4986073050443
02-09 10:00:00,739.3021358304486
02-09 11:00:00,738.803613875828
02-09 12:00:00,741.1041279570659
02-09 13:00:00,807.72287889905
02-09 14:00:00,789.5173812875694
02-09 15:00:00,950.7610807065006
02-09 16:00:00,953.767742499951
02-09 17:00:00,1042.047695016208
02-09 18:00:00,1416.4564218092262
02-09 19:00:00,1810.8424704564163
02-09 20:00:00,1975.6603333876853
02-09 21:00:00,1692.1257168593884
02-09 22:00:00,1384.9182818843665
02-09 23:00:00,1109.0015585925262
02-10 00:00:00,889.1363160534203
02-10 01:00:00,670.1058805347457
02-10 02:00:00,524.0243732578153
02-10 03:00:00,411.7986866538091
02-10 04:00:00,248.0696397979906
02-10 05:00:00,161.05484098884867
02-10 06:00:00,121.82062868009945
02-10 07:00:00,131.75349761213647
02-10 08:00:00,290.7471710636792
02-10 09:00:00,470.45928871803216
02-10 10:00:00,662.7342982893874
02-10 11:00:00,1085.3124945473342
02-10 12:00:00,1279.0592929796508
02-10 13:00:00,992.6971215368827
02-10 14:00:00,941.0624280746088
02-10 15:00:00,995.3080052068999
02-10 16:00:00,1127.6784593272707
02-10 17:00:00,1132.3890135614563
02-10 18:00:00,1401.860463079129
02-10 19:00:00,1259.290423004997
02-10 20:00:00,1260.5294216698717
02-10 21:00:00,915.1762229053186
02-10 22:00:00,718.2256187194819
02-10 23:00:00,667.8041945524667
02-11 00:00:00,628.2699829738698
02-11 01:00:00,518.670699823135
02-11 02:00:00,410.5708961321049
02-11 03:00:00,335.3375361184377
02-11 04:00:00,197.3758499043499
02-11 05:00:00,160.50321880790656
02-11 06:00:00,140.21135941457345
02-11 07:00:00,137.46643492502884
02-11 08:00:00,148.79651162821375
02-11 09:00:00,289.6396448677624
02-11 10:00:00,340.52789610833867
02-11 11:00:00,680.7871427110063
02-11 12:00:00,564.9981460963052
02-11 13:00:00,722.4184920846485
02-11 14:00:00,621.9412039982626
02-11 15:00:00,680.6467827037831
02-11 16:00:00,773.684772125886
02-11 17:00:00,909.1281806081121
02-11 18:00:00,1269.9464185614245
02-11 19:00:00,1370.5610986886416
02-11 20:00:00,1236.2676265676846
02-11 21:00:00,1074.8729170932138
02-11 22:00:00,980.3087497121193
02-11 23:00:00,893.9757699747872
02-12 00:00:00,679.8417199207993
02-12 01:00:00,420.9993907456999
02-12 02:00:00,334.2435283124726
02-12 03:00:00,260.408315393573
02-12 04:00:00,197.73997961672939
02-12 05:00:00,152.3100433582748
02-12 06:00:00,184.1799911661707
02-12 07:00:00,510.8808255693929
02-12 08:00:00,873.4830650382381
02-12 09:00:00,897.9896241560266
02-12 10:00:00,906.8244189826192
02-12 11:00:00,832.5622868743967
02-12 12:00:00,698.8664482443706
02-12 13:00:00,715.9827681510851
02-12 14:00:00,939.9340535114873
02-12 15:00:00,920.9277729249092
02-12 16:00:00,819.7083620584514
02-12 17:00:00,855.2313366814446
02-12 18:00:00,1205.7617788394375
02-12 19:00:00,1773.9029328338595
02-12 20:00:00,1877.3264904966288
02-12 21:00:00,1772.1389146118227
02-12 22:00:00,1417.632340682257
02-12 23:00:00,1193.017622348789
02-13 00:00:00,958.6813655110392
02-13 01:00:00,620.9839386939733
02-13 02:00:00,424.9161307316388
02-13 03:00:00,269.8738308378705
02-13 04:00:00,191.83967055519133
02-13 05:00:00,125.64139484262483
02-13 06:00:00,155.78137009941344
02-13 07:00:00,396.4104376811773
02-13 08:00:00,712.1873908240207
02-13 09:00:00,767.1562624525824
02-13 10:00:00,970.4554993251926
02-13 11:00:00,761.0894298580816
02-13 12:00:00,876.6666308901846
02-13 13:00:00,908.4487519599118
02-13 14:00:00,1023.963563812851
02-13 15:00:00,815.208163346955
02-13 16:00:00,828.4128818434943
02-13 17:00:00,907.305075704671
02-13 18:00:00,1383.8167197041823
02-13 19:00:00,1877.172427866663
02-13 20:00:00,1930.7521582535794
02-13 21:00:00,1824.5150433285064
02-13 22:00:00,1460.3106398019581
02-13 23:00:00,1202.8886031409954
02-14 00:00:00,890.3003886631203
02-14 01:00:00,601.9497373362906
02-14 02:00:00,450.3083099707052
02-14 03:00:00,288.8195707075591
02-14 04:00:00,252.11836012848667
02-14 05:00:00,226.89374043526348
02-14 06:00:00,218.3062442680194
02-14 07:00:00,472.68135202703826
02-14 08:00:00,811.1223106853664
02-14 09:00:00,974.6470487676388
02-14 10:00:00,965.3315614860259
02-14 11:00:00,774.4947276135933
02-14 12:00:00,740.0218887941858
02-14 13:00:00,813.8103397434741
02-14 14:00:00,905.1923903464659
02-14 15:00:00,894.7595777869561
02-14 16:00:00,891.2902143010914
02-14 17:00:00,912.8262177713293
02-14 18:00:00,1325.5893350733393
02-14 19:00:00,1757.356651012883
02-14 20:00:00,1802.5527160880752
02-14 21:00:00,1653.2491267902392
02-14 22:00:00,1466.552713190747
02-14 23:00:00,1187.123044195127
02-15 00:00:00,895.1104746141636
02-15 01:00:00,628.8543982174368
02-15 02:00:00,454.8426325038133
02-15 03:00:00,249.67783100538662
02-15 04:00:00,168.2038657457884
02-15 05:00:00,130.6000345076637
02-15 06:00:00,140.58453754931048
02-15 07:00:00,372.65826953016796
02-15 08:00:00,719.4796527922321
02-15 09:00:00,831.4681779479644
02-15 10:00:00,818.0340684423587
02-15 11:00:00,756.3336582247221
02-15 12:00:00,907.8676875587346
02-15 13:00:00,873.6397995443009
02-15 14:00:00,883.0716462667497
02-15 15:00:00,751.3922014556236
02-15 16:00:00,832.434751653024
02-15 17:00:00,815.4712549100681
02-15 18:00:00,1278.9951634464683
02-15 19:00:00,1829.4209110686306
02-15 20:00:00,1906.6798233064353
02-15 21:00:00,1804.2335416424432
02-15 22:00:00,1472.0483101205807
02-15 23:00:00,1248.254772460858
02-16 00:00:00,1008.394509115585
02-16 01:00:00,692.3610061196658
02-16 02:00:00,500.48797569610434
02-16 03:00:00,345.3479375942475
02-16 04:00:00,230.13926439726708
02-16 05:00:00,161.95151280041154
02-16 06:00:00,164.10236034828048
02-16 07:00:00,380.64977197046824
02-16 08:00:00,629.0232040657539
02-16 09:00:00,711.4986073050443
02-16 10:00:00,739.3021358304486
02-16 11:00:00,738.803613875828
02-16 12:00:00,741.1041279570659
02-16 13:00:00,807.72287889905
02-16 14:00:00,789.5173812875694
02-16 15:00:00,950.7610807065006
02-16 16:00:00,953.767742499951
02-16 17:00:00,1042.047695016208
02-16 18:00:00,1416.4564218092262
02-16 19:00:00,1810.8424704564163
02-16 20:00:00,1975.6603333876853
02-16 21:00:00,1692.1257168593884
02-16 22:00:00,1384.9182818843665
02-16 23:00:00,1109.0015585925262
02-17 00:00:00,889.1363160534203
02-17 01:00:00,670.1058805347457
02-17 02:00:00,524.0243732578153
02-17 03:00:00,411.7986866538091
02-17 04:00:00,248.0696397979906
02-17 05:00:00,161.05484098884867
02-17 06:00:00,121.82062868009945
02-17 07:00:00,131.75349761213647
02-17 08:00:00,290.7471710636792
02-17 09:00:00,470.45928871803216
02-17 10:00:00,662.7342982893874
02-17 11:00:00,1085.3124945473342
02-17 12:00:00,1279.0592929796508
02-17 13:00:00,992.6971215368827
02-17 14:00:00,941.0624280746088
02-17 15:00:00,995.3080052068999
02-17 16:00:00,1127.6784593272707
02-17 17:00:00,1132.3890135614563
02-17 18:00:00,1401.860463079129
02-17 19:00:00,1259.290423004997
02-17 20:00:00,1260.5294216698717
02-17 21:00:00,915.1762229053186
02-17 22:00:00,718.2256187194819
02-17 23:00:00,667.8041945524667
02-18 00:00:00,628.2699829738698
02-18 01:00:00,518.670699823135
02-18 02:00:00,410.5708961321049
02-18 03:00:00,335.3375361184377
02-18 04:00:00,197.3758499043499
02-18 05:00:00,160.50321880790656
02-18 06:00:00,140.21135941457345
02-18 07:00:00,137.46643492502884
02-18 08:00:00,148.79651162821375
02-18 09:00:00,289.6396448677624
02-18 10:00:00,340.52789610833867
02-18 11:00:00,680.7871427110063
02-18 12:00:00,564.9981460963052
02-18 13:00:00,722.4184920846485
02-18 14:00:00,621.9412039982626
02-18 15:00:00,680.6467827037831
02-18 16:00:00,773.684772125886
02-18 17:00:00,909.1281806081121
02-18 18:00:00,1269.9464185614245
02-18 19:00:00,1370.5610986886416
02-18 20:00:00,1236.2676265676846
02-18 21:00:00,1074.8729170932138
02-18 22:00:00,980.3087497121193
02-18 23:00:00,893.9757699747872
02-19 00:00:00,679.8417199207993
02-19 01:00:00,420.9993907456999
02-19 02:00:00,334.2435283124726
02-19 03:00:00,260.408315393573
02-19 04:00:00,197.73997961672939
02-19 05:00:00,152.3100433582748
02-19 06:00:00,184.1799911661707
02-19 07:00:00,510.8808255693929
02-19 08:00:00,873.4830650382381
02-19 09:00:00,897.9896241560266
02-19 10:00:00,906.8244189826192
02-19 11:00:00,832.5622868743967
02-19 12:00:00,698.8664482443706
02-19 13:00:00,715.9827681510851
02-19 14:00:00,939.9340535114873
02-19 15:00:00,920.9277729249092
02-19 16:00:00,819.7083620584514
02-19 17:00:00,855.2313366814446
02-19 18:00:00,1205.7617788394375
02-19 19:00:00,1773.9029328338595
02-19 20:00:00,1877.3264904966288
02-19 21:00:00,1772.1389146118227
02-19 22:00:00,1417.632340682257
02-19 23:00:00,1193.017622348789
02-20 00:00:00,958.6813655110392
02-20 01:00:00,620.9839386939733
02-20 02:00:00,424.9161307316388
02-20 03:00:00,269.8738308378705
02-20 04:00:00,191.83967055519133
02-20 05:00:00,125.64139484262483
02-20 06:00:00,155.78137009941344
02-20 07:00:00,396.4104376811773
02-20 08:00:00,712.1873908240207
02-20 09:00:00,767.1562624525824
02-20 10:00:00,970.4554993251926
02-20 11:00:00,761.0894298580816
02-20 12:00:00,876.6666308901846
02-20 13:00:00,908.4487519599118
02-20 14:00:00,1023.963563812851
02-20 15:00:00,815.208163346955
02-20 16:00:00,828.4128818434943
02-20 17:00:00,907.305075704671
02-20 18:00:00,1383.8167197041823
02-20 19:00:00,1877.172427866663
02-20 20:00:00,1930.7521582535794
02-20 21:00:00,1824.5150433285064
02-20 22:00:00,1460.3106398019581
02-20 23:00:00,1202.8886031409954
02-21 00:00:00,890.3003886631203
02-21 01:00:00,601.9497373362906
02-21 02:00:00,450.3083099707052
02-21 03:00:00,288.8195707075591
02-21 04:00:00,252.11836012848667
02-21 05:00:00,226.89374043526348
02-21 06:00:00,218.3062442680194
02-21 07:00:00,472.68135202703826
02-21 08:00:00,811.1223106853664
02-21 09:00:00,974.6470487676388
02-21 10:00:00,965.3315614860259
02-21 11:00:00,774.4947276135933
02-21 12:00:00,740.0218887941858
02-21 13:00:00,813.8103397434741
02-21 14:00:00,905.1923903464659
02-21 15:00:00,894.7595777869561
02-21 16:00:00,891.2902143010914
02-21 17:00:00,912.8262177713293
02-21 18:00:00,1325.5893350733393
02-21 19:00:00,1757.356651012883
02-21 20:00:00,1802.5527160880752
02-21 21:00:00,1653.2491267902392
02-21 22:00:00,1466.552713190747
02-21 23:00:00,1187.123044195127
02-22 00:00:00,895.1104746141636
02-22 01:00:00,628.8543982174368
02-22 02:00:00,454.8426325038133
02-22 03:00:00,249.67783100538662
02-22 04:00:00,168.2038657457884
02-22 05:00:00,130.6000345076637
02-22 06:00:00,140.58453754931048
02-22 07:00:00,372.65826953016796
02-22 08:00:00,719.4796527922321
02-22 09:00:00,831.4681779479644
02-22 10:00:00,818.0340684423587
02-22 11:00:00,756.3336582247221
02-22 12:00:00,907.8676875587346
02-22 13:00:00,873.6397995443009
02-22 14:00:00,883.0716462667497
02-22 15:00:00,751.3922014556236
02-22 16:00:00,832.434751653024
02-22 17:00:00,815.4712549100681
02-22 18:00:00,1278.9951634464683
02-22 19:00:00,1829.4209110686306
02-22 20:00:00,1906.6798233064353
02-22 21:00:00,1804.2335416424432
02-22 22:00:00,1472.0483101205807
02-22 23:00:00,1248.254772460858
02-23 00:00:00,1008.394509115585
02-23 01:00:00,692.3610061196658
02-23 02:00:00,500.48797569610434
02-23 03:00:00,345.3479375942475
02-23 04:00:00,230.13926439726708
02-23 05:00:00,161.95151280041154
02-23 06:00:00,164.10236034828048
02-23 07:00:00,380.64977197046824
02-23 08:00:00,629.0232040657539
02-23 09:00:00,711.4986073050443
02-23 10:00:00,739.3021358304486
02-23 11:00:00,738.803613875828
02-23 12:00:00,741.1041279570659
02-23 13:00:00,807.72287889905
02-23 14:00:00,789.5173812875694
02-23 15:00:00,950.7610807065006
02-23 16:00:00,953.767742499951
02-23 17:00:00,1042.047695016208
02-23 18:00:00,1416.4564218092262
02-23 19:00:00,1810.8424704564163
02-23 20:00:00,1975.6603333876853
02-23 21:00:00,1692.1257168593884
02-23 22:00:00,1384.9182818843665
02-23 23:00:00,1109.0015585925262
02-24 00:00:00,889.1363160534203
02-24 01:00:00,670.1058805347457
02-24 02:00:00,524.0243732578153
02-24 03:00:00,411.7986866538091
02-24 04:00:00,248.0696397979906
02-24 05:00:00,161.05484098884867
02-24 06:00:00,121.82062868009945
02-24 07:00:00,131.75349761213647
02-24 08:00:00,290.7471710636792
02-24 09:00:00,470.45928871803216
02-24 10:00:00,662.7342982893874
02-24 11:00:00,1085.3124945473342
02-24 12:00:00,1279.0592929796508
02-24 13:00:00,992.6971215368827
02-24 14:00:00,941.0624280746088
02-24 15:00:00,995.3080052068999
02-24 16:00:00,1127.6784593272707
02-24 17:00:00,1132.3890135614563
02-24 18:00:00,1401.860463079129
02-24 19:00:00,1259.290423004997
02-24 20:00:00,1260.5294216698717
02-24 21:00:00,915.1762229053186
02-24 22:00:00,718.2256187194819
02-24 23:00:00,667.8041945524667
02-25 00:00:00,628.2699829738698
02-25 01:00:00,518.670699823135
02-25 02:00:00,410.5708961321049
02-25 03:00:00,335.3375361184377
02-25 04:00:00,197.3758499043499
02-25 05:00:00,160.50321880790656
02-25 06:00:00,140.21135941457345
02-25 07:00:00,137.46643492502884
02-25 08:00:00,148.79651162821375
02-25 09:00:00,289.6396448677624
02-25 10:00:00,340.52789610833867
02-25 11:00:00,680.7871427110063
02-25 12:00:00,564.9981460963052
02-25 13:00:00,722.4184920846485
02-25 14:00:00,621.9412039982626
02-25 15:00:00,680.6467827037831
02-25 16:00:00,773.684772125886
02-25 17:00:00,909.1281806081121
02-25 18:00:00,1269.9464185614245
02-25 19:00:00,1370.5610986886416
02-25 20:00:00,1236.2676265676846
02-25 21:00:00,1074.8729170932138
02-25 22:00:00,980.3087497121193
02-25 23:00:00,893.9757699747872
02-26 00:00:00,679.8417199207993
02-26 01:00:00,420.9993907456999
02-26 02:00:00,334.2435283124726
02-26 03:00:00,260.408315393573
02-26 04:00:00,197.73997961672939
02-26 05:00:00,152.3100433582748
02-26 06:00:00,184.1799911661707
02-26 07:00:00,510.8808255693929
02-26 08:00:00,873.4830650382381
02-26 09:00:00,897.9896241560266
02-26 10:00:00,906.8244189826192
02-26 11:00:00,832.5622868743967
02-26 12:00:00,698.8664482443706
02-26 13:00:00,715.9827681510851
02-26 14:00:00,939.9340535114873
02-26 15:00:00,920.9277729249092
02-26 16:00:00,819.7083620584514
02-26 17:00:00,855.2313366814446
02-26 18:00:00,1205.7617788394375
02-26 19:00:00,1773.9029328338595
02-26 20:00:00,1877.3264904966288
02-26 21:00:00,1772.1389146118227
02-26 22:00:00,1417.632340682257
02-26 23:00:00,1193.017622348789
02-27 00:00:00,958.6813655110392
02-27 01:00:00,620.9839386939733
02-27 02:00:00,424.9161307316388
02-27 03:00:00,269.8738308378705
02-27 04:00:00,191.83967055519133
02-27 05:00:00,125.64139484262483
02-27 06:00:00,155.78137009941344
02-27 07:00:00,396.4104376811773
02-27 08:00:00,712.1873908240207
02-27 09:00:00,767.1562624525824
02-27 10:00:00,970.4554993251926
02-27 11:00:00,761.0894298580816
02-27 12:00:00,876.6666308901846
02-27 13:00:00,908.4487519599118
02-27 14:00:00,1023.963563812851
02-27 15:00:00,815.208163346955
02-27 16:00:00,828.4128818434943
02-27 17:00:00,907.305075704671
02-27 18:00:00,1383.8167197041823
02-27 19:00:00,1877.172427866663
02-27 20:00:00,1930.7521582535794
02-27 21:00:00,1824.5150433285064
02-27 22:00:00,1460.3106398019581
02-27 23:00:00,1202.8886031409954
02-28 00:00:00,890.3003886631203
02-28 01:00:00,601.9497373362906
02-28 02:00:00,450.3083099707052
02-28 03:00:00,288.8195707075591
02-28 04:00:00,252.11836012848667
02-28 05:00:00,226.89374043526348
02-28 06:00:00,218.3062442680194
02-28 07:00:00,472.68135202703826
02-28 08:00:00,811.1223106853664
02-28 09:00:00,974.6470487676388
02-28 10:00:00,965.3315614860259
02-28 11:00:00,774.4947276135933
02-28 12:00:00,740.0218887941858
02-28 13:00:00,813.8103397434741
02-28 14:00:00,905.1923903464659
02-28 15:00:00,894.7595777869561
02-28 16:00:00,891.2902143010914
02-28 17:00:00,912.8262177713293
02-28 18:00:00,1325.5893350733393
02-28 19:00:00,1757.356651012883
02-28 20:00:00,1802.5527160880752
02-28 21:00:00,1653.2491267902392
02-28 22:00:00,1466.552713190747
02-28 23:00:00,1187.123044195127
03-01 00:00:00,895.1104746141636
03-01 01:00:00,628.8543982174368
03-01 02:00:00,454.8426325038133
03-01 03:00:00,249.67783100538662
03-01 04:00:00,168.2038657457884
03-01 05:00:00,130.6000345076637
03-01 06:00:00,140.58453754931048
03-01 07:00:00,372.65826953016796
03-01 08:00:00,719.4796527922321
03-01 09:00:00,831.4681779479644
03-01 10:00:00,818.0340684423587
03-01 11:00:00,756.3336582247221
03-01 12:00:00,907.8676875587346
03-01 13:00:00,873.6397995443009
03-01 14:00:00,883.0716462667497
03-01 15:00:00,751.3922014556236
03-01 16:00:00,832.434751653024
03-01 17:00:00,815.4712549100681
03-01 18:00:00,1278.9951634464683
03-01 19:00:00,1829.4209110686306
03-01 20:00:00,1906.6798233064353
03-01 21:00:00,1804.2335416424432
03-01 22:00:00,1472.0483101205807
03-01 23:00:00,1248.254772460858
03-02 00:00:00,1008.394509115585
03-02 01:00:00,692.3610061196658
03-02 02:00:00,500.48797569610434
03-02 03:00:00,345.3479375942475
03-02 04:00:00,230.13926439726708
03-02 05:00:00,161.95151280041154
03-02 06:00:00,164.10236034828048
03-02 07:00:00,380.64977197046824
03-02 08:00:00,629.0232040657539
03-02 09:00:00,711.4986073050443
03-02 10:00:00,739.3021358304486
03-02 11:00:00,738.803613875828
03-02 12:00:00,741.1041279570659
03-02 13:00:00,807.72287889905
03-02 14:00:00,789.5173812875694
03-02 15:00:00,950.7610807065006
03-02 16:00:00,953.767742499951
03-02 17:00:00,1042.047695016208
03-02 18:00:00,1416.4564218092262
03-02 19:00:00,1810.8424704564163
03-02 20:00:00,1975.6603333876853
03-02 21:00:00,1692.1257168593884
03-02 22:00:00,1384.9182818843665
03-02 23:00:00,1109.0015585925262
03-03 00:00:00,889.1363160534203
03-03 01:00:00,670.1058805347457
03-03 02:00:00,524.0243732578153
03-03 03:00:00,411.7986866538091
03-03 04:00:00,248.0696397979906
03-03 05:00:00,161.05484098884867
03-03 06:00:00,121.82062868009945
03-03 07:00:00,131.75349761213647
03-03 08:00:00,290.7471710636792
03-03 09:00:00,470.45928871803216
03-03 10:00:00,662.7342982893874
03-03 11:00:00,1085.3124945473342
03-03 12:00:00,1279.0592929796508
03-03 13:00:00,992.6971215368827
03-03 14:00:00,941.0624280746088
03-03 15:00:00,995.3080052068999
03-03 16:00:00,1127.6784593272707
03-03 17:00:00,1132.3890135614563
03-03 18:00:00,1401.860463079129
03-03 19:00:00,1259.290423004997
03-03 20:00:00,1260.5294216698717
03-03 21:00:00,915.1762229053186
03-03 22:00:00,718.2256187194819
03-03 23:00:00,667.8041945524667
03-04 00:00:00,628.2699829738698
03-04 01:00:00,518.670699823135
03-04 02:00:00,410.5708961321049
03-04 03:00:00,335.3375361184377
03-04 04:00:00,197.3758499043499
03-04 05:00:00,160.50321880790656
03-04 06:00:00,140.21135941457345
03-04 07:00:00,137.46643492502884
03-04 08:00:00,148.79651162821375
03-04 09:00:00,289.6396448677624
03-04 10:00:00,340.52789610833867
03-04 11:00:00,680.7871427110063
03-04 12:00:00,564.9981460963052
03-04 13:00:00,722.4184920846485
03-04 14:00:00,621.9412039982626
03-04 15:00:00,680.6467827037831
03-04 16:00:00,773.684772125886
03-04 17:00:00,909.1281806081121
03-04 18:00:00,1269.9464185614245
03-04 19:00:00,1370.5610986886416
03-04 20:00:00,1236.2676265676846
03-04 21:00:00,1074.8729170932138
03-04 22:00:00,980.3087497121193
03-04 23:00:00,893.9757699747872
03-05 00:00:00,679.8417199207993
03-05 01:00:00,420.9993907456999
03-05 02:00:00,334.2435283124726
03-05 03:00:00,260.408315393573
03-05 04:00:00,197.73997961672939
03-05 05:00:00,152.3100433582748
03-05 06:00:00,184.1799911661707
03-05 07:00:00,510.8808255693929
03-05 08:00:00,873.4830650382381
03-05 09:00:00,897.9896241560266
03-05 10:00:00,906.8244189826192
03-05 11:00:00,832.5622868743967
03-05 12:00:00,698.8664482443706
03-05 13:00:00,715.9827681510851
03-05 14:00:00,939.9340535114873
03-05 15:00:00,920.9277729249092
03-05 16:00:00,819.7083620584514
03-05 17:00:00,855.2313366814446
03-05 18:00:00,1205.7617788394375
03-05 19:00:00,1773.9029328338595
03-05 20:00:00,1877.3264904966288
03-05 21:00:00,1772.1389146118227
03-05 22:00:00,1417.632340682257
03-05 23:00:00,1193.017622348789
03-06 00:00:00,958.6813655110392
03-06 01:00:00,620.9839386939733
03-06 02:00:00,424.9161307316388
03-06 03:00:00,269.8738308378705
03-06 04:00:00,191.83967055519133
03-06 05:00:00,125.64139484262483
03-06 06:00:00,155.78137009941344
03-06 07:00:00,396.4104376811773
03-06 08:00:00,712.1873908240207
03-06 09:00:00,767.1562624525824
03-06 10:00:00,970.4554993251926
03-06 11:00:00,761.0894298580816
03-06 12:00:00,876.6666308901846
03-06 13:00:00,908.4487519599118
03-06 14:00:00,1023.963563812851
03-06 15:00:00,815.208163346955
03-06 16:00:00,828.4128818434943
03-06 17:00:00,907.305075704671
03-06 18:00:00,1383.8167197041823
03-06 19:00:00,1877.172427866663
03-06 20:00:00,1930.7521582535794
03-06 21:00:00,1824.5150433285064
03-06 22:00:00,1460.3106398019581
03-06 23:00:00,1202.8886031409954
03-07 00:00:00,890.3003886631203
03-07 01:00:00,601.9497373362906
03-07 02:00:00,450.3083099707052
03-07 03:00:00,288.8195707075591
03-07 04:00:00,252.11836012848667
03-07 05:00:00,226.89374043526348
03-07 06:00:00,218.3062442680194
03-07 07:00:00,472.68135202703826
03-07 08:00:00,811.1223106853664
03-07 09:00:00,974.6470487676388
03-07 10:00:00,965.3315614860259
03-07 11:00:00,774.4947276135933
03-07 12:00:00,740.0218887941858
03-07 13:00:00,813.8103397434741
03-07 14:00:00,905.1923903464659
03-07 15:00:00,894.7595777869561
03-07 16:00:00,891.2902143010914
03-07 17:00:00,912.8262177713293
03-07 18:00:00,1325.5893350733393
03-07 19:00:00,1757.356651012883
03-07 20:00:00,1802.5527160880752
03-07 21:00:00,1653.2491267902392
03-07 22:00:00,1466.552713190747
03-07 23:00:00,1187.123044195127
03-08 00:00:00,895.1104746141636
03-08 01:00:00,628.8543982174368
03-08 02:00:00,454.8426325038133
03-08 03:00:00,249.67783100538662
03-08 04:00:00,168.2038657457884
03-08 05:00:00,130.6000345076637
03-08 06:00:00,140.58453754931048
03-08 07:00:00,372.65826953016796
03-08 08:00:00,719.4796527922321
03-08 09:00:00,831.4681779479644
03-08 10:00:00,818.0340684423587
03-08 11:00:00,756.3336582247221
03-08 12:00:00,907.8676875587346
03-08 13:00:00,873.6397995443009
03-08 14:00:00,883.0716462667497
03-08 15:00:00,751.3922014556236
03-08 16:00:00,832.434751653024
03-08 17:00:00,815.4712549100681
03-08 18:00:00,1278.9951634464683
03-08 19:00:00,1829.4209110686306
03-08 20:00:00,1906.6798233064353
03-08 21:00:00,1804.2335416424432
03-08 22:00:00,1472.0483101205807
03-08 23:00:00,1248.254772460858
03-09 00:00:00,1008.394509115585
03-09 01:00:00,692.3610061196658
03-09 02:00:00,500.48797569610434
03-09 03:00:00,345.3479375942475
03-09 04:00:00,230.13926439726708
03-09 05:00:00,161.95151280041154
03-09 06:00:00,164.10236034828048
03-09 07:00:00,380.64977197046824
03-09 08:00:00,629.0232040657539
03-09 09:00:00,711.4986073050443
03-09 10:00:00,739.3021358304486
03-09 11:00:00,738.803613875828
03-09 12:00:00,741.1041279570659
03-09 13:00:00,807.72287889905
03-09 14:00:00,789.5173812875694
03-09 15:00:00,950.7610807065006
03-09 16:00:00,953.767742499951
03-09 17:00:00,1042.047695016208
03-09 18:00:00,1416.4564218092262
03-09 19:00:00,1810.8424704564163
03-09 20:00:00,1975.6603333876853
03-09 21:00:00,1692.1257168593884
03-09 22:00:00,1384.9182818843665
03-09 23:00:00,1109.0015585925262
03-10 00:00:00,889.1363160534203
03-10 01:00:00,670.1058805347457
03-10 02:00:00,524.0243732578153
03-10 03:00:00,411.7986866538091
03-10 04:00:00,248.0696397979906
03-10 05:00:00,161.05484098884867
03-10 06:00:00,121.82062868009945
03-10 07:00:00,131.75349761213647
03-10 08:00:00,290.7471710636792
03-10 09:00:00,470.45928871803216
03-10 10:00:00,662.7342982893874
03-10 11:00:00,1085.3124945473342
03-10 12:00:00,1279.0592929796508
03-10 13:00:00,992.6971215368827
03-10 14:00:00,941.0624280746088
03-10 15:00:00,995.3080052068999
03-10 16:00:00,1127.6784593272707
03-10 17:00:00,1132.3890135614563
03-10 18:00:00,1401.860463079129
03-10 19:00:00,1259.290423004997
03-10 20:00:00,1260.5294216698717
03-10 21:00:00,915.1762229053186
03-10 22:00:00,718.2256187194819
03-10 23:00:00,667.8041945524667
03-11 00:00:00,628.2699829738698
03-11 01:00:00,518.670699823135
03-11 02:00:00,410.5708961321049
03-11 03:00:00,335.3375361184377
03-11 04:00:00,197.3758499043499
03-11 05:00:00,160.50321880790656
03-11 06:00:00,140.21135941457345
03-11 07:00:00,137.46643492502884
03-11 08:00:00,148.79651162821375
03-11 09:00:00,289.6396448677624
03-11 10:00:00,340.52789610833867
03-11 11:00:00,680.7871427110063
03-11 12:00:00,564.9981460963052
03-11 13:00:00,722.4184920846485
03-11 14:00:00,621.9412039982626
03-11 15:00:00,680.6467827037831
03-11 16:00:00,773.684772125886
03-11 17:00:00,909.1281806081121
03-11 18:00:00,1269.9464185614245
03-11 19:00:00,1370.5610986886416
03-11 20:00:00,1236.2676265676846
03-11 21:00:00,1074.8729170932138
03-11 22:00:00,980.3087497121193
03-11 23:00:00,893.9757699747872
03-12 00:00:00,679.8417199207993
03-12 01:00:00,420.9993907456999
03-12 02:00:00,334.2435283124726
03-12 03:00:00,260.408315393573
03-12 04:00:00,197.73997961672939
03-12 05:00:00,152.3100433582748
03-12 06:00:00,184.1799911661707
03-12 07:00:00,510.8808255693929
03-12 08:00:00,873.4830650382381
03-12 09:00:00,897.9896241560266
03-12 10:00:00,906.8244189826192
03-12 11:00:00,832.5622868743967
03-12 12:00:00,698.8664482443706
03-12 13:00:00,715.9827681510851
03-12 14:00:00,939.9340535114873
03-12 15:00:00,920.9277729249092
03-12 16:00:00,819.7083620584514
03-12 17:00:00,855.2313366814446
03-12 18:00:00,1205.7617788394375
03-12 19:00:00,1773.9029328338595
03-12 20:00:00,1877.3264904966288
03-12 21:00:00,1772.1389146118227
03-12 22:00:00,1417.632340682257
03-12 23:00:00,1193.017622348789
03-13 00:00:00,958.6813655110392
03-13 01:00:00,620.9839386939733
03-13 02:00:00,424.9161307316388
03-13 03:00:00,269.8738308378705
03-13 04:00:00,191.83967055519133
03-13 05:00:00,125.64139484262483
03-13 06:00:00,155.78137009941344
03-13 07:00:00,396.4104376811773
03-13 08:00:00,712.1873908240207
03-13 09:00:00,767.1562624525824
03-13 10:00:00,970.4554993251926
03-13 11:00:00,761.0894298580816
03-13 12:00:00,876.6666308901846
03-13 13:00:00,908.4487519599118
03-13 14:00:00,1023.963563812851
03-13 15:00:00,815.208163346955
03-13 16:00:00,828.4128818434943
03-13 17:00:00,907.305075704671
03-13 18:00:00,1383.8167197041823
03-13 19:00:00,1877.172427866663
03-13 20:00:00,1930.7521582535794
03-13 21:00:00,1824.5150433285064
03-13 22:00:00,1460.3106398019581
03-13 23:00:00,1202.8886031409954
03-14 00:00:00,890.3003886631203
03-14 01:00:00,601.9497373362906
03-14 02:00:00,450.3083099707052
03-14 03:00:00,288.8195707075591
03-14 04:00:00,252.11836012848667
03-14 05:00:00,226.89374043526348
03-14 06:00:00,218.3062442680194
03-14 07:00:00,472.68135202703826
03-14 08:00:00,811.1223106853664
03-14 09:00:00,974.6470487676388
03-14 10:00:00,965.3315614860259
03-14 11:00:00,774.4947276135933
03-14 12:00:00,740.0218887941858
03-14 13:00:00,813.8103397434741
03-14 14:00:00,905.1923903464659
03-14 15:00:00,894.7595777869561
03-14 16:00:00,891.2902143010914
03-14 17:00:00,912.8262177713293
03-14 18:00:00,1325.5893350733393
03-14 19:00:00,1757.356651012883
03-14 20:00:00,1802.5527160880752
03-14 21:00:00,1653.2491267902392
03-14 22:00:00,1466.552713190747
03-14 23:00:00,1187.123044195127
03-15 00:00:00,895.1104746141636
03-15 01:00:00,628.8543982174368
03-15 02:00:00,454.8426325038133
03-15 03:00:00,249.67783100538662
03-15 04:00:00,168.2038657457884
03-15 05:00:00,130.6000345076637
03-15 06:00:00,140.58453754931048
03-15 07:00:00,372.65826953016796
03-15 08:00:00,719.4796527922321
03-15 09:00:00,831.4681779479644
03-15 10:00:00,818.0340684423587
03-15 11:00:00,756.3336582247221
03-15 12:00:00,907.8676875587346
03-15 13:00:00,873.6397995443009
03-15 14:00:00,883.0716462667497
03-15 15:00:00,751.3922014556236
03-15 16:00:00,832.434751653024
03-15 17:00:00,815.4712549100681
03-15 18:00:00,1278.9951634464683
03-15 19:00:00,1829.4209110686306
03-15 20:00:00,1906.6798233064353
03-15 21:00:00,1804.2335416424432
03-15 22:00:00,1472.0483101205807
03-15 23:00:00,1248.254772460858
03-16 00:00:00,1008.394509115585
03-16 01:00:00,692.3610061196658
03-16 02:00:00,500.48797569610434
03-16 03:00:00,345.3479375942475
03-16 04:00:00,230.13926439726708
03-16 05:00:00,161.95151280041154
03-16 06:00:00,164.10236034828048
03-16 07:00:00,380.64977197046824
03-16 08:00:00,629.0232040657539
03-16 09:00:00,711.4986073050443
03-16 10:00:00,739.3021358304486
03-16 11:00:00,738.803613875828
03-16 12:00:00,741.1041279570659
03-16 13:00:00,807.72287889905
03-16 14:00:00,789.5173812875694
03-16 15:00:00,950.7610807065006
03-16 16:00:00,953.767742499951
03-16 17:00:00,1042.047695016208
03-16 18:00:00,1416.4564218092262
03-16 19:00:00,1810.8424704564163
03-16 20:00:00,1975.6603333876853
03-16 21:00:00,1692.1257168593884
03-16 22:00:00,1384.9182818843665
03-16 23:00:00,1109.0015585925262
03-17 00:00:00,889.1363160534203
03-17 01:00:00,670.1058805347457
03-17 02:00:00,524.0243732578153
03-17 03:00:00,411.7986866538091
03-17 04:00:00,248.0696397979906
03-17 05:00:00,161.05484098884867
03-17 06:00:00,121.82062868009945
03-17 07:00:00,131.75349761213647
03-17 08:00:00,290.7471710636792
03-17 09:00:00,470.45928871803216
03-17 10:00:00,662.7342982893874
03-17 11:00:00,1085.3124945473342
03-17 12:00:00,1279.0592929796508
03-17 13:00:00,992.6971215368827
03-17 14:00:00,941.0624280746088
03-17 15:00:00,995.3080052068999
03-17 16:00:00,1127.6784593272707
03-17 17:00:00,1132.3890135614563
03-17 18:00:00,1401.860463079129
03-17 19:00:00,1259.290423004997
03-17 20:00:00,1260.5294216698717
03-17 21:00:00,915.1762229053186
03-17 22:00:00,718.2256187194819
03-17 23:00:00,667.8041945524667
03-18 00:00:00,628.2699829738698
03-18 01:00:00,518.670699823135
03-18 02:00:00,410.5708961321049
03-18 03:00:00,335.3375361184377
03-18 04:00:00,197.3758499043499
03-18 05:00:00,160.50321880790656
03-18 06:00:00,140.21135941457345
03-18 07:00:00,137.46643492502884
03-18 08:00:00,148.79651162821375
03-18 09:00:00,289.6396448677624
03-18 10:00:00,340.52789610833867
03-18 11:00:00,680.7871427110063
03-18 12:00:00,564.9981460963052
03-18 13:00:00,722.4184920846485
03-18 14:00:00,621.9412039982626
03-18 15:00:00,680.6467827037831
03-18 16:00:00,773.684772125886
03-18 17:00:00,909.1281806081121
03-18 18:00:00,1269.9464185614245
03-18 19:00:00,1370.5610986886416
03-18 20:00:00,1236.2676265676846
03-18 21:00:00,1074.8729170932138
03-18 22:00:00,980.3087497121193
03-18 23:00:00,893.9757699747872
03-19 00:00:00,679.8417199207993
03-19 01:00:00,420.9993907456999
03-19 02:00:00,334.2435283124726
03-19 03:00:00,260.408315393573
03-19 04:00:00,197.73997961672939
03-19 05:00:00,152.3100433582748
03-19 06:00:00,184.1799911661707
03-19 07:00:00,510.8808255693929
03-19 08:00:00,873.4830650382381
03-19 09:00:00,897.9896241560266
03-19 10:00:00,906.8244189826192
03-19 11:00:00,832.5622868743967
03-19 12:00:00,698.8664482443706
03-19 13:00:00,715.9827681510851
03-19 14:00:00,939.9340535114873
03-19 15:00:00,920.9277729249092
03-19 16:00:00,819.7083620584514
03-19 17:00:00,855.2313366814446
03-19 18:00:00,1205.7617788394375
03-19 19:00:00,1773.9029328338595
03-19 20:00:00,1877.3264904966288
03-19 21:00:00,1772.1389146118227
03-19 22:00:00,1417.632340682257
03-19 23:00:00,1193.017622348789
03-20 00:00:00,958.6813655110392
03-20 01:00:00,620.9839386939733
03-20 02:00:00,424.9161307316388
03-20 03:00:00,269.8738308378705
03-20 04:00:00,191.83967055519133
03-20 05:00:00,125.64139484262483
03-20 06:00:00,155.78137009941344
03-20 07:00:00,396.4104376811773
03-20 08:00:00,712.1873908240207
03-20 09:00:00,767.1562624525824
03-20 10:00:00,970.4554993251926
03-20 11:00:00,761.0894298580816
03-20 12:00:00,876.6666308901846
03-20 13:00:00,908.4487519599118
03-20 14:00:00,1023.963563812851
03-20 15:00:00,815.208163346955
03-20 16:00:00,828.4128818434943
03-20 17:00:00,907.305075704671
03-20 18:00:00,1383.8167197041823
03-20 19:00:00,1877.172427866663
03-20 20:00:00,1930.7521582535794
03-20 21:00:00,1824.5150433285064
03-20 22:00:00,1460.3106398019581
03-20 23:00:00,1202.8886031409954
03-21 00:00:00,890.3003886631203
03-21 01:00:00,601.9497373362906
03-21 02:00:00,450.3083099707052
03-21 03:00:00,288.8195707075591
03-21 04:00:00,252.11836012848667
03-21 05:00:00,226.89374043526348
03-21 06:00:00,218.3062442680194
03-21 07:00:00,472.68135202703826
03-21 08:00:00,811.1223106853664
03-21 09:00:00,974.6470487676388
03-21 10:00:00,965.3315614860259
03-21 11:00:00,774.4947276135933
03-21 12:00:00,740.0218887941858
03-21 13:00:00,813.8103397434741
03-21 14:00:00,905.1923903464659
03-21 15:00:00,894.7595777869561
03-21 16:00:00,891.2902143010914
03-21 17:00:00,912.8262177713293
03-21 18:00:00,1325.5893350733393
03-21 19:00:00,1757.356651012883
03-21 20:00:00,1802.5527160880752
03-21 21:00:00,1653.2491267902392
03-21 22:00:00,1466.552713190747
03-21 23:00:00,1187.123044195127
03-22 00:00:00,895.1104746141636
03-22 01:00:00,628.8543982174368
03-22 02:00:00,454.8426325038133
03-22 03:00:00,249.67783100538662
03-22 04:00:00,168.2038657457884
03-22 05:00:00,130.6000345076637
03-22 06:00:00,140.58453754931048
03-22 07:00:00,372.65826953016796
03-22 08:00:00,719.4796527922321
03-22 09:00:00,831.4681779479644
03-22 10:00:00,818.0340684423587
03-22 11:00:00,756.3336582247221
03-22 12:00:00,907.8676875587346
03-22 13:00:00,873.6397995443009
03-22 14:00:00,883.0716462667497
03-22 15:00:00,751.3922014556236
03-22 16:00:00,832.434751653024
03-22 17:00:00,815.4712549100681
03-22 18:00:00,1278.9951634464683
03-22 19:00:00,1829.4209110686306
03-22 20:00:00,1906.6798233064353
03-22 21:00:00,1804.2335416424432
03-22 22:00:00,1472.0483101205807
03-22 23:00:00,1248.254772460858
03-23 00:00:00,1008.394509115585
03-23 01:00:00,692.3610061196658
03-23 02:00:00,500.48797569610434
03-23 03:00:00,345.3479375942475
03-23 04:00:00,230.13926439726708
03-23 05:00:00,161.95151280041154
03-23 06:00:00,164.10236034828048
03-23 07:00:00,380.64977197046824
03-23 08:00:00,629.0232040657539
03-23 09:00:00,711.4986073050443
03-23 10:00:00,739.3021358304486
03-23 11:00:00,738.803613875828
03-23 12:00:00,741.1041279570659
03-23 13:00:00,807.72287889905
03-23 14:00:00,789.5173812875694
03-23 15:00:00,950.7610807065006
03-23 16:00:00,953.767742499951
03-23 17:00:00,1042.047695016208
03-23 18:00:00,1416.4564218092262
03-23 19:00:00,1810.8424704564163
03-23 20:00:00,1975.6603333876853
03-23 21:00:00,1692.1257168593884
03-23 22:00:00,1384.9182818843665
03-23 23:00:00,1109.0015585925262
03-24 00:00:00,889.1363160534203
03-24 01:00:00,670.1058805347457
03-24 02:00:00,524.0243732578153
03-24 03:00:00,411.7986866538091
03-24 04:00:00,248.0696397979906
03-24 05:00:00,161.05484098884867
03-24 06:00:00,121.82062868009945
03-24 07:00:00,131.75349761213647
03-24 08:00:00,290.7471710636792
03-24 09:00:00,470.45928871803216
03-24 10:00:00,662.7342982893874
03-24 11:00:00,1085.3124945473342
03-24 12:00:00,1279.0592929796508
03-24 13:00:00,992.6971215368827
03-24 14:00:00,941.0624280746088
03-24 15:00:00,995.3080052068999
03-24 16:00:00,1127.6784593272707
03-24 17:00:00,1132.3890135614563
03-24 18:00:00,1401.860463079129
03-24 19:00:00,1259.290423004997
03-24 20:00:00,1260.5294216698717
03-24 21:00:00,915.1762229053186
03-24 22:00:00,718.2256187194819
03-24 23:00:00,667.8041945524667
03-25 00:00:00,628.2699829738698
03-25 01:00:00,518.670699823135
03-25 02:00:00,410.5708961321049
03-25 03:00:00,335.3375361184377
03-25 04:00:00,197.3758499043499
03-25 05:00:00,160.50321880790656
03-25 06:00:00,140.21135941457345
03-25 07:00:00,137.46643492502884
03-25 08:00:00,148.79651162821375
03-25 09:00:00,289.6396448677624
03-25 10:00:00,340.52789610833867
03-25 11:00:00,680.7871427110063
03-25 12:00:00,564.9981460963052
03-25 13:00:00,722.4184920846485
03-25 14:00:00,621.9412039982626
03-25 15:00:00,680.6467827037831
03-25 16:00:00,773.684772125886
03-25 17:00:00,909.1281806081121
03-25 18:00:00,1269.9464185614245
03-25 19:00:00,1370.5610986886416
03-25 20:00:00,1236.2676265676846
03-25 21:00:00,1074.8729170932138
03-25 22:00:00,980.3087497121193
03-25 23:00:00,893.9757699747872
03-26 00:00:00,679.8417199207993
03-26 01:00:00,420.9993907456999
03-26 02:00:00,334.2435283124726
03-26 03:00:00,260.408315393573
03-26 04:00:00,197.73997961672939
03-26 05:00:00,152.3100433582748
03-26 06:00:00,184.1799911661707
03-26 07:00:00,510.8808255693929
03-26 08:00:00,873.4830650382381
03-26 09:00:00,897.9896241560266
03-26 10:00:00,906.8244189826192
03-26 11:00:00,832.5622868743967
03-26 12:00:00,698.8664482443706
03-26 13:00:00,715.9827681510851
03-26 14:00:00,939.9340535114873
03-26 15:00:00,920.9277729249092
03-26 16:00:00,819.7083620584514
03-26 17:00:00,855.2313366814446
03-26 18:00:00,1205.7617788394375
03-26 19:00:00,1773.9029328338595
03-26 20:00:00,1877.3264904966288
03-26 21:00:00,1772.1389146118227
03-26 22:00:00,1417.632340682257
03-26 23:00:00,1193.017622348789
03-27 00:00:00,958.6813655110392
03-27 01:00:00,620.9839386939733
03-27 02:00:00,424.9161307316388
03-27 03:00:00,269.8738308378705
03-27 04:00:00,191.83967055519133
03-27 05:00:00,125.64139484262483
03-27 06:00:00,155.78137009941344
03-27 07:00:00,396.4104376811773
03-27 08:00:00,712.1873908240207
03-27 09:00:00,767.1562624525824
03-27 10:00:00,970.4554993251926
03-27 11:00:00,761.0894298580816
03-27 12:00:00,876.6666308901846
03-27 13:00:00,908.4487519599118
03-27 14:00:00,1023.963563812851
03-27 15:00:00,815.208163346955
03-27 16:00:00,828.4128818434943
03-27 17:00:00,907.305075704671
03-27 18:00:00,1383.8167197041823
03-27 19:00:00,1877.172427866663
03-27 20:00:00,1930.7521582535794
03-27 21:00:00,1824.5150433285064
03-27 22:00:00,1460.3106398019581
03-27 23:00:00,1202.8886031409954
03-28 00:00:00,890.3003886631203
03-28 01:00:00,601.9497373362906
03-28 02:00:00,450.3083099707052
03-28 03:00:00,288.8195707075591
03-28 04:00:00,252.11836012848667
03-28 05:00:00,226.89374043526348
03-28 06:00:00,218.3062442680194
03-28 07:00:00,472.68135202703826
03-28 08:00:00,811.1223106853664
03-28 09:00:00,974.6470487676388
03-28 10:00:00,965.3315614860259
03-28 11:00:00,774.4947276135933
03-28 12:00:00,740.0218887941858
03-28 13:00:00,813.8103397434741
03-28 14:00:00,905.1923903464659
03-28 15:00:00,894.7595777869561
03-28 16:00:00,891.2902143010914
03-28 17:00:00,912.8262177713293
03-28 18:00:00,1325.5893350733393
03-28 19:00:00,1757.356651012883
03-28 20:00:00,1802.5527160880752
03-28 21:00:00,1653.2491267902392
03-28 22:00:00,1466.552713190747
03-28 23:00:00,1187.123044195127
03-29 00:00:00,895.1104746141636
03-29 01:00:00,628.8543982174368
03-29 02:00:00,454.8426325038133
03-29 03:00:00,249.67783100538662
03-29 04:00:00,168.2038657457884
03-29 05:00:00,130.6000345076637
03-29 06:00:00,140.58453754931048
03-29 07:00:00,372.65826953016796
03-29 08:00:00,719.4796527922321
03-29 09:00:00,831.4681779479644
03-29 10:00:00,818.0340684423587
03-29 11:00:00,756.3336582247221
03-29 12:00:00,907.8676875587346
03-29 13:00:00,873.6397995443009
03-29 14:00:00,883.0716462667497
03-29 15:00:00,751.3922014556236
03-29 16:00:00,832.434751653024
03-29 17:00:00,815.4712549100681
03-29 18:00:00,1278.9951634464683
03-29 19:00:00,1829.4209110686306
03-29 20:00:00,1906.6798233064353
03-29 21:00:00,1804.2335416424432
03-29 22:00:00,1472.0483101205807
03-29 23:00:00,1248.254772460858
03-30 00:00:00,1008.394509115585
03-30 01:00:00,692.3610061196658
03-30 02:00:00,500.48797569610434
03-30 03:00:00,345.3479375942475
03-30 04:00:00,230.13926439726708
03-30 05:00:00,161.95151280041154
03-30 06:00:00,164.10236034828048
03-30 07:00:00,380.64977197046824
03-30 08:00:00,629.0232040657539
03-30 09:00:00,711.4986073050443
03-30 10:00:00,739.3021358304486
03-30 11:00:00,738.803613875828
03-30 12:00:00,741.1041279570659
03-30 13:00:00,807.72287889905
03-30 14:00:00,789.5173812875694
03-30 15:00:00,950.7610807065006
03-30 16:00:00,953.767742499951
03-30 17:00:00,1042.047695016208
03-30 18:00:00,1416.4564218092262
03-30 19:00:00,1810.8424704564163
03-30 20:00:00,1975.6603333876853
03-30 21:00:00,1692.1257168593884
03-30 22:00:00,1384.9182818843665
03-30 23:00:00,1109.0015585925262
03-31 00:00:00,889.1363160534203
03-31 01:00:00,670.1058805347457
03-31 02:00:00,524.0243732578153
03-31 03:00:00,411.7986866538091
03-31 04:00:00,248.0696397979906
03-31 05:00:00,161.05484098884867
03-31 06:00:00,121.82062868009945
03-31 07:00:00,131.75349761213647
03-31 08:00:00,290.7471710636792
03-31 09:00:00,470.45928871803216
03-31 10:00:00,662.7342982893874
03-31 11:00:00,1085.3124945473342
03-31 12:00:00,1279.0592929796508
03-31 13:00:00,992.6971215368827
03-31 14:00:00,941.0624280746088
03-31 15:00:00,995.3080052068999
03-31 16:00:00,1127.6784593272707
03-31 17:00:00,1132.3890135614563
03-31 18:00:00,1401.860463079129
03-31 19:00:00,1259.290423004997
03-31 20:00:00,1260.5294216698717
03-31 21:00:00,915.1762229053186
03-31 22:00:00,718.2256187194819
03-31 23:00:00,667.8041945524667
04-01 00:00:00,628.2699829738698
04-01 01:00:00,518.670699823135
04-01 02:00:00,410.5708961321049
04-01 03:00:00,335.3375361184377
04-01 04:00:00,197.3758499043499
04-01 05:00:00,160.50321880790656
04-01 06:00:00,140.21135941457345
04-01 07:00:00,137.46643492502884
04-01 08:00:00,148.79651162821375
04-01 09:00:00,289.6396448677624
04-01 10:00:00,340.52789610833867
04-01 11:00:00,680.7871427110063
04-01 12:00:00,564.9981460963052
04-01 13:00:00,722.4184920846485
04-01 14:00:00,621.9412039982626
04-01 15:00:00,680.6467827037831
04-01 16:00:00,773.684772125886
04-01 17:00:00,909.1281806081121
04-01 18:00:00,1269.9464185614245
04-01 19:00:00,1370.5610986886416
04-01 20:00:00,1236.2676265676846
04-01 21:00:00,1074.8729170932138
04-01 22:00:00,980.3087497121193
04-01 23:00:00,893.9757699747872
04-02 00:00:00,679.8417199207993
04-02 01:00:00,420.9993907456999
04-02 02:00:00,334.2435283124726
04-02 03:00:00,260.408315393573
04-02 04:00:00,197.6887834124925
04-02 05:00:00,177.31703678474554
04-02 06:00:00,186.15334862926218
04-02 07:00:00,407.27137503787344
04-02 08:00:00,687.2701746278092
04-02 09:00:00,845.2064115741293
04-02 10:00:00,813.825285733195
04-02 11:00:00,763.9731021433754
04-02 12:00:00,661.8946107969807
04-02 13:00:00,758.7301079913449
04-02 14:00:00,860.1340115277753
04-02 15:00:00,1066.8998764972794
04-02 16:00:00,710.1965440165699
04-02 17:00:00,880.0580791078003
04-02 18:00:00,1286.8607126919048
04-02 19:00:00,1840.664375125009
04-02 20:00:00,1834.9636445120962
04-02 21:00:00,1620.0648583957209
04-02 22:00:00,1408.18311084908
04-02 23:00:00,1163.7130675397045
04-03 00:00:00,922.2159156510276
04-03 01:00:00,623.9408470511996
04-03 02:00:00,430.4298132387145
04-03 03:00:00,266.2604515496847
04-03 04:00:00,196.34049973682878
04-03 05:00:00,156.05810024195983
04-03 06:00:00,181.65484433221417
04-03 07:00:00,422.2341501457769
04-03 08:00:00,747.8750433576025
04-03 09:00:00,826.8996363996948
04-03 10:00:00,891.7614707991579
04-03 11:00:00,682.0882750078381
04-03 12:00:00,787.0429013081759
04-03 13:00:00,912.4760882676984
04-03 14:00:00,880.6266594088032
04-03 15:00:00,941.9257018797728
04-03 16:00:00,841.6231196141274
04-03 17:00:00,920.3809530652608
04-03 18:00:00,1079.8053753758918
04-03 19:00:00,1520.5347828590625
04-03 20:00:00,1692.9314438193353
04-03 21:00:00,1621.999609306423
04-03 22:00:00,1203.8925630012511
04-03 23:00:00,986.1991160019753
04-04 00:00:00,741.9044724963552
04-04 01:00:00,540.3982761687873
04-04 02:00:00,342.99229689745397
04-04 03:00:00,248.14353374105545
04-04 04:00:00,171.1526420344917
04-04 05:00:00,118.38951439699326
04-04 06:00:00,170.65525399440506
04-04 07:00:00,460.10698125141533
04-04 08:00:00,724.4915193304265
04-04 09:00:00,808.8294252282583
04-04 10:00:00,986.4692790596392
04-04 11:00:00,892.2021600248684
04-04 12:00:00,707.334384275444
04-04 13:00:00,713.0937643463453
04-04 14:00:00,795.339411046483
04-04 15:00:00,779.0952373149544
04-04 16:00:00,665.5638786278173
04-04 17:00:00,700.046518934265
04-04 18:00:00,1239.2964387421457
04-04 19:00:00,1661.9605752894802
04-04 20:00:00,1855.3086822824328
04-04 21:00:00,1634.2971438573904
04-04 22:00:00,1291.7928928924305
04-04 23:00:00,1067.943760905728
04-05 00:00:00,841.923969168354
04-05 01:00:00,635.7455759176145
04-05 02:00:00,494.83818505826446
04-05 03:00:00,326.6287746635372
04-05 04:00:00,196.10721645447234
04-05 05:00:00,144.8325717672907
04-05 06:00:00,139.3186966954468
04-05 07:00:00,433.8936657824626
04-05 08:00:00,634.5366245682708
04-05 09:00:00,797.6680360585336
04-05 10:00:00,983.1584462967104
04-05 11:00:00,832.9081658457573
04-05 12:00:00,769.4633488636626
04-05 13:00:00,756.1051263624472
04-05 14:00:00,648.6513938563071
04-05 15:00:00,801.3145870815279
04-05 16:00:00,770.8882281645397
04-05 17:00:00,811.8507186099476
04-05 18:00:00,1232.5066652517562
04-05 19:00:00,1538.8763143513954
04-05 20:00:00,1575.1575594512747
04-05 21:00:00,1475.0435291672932
04-05 22:00:00,1176.255817305265
04-05 23:00:00,992.5414578113938
04-06 00:00:00,773.6346144911114
04-06 01:00:00,538.1886609995947
04-06 02:00:00,376.7474304649115
04-06 03:00:00,251.8392097562791
04-06 04:00:00,169.18182108977206
04-06 05:00:00,147.63968063848293
04-06 06:00:00,135.1120825695087
04-06 07:00:00,387.680639195075
04-06 08:00:00,601.3079146575242
04-06 09:00:00,749.9453687697103
04-06 10:00:00,836.4322287788418
04-06 11:00:00,824.9617011545682
04-06 12:00:00,809.7449297548288
04-06 13:00:00,852.1954226759457
04-06 14:00:00,901.1515713816959
04-06 15:00:00,730.7752459191144
04-06 16:00:00,720.1312808588091
04-06 17:00:00,915.9107316990686
04-06 18:00:00,1365.671094201422
04-06 19:00:00,1738.4927508958451
04-06 20:00:00,1785.3614103625614
04-06 21:00:00,1442.0021470917682
04-06 22:00:00,1145.2266044216508
04-06 23:00:00,892.2424828446945
04-07 00:00:00,708.7417679261308
04-07 01:00:00,528.5078128713718
04-07 02:00:00,513.7300294466278
04-07 03:00:00,359.3899551857304
04-07 04:00:00,294.2129907634721
04-07 05:00:00,163.79203520336077
04-07 06:00:00,119.06608693630577
04-07 07:00:00,159.1333439069574
04-07 08:00:00,304.4434578047099
04-07 09:00:00,483.14431099639944
04-07 10:00:00,561.5967188436031
04-07 11:00:00,890.8419531278588
04-07 12:00:00,899.1680062068677
04-07 13:00:00,742.5644931403035
04-07 14:00:00,854.0462964803338
04-07 15:00:00,846.1224639889526
04-07 16:00:00,985.6177534843567
04-07 17:00:00,1087.1364911117219
04-07 18:00:00,1137.707763639837
04-07 19:00:00,1170.663286663673
04-07 20:00:00,1106.3611848880792
04-07 21:00:00,933.4854056977525
04-07 22:00:00,667.475339619101
04-07 23:00:00,652.5915842668428
04-08 00:00:00,646.8248907311211
04-08 01:00:00,553.9833444498065
04-08 02:00:00,460.76961656441756
04-08 03:00:00,400.2376643160406
04-08 04:00:00,243.3700274227319
04-08 05:00:00,133.73183089227538
04-08 06:00:00,126.56521326544922
04-08 07:00:00,117.18199695324955
04-08 08:00:00,118.39031836288795
04-08 09:00:00,426.96687464374094
04-08 10:00:00,627.2684794551576
04-08 11:00:00,663.049410966271
04-08 12:00:00,534.6442320485379
04-08 13:00:00,568.8775737980451
04-08 14:00:00,536.6342850966956
04-08 15:00:00,562.3508009569033
04-08 16:00:00,640.4074556766052
04-08 17:00:00,848.5553498501147
04-08 18:00:00,1075.916725225605
04-08 19:00:00,1260.5414839981913
04-08 20:00:00,1231.1052724873582
04-08 21:00:00,988.9413686154231
04-08 22:00:00,843.6073024959132
04-08 23:00:00,713.3476550865079
04-09 00:00:00,547.8731921723852
04-09 01:00:00,359.4274830044825
04-09 02:00:00,278.12106895875036
04-09 03:00:00,217.93366289660102
04-09 04:00:00,188.9811538459798
04-09 05:00:00,142.73246344927136
04-09 06:00:00,161.4922532431664
04-09 07:00:00,416.05150855527495
04-09 08:00:00,688.6489200241558
04-09 09:00:00,846.5525775677798
04-09 10:00:00,803.1377912308116
04-09 11:00:00,769.1014107042938
04-09 12:00:00,661.8946107969807
04-09 13:00:00,758.7301079913449
04-09 14:00:00,860.1340115277753
04-09 15:00:00,1066.8998764972794
04-09 16:00:00,710.1965440165699
04-09 17:00:00,880.0580791078003
04-09 18:00:00,1286.8607126919048
04-09 19:00:00,1840.664375125009
04-09 20:00:00,1834.9636445120962
04-09 21:00:00,1620.0648583957209
04-09 22:00:00,1408.18311084908
04-09 23:00:00,1163.7130675397045
04-10 00:00:00,922.2159156510276
04-10 01:00:00,623.9408470511996
04-10 02:00:00,430.4298132387145
04-10 03:00:00,266.2604515496847
04-10 04:00:00,196.34049973682878
04-10 05:00:00,156.05810024195983
04-10 06:00:00,181.65484433221417
04-10 07:00:00,422.2341501457769
04-10 08:00:00,747.8750433576025
04-10 09:00:00,826.8996363996948
04-10 10:00:00,891.7614707991579
04-10 11:00:00,682.0882750078381
04-10 12:00:00,787.0429013081759
04-10 13:00:00,912.4760882676984
04-10 14:00:00,880.6266594088032
04-10 15:00:00,941.9257018797728
04-10 16:00:00,841.6231196141274
04-10 17:00:00,920.3809530652608
04-10 18:00:00,1079.8053753758918
04-10 19:00:00,1520.5347828590625
04-10 20:00:00,1692.9314438193353
04-10 21:00:00,1621.999609306423
04-10 22:00:00,1203.8925630012511
04-10 23:00:00,986.1991160019753
04-11 00:00:00,741.9044724963552
04-11 01:00:00,540.3982761687873
04-11 02:00:00,342.99229689745397
04-11 03:00:00,248.14353374105545
04-11 04:00:00,171.1526420344917
04-11 05:00:00,118.38951439699326
04-11 06:00:00,170.65525399440506
04-11 07:00:00,460.10698125141533
04-11 08:00:00,724.4915193304265
04-11 09:00:00,808.8294252282583
04-11 10:00:00,986.4692790596392
04-11 11:00:00,892.2021600248684
04-11 12:00:00,707.334384275444
04-11 13:00:00,713.0937643463453
04-11 14:00:00,795.339411046483
04-11 15:00:00,779.0952373149544
04-11 16:00:00,665.5638786278173
04-11 17:00:00,700.046518934265
04-11 18:00:00,1239.2964387421457
04-11 19:00:00,1661.9605752894802
04-11 20:00:00,1855.3086822824328
04-11 21:00:00,1634.2971438573904
04-11 22:00:00,1291.7928928924305
04-11 23:00:00,1067.943760905728
04-12 00:00:00,841.923969168354
04-12 01:00:00,635.7455759176145
04-12 02:00:00,494.83818505826446
04-12 03:00:00,326.6287746635372
04-12 04:00:00,196.10721645447234
04-12 05:00:00,144.8325717672907
04-12 06:00:00,139.3186966954468
04-12 07:00:00,433.8936657824626
04-12 08:00:00,634.5366245682708
04-12 09:00:00,797.6680360585336
04-12 10:00:00,983.1584462967104
04-12 11:00:00,832.9081658457573
04-12 12:00:00,769.4633488636626
04-12 13:00:00,756.1051263624472
04-12 14:00:00,648.6513938563071
04-12 15:00:00,801.3145870815279
04-12 16:00:00,770.8882281645397
04-12 17:00:00,811.8507186099476
04-12 18:00:00,1232.5066652517562
04-12 19:00:00,1538.8763143513954
04-12 20:00:00,1575.1575594512747
04-12 21:00:00,1475.0435291672932
04-12 22:00:00,1176.255817305265
04-12 23:00:00,992.5414578113938
04-13 00:00:00,773.6346144911114
04-13 01:00:00,538.1886609995947
04-13 02:00:00,376.7474304649115
04-13 03:00:00,251.8392097562791
04-13 04:00:00,169.18182108977206
04-13 05:00:00,147.63968063848293
04-13 06:00:00,135.1120825695087
04-13 07:00:00,387.680639195075
04-13 08:00:00,601.3079146575242
04-13 09:00:00,749.9453687697103
04-13 10:00:00,836.4322287788418
04-13 11:00:00,824.9617011545682
04-13 12:00:00,809.7449297548288
04-13 13:00:00,852.1954226759457
04-13 14:00:00,901.1515713816959
04-13 15:00:00,730.7752459191144
04-13 16:00:00,720.1312808588091
04-13 17:00:00,915.9107316990686
04-13 18:00:00,1365.671094201422
04-13 19:00:00,1738.4927508958451
04-13 20:00:00,1785.3614103625614
04-13 21:00:00,1442.0021470917682
04-13 22:00:00,1145.2266044216508
04-13 23:00:00,892.2424828446945
04-14 00:00:00,708.7417679261308
04-14 01:00:00,528.5078128713718
04-14 02:00:00,513.7300294466278
04-14 03:00:00,359.3899551857304
04-14 04:00:00,294.2129907634721
04-14 05:00:00,163.79203520336077
04-14 06:00:00,119.06608693630577
04-14 07:00:00,159.1333439069574
04-14 08:00:00,304.4434578047099
04-14 09:00:00,483.14431099639944
04-14 10:00:00,561.5967188436031
04-14 11:00:00,890.8419531278588
04-14 12:00:00,899.1680062068677
04-14 13:00:00,742.5644931403035
04-14 14:00:00,854.0462964803338
04-14 15:00:00,846.1224639889526
04-14 16:00:00,985.6177534843567
04-14 17:00:00,1087.1364911117219
04-14 18:00:00,1137.707763639837
04-14 19:00:00,1170.663286663673
04-14 20:00:00,1106.3611848880792
04-14 21:00:00,933.4854056977525
04-14 22:00:00,667.475339619101
04-14 23:00:00,652.5915842668428
04-15 00:00:00,646.8248907311211
04-15 01:00:00,553.9833444498065
04-15 02:00:00,460.76961656441756
04-15 03:00:00,400.2376643160406
04-15 04:00:00,243.3700274227319
04-15 05:00:00,133.73183089227538
04-15 06:00:00,126.56521326544922
04-15 07:00:00,117.18199695324955
04-15 08:00:00,118.39031836288795
04-15 09:00:00,426.96687464374094
04-15 10:00:00,627.2684794551576
04-15 11:00:00,663.049410966271
04-15 12:00:00,534.6442320485379
04-15 13:00:00,568.8775737980451
04-15 14:00:00,536.6342850966956
04-15 15:00:00,562.3508009569033
04-15 16:00:00,640.4074556766052
04-15 17:00:00,848.5553498501147
04-15 18:00:00,1075.916725225605
04-15 19:00:00,1260.5414839981913
04-15 20:00:00,1231.1052724873582
04-15 21:00:00,988.9413686154231
04-15 22:00:00,843.6073024959132
04-15 23:00:00,713.3476550865079
04-16 00:00:00,547.8731921723852
04-16 01:00:00,359.4274830044825
04-16 02:00:00,278.12106895875036
04-16 03:00:00,217.93366289660102
04-16 04:00:00,188.9811538459798
04-16 05:00:00,142.73246344927136
04-16 06:00:00,161.4922532431664
04-16 07:00:00,416.05150855527495
04-16 08:00:00,688.6489200241558
04-16 09:00:00,846.5525775677798
04-16 10:00:00,803.1377912308116
04-16 11:00:00,769.1014107042938
04-16 12:00:00,661.8946107969807
04-16 13:00:00,758.7301079913449
04-16 14:00:00,860.1340115277753
04-16 15:00:00,1066.8998764972794
04-16 16:00:00,710.1965440165699
04-16 17:00:00,880.0580791078003
04-16 18:00:00,1286.8607126919048
04-16 19:00:00,1840.664375125009
04-16 20:00:00,1834.9636445120962
04-16 21:00:00,1620.0648583957209
04-16 22:00:00,1408.18311084908
04-16 23:00:00,1163.7130675397045
04-17 00:00:00,922.2159156510276
04-17 01:00:00,623.9408470511996
04-17 02:00:00,430.4298132387145
04-17 03:00:00,266.2604515496847
04-17 04:00:00,196.34049973682878
04-17 05:00:00,156.05810024195983
04-17 06:00:00,181.65484433221417
04-17 07:00:00,422.2341501457769
04-17 08:00:00,747.8750433576025
04-17 09:00:00,826.8996363996948
04-17 10:00:00,891.7614707991579
04-17 11:00:00,682.0882750078381
04-17 12:00:00,787.0429013081759
04-17 13:00:00,912.4760882676984
04-17 14:00:00,880.6266594088032
04-17 15:00:00,941.9257018797728
04-17 16:00:00,841.6231196141274
04-17 17:00:00,920.3809530652608
04-17 18:00:00,1079.8053753758918
04-17 19:00:00,1520.5347828590625
04-17 20:00:00,1692.9314438193353
04-17 21:00:00,1621.999609306423
04-17 22:00:00,1203.8925630012511
04-17 23:00:00,986.1991160019753
04-18 00:00:00,741.9044724963552
04-18 01:00:00,540.3982761687873
04-18 02:00:00,342.99229689745397
04-18 03:00:00,248.14353374105545
04-18 04:00:00,171.1526420344917
04-18 05:00:00,118.38951439699326
04-18 06:00:00,170.65525399440506
04-18 07:00:00,460.10698125141533
04-18 08:00:00,724.4915193304265
04-18 09:00:00,808.8294252282583
04-18 10:00:00,986.4692790596392
04-18 11:00:00,892.2021600248684
04-18 12:00:00,707.334384275444
04-18 13:00:00,713.0937643463453
04-18 14:00:00,795.339411046483
04-18 15:00:00,779.0952373149544
04-18 16:00:00,665.5638786278173
04-18 17:00:00,700.046518934265
04-18 18:00:00,1239.2964387421457
04-18 19:00:00,1661.9605752894802
04-18 20:00:00,1855.3086822824328
04-18 21:00:00,1634.2971438573904
04-18 22:00:00,1291.7928928924305
04-18 23:00:00,1067.943760905728
04-19 00:00:00,841.923969168354
04-19 01:00:00,635.7455759176145
04-19 02:00:00,494.83818505826446
04-19 03:00:00,326.6287746635372
04-19 04:00:00,196.10721645447234
04-19 05:00:00,144.8325717672907
04-19 06:00:00,139.3186966954468
04-19 07:00:00,433.8936657824626
04-19 08:00:00,634.5366245682708
04-19 09:00:00,797.6680360585336
04-19 10:00:00,983.1584462967104
04-19 11:00:00,832.9081658457573
04-19 12:00:00,769.4633488636626
04-19 13:00:00,756.1051263624472
04-19 14:00:00,648.6513938563071
04-19 15:00:00,801.3145870815279
04-19 16:00:00,770.8882281645397
04-19 17:00:00,811.8507186099476
04-19 18:00:00,1232.5066652517562
04-19 19:00:00,1538.8763143513954
04-19 20:00:00,1575.1575594512747
04-19 21:00:00,1475.0435291672932
04-19 22:00:00,1176.255817305265
04-19 23:00:00,992.5414578113938
04-20 00:00:00,773.6346144911114
04-20 01:00:00,538.1886609995947
04-20 02:00:00,376.7474304649115
04-20 03:00:00,251.8392097562791
04-20 04:00:00,169.18182108977206
04-20 05:00:00,147.63968063848293
04-20 06:00:00,135.1120825695087
04-20 07:00:00,387.680639195075
04-20 08:00:00,601.3079146575242
04-20 09:00:00,749.9453687697103
04-20 10:00:00,836.4322287788418
04-20 11:00:00,824.9617011545682
04-20 12:00:00,809.7449297548288
04-20 13:00:00,852.1954226759457
04-20 14:00:00,901.1515713816959
04-20 15:00:00,730.7752459191144
04-20 16:00:00,720.1312808588091
04-20 17:00:00,915.9107316990686
04-20 18:00:00,1365.671094201422
04-20 19:00:00,1738.4927508958451
04-20 20:00:00,1785.3614103625614
04-20 21:00:00,1442.0021470917682
04-20 22:00:00,1145.2266044216508
04-20 23:00:00,892.2424828446945
04-21 00:00:00,708.7417679261308
04-21 01:00:00,528.5078128713718
04-21 02:00:00,513.7300294466278
04-21 03:00:00,359.3899551857304
04-21 04:00:00,294.2129907634721
04-21 05:00:00,163.79203520336077
04-21 06:00:00,119.06608693630577
04-21 07:00:00,159.1333439069574
04-21 08:00:00,304.4434578047099
04-21 09:00:00,483.14431099639944
04-21 10:00:00,561.5967188436031
04-21 11:00:00,890.8419531278588
04-21 12:00:00,899.1680062068677
04-21 13:00:00,742.5644931403035
04-21 14:00:00,854.0462964803338
04-21 15:00:00,846.1224639889526
04-21 16:00:00,985.6177534843567
04-21 17:00:00,1087.1364911117219
04-21 18:00:00,1137.707763639837
04-21 19:00:00,1170.663286663673
04-21 20:00:00,1106.3611848880792
04-21 21:00:00,933.4854056977525
04-21 22:00:00,667.475339619101
04-21 23:00:00,652.5915842668428
04-22 00:00:00,646.8248907311211
04-22 01:00:00,553.9833444498065
04-22 02:00:00,460.76961656441756
04-22 03:00:00,400.2376643160406
04-22 04:00:00,243.3700274227319
04-22 05:00:00,133.73183089227538
04-22 06:00:00,126.56521326544922
04-22 07:00:00,117.18199695324955
04-22 08:00:00,118.39031836288795
04-22 09:00:00,426.96687464374094
04-22 10:00:00,627.2684794551576
04-22 11:00:00,663.049410966271
04-22 12:00:00,534.6442320485379
04-22 13:00:00,568.8775737980451
04-22 14:00:00,536.6342850966956
04-22 15:00:00,562.3508009569033
04-22 16:00:00,640.4074556766052
04-22 17:00:00,848.5553498501147
04-22 18:00:00,1075.916725225605
04-22 19:00:00,1260.5414839981913
04-22 20:00:00,1231.1052724873582
04-22 21:00:00,988.9413686154231
04-22 22:00:00,843.6073024959132
04-22 23:00:00,713.3476550865079
04-23 00:00:00,547.8731921723852
04-23 01:00:00,359.4274830044825
04-23 02:00:00,278.12106895875036
04-23 03:00:00,217.93366289660102
04-23 04:00:00,188.9811538459798
04-23 05:00:00,142.73246344927136
04-23 06:00:00,161.4922532431664
04-23 07:00:00,416.05150855527495
04-23 08:00:00,688.6489200241558
04-23 09:00:00,846.5525775677798
04-23 10:00:00,803.1377912308116
04-23 11:00:00,769.1014107042938
04-23 12:00:00,661.8946107969807
04-23 13:00:00,758.7301079913449
04-23 14:00:00,860.1340115277753
04-23 15:00:00,1066.8998764972794
04-23 16:00:00,710.1965440165699
04-23 17:00:00,880.0580791078003
04-23 18:00:00,1286.8607126919048
04-23 19:00:00,1840.664375125009
04-23 20:00:00,1834.9636445120962
04-23 21:00:00,1620.0648583957209
04-23 22:00:00,1408.18311084908
04-23 23:00:00,1163.7130675397045
04-24 00:00:00,922.2159156510276
04-24 01:00:00,623.9408470511996
04-24 02:00:00,430.4298132387145
04-24 03:00:00,266.2604515496847
04-24 04:00:00,196.34049973682878
04-24 05:00:00,156.05810024195983
04-24 06:00:00,181.65484433221417
04-24 07:00:00,422.2341501457769
04-24 08:00:00,747.8750433576025
04-24 09:00:00,826.8996363996948
04-24 10:00:00,891.7614707991579
04-24 11:00:00,682.0882750078381
04-24 12:00:00,787.0429013081759
04-24 13:00:00,912.4760882676984
04-24 14:00:00,880.6266594088032
04-24 15:00:00,941.9257018797728
04-24 16:00:00,841.6231196141274
04-24 17:00:00,920.3809530652608
04-24 18:00:00,1079.8053753758918
04-24 19:00:00,1520.5347828590625
04-24 20:00:00,1692.9314438193353
04-24 21:00:00,1621.999609306423
04-24 22:00:00,1203.8925630012511
04-24 23:00:00,986.1991160019753
04-25 00:00:00,741.9044724963552
04-25 01:00:00,540.3982761687873
04-25 02:00:00,342.99229689745397
04-25 03:00:00,248.14353374105545
04-25 04:00:00,171.1526420344917
04-25 05:00:00,118.38951439699326
04-25 06:00:00,170.65525399440506
04-25 07:00:00,460.10698125141533
04-25 08:00:00,724.4915193304265
04-25 09:00:00,808.8294252282583
04-25 10:00:00,986.4692790596392
04-25 11:00:00,892.2021600248684
04-25 12:00:00,707.334384275444
04-25 13:00:00,713.0937643463453
04-25 14:00:00,795.339411046483
04-25 15:00:00,779.0952373149544
04-25 16:00:00,665.5638786278173
04-25 17:00:00,700.046518934265
04-25 18:00:00,1239.2964387421457
04-25 19:00:00,1661.9605752894802
04-25 20:00:00,1855.3086822824328
04-25 21:00:00,1634.2971438573904
04-25 22:00:00,1291.7928928924305
04-25 23:00:00,1067.943760905728
04-26 00:00:00,841.923969168354
04-26 01:00:00,635.7455759176145
04-26 02:00:00,494.83818505826446
04-26 03:00:00,326.6287746635372
04-26 04:00:00,196.10721645447234
04-26 05:00:00,144.8325717672907
04-26 06:00:00,139.3186966954468
04-26 07:00:00,433.8936657824626
04-26 08:00:00,634.5366245682708
04-26 09:00:00,797.6680360585336
04-26 10:00:00,983.1584462967104
04-26 11:00:00,832.9081658457573
04-26 12:00:00,769.4633488636626
04-26 13:00:00,756.1051263624472
04-26 14:00:00,648.6513938563071
04-26 15:00:00,801.3145870815279
04-26 16:00:00,770.8882281645397
04-26 17:00:00,811.8507186099476
04-26 18:00:00,1232.5066652517562
04-26 19:00:00,1538.8763143513954
04-26 20:00:00,1575.1575594512747
04-26 21:00:00,1475.0435291672932
04-26 22:00:00,1176.255817305265
04-26 23:00:00,992.5414578113938
04-27 00:00:00,773.6346144911114
04-27 01:00:00,538.1886609995947
04-27 02:00:00,376.7474304649115
04-27 03:00:00,251.8392097562791
04-27 04:00:00,169.18182108977206
04-27 05:00:00,147.63968063848293
04-27 06:00:00,135.1120825695087
04-27 07:00:00,387.680639195075
04-27 08:00:00,601.3079146575242
04-27 09:00:00,749.9453687697103
04-27 10:00:00,836.4322287788418
04-27 11:00:00,824.9617011545682
04-27 12:00:00,809.7449297548288
04-27 13:00:00,852.1954226759457
04-27 14:00:00,901.1515713816959
04-27 15:00:00,730.7752459191144
04-27 16:00:00,720.1312808588091
04-27 17:00:00,915.9107316990686
04-27 18:00:00,1365.671094201422
04-27 19:00:00,1738.4927508958451
04-27 20:00:00,1785.3614103625614
04-27 21:00:00,1442.0021470917682
04-27 22:00:00,1145.2266044216508
04-27 23:00:00,892.2424828446945
04-28 00:00:00,708.7417679261308
04-28 01:00:00,528.5078128713718
04-28 02:00:00,513.7300294466278
04-28 03:00:00,359.3899551857304
04-28 04:00:00,294.2129907634721
04-28 05:00:00,163.79203520336077
04-28 06:00:00,119.06608693630577
04-28 07:00:00,159.1333439069574
04-28 08:00:00,304.4434578047099
04-28 09:00:00,483.14431099639944
04-28 10:00:00,561.5967188436031
04-28 11:00:00,890.8419531278588
04-28 12:00:00,899.1680062068677
04-28 13:00:00,742.5644931403035
04-28 14:00:00,854.0462964803338
04-28 15:00:00,846.1224639889526
04-28 16:00:00,985.6177534843567
04-28 17:00:00,1087.1364911117219
04-28 18:00:00,1137.707763639837
04-28 19:00:00,1170.663286663673
04-28 20:00:00,1106.3611848880792
04-28 21:00:00,933.4854056977525
04-28 22:00:00,667.475339619101
04-28 23:00:00,652.5915842668428
04-29 00:00:00,646.8248907311211
04-29 01:00:00,553.9833444498065
04-29 02:00:00,460.76961656441756
04-29 03:00:00,400.2376643160406
04-29 04:00:00,243.3700274227319
04-29 05:00:00,133.73183089227538
04-29 06:00:00,126.56521326544922
04-29 07:00:00,117.18199695324955
04-29 08:00:00,118.39031836288795
04-29 09:00:00,426.96687464374094
04-29 10:00:00,627.2684794551576
04-29 11:00:00,663.049410966271
04-29 12:00:00,534.6442320485379
04-29 13:00:00,568.8775737980451
04-29 14:00:00,536.6342850966956
04-29 15:00:00,562.3508009569033
04-29 16:00:00,640.4074556766052
04-29 17:00:00,848.5553498501147
04-29 18:00:00,1075.916725225605
04-29 19:00:00,1260.5414839981913
04-29 20:00:00,1231.1052724873582
04-29 21:00:00,988.9413686154231
04-29 22:00:00,843.6073024959132
04-29 23:00:00,713.3476550865079
04-30 00:00:00,547.8731921723852
04-30 01:00:00,359.4274830044825
04-30 02:00:00,278.12106895875036
04-30 03:00:00,217.93366289660102
04-30 04:00:00,188.9811538459798
04-30 05:00:00,142.73246344927136
04-30 06:00:00,161.4922532431664
04-30 07:00:00,416.05150855527495
04-30 08:00:00,688.6489200241558
04-30 09:00:00,846.5525775677798
04-30 10:00:00,803.1377912308116
04-30 11:00:00,769.1014107042938
04-30 12:00:00,661.8946107969807
04-30 13:00:00,758.7301079913449
04-30 14:00:00,860.1340115277753
04-30 15:00:00,1066.8998764972794
04-30 16:00:00,710.1965440165699
04-30 17:00:00,880.0580791078003
04-30 18:00:00,1286.8607126919048
04-30 19:00:00,1840.664375125009
04-30 20:00:00,1834.9636445120962
04-30 21:00:00,1620.0648583957209
04-30 22:00:00,1408.18311084908
04-30 23:00:00,1163.7130675397045
05-01 00:00:00,922.2159156510276
05-01 01:00:00,623.9408470511996
05-01 02:00:00,430.4298132387145
05-01 03:00:00,266.2604515496847
05-01 04:00:00,196.34049973682878
05-01 05:00:00,156.05810024195983
05-01 06:00:00,181.65484433221417
05-01 07:00:00,422.2341501457769
05-01 08:00:00,747.8750433576025
05-01 09:00:00,826.8996363996948
05-01 10:00:00,891.7614707991579
05-01 11:00:00,682.0882750078381
05-01 12:00:00,787.0429013081759
05-01 13:00:00,912.4760882676984
05-01 14:00:00,880.6266594088032
05-01 15:00:00,941.9257018797728
05-01 16:00:00,841.6231196141274
05-01 17:00:00,920.3809530652608
05-01 18:00:00,1079.8053753758918
05-01 19:00:00,1520.5347828590625
05-01 20:00:00,1692.9314438193353
05-01 21:00:00,1621.999609306423
05-01 22:00:00,1203.8925630012511
05-01 23:00:00,986.1991160019753
05-02 00:00:00,741.9044724963552
05-02 01:00:00,540.3982761687873
05-02 02:00:00,342.99229689745397
05-02 03:00:00,248.14353374105545
05-02 04:00:00,171.1526420344917
05-02 05:00:00,118.38951439699326
05-02 06:00:00,170.65525399440506
05-02 07:00:00,460.10698125141533
05-02 08:00:00,724.4915193304265
05-02 09:00:00,808.8294252282583
05-02 10:00:00,986.4692790596392
05-02 11:00:00,892.2021600248684
05-02 12:00:00,707.334384275444
05-02 13:00:00,713.0937643463453
05-02 14:00:00,795.339411046483
05-02 15:00:00,779.0952373149544
05-02 16:00:00,665.5638786278173
05-02 17:00:00,700.046518934265
05-02 18:00:00,1239.2964387421457
05-02 19:00:00,1661.9605752894802
05-02 20:00:00,1855.3086822824328
05-02 21:00:00,1634.2971438573904
05-02 22:00:00,1291.7928928924305
05-02 23:00:00,1067.943760905728
05-03 00:00:00,841.923969168354
05-03 01:00:00,635.7455759176145
05-03 02:00:00,494.83818505826446
05-03 03:00:00,326.6287746635372
05-03 04:00:00,196.10721645447234
05-03 05:00:00,144.8325717672907
05-03 06:00:00,139.3186966954468
05-03 07:00:00,433.8936657824626
05-03 08:00:00,634.5366245682708
05-03 09:00:00,797.6680360585336
05-03 10:00:00,983.1584462967104
05-03 11:00:00,832.9081658457573
05-03 12:00:00,769.4633488636626
05-03 13:00:00,756.1051263624472
05-03 14:00:00,648.6513938563071
05-03 15:00:00,801.3145870815279
05-03 16:00:00,770.8882281645397
05-03 17:00:00,811.8507186099476
05-03 18:00:00,1232.5066652517562
05-03 19:00:00,1538.8763143513954
05-03 20:00:00,1575.1575594512747
05-03 21:00:00,1475.0435291672932
05-03 22:00:00,1176.255817305265
05-03 23:00:00,992.5414578113938
05-04 00:00:00,773.6346144911114
05-04 01:00:00,538.1886609995947
05-04 02:00:00,376.7474304649115
05-04 03:00:00,251.8392097562791
05-04 04:00:00,169.18182108977206
05-04 05:00:00,147.63968063848293
05-04 06:00:00,135.1120825695087
05-04 07:00:00,387.680639195075
05-04 08:00:00,601.3079146575242
05-04 09:00:00,749.9453687697103
05-04 10:00:00,836.4322287788418
05-04 11:00:00,824.9617011545682
05-04 12:00:00,809.7449297548288
05-04 13:00:00,852.1954226759457
05-04 14:00:00,901.1515713816959
05-04 15:00:00,730.7752459191144
05-04 16:00:00,720.1312808588091
05-04 17:00:00,915.9107316990686
05-04 18:00:00,1365.671094201422
05-04 19:00:00,1738.4927508958451
05-04 20:00:00,1785.3614103625614
05-04 21:00:00,1442.0021470917682
05-04 22:00:00,1145.2266044216508
05-04 23:00:00,892.2424828446945
05-05 00:00:00,708.7417679261308
05-05 01:00:00,528.5078128713718
05-05 02:00:00,513.7300294466278
05-05 03:00:00,359.3899551857304
05-05 04:00:00,294.2129907634721
05-05 05:00:00,163.79203520336077
05-05 06:00:00,119.06608693630577
05-05 07:00:00,159.1333439069574
05-05 08:00:00,304.4434578047099
05-05 09:00:00,483.14431099639944
05-05 10:00:00,561.5967188436031
05-05 11:00:00,890.8419531278588
05-05 12:00:00,899.1680062068677
05-05 13:00:00,742.5644931403035
05-05 14:00:00,854.0462964803338
05-05 15:00:00,846.1224639889526
05-05 16:00:00,985.6177534843567
05-05 17:00:00,1087.1364911117219
05-05 18:00:00,1137.707763639837
05-05 19:00:00,1170.663286663673
05-05 20:00:00,1106.3611848880792
05-05 21:00:00,933.4854056977525
05-05 22:00:00,667.475339619101
05-05 23:00:00,652.5915842668428
05-06 00:00:00,646.8248907311211
05-06 01:00:00,553.9833444498065
05-06 02:00:00,460.76961656441756
05-06 03:00:00,400.2376643160406
05-06 04:00:00,243.3700274227319
05-06 05:00:00,133.73183089227538
05-06 06:00:00,126.56521326544922
05-06 07:00:00,117.18199695324955
05-06 08:00:00,118.39031836288795
05-06 09:00:00,426.96687464374094
05-06 10:00:00,627.2684794551576
05-06 11:00:00,663.049410966271
05-06 12:00:00,534.6442320485379
05-06 13:00:00,568.8775737980451
05-06 14:00:00,536.6342850966956
05-06 15:00:00,562.3508009569033
05-06 16:00:00,640.4074556766052
05-06 17:00:00,848.5553498501147
05-06 18:00:00,1075.916725225605
05-06 19:00:00,1260.5414839981913
05-06 20:00:00,1231.1052724873582
05-06 21:00:00,988.9413686154231
05-06 22:00:00,843.6073024959132
05-06 23:00:00,713.3476550865079
05-07 00:00:00,547.8731921723852
05-07 01:00:00,359.4274830044825
05-07 02:00:00,278.12106895875036
05-07 03:00:00,217.93366289660102
05-07 04:00:00,188.9811538459798
05-07 05:00:00,142.73246344927136
05-07 06:00:00,161.4922532431664
05-07 07:00:00,416.05150855527495
05-07 08:00:00,688.6489200241558
05-07 09:00:00,846.5525775677798
05-07 10:00:00,803.1377912308116
05-07 11:00:00,769.1014107042938
05-07 12:00:00,661.8946107969807
05-07 13:00:00,758.7301079913449
05-07 14:00:00,860.1340115277753
05-07 15:00:00,1066.8998764972794
05-07 16:00:00,710.1965440165699
05-07 17:00:00,880.0580791078003
05-07 18:00:00,1286.8607126919048
05-07 19:00:00,1840.664375125009
05-07 20:00:00,1834.9636445120962
05-07 21:00:00,1620.0648583957209
05-07 22:00:00,1408.18311084908
05-07 23:00:00,1163.7130675397045
05-08 00:00:00,922.2159156510276
05-08 01:00:00,623.9408470511996
05-08 02:00:00,430.4298132387145
05-08 03:00:00,266.2604515496847
05-08 04:00:00,196.34049973682878
05-08 05:00:00,156.05810024195983
05-08 06:00:00,181.65484433221417
05-08 07:00:00,422.2341501457769
05-08 08:00:00,747.8750433576025
05-08 09:00:00,826.8996363996948
05-08 10:00:00,891.7614707991579
05-08 11:00:00,682.0882750078381
05-08 12:00:00,787.0429013081759
05-08 13:00:00,912.4760882676984
05-08 14:00:00,880.6266594088032
05-08 15:00:00,941.9257018797728
05-08 16:00:00,841.6231196141274
05-08 17:00:00,920.3809530652608
05-08 18:00:00,1079.8053753758918
05-08 19:00:00,1520.5347828590625
05-08 20:00:00,1692.9314438193353
05-08 21:00:00,1621.999609306423
05-08 22:00:00,1203.8925630012511
05-08 23:00:00,986.1991160019753
05-09 00:00:00,741.9044724963552
05-09 01:00:00,540.3982761687873
05-09 02:00:00,342.99229689745397
05-09 03:00:00,248.14353374105545
05-09 04:00:00,171.1526420344917
05-09 05:00:00,118.38951439699326
05-09 06:00:00,170.65525399440506
05-09 07:00:00,460.10698125141533
05-09 08:00:00,724.4915193304265
05-09 09:00:00,808.8294252282583
05-09 10:00:00,986.4692790596392
05-09 11:00:00,892.2021600248684
05-09 12:00:00,707.334384275444
05-09 13:00:00,713.0937643463453
05-09 14:00:00,795.339411046483
05-09 15:00:00,779.0952373149544
05-09 16:00:00,665.5638786278173
05-09 17:00:00,700.046518934265
05-09 18:00:00,1239.2964387421457
05-09 19:00:00,1661.9605752894802
05-09 20:00:00,1855.3086822824328
05-09 21:00:00,1634.2971438573904
05-09 22:00:00,1291.7928928924305
05-09 23:00:00,1067.943760905728
05-10 00:00:00,841.923969168354
05-10 01:00:00,635.7455759176145
05-10 02:00:00,494.83818505826446
05-10 03:00:00,326.6287746635372
05-10 04:00:00,196.10721645447234
05-10 05:00:00,144.8325717672907
05-10 06:00:00,139.3186966954468
05-10 07:00:00,433.8936657824626
05-10 08:00:00,634.5366245682708
05-10 09:00:00,797.6680360585336
05-10 10:00:00,983.1584462967104
05-10 11:00:00,832.9081658457573
05-10 12:00:00,769.4633488636626
05-10 13:00:00,756.1051263624472
05-10 14:00:00,648.6513938563071
05-10 15:00:00,801.3145870815279
05-10 16:00:00,770.8882281645397
05-10 17:00:00,811.8507186099476
05-10 18:00:00,1232.5066652517562
05-10 19:00:00,1538.8763143513954
05-10 20:00:00,1575.1575594512747
05-10 21:00:00,1475.0435291672932
05-10 22:00:00,1176.255817305265
05-10 23:00:00,992.5414578113938
05-11 00:00:00,773.6346144911114
05-11 01:00:00,538.1886609995947
05-11 02:00:00,376.7474304649115
05-11 03:00:00,251.8392097562791
05-11 04:00:00,169.18182108977206
05-11 05:00:00,147.63968063848293
05-11 06:00:00,135.1120825695087
05-11 07:00:00,387.680639195075
05-11 08:00:00,601.3079146575242
05-11 09:00:00,749.9453687697103
05-11 10:00:00,836.4322287788418
05-11 11:00:00,824.9617011545682
05-11 12:00:00,809.7449297548288
05-11 13:00:00,852.1954226759457
05-11 14:00:00,901.1515713816959
05-11 15:00:00,730.7752459191144
05-11 16:00:00,720.1312808588091
05-11 17:00:00,915.9107316990686
05-11 18:00:00,1365.671094201422
05-11 19:00:00,1738.4927508958451
05-11 20:00:00,1785.3614103625614
05-11 21:00:00,1442.0021470917682
05-11 22:00:00,1145.2266044216508
05-11 23:00:00,892.2424828446945
05-12 00:00:00,708.7417679261308
05-12 01:00:00,528.5078128713718
05-12 02:00:00,513.7300294466278
05-12 03:00:00,359.3899551857304
05-12 04:00:00,294.2129907634721
05-12 05:00:00,163.79203520336077
05-12 06:00:00,119.06608693630577
05-12 07:00:00,159.1333439069574
05-12 08:00:00,304.4434578047099
05-12 09:00:00,483.14431099639944
05-12 10:00:00,561.5967188436031
05-12 11:00:00,890.8419531278588
05-12 12:00:00,899.1680062068677
05-12 13:00:00,742.5644931403035
05-12 14:00:00,854.0462964803338
05-12 15:00:00,846.1224639889526
05-12 16:00:00,985.6177534843567
05-12 17:00:00,1087.1364911117219
05-12 18:00:00,1137.707763639837
05-12 19:00:00,1170.663286663673
05-12 20:00:00,1106.3611848880792
05-12 21:00:00,933.4854056977525
05-12 22:00:00,667.475339619101
05-12 23:00:00,652.5915842668428
05-13 00:00:00,646.8248907311211
05-13 01:00:00,553.9833444498065
05-13 02:00:00,460.76961656441756
05-13 03:00:00,400.2376643160406
05-13 04:00:00,243.3700274227319
05-13 05:00:00,133.73183089227538
05-13 06:00:00,126.56521326544922
05-13 07:00:00,117.18199695324955
05-13 08:00:00,118.39031836288795
05-13 09:00:00,426.96687464374094
05-13 10:00:00,627.2684794551576
05-13 11:00:00,663.049410966271
05-13 12:00:00,534.6442320485379
05-13 13:00:00,568.8775737980451
05-13 14:00:00,536.6342850966956
05-13 15:00:00,562.3508009569033
05-13 16:00:00,640.4074556766052
05-13 17:00:00,848.5553498501147
05-13 18:00:00,1075.916725225605
05-13 19:00:00,1260.5414839981913
05-13 20:00:00,1231.1052724873582
05-13 21:00:00,988.9413686154231
05-13 22:00:00,843.6073024959132
05-13 23:00:00,713.3476550865079
05-14 00:00:00,547.8731921723852
05-14 01:00:00,359.4274830044825
05-14 02:00:00,278.12106895875036
05-14 03:00:00,217.93366289660102
05-14 04:00:00,188.9811538459798
05-14 05:00:00,142.73246344927136
05-14 06:00:00,161.4922532431664
05-14 07:00:00,416.05150855527495
05-14 08:00:00,688.6489200241558
05-14 09:00:00,846.5525775677798
05-14 10:00:00,803.1377912308116
05-14 11:00:00,769.1014107042938
05-14 12:00:00,661.8946107969807
05-14 13:00:00,758.7301079913449
05-14 14:00:00,860.1340115277753
05-14 15:00:00,1066.8998764972794
05-14 16:00:00,710.1965440165699
05-14 17:00:00,880.0580791078003
05-14 18:00:00,1286.8607126919048
05-14 19:00:00,1840.664375125009
05-14 20:00:00,1834.9636445120962
05-14 21:00:00,1620.0648583957209
05-14 22:00:00,1408.18311084908
05-14 23:00:00,1163.7130675397045
05-15 00:00:00,922.2159156510276
05-15 01:00:00,623.9408470511996
05-15 02:00:00,430.4298132387145
05-15 03:00:00,266.2604515496847
05-15 04:00:00,196.34049973682878
05-15 05:00:00,156.05810024195983
05-15 06:00:00,181.65484433221417
05-15 07:00:00,422.2341501457769
05-15 08:00:00,747.8750433576025
05-15 09:00:00,826.8996363996948
05-15 10:00:00,891.7614707991579
05-15 11:00:00,682.0882750078381
05-15 12:00:00,787.0429013081759
05-15 13:00:00,912.4760882676984
05-15 14:00:00,880.6266594088032
05-15 15:00:00,941.9257018797728
05-15 16:00:00,841.6231196141274
05-15 17:00:00,920.3809530652608
05-15 18:00:00,1079.8053753758918
05-15 19:00:00,1520.5347828590625
05-15 20:00:00,1692.9314438193353
05-15 21:00:00,1621.999609306423
05-15 22:00:00,1203.8925630012511
05-15 23:00:00,986.1991160019753
05-16 00:00:00,741.9044724963552
05-16 01:00:00,540.3982761687873
05-16 02:00:00,342.99229689745397
05-16 03:00:00,248.14353374105545
05-16 04:00:00,171.1526420344917
05-16 05:00:00,118.38951439699326
05-16 06:00:00,170.65525399440506
05-16 07:00:00,460.10698125141533
05-16 08:00:00,724.4915193304265
05-16 09:00:00,808.8294252282583
05-16 10:00:00,986.4692790596392
05-16 11:00:00,892.2021600248684
05-16 12:00:00,707.334384275444
05-16 13:00:00,713.0937643463453
05-16 14:00:00,795.339411046483
05-16 15:00:00,779.0952373149544
05-16 16:00:00,665.5638786278173
05-16 17:00:00,700.046518934265
05-16 18:00:00,1239.2964387421457
05-16 19:00:00,1661.9605752894802
05-16 20:00:00,1855.3086822824328
05-16 21:00:00,1634.2971438573904
05-16 22:00:00,1291.7928928924305
05-16 23:00:00,1067.943760905728
05-17 00:00:00,841.923969168354
05-17 01:00:00,635.7455759176145
05-17 02:00:00,494.83818505826446
05-17 03:00:00,326.6287746635372
05-17 04:00:00,196.10721645447234
05-17 05:00:00,144.8325717672907
05-17 06:00:00,139.3186966954468
05-17 07:00:00,433.8936657824626
05-17 08:00:00,634.5366245682708
05-17 09:00:00,797.6680360585336
05-17 10:00:00,983.1584462967104
05-17 11:00:00,832.9081658457573
05-17 12:00:00,769.4633488636626
05-17 13:00:00,756.1051263624472
05-17 14:00:00,648.6513938563071
05-17 15:00:00,801.3145870815279
05-17 16:00:00,770.8882281645397
05-17 17:00:00,811.8507186099476
05-17 18:00:00,1232.5066652517562
05-17 19:00:00,1538.8763143513954
05-17 20:00:00,1575.1575594512747
05-17 21:00:00,1475.0435291672932
05-17 22:00:00,1176.255817305265
05-17 23:00:00,992.5414578113938
05-18 00:00:00,773.6346144911114
05-18 01:00:00,538.1886609995947
05-18 02:00:00,376.7474304649115
05-18 03:00:00,251.8392097562791
05-18 04:00:00,169.18182108977206
05-18 05:00:00,147.63968063848293
05-18 06:00:00,135.1120825695087
05-18 07:00:00,387.680639195075
05-18 08:00:00,601.3079146575242
05-18 09:00:00,749.9453687697103
05-18 10:00:00,836.4322287788418
05-18 11:00:00,824.9617011545682
05-18 12:00:00,809.7449297548288
05-18 13:00:00,852.1954226759457
05-18 14:00:00,901.1515713816959
05-18 15:00:00,730.7752459191144
05-18 16:00:00,720.1312808588091
05-18 17:00:00,915.9107316990686
05-18 18:00:00,1365.671094201422
05-18 19:00:00,1738.4927508958451
05-18 20:00:00,1785.3614103625614
05-18 21:00:00,1442.0021470917682
05-18 22:00:00,1145.2266044216508
05-18 23:00:00,892.2424828446945
05-19 00:00:00,708.7417679261308
05-19 01:00:00,528.5078128713718
05-19 02:00:00,513.7300294466278
05-19 03:00:00,359.3899551857304
05-19 04:00:00,294.2129907634721
05-19 05:00:00,163.79203520336077
05-19 06:00:00,119.06608693630577
05-19 07:00:00,159.1333439069574
05-19 08:00:00,304.4434578047099
05-19 09:00:00,483.14431099639944
05-19 10:00:00,561.5967188436031
05-19 11:00:00,890.8419531278588
05-19 12:00:00,899.1680062068677
05-19 13:00:00,742.5644931403035
05-19 14:00:00,854.0462964803338
05-19 15:00:00,846.1224639889526
05-19 16:00:00,985.6177534843567
05-19 17:00:00,1087.1364911117219
05-19 18:00:00,1137.707763639837
05-19 19:00:00,1170.663286663673
05-19 20:00:00,1106.3611848880792
05-19 21:00:00,933.4854056977525
05-19 22:00:00,667.475339619101
05-19 23:00:00,652.5915842668428
05-20 00:00:00,646.8248907311211
05-20 01:00:00,553.9833444498065
05-20 02:00:00,460.76961656441756
05-20 03:00:00,400.2376643160406
05-20 04:00:00,243.3700274227319
05-20 05:00:00,133.73183089227538
05-20 06:00:00,126.56521326544922
05-20 07:00:00,117.18199695324955
05-20 08:00:00,118.39031836288795
05-20 09:00:00,426.96687464374094
05-20 10:00:00,627.2684794551576
05-20 11:00:00,663.049410966271
05-20 12:00:00,534.6442320485379
05-20 13:00:00,568.8775737980451
05-20 14:00:00,536.6342850966956
05-20 15:00:00,562.3508009569033
05-20 16:00:00,640.4074556766052
05-20 17:00:00,848.5553498501147
05-20 18:00:00,1075.916725225605
05-20 19:00:00,1260.5414839981913
05-20 20:00:00,1231.1052724873582
05-20 21:00:00,988.9413686154231
05-20 22:00:00,843.6073024959132
05-20 23:00:00,713.3476550865079
05-21 00:00:00,547.8731921723852
05-21 01:00:00,359.4274830044825
05-21 02:00:00,278.12106895875036
05-21 03:00:00,217.93366289660102
05-21 04:00:00,188.9811538459798
05-21 05:00:00,142.73246344927136
05-21 06:00:00,161.4922532431664
05-21 07:00:00,416.05150855527495
05-21 08:00:00,688.6489200241558
05-21 09:00:00,846.5525775677798
05-21 10:00:00,803.1377912308116
05-21 11:00:00,769.1014107042938
05-21 12:00:00,661.8946107969807
05-21 13:00:00,758.7301079913449
05-21 14:00:00,860.1340115277753
05-21 15:00:00,1066.8998764972794
05-21 16:00:00,710.1965440165699
05-21 17:00:00,880.0580791078003
05-21 18:00:00,1286.8607126919048
05-21 19:00:00,1840.664375125009
05-21 20:00:00,1834.9636445120962
05-21 21:00:00,1620.0648583957209
05-21 22:00:00,1408.18311084908
05-21 23:00:00,1163.7130675397045
05-22 00:00:00,922.2159156510276
05-22 01:00:00,623.9408470511996
05-22 02:00:00,430.4298132387145
05-22 03:00:00,266.2604515496847
05-22 04:00:00,196.34049973682878
05-22 05:00:00,156.05810024195983
05-22 06:00:00,181.65484433221417
05-22 07:00:00,422.2341501457769
05-22 08:00:00,747.8750433576025
05-22 09:00:00,826.8996363996948
05-22 10:00:00,891.7614707991579
05-22 11:00:00,682.0882750078381
05-22 12:00:00,787.0429013081759
05-22 13:00:00,912.4760882676984
05-22 14:00:00,880.6266594088032
05-22 15:00:00,941.9257018797728
05-22 16:00:00,841.6231196141274
05-22 17:00:00,920.3809530652608
05-22 18:00:00,1079.8053753758918
05-22 19:00:00,1520.5347828590625
05-22 20:00:00,1692.9314438193353
05-22 21:00:00,1621.999609306423
05-22 22:00:00,1203.8925630012511
05-22 23:00:00,986.1991160019753
05-23 00:00:00,741.9044724963552
05-23 01:00:00,540.3982761687873
05-23 02:00:00,342.99229689745397
05-23 03:00:00,248.14353374105545
05-23 04:00:00,171.1526420344917
05-23 05:00:00,118.38951439699326
05-23 06:00:00,170.65525399440506
05-23 07:00:00,460.10698125141533
05-23 08:00:00,724.4915193304265
05-23 09:00:00,808.8294252282583
05-23 10:00:00,986.4692790596392
05-23 11:00:00,892.2021600248684
05-23 12:00:00,707.334384275444
05-23 13:00:00,713.0937643463453
05-23 14:00:00,795.339411046483
05-23 15:00:00,779.0952373149544
05-23 16:00:00,665.5638786278173
05-23 17:00:00,700.046518934265
05-23 18:00:00,1239.2964387421457
05-23 19:00:00,1661.9605752894802
05-23 20:00:00,1855.3086822824328
05-23 21:00:00,1634.2971438573904
05-23 22:00:00,1291.7928928924305
05-23 23:00:00,1067.943760905728
05-24 00:00:00,841.923969168354
05-24 01:00:00,635.7455759176145
05-24 02:00:00,494.83818505826446
05-24 03:00:00,326.6287746635372
05-24 04:00:00,196.10721645447234
05-24 05:00:00,144.8325717672907
05-24 06:00:00,139.3186966954468
05-24 07:00:00,433.8936657824626
05-24 08:00:00,634.5366245682708
05-24 09:00:00,797.6680360585336
05-24 10:00:00,983.1584462967104
05-24 11:00:00,832.9081658457573
05-24 12:00:00,769.4633488636626
05-24 13:00:00,756.1051263624472
05-24 14:00:00,648.6513938563071
05-24 15:00:00,801.3145870815279
05-24 16:00:00,770.8882281645397
05-24 17:00:00,811.8507186099476
05-24 18:00:00,1232.5066652517562
05-24 19:00:00,1538.8763143513954
05-24 20:00:00,1575.1575594512747
05-24 21:00:00,1475.0435291672932
05-24 22:00:00,1176.255817305265
05-24 23:00:00,992.5414578113938
05-25 00:00:00,773.6346144911114
05-25 01:00:00,538.1886609995947
05-25 02:00:00,376.7474304649115
05-25 03:00:00,251.8392097562791
05-25 04:00:00,169.18182108977206
05-25 05:00:00,147.63968063848293
05-25 06:00:00,135.1120825695087
05-25 07:00:00,387.680639195075
05-25 08:00:00,601.3079146575242
05-25 09:00:00,749.9453687697103
05-25 10:00:00,836.4322287788418
05-25 11:00:00,824.9617011545682
05-25 12:00:00,809.7449297548288
05-25 13:00:00,852.1954226759457
05-25 14:00:00,901.1515713816959
05-25 15:00:00,730.7752459191144
05-25 16:00:00,720.1312808588091
05-25 17:00:00,915.9107316990686
05-25 18:00:00,1365.671094201422
05-25 19:00:00,1738.4927508958451
05-25 20:00:00,1785.3614103625614
05-25 21:00:00,1442.0021470917682
05-25 22:00:00,1145.2266044216508
05-25 23:00:00,892.2424828446945
05-26 00:00:00,708.7417679261308
05-26 01:00:00,528.5078128713718
05-26 02:00:00,513.7300294466278
05-26 03:00:00,359.3899551857304
05-26 04:00:00,294.2129907634721
05-26 05:00:00,163.79203520336077
05-26 06:00:00,119.06608693630577
05-26 07:00:00,159.1333439069574
05-26 08:00:00,304.4434578047099
05-26 09:00:00,483.14431099639944
05-26 10:00:00,561.5967188436031
05-26 11:00:00,890.8419531278588
05-26 12:00:00,899.1680062068677
05-26 13:00:00,742.5644931403035
05-26 14:00:00,854.0462964803338
05-26 15:00:00,846.1224639889526
05-26 16:00:00,985.6177534843567
05-26 17:00:00,1087.1364911117219
05-26 18:00:00,1137.707763639837
05-26 19:00:00,1170.663286663673
05-26 20:00:00,1106.3611848880792
05-26 21:00:00,933.4854056977525
05-26 22:00:00,667.475339619101
05-26 23:00:00,652.5915842668428
05-27 00:00:00,646.8248907311211
05-27 01:00:00,553.9833444498065
05-27 02:00:00,460.76961656441756
05-27 03:00:00,400.2376643160406
05-27 04:00:00,243.3700274227319
05-27 05:00:00,133.73183089227538
05-27 06:00:00,126.56521326544922
05-27 07:00:00,117.18199695324955
05-27 08:00:00,118.39031836288795
05-27 09:00:00,426.96687464374094
05-27 10:00:00,627.2684794551576
05-27 11:00:00,663.049410966271
05-27 12:00:00,534.6442320485379
05-27 13:00:00,568.8775737980451
05-27 14:00:00,536.6342850966956
05-27 15:00:00,562.3508009569033
05-27 16:00:00,640.4074556766052
05-27 17:00:00,848.5553498501147
05-27 18:00:00,1075.916725225605
05-27 19:00:00,1260.5414839981913
05-27 20:00:00,1231.1052724873582
05-27 21:00:00,988.9413686154231
05-27 22:00:00,843.6073024959132
05-27 23:00:00,713.3476550865079
05-28 00:00:00,547.8731921723852
05-28 01:00:00,359.4274830044825
05-28 02:00:00,278.12106895875036
05-28 03:00:00,217.93366289660102
05-28 04:00:00,188.9811538459798
05-28 05:00:00,142.73246344927136
05-28 06:00:00,161.4922532431664
05-28 07:00:00,416.05150855527495
05-28 08:00:00,688.6489200241558
05-28 09:00:00,846.5525775677798
05-28 10:00:00,803.1377912308116
05-28 11:00:00,769.1014107042938
05-28 12:00:00,661.8946107969807
05-28 13:00:00,758.7301079913449
05-28 14:00:00,860.1340115277753
05-28 15:00:00,1066.8998764972794
05-28 16:00:00,710.1965440165699
05-28 17:00:00,880.0580791078003
05-28 18:00:00,1286.8607126919048
05-28 19:00:00,1840.664375125009
05-28 20:00:00,1834.9636445120962
05-28 21:00:00,1620.0648583957209
05-28 22:00:00,1408.18311084908
05-28 23:00:00,1163.7130675397045
05-29 00:00:00,922.2159156510276
05-29 01:00:00,623.9408470511996
05-29 02:00:00,430.4298132387145
05-29 03:00:00,266.2604515496847
05-29 04:00:00,196.34049973682878
05-29 05:00:00,156.05810024195983
05-29 06:00:00,181.65484433221417
05-29 07:00:00,422.2341501457769
05-29 08:00:00,747.8750433576025
05-29 09:00:00,826.8996363996948
05-29 10:00:00,891.7614707991579
05-29 11:00:00,682.0882750078381
05-29 12:00:00,787.0429013081759
05-29 13:00:00,912.4760882676984
05-29 14:00:00,880.6266594088032
05-29 15:00:00,941.9257018797728
05-29 16:00:00,841.6231196141274
05-29 17:00:00,920.3809530652608
05-29 18:00:00,1079.8053753758918
05-29 19:00:00,1520.5347828590625
05-29 20:00:00,1692.9314438193353
05-29 21:00:00,1621.999609306423
05-29 22:00:00,1203.8925630012511
05-29 23:00:00,986.1991160019753
05-30 00:00:00,741.9044724963552
05-30 01:00:00,540.3982761687873
05-30 02:00:00,342.99229689745397
05-30 03:00:00,248.14353374105545
05-30 04:00:00,171.1526420344917
05-30 05:00:00,118.38951439699326
05-30 06:00:00,170.65525399440506
05-30 07:00:00,460.10698125141533
05-30 08:00:00,724.4915193304265
05-30 09:00:00,808.8294252282583
05-30 10:00:00,986.4692790596392
05-30 11:00:00,892.2021600248684
05-30 12:00:00,707.334384275444
05-30 13:00:00,713.0937643463453
05-30 14:00:00,795.339411046483
05-30 15:00:00,779.0952373149544
05-30 16:00:00,665.5638786278173
05-30 17:00:00,700.046518934265
05-30 18:00:00,1239.2964387421457
05-30 19:00:00,1661.9605752894802
05-30 20:00:00,1855.3086822824328
05-30 21:00:00,1634.2971438573904
05-30 22:00:00,1291.7928928924305
05-30 23:00:00,1067.943760905728
05-31 00:00:00,841.923969168354
05-31 01:00:00,635.7455759176145
05-31 02:00:00,494.83818505826446
05-31 03:00:00,326.6287746635372
05-31 04:00:00,196.10721645447234
05-31 05:00:00,144.8325717672907
05-31 06:00:00,139.3186966954468
05-31 07:00:00,433.8936657824626
05-31 08:00:00,634.5366245682708
05-31 09:00:00,797.6680360585336
05-31 10:00:00,983.1584462967104
05-31 11:00:00,832.9081658457573
05-31 12:00:00,769.4633488636626
05-31 13:00:00,756.1051263624472
05-31 14:00:00,648.6513938563071
05-31 15:00:00,801.3145870815279
05-31 16:00:00,770.8882281645397
05-31 17:00:00,811.8507186099476
05-31 18:00:00,1232.5066652517562
05-31 19:00:00,1538.8763143513954
05-31 20:00:00,1575.1575594512747
05-31 21:00:00,1475.0435291672932
05-31 22:00:00,1176.255817305265
05-31 23:00:00,992.5414578113938
06-01 00:00:00,773.6346144911114
06-01 01:00:00,538.1886609995947
06-01 02:00:00,376.7474304649115
06-01 03:00:00,251.8392097562791
06-01 04:00:00,169.18182108977206
06-01 05:00:00,147.63968063848293
06-01 06:00:00,135.1120825695087
06-01 07:00:00,387.680639195075
06-01 08:00:00,601.3079146575242
06-01 09:00:00,749.9453687697103
06-01 10:00:00,836.4322287788418
06-01 11:00:00,824.9617011545682
06-01 12:00:00,809.7449297548288
06-01 13:00:00,852.1954226759457
06-01 14:00:00,901.1515713816959
06-01 15:00:00,730.7752459191144
06-01 16:00:00,720.1312808588091
06-01 17:00:00,915.9107316990686
06-01 18:00:00,1365.671094201422
06-01 19:00:00,1738.4927508958451
06-01 20:00:00,1785.3614103625614
06-01 21:00:00,1442.0021470917682
06-01 22:00:00,1145.2266044216508
06-01 23:00:00,892.2424828446945
06-02 00:00:00,708.7417679261308
06-02 01:00:00,528.5078128713718
06-02 02:00:00,513.7300294466278
06-02 03:00:00,359.3899551857304
06-02 04:00:00,294.2129907634721
06-02 05:00:00,163.79203520336077
06-02 06:00:00,119.06608693630577
06-02 07:00:00,159.1333439069574
06-02 08:00:00,304.4434578047099
06-02 09:00:00,483.14431099639944
06-02 10:00:00,561.5967188436031
06-02 11:00:00,890.8419531278588
06-02 12:00:00,899.1680062068677
06-02 13:00:00,742.5644931403035
06-02 14:00:00,854.0462964803338
06-02 15:00:00,846.1224639889526
06-02 16:00:00,985.6177534843567
06-02 17:00:00,1087.1364911117219
06-02 18:00:00,1137.707763639837
06-02 19:00:00,1170.663286663673
06-02 20:00:00,1106.3611848880792
06-02 21:00:00,933.4854056977525
06-02 22:00:00,667.475339619101
06-02 23:00:00,652.5915842668428
06-03 00:00:00,646.8248907311211
06-03 01:00:00,553.9833444498065
06-03 02:00:00,460.76961656441756
06-03 03:00:00,400.2376643160406
06-03 04:00:00,243.3700274227319
06-03 05:00:00,133.73183089227538
06-03 06:00:00,126.56521326544922
06-03 07:00:00,117.18199695324955
06-03 08:00:00,118.39031836288795
06-03 09:00:00,426.96687464374094
06-03 10:00:00,627.2684794551576
06-03 11:00:00,663.049410966271
06-03 12:00:00,534.6442320485379
06-03 13:00:00,568.8775737980451
06-03 14:00:00,536.6342850966956
06-03 15:00:00,562.3508009569033
06-03 16:00:00,640.4074556766052
06-03 17:00:00,848.5553498501147
06-03 18:00:00,1075.916725225605
06-03 19:00:00,1260.5414839981913
06-03 20:00:00,1231.1052724873582
06-03 21:00:00,988.9413686154231
06-03 22:00:00,843.6073024959132
06-03 23:00:00,713.3476550865079
06-04 00:00:00,547.8731921723852
06-04 01:00:00,359.4274830044825
06-04 02:00:00,278.12106895875036
06-04 03:00:00,217.93366289660102
06-04 04:00:00,188.9811538459798
06-04 05:00:00,142.73246344927136
06-04 06:00:00,161.4922532431664
06-04 07:00:00,416.05150855527495
06-04 08:00:00,688.6489200241558
06-04 09:00:00,846.5525775677798
06-04 10:00:00,803.1377912308116
06-04 11:00:00,769.1014107042938
06-04 12:00:00,661.8946107969807
06-04 13:00:00,758.7301079913449
06-04 14:00:00,860.1340115277753
06-04 15:00:00,1066.8998764972794
06-04 16:00:00,710.1965440165699
06-04 17:00:00,880.0580791078003
06-04 18:00:00,1286.8607126919048
06-04 19:00:00,1840.664375125009
06-04 20:00:00,1834.9636445120962
06-04 21:00:00,1620.0648583957209
06-04 22:00:00,1408.18311084908
06-04 23:00:00,1163.7130675397045
06-05 00:00:00,922.2159156510276
06-05 01:00:00,623.9408470511996
06-05 02:00:00,430.4298132387145
06-05 03:00:00,266.2604515496847
06-05 04:00:00,196.34049973682878
06-05 05:00:00,156.05810024195983
06-05 06:00:00,181.65484433221417
06-05 07:00:00,422.2341501457769
06-05 08:00:00,747.8750433576025
06-05 09:00:00,826.8996363996948
06-05 10:00:00,891.7614707991579
06-05 11:00:00,682.0882750078381
06-05 12:00:00,787.0429013081759
06-05 13:00:00,912.4760882676984
06-05 14:00:00,880.6266594088032
06-05 15:00:00,941.9257018797728
06-05 16:00:00,841.6231196141274
06-05 17:00:00,920.3809530652608
06-05 18:00:00,1079.8053753758918
06-05 19:00:00,1520.5347828590625
06-05 20:00:00,1692.9314438193353
06-05 21:00:00,1621.999609306423
06-05 22:00:00,1203.8925630012511
06-05 23:00:00,986.1991160019753
06-06 00:00:00,741.9044724963552
06-06 01:00:00,540.3982761687873
06-06 02:00:00,342.99229689745397
06-06 03:00:00,248.14353374105545
06-06 04:00:00,171.1526420344917
06-06 05:00:00,118.38951439699326
06-06 06:00:00,170.65525399440506
06-06 07:00:00,460.10698125141533
06-06 08:00:00,724.4915193304265
06-06 09:00:00,808.8294252282583
06-06 10:00:00,986.4692790596392
06-06 11:00:00,892.2021600248684
06-06 12:00:00,707.334384275444
06-06 13:00:00,713.0937643463453
06-06 14:00:00,795.339411046483
06-06 15:00:00,779.0952373149544
06-06 16:00:00,665.5638786278173
06-06 17:00:00,700.046518934265
06-06 18:00:00,1239.2964387421457
06-06 19:00:00,1661.9605752894802
06-06 20:00:00,1855.3086822824328
06-06 21:00:00,1634.2971438573904
06-06 22:00:00,1291.7928928924305
06-06 23:00:00,1067.943760905728
06-07 00:00:00,841.923969168354
06-07 01:00:00,635.7455759176145
06-07 02:00:00,494.83818505826446
06-07 03:00:00,326.6287746635372
06-07 04:00:00,196.10721645447234
06-07 05:00:00,144.8325717672907
06-07 06:00:00,139.3186966954468
06-07 07:00:00,433.8936657824626
06-07 08:00:00,634.5366245682708
06-07 09:00:00,797.6680360585336
06-07 10:00:00,983.1584462967104
06-07 11:00:00,832.9081658457573
06-07 12:00:00,769.4633488636626
06-07 13:00:00,756.1051263624472
06-07 14:00:00,648.6513938563071
06-07 15:00:00,801.3145870815279
06-07 16:00:00,770.8882281645397
06-07 17:00:00,811.8507186099476
06-07 18:00:00,1232.5066652517562
06-07 19:00:00,1538.8763143513954
06-07 20:00:00,1575.1575594512747
06-07 21:00:00,1475.0435291672932
06-07 22:00:00,1176.255817305265
06-07 23:00:00,992.5414578113938
06-08 00:00:00,773.6346144911114
06-08 01:00:00,538.1886609995947
06-08 02:00:00,376.7474304649115
06-08 03:00:00,251.8392097562791
06-08 04:00:00,169.18182108977206
06-08 05:00:00,147.63968063848293
06-08 06:00:00,135.1120825695087
06-08 07:00:00,387.680639195075
06-08 08:00:00,601.3079146575242
06-08 09:00:00,749.9453687697103
06-08 10:00:00,836.4322287788418
06-08 11:00:00,824.9617011545682
06-08 12:00:00,809.7449297548288
06-08 13:00:00,852.1954226759457
06-08 14:00:00,901.1515713816959
06-08 15:00:00,730.7752459191144
06-08 16:00:00,720.1312808588091
06-08 17:00:00,915.9107316990686
06-08 18:00:00,1365.671094201422
06-08 19:00:00,1738.4927508958451
06-08 20:00:00,1785.3614103625614
06-08 21:00:00,1442.0021470917682
06-08 22:00:00,1145.2266044216508
06-08 23:00:00,892.2424828446945
06-09 00:00:00,708.7417679261308
06-09 01:00:00,528.5078128713718
06-09 02:00:00,513.7300294466278
06-09 03:00:00,359.3899551857304
06-09 04:00:00,294.2129907634721
06-09 05:00:00,163.79203520336077
06-09 06:00:00,119.06608693630577
06-09 07:00:00,159.1333439069574
06-09 08:00:00,304.4434578047099
06-09 09:00:00,483.14431099639944
06-09 10:00:00,561.5967188436031
06-09 11:00:00,890.8419531278588
06-09 12:00:00,899.1680062068677
06-09 13:00:00,742.5644931403035
06-09 14:00:00,854.0462964803338
06-09 15:00:00,846.1224639889526
06-09 16:00:00,985.6177534843567
06-09 17:00:00,1087.1364911117219
06-09 18:00:00,1137.707763639837
06-09 19:00:00,1170.663286663673
06-09 20:00:00,1106.3611848880792
06-09 21:00:00,933.4854056977525
06-09 22:00:00,667.475339619101
06-09 23:00:00,652.5915842668428
06-10 00:00:00,646.8248907311211
06-10 01:00:00,553.9833444498065
06-10 02:00:00,460.76961656441756
06-10 03:00:00,400.2376643160406
06-10 04:00:00,243.3700274227319
06-10 05:00:00,133.73183089227538
06-10 06:00:00,126.56521326544922
06-10 07:00:00,117.18199695324955
06-10 08:00:00,118.39031836288795
06-10 09:00:00,426.96687464374094
06-10 10:00:00,627.2684794551576
06-10 11:00:00,663.049410966271
06-10 12:00:00,534.6442320485379
06-10 13:00:00,568.8775737980451
06-10 14:00:00,536.6342850966956
06-10 15:00:00,562.3508009569033
06-10 16:00:00,640.4074556766052
06-10 17:00:00,848.5553498501147
06-10 18:00:00,1075.916725225605
06-10 19:00:00,1260.5414839981913
06-10 20:00:00,1231.1052724873582
06-10 21:00:00,988.9413686154231
06-10 22:00:00,843.6073024959132
06-10 23:00:00,713.3476550865079
06-11 00:00:00,547.8731921723852
06-11 01:00:00,359.4274830044825
06-11 02:00:00,278.12106895875036
06-11 03:00:00,217.93366289660102
06-11 04:00:00,188.9811538459798
06-11 05:00:00,142.73246344927136
06-11 06:00:00,161.4922532431664
06-11 07:00:00,416.05150855527495
06-11 08:00:00,688.6489200241558
06-11 09:00:00,846.5525775677798
06-11 10:00:00,803.1377912308116
06-11 11:00:00,769.1014107042938
06-11 12:00:00,661.8946107969807
06-11 13:00:00,758.7301079913449
06-11 14:00:00,860.1340115277753
06-11 15:00:00,1066.8998764972794
06-11 16:00:00,710.1965440165699
06-11 17:00:00,880.0580791078003
06-11 18:00:00,1286.8607126919048
06-11 19:00:00,1840.664375125009
06-11 20:00:00,1834.9636445120962
06-11 21:00:00,1620.0648583957209
06-11 22:00:00,1408.18311084908
06-11 23:00:00,1163.7130675397045
06-12 00:00:00,922.2159156510276
06-12 01:00:00,623.9408470511996
06-12 02:00:00,430.4298132387145
06-12 03:00:00,266.2604515496847
06-12 04:00:00,196.34049973682878
06-12 05:00:00,156.05810024195983
06-12 06:00:00,181.65484433221417
06-12 07:00:00,422.2341501457769
06-12 08:00:00,747.8750433576025
06-12 09:00:00,826.8996363996948
06-12 10:00:00,891.7614707991579
06-12 11:00:00,682.0882750078381
06-12 12:00:00,787.0429013081759
06-12 13:00:00,912.4760882676984
06-12 14:00:00,880.6266594088032
06-12 15:00:00,941.9257018797728
06-12 16:00:00,841.6231196141274
06-12 17:00:00,920.3809530652608
06-12 18:00:00,1079.8053753758918
06-12 19:00:00,1520.5347828590625
06-12 20:00:00,1692.9314438193353
06-12 21:00:00,1621.999609306423
06-12 22:00:00,1203.8925630012511
06-12 23:00:00,986.1991160019753
06-13 00:00:00,741.9044724963552
06-13 01:00:00,540.3982761687873
06-13 02:00:00,342.99229689745397
06-13 03:00:00,248.14353374105545
06-13 04:00:00,171.1526420344917
06-13 05:00:00,118.38951439699326
06-13 06:00:00,170.65525399440506
06-13 07:00:00,460.10698125141533
06-13 08:00:00,724.4915193304265
06-13 09:00:00,808.8294252282583
06-13 10:00:00,986.4692790596392
06-13 11:00:00,892.2021600248684
06-13 12:00:00,707.334384275444
06-13 13:00:00,713.0937643463453
06-13 14:00:00,795.339411046483
06-13 15:00:00,779.0952373149544
06-13 16:00:00,665.5638786278173
06-13 17:00:00,700.046518934265
06-13 18:00:00,1239.2964387421457
06-13 19:00:00,1661.9605752894802
06-13 20:00:00,1855.3086822824328
06-13 21:00:00,1634.2971438573904
06-13 22:00:00,1291.7928928924305
06-13 23:00:00,1067.943760905728
06-14 00:00:00,841.923969168354
06-14 01:00:00,635.7455759176145
06-14 02:00:00,494.83818505826446
06-14 03:00:00,326.6287746635372
06-14 04:00:00,196.10721645447234
06-14 05:00:00,144.8325717672907
06-14 06:00:00,139.3186966954468
06-14 07:00:00,433.8936657824626
06-14 08:00:00,634.5366245682708
06-14 09:00:00,797.6680360585336
06-14 10:00:00,983.1584462967104
06-14 11:00:00,832.9081658457573
06-14 12:00:00,769.4633488636626
06-14 13:00:00,756.1051263624472
06-14 14:00:00,648.6513938563071
06-14 15:00:00,801.3145870815279
06-14 16:00:00,770.8882281645397
06-14 17:00:00,811.8507186099476
06-14 18:00:00,1232.5066652517562
06-14 19:00:00,1538.8763143513954
06-14 20:00:00,1575.1575594512747
06-14 21:00:00,1475.0435291672932
06-14 22:00:00,1176.255817305265
06-14 23:00:00,992.5414578113938
06-15 00:00:00,773.6346144911114
06-15 01:00:00,538.1886609995947
06-15 02:00:00,376.7474304649115
06-15 03:00:00,251.8392097562791
06-15 04:00:00,169.18182108977206
06-15 05:00:00,147.63968063848293
06-15 06:00:00,135.1120825695087
06-15 07:00:00,387.680639195075
06-15 08:00:00,601.3079146575242
06-15 09:00:00,749.9453687697103
06-15 10:00:00,836.4322287788418
06-15 11:00:00,824.9617011545682
06-15 12:00:00,809.7449297548288
06-15 13:00:00,852.1954226759457
06-15 14:00:00,901.1515713816959
06-15 15:00:00,730.7752459191144
06-15 16:00:00,720.1312808588091
06-15 17:00:00,915.9107316990686
06-15 18:00:00,1365.671094201422
06-15 19:00:00,1738.4927508958451
06-15 20:00:00,1785.3614103625614
06-15 21:00:00,1442.0021470917682
06-15 22:00:00,1145.2266044216508
06-15 23:00:00,892.2424828446945
06-16 00:00:00,708.7417679261308
06-16 01:00:00,528.5078128713718
06-16 02:00:00,513.7300294466278
06-16 03:00:00,359.3899551857304
06-16 04:00:00,294.2129907634721
06-16 05:00:00,163.79203520336077
06-16 06:00:00,119.06608693630577
06-16 07:00:00,159.1333439069574
06-16 08:00:00,304.4434578047099
06-16 09:00:00,483.14431099639944
06-16 10:00:00,561.5967188436031
06-16 11:00:00,890.8419531278588
06-16 12:00:00,899.1680062068677
06-16 13:00:00,742.5644931403035
06-16 14:00:00,854.0462964803338
06-16 15:00:00,846.1224639889526
06-16 16:00:00,985.6177534843567
06-16 17:00:00,1087.1364911117219
06-16 18:00:00,1137.707763639837
06-16 19:00:00,1170.663286663673
06-16 20:00:00,1106.3611848880792
06-16 21:00:00,933.4854056977525
06-16 22:00:00,667.475339619101
06-16 23:00:00,652.5915842668428
06-17 00:00:00,646.8248907311211
06-17 01:00:00,553.9833444498065
06-17 02:00:00,460.76961656441756
06-17 03:00:00,400.2376643160406
06-17 04:00:00,243.3700274227319
06-17 05:00:00,133.73183089227538
06-17 06:00:00,126.56521326544922
06-17 07:00:00,117.18199695324955
06-17 08:00:00,118.39031836288795
06-17 09:00:00,426.96687464374094
06-17 10:00:00,627.2684794551576
06-17 11:00:00,663.049410966271
06-17 12:00:00,534.6442320485379
06-17 13:00:00,568.8775737980451
06-17 14:00:00,536.6342850966956
06-17 15:00:00,562.3508009569033
06-17 16:00:00,640.4074556766052
06-17 17:00:00,848.5553498501147
06-17 18:00:00,1075.916725225605
06-17 19:00:00,1260.5414839981913
06-17 20:00:00,1231.1052724873582
06-17 21:00:00,988.9413686154231
06-17 22:00:00,843.6073024959132
06-17 23:00:00,713.3476550865079
06-18 00:00:00,547.8731921723852
06-18 01:00:00,359.4274830044825
06-18 02:00:00,278.12106895875036
06-18 03:00:00,217.93366289660102
06-18 04:00:00,188.9811538459798
06-18 05:00:00,142.73246344927136
06-18 06:00:00,161.4922532431664
06-18 07:00:00,416.05150855527495
06-18 08:00:00,688.6489200241558
06-18 09:00:00,846.5525775677798
06-18 10:00:00,803.1377912308116
06-18 11:00:00,769.1014107042938
06-18 12:00:00,661.8946107969807
06-18 13:00:00,758.7301079913449
06-18 14:00:00,860.1340115277753
06-18 15:00:00,1066.8998764972794
06-18 16:00:00,710.1965440165699
06-18 17:00:00,880.0580791078003
06-18 18:00:00,1286.8607126919048
06-18 19:00:00,1840.664375125009
06-18 20:00:00,1834.9636445120962
06-18 21:00:00,1620.0648583957209
06-18 22:00:00,1408.18311084908
06-18 23:00:00,1163.7130675397045
06-19 00:00:00,922.2159156510276
06-19 01:00:00,623.9408470511996
06-19 02:00:00,430.4298132387145
06-19 03:00:00,266.2604515496847
06-19 04:00:00,196.34049973682878
06-19 05:00:00,156.05810024195983
06-19 06:00:00,181.65484433221417
06-19 07:00:00,422.2341501457769
06-19 08:00:00,747.8750433576025
06-19 09:00:00,826.8996363996948
06-19 10:00:00,891.7614707991579
06-19 11:00:00,682.0882750078381
06-19 12:00:00,787.0429013081759
06-19 13:00:00,912.4760882676984
06-19 14:00:00,880.6266594088032
06-19 15:00:00,941.9257018797728
06-19 16:00:00,841.6231196141274
06-19 17:00:00,920.3809530652608
06-19 18:00:00,1079.8053753758918
06-19 19:00:00,1520.5347828590625
06-19 20:00:00,1692.9314438193353
06-19 21:00:00,1621.999609306423
06-19 22:00:00,1203.8925630012511
06-19 23:00:00,986.1991160019753
06-20 00:00:00,741.9044724963552
06-20 01:00:00,540.3982761687873
06-20 02:00:00,342.99229689745397
06-20 03:00:00,248.14353374105545
06-20 04:00:00,171.1526420344917
06-20 05:00:00,118.38951439699326
06-20 06:00:00,170.65525399440506
06-20 07:00:00,460.10698125141533
06-20 08:00:00,724.4915193304265
06-20 09:00:00,808.8294252282583
06-20 10:00:00,986.4692790596392
06-20 11:00:00,892.2021600248684
06-20 12:00:00,707.334384275444
06-20 13:00:00,713.0937643463453
06-20 14:00:00,795.339411046483
06-20 15:00:00,779.0952373149544
06-20 16:00:00,665.5638786278173
06-20 17:00:00,700.046518934265
06-20 18:00:00,1239.2964387421457
06-20 19:00:00,1661.9605752894802
06-20 20:00:00,1855.3086822824328
06-20 21:00:00,1634.2971438573904
06-20 22:00:00,1291.7928928924305
06-20 23:00:00,1067.943760905728
06-21 00:00:00,841.923969168354
06-21 01:00:00,635.7455759176145
06-21 02:00:00,494.83818505826446
06-21 03:00:00,326.6287746635372
06-21 04:00:00,196.10721645447234
06-21 05:00:00,144.8325717672907
06-21 06:00:00,139.3186966954468
06-21 07:00:00,433.8936657824626
06-21 08:00:00,634.5366245682708
06-21 09:00:00,797.6680360585336
06-21 10:00:00,983.1584462967104
06-21 11:00:00,832.9081658457573
06-21 12:00:00,769.4633488636626
06-21 13:00:00,756.1051263624472
06-21 14:00:00,648.6513938563071
06-21 15:00:00,801.3145870815279
06-21 16:00:00,770.8882281645397
06-21 17:00:00,811.8507186099476
06-21 18:00:00,1232.5066652517562
06-21 19:00:00,1538.8763143513954
06-21 20:00:00,1575.1575594512747
06-21 21:00:00,1475.0435291672932
06-21 22:00:00,1176.255817305265
06-21 23:00:00,992.5414578113938
06-22 00:00:00,773.6346144911114
06-22 01:00:00,538.1886609995947
06-22 02:00:00,376.7474304649115
06-22 03:00:00,251.8392097562791
06-22 04:00:00,169.18182108977206
06-22 05:00:00,147.63968063848293
06-22 06:00:00,135.1120825695087
06-22 07:00:00,387.680639195075
06-22 08:00:00,601.3079146575242
06-22 09:00:00,749.9453687697103
06-22 10:00:00,836.4322287788418
06-22 11:00:00,824.9617011545682
06-22 12:00:00,809.7449297548288
06-22 13:00:00,852.1954226759457
06-22 14:00:00,901.1515713816959
06-22 15:00:00,730.7752459191144
06-22 16:00:00,720.1312808588091
06-22 17:00:00,915.9107316990686
06-22 18:00:00,1365.671094201422
06-22 19:00:00,1738.4927508958451
06-22 20:00:00,1785.3614103625614
06-22 21:00:00,1442.0021470917682
06-22 22:00:00,1145.2266044216508
06-22 23:00:00,892.2424828446945
06-23 00:00:00,708.7417679261308
06-23 01:00:00,528.5078128713718
06-23 02:00:00,513.7300294466278
06-23 03:00:00,359.3899551857304
06-23 04:00:00,294.2129907634721
06-23 05:00:00,163.79203520336077
06-23 06:00:00,119.06608693630577
06-23 07:00:00,159.1333439069574
06-23 08:00:00,304.4434578047099
06-23 09:00:00,483.14431099639944
06-23 10:00:00,561.5967188436031
06-23 11:00:00,890.8419531278588
06-23 12:00:00,899.1680062068677
06-23 13:00:00,742.5644931403035
06-23 14:00:00,854.0462964803338
06-23 15:00:00,846.1224639889526
06-23 16:00:00,985.6177534843567
06-23 17:00:00,1087.1364911117219
06-23 18:00:00,1137.707763639837
06-23 19:00:00,1170.663286663673
06-23 20:00:00,1106.3611848880792
06-23 21:00:00,933.4854056977525
06-23 22:00:00,667.475339619101
06-23 23:00:00,652.5915842668428
06-24 00:00:00,646.8248907311211
06-24 01:00:00,553.9833444498065
06-24 02:00:00,460.76961656441756
06-24 03:00:00,400.2376643160406
06-24 04:00:00,243.3700274227319
06-24 05:00:00,133.73183089227538
06-24 06:00:00,126.56521326544922
06-24 07:00:00,117.18199695324955
06-24 08:00:00,118.39031836288795
06-24 09:00:00,426.96687464374094
06-24 10:00:00,627.2684794551576
06-24 11:00:00,663.049410966271
06-24 12:00:00,534.6442320485379
06-24 13:00:00,568.8775737980451
06-24 14:00:00,536.6342850966956
06-24 15:00:00,562.3508009569033
06-24 16:00:00,640.4074556766052
06-24 17:00:00,848.5553498501147
06-24 18:00:00,1075.916725225605
06-24 19:00:00,1260.5414839981913
06-24 20:00:00,1231.1052724873582
06-24 21:00:00,988.9413686154231
06-24 22:00:00,843.6073024959132
06-24 23:00:00,713.3476550865079
06-25 00:00:00,547.8731921723852
06-25 01:00:00,359.4274830044825
06-25 02:00:00,278.12106895875036
06-25 03:00:00,217.93366289660102
06-25 04:00:00,188.9811538459798
06-25 05:00:00,142.73246344927136
06-25 06:00:00,161.4922532431664
06-25 07:00:00,416.05150855527495
06-25 08:00:00,688.6489200241558
06-25 09:00:00,846.5525775677798
06-25 10:00:00,803.1377912308116
06-25 11:00:00,769.1014107042938
06-25 12:00:00,661.8946107969807
06-25 13:00:00,758.7301079913449
06-25 14:00:00,860.1340115277753
06-25 15:00:00,1066.8998764972794
06-25 16:00:00,710.1965440165699
06-25 17:00:00,880.0580791078003
06-25 18:00:00,1286.8607126919048
06-25 19:00:00,1840.664375125009
06-25 20:00:00,1834.9636445120962
06-25 21:00:00,1620.0648583957209
06-25 22:00:00,1408.18311084908
06-25 23:00:00,1163.7130675397045
06-26 00:00:00,922.2159156510276
06-26 01:00:00,623.9408470511996
06-26 02:00:00,430.4298132387145
06-26 03:00:00,266.2604515496847
06-26 04:00:00,196.34049973682878
06-26 05:00:00,156.05810024195983
06-26 06:00:00,181.65484433221417
06-26 07:00:00,422.2341501457769
06-26 08:00:00,747.8750433576025
06-26 09:00:00,826.8996363996948
06-26 10:00:00,891.7614707991579
06-26 11:00:00,682.0882750078381
06-26 12:00:00,787.0429013081759
06-26 13:00:00,912.4760882676984
06-26 14:00:00,880.6266594088032
06-26 15:00:00,941.9257018797728
06-26 16:00:00,841.6231196141274
06-26 17:00:00,920.3809530652608
06-26 18:00:00,1079.8053753758918
06-26 19:00:00,1520.5347828590625
06-26 20:00:00,1692.9314438193353
06-26 21:00:00,1621.999609306423
06-26 22:00:00,1203.8925630012511
06-26 23:00:00,986.1991160019753
06-27 00:00:00,741.9044724963552
06-27 01:00:00,540.3982761687873
06-27 02:00:00,342.99229689745397
06-27 03:00:00,248.14353374105545
06-27 04:00:00,171.1526420344917
06-27 05:00:00,118.38951439699326
06-27 06:00:00,170.65525399440506
06-27 07:00:00,460.10698125141533
06-27 08:00:00,724.4915193304265
06-27 09:00:00,808.8294252282583
06-27 10:00:00,986.4692790596392
06-27 11:00:00,892.2021600248684
06-27 12:00:00,707.334384275444
06-27 13:00:00,713.0937643463453
06-27 14:00:00,795.339411046483
06-27 15:00:00,779.0952373149544
06-27 16:00:00,665.5638786278173
06-27 17:00:00,700.046518934265
06-27 18:00:00,1239.2964387421457
06-27 19:00:00,1661.9605752894802
06-27 20:00:00,1855.3086822824328
06-27 21:00:00,1634.2971438573904
06-27 22:00:00,1291.7928928924305
06-27 23:00:00,1067.943760905728
06-28 00:00:00,841.923969168354
06-28 01:00:00,635.7455759176145
06-28 02:00:00,494.83818505826446
06-28 03:00:00,326.6287746635372
06-28 04:00:00,196.10721645447234
06-28 05:00:00,144.8325717672907
06-28 06:00:00,139.3186966954468
06-28 07:00:00,433.8936657824626
06-28 08:00:00,634.5366245682708
06-28 09:00:00,797.6680360585336
06-28 10:00:00,983.1584462967104
06-28 11:00:00,832.9081658457573
06-28 12:00:00,769.4633488636626
06-28 13:00:00,756.1051263624472
06-28 14:00:00,648.6513938563071
06-28 15:00:00,801.3145870815279
06-28 16:00:00,770.8882281645397
06-28 17:00:00,811.8507186099476
06-28 18:00:00,1232.5066652517562
06-28 19:00:00,1538.8763143513954
06-28 20:00:00,1575.1575594512747
06-28 21:00:00,1475.0435291672932
06-28 22:00:00,1176.255817305265
06-28 23:00:00,992.5414578113938
06-29 00:00:00,773.6346144911114
06-29 01:00:00,538.1886609995947
06-29 02:00:00,376.7474304649115
06-29 03:00:00,251.8392097562791
06-29 04:00:00,169.18182108977206
06-29 05:00:00,147.63968063848293
06-29 06:00:00,135.1120825695087
06-29 07:00:00,387.680639195075
06-29 08:00:00,601.3079146575242
06-29 09:00:00,749.9453687697103
06-29 10:00:00,836.4322287788418
06-29 11:00:00,824.9617011545682
06-29 12:00:00,809.7449297548288
06-29 13:00:00,852.1954226759457
06-29 14:00:00,901.1515713816959
06-29 15:00:00,730.7752459191144
06-29 16:00:00,720.1312808588091
06-29 17:00:00,915.9107316990686
06-29 18:00:00,1365.671094201422
06-29 19:00:00,1738.4927508958451
06-29 20:00:00,1785.3614103625614
06-29 21:00:00,1442.0021470917682
06-29 22:00:00,1145.2266044216508
06-29 23:00:00,892.2424828446945
06-30 00:00:00,708.7417679261308
06-30 01:00:00,528.5078128713718
06-30 02:00:00,513.7300294466278
06-30 03:00:00,359.3899551857304
06-30 04:00:00,294.2129907634721
06-30 05:00:00,163.79203520336077
06-30 06:00:00,119.06608693630577
06-30 07:00:00,159.1333439069574
06-30 08:00:00,304.4434578047099
06-30 09:00:00,483.14431099639944
06-30 10:00:00,561.5967188436031
06-30 11:00:00,890.8419531278588
06-30 12:00:00,899.1680062068677
06-30 13:00:00,742.5644931403035
06-30 14:00:00,854.0462964803338
06-30 15:00:00,846.1224639889526
06-30 16:00:00,985.6177534843567
06-30 17:00:00,1087.1364911117219
06-30 18:00:00,1137.707763639837
06-30 19:00:00,1170.663286663673
06-30 20:00:00,1106.3611848880792
06-30 21:00:00,933.4854056977525
06-30 22:00:00,667.475339619101
06-30 23:00:00,652.5915842668428
07-01 00:00:00,646.8248907311211
07-01 01:00:00,553.9833444498065
07-01 02:00:00,460.76961656441756
07-01 03:00:00,400.2376643160406
07-01 04:00:00,243.3700274227319
07-01 05:00:00,133.73183089227538
07-01 06:00:00,126.56521326544922
07-01 07:00:00,117.18199695324955
07-01 08:00:00,118.39031836288795
07-01 09:00:00,426.96687464374094
07-01 10:00:00,627.2684794551576
07-01 11:00:00,663.049410966271
07-01 12:00:00,534.6442320485379
07-01 13:00:00,568.8775737980451
07-01 14:00:00,536.6342850966956
07-01 15:00:00,562.3508009569033
07-01 16:00:00,640.4074556766052
07-01 17:00:00,848.5553498501147
07-01 18:00:00,1075.916725225605
07-01 19:00:00,1260.5414839981913
07-01 20:00:00,1231.1052724873582
07-01 21:00:00,988.9413686154231
07-01 22:00:00,843.6073024959132
07-01 23:00:00,713.3476550865079
07-02 00:00:00,547.8731921723852
07-02 01:00:00,359.4274830044825
07-02 02:00:00,278.12106895875036
07-02 03:00:00,217.93366289660102
07-02 04:00:00,188.9811538459798
07-02 05:00:00,142.73246344927136
07-02 06:00:00,161.4922532431664
07-02 07:00:00,416.05150855527495
07-02 08:00:00,688.6489200241558
07-02 09:00:00,846.5525775677798
07-02 10:00:00,803.1377912308116
07-02 11:00:00,769.1014107042938
07-02 12:00:00,661.8946107969807
07-02 13:00:00,758.7301079913449
07-02 14:00:00,860.1340115277753
07-02 15:00:00,1066.8998764972794
07-02 16:00:00,710.1965440165699
07-02 17:00:00,880.0580791078003
07-02 18:00:00,1286.8607126919048
07-02 19:00:00,1840.664375125009
07-02 20:00:00,1834.9636445120962
07-02 21:00:00,1620.0648583957209
07-02 22:00:00,1408.18311084908
07-02 23:00:00,1163.7130675397045
07-03 00:00:00,922.2159156510276
07-03 01:00:00,623.9408470511996
07-03 02:00:00,430.4298132387145
07-03 03:00:00,266.2604515496847
07-03 04:00:00,196.34049973682878
07-03 05:00:00,156.05810024195983
07-03 06:00:00,181.65484433221417
07-03 07:00:00,422.2341501457769
07-03 08:00:00,747.8750433576025
07-03 09:00:00,826.8996363996948
07-03 10:00:00,891.7614707991579
07-03 11:00:00,682.0882750078381
07-03 12:00:00,787.0429013081759
07-03 13:00:00,912.4760882676984
07-03 14:00:00,880.6266594088032
07-03 15:00:00,941.9257018797728
07-03 16:00:00,841.6231196141274
07-03 17:00:00,920.3809530652608
07-03 18:00:00,1079.8053753758918
07-03 19:00:00,1520.5347828590625
07-03 20:00:00,1692.9314438193353
07-03 21:00:00,1621.999609306423
07-03 22:00:00,1203.8925630012511
07-03 23:00:00,986.1991160019753
07-04 00:00:00,741.9044724963552
07-04 01:00:00,540.3982761687873
07-04 02:00:00,342.99229689745397
07-04 03:00:00,248.14353374105545
07-04 04:00:00,171.1526420344917
07-04 05:00:00,118.38951439699326
07-04 06:00:00,170.65525399440506
07-04 07:00:00,460.10698125141533
07-04 08:00:00,724.4915193304265
07-04 09:00:00,808.8294252282583
07-04 10:00:00,986.4692790596392
07-04 11:00:00,892.2021600248684
07-04 12:00:00,707.334384275444
07-04 13:00:00,713.0937643463453
07-04 14:00:00,795.339411046483
07-04 15:00:00,779.0952373149544
07-04 16:00:00,665.5638786278173
07-04 17:00:00,700.046518934265
07-04 18:00:00,1239.2964387421457
07-04 19:00:00,1661.9605752894802
07-04 20:00:00,1855.3086822824328
07-04 21:00:00,1634.2971438573904
07-04 22:00:00,1291.7928928924305
07-04 23:00:00,1067.943760905728
07-05 00:00:00,841.923969168354
07-05 01:00:00,635.7455759176145
07-05 02:00:00,494.83818505826446
07-05 03:00:00,326.6287746635372
07-05 04:00:00,196.10721645447234
07-05 05:00:00,144.8325717672907
07-05 06:00:00,139.3186966954468
07-05 07:00:00,433.8936657824626
07-05 08:00:00,634.5366245682708
07-05 09:00:00,797.6680360585336
07-05 10:00:00,983.1584462967104
07-05 11:00:00,832.9081658457573
07-05 12:00:00,769.4633488636626
07-05 13:00:00,756.1051263624472
07-05 14:00:00,648.6513938563071
07-05 15:00:00,801.3145870815279
07-05 16:00:00,770.8882281645397
07-05 17:00:00,811.8507186099476
07-05 18:00:00,1232.5066652517562
07-05 19:00:00,1538.8763143513954
07-05 20:00:00,1575.1575594512747
07-05 21:00:00,1475.0435291672932
07-05 22:00:00,1176.255817305265
07-05 23:00:00,992.5414578113938
07-06 00:00:00,773.6346144911114
07-06 01:00:00,538.1886609995947
07-06 02:00:00,376.7474304649115
07-06 03:00:00,251.8392097562791
07-06 04:00:00,169.18182108977206
07-06 05:00:00,147.63968063848293
07-06 06:00:00,135.1120825695087
07-06 07:00:00,387.680639195075
07-06 08:00:00,601.3079146575242
07-06 09:00:00,749.9453687697103
07-06 10:00:00,836.4322287788418
07-06 11:00:00,824.9617011545682
07-06 12:00:00,809.7449297548288
07-06 13:00:00,852.1954226759457
07-06 14:00:00,901.1515713816959
07-06 15:00:00,730.7752459191144
07-06 16:00:00,720.1312808588091
07-06 17:00:00,915.9107316990686
07-06 18:00:00,1365.671094201422
07-06 19:00:00,1738.4927508958451
07-06 20:00:00,1785.3614103625614
07-06 21:00:00,1442.0021470917682
07-06 22:00:00,1145.2266044216508
07-06 23:00:00,892.2424828446945
07-07 00:00:00,708.7417679261308
07-07 01:00:00,528.5078128713718
07-07 02:00:00,513.7300294466278
07-07 03:00:00,359.3899551857304
07-07 04:00:00,294.2129907634721
07-07 05:00:00,163.79203520336077
07-07 06:00:00,119.06608693630577
07-07 07:00:00,159.1333439069574
07-07 08:00:00,304.4434578047099
07-07 09:00:00,483.14431099639944
07-07 10:00:00,561.5967188436031
07-07 11:00:00,890.8419531278588
07-07 12:00:00,899.1680062068677
07-07 13:00:00,742.5644931403035
07-07 14:00:00,854.0462964803338
07-07 15:00:00,846.1224639889526
07-07 16:00:00,985.6177534843567
07-07 17:00:00,1087.1364911117219
07-07 18:00:00,1137.707763639837
07-07 19:00:00,1170.663286663673
07-07 20:00:00,1106.3611848880792
07-07 21:00:00,933.4854056977525
07-07 22:00:00,667.475339619101
07-07 23:00:00,652.5915842668428
07-08 00:00:00,646.8248907311211
07-08 01:00:00,553.9833444498065
07-08 02:00:00,460.76961656441756
07-08 03:00:00,400.2376643160406
07-08 04:00:00,243.3700274227319
07-08 05:00:00,133.73183089227538
07-08 06:00:00,126.56521326544922
07-08 07:00:00,117.18199695324955
07-08 08:00:00,118.39031836288795
07-08 09:00:00,426.96687464374094
07-08 10:00:00,627.2684794551576
07-08 11:00:00,663.049410966271
07-08 12:00:00,534.6442320485379
07-08 13:00:00,568.8775737980451
07-08 14:00:00,536.6342850966956
07-08 15:00:00,562.3508009569033
07-08 16:00:00,640.4074556766052
07-08 17:00:00,848.5553498501147
07-08 18:00:00,1075.916725225605
07-08 19:00:00,1260.5414839981913
07-08 20:00:00,1231.1052724873582
07-08 21:00:00,988.9413686154231
07-08 22:00:00,843.6073024959132
07-08 23:00:00,713.3476550865079
07-09 00:00:00,547.8731921723852
07-09 01:00:00,359.4274830044825
07-09 02:00:00,278.12106895875036
07-09 03:00:00,217.93366289660102
07-09 04:00:00,188.9811538459798
07-09 05:00:00,142.73246344927136
07-09 06:00:00,161.4922532431664
07-09 07:00:00,416.05150855527495
07-09 08:00:00,688.6489200241558
07-09 09:00:00,846.5525775677798
07-09 10:00:00,803.1377912308116
07-09 11:00:00,769.1014107042938
07-09 12:00:00,661.8946107969807
07-09 13:00:00,758.7301079913449
07-09 14:00:00,860.1340115277753
07-09 15:00:00,1066.8998764972794
07-09 16:00:00,710.1965440165699
07-09 17:00:00,880.0580791078003
07-09 18:00:00,1286.8607126919048
07-09 19:00:00,1840.664375125009
07-09 20:00:00,1834.9636445120962
07-09 21:00:00,1620.0648583957209
07-09 22:00:00,1408.18311084908
07-09 23:00:00,1163.7130675397045
07-10 00:00:00,922.2159156510276
07-10 01:00:00,623.9408470511996
07-10 02:00:00,430.4298132387145
07-10 03:00:00,266.2604515496847
07-10 04:00:00,196.34049973682878
07-10 05:00:00,156.05810024195983
07-10 06:00:00,181.65484433221417
07-10 07:00:00,422.2341501457769
07-10 08:00:00,747.8750433576025
07-10 09:00:00,826.8996363996948
07-10 10:00:00,891.7614707991579
07-10 11:00:00,682.0882750078381
07-10 12:00:00,787.0429013081759
07-10 13:00:00,912.4760882676984
07-10 14:00:00,880.6266594088032
07-10 15:00:00,941.9257018797728
07-10 16:00:00,841.6231196141274
07-10 17:00:00,920.3809530652608
07-10 18:00:00,1079.8053753758918
07-10 19:00:00,1520.5347828590625
07-10 20:00:00,1692.9314438193353
07-10 21:00:00,1621.999609306423
07-10 22:00:00,1203.8925630012511
07-10 23:00:00,986.1991160019753
07-11 00:00:00,741.9044724963552
07-11 01:00:00,540.3982761687873
07-11 02:00:00,342.99229689745397
07-11 03:00:00,248.14353374105545
07-11 04:00:00,171.1526420344917
07-11 05:00:00,118.38951439699326
07-11 06:00:00,170.65525399440506
07-11 07:00:00,460.10698125141533
07-11 08:00:00,724.4915193304265
07-11 09:00:00,808.8294252282583
07-11 10:00:00,986.4692790596392
07-11 11:00:00,892.2021600248684
07-11 12:00:00,707.334384275444
07-11 13:00:00,713.0937643463453
07-11 14:00:00,795.339411046483
07-11 15:00:00,779.0952373149544
07-11 16:00:00,665.5638786278173
07-11 17:00:00,700.046518934265
07-11 18:00:00,1239.2964387421457
07-11 19:00:00,1661.9605752894802
07-11 20:00:00,1855.3086822824328
07-11 21:00:00,1634.2971438573904
07-11 22:00:00,1291.7928928924305
07-11 23:00:00,1067.943760905728
07-12 00:00:00,841.923969168354
07-12 01:00:00,635.7455759176145
07-12 02:00:00,494.83818505826446
07-12 03:00:00,326.6287746635372
07-12 04:00:00,196.10721645447234
07-12 05:00:00,144.8325717672907
07-12 06:00:00,139.3186966954468
07-12 07:00:00,433.8936657824626
07-12 08:00:00,634.5366245682708
07-12 09:00:00,797.6680360585336
07-12 10:00:00,983.1584462967104
07-12 11:00:00,832.9081658457573
07-12 12:00:00,769.4633488636626
07-12 13:00:00,756.1051263624472
07-12 14:00:00,648.6513938563071
07-12 15:00:00,801.3145870815279
07-12 16:00:00,770.8882281645397
07-12 17:00:00,811.8507186099476
07-12 18:00:00,1232.5066652517562
07-12 19:00:00,1538.8763143513954
07-12 20:00:00,1575.1575594512747
07-12 21:00:00,1475.0435291672932
07-12 22:00:00,1176.255817305265
07-12 23:00:00,992.5414578113938
07-13 00:00:00,773.6346144911114
07-13 01:00:00,538.1886609995947
07-13 02:00:00,376.7474304649115
07-13 03:00:00,251.8392097562791
07-13 04:00:00,169.18182108977206
07-13 05:00:00,147.63968063848293
07-13 06:00:00,135.1120825695087
07-13 07:00:00,387.680639195075
07-13 08:00:00,601.3079146575242
07-13 09:00:00,749.9453687697103
07-13 10:00:00,836.4322287788418
07-13 11:00:00,824.9617011545682
07-13 12:00:00,809.7449297548288
07-13 13:00:00,852.1954226759457
07-13 14:00:00,901.1515713816959
07-13 15:00:00,730.7752459191144
07-13 16:00:00,720.1312808588091
07-13 17:00:00,915.9107316990686
07-13 18:00:00,1365.671094201422
07-13 19:00:00,1738.4927508958451
07-13 20:00:00,1785.3614103625614
07-13 21:00:00,1442.0021470917682
07-13 22:00:00,1145.2266044216508
07-13 23:00:00,892.2424828446945
07-14 00:00:00,708.7417679261308
07-14 01:00:00,528.5078128713718
07-14 02:00:00,513.7300294466278
07-14 03:00:00,359.3899551857304
07-14 04:00:00,294.2129907634721
07-14 05:00:00,163.79203520336077
07-14 06:00:00,119.06608693630577
07-14 07:00:00,159.1333439069574
07-14 08:00:00,304.4434578047099
07-14 09:00:00,483.14431099639944
07-14 10:00:00,561.5967188436031
07-14 11:00:00,890.8419531278588
07-14 12:00:00,899.1680062068677
07-14 13:00:00,742.5644931403035
07-14 14:00:00,854.0462964803338
07-14 15:00:00,846.1224639889526
07-14 16:00:00,985.6177534843567
07-14 17:00:00,1087.1364911117219
07-14 18:00:00,1137.707763639837
07-14 19:00:00,1170.663286663673
07-14 20:00:00,1106.3611848880792
07-14 21:00:00,933.4854056977525
07-14 22:00:00,667.475339619101
07-14 23:00:00,652.5915842668428
07-15 00:00:00,646.8248907311211
07-15 01:00:00,553.9833444498065
07-15 02:00:00,460.76961656441756
07-15 03:00:00,400.2376643160406
07-15 04:00:00,243.3700274227319
07-15 05:00:00,133.73183089227538
07-15 06:00:00,126.56521326544922
07-15 07:00:00,117.18199695324955
07-15 08:00:00,118.39031836288795
07-15 09:00:00,426.96687464374094
07-15 10:00:00,627.2684794551576
07-15 11:00:00,663.049410966271
07-15 12:00:00,534.6442320485379
07-15 13:00:00,568.8775737980451
07-15 14:00:00,536.6342850966956
07-15 15:00:00,562.3508009569033
07-15 16:00:00,640.4074556766052
07-15 17:00:00,848.5553498501147
07-15 18:00:00,1075.916725225605
07-15 19:00:00,1260.5414839981913
07-15 20:00:00,1231.1052724873582
07-15 21:00:00,988.9413686154231
07-15 22:00:00,843.6073024959132
07-15 23:00:00,713.3476550865079
07-16 00:00:00,547.8731921723852
07-16 01:00:00,359.4274830044825
07-16 02:00:00,278.12106895875036
07-16 03:00:00,217.93366289660102
07-16 04:00:00,188.9811538459798
07-16 05:00:00,142.73246344927136
07-16 06:00:00,161.4922532431664
07-16 07:00:00,416.05150855527495
07-16 08:00:00,688.6489200241558
07-16 09:00:00,846.5525775677798
07-16 10:00:00,803.1377912308116
07-16 11:00:00,769.1014107042938
07-16 12:00:00,661.8946107969807
07-16 13:00:00,758.7301079913449
07-16 14:00:00,860.1340115277753
07-16 15:00:00,1066.8998764972794
07-16 16:00:00,710.1965440165699
07-16 17:00:00,880.0580791078003
07-16 18:00:00,1286.8607126919048
07-16 19:00:00,1840.664375125009
07-16 20:00:00,1834.9636445120962
07-16 21:00:00,1620.0648583957209
07-16 22:00:00,1408.18311084908
07-16 23:00:00,1163.7130675397045
07-17 00:00:00,922.2159156510276
07-17 01:00:00,623.9408470511996
07-17 02:00:00,430.4298132387145
07-17 03:00:00,266.2604515496847
07-17 04:00:00,196.34049973682878
07-17 05:00:00,156.05810024195983
07-17 06:00:00,181.65484433221417
07-17 07:00:00,422.2341501457769
07-17 08:00:00,747.8750433576025
07-17 09:00:00,826.8996363996948
07-17 10:00:00,891.7614707991579
07-17 11:00:00,682.0882750078381
07-17 12:00:00,787.0429013081759
07-17 13:00:00,912.4760882676984
07-17 14:00:00,880.6266594088032
07-17 15:00:00,941.9257018797728
07-17 16:00:00,841.6231196141274
07-17 17:00:00,920.3809530652608
07-17 18:00:00,1079.8053753758918
07-17 19:00:00,1520.5347828590625
07-17 20:00:00,1692.9314438193353
07-17 21:00:00,1621.999609306423
07-17 22:00:00,1203.8925630012511
07-17 23:00:00,986.1991160019753
07-18 00:00:00,741.9044724963552
07-18 01:00:00,540.3982761687873
07-18 02:00:00,342.99229689745397
07-18 03:00:00,248.14353374105545
07-18 04:00:00,171.1526420344917
07-18 05:00:00,118.38951439699326
07-18 06:00:00,170.65525399440506
07-18 07:00:00,460.10698125141533
07-18 08:00:00,724.4915193304265
07-18 09:00:00,808.8294252282583
07-18 10:00:00,986.4692790596392
07-18 11:00:00,892.2021600248684
07-18 12:00:00,707.334384275444
07-18 13:00:00,713.0937643463453
07-18 14:00:00,795.339411046483
07-18 15:00:00,779.0952373149544
07-18 16:00:00,665.5638786278173
07-18 17:00:00,700.046518934265
07-18 18:00:00,1239.2964387421457
07-18 19:00:00,1661.9605752894802
07-18 20:00:00,1855.3086822824328
07-18 21:00:00,1634.2971438573904
07-18 22:00:00,1291.7928928924305
07-18 23:00:00,1067.943760905728
07-19 00:00:00,841.923969168354
07-19 01:00:00,635.7455759176145
07-19 02:00:00,494.83818505826446
07-19 03:00:00,326.6287746635372
07-19 04:00:00,196.10721645447234
07-19 05:00:00,144.8325717672907
07-19 06:00:00,139.3186966954468
07-19 07:00:00,433.8936657824626
07-19 08:00:00,634.5366245682708
07-19 09:00:00,797.6680360585336
07-19 10:00:00,983.1584462967104
07-19 11:00:00,832.9081658457573
07-19 12:00:00,769.4633488636626
07-19 13:00:00,756.1051263624472
07-19 14:00:00,648.6513938563071
07-19 15:00:00,801.3145870815279
07-19 16:00:00,770.8882281645397
07-19 17:00:00,811.8507186099476
07-19 18:00:00,1232.5066652517562
07-19 19:00:00,1538.8763143513954
07-19 20:00:00,1575.1575594512747
07-19 21:00:00,1475.0435291672932
07-19 22:00:00,1176.255817305265
07-19 23:00:00,992.5414578113938
07-20 00:00:00,773.6346144911114
07-20 01:00:00,538.1886609995947
07-20 02:00:00,376.7474304649115
07-20 03:00:00,251.8392097562791
07-20 04:00:00,169.18182108977206
07-20 05:00:00,147.63968063848293
07-20 06:00:00,135.1120825695087
07-20 07:00:00,387.680639195075
07-20 08:00:00,601.3079146575242
07-20 09:00:00,749.9453687697103
07-20 10:00:00,836.4322287788418
07-20 11:00:00,824.9617011545682
07-20 12:00:00,809.7449297548288
07-20 13:00:00,852.1954226759457
07-20 14:00:00,901.1515713816959
07-20 15:00:00,730.7752459191144
07-20 16:00:00,720.1312808588091
07-20 17:00:00,915.9107316990686
07-20 18:00:00,1365.671094201422
07-20 19:00:00,1738.4927508958451
07-20 20:00:00,1785.3614103625614
07-20 21:00:00,1442.0021470917682
07-20 22:00:00,1145.2266044216508
07-20 23:00:00,892.2424828446945
07-21 00:00:00,708.7417679261308
07-21 01:00:00,528.5078128713718
07-21 02:00:00,513.7300294466278
07-21 03:00:00,359.3899551857304
07-21 04:00:00,294.2129907634721
07-21 05:00:00,163.79203520336077
07-21 06:00:00,119.06608693630577
07-21 07:00:00,159.1333439069574
07-21 08:00:00,304.4434578047099
07-21 09:00:00,483.14431099639944
07-21 10:00:00,561.5967188436031
07-21 11:00:00,890.8419531278588
07-21 12:00:00,899.1680062068677
07-21 13:00:00,742.5644931403035
07-21 14:00:00,854.0462964803338
07-21 15:00:00,846.1224639889526
07-21 16:00:00,985.6177534843567
07-21 17:00:00,1087.1364911117219
07-21 18:00:00,1137.707763639837
07-21 19:00:00,1170.663286663673
07-21 20:00:00,1106.3611848880792
07-21 21:00:00,933.4854056977525
07-21 22:00:00,667.475339619101
07-21 23:00:00,652.5915842668428
07-22 00:00:00,646.8248907311211
07-22 01:00:00,553.9833444498065
07-22 02:00:00,460.76961656441756
07-22 03:00:00,400.2376643160406
07-22 04:00:00,243.3700274227319
07-22 05:00:00,133.73183089227538
07-22 06:00:00,126.56521326544922
07-22 07:00:00,117.18199695324955
07-22 08:00:00,118.39031836288795
07-22 09:00:00,426.96687464374094
07-22 10:00:00,627.2684794551576
07-22 11:00:00,663.049410966271
07-22 12:00:00,534.6442320485379
07-22 13:00:00,568.8775737980451
07-22 14:00:00,536.6342850966956
07-22 15:00:00,562.3508009569033
07-22 16:00:00,640.4074556766052
07-22 17:00:00,848.5553498501147
07-22 18:00:00,1075.916725225605
07-22 19:00:00,1260.5414839981913
07-22 20:00:00,1231.1052724873582
07-22 21:00:00,988.9413686154231
07-22 22:00:00,843.6073024959132
07-22 23:00:00,713.3476550865079
07-23 00:00:00,547.8731921723852
07-23 01:00:00,359.4274830044825
07-23 02:00:00,278.12106895875036
07-23 03:00:00,217.93366289660102
07-23 04:00:00,188.9811538459798
07-23 05:00:00,142.73246344927136
07-23 06:00:00,161.4922532431664
07-23 07:00:00,416.05150855527495
07-23 08:00:00,688.6489200241558
07-23 09:00:00,846.5525775677798
07-23 10:00:00,803.1377912308116
07-23 11:00:00,769.1014107042938
07-23 12:00:00,661.8946107969807
07-23 13:00:00,758.7301079913449
07-23 14:00:00,860.1340115277753
07-23 15:00:00,1066.8998764972794
07-23 16:00:00,710.1965440165699
07-23 17:00:00,880.0580791078003
07-23 18:00:00,1286.8607126919048
07-23 19:00:00,1840.664375125009
07-23 20:00:00,1834.9636445120962
07-23 21:00:00,1620.0648583957209
07-23 22:00:00,1408.18311084908
07-23 23:00:00,1163.7130675397045
07-24 00:00:00,922.2159156510276
07-24 01:00:00,623.9408470511996
07-24 02:00:00,430.4298132387145
07-24 03:00:00,266.2604515496847
07-24 04:00:00,196.34049973682878
07-24 05:00:00,156.05810024195983
07-24 06:00:00,181.65484433221417
07-24 07:00:00,422.2341501457769
07-24 08:00:00,747.8750433576025
07-24 09:00:00,826.8996363996948
07-24 10:00:00,891.7614707991579
07-24 11:00:00,682.0882750078381
07-24 12:00:00,787.0429013081759
07-24 13:00:00,912.4760882676984
07-24 14:00:00,880.6266594088032
07-24 15:00:00,941.9257018797728
07-24 16:00:00,841.6231196141274
07-24 17:00:00,920.3809530652608
07-24 18:00:00,1079.8053753758918
07-24 19:00:00,1520.5347828590625
07-24 20:00:00,1692.9314438193353
07-24 21:00:00,1621.999609306423
07-24 22:00:00,1203.8925630012511
07-24 23:00:00,986.1991160019753
07-25 00:00:00,741.9044724963552
07-25 01:00:00,540.3982761687873
07-25 02:00:00,342.99229689745397
07-25 03:00:00,248.14353374105545
07-25 04:00:00,171.1526420344917
07-25 05:00:00,118.38951439699326
07-25 06:00:00,170.65525399440506
07-25 07:00:00,460.10698125141533
07-25 08:00:00,724.4915193304265
07-25 09:00:00,808.8294252282583
07-25 10:00:00,986.4692790596392
07-25 11:00:00,892.2021600248684
07-25 12:00:00,707.334384275444
07-25 13:00:00,713.0937643463453
07-25 14:00:00,795.339411046483
07-25 15:00:00,779.0952373149544
07-25 16:00:00,665.5638786278173
07-25 17:00:00,700.046518934265
07-25 18:00:00,1239.2964387421457
07-25 19:00:00,1661.9605752894802
07-25 20:00:00,1855.3086822824328
07-25 21:00:00,1634.2971438573904
07-25 22:00:00,1291.7928928924305
07-25 23:00:00,1067.943760905728
07-26 00:00:00,841.923969168354
07-26 01:00:00,635.7455759176145
07-26 02:00:00,494.83818505826446
07-26 03:00:00,326.6287746635372
07-26 04:00:00,196.10721645447234
07-26 05:00:00,144.8325717672907
07-26 06:00:00,139.3186966954468
07-26 07:00:00,433.8936657824626
07-26 08:00:00,634.5366245682708
07-26 09:00:00,797.6680360585336
07-26 10:00:00,983.1584462967104
07-26 11:00:00,832.9081658457573
07-26 12:00:00,769.4633488636626
07-26 13:00:00,756.1051263624472
07-26 14:00:00,648.6513938563071
07-26 15:00:00,801.3145870815279
07-26 16:00:00,770.8882281645397
07-26 17:00:00,811.8507186099476
07-26 18:00:00,1232.5066652517562
07-26 19:00:00,1538.8763143513954
07-26 20:00:00,1575.1575594512747
07-26 21:00:00,1475.0435291672932
07-26 22:00:00,1176.255817305265
07-26 23:00:00,992.5414578113938
07-27 00:00:00,773.6346144911114
07-27 01:00:00,538.1886609995947
07-27 02:00:00,376.7474304649115
07-27 03:00:00,251.8392097562791
07-27 04:00:00,169.18182108977206
07-27 05:00:00,147.63968063848293
07-27 06:00:00,135.1120825695087
07-27 07:00:00,387.680639195075
07-27 08:00:00,601.3079146575242
07-27 09:00:00,749.9453687697103
07-27 10:00:00,836.4322287788418
07-27 11:00:00,824.9617011545682
07-27 12:00:00,809.7449297548288
07-27 13:00:00,852.1954226759457
07-27 14:00:00,901.1515713816959
07-27 15:00:00,730.7752459191144
07-27 16:00:00,720.1312808588091
07-27 17:00:00,915.9107316990686
07-27 18:00:00,1365.671094201422
07-27 19:00:00,1738.4927508958451
07-27 20:00:00,1785.3614103625614
07-27 21:00:00,1442.0021470917682
07-27 22:00:00,1145.2266044216508
07-27 23:00:00,892.2424828446945
07-28 00:00:00,708.7417679261308
07-28 01:00:00,528.5078128713718
07-28 02:00:00,513.7300294466278
07-28 03:00:00,359.3899551857304
07-28 04:00:00,294.2129907634721
07-28 05:00:00,163.79203520336077
07-28 06:00:00,119.06608693630577
07-28 07:00:00,159.1333439069574
07-28 08:00:00,304.4434578047099
07-28 09:00:00,483.14431099639944
07-28 10:00:00,561.5967188436031
07-28 11:00:00,890.8419531278588
07-28 12:00:00,899.1680062068677
07-28 13:00:00,742.5644931403035
07-28 14:00:00,854.0462964803338
07-28 15:00:00,846.1224639889526
07-28 16:00:00,985.6177534843567
07-28 17:00:00,1087.1364911117219
07-28 18:00:00,1137.707763639837
07-28 19:00:00,1170.663286663673
07-28 20:00:00,1106.3611848880792
07-28 21:00:00,933.4854056977525
07-28 22:00:00,667.475339619101
07-28 23:00:00,652.5915842668428
07-29 00:00:00,646.8248907311211
07-29 01:00:00,553.9833444498065
07-29 02:00:00,460.76961656441756
07-29 03:00:00,400.2376643160406
07-29 04:00:00,243.3700274227319
07-29 05:00:00,133.73183089227538
07-29 06:00:00,126.56521326544922
07-29 07:00:00,117.18199695324955
07-29 08:00:00,118.39031836288795
07-29 09:00:00,426.96687464374094
07-29 10:00:00,627.2684794551576
07-29 11:00:00,663.049410966271
07-29 12:00:00,534.6442320485379
07-29 13:00:00,568.8775737980451
07-29 14:00:00,536.6342850966956
07-29 15:00:00,562.3508009569033
07-29 16:00:00,640.4074556766052
07-29 17:00:00,848.5553498501147
07-29 18:00:00,1075.916725225605
07-29 19:00:00,1260.5414839981913
07-29 20:00:00,1231.1052724873582
07-29 21:00:00,988.9413686154231
07-29 22:00:00,843.6073024959132
07-29 23:00:00,713.3476550865079
07-30 00:00:00,547.8731921723852
07-30 01:00:00,359.4274830044825
07-30 02:00:00,278.12106895875036
07-30 03:00:00,217.93366289660102
07-30 04:00:00,188.9811538459798
07-30 05:00:00,142.73246344927136
07-30 06:00:00,161.4922532431664
07-30 07:00:00,416.05150855527495
07-30 08:00:00,688.6489200241558
07-30 09:00:00,846.5525775677798
07-30 10:00:00,803.1377912308116
07-30 11:00:00,769.1014107042938
07-30 12:00:00,661.8946107969807
07-30 13:00:00,758.7301079913449
07-30 14:00:00,860.1340115277753
07-30 15:00:00,1066.8998764972794
07-30 16:00:00,710.1965440165699
07-30 17:00:00,880.0580791078003
07-30 18:00:00,1286.8607126919048
07-30 19:00:00,1840.664375125009
07-30 20:00:00,1834.9636445120962
07-30 21:00:00,1620.0648583957209
07-30 22:00:00,1408.18311084908
07-30 23:00:00,1163.7130675397045
07-31 00:00:00,922.2159156510276
07-31 01:00:00,623.9408470511996
07-31 02:00:00,430.4298132387145
07-31 03:00:00,266.2604515496847
07-31 04:00:00,196.34049973682878
07-31 05:00:00,156.05810024195983
07-31 06:00:00,181.65484433221417
07-31 07:00:00,422.2341501457769
07-31 08:00:00,747.8750433576025
07-31 09:00:00,826.8996363996948
07-31 10:00:00,891.7614707991579
07-31 11:00:00,682.0882750078381
07-31 12:00:00,787.0429013081759
07-31 13:00:00,912.4760882676984
07-31 14:00:00,880.6266594088032
07-31 15:00:00,941.9257018797728
07-31 16:00:00,841.6231196141274
07-31 17:00:00,920.3809530652608
07-31 18:00:00,1079.8053753758918
07-31 19:00:00,1520.5347828590625
07-31 20:00:00,1692.9314438193353
07-31 21:00:00,1621.999609306423
07-31 22:00:00,1203.8925630012511
07-31 23:00:00,986.1991160019753
08-01 00:00:00,741.9044724963552
08-01 01:00:00,540.3982761687873
08-01 02:00:00,342.99229689745397
08-01 03:00:00,248.14353374105545
08-01 04:00:00,171.1526420344917
08-01 05:00:00,118.38951439699326
08-01 06:00:00,170.65525399440506
08-01 07:00:00,460.10698125141533
08-01 08:00:00,724.4915193304265
08-01 09:00:00,808.8294252282583
08-01 10:00:00,986.4692790596392
08-01 11:00:00,892.2021600248684
08-01 12:00:00,707.334384275444
08-01 13:00:00,713.0937643463453
08-01 14:00:00,795.339411046483
08-01 15:00:00,779.0952373149544
08-01 16:00:00,665.5638786278173
08-01 17:00:00,700.046518934265
08-01 18:00:00,1239.2964387421457
08-01 19:00:00,1661.9605752894802
08-01 20:00:00,1855.3086822824328
08-01 21:00:00,1634.2971438573904
08-01 22:00:00,1291.7928928924305
08-01 23:00:00,1067.943760905728
08-02 00:00:00,841.923969168354
08-02 01:00:00,635.7455759176145
08-02 02:00:00,494.83818505826446
08-02 03:00:00,326.6287746635372
08-02 04:00:00,196.10721645447234
08-02 05:00:00,144.8325717672907
08-02 06:00:00,139.3186966954468
08-02 07:00:00,433.8936657824626
08-02 08:00:00,634.5366245682708
08-02 09:00:00,797.6680360585336
08-02 10:00:00,983.1584462967104
08-02 11:00:00,832.9081658457573
08-02 12:00:00,769.4633488636626
08-02 13:00:00,756.1051263624472
08-02 14:00:00,648.6513938563071
08-02 15:00:00,801.3145870815279
08-02 16:00:00,770.8882281645397
08-02 17:00:00,811.8507186099476
08-02 18:00:00,1232.5066652517562
08-02 19:00:00,1538.8763143513954
08-02 20:00:00,1575.1575594512747
08-02 21:00:00,1475.0435291672932
08-02 22:00:00,1176.255817305265
08-02 23:00:00,992.5414578113938
08-03 00:00:00,773.6346144911114
08-03 01:00:00,538.1886609995947
08-03 02:00:00,376.7474304649115
08-03 03:00:00,251.8392097562791
08-03 04:00:00,169.18182108977206
08-03 05:00:00,147.63968063848293
08-03 06:00:00,135.1120825695087
08-03 07:00:00,387.680639195075
08-03 08:00:00,601.3079146575242
08-03 09:00:00,749.9453687697103
08-03 10:00:00,836.4322287788418
08-03 11:00:00,824.9617011545682
08-03 12:00:00,809.7449297548288
08-03 13:00:00,852.1954226759457
08-03 14:00:00,901.1515713816959
08-03 15:00:00,730.7752459191144
08-03 16:00:00,720.1312808588091
08-03 17:00:00,915.9107316990686
08-03 18:00:00,1365.671094201422
08-03 19:00:00,1738.4927508958451
08-03 20:00:00,1785.3614103625614
08-03 21:00:00,1442.0021470917682
08-03 22:00:00,1145.2266044216508
08-03 23:00:00,892.2424828446945
08-04 00:00:00,708.7417679261308
08-04 01:00:00,528.5078128713718
08-04 02:00:00,513.7300294466278
08-04 03:00:00,359.3899551857304
08-04 04:00:00,294.2129907634721
08-04 05:00:00,163.79203520336077
08-04 06:00:00,119.06608693630577
08-04 07:00:00,159.1333439069574
08-04 08:00:00,304.4434578047099
08-04 09:00:00,483.14431099639944
08-04 10:00:00,561.5967188436031
08-04 11:00:00,890.8419531278588
08-04 12:00:00,899.1680062068677
08-04 13:00:00,742.5644931403035
08-04 14:00:00,854.0462964803338
08-04 15:00:00,846.1224639889526
08-04 16:00:00,985.6177534843567
08-04 17:00:00,1087.1364911117219
08-04 18:00:00,1137.707763639837
08-04 19:00:00,1170.663286663673
08-04 20:00:00,1106.3611848880792
08-04 21:00:00,933.4854056977525
08-04 22:00:00,667.475339619101
08-04 23:00:00,652.5915842668428
08-05 00:00:00,646.8248907311211
08-05 01:00:00,553.9833444498065
08-05 02:00:00,460.76961656441756
08-05 03:00:00,400.2376643160406
08-05 04:00:00,243.3700274227319
08-05 05:00:00,133.73183089227538
08-05 06:00:00,126.56521326544922
08-05 07:00:00,117.18199695324955
08-05 08:00:00,118.39031836288795
08-05 09:00:00,426.96687464374094
08-05 10:00:00,627.2684794551576
08-05 11:00:00,663.049410966271
08-05 12:00:00,534.6442320485379
08-05 13:00:00,568.8775737980451
08-05 14:00:00,536.6342850966956
08-05 15:00:00,562.3508009569033
08-05 16:00:00,640.4074556766052
08-05 17:00:00,848.5553498501147
08-05 18:00:00,1075.916725225605
08-05 19:00:00,1260.5414839981913
08-05 20:00:00,1231.1052724873582
08-05 21:00:00,988.9413686154231
08-05 22:00:00,843.6073024959132
08-05 23:00:00,713.3476550865079
08-06 00:00:00,547.8731921723852
08-06 01:00:00,359.4274830044825
08-06 02:00:00,278.12106895875036
08-06 03:00:00,217.93366289660102
08-06 04:00:00,188.9811538459798
08-06 05:00:00,142.73246344927136
08-06 06:00:00,161.4922532431664
08-06 07:00:00,416.05150855527495
08-06 08:00:00,688.6489200241558
08-06 09:00:00,846.5525775677798
08-06 10:00:00,803.1377912308116
08-06 11:00:00,769.1014107042938
08-06 12:00:00,661.8946107969807
08-06 13:00:00,758.7301079913449
08-06 14:00:00,860.1340115277753
08-06 15:00:00,1066.8998764972794
08-06 16:00:00,710.1965440165699
08-06 17:00:00,880.0580791078003
08-06 18:00:00,1286.8607126919048
08-06 19:00:00,1840.664375125009
08-06 20:00:00,1834.9636445120962
08-06 21:00:00,1620.0648583957209
08-06 22:00:00,1408.18311084908
08-06 23:00:00,1163.7130675397045
08-07 00:00:00,922.2159156510276
08-07 01:00:00,623.9408470511996
08-07 02:00:00,430.4298132387145
08-07 03:00:00,266.2604515496847
08-07 04:00:00,196.34049973682878
08-07 05:00:00,156.05810024195983
08-07 06:00:00,181.65484433221417
08-07 07:00:00,422.2341501457769
08-07 08:00:00,747.8750433576025
08-07 09:00:00,826.8996363996948
08-07 10:00:00,891.7614707991579
08-07 11:00:00,682.0882750078381
08-07 12:00:00,787.0429013081759
08-07 13:00:00,912.4760882676984
08-07 14:00:00,880.6266594088032
08-07 15:00:00,941.9257018797728
08-07 16:00:00,841.6231196141274
08-07 17:00:00,920.3809530652608
08-07 18:00:00,1079.8053753758918
08-07 19:00:00,1520.5347828590625
08-07 20:00:00,1692.9314438193353
08-07 21:00:00,1621.999609306423
08-07 22:00:00,1203.8925630012511
08-07 23:00:00,986.1991160019753
08-08 00:00:00,741.9044724963552
08-08 01:00:00,540.3982761687873
08-08 02:00:00,342.99229689745397
08-08 03:00:00,248.14353374105545
08-08 04:00:00,171.1526420344917
08-08 05:00:00,118.38951439699326
08-08 06:00:00,170.65525399440506
08-08 07:00:00,460.10698125141533
08-08 08:00:00,724.4915193304265
08-08 09:00:00,808.8294252282583
08-08 10:00:00,986.4692790596392
08-08 11:00:00,892.2021600248684
08-08 12:00:00,707.334384275444
08-08 13:00:00,713.0937643463453
08-08 14:00:00,795.339411046483
08-08 15:00:00,779.0952373149544
08-08 16:00:00,665.5638786278173
08-08 17:00:00,700.046518934265
08-08 18:00:00,1239.2964387421457
08-08 19:00:00,1661.9605752894802
08-08 20:00:00,1855.3086822824328
08-08 21:00:00,1634.2971438573904
08-08 22:00:00,1291.7928928924305
08-08 23:00:00,1067.943760905728
08-09 00:00:00,841.923969168354
08-09 01:00:00,635.7455759176145
08-09 02:00:00,494.83818505826446
08-09 03:00:00,326.6287746635372
08-09 04:00:00,196.10721645447234
08-09 05:00:00,144.8325717672907
08-09 06:00:00,139.3186966954468
08-09 07:00:00,433.8936657824626
08-09 08:00:00,634.5366245682708
08-09 09:00:00,797.6680360585336
08-09 10:00:00,983.1584462967104
08-09 11:00:00,832.9081658457573
08-09 12:00:00,769.4633488636626
08-09 13:00:00,756.1051263624472
08-09 14:00:00,648.6513938563071
08-09 15:00:00,801.3145870815279
08-09 16:00:00,770.8882281645397
08-09 17:00:00,811.8507186099476
08-09 18:00:00,1232.5066652517562
08-09 19:00:00,1538.8763143513954
08-09 20:00:00,1575.1575594512747
08-09 21:00:00,1475.0435291672932
08-09 22:00:00,1176.255817305265
08-09 23:00:00,992.5414578113938
08-10 00:00:00,773.6346144911114
08-10 01:00:00,538.1886609995947
08-10 02:00:00,376.7474304649115
08-10 03:00:00,251.8392097562791
08-10 04:00:00,169.18182108977206
08-10 05:00:00,147.63968063848293
08-10 06:00:00,135.1120825695087
08-10 07:00:00,387.680639195075
08-10 08:00:00,601.3079146575242
08-10 09:00:00,749.9453687697103
08-10 10:00:00,836.4322287788418
08-10 11:00:00,824.9617011545682
08-10 12:00:00,809.7449297548288
08-10 13:00:00,852.1954226759457
08-10 14:00:00,901.1515713816959
08-10 15:00:00,730.7752459191144
08-10 16:00:00,720.1312808588091
08-10 17:00:00,915.9107316990686
08-10 18:00:00,1365.671094201422
08-10 19:00:00,1738.4927508958451
08-10 20:00:00,1785.3614103625614
08-10 21:00:00,1442.0021470917682
08-10 22:00:00,1145.2266044216508
08-10 23:00:00,892.2424828446945
08-11 00:00:00,708.7417679261308
08-11 01:00:00,528.5078128713718
08-11 02:00:00,513.7300294466278
08-11 03:00:00,359.3899551857304
08-11 04:00:00,294.2129907634721
08-11 05:00:00,163.79203520336077
08-11 06:00:00,119.06608693630577
08-11 07:00:00,159.1333439069574
08-11 08:00:00,304.4434578047099
08-11 09:00:00,483.14431099639944
08-11 10:00:00,561.5967188436031
08-11 11:00:00,890.8419531278588
08-11 12:00:00,899.1680062068677
08-11 13:00:00,742.5644931403035
08-11 14:00:00,854.0462964803338
08-11 15:00:00,846.1224639889526
08-11 16:00:00,985.6177534843567
08-11 17:00:00,1087.1364911117219
08-11 18:00:00,1137.707763639837
08-11 19:00:00,1170.663286663673
08-11 20:00:00,1106.3611848880792
08-11 21:00:00,933.4854056977525
08-11 22:00:00,667.475339619101
08-11 23:00:00,652.5915842668428
08-12 00:00:00,646.8248907311211
08-12 01:00:00,553.9833444498065
08-12 02:00:00,460.76961656441756
08-12 03:00:00,400.2376643160406
08-12 04:00:00,243.3700274227319
08-12 05:00:00,133.73183089227538
08-12 06:00:00,126.56521326544922
08-12 07:00:00,117.18199695324955
08-12 08:00:00,118.39031836288795
08-12 09:00:00,426.96687464374094
08-12 10:00:00,627.2684794551576
08-12 11:00:00,663.049410966271
08-12 12:00:00,534.6442320485379
08-12 13:00:00,568.8775737980451
08-12 14:00:00,536.6342850966956
08-12 15:00:00,562.3508009569033
08-12 16:00:00,640.4074556766052
08-12 17:00:00,848.5553498501147
08-12 18:00:00,1075.916725225605
08-12 19:00:00,1260.5414839981913
08-12 20:00:00,1231.1052724873582
08-12 21:00:00,988.9413686154231
08-12 22:00:00,843.6073024959132
08-12 23:00:00,713.3476550865079
08-13 00:00:00,547.8731921723852
08-13 01:00:00,359.4274830044825
08-13 02:00:00,278.12106895875036
08-13 03:00:00,217.93366289660102
08-13 04:00:00,188.9811538459798
08-13 05:00:00,142.73246344927136
08-13 06:00:00,161.4922532431664
08-13 07:00:00,416.05150855527495
08-13 08:00:00,688.6489200241558
08-13 09:00:00,846.5525775677798
08-13 10:00:00,803.1377912308116
08-13 11:00:00,769.1014107042938
08-13 12:00:00,661.8946107969807
08-13 13:00:00,758.7301079913449
08-13 14:00:00,860.1340115277753
08-13 15:00:00,1066.8998764972794
08-13 16:00:00,710.1965440165699
08-13 17:00:00,880.0580791078003
08-13 18:00:00,1286.8607126919048
08-13 19:00:00,1840.664375125009
08-13 20:00:00,1834.9636445120962
08-13 21:00:00,1620.0648583957209
08-13 22:00:00,1408.18311084908
08-13 23:00:00,1163.7130675397045
08-14 00:00:00,922.2159156510276
08-14 01:00:00,623.9408470511996
08-14 02:00:00,430.4298132387145
08-14 03:00:00,266.2604515496847
08-14 04:00:00,196.34049973682878
08-14 05:00:00,156.05810024195983
08-14 06:00:00,181.65484433221417
08-14 07:00:00,422.2341501457769
08-14 08:00:00,747.8750433576025
08-14 09:00:00,826.8996363996948
08-14 10:00:00,891.7614707991579
08-14 11:00:00,682.0882750078381
08-14 12:00:00,787.0429013081759
08-14 13:00:00,912.4760882676984
08-14 14:00:00,880.6266594088032
08-14 15:00:00,941.9257018797728
08-14 16:00:00,841.6231196141274
08-14 17:00:00,920.3809530652608
08-14 18:00:00,1079.8053753758918
08-14 19:00:00,1520.5347828590625
08-14 20:00:00,1692.9314438193353
08-14 21:00:00,1621.999609306423
08-14 22:00:00,1203.8925630012511
08-14 23:00:00,986.1991160019753
08-15 00:00:00,741.9044724963552
08-15 01:00:00,540.3982761687873
08-15 02:00:00,342.99229689745397
08-15 03:00:00,248.14353374105545
08-15 04:00:00,171.1526420344917
08-15 05:00:00,118.38951439699326
08-15 06:00:00,170.65525399440506
08-15 07:00:00,460.10698125141533
08-15 08:00:00,724.4915193304265
08-15 09:00:00,808.8294252282583
08-15 10:00:00,986.4692790596392
08-15 11:00:00,892.2021600248684
08-15 12:00:00,707.334384275444
08-15 13:00:00,713.0937643463453
08-15 14:00:00,795.339411046483
08-15 15:00:00,779.0952373149544
08-15 16:00:00,665.5638786278173
08-15 17:00:00,700.046518934265
08-15 18:00:00,1239.2964387421457
08-15 19:00:00,1661.9605752894802
08-15 20:00:00,1855.3086822824328
08-15 21:00:00,1634.2971438573904
08-15 22:00:00,1291.7928928924305
08-15 23:00:00,1067.943760905728
08-16 00:00:00,841.923969168354
08-16 01:00:00,635.7455759176145
08-16 02:00:00,494.83818505826446
08-16 03:00:00,326.6287746635372
08-16 04:00:00,196.10721645447234
08-16 05:00:00,144.8325717672907
08-16 06:00:00,139.3186966954468
08-16 07:00:00,433.8936657824626
08-16 08:00:00,634.5366245682708
08-16 09:00:00,797.6680360585336
08-16 10:00:00,983.1584462967104
08-16 11:00:00,832.9081658457573
08-16 12:00:00,769.4633488636626
08-16 13:00:00,756.1051263624472
08-16 14:00:00,648.6513938563071
08-16 15:00:00,801.3145870815279
08-16 16:00:00,770.8882281645397
08-16 17:00:00,811.8507186099476
08-16 18:00:00,1232.5066652517562
08-16 19:00:00,1538.8763143513954
08-16 20:00:00,1575.1575594512747
08-16 21:00:00,1475.0435291672932
08-16 22:00:00,1176.255817305265
08-16 23:00:00,992.5414578113938
08-17 00:00:00,773.6346144911114
08-17 01:00:00,538.1886609995947
08-17 02:00:00,376.7474304649115
08-17 03:00:00,251.8392097562791
08-17 04:00:00,169.18182108977206
08-17 05:00:00,147.63968063848293
08-17 06:00:00,135.1120825695087
08-17 07:00:00,387.680639195075
08-17 08:00:00,601.3079146575242
08-17 09:00:00,749.9453687697103
08-17 10:00:00,836.4322287788418
08-17 11:00:00,824.9617011545682
08-17 12:00:00,809.7449297548288
08-17 13:00:00,852.1954226759457
08-17 14:00:00,901.1515713816959
08-17 15:00:00,730.7752459191144
08-17 16:00:00,720.1312808588091
08-17 17:00:00,915.9107316990686
08-17 18:00:00,1365.671094201422
08-17 19:00:00,1738.4927508958451
08-17 20:00:00,1785.3614103625614
08-17 21:00:00,1442.0021470917682
08-17 22:00:00,1145.2266044216508
08-17 23:00:00,892.2424828446945
08-18 00:00:00,708.7417679261308
08-18 01:00:00,528.5078128713718
08-18 02:00:00,513.7300294466278
08-18 03:00:00,359.3899551857304
08-18 04:00:00,294.2129907634721
08-18 05:00:00,163.79203520336077
08-18 06:00:00,119.06608693630577
08-18 07:00:00,159.1333439069574
08-18 08:00:00,304.4434578047099
08-18 09:00:00,483.14431099639944
08-18 10:00:00,561.5967188436031
08-18 11:00:00,890.8419531278588
08-18 12:00:00,899.1680062068677
08-18 13:00:00,742.5644931403035
08-18 14:00:00,854.0462964803338
08-18 15:00:00,846.1224639889526
08-18 16:00:00,985.6177534843567
08-18 17:00:00,1087.1364911117219
08-18 18:00:00,1137.707763639837
08-18 19:00:00,1170.663286663673
08-18 20:00:00,1106.3611848880792
08-18 21:00:00,933.4854056977525
08-18 22:00:00,667.475339619101
08-18 23:00:00,652.5915842668428
08-19 00:00:00,646.8248907311211
08-19 01:00:00,553.9833444498065
08-19 02:00:00,460.76961656441756
08-19 03:00:00,400.2376643160406
08-19 04:00:00,243.3700274227319
08-19 05:00:00,133.73183089227538
08-19 06:00:00,126.56521326544922
08-19 07:00:00,117.18199695324955
08-19 08:00:00,118.39031836288795
08-19 09:00:00,426.96687464374094
08-19 10:00:00,627.2684794551576
08-19 11:00:00,663.049410966271
08-19 12:00:00,534.6442320485379
08-19 13:00:00,568.8775737980451
08-19 14:00:00,536.6342850966956
08-19 15:00:00,562.3508009569033
08-19 16:00:00,640.4074556766052
08-19 17:00:00,848.5553498501147
08-19 18:00:00,1075.916725225605
08-19 19:00:00,1260.5414839981913
08-19 20:00:00,1231.1052724873582
08-19 21:00:00,988.9413686154231
08-19 22:00:00,843.6073024959132
08-19 23:00:00,713.3476550865079
08-20 00:00:00,547.8731921723852
08-20 01:00:00,359.4274830044825
08-20 02:00:00,278.12106895875036
08-20 03:00:00,217.93366289660102
08-20 04:00:00,188.9811538459798
08-20 05:00:00,142.73246344927136
08-20 06:00:00,161.4922532431664
08-20 07:00:00,416.05150855527495
08-20 08:00:00,688.6489200241558
08-20 09:00:00,846.5525775677798
08-20 10:00:00,803.1377912308116
08-20 11:00:00,769.1014107042938
08-20 12:00:00,661.8946107969807
08-20 13:00:00,758.7301079913449
08-20 14:00:00,860.1340115277753
08-20 15:00:00,1066.8998764972794
08-20 16:00:00,710.1965440165699
08-20 17:00:00,880.0580791078003
08-20 18:00:00,1286.8607126919048
08-20 19:00:00,1840.664375125009
08-20 20:00:00,1834.9636445120962
08-20 21:00:00,1620.0648583957209
08-20 22:00:00,1408.18311084908
08-20 23:00:00,1163.7130675397045
08-21 00:00:00,922.2159156510276
08-21 01:00:00,623.9408470511996
08-21 02:00:00,430.4298132387145
08-21 03:00:00,266.2604515496847
08-21 04:00:00,196.34049973682878
08-21 05:00:00,156.05810024195983
08-21 06:00:00,181.65484433221417
08-21 07:00:00,422.2341501457769
08-21 08:00:00,747.8750433576025
08-21 09:00:00,826.8996363996948
08-21 10:00:00,891.7614707991579
08-21 11:00:00,682.0882750078381
08-21 12:00:00,787.0429013081759
08-21 13:00:00,912.4760882676984
08-21 14:00:00,880.6266594088032
08-21 15:00:00,941.9257018797728
08-21 16:00:00,841.6231196141274
08-21 17:00:00,920.3809530652608
08-21 18:00:00,1079.8053753758918
08-21 19:00:00,1520.5347828590625
08-21 20:00:00,1692.9314438193353
08-21 21:00:00,1621.999609306423
08-21 22:00:00,1203.8925630012511
08-21 23:00:00,986.1991160019753
08-22 00:00:00,741.9044724963552
08-22 01:00:00,540.3982761687873
08-22 02:00:00,342.99229689745397
08-22 03:00:00,248.14353374105545
08-22 04:00:00,171.1526420344917
08-22 05:00:00,118.38951439699326
08-22 06:00:00,170.65525399440506
08-22 07:00:00,460.10698125141533
08-22 08:00:00,724.4915193304265
08-22 09:00:00,808.8294252282583
08-22 10:00:00,986.4692790596392
08-22 11:00:00,892.2021600248684
08-22 12:00:00,707.334384275444
08-22 13:00:00,713.0937643463453
08-22 14:00:00,795.339411046483
08-22 15:00:00,779.0952373149544
08-22 16:00:00,665.5638786278173
08-22 17:00:00,700.046518934265
08-22 18:00:00,1239.2964387421457
08-22 19:00:00,1661.9605752894802
08-22 20:00:00,1855.3086822824328
08-22 21:00:00,1634.2971438573904
08-22 22:00:00,1291.7928928924305
08-22 23:00:00,1067.943760905728
08-23 00:00:00,841.923969168354
08-23 01:00:00,635.7455759176145
08-23 02:00:00,494.83818505826446
08-23 03:00:00,326.6287746635372
08-23 04:00:00,196.10721645447234
08-23 05:00:00,144.8325717672907
08-23 06:00:00,139.3186966954468
08-23 07:00:00,433.8936657824626
08-23 08:00:00,634.5366245682708
08-23 09:00:00,797.6680360585336
08-23 10:00:00,983.1584462967104
08-23 11:00:00,832.9081658457573
08-23 12:00:00,769.4633488636626
08-23 13:00:00,756.1051263624472
08-23 14:00:00,648.6513938563071
08-23 15:00:00,801.3145870815279
08-23 16:00:00,770.8882281645397
08-23 17:00:00,811.8507186099476
08-23 18:00:00,1232.5066652517562
08-23 19:00:00,1538.8763143513954
08-23 20:00:00,1575.1575594512747
08-23 21:00:00,1475.0435291672932
08-23 22:00:00,1176.255817305265
08-23 23:00:00,992.5414578113938
08-24 00:00:00,773.6346144911114
08-24 01:00:00,538.1886609995947
08-24 02:00:00,376.7474304649115
08-24 03:00:00,251.8392097562791
08-24 04:00:00,169.18182108977206
08-24 05:00:00,147.63968063848293
08-24 06:00:00,135.1120825695087
08-24 07:00:00,387.680639195075
08-24 08:00:00,601.3079146575242
08-24 09:00:00,749.9453687697103
08-24 10:00:00,836.4322287788418
08-24 11:00:00,824.9617011545682
08-24 12:00:00,809.7449297548288
08-24 13:00:00,852.1954226759457
08-24 14:00:00,901.1515713816959
08-24 15:00:00,730.7752459191144
08-24 16:00:00,720.1312808588091
08-24 17:00:00,915.9107316990686
08-24 18:00:00,1365.671094201422
08-24 19:00:00,1738.4927508958451
08-24 20:00:00,1785.3614103625614
08-24 21:00:00,1442.0021470917682
08-24 22:00:00,1145.2266044216508
08-24 23:00:00,892.2424828446945
08-25 00:00:00,708.7417679261308
08-25 01:00:00,528.5078128713718
08-25 02:00:00,513.7300294466278
08-25 03:00:00,359.3899551857304
08-25 04:00:00,294.2129907634721
08-25 05:00:00,163.79203520336077
08-25 06:00:00,119.06608693630577
08-25 07:00:00,159.1333439069574
08-25 08:00:00,304.4434578047099
08-25 09:00:00,483.14431099639944
08-25 10:00:00,561.5967188436031
08-25 11:00:00,890.8419531278588
08-25 12:00:00,899.1680062068677
08-25 13:00:00,742.5644931403035
08-25 14:00:00,854.0462964803338
08-25 15:00:00,846.1224639889526
08-25 16:00:00,985.6177534843567
08-25 17:00:00,1087.1364911117219
08-25 18:00:00,1137.707763639837
08-25 19:00:00,1170.663286663673
08-25 20:00:00,1106.3611848880792
08-25 21:00:00,933.4854056977525
08-25 22:00:00,667.475339619101
08-25 23:00:00,652.5915842668428
08-26 00:00:00,646.8248907311211
08-26 01:00:00,553.9833444498065
08-26 02:00:00,460.76961656441756
08-26 03:00:00,400.2376643160406
08-26 04:00:00,243.3700274227319
08-26 05:00:00,133.73183089227538
08-26 06:00:00,126.56521326544922
08-26 07:00:00,117.18199695324955
08-26 08:00:00,118.39031836288795
08-26 09:00:00,426.96687464374094
08-26 10:00:00,627.2684794551576
08-26 11:00:00,663.049410966271
08-26 12:00:00,534.6442320485379
08-26 13:00:00,568.8775737980451
08-26 14:00:00,536.6342850966956
08-26 15:00:00,562.3508009569033
08-26 16:00:00,640.4074556766052
08-26 17:00:00,848.5553498501147
08-26 18:00:00,1075.916725225605
08-26 19:00:00,1260.5414839981913
08-26 20:00:00,1231.1052724873582
08-26 21:00:00,988.9413686154231
08-26 22:00:00,843.6073024959132
08-26 23:00:00,713.3476550865079
08-27 00:00:00,547.8731921723852
08-27 01:00:00,359.4274830044825
08-27 02:00:00,278.12106895875036
08-27 03:00:00,217.93366289660102
08-27 04:00:00,188.9811538459798
08-27 05:00:00,142.73246344927136
08-27 06:00:00,161.4922532431664
08-27 07:00:00,416.05150855527495
08-27 08:00:00,688.6489200241558
08-27 09:00:00,846.5525775677798
08-27 10:00:00,803.1377912308116
08-27 11:00:00,769.1014107042938
08-27 12:00:00,661.8946107969807
08-27 13:00:00,758.7301079913449
08-27 14:00:00,860.1340115277753
08-27 15:00:00,1066.8998764972794
08-27 16:00:00,710.1965440165699
08-27 17:00:00,880.0580791078003
08-27 18:00:00,1286.8607126919048
08-27 19:00:00,1840.664375125009
08-27 20:00:00,1834.9636445120962
08-27 21:00:00,1620.0648583957209
08-27 22:00:00,1408.18311084908
08-27 23:00:00,1163.7130675397045
08-28 00:00:00,922.2159156510276
08-28 01:00:00,623.9408470511996
08-28 02:00:00,430.4298132387145
08-28 03:00:00,266.2604515496847
08-28 04:00:00,196.34049973682878
08-28 05:00:00,156.05810024195983
08-28 06:00:00,181.65484433221417
08-28 07:00:00,422.2341501457769
08-28 08:00:00,747.8750433576025
08-28 09:00:00,826.8996363996948
08-28 10:00:00,891.7614707991579
08-28 11:00:00,682.0882750078381
08-28 12:00:00,787.0429013081759
08-28 13:00:00,912.4760882676984
08-28 14:00:00,880.6266594088032
08-28 15:00:00,941.9257018797728
08-28 16:00:00,841.6231196141274
08-28 17:00:00,920.3809530652608
08-28 18:00:00,1079.8053753758918
08-28 19:00:00,1520.5347828590625
08-28 20:00:00,1692.9314438193353
08-28 21:00:00,1621.999609306423
08-28 22:00:00,1203.8925630012511
08-28 23:00:00,986.1991160019753
08-29 00:00:00,741.9044724963552
08-29 01:00:00,540.3982761687873
08-29 02:00:00,342.99229689745397
08-29 03:00:00,248.14353374105545
08-29 04:00:00,171.1526420344917
08-29 05:00:00,118.38951439699326
08-29 06:00:00,170.65525399440506
08-29 07:00:00,460.10698125141533
08-29 08:00:00,724.4915193304265
08-29 09:00:00,808.8294252282583
08-29 10:00:00,986.4692790596392
08-29 11:00:00,892.2021600248684
08-29 12:00:00,707.334384275444
08-29 13:00:00,713.0937643463453
08-29 14:00:00,795.339411046483
08-29 15:00:00,779.0952373149544
08-29 16:00:00,665.5638786278173
08-29 17:00:00,700.046518934265
08-29 18:00:00,1239.2964387421457
08-29 19:00:00,1661.9605752894802
08-29 20:00:00,1855.3086822824328
08-29 21:00:00,1634.2971438573904
08-29 22:00:00,1291.7928928924305
08-29 23:00:00,1067.943760905728
08-30 00:00:00,841.923969168354
08-30 01:00:00,635.7455759176145
08-30 02:00:00,494.83818505826446
08-30 03:00:00,326.6287746635372
08-30 04:00:00,196.10721645447234
08-30 05:00:00,144.8325717672907
08-30 06:00:00,139.3186966954468
08-30 07:00:00,433.8936657824626
08-30 08:00:00,634.5366245682708
08-30 09:00:00,797.6680360585336
08-30 10:00:00,983.1584462967104
08-30 11:00:00,832.9081658457573
08-30 12:00:00,769.4633488636626
08-30 13:00:00,756.1051263624472
08-30 14:00:00,648.6513938563071
08-30 15:00:00,801.3145870815279
08-30 16:00:00,770.8882281645397
08-30 17:00:00,811.8507186099476
08-30 18:00:00,1232.5066652517562
08-30 19:00:00,1538.8763143513954
08-30 20:00:00,1575.1575594512747
08-30 21:00:00,1475.0435291672932
08-30 22:00:00,1176.255817305265
08-30 23:00:00,992.5414578113938
08-31 00:00:00,773.6346144911114
08-31 01:00:00,538.1886609995947
08-31 02:00:00,376.7474304649115
08-31 03:00:00,251.8392097562791
08-31 04:00:00,169.18182108977206
08-31 05:00:00,147.63968063848293
08-31 06:00:00,135.1120825695087
08-31 07:00:00,387.680639195075
08-31 08:00:00,601.3079146575242
08-31 09:00:00,749.9453687697103
08-31 10:00:00,836.4322287788418
08-31 11:00:00,824.9617011545682
08-31 12:00:00,809.7449297548288
08-31 13:00:00,852.1954226759457
08-31 14:00:00,901.1515713816959
08-31 15:00:00,730.7752459191144
08-31 16:00:00,720.1312808588091
08-31 17:00:00,915.9107316990686
08-31 18:00:00,1365.671094201422
08-31 19:00:00,1738.4927508958451
08-31 20:00:00,1785.3614103625614
08-31 21:00:00,1442.0021470917682
08-31 22:00:00,1145.2266044216508
08-31 23:00:00,892.2424828446945
09-01 00:00:00,708.7417679261308
09-01 01:00:00,528.5078128713718
09-01 02:00:00,513.7300294466278
09-01 03:00:00,359.3899551857304
09-01 04:00:00,294.2129907634721
09-01 05:00:00,163.79203520336077
09-01 06:00:00,119.06608693630577
09-01 07:00:00,159.1333439069574
09-01 08:00:00,304.4434578047099
09-01 09:00:00,483.14431099639944
09-01 10:00:00,561.5967188436031
09-01 11:00:00,890.8419531278588
09-01 12:00:00,899.1680062068677
09-01 13:00:00,742.5644931403035
09-01 14:00:00,854.0462964803338
09-01 15:00:00,846.1224639889526
09-01 16:00:00,985.6177534843567
09-01 17:00:00,1087.1364911117219
09-01 18:00:00,1137.707763639837
09-01 19:00:00,1170.663286663673
09-01 20:00:00,1106.3611848880792
09-01 21:00:00,933.4854056977525
09-01 22:00:00,667.475339619101
09-01 23:00:00,652.5915842668428
09-02 00:00:00,646.8248907311211
09-02 01:00:00,553.9833444498065
09-02 02:00:00,460.76961656441756
09-02 03:00:00,400.2376643160406
09-02 04:00:00,243.3700274227319
09-02 05:00:00,133.73183089227538
09-02 06:00:00,126.56521326544922
09-02 07:00:00,117.18199695324955
09-02 08:00:00,118.39031836288795
09-02 09:00:00,426.96687464374094
09-02 10:00:00,627.2684794551576
09-02 11:00:00,663.049410966271
09-02 12:00:00,534.6442320485379
09-02 13:00:00,568.8775737980451
09-02 14:00:00,536.6342850966956
09-02 15:00:00,562.3508009569033
09-02 16:00:00,640.4074556766052
09-02 17:00:00,848.5553498501147
09-02 18:00:00,1075.916725225605
09-02 19:00:00,1260.5414839981913
09-02 20:00:00,1231.1052724873582
09-02 21:00:00,988.9413686154231
09-02 22:00:00,843.6073024959132
09-02 23:00:00,713.3476550865079
09-03 00:00:00,547.8731921723852
09-03 01:00:00,359.4274830044825
09-03 02:00:00,278.12106895875036
09-03 03:00:00,217.93366289660102
09-03 04:00:00,188.9811538459798
09-03 05:00:00,142.73246344927136
09-03 06:00:00,161.4922532431664
09-03 07:00:00,416.05150855527495
09-03 08:00:00,688.6489200241558
09-03 09:00:00,846.5525775677798
09-03 10:00:00,803.1377912308116
09-03 11:00:00,769.1014107042938
09-03 12:00:00,661.8946107969807
09-03 13:00:00,758.7301079913449
09-03 14:00:00,860.1340115277753
09-03 15:00:00,1066.8998764972794
09-03 16:00:00,710.1965440165699
09-03 17:00:00,880.0580791078003
09-03 18:00:00,1286.8607126919048
09-03 19:00:00,1840.664375125009
09-03 20:00:00,1834.9636445120962
09-03 21:00:00,1620.0648583957209
09-03 22:00:00,1408.18311084908
09-03 23:00:00,1163.7130675397045
09-04 00:00:00,922.2159156510276
09-04 01:00:00,623.9408470511996
09-04 02:00:00,430.4298132387145
09-04 03:00:00,266.2604515496847
09-04 04:00:00,196.34049973682878
09-04 05:00:00,156.05810024195983
09-04 06:00:00,181.65484433221417
09-04 07:00:00,422.2341501457769
09-04 08:00:00,747.8750433576025
09-04 09:00:00,826.8996363996948
09-04 10:00:00,891.7614707991579
09-04 11:00:00,682.0882750078381
09-04 12:00:00,787.0429013081759
09-04 13:00:00,912.4760882676984
09-04 14:00:00,880.6266594088032
09-04 15:00:00,941.9257018797728
09-04 16:00:00,841.6231196141274
09-04 17:00:00,920.3809530652608
09-04 18:00:00,1079.8053753758918
09-04 19:00:00,1520.5347828590625
09-04 20:00:00,1692.9314438193353
09-04 21:00:00,1621.999609306423
09-04 22:00:00,1203.8925630012511
09-04 23:00:00,986.1991160019753
09-05 00:00:00,741.9044724963552
09-05 01:00:00,540.3982761687873
09-05 02:00:00,342.99229689745397
09-05 03:00:00,248.14353374105545
09-05 04:00:00,171.1526420344917
09-05 05:00:00,118.38951439699326
09-05 06:00:00,170.65525399440506
09-05 07:00:00,460.10698125141533
09-05 08:00:00,724.4915193304265
09-05 09:00:00,808.8294252282583
09-05 10:00:00,986.4692790596392
09-05 11:00:00,892.2021600248684
09-05 12:00:00,707.334384275444
09-05 13:00:00,713.0937643463453
09-05 14:00:00,795.339411046483
09-05 15:00:00,779.0952373149544
09-05 16:00:00,665.5638786278173
09-05 17:00:00,700.046518934265
09-05 18:00:00,1239.2964387421457
09-05 19:00:00,1661.9605752894802
09-05 20:00:00,1855.3086822824328
09-05 21:00:00,1634.2971438573904
09-05 22:00:00,1291.7928928924305
09-05 23:00:00,1067.943760905728
09-06 00:00:00,841.923969168354
09-06 01:00:00,635.7455759176145
09-06 02:00:00,494.83818505826446
09-06 03:00:00,326.6287746635372
09-06 04:00:00,196.10721645447234
09-06 05:00:00,144.8325717672907
09-06 06:00:00,139.3186966954468
09-06 07:00:00,433.8936657824626
09-06 08:00:00,634.5366245682708
09-06 09:00:00,797.6680360585336
09-06 10:00:00,983.1584462967104
09-06 11:00:00,832.9081658457573
09-06 12:00:00,769.4633488636626
09-06 13:00:00,756.1051263624472
09-06 14:00:00,648.6513938563071
09-06 15:00:00,801.3145870815279
09-06 16:00:00,770.8882281645397
09-06 17:00:00,811.8507186099476
09-06 18:00:00,1232.5066652517562
09-06 19:00:00,1538.8763143513954
09-06 20:00:00,1575.1575594512747
09-06 21:00:00,1475.0435291672932
09-06 22:00:00,1176.255817305265
09-06 23:00:00,992.5414578113938
09-07 00:00:00,773.6346144911114
09-07 01:00:00,538.1886609995947
09-07 02:00:00,376.7474304649115
09-07 03:00:00,251.8392097562791
09-07 04:00:00,169.18182108977206
09-07 05:00:00,147.63968063848293
09-07 06:00:00,135.1120825695087
09-07 07:00:00,387.680639195075
09-07 08:00:00,601.3079146575242
09-07 09:00:00,749.9453687697103
09-07 10:00:00,836.4322287788418
09-07 11:00:00,824.9617011545682
09-07 12:00:00,809.7449297548288
09-07 13:00:00,852.1954226759457
09-07 14:00:00,901.1515713816959
09-07 15:00:00,730.7752459191144
09-07 16:00:00,720.1312808588091
09-07 17:00:00,915.9107316990686
09-07 18:00:00,1365.671094201422
09-07 19:00:00,1738.4927508958451
09-07 20:00:00,1785.3614103625614
09-07 21:00:00,1442.0021470917682
09-07 22:00:00,1145.2266044216508
09-07 23:00:00,892.2424828446945
09-08 00:00:00,708.7417679261308
09-08 01:00:00,528.5078128713718
09-08 02:00:00,513.7300294466278
09-08 03:00:00,359.3899551857304
09-08 04:00:00,294.2129907634721
09-08 05:00:00,163.79203520336077
09-08 06:00:00,119.06608693630577
09-08 07:00:00,159.1333439069574
09-08 08:00:00,304.4434578047099
09-08 09:00:00,483.14431099639944
09-08 10:00:00,561.5967188436031
09-08 11:00:00,890.8419531278588
09-08 12:00:00,899.1680062068677
09-08 13:00:00,742.5644931403035
09-08 14:00:00,854.0462964803338
09-08 15:00:00,846.1224639889526
09-08 16:00:00,985.6177534843567
09-08 17:00:00,1087.1364911117219
09-08 18:00:00,1137.707763639837
09-08 19:00:00,1170.663286663673
09-08 20:00:00,1106.3611848880792
09-08 21:00:00,933.4854056977525
09-08 22:00:00,667.475339619101
09-08 23:00:00,652.5915842668428
09-09 00:00:00,646.8248907311211
09-09 01:00:00,553.9833444498065
09-09 02:00:00,460.76961656441756
09-09 03:00:00,400.2376643160406
09-09 04:00:00,243.3700274227319
09-09 05:00:00,133.73183089227538
09-09 06:00:00,126.56521326544922
09-09 07:00:00,117.18199695324955
09-09 08:00:00,118.39031836288795
09-09 09:00:00,426.96687464374094
09-09 10:00:00,627.2684794551576
09-09 11:00:00,663.049410966271
09-09 12:00:00,534.6442320485379
09-09 13:00:00,568.8775737980451
09-09 14:00:00,536.6342850966956
09-09 15:00:00,562.3508009569033
09-09 16:00:00,640.4074556766052
09-09 17:00:00,848.5553498501147
09-09 18:00:00,1075.916725225605
09-09 19:00:00,1260.5414839981913
09-09 20:00:00,1231.1052724873582
09-09 21:00:00,988.9413686154231
09-09 22:00:00,843.6073024959132
09-09 23:00:00,713.3476550865079
09-10 00:00:00,547.8731921723852
09-10 01:00:00,359.4274830044825
09-10 02:00:00,278.12106895875036
09-10 03:00:00,217.93366289660102
09-10 04:00:00,188.9811538459798
09-10 05:00:00,142.73246344927136
09-10 06:00:00,161.4922532431664
09-10 07:00:00,416.05150855527495
09-10 08:00:00,688.6489200241558
09-10 09:00:00,846.5525775677798
09-10 10:00:00,803.1377912308116
09-10 11:00:00,769.1014107042938
09-10 12:00:00,661.8946107969807
09-10 13:00:00,758.7301079913449
09-10 14:00:00,860.1340115277753
09-10 15:00:00,1066.8998764972794
09-10 16:00:00,710.1965440165699
09-10 17:00:00,880.0580791078003
09-10 18:00:00,1286.8607126919048
09-10 19:00:00,1840.664375125009
09-10 20:00:00,1834.9636445120962
09-10 21:00:00,1620.0648583957209
09-10 22:00:00,1408.18311084908
09-10 23:00:00,1163.7130675397045
09-11 00:00:00,922.2159156510276
09-11 01:00:00,623.9408470511996
09-11 02:00:00,430.4298132387145
09-11 03:00:00,266.2604515496847
09-11 04:00:00,196.34049973682878
09-11 05:00:00,156.05810024195983
09-11 06:00:00,181.65484433221417
09-11 07:00:00,422.2341501457769
09-11 08:00:00,747.8750433576025
09-11 09:00:00,826.8996363996948
09-11 10:00:00,891.7614707991579
09-11 11:00:00,682.0882750078381
09-11 12:00:00,787.0429013081759
09-11 13:00:00,912.4760882676984
09-11 14:00:00,880.6266594088032
09-11 15:00:00,941.9257018797728
09-11 16:00:00,841.6231196141274
09-11 17:00:00,920.3809530652608
09-11 18:00:00,1079.8053753758918
09-11 19:00:00,1520.5347828590625
09-11 20:00:00,1692.9314438193353
09-11 21:00:00,1621.999609306423
09-11 22:00:00,1203.8925630012511
09-11 23:00:00,986.1991160019753
09-12 00:00:00,741.9044724963552
09-12 01:00:00,540.3982761687873
09-12 02:00:00,342.99229689745397
09-12 03:00:00,248.14353374105545
09-12 04:00:00,171.1526420344917
09-12 05:00:00,118.38951439699326
09-12 06:00:00,170.65525399440506
09-12 07:00:00,460.10698125141533
09-12 08:00:00,724.4915193304265
09-12 09:00:00,808.8294252282583
09-12 10:00:00,986.4692790596392
09-12 11:00:00,892.2021600248684
09-12 12:00:00,707.334384275444
09-12 13:00:00,713.0937643463453
09-12 14:00:00,795.339411046483
09-12 15:00:00,779.0952373149544
09-12 16:00:00,665.5638786278173
09-12 17:00:00,700.046518934265
09-12 18:00:00,1239.2964387421457
09-12 19:00:00,1661.9605752894802
09-12 20:00:00,1855.3086822824328
09-12 21:00:00,1634.2971438573904
09-12 22:00:00,1291.7928928924305
09-12 23:00:00,1067.943760905728
09-13 00:00:00,841.923969168354
09-13 01:00:00,635.7455759176145
09-13 02:00:00,494.83818505826446
09-13 03:00:00,326.6287746635372
09-13 04:00:00,196.10721645447234
09-13 05:00:00,144.8325717672907
09-13 06:00:00,139.3186966954468
09-13 07:00:00,433.8936657824626
09-13 08:00:00,634.5366245682708
09-13 09:00:00,797.6680360585336
09-13 10:00:00,983.1584462967104
09-13 11:00:00,832.9081658457573
09-13 12:00:00,769.4633488636626
09-13 13:00:00,756.1051263624472
09-13 14:00:00,648.6513938563071
09-13 15:00:00,801.3145870815279
09-13 16:00:00,770.8882281645397
09-13 17:00:00,811.8507186099476
09-13 18:00:00,1232.5066652517562
09-13 19:00:00,1538.8763143513954
09-13 20:00:00,1575.1575594512747
09-13 21:00:00,1475.0435291672932
09-13 22:00:00,1176.255817305265
09-13 23:00:00,992.5414578113938
09-14 00:00:00,773.6346144911114
09-14 01:00:00,538.1886609995947
09-14 02:00:00,376.7474304649115
09-14 03:00:00,251.8392097562791
09-14 04:00:00,169.18182108977206
09-14 05:00:00,147.63968063848293
09-14 06:00:00,135.1120825695087
09-14 07:00:00,387.680639195075
09-14 08:00:00,601.3079146575242
09-14 09:00:00,749.9453687697103
09-14 10:00:00,836.4322287788418
09-14 11:00:00,824.9617011545682
09-14 12:00:00,809.7449297548288
09-14 13:00:00,852.1954226759457
09-14 14:00:00,901.1515713816959
09-14 15:00:00,730.7752459191144
09-14 16:00:00,720.1312808588091
09-14 17:00:00,915.9107316990686
09-14 18:00:00,1365.671094201422
09-14 19:00:00,1738.4927508958451
09-14 20:00:00,1785.3614103625614
09-14 21:00:00,1442.0021470917682
09-14 22:00:00,1145.2266044216508
09-14 23:00:00,892.2424828446945
09-15 00:00:00,708.7417679261308
09-15 01:00:00,528.5078128713718
09-15 02:00:00,513.7300294466278
09-15 03:00:00,359.3899551857304
09-15 04:00:00,294.2129907634721
09-15 05:00:00,163.79203520336077
09-15 06:00:00,119.06608693630577
09-15 07:00:00,159.1333439069574
09-15 08:00:00,304.4434578047099
09-15 09:00:00,483.14431099639944
09-15 10:00:00,561.5967188436031
09-15 11:00:00,890.8419531278588
09-15 12:00:00,899.1680062068677
09-15 13:00:00,742.5644931403035
09-15 14:00:00,854.0462964803338
09-15 15:00:00,846.1224639889526
09-15 16:00:00,985.6177534843567
09-15 17:00:00,1087.1364911117219
09-15 18:00:00,1137.707763639837
09-15 19:00:00,1170.663286663673
09-15 20:00:00,1106.3611848880792
09-15 21:00:00,933.4854056977525
09-15 22:00:00,667.475339619101
09-15 23:00:00,652.5915842668428
09-16 00:00:00,646.8248907311211
09-16 01:00:00,553.9833444498065
09-16 02:00:00,460.76961656441756
09-16 03:00:00,400.2376643160406
09-16 04:00:00,243.3700274227319
09-16 05:00:00,133.73183089227538
09-16 06:00:00,126.56521326544922
09-16 07:00:00,117.18199695324955
09-16 08:00:00,118.39031836288795
09-16 09:00:00,426.96687464374094
09-16 10:00:00,627.2684794551576
09-16 11:00:00,663.049410966271
09-16 12:00:00,534.6442320485379
09-16 13:00:00,568.8775737980451
09-16 14:00:00,536.6342850966956
09-16 15:00:00,562.3508009569033
09-16 16:00:00,640.4074556766052
09-16 17:00:00,848.5553498501147
09-16 18:00:00,1075.916725225605
09-16 19:00:00,1260.5414839981913
09-16 20:00:00,1231.1052724873582
09-16 21:00:00,988.9413686154231
09-16 22:00:00,843.6073024959132
09-16 23:00:00,713.3476550865079
09-17 00:00:00,547.8731921723852
09-17 01:00:00,359.4274830044825
09-17 02:00:00,278.12106895875036
09-17 03:00:00,217.93366289660102
09-17 04:00:00,188.9811538459798
09-17 05:00:00,142.73246344927136
09-17 06:00:00,161.4922532431664
09-17 07:00:00,416.05150855527495
09-17 08:00:00,688.6489200241558
09-17 09:00:00,846.5525775677798
09-17 10:00:00,803.1377912308116
09-17 11:00:00,769.1014107042938
09-17 12:00:00,661.8946107969807
09-17 13:00:00,758.7301079913449
09-17 14:00:00,860.1340115277753
09-17 15:00:00,1066.8998764972794
09-17 16:00:00,710.1965440165699
09-17 17:00:00,880.0580791078003
09-17 18:00:00,1286.8607126919048
09-17 19:00:00,1840.664375125009
09-17 20:00:00,1834.9636445120962
09-17 21:00:00,1620.0648583957209
09-17 22:00:00,1408.18311084908
09-17 23:00:00,1163.7130675397045
09-18 00:00:00,922.2159156510276
09-18 01:00:00,623.9408470511996
09-18 02:00:00,430.4298132387145
09-18 03:00:00,266.2604515496847
09-18 04:00:00,196.34049973682878
09-18 05:00:00,156.05810024195983
09-18 06:00:00,181.65484433221417
09-18 07:00:00,422.2341501457769
09-18 08:00:00,747.8750433576025
09-18 09:00:00,826.8996363996948
09-18 10:00:00,891.7614707991579
09-18 11:00:00,682.0882750078381
09-18 12:00:00,787.0429013081759
09-18 13:00:00,912.4760882676984
09-18 14:00:00,880.6266594088032
09-18 15:00:00,941.9257018797728
09-18 16:00:00,841.6231196141274
09-18 17:00:00,920.3809530652608
09-18 18:00:00,1079.8053753758918
09-18 19:00:00,1520.5347828590625
09-18 20:00:00,1692.9314438193353
09-18 21:00:00,1621.999609306423
09-18 22:00:00,1203.8925630012511
09-18 23:00:00,986.1991160019753
09-19 00:00:00,741.9044724963552
09-19 01:00:00,540.3982761687873
09-19 02:00:00,342.99229689745397
09-19 03:00:00,248.14353374105545
09-19 04:00:00,171.1526420344917
09-19 05:00:00,118.38951439699326
09-19 06:00:00,170.65525399440506
09-19 07:00:00,460.10698125141533
09-19 08:00:00,724.4915193304265
09-19 09:00:00,808.8294252282583
09-19 10:00:00,986.4692790596392
09-19 11:00:00,892.2021600248684
09-19 12:00:00,707.334384275444
09-19 13:00:00,713.0937643463453
09-19 14:00:00,795.339411046483
09-19 15:00:00,779.0952373149544
09-19 16:00:00,665.5638786278173
09-19 17:00:00,700.046518934265
09-19 18:00:00,1239.2964387421457
09-19 19:00:00,1661.9605752894802
09-19 20:00:00,1855.3086822824328
09-19 21:00:00,1634.2971438573904
09-19 22:00:00,1291.7928928924305
09-19 23:00:00,1067.943760905728
09-20 00:00:00,841.923969168354
09-20 01:00:00,635.7455759176145
09-20 02:00:00,494.83818505826446
09-20 03:00:00,326.6287746635372
09-20 04:00:00,196.10721645447234
09-20 05:00:00,144.8325717672907
09-20 06:00:00,139.3186966954468
09-20 07:00:00,433.8936657824626
09-20 08:00:00,634.5366245682708
09-20 09:00:00,797.6680360585336
09-20 10:00:00,983.1584462967104
09-20 11:00:00,832.9081658457573
09-20 12:00:00,769.4633488636626
09-20 13:00:00,756.1051263624472
09-20 14:00:00,648.6513938563071
09-20 15:00:00,801.3145870815279
09-20 16:00:00,770.8882281645397
09-20 17:00:00,811.8507186099476
09-20 18:00:00,1232.5066652517562
09-20 19:00:00,1538.8763143513954
09-20 20:00:00,1575.1575594512747
09-20 21:00:00,1475.0435291672932
09-20 22:00:00,1176.255817305265
09-20 23:00:00,992.5414578113938
09-21 00:00:00,773.6346144911114
09-21 01:00:00,538.1886609995947
09-21 02:00:00,376.7474304649115
09-21 03:00:00,251.8392097562791
09-21 04:00:00,169.18182108977206
09-21 05:00:00,147.63968063848293
09-21 06:00:00,135.1120825695087
09-21 07:00:00,387.680639195075
09-21 08:00:00,601.3079146575242
09-21 09:00:00,749.9453687697103
09-21 10:00:00,836.4322287788418
09-21 11:00:00,824.9617011545682
09-21 12:00:00,809.7449297548288
09-21 13:00:00,852.1954226759457
09-21 14:00:00,901.1515713816959
09-21 15:00:00,730.7752459191144
09-21 16:00:00,720.1312808588091
09-21 17:00:00,915.9107316990686
09-21 18:00:00,1365.671094201422
09-21 19:00:00,1738.4927508958451
09-21 20:00:00,1785.3614103625614
09-21 21:00:00,1442.0021470917682
09-21 22:00:00,1145.2266044216508
09-21 23:00:00,892.2424828446945
09-22 00:00:00,708.7417679261308
09-22 01:00:00,528.5078128713718
09-22 02:00:00,513.7300294466278
09-22 03:00:00,359.3899551857304
09-22 04:00:00,294.2129907634721
09-22 05:00:00,163.79203520336077
09-22 06:00:00,119.06608693630577
09-22 07:00:00,159.1333439069574
09-22 08:00:00,304.4434578047099
09-22 09:00:00,483.14431099639944
09-22 10:00:00,561.5967188436031
09-22 11:00:00,890.8419531278588
09-22 12:00:00,899.1680062068677
09-22 13:00:00,742.5644931403035
09-22 14:00:00,854.0462964803338
09-22 15:00:00,846.1224639889526
09-22 16:00:00,985.6177534843567
09-22 17:00:00,1087.1364911117219
09-22 18:00:00,1137.707763639837
09-22 19:00:00,1170.663286663673
09-22 20:00:00,1106.3611848880792
09-22 21:00:00,933.4854056977525
09-22 22:00:00,667.475339619101
09-22 23:00:00,652.5915842668428
09-23 00:00:00,646.8248907311211
09-23 01:00:00,553.9833444498065
09-23 02:00:00,460.76961656441756
09-23 03:00:00,400.2376643160406
09-23 04:00:00,243.3700274227319
09-23 05:00:00,133.73183089227538
09-23 06:00:00,126.56521326544922
09-23 07:00:00,117.18199695324955
09-23 08:00:00,118.39031836288795
09-23 09:00:00,426.96687464374094
09-23 10:00:00,627.2684794551576
09-23 11:00:00,663.049410966271
09-23 12:00:00,534.6442320485379
09-23 13:00:00,568.8775737980451
09-23 14:00:00,536.6342850966956
09-23 15:00:00,562.3508009569033
09-23 16:00:00,640.4074556766052
09-23 17:00:00,848.5553498501147
09-23 18:00:00,1075.916725225605
09-23 19:00:00,1260.5414839981913
09-23 20:00:00,1231.1052724873582
09-23 21:00:00,988.9413686154231
09-23 22:00:00,843.6073024959132
09-23 23:00:00,713.3476550865079
09-24 00:00:00,547.8731921723852
09-24 01:00:00,359.4274830044825
09-24 02:00:00,278.12106895875036
09-24 03:00:00,217.93366289660102
09-24 04:00:00,188.9811538459798
09-24 05:00:00,142.73246344927136
09-24 06:00:00,161.4922532431664
09-24 07:00:00,416.05150855527495
09-24 08:00:00,688.6489200241558
09-24 09:00:00,846.5525775677798
09-24 10:00:00,803.1377912308116
09-24 11:00:00,769.1014107042938
09-24 12:00:00,661.8946107969807
09-24 13:00:00,758.7301079913449
09-24 14:00:00,860.1340115277753
09-24 15:00:00,1066.8998764972794
09-24 16:00:00,710.1965440165699
09-24 17:00:00,880.0580791078003
09-24 18:00:00,1286.8607126919048
09-24 19:00:00,1840.664375125009
09-24 20:00:00,1834.9636445120962
09-24 21:00:00,1620.0648583957209
09-24 22:00:00,1408.18311084908
09-24 23:00:00,1163.7130675397045
09-25 00:00:00,922.2159156510276
09-25 01:00:00,623.9408470511996
09-25 02:00:00,430.4298132387145
09-25 03:00:00,266.2604515496847
09-25 04:00:00,196.34049973682878
09-25 05:00:00,156.05810024195983
09-25 06:00:00,181.65484433221417
09-25 07:00:00,422.2341501457769
09-25 08:00:00,747.8750433576025
09-25 09:00:00,826.8996363996948
09-25 10:00:00,891.7614707991579
09-25 11:00:00,682.0882750078381
09-25 12:00:00,787.0429013081759
09-25 13:00:00,912.4760882676984
09-25 14:00:00,880.6266594088032
09-25 15:00:00,941.9257018797728
09-25 16:00:00,841.6231196141274
09-25 17:00:00,920.3809530652608
09-25 18:00:00,1079.8053753758918
09-25 19:00:00,1520.5347828590625
09-25 20:00:00,1692.9314438193353
09-25 21:00:00,1621.999609306423
09-25 22:00:00,1203.8925630012511
09-25 23:00:00,986.1991160019753
09-26 00:00:00,741.9044724963552
09-26 01:00:00,540.3982761687873
09-26 02:00:00,342.99229689745397
09-26 03:00:00,248.14353374105545
09-26 04:00:00,171.1526420344917
09-26 05:00:00,118.38951439699326
09-26 06:00:00,170.65525399440506
09-26 07:00:00,460.10698125141533
09-26 08:00:00,724.4915193304265
09-26 09:00:00,808.8294252282583
09-26 10:00:00,986.4692790596392
09-26 11:00:00,892.2021600248684
09-26 12:00:00,707.334384275444
09-26 13:00:00,713.0937643463453
09-26 14:00:00,795.339411046483
09-26 15:00:00,779.0952373149544
09-26 16:00:00,665.5638786278173
09-26 17:00:00,700.046518934265
09-26 18:00:00,1239.2964387421457
09-26 19:00:00,1661.9605752894802
09-26 20:00:00,1855.3086822824328
09-26 21:00:00,1634.2971438573904
09-26 22:00:00,1291.7928928924305
09-26 23:00:00,1067.943760905728
09-27 00:00:00,841.923969168354
09-27 01:00:00,635.7455759176145
09-27 02:00:00,494.83818505826446
09-27 03:00:00,326.6287746635372
09-27 04:00:00,196.10721645447234
09-27 05:00:00,144.8325717672907
09-27 06:00:00,139.3186966954468
09-27 07:00:00,433.8936657824626
09-27 08:00:00,634.5366245682708
09-27 09:00:00,797.6680360585336
09-27 10:00:00,983.1584462967104
09-27 11:00:00,832.9081658457573
09-27 12:00:00,769.4633488636626
09-27 13:00:00,756.1051263624472
09-27 14:00:00,648.6513938563071
09-27 15:00:00,801.3145870815279
09-27 16:00:00,770.8882281645397
09-27 17:00:00,811.8507186099476
09-27 18:00:00,1232.5066652517562
09-27 19:00:00,1538.8763143513954
09-27 20:00:00,1575.1575594512747
09-27 21:00:00,1475.0435291672932
09-27 22:00:00,1176.255817305265
09-27 23:00:00,992.5414578113938
09-28 00:00:00,773.6346144911114
09-28 01:00:00,538.1886609995947
09-28 02:00:00,376.7474304649115
09-28 03:00:00,251.8392097562791
09-28 04:00:00,169.18182108977206
09-28 05:00:00,147.63968063848293
09-28 06:00:00,135.1120825695087
09-28 07:00:00,387.680639195075
09-28 08:00:00,601.3079146575242
09-28 09:00:00,749.9453687697103
09-28 10:00:00,836.4322287788418
09-28 11:00:00,824.9617011545682
09-28 12:00:00,809.7449297548288
09-28 13:00:00,852.1954226759457
09-28 14:00:00,901.1515713816959
09-28 15:00:00,730.7752459191144
09-28 16:00:00,720.1312808588091
09-28 17:00:00,915.9107316990686
09-28 18:00:00,1365.671094201422
09-28 19:00:00,1738.4927508958451
09-28 20:00:00,1785.3614103625614
09-28 21:00:00,1442.0021470917682
09-28 22:00:00,1145.2266044216508
09-28 23:00:00,892.2424828446945
09-29 00:00:00,708.7417679261308
09-29 01:00:00,528.5078128713718
09-29 02:00:00,513.7300294466278
09-29 03:00:00,359.3899551857304
09-29 04:00:00,294.2129907634721
09-29 05:00:00,163.79203520336077
09-29 06:00:00,119.06608693630577
09-29 07:00:00,159.1333439069574
09-29 08:00:00,304.4434578047099
09-29 09:00:00,483.14431099639944
09-29 10:00:00,561.5967188436031
09-29 11:00:00,890.8419531278588
09-29 12:00:00,899.1680062068677
09-29 13:00:00,742.5644931403035
09-29 14:00:00,854.0462964803338
09-29 15:00:00,846.1224639889526
09-29 16:00:00,985.6177534843567
09-29 17:00:00,1087.1364911117219
09-29 18:00:00,1137.707763639837
09-29 19:00:00,1170.663286663673
09-29 20:00:00,1106.3611848880792
09-29 21:00:00,933.4854056977525
09-29 22:00:00,667.475339619101
09-29 23:00:00,652.5915842668428
09-30 00:00:00,646.8248907311211
09-30 01:00:00,553.9833444498065
09-30 02:00:00,460.76961656441756
09-30 03:00:00,400.2376643160406
09-30 04:00:00,243.3700274227319
09-30 05:00:00,133.73183089227538
09-30 06:00:00,126.56521326544922
09-30 07:00:00,117.18199695324955
09-30 08:00:00,118.39031836288795
09-30 09:00:00,426.96687464374094
09-30 10:00:00,627.2684794551576
09-30 11:00:00,663.049410966271
09-30 12:00:00,534.6442320485379
09-30 13:00:00,568.8775737980451
09-30 14:00:00,536.6342850966956
09-30 15:00:00,562.3508009569033
09-30 16:00:00,640.4074556766052
09-30 17:00:00,848.5553498501147
09-30 18:00:00,1075.916725225605
09-30 19:00:00,1260.5414839981913
09-30 20:00:00,1231.1052724873582
09-30 21:00:00,988.9413686154231
09-30 22:00:00,843.6073024959132
09-30 23:00:00,713.3476550865079
10-01 00:00:00,547.8731921723852
10-01 01:00:00,359.4274830044825
10-01 02:00:00,278.12106895875036
10-01 03:00:00,217.93366289660102
10-01 04:00:00,188.9811538459798
10-01 05:00:00,142.73246344927136
10-01 06:00:00,161.4922532431664
10-01 07:00:00,416.05150855527495
10-01 08:00:00,688.6489200241558
10-01 09:00:00,846.5525775677798
10-01 10:00:00,803.1377912308116
10-01 11:00:00,769.1014107042938
10-01 12:00:00,661.8946107969807
10-01 13:00:00,758.7301079913449
10-01 14:00:00,860.1340115277753
10-01 15:00:00,1066.8998764972794
10-01 16:00:00,710.1965440165699
10-01 17:00:00,880.0580791078003
10-01 18:00:00,1286.8607126919048
10-01 19:00:00,1840.664375125009
10-01 20:00:00,1834.9636445120962
10-01 21:00:00,1620.0648583957209
10-01 22:00:00,1408.18311084908
10-01 23:00:00,1163.7130675397045
10-02 00:00:00,922.2159156510276
10-02 01:00:00,623.9408470511996
10-02 02:00:00,430.4298132387145
10-02 03:00:00,266.2604515496847
10-02 04:00:00,196.34049973682878
10-02 05:00:00,156.05810024195983
10-02 06:00:00,181.65484433221417
10-02 07:00:00,422.2341501457769
10-02 08:00:00,747.8750433576025
10-02 09:00:00,826.8996363996948
10-02 10:00:00,891.7614707991579
10-02 11:00:00,682.0882750078381
10-02 12:00:00,787.0429013081759
10-02 13:00:00,912.4760882676984
10-02 14:00:00,880.6266594088032
10-02 15:00:00,941.9257018797728
10-02 16:00:00,841.6231196141274
10-02 17:00:00,920.3809530652608
10-02 18:00:00,1079.8053753758918
10-02 19:00:00,1520.5347828590625
10-02 20:00:00,1692.9314438193353
10-02 21:00:00,1621.999609306423
10-02 22:00:00,1203.8925630012511
10-02 23:00:00,986.1991160019753
10-03 00:00:00,741.9044724963552
10-03 01:00:00,540.3982761687873
10-03 02:00:00,342.99229689745397
10-03 03:00:00,248.14353374105545
10-03 04:00:00,171.1526420344917
10-03 05:00:00,118.38951439699326
10-03 06:00:00,170.65525399440506
10-03 07:00:00,460.10698125141533
10-03 08:00:00,724.4915193304265
10-03 09:00:00,808.8294252282583
10-03 10:00:00,986.4692790596392
10-03 11:00:00,892.2021600248684
10-03 12:00:00,707.334384275444
10-03 13:00:00,713.0937643463453
10-03 14:00:00,795.339411046483
10-03 15:00:00,779.0952373149544
10-03 16:00:00,665.5638786278173
10-03 17:00:00,700.046518934265
10-03 18:00:00,1239.2964387421457
10-03 19:00:00,1661.9605752894802
10-03 20:00:00,1855.3086822824328
10-03 21:00:00,1634.2971438573904
10-03 22:00:00,1291.7928928924305
10-03 23:00:00,1067.943760905728
10-04 00:00:00,841.923969168354
10-04 01:00:00,635.7455759176145
10-04 02:00:00,494.83818505826446
10-04 03:00:00,326.6287746635372
10-04 04:00:00,196.10721645447234
10-04 05:00:00,144.8325717672907
10-04 06:00:00,139.3186966954468
10-04 07:00:00,433.8936657824626
10-04 08:00:00,634.5366245682708
10-04 09:00:00,797.6680360585336
10-04 10:00:00,983.1584462967104
10-04 11:00:00,832.9081658457573
10-04 12:00:00,769.4633488636626
10-04 13:00:00,756.1051263624472
10-04 14:00:00,648.6513938563071
10-04 15:00:00,801.3145870815279
10-04 16:00:00,770.8882281645397
10-04 17:00:00,811.8507186099476
10-04 18:00:00,1232.5066652517562
10-04 19:00:00,1538.8763143513954
10-04 20:00:00,1575.1575594512747
10-04 21:00:00,1475.0435291672932
10-04 22:00:00,1176.255817305265
10-04 23:00:00,992.5414578113938
10-05 00:00:00,773.6346144911114
10-05 01:00:00,538.1886609995947
10-05 02:00:00,376.7474304649115
10-05 03:00:00,251.8392097562791
10-05 04:00:00,169.18182108977206
10-05 05:00:00,147.63968063848293
10-05 06:00:00,135.1120825695087
10-05 07:00:00,387.680639195075
10-05 08:00:00,601.3079146575242
10-05 09:00:00,749.9453687697103
10-05 10:00:00,836.4322287788418
10-05 11:00:00,824.9617011545682
10-05 12:00:00,809.7449297548288
10-05 13:00:00,852.1954226759457
10-05 14:00:00,901.1515713816959
10-05 15:00:00,730.7752459191144
10-05 16:00:00,720.1312808588091
10-05 17:00:00,915.9107316990686
10-05 18:00:00,1365.671094201422
10-05 19:00:00,1738.4927508958451
10-05 20:00:00,1785.3614103625614
10-05 21:00:00,1442.0021470917682
10-05 22:00:00,1145.2266044216508
10-05 23:00:00,892.2424828446945
10-06 00:00:00,708.7417679261308
10-06 01:00:00,528.5078128713718
10-06 02:00:00,513.7300294466278
10-06 03:00:00,359.3899551857304
10-06 04:00:00,294.2129907634721
10-06 05:00:00,163.79203520336077
10-06 06:00:00,119.06608693630577
10-06 07:00:00,159.1333439069574
10-06 08:00:00,304.4434578047099
10-06 09:00:00,483.14431099639944
10-06 10:00:00,561.5967188436031
10-06 11:00:00,890.8419531278588
10-06 12:00:00,899.1680062068677
10-06 13:00:00,742.5644931403035
10-06 14:00:00,854.0462964803338
10-06 15:00:00,846.1224639889526
10-06 16:00:00,985.6177534843567
10-06 17:00:00,1087.1364911117219
10-06 18:00:00,1137.707763639837
10-06 19:00:00,1170.663286663673
10-06 20:00:00,1106.3611848880792
10-06 21:00:00,933.4854056977525
10-06 22:00:00,667.475339619101
10-06 23:00:00,652.5915842668428
10-07 00:00:00,646.8248907311211
10-07 01:00:00,553.9833444498065
10-07 02:00:00,460.76961656441756
10-07 03:00:00,400.2376643160406
10-07 04:00:00,243.3700274227319
10-07 05:00:00,133.73183089227538
10-07 06:00:00,126.56521326544922
10-07 07:00:00,117.18199695324955
10-07 08:00:00,118.39031836288795
10-07 09:00:00,426.96687464374094
10-07 10:00:00,627.2684794551576
10-07 11:00:00,663.049410966271
10-07 12:00:00,534.6442320485379
10-07 13:00:00,568.8775737980451
10-07 14:00:00,536.6342850966956
10-07 15:00:00,562.3508009569033
10-07 16:00:00,640.4074556766052
10-07 17:00:00,848.5553498501147
10-07 18:00:00,1075.916725225605
10-07 19:00:00,1260.5414839981913
10-07 20:00:00,1231.1052724873582
10-07 21:00:00,988.9413686154231
10-07 22:00:00,843.6073024959132
10-07 23:00:00,713.3476550865079
10-08 00:00:00,547.8731921723852
10-08 01:00:00,359.4274830044825
10-08 02:00:00,278.12106895875036
10-08 03:00:00,217.93366289660102
10-08 04:00:00,188.9811538459798
10-08 05:00:00,142.73246344927136
10-08 06:00:00,161.4922532431664
10-08 07:00:00,416.05150855527495
10-08 08:00:00,688.6489200241558
10-08 09:00:00,846.5525775677798
10-08 10:00:00,803.1377912308116
10-08 11:00:00,769.1014107042938
10-08 12:00:00,661.8946107969807
10-08 13:00:00,758.7301079913449
10-08 14:00:00,860.1340115277753
10-08 15:00:00,1066.8998764972794
10-08 16:00:00,710.1965440165699
10-08 17:00:00,880.0580791078003
10-08 18:00:00,1286.8607126919048
10-08 19:00:00,1840.664375125009
10-08 20:00:00,1834.9636445120962
10-08 21:00:00,1620.0648583957209
10-08 22:00:00,1408.18311084908
10-08 23:00:00,1163.7130675397045
10-09 00:00:00,922.2159156510276
10-09 01:00:00,623.9408470511996
10-09 02:00:00,430.4298132387145
10-09 03:00:00,266.2604515496847
10-09 04:00:00,196.34049973682878
10-09 05:00:00,156.05810024195983
10-09 06:00:00,181.65484433221417
10-09 07:00:00,422.2341501457769
10-09 08:00:00,747.8750433576025
10-09 09:00:00,826.8996363996948
10-09 10:00:00,891.7614707991579
10-09 11:00:00,682.0882750078381
10-09 12:00:00,787.0429013081759
10-09 13:00:00,912.4760882676984
10-09 14:00:00,880.6266594088032
10-09 15:00:00,941.9257018797728
10-09 16:00:00,841.6231196141274
10-09 17:00:00,920.3809530652608
10-09 18:00:00,1079.8053753758918
10-09 19:00:00,1520.5347828590625
10-09 20:00:00,1692.9314438193353
10-09 21:00:00,1621.999609306423
10-09 22:00:00,1203.8925630012511
10-09 23:00:00,986.1991160019753
10-10 00:00:00,741.9044724963552
10-10 01:00:00,540.3982761687873
10-10 02:00:00,342.99229689745397
10-10 03:00:00,248.14353374105545
10-10 04:00:00,171.1526420344917
10-10 05:00:00,118.38951439699326
10-10 06:00:00,170.65525399440506
10-10 07:00:00,460.10698125141533
10-10 08:00:00,724.4915193304265
10-10 09:00:00,808.8294252282583
10-10 10:00:00,986.4692790596392
10-10 11:00:00,892.2021600248684
10-10 12:00:00,707.334384275444
10-10 13:00:00,713.0937643463453
10-10 14:00:00,795.339411046483
10-10 15:00:00,779.0952373149544
10-10 16:00:00,665.5638786278173
10-10 17:00:00,700.046518934265
10-10 18:00:00,1239.2964387421457
10-10 19:00:00,1661.9605752894802
10-10 20:00:00,1855.3086822824328
10-10 21:00:00,1634.2971438573904
10-10 22:00:00,1291.7928928924305
10-10 23:00:00,1067.943760905728
10-11 00:00:00,841.923969168354
10-11 01:00:00,635.7455759176145
10-11 02:00:00,494.83818505826446
10-11 03:00:00,326.6287746635372
10-11 04:00:00,196.10721645447234
10-11 05:00:00,144.8325717672907
10-11 06:00:00,139.3186966954468
10-11 07:00:00,433.8936657824626
10-11 08:00:00,634.5366245682708
10-11 09:00:00,797.6680360585336
10-11 10:00:00,983.1584462967104
10-11 11:00:00,832.9081658457573
10-11 12:00:00,769.4633488636626
10-11 13:00:00,756.1051263624472
10-11 14:00:00,648.6513938563071
10-11 15:00:00,801.3145870815279
10-11 16:00:00,770.8882281645397
10-11 17:00:00,811.8507186099476
10-11 18:00:00,1232.5066652517562
10-11 19:00:00,1538.8763143513954
10-11 20:00:00,1575.1575594512747
10-11 21:00:00,1475.0435291672932
10-11 22:00:00,1176.255817305265
10-11 23:00:00,992.5414578113938
10-12 00:00:00,773.6346144911114
10-12 01:00:00,538.1886609995947
10-12 02:00:00,376.7474304649115
10-12 03:00:00,251.8392097562791
10-12 04:00:00,169.18182108977206
10-12 05:00:00,147.63968063848293
10-12 06:00:00,135.1120825695087
10-12 07:00:00,387.680639195075
10-12 08:00:00,601.3079146575242
10-12 09:00:00,749.9453687697103
10-12 10:00:00,836.4322287788418
10-12 11:00:00,824.9617011545682
10-12 12:00:00,809.7449297548288
10-12 13:00:00,852.1954226759457
10-12 14:00:00,901.1515713816959
10-12 15:00:00,730.7752459191144
10-12 16:00:00,720.1312808588091
10-12 17:00:00,915.9107316990686
10-12 18:00:00,1365.671094201422
10-12 19:00:00,1738.4927508958451
10-12 20:00:00,1785.3614103625614
10-12 21:00:00,1442.0021470917682
10-12 22:00:00,1145.2266044216508
10-12 23:00:00,892.2424828446945
10-13 00:00:00,708.7417679261308
10-13 01:00:00,528.5078128713718
10-13 02:00:00,513.7300294466278
10-13 03:00:00,359.3899551857304
10-13 04:00:00,294.2129907634721
10-13 05:00:00,163.79203520336077
10-13 06:00:00,119.06608693630577
10-13 07:00:00,159.1333439069574
10-13 08:00:00,304.4434578047099
10-13 09:00:00,483.14431099639944
10-13 10:00:00,561.5967188436031
10-13 11:00:00,890.8419531278588
10-13 12:00:00,899.1680062068677
10-13 13:00:00,742.5644931403035
10-13 14:00:00,854.0462964803338
10-13 15:00:00,846.1224639889526
10-13 16:00:00,985.6177534843567
10-13 17:00:00,1087.1364911117219
10-13 18:00:00,1137.707763639837
10-13 19:00:00,1170.663286663673
10-13 20:00:00,1106.3611848880792
10-13 21:00:00,933.4854056977525
10-13 22:00:00,667.475339619101
10-13 23:00:00,652.5915842668428
10-14 00:00:00,646.8248907311211
10-14 01:00:00,553.9833444498065
10-14 02:00:00,460.76961656441756
10-14 03:00:00,400.2376643160406
10-14 04:00:00,243.3700274227319
10-14 05:00:00,133.73183089227538
10-14 06:00:00,126.56521326544922
10-14 07:00:00,117.18199695324955
10-14 08:00:00,118.39031836288795
10-14 09:00:00,426.96687464374094
10-14 10:00:00,627.2684794551576
10-14 11:00:00,663.049410966271
10-14 12:00:00,534.6442320485379
10-14 13:00:00,568.8775737980451
10-14 14:00:00,536.6342850966956
10-14 15:00:00,562.3508009569033
10-14 16:00:00,640.4074556766052
10-14 17:00:00,848.5553498501147
10-14 18:00:00,1075.916725225605
10-14 19:00:00,1260.5414839981913
10-14 20:00:00,1231.1052724873582
10-14 21:00:00,988.9413686154231
10-14 22:00:00,843.6073024959132
10-14 23:00:00,713.3476550865079
10-15 00:00:00,547.8731921723852
10-15 01:00:00,359.4274830044825
10-15 02:00:00,278.12106895875036
10-15 03:00:00,217.93366289660102
10-15 04:00:00,188.9811538459798
10-15 05:00:00,142.73246344927136
10-15 06:00:00,161.4922532431664
10-15 07:00:00,416.05150855527495
10-15 08:00:00,688.6489200241558
10-15 09:00:00,846.5525775677798
10-15 10:00:00,803.1377912308116
10-15 11:00:00,769.1014107042938
10-15 12:00:00,661.8946107969807
10-15 13:00:00,758.7301079913449
10-15 14:00:00,860.1340115277753
10-15 15:00:00,1066.8998764972794
10-15 16:00:00,710.1965440165699
10-15 17:00:00,880.0580791078003
10-15 18:00:00,1286.8607126919048
10-15 19:00:00,1840.664375125009
10-15 20:00:00,1834.9636445120962
10-15 21:00:00,1620.0648583957209
10-15 22:00:00,1408.18311084908
10-15 23:00:00,1163.7130675397045
10-16 00:00:00,922.2159156510276
10-16 01:00:00,623.9408470511996
10-16 02:00:00,430.4298132387145
10-16 03:00:00,266.2604515496847
10-16 04:00:00,196.34049973682878
10-16 05:00:00,156.05810024195983
10-16 06:00:00,181.65484433221417
10-16 07:00:00,422.2341501457769
10-16 08:00:00,747.8750433576025
10-16 09:00:00,826.8996363996948
10-16 10:00:00,891.7614707991579
10-16 11:00:00,682.0882750078381
10-16 12:00:00,787.0429013081759
10-16 13:00:00,912.4760882676984
10-16 14:00:00,880.6266594088032
10-16 15:00:00,941.9257018797728
10-16 16:00:00,841.6231196141274
10-16 17:00:00,920.3809530652608
10-16 18:00:00,1079.8053753758918
10-16 19:00:00,1520.5347828590625
10-16 20:00:00,1692.9314438193353
10-16 21:00:00,1621.999609306423
10-16 22:00:00,1203.8925630012511
10-16 23:00:00,986.1991160019753
10-17 00:00:00,741.9044724963552
10-17 01:00:00,540.3982761687873
10-17 02:00:00,342.99229689745397
10-17 03:00:00,248.14353374105545
10-17 04:00:00,171.1526420344917
10-17 05:00:00,118.38951439699326
10-17 06:00:00,170.65525399440506
10-17 07:00:00,460.10698125141533
10-17 08:00:00,724.4915193304265
10-17 09:00:00,808.8294252282583
10-17 10:00:00,986.4692790596392
10-17 11:00:00,892.2021600248684
10-17 12:00:00,707.334384275444
10-17 13:00:00,713.0937643463453
10-17 14:00:00,795.339411046483
10-17 15:00:00,779.0952373149544
10-17 16:00:00,665.5638786278173
10-17 17:00:00,700.046518934265
10-17 18:00:00,1239.2964387421457
10-17 19:00:00,1661.9605752894802
10-17 20:00:00,1855.3086822824328
10-17 21:00:00,1634.2971438573904
10-17 22:00:00,1291.7928928924305
10-17 23:00:00,1067.943760905728
10-18 00:00:00,841.923969168354
10-18 01:00:00,635.7455759176145
10-18 02:00:00,494.83818505826446
10-18 03:00:00,326.6287746635372
10-18 04:00:00,196.10721645447234
10-18 05:00:00,144.8325717672907
10-18 06:00:00,139.3186966954468
10-18 07:00:00,433.8936657824626
10-18 08:00:00,634.5366245682708
10-18 09:00:00,797.6680360585336
10-18 10:00:00,983.1584462967104
10-18 11:00:00,832.9081658457573
10-18 12:00:00,769.4633488636626
10-18 13:00:00,756.1051263624472
10-18 14:00:00,648.6513938563071
10-18 15:00:00,801.3145870815279
10-18 16:00:00,770.8882281645397
10-18 17:00:00,811.8507186099476
10-18 18:00:00,1232.5066652517562
10-18 19:00:00,1538.8763143513954
10-18 20:00:00,1575.1575594512747
10-18 21:00:00,1475.0435291672932
10-18 22:00:00,1176.255817305265
10-18 23:00:00,992.5414578113938
10-19 00:00:00,773.6346144911114
10-19 01:00:00,538.1886609995947
10-19 02:00:00,376.7474304649115
10-19 03:00:00,251.8392097562791
10-19 04:00:00,169.18182108977206
10-19 05:00:00,147.63968063848293
10-19 06:00:00,135.1120825695087
10-19 07:00:00,387.680639195075
10-19 08:00:00,601.3079146575242
10-19 09:00:00,749.9453687697103
10-19 10:00:00,836.4322287788418
10-19 11:00:00,824.9617011545682
10-19 12:00:00,809.7449297548288
10-19 13:00:00,852.1954226759457
10-19 14:00:00,901.1515713816959
10-19 15:00:00,730.7752459191144
10-19 16:00:00,720.1312808588091
10-19 17:00:00,915.9107316990686
10-19 18:00:00,1365.671094201422
10-19 19:00:00,1738.4927508958451
10-19 20:00:00,1785.3614103625614
10-19 21:00:00,1442.0021470917682
10-19 22:00:00,1145.2266044216508
10-19 23:00:00,892.2424828446945
10-20 00:00:00,708.7417679261308
10-20 01:00:00,528.5078128713718
10-20 02:00:00,513.7300294466278
10-20 03:00:00,359.3899551857304
10-20 04:00:00,294.2129907634721
10-20 05:00:00,163.79203520336077
10-20 06:00:00,119.06608693630577
10-20 07:00:00,159.1333439069574
10-20 08:00:00,304.4434578047099
10-20 09:00:00,483.14431099639944
10-20 10:00:00,561.5967188436031
10-20 11:00:00,890.8419531278588
10-20 12:00:00,899.1680062068677
10-20 13:00:00,742.5644931403035
10-20 14:00:00,854.0462964803338
10-20 15:00:00,846.1224639889526
10-20 16:00:00,985.6177534843567
10-20 17:00:00,1087.1364911117219
10-20 18:00:00,1137.707763639837
10-20 19:00:00,1170.663286663673
10-20 20:00:00,1106.3611848880792
10-20 21:00:00,933.4854056977525
10-20 22:00:00,667.475339619101
10-20 23:00:00,652.5915842668428
10-21 00:00:00,646.8248907311211
10-21 01:00:00,553.9833444498065
10-21 02:00:00,460.76961656441756
10-21 03:00:00,400.2376643160406
10-21 04:00:00,243.3700274227319
10-21 05:00:00,133.73183089227538
10-21 06:00:00,126.56521326544922
10-21 07:00:00,117.18199695324955
10-21 08:00:00,118.39031836288795
10-21 09:00:00,426.96687464374094
10-21 10:00:00,627.2684794551576
10-21 11:00:00,663.049410966271
10-21 12:00:00,534.6442320485379
10-21 13:00:00,568.8775737980451
10-21 14:00:00,536.6342850966956
10-21 15:00:00,562.3508009569033
10-21 16:00:00,640.4074556766052
10-21 17:00:00,848.5553498501147
10-21 18:00:00,1075.916725225605
10-21 19:00:00,1260.5414839981913
10-21 20:00:00,1231.1052724873582
10-21 21:00:00,988.9413686154231
10-21 22:00:00,843.6073024959132
10-21 23:00:00,713.3476550865079
10-22 00:00:00,547.8731921723852
10-22 01:00:00,359.4274830044825
10-22 02:00:00,278.12106895875036
10-22 03:00:00,217.93366289660102
10-22 04:00:00,188.9811538459798
10-22 05:00:00,142.73246344927136
10-22 06:00:00,161.4922532431664
10-22 07:00:00,416.05150855527495
10-22 08:00:00,688.6489200241558
10-22 09:00:00,846.5525775677798
10-22 10:00:00,803.1377912308116
10-22 11:00:00,769.1014107042938
10-22 12:00:00,661.8946107969807
10-22 13:00:00,758.7301079913449
10-22 14:00:00,860.1340115277753
10-22 15:00:00,1066.8998764972794
10-22 16:00:00,710.1965440165699
10-22 17:00:00,880.0580791078003
10-22 18:00:00,1286.8607126919048
10-22 19:00:00,1840.664375125009
10-22 20:00:00,1834.9636445120962
10-22 21:00:00,1620.0648583957209
10-22 22:00:00,1408.18311084908
10-22 23:00:00,1163.7130675397045
10-23 00:00:00,922.2159156510276
10-23 01:00:00,623.9408470511996
10-23 02:00:00,430.4298132387145
10-23 03:00:00,266.2604515496847
10-23 04:00:00,196.34049973682878
10-23 05:00:00,156.05810024195983
10-23 06:00:00,181.65484433221417
10-23 07:00:00,422.2341501457769
10-23 08:00:00,747.8750433576025
10-23 09:00:00,826.8996363996948
10-23 10:00:00,891.7614707991579
10-23 11:00:00,682.0882750078381
10-23 12:00:00,787.0429013081759
10-23 13:00:00,912.4760882676984
10-23 14:00:00,880.6266594088032
10-23 15:00:00,941.9257018797728
10-23 16:00:00,841.6231196141274
10-23 17:00:00,920.3809530652608
10-23 18:00:00,1079.8053753758918
10-23 19:00:00,1520.5347828590625
10-23 20:00:00,1692.9314438193353
10-23 21:00:00,1621.999609306423
10-23 22:00:00,1203.8925630012511
10-23 23:00:00,986.1991160019753
10-24 00:00:00,741.9044724963552
10-24 01:00:00,540.3982761687873
10-24 02:00:00,342.99229689745397
10-24 03:00:00,248.14353374105545
10-24 04:00:00,171.1526420344917
10-24 05:00:00,118.38951439699326
10-24 06:00:00,170.65525399440506
10-24 07:00:00,460.10698125141533
10-24 08:00:00,724.4915193304265
10-24 09:00:00,808.8294252282583
10-24 10:00:00,986.4692790596392
10-24 11:00:00,892.2021600248684
10-24 12:00:00,707.334384275444
10-24 13:00:00,713.0937643463453
10-24 14:00:00,795.339411046483
10-24 15:00:00,779.0952373149544
10-24 16:00:00,665.5638786278173
10-24 17:00:00,700.046518934265
10-24 18:00:00,1239.2964387421457
10-24 19:00:00,1661.9605752894802
10-24 20:00:00,1855.3086822824328
10-24 21:00:00,1634.2971438573904
10-24 22:00:00,1291.7928928924305
10-24 23:00:00,1067.943760905728
10-25 00:00:00,841.923969168354
10-25 01:00:00,635.7455759176145
10-25 02:00:00,494.83818505826446
10-25 03:00:00,326.6287746635372
10-25 04:00:00,196.10721645447234
10-25 05:00:00,144.8325717672907
10-25 06:00:00,139.3186966954468
10-25 07:00:00,433.8936657824626
10-25 08:00:00,634.5366245682708
10-25 09:00:00,797.6680360585336
10-25 10:00:00,983.1584462967104
10-25 11:00:00,832.9081658457573
10-25 12:00:00,769.4633488636626
10-25 13:00:00,756.1051263624472
10-25 14:00:00,648.6513938563071
10-25 15:00:00,801.3145870815279
10-25 16:00:00,770.8882281645397
10-25 17:00:00,811.8507186099476
10-25 18:00:00,1232.5066652517562
10-25 19:00:00,1538.8763143513954
10-25 20:00:00,1575.1575594512747
10-25 21:00:00,1475.0435291672932
10-25 22:00:00,1176.255817305265
10-25 23:00:00,992.5414578113938
10-26 00:00:00,773.6346144911114
10-26 01:00:00,538.1886609995947
10-26 02:00:00,376.7474304649115
10-26 03:00:00,251.8392097562791
10-26 04:00:00,169.18182108977206
10-26 05:00:00,147.63968063848293
10-26 06:00:00,135.1120825695087
10-26 07:00:00,387.680639195075
10-26 08:00:00,601.3079146575242
10-26 09:00:00,749.9453687697103
10-26 10:00:00,836.4322287788418
10-26 11:00:00,824.9617011545682
10-26 12:00:00,809.7449297548288
10-26 13:00:00,852.1954226759457
10-26 14:00:00,901.1515713816959
10-26 15:00:00,730.7752459191144
10-26 16:00:00,720.1312808588091
10-26 17:00:00,915.9107316990686
10-26 18:00:00,1365.671094201422
10-26 19:00:00,1738.4927508958451
10-26 20:00:00,1785.3614103625614
10-26 21:00:00,1442.0021470917682
10-26 22:00:00,1145.2266044216508
10-26 23:00:00,892.2424828446945
10-27 00:00:00,708.7417679261308
10-27 01:00:00,528.5078128713718
10-27 02:00:00,513.7300294466278
10-27 03:00:00,359.3899551857304
10-27 04:00:00,294.2129907634721
10-27 05:00:00,163.79203520336077
10-27 06:00:00,119.06608693630577
10-27 07:00:00,159.1333439069574
10-27 08:00:00,304.4434578047099
10-27 09:00:00,483.14431099639944
10-27 10:00:00,561.5967188436031
10-27 11:00:00,890.8419531278588
10-27 12:00:00,899.1680062068677
10-27 13:00:00,742.5644931403035
10-27 14:00:00,854.0462964803338
10-27 15:00:00,846.1224639889526
10-27 16:00:00,985.6177534843567
10-27 17:00:00,1087.1364911117219
10-27 18:00:00,1137.707763639837
10-27 19:00:00,1170.663286663673
10-27 20:00:00,1106.3611848880792
10-27 21:00:00,933.4854056977525
10-27 22:00:00,667.475339619101
10-27 23:00:00,652.5915842668428
10-28 00:00:00,646.8248907311211
10-28 01:00:00,553.9833444498065
10-28 02:00:00,460.76961656441756
10-28 03:00:00,400.2376643160406
10-28 04:00:00,243.3700274227319
10-28 05:00:00,133.73183089227538
10-28 06:00:00,126.56521326544922
10-28 07:00:00,117.18199695324955
10-28 08:00:00,118.39031836288795
10-28 09:00:00,426.96687464374094
10-28 10:00:00,627.2684794551576
10-28 11:00:00,663.049410966271
10-28 12:00:00,534.6442320485379
10-28 13:00:00,568.8775737980451
10-28 14:00:00,536.6342850966956
10-28 15:00:00,562.3508009569033
10-28 16:00:00,640.4074556766052
10-28 17:00:00,848.5553498501147
10-28 18:00:00,1075.916725225605
10-28 19:00:00,1260.5414839981913
10-28 20:00:00,1231.1052724873582
10-28 21:00:00,988.9413686154231
10-28 22:00:00,843.6073024959132
10-28 23:00:00,713.3476550865079
10-29 00:00:00,547.8731921723852
10-29 01:00:00,359.4274830044825
10-29 02:00:00,278.12106895875036
10-29 03:00:00,217.93366289660102
10-29 04:00:00,189.03235005021668
10-29 05:00:00,117.72547002280062
10-29 06:00:00,159.5188957800749
10-29 07:00:00,519.6609590867944
10-29 08:00:00,874.8618104345848
10-29 09:00:00,899.3357901496769
10-29 10:00:00,896.1369244802356
10-29 11:00:00,837.6905954353149
10-29 12:00:00,698.8664482443706
10-29 13:00:00,715.9827681510851
10-29 14:00:00,939.9340535114873
10-29 15:00:00,920.9277729249092
10-29 16:00:00,819.7083620584514
10-29 17:00:00,855.2313366814446
10-29 18:00:00,1205.7617788394375
10-29 19:00:00,1773.9029328338595
10-29 20:00:00,1877.3264904966288
10-29 21:00:00,1772.1389146118227
10-29 22:00:00,1417.632340682257
10-29 23:00:00,1193.017622348789
10-30 00:00:00,958.6813655110392
10-30 01:00:00,620.9839386939733
10-30 02:00:00,424.9161307316388
10-30 03:00:00,269.8738308378705
10-30 04:00:00,191.83967055519133
10-30 05:00:00,125.64139484262483
10-30 06:00:00,155.78137009941344
10-30 07:00:00,396.4104376811773
10-30 08:00:00,712.1873908240207
10-30 09:00:00,767.1562624525824
10-30 10:00:00,970.4554993251926
10-30 11:00:00,761.0894298580816
10-30 12:00:00,876.6666308901846
10-30 13:00:00,908.4487519599118
10-30 14:00:00,1023.963563812851
10-30 15:00:00,815.208163346955
10-30 16:00:00,828.4128818434943
10-30 17:00:00,907.305075704671
10-30 18:00:00,1383.8167197041823
10-30 19:00:00,1877.172427866663
10-30 20:00:00,1930.7521582535794
10-30 21:00:00,1824.5150433285064
10-30 22:00:00,1460.3106398019581
10-30 23:00:00,1202.8886031409954
10-31 00:00:00,890.3003886631203
10-31 01:00:00,601.9497373362906
10-31 02:00:00,450.3083099707052
10-31 03:00:00,288.8195707075591
10-31 04:00:00,252.11836012848667
10-31 05:00:00,226.89374043526348
10-31 06:00:00,218.3062442680194
10-31 07:00:00,472.68135202703826
10-31 08:00:00,811.1223106853664
10-31 09:00:00,974.6470487676388
10-31 10:00:00,965.3315614860259
10-31 11:00:00,774.4947276135933
10-31 12:00:00,740.0218887941858
10-31 13:00:00,813.8103397434741
10-31 14:00:00,905.1923903464659
10-31 15:00:00,894.7595777869561
10-31 16:00:00,891.2902143010914
10-31 17:00:00,912.8262177713293
10-31 18:00:00,1325.5893350733393
10-31 19:00:00,1757.356651012883
10-31 20:00:00,1802.5527160880752
10-31 21:00:00,1653.2491267902392
10-31 22:00:00,1466.552713190747
10-31 23:00:00,1187.123044195127
11-01 00:00:00,895.1104746141636
11-01 01:00:00,628.8543982174368
11-01 02:00:00,454.8426325038133
11-01 03:00:00,249.67783100538662
11-01 04:00:00,168.2038657457884
11-01 05:00:00,130.6000345076637
11-01 06:00:00,140.58453754931048
11-01 07:00:00,372.65826953016796
11-01 08:00:00,719.4796527922321
11-01 09:00:00,831.4681779479644
11-01 10:00:00,818.0340684423587
11-01 11:00:00,756.3336582247221
11-01 12:00:00,907.8676875587346
11-01 13:00:00,873.6397995443009
11-01 14:00:00,883.0716462667497
11-01 15:00:00,751.3922014556236
11-01 16:00:00,832.434751653024
11-01 17:00:00,815.4712549100681
11-01 18:00:00,1278.9951634464683
11-01 19:00:00,1829.4209110686306
11-01 20:00:00,1906.6798233064353
11-01 21:00:00,1804.2335416424432
11-01 22:00:00,1472.0483101205807
11-01 23:00:00,1248.254772460858
11-02 00:00:00,1008.394509115585
11-02 01:00:00,692.3610061196658
11-02 02:00:00,500.48797569610434
11-02 03:00:00,345.3479375942475
11-02 04:00:00,230.13926439726708
11-02 05:00:00,161.95151280041154
11-02 06:00:00,164.10236034828048
11-02 07:00:00,380.64977197046824
11-02 08:00:00,629.0232040657539
11-02 09:00:00,711.4986073050443
11-02 10:00:00,739.3021358304486
11-02 11:00:00,738.803613875828
11-02 12:00:00,741.1041279570659
11-02 13:00:00,807.72287889905
11-02 14:00:00,789.5173812875694
11-02 15:00:00,950.7610807065006
11-02 16:00:00,953.767742499951
11-02 17:00:00,1042.047695016208
11-02 18:00:00,1416.4564218092262
11-02 19:00:00,1810.8424704564163
11-02 20:00:00,1975.6603333876853
11-02 21:00:00,1692.1257168593884
11-02 22:00:00,1384.9182818843665
11-02 23:00:00,1109.0015585925262
11-03 00:00:00,889.1363160534203
11-03 01:00:00,670.1058805347457
11-03 02:00:00,524.0243732578153
11-03 03:00:00,411.7986866538091
11-03 04:00:00,248.0696397979906
11-03 05:00:00,161.05484098884867
11-03 06:00:00,121.82062868009945
11-03 07:00:00,131.75349761213647
11-03 08:00:00,290.7471710636792
11-03 09:00:00,470.45928871803216
11-03 10:00:00,662.7342982893874
11-03 11:00:00,1085.3124945473342
11-03 12:00:00,1279.0592929796508
11-03 13:00:00,992.6971215368827
11-03 14:00:00,941.0624280746088
11-03 15:00:00,995.3080052068999
11-03 16:00:00,1127.6784593272707
11-03 17:00:00,1132.3890135614563
11-03 18:00:00,1401.860463079129
11-03 19:00:00,1259.290423004997
11-03 20:00:00,1260.5294216698717
11-03 21:00:00,915.1762229053186
11-03 22:00:00,718.2256187194819
11-03 23:00:00,667.8041945524667
11-04 00:00:00,628.2699829738698
11-04 01:00:00,518.670699823135
11-04 02:00:00,410.5708961321049
11-04 03:00:00,335.3375361184377
11-04 04:00:00,197.3758499043499
11-04 05:00:00,160.50321880790656
11-04 06:00:00,140.21135941457345
11-04 07:00:00,137.46643492502884
11-04 08:00:00,148.79651162821375
11-04 09:00:00,289.6396448677624
11-04 10:00:00,340.52789610833867
11-04 11:00:00,680.7871427110063
11-04 12:00:00,564.9981460963052
11-04 13:00:00,722.4184920846485
11-04 14:00:00,621.9412039982626
11-04 15:00:00,680.6467827037831
11-04 16:00:00,773.684772125886
11-04 17:00:00,909.1281806081121
11-04 18:00:00,1269.9464185614245
11-04 19:00:00,1370.5610986886416
11-04 20:00:00,1236.2676265676846
11-04 21:00:00,1074.8729170932138
11-04 22:00:00,980.3087497121193
11-04 23:00:00,893.9757699747872
11-05 00:00:00,679.8417199207993
11-05 01:00:00,420.9993907456999
11-05 02:00:00,334.2435283124726
11-05 03:00:00,260.408315393573
11-05 04:00:00,197.73997961672939
11-05 05:00:00,152.3100433582748
11-05 06:00:00,184.1799911661707
11-05 07:00:00,510.8808255693929
11-05 08:00:00,873.4830650382381
11-05 09:00:00,897.9896241560266
11-05 10:00:00,906.8244189826192
11-05 11:00:00,832.5622868743967
11-05 12:00:00,698.8664482443706
11-05 13:00:00,715.9827681510851
11-05 14:00:00,939.9340535114873
11-05 15:00:00,920.9277729249092
11-05 16:00:00,819.7083620584514
11-05 17:00:00,855.2313366814446
11-05 18:00:00,1205.7617788394375
11-05 19:00:00,1773.9029328338595
11-05 20:00:00,1877.3264904966288
11-05 21:00:00,1772.1389146118227
11-05 22:00:00,1417.632340682257
11-05 23:00:00,1193.017622348789
11-06 00:00:00,958.6813655110392
11-06 01:00:00,620.9839386939733
11-06 02:00:00,424.9161307316388
11-06 03:00:00,269.8738308378705
11-06 04:00:00,191.83967055519133
11-06 05:00:00,125.64139484262483
11-06 06:00:00,155.78137009941344
11-06 07:00:00,396.4104376811773
11-06 08:00:00,712.1873908240207
11-06 09:00:00,767.1562624525824
11-06 10:00:00,970.4554993251926
11-06 11:00:00,761.0894298580816
11-06 12:00:00,876.6666308901846
11-06 13:00:00,908.4487519599118
11-06 14:00:00,1023.963563812851
11-06 15:00:00,815.208163346955
11-06 16:00:00,828.4128818434943
11-06 17:00:00,907.305075704671
11-06 18:00:00,1383.8167197041823
11-06 19:00:00,1877.172427866663
11-06 20:00:00,1930.7521582535794
11-06 21:00:00,1824.5150433285064
11-06 22:00:00,1460.3106398019581
11-06 23:00:00,1202.8886031409954
11-07 00:00:00,890.3003886631203
11-07 01:00:00,601.9497373362906
11-07 02:00:00,450.3083099707052
11-07 03:00:00,288.8195707075591
11-07 04:00:00,252.11836012848667
11-07 05:00:00,226.89374043526348
11-07 06:00:00,218.3062442680194
11-07 07:00:00,472.68135202703826
11-07 08:00:00,811.1223106853664
11-07 09:00:00,974.6470487676388
11-07 10:00:00,965.3315614860259
11-07 11:00:00,774.4947276135933
11-07 12:00:00,740.0218887941858
11-07 13:00:00,813.8103397434741
11-07 14:00:00,905.1923903464659
11-07 15:00:00,894.7595777869561
11-07 16:00:00,891.2902143010914
11-07 17:00:00,912.8262177713293
11-07 18:00:00,1325.5893350733393
11-07 19:00:00,1757.356651012883
11-07 20:00:00,1802.5527160880752
11-07 21:00:00,1653.2491267902392
11-07 22:00:00,1466.552713190747
11-07 23:00:00,1187.123044195127
11-08 00:00:00,895.1104746141636
11-08 01:00:00,628.8543982174368
11-08 02:00:00,454.8426325038133
11-08 03:00:00,249.67783100538662
11-08 04:00:00,168.2038657457884
11-08 05:00:00,130.6000345076637
11-08 06:00:00,140.58453754931048
11-08 07:00:00,372.65826953016796
11-08 08:00:00,719.4796527922321
11-08 09:00:00,831.4681779479644
11-08 10:00:00,818.0340684423587
11-08 11:00:00,756.3336582247221
11-08 12:00:00,907.8676875587346
11-08 13:00:00,873.6397995443009
11-08 14:00:00,883.0716462667497
11-08 15:00:00,751.3922014556236
11-08 16:00:00,832.434751653024
11-08 17:00:00,815.4712549100681
11-08 18:00:00,1278.9951634464683
11-08 19:00:00,1829.4209110686306
11-08 20:00:00,1906.6798233064353
11-08 21:00:00,1804.2335416424432
11-08 22:00:00,1472.0483101205807
11-08 23:00:00,1248.254772460858
11-09 00:00:00,1008.394509115585
11-09 01:00:00,692.3610061196658
11-09 02:00:00,500.48797569610434
11-09 03:00:00,345.3479375942475
11-09 04:00:00,230.13926439726708
11-09 05:00:00,161.95151280041154
11-09 06:00:00,164.10236034828048
11-09 07:00:00,380.64977197046824
11-09 08:00:00,629.0232040657539
11-09 09:00:00,711.4986073050443
11-09 10:00:00,739.3021358304486
11-09 11:00:00,738.803613875828
11-09 12:00:00,741.1041279570659
11-09 13:00:00,807.72287889905
11-09 14:00:00,789.5173812875694
11-09 15:00:00,950.7610807065006
11-09 16:00:00,953.767742499951
11-09 17:00:00,1042.047695016208
11-09 18:00:00,1416.4564218092262
11-09 19:00:00,1810.8424704564163
11-09 20:00:00,1975.6603333876853
11-09 21:00:00,1692.1257168593884
11-09 22:00:00,1384.9182818843665
11-09 23:00:00,1109.0015585925262
11-10 00:00:00,889.1363160534203
11-10 01:00:00,670.1058805347457
11-10 02:00:00,524.0243732578153
11-10 03:00:00,411.7986866538091
11-10 04:00:00,248.0696397979906
11-10 05:00:00,161.05484098884867
11-10 06:00:00,121.82062868009945
11-10 07:00:00,131.75349761213647
11-10 08:00:00,290.7471710636792
11-10 09:00:00,470.45928871803216
11-10 10:00:00,662.7342982893874
11-10 11:00:00,1085.3124945473342
11-10 12:00:00,1279.0592929796508
11-10 13:00:00,992.6971215368827
11-10 14:00:00,941.0624280746088
11-10 15:00:00,995.3080052068999
11-10 16:00:00,1127.6784593272707
11-10 17:00:00,1132.3890135614563
11-10 18:00:00,1401.860463079129
11-10 19:00:00,1259.290423004997
11-10 20:00:00,1260.5294216698717
11-10 21:00:00,915.1762229053186
11-10 22:00:00,718.2256187194819
11-10 23:00:00,667.8041945524667
11-11 00:00:00,628.2699829738698
11-11 01:00:00,518.670699823135
11-11 02:00:00,410.5708961321049
11-11 03:00:00,335.3375361184377
11-11 04:00:00,197.3758499043499
11-11 05:00:00,160.50321880790656
11-11 06:00:00,140.21135941457345
11-11 07:00:00,137.46643492502884
11-11 08:00:00,148.79651162821375
11-11 09:00:00,289.6396448677624
11-11 10:00:00,340.52789610833867
11-11 11:00:00,680.7871427110063
11-11 12:00:00,564.9981460963052
11-11 13:00:00,722.4184920846485
11-11 14:00:00,621.9412039982626
11-11 15:00:00,680.6467827037831
11-11 16:00:00,773.684772125886
11-11 17:00:00,909.1281806081121
11-11 18:00:00,1269.9464185614245
11-11 19:00:00,1370.5610986886416
11-11 20:00:00,1236.2676265676846
11-11 21:00:00,1074.8729170932138
11-11 22:00:00,980.3087497121193
11-11 23:00:00,893.9757699747872
11-12 00:00:00,679.8417199207993
11-12 01:00:00,420.9993907456999
11-12 02:00:00,334.2435283124726
11-12 03:00:00,260.408315393573
11-12 04:00:00,197.73997961672939
11-12 05:00:00,152.3100433582748
11-12 06:00:00,184.1799911661707
11-12 07:00:00,510.8808255693929
11-12 08:00:00,873.4830650382381
11-12 09:00:00,897.9896241560266
11-12 10:00:00,906.8244189826192
11-12 11:00:00,832.5622868743967
11-12 12:00:00,698.8664482443706
11-12 13:00:00,715.9827681510851
11-12 14:00:00,939.9340535114873
11-12 15:00:00,920.9277729249092
11-12 16:00:00,819.7083620584514
11-12 17:00:00,855.2313366814446
11-12 18:00:00,1205.7617788394375
11-12 19:00:00,1773.9029328338595
11-12 20:00:00,1877.3264904966288
11-12 21:00:00,1772.1389146118227
11-12 22:00:00,1417.632340682257
11-12 23:00:00,1193.017622348789
11-13 00:00:00,958.6813655110392
11-13 01:00:00,620.9839386939733
11-13 02:00:00,424.9161307316388
11-13 03:00:00,269.8738308378705
11-13 04:00:00,191.83967055519133
11-13 05:00:00,125.64139484262483
11-13 06:00:00,155.78137009941344
11-13 07:00:00,396.4104376811773
11-13 08:00:00,712.1873908240207
11-13 09:00:00,767.1562624525824
11-13 10:00:00,970.4554993251926
11-13 11:00:00,761.0894298580816
11-13 12:00:00,876.6666308901846
11-13 13:00:00,908.4487519599118
11-13 14:00:00,1023.963563812851
11-13 15:00:00,815.208163346955
11-13 16:00:00,828.4128818434943
11-13 17:00:00,907.305075704671
11-13 18:00:00,1383.8167197041823
11-13 19:00:00,1877.172427866663
11-13 20:00:00,1930.7521582535794
11-13 21:00:00,1824.5150433285064
11-13 22:00:00,1460.3106398019581
11-13 23:00:00,1202.8886031409954
11-14 00:00:00,890.3003886631203
11-14 01:00:00,601.9497373362906
11-14 02:00:00,450.3083099707052
11-14 03:00:00,288.8195707075591
11-14 04:00:00,252.11836012848667
11-14 05:00:00,226.89374043526348
11-14 06:00:00,218.3062442680194
11-14 07:00:00,472.68135202703826
11-14 08:00:00,811.1223106853664
11-14 09:00:00,974.6470487676388
11-14 10:00:00,965.3315614860259
11-14 11:00:00,774.4947276135933
11-14 12:00:00,740.0218887941858
11-14 13:00:00,813.8103397434741
11-14 14:00:00,905.1923903464659
11-14 15:00:00,894.7595777869561
11-14 16:00:00,891.2902143010914
11-14 17:00:00,912.8262177713293
11-14 18:00:00,1325.5893350733393
11-14 19:00:00,1757.356651012883
11-14 20:00:00,1802.5527160880752
11-14 21:00:00,1653.2491267902392
11-14 22:00:00,1466.552713190747
11-14 23:00:00,1187.123044195127
11-15 00:00:00,895.1104746141636
11-15 01:00:00,628.8543982174368
11-15 02:00:00,454.8426325038133
11-15 03:00:00,249.67783100538662
11-15 04:00:00,168.2038657457884
11-15 05:00:00,130.6000345076637
11-15 06:00:00,140.58453754931048
11-15 07:00:00,372.65826953016796
11-15 08:00:00,719.4796527922321
11-15 09:00:00,831.4681779479644
11-15 10:00:00,818.0340684423587
11-15 11:00:00,756.3336582247221
11-15 12:00:00,907.8676875587346
11-15 13:00:00,873.6397995443009
11-15 14:00:00,883.0716462667497
11-15 15:00:00,751.3922014556236
11-15 16:00:00,832.434751653024
11-15 17:00:00,815.4712549100681
11-15 18:00:00,1278.9951634464683
11-15 19:00:00,1829.4209110686306
11-15 20:00:00,1906.6798233064353
11-15 21:00:00,1804.2335416424432
11-15 22:00:00,1472.0483101205807
11-15 23:00:00,1248.254772460858
11-16 00:00:00,1008.394509115585
11-16 01:00:00,692.3610061196658
11-16 02:00:00,500.48797569610434
11-16 03:00:00,345.3479375942475
11-16 04:00:00,230.13926439726708
11-16 05:00:00,161.95151280041154
11-16 06:00:00,164.10236034828048
11-16 07:00:00,380.64977197046824
11-16 08:00:00,629.0232040657539
11-16 09:00:00,711.4986073050443
11-16 10:00:00,739.3021358304486
11-16 11:00:00,738.803613875828
11-16 12:00:00,741.1041279570659
11-16 13:00:00,807.72287889905
11-16 14:00:00,789.5173812875694
11-16 15:00:00,950.7610807065006
11-16 16:00:00,953.767742499951
11-16 17:00:00,1042.047695016208
11-16 18:00:00,1416.4564218092262
11-16 19:00:00,1810.8424704564163
11-16 20:00:00,1975.6603333876853
11-16 21:00:00,1692.1257168593884
11-16 22:00:00,1384.9182818843665
11-16 23:00:00,1109.0015585925262
11-17 00:00:00,889.1363160534203
11-17 01:00:00,670.1058805347457
11-17 02:00:00,524.0243732578153
11-17 03:00:00,411.7986866538091
11-17 04:00:00,248.0696397979906
11-17 05:00:00,161.05484098884867
11-17 06:00:00,121.82062868009945
11-17 07:00:00,131.75349761213647
11-17 08:00:00,290.7471710636792
11-17 09:00:00,470.45928871803216
11-17 10:00:00,662.7342982893874
11-17 11:00:00,1085.3124945473342
11-17 12:00:00,1279.0592929796508
11-17 13:00:00,992.6971215368827
11-17 14:00:00,941.0624280746088
11-17 15:00:00,995.3080052068999
11-17 16:00:00,1127.6784593272707
11-17 17:00:00,1132.3890135614563
11-17 18:00:00,1401.860463079129
11-17 19:00:00,1259.290423004997
11-17 20:00:00,1260.5294216698717
11-17 21:00:00,915.1762229053186
11-17 22:00:00,718.2256187194819
11-17 23:00:00,667.8041945524667
11-18 00:00:00,628.2699829738698
11-18 01:00:00,518.670699823135
11-18 02:00:00,410.5708961321049
11-18 03:00:00,335.3375361184377
11-18 04:00:00,197.3758499043499
11-18 05:00:00,160.50321880790656
11-18 06:00:00,140.21135941457345
11-18 07:00:00,137.46643492502884
11-18 08:00:00,148.79651162821375
11-18 09:00:00,289.6396448677624
11-18 10:00:00,340.52789610833867
11-18 11:00:00,680.7871427110063
11-18 12:00:00,564.9981460963052
11-18 13:00:00,722.4184920846485
11-18 14:00:00,621.9412039982626
11-18 15:00:00,680.6467827037831
11-18 16:00:00,773.684772125886
11-18 17:00:00,909.1281806081121
11-18 18:00:00,1269.9464185614245
11-18 19:00:00,1370.5610986886416
11-18 20:00:00,1236.2676265676846
11-18 21:00:00,1074.8729170932138
11-18 22:00:00,980.3087497121193
11-18 23:00:00,893.9757699747872
11-19 00:00:00,679.8417199207993
11-19 01:00:00,420.9993907456999
11-19 02:00:00,334.2435283124726
11-19 03:00:00,260.408315393573
11-19 04:00:00,197.73997961672939
11-19 05:00:00,152.3100433582748
11-19 06:00:00,184.1799911661707
11-19 07:00:00,510.8808255693929
11-19 08:00:00,873.4830650382381
11-19 09:00:00,897.9896241560266
11-19 10:00:00,906.8244189826192
11-19 11:00:00,832.5622868743967
11-19 12:00:00,698.8664482443706
11-19 13:00:00,715.9827681510851
11-19 14:00:00,939.9340535114873
11-19 15:00:00,920.9277729249092
11-19 16:00:00,819.7083620584514
11-19 17:00:00,855.2313366814446
11-19 18:00:00,1205.7617788394375
11-19 19:00:00,1773.9029328338595
11-19 20:00:00,1877.3264904966288
11-19 21:00:00,1772.1389146118227
11-19 22:00:00,1417.632340682257
11-19 23:00:00,1193.017622348789
11-20 00:00:00,958.6813655110392
11-20 01:00:00,620.9839386939733
11-20 02:00:00,424.9161307316388
11-20 03:00:00,269.8738308378705
11-20 04:00:00,191.83967055519133
11-20 05:00:00,125.64139484262483
11-20 06:00:00,155.78137009941344
11-20 07:00:00,396.4104376811773
11-20 08:00:00,712.1873908240207
11-20 09:00:00,767.1562624525824
11-20 10:00:00,970.4554993251926
11-20 11:00:00,761.0894298580816
11-20 12:00:00,876.6666308901846
11-20 13:00:00,908.4487519599118
11-20 14:00:00,1023.963563812851
11-20 15:00:00,815.208163346955
11-20 16:00:00,828.4128818434943
11-20 17:00:00,907.305075704671
11-20 18:00:00,1383.8167197041823
11-20 19:00:00,1877.172427866663
11-20 20:00:00,1930.7521582535794
11-20 21:00:00,1824.5150433285064
11-20 22:00:00,1460.3106398019581
11-20 23:00:00,1202.8886031409954
11-21 00:00:00,890.3003886631203
11-21 01:00:00,601.9497373362906
11-21 02:00:00,450.3083099707052
11-21 03:00:00,288.8195707075591
11-21 04:00:00,252.11836012848667
11-21 05:00:00,226.89374043526348
11-21 06:00:00,218.3062442680194
11-21 07:00:00,472.68135202703826
11-21 08:00:00,811.1223106853664
11-21 09:00:00,974.6470487676388
11-21 10:00:00,965.3315614860259
11-21 11:00:00,774.4947276135933
11-21 12:00:00,740.0218887941858
11-21 13:00:00,813.8103397434741
11-21 14:00:00,905.1923903464659
11-21 15:00:00,894.7595777869561
11-21 16:00:00,891.2902143010914
11-21 17:00:00,912.8262177713293
11-21 18:00:00,1325.5893350733393
11-21 19:00:00,1757.356651012883
11-21 20:00:00,1802.5527160880752
11-21 21:00:00,1653.2491267902392
11-21 22:00:00,1466.552713190747
11-21 23:00:00,1187.123044195127
11-22 00:00:00,895.1104746141636
11-22 01:00:00,628.8543982174368
11-22 02:00:00,454.8426325038133
11-22 03:00:00,249.67783100538662
11-22 04:00:00,168.2038657457884
11-22 05:00:00,130.6000345076637
11-22 06:00:00,140.58453754931048
11-22 07:00:00,372.65826953016796
11-22 08:00:00,719.4796527922321
11-22 09:00:00,831.4681779479644
11-22 10:00:00,818.0340684423587
11-22 11:00:00,756.3336582247221
11-22 12:00:00,907.8676875587346
11-22 13:00:00,873.6397995443009
11-22 14:00:00,883.0716462667497
11-22 15:00:00,751.3922014556236
11-22 16:00:00,832.434751653024
11-22 17:00:00,815.4712549100681
11-22 18:00:00,1278.9951634464683
11-22 19:00:00,1829.4209110686306
11-22 20:00:00,1906.6798233064353
11-22 21:00:00,1804.2335416424432
11-22 22:00:00,1472.0483101205807
11-22 23:00:00,1248.254772460858
11-23 00:00:00,1008.394509115585
11-23 01:00:00,692.3610061196658
11-23 02:00:00,500.48797569610434
11-23 03:00:00,345.3479375942475
11-23 04:00:00,230.13926439726708
11-23 05:00:00,161.95151280041154
11-23 06:00:00,164.10236034828048
11-23 07:00:00,380.64977197046824
11-23 08:00:00,629.0232040657539
11-23 09:00:00,711.4986073050443
11-23 10:00:00,739.3021358304486
11-23 11:00:00,738.803613875828
11-23 12:00:00,741.1041279570659
11-23 13:00:00,807.72287889905
11-23 14:00:00,789.5173812875694
11-23 15:00:00,950.7610807065006
11-23 16:00:00,953.767742499951
11-23 17:00:00,1042.047695016208
11-23 18:00:00,1416.4564218092262
11-23 19:00:00,1810.8424704564163
11-23 20:00:00,1975.6603333876853
11-23 21:00:00,1692.1257168593884
11-23 22:00:00,1384.9182818843665
11-23 23:00:00,1109.0015585925262
11-24 00:00:00,889.1363160534203
11-24 01:00:00,670.1058805347457
11-24 02:00:00,524.0243732578153
11-24 03:00:00,411.7986866538091
11-24 04:00:00,248.0696397979906
11-24 05:00:00,161.05484098884867
11-24 06:00:00,121.82062868009945
11-24 07:00:00,131.75349761213647
11-24 08:00:00,290.7471710636792
11-24 09:00:00,470.45928871803216
11-24 10:00:00,662.7342982893874
11-24 11:00:00,1085.3124945473342
11-24 12:00:00,1279.0592929796508
11-24 13:00:00,992.6971215368827
11-24 14:00:00,941.0624280746088
11-24 15:00:00,995.3080052068999
11-24 16:00:00,1127.6784593272707
11-24 17:00:00,1132.3890135614563
11-24 18:00:00,1401.860463079129
11-24 19:00:00,1259.290423004997
11-24 20:00:00,1260.5294216698717
11-24 21:00:00,915.1762229053186
11-24 22:00:00,718.2256187194819
11-24 23:00:00,667.8041945524667
11-25 00:00:00,628.2699829738698
11-25 01:00:00,518.670699823135
11-25 02:00:00,410.5708961321049
11-25 03:00:00,335.3375361184377
11-25 04:00:00,197.3758499043499
11-25 05:00:00,160.50321880790656
11-25 06:00:00,140.21135941457345
11-25 07:00:00,137.46643492502884
11-25 08:00:00,148.79651162821375
11-25 09:00:00,289.6396448677624
11-25 10:00:00,340.52789610833867
11-25 11:00:00,680.7871427110063
11-25 12:00:00,564.9981460963052
11-25 13:00:00,722.4184920846485
11-25 14:00:00,621.9412039982626
11-25 15:00:00,680.6467827037831
11-25 16:00:00,773.684772125886
11-25 17:00:00,909.1281806081121
11-25 18:00:00,1269.9464185614245
11-25 19:00:00,1370.5610986886416
11-25 20:00:00,1236.2676265676846
11-25 21:00:00,1074.8729170932138
11-25 22:00:00,980.3087497121193
11-25 23:00:00,893.9757699747872
11-26 00:00:00,679.8417199207993
11-26 01:00:00,420.9993907456999
11-26 02:00:00,334.2435283124726
11-26 03:00:00,260.408315393573
11-26 04:00:00,197.73997961672939
11-26 05:00:00,152.3100433582748
11-26 06:00:00,184.1799911661707
11-26 07:00:00,510.8808255693929
11-26 08:00:00,873.4830650382381
11-26 09:00:00,897.9896241560266
11-26 10:00:00,906.8244189826192
11-26 11:00:00,832.5622868743967
11-26 12:00:00,698.8664482443706
11-26 13:00:00,715.9827681510851
11-26 14:00:00,939.9340535114873
11-26 15:00:00,920.9277729249092
11-26 16:00:00,819.7083620584514
11-26 17:00:00,855.2313366814446
11-26 18:00:00,1205.7617788394375
11-26 19:00:00,1773.9029328338595
11-26 20:00:00,1877.3264904966288
11-26 21:00:00,1772.1389146118227
11-26 22:00:00,1417.632340682257
11-26 23:00:00,1193.017622348789
11-27 00:00:00,958.6813655110392
11-27 01:00:00,620.9839386939733
11-27 02:00:00,424.9161307316388
11-27 03:00:00,269.8738308378705
11-27 04:00:00,191.83967055519133
11-27 05:00:00,125.64139484262483
11-27 06:00:00,155.78137009941344
11-27 07:00:00,396.4104376811773
11-27 08:00:00,712.1873908240207
11-27 09:00:00,767.1562624525824
11-27 10:00:00,970.4554993251926
11-27 11:00:00,761.0894298580816
11-27 12:00:00,876.6666308901846
11-27 13:00:00,908.4487519599118
11-27 14:00:00,1023.963563812851
11-27 15:00:00,815.208163346955
11-27 16:00:00,828.4128818434943
11-27 17:00:00,907.305075704671
11-27 18:00:00,1383.8167197041823
11-27 19:00:00,1877.172427866663
11-27 20:00:00,1930.7521582535794
11-27 21:00:00,1824.5150433285064
11-27 22:00:00,1460.3106398019581
11-27 23:00:00,1202.8886031409954
11-28 00:00:00,890.3003886631203
11-28 01:00:00,601.9497373362906
11-28 02:00:00,450.3083099707052
11-28 03:00:00,288.8195707075591
11-28 04:00:00,252.11836012848667
11-28 05:00:00,226.89374043526348
11-28 06:00:00,218.3062442680194
11-28 07:00:00,472.68135202703826
11-28 08:00:00,811.1223106853664
11-28 09:00:00,974.6470487676388
11-28 10:00:00,965.3315614860259
11-28 11:00:00,774.4947276135933
11-28 12:00:00,740.0218887941858
11-28 13:00:00,813.8103397434741
11-28 14:00:00,905.1923903464659
11-28 15:00:00,894.7595777869561
11-28 16:00:00,891.2902143010914
11-28 17:00:00,912.8262177713293
11-28 18:00:00,1325.5893350733393
11-28 19:00:00,1757.356651012883
11-28 20:00:00,1802.5527160880752
11-28 21:00:00,1653.2491267902392
11-28 22:00:00,1466.552713190747
11-28 23:00:00,1187.123044195127
11-29 00:00:00,895.1104746141636
11-29 01:00:00,628.8543982174368
11-29 02:00:00,454.8426325038133
11-29 03:00:00,249.67783100538662
11-29 04:00:00,168.2038657457884
11-29 05:00:00,130.6000345076637
11-29 06:00:00,140.58453754931048
11-29 07:00:00,372.65826953016796
11-29 08:00:00,719.4796527922321
11-29 09:00:00,831.4681779479644
11-29 10:00:00,818.0340684423587
11-29 11:00:00,756.3336582247221
11-29 12:00:00,907.8676875587346
11-29 13:00:00,873.6397995443009
11-29 14:00:00,883.0716462667497
11-29 15:00:00,751.3922014556236
11-29 16:00:00,832.434751653024
11-29 17:00:00,815.4712549100681
11-29 18:00:00,1278.9951634464683
11-29 19:00:00,1829.4209110686306
11-29 20:00:00,1906.6798233064353
11-29 21:00:00,1804.2335416424432
11-29 22:00:00,1472.0483101205807
11-29 23:00:00,1248.254772460858
11-30 00:00:00,1008.394509115585
11-30 01:00:00,692.3610061196658
11-30 02:00:00,500.48797569610434
11-30 03:00:00,345.3479375942475
11-30 04:00:00,230.13926439726708
11-30 05:00:00,161.95151280041154
11-30 06:00:00,164.10236034828048
11-30 07:00:00,380.64977197046824
11-30 08:00:00,629.0232040657539
11-30 09:00:00,711.4986073050443
11-30 10:00:00,739.3021358304486
11-30 11:00:00,738.803613875828
11-30 12:00:00,741.1041279570659
11-30 13:00:00,807.72287889905
11-30 14:00:00,789.5173812875694
11-30 15:00:00,950.7610807065006
11-30 16:00:00,953.767742499951
11-30 17:00:00,1042.047695016208
11-30 18:00:00,1416.4564218092262
11-30 19:00:00,1810.8424704564163
11-30 20:00:00,1975.6603333876853
11-30 21:00:00,1692.1257168593884
11-30 22:00:00,1384.9182818843665
11-30 23:00:00,1109.0015585925262
12-01 00:00:00,889.1363160534203
12-01 01:00:00,670.1058805347457
12-01 02:00:00,524.0243732578153
12-01 03:00:00,411.7986866538091
12-01 04:00:00,248.0696397979906
12-01 05:00:00,161.05484098884867
12-01 06:00:00,121.82062868009945
12-01 07:00:00,131.75349761213647
12-01 08:00:00,290.7471710636792
12-01 09:00:00,470.45928871803216
12-01 10:00:00,662.7342982893874
12-01 11:00:00,1085.3124945473342
12-01 12:00:00,1279.0592929796508
12-01 13:00:00,992.6971215368827
12-01 14:00:00,941.0624280746088
12-01 15:00:00,995.3080052068999
12-01 16:00:00,1127.6784593272707
12-01 17:00:00,1132.3890135614563
12-01 18:00:00,1401.860463079129
12-01 19:00:00,1259.290423004997
12-01 20:00:00,1260.5294216698717
12-01 21:00:00,915.1762229053186
12-01 22:00:00,718.2256187194819
12-01 23:00:00,667.8041945524667
12-02 00:00:00,628.2699829738698
12-02 01:00:00,518.670699823135
12-02 02:00:00,410.5708961321049
12-02 03:00:00,335.3375361184377
12-02 04:00:00,197.3758499043499
12-02 05:00:00,160.50321880790656
12-02 06:00:00,140.21135941457345
12-02 07:00:00,137.46643492502884
12-02 08:00:00,148.79651162821375
12-02 09:00:00,289.6396448677624
12-02 10:00:00,340.52789610833867
12-02 11:00:00,680.7871427110063
12-02 12:00:00,564.9981460963052
12-02 13:00:00,722.4184920846485
12-02 14:00:00,621.9412039982626
12-02 15:00:00,680.6467827037831
12-02 16:00:00,773.684772125886
12-02 17:00:00,909.1281806081121
12-02 18:00:00,1269.9464185614245
12-02 19:00:00,1370.5610986886416
12-02 20:00:00,1236.2676265676846
12-02 21:00:00,1074.8729170932138
12-02 22:00:00,980.3087497121193
12-02 23:00:00,893.9757699747872
12-03 00:00:00,679.8417199207993
12-03 01:00:00,420.9993907456999
12-03 02:00:00,334.2435283124726
12-03 03:00:00,260.45951159780986
12-03 04:00:00,197.89356822943998
12-03 05:00:00,152.25884715403794
12-03 06:00:00,181.080317209868
12-03 07:00:00,461.6951001260744
12-03 08:00:00,773.5855022620655
12-03 09:00:00,966.1360421434991
12-03 10:00:00,867.366559714777
12-03 11:00:00,808.5848682637113
12-03 12:00:00,827.4378901862183
12-03 13:00:00,873.6085445947606
12-03 14:00:00,932.665893912088
12-03 15:00:00,930.6041594175151
12-03 16:00:00,949.9982234428747
12-03 17:00:00,915.6324845385982
12-03 18:00:00,1236.317374228513
12-03 19:00:00,1818.043750930694
12-03 20:00:00,2002.3227114391834
12-03 21:00:00,1973.908009558822
12-03 22:00:00,1547.9945813968816
12-03 23:00:00,1279.0656802629485
12-04 00:00:00,1007.5390755683335
12-04 01:00:00,695.5481959345123
12-04 02:00:00,542.1297251947296
12-04 03:00:00,341.22846493435424
12-04 04:00:00,241.88032167016198
12-04 05:00:00,185.60390764320732
12-04 06:00:00,202.20146194447844
12-04 07:00:00,379.6963211677009
12-04 08:00:00,822.8290432399044
12-04 09:00:00,827.1852287056614
12-04 10:00:00,867.1974431383566
12-04 11:00:00,747.9886374518941
12-04 12:00:00,860.8664511356642
12-04 13:00:00,762.5806335595611
12-04 14:00:00,852.6150118880156
12-04 15:00:00,909.6994181474039
12-04 16:00:00,892.9006394792115
12-04 17:00:00,1016.5646931411537
12-04 18:00:00,1486.8816013896455
12-04 19:00:00,1834.8621131250381
12-04 20:00:00,1905.9255682278167
12-04 21:00:00,1737.88605690133
12-04 22:00:00,1366.9074820980136
12-04 23:00:00,1051.4615167387929
12-05 00:00:00,865.817819905118
12-05 01:00:00,614.726834328515
12-05 02:00:00,492.46123661481903
12-05 03:00:00,288.9388810719187
12-05 04:00:00,213.52221117787866
12-05 05:00:00,152.11434067050723
12-05 06:00:00,152.61520455258534
12-05 07:00:00,384.996687021962
12-05 08:00:00,764.3385461023091
12-05 09:00:00,839.904440193139
12-05 10:00:00,877.0276487949482
12-05 11:00:00,733.9713843800403
12-05 12:00:00,797.8860493294467
12-05 13:00:00,861.7045267955109
12-05 14:00:00,928.2036946315391
12-05 15:00:00,751.5145751314471
12-05 16:00:00,743.1122504489472
12-05 17:00:00,997.7935598463633
12-05 18:00:00,1280.6937393844794
12-05 19:00:00,1926.552732820252
12-05 20:00:00,1943.6509648961858
12-05 21:00:00,1685.9398301296915
12-05 22:00:00,1427.89146264179
12-05 23:00:00,1190.4510383799225
12-06 00:00:00,942.583118061269
12-06 01:00:00,713.5957132678917
12-06 02:00:00,607.3469250448057
12-06 03:00:00,344.10892819233584
12-06 04:00:00,207.4135651813442
12-06 05:00:00,139.91478966823317
12-06 06:00:00,175.88999776305573
12-06 07:00:00,481.50709453050257
12-06 08:00:00,930.4486432824991
12-06 09:00:00,869.1468761595962
12-06 10:00:00,910.1316342400008
12-06 11:00:00,855.051741147402
12-06 12:00:00,857.5750073079728
12-06 13:00:00,907.3293617758384
12-06 14:00:00,971.8498621034037
12-06 15:00:00,784.1405849718715
12-06 16:00:00,719.0540199180363
12-06 17:00:00,1020.9735174276387
12-06 18:00:00,1440.2380233180577
12-06 19:00:00,1945.5336012226705
12-06 20:00:00,1942.4463709749746
12-06 21:00:00,1758.282481035612
12-06 22:00:00,1391.4679957787946
12-06 23:00:00,1164.804494383438
12-07 00:00:00,976.3546470712049
12-07 01:00:00,660.8517229191951
12-07 02:00:00,447.0146468100977
12-07 03:00:00,274.30608257916714
12-07 04:00:00,151.33045711271663
12-07 05:00:00,115.20988136142562
12-07 06:00:00,200.41897947301567
12-07 07:00:00,429.0170330599972
12-07 08:00:00,683.6836966102801
12-07 09:00:00,876.4709746724228
12-07 10:00:00,796.1023714567222
12-07 11:00:00,858.3509743317936
12-07 12:00:00,849.6881205098331
12-07 13:00:00,851.4936203106398
12-07 14:00:00,946.2105552956821
12-07 15:00:00,994.3605898858028
12-07 16:00:00,1042.2284023087532
12-07 17:00:00,998.512043689363
12-07 18:00:00,1506.9276600725395
12-07 19:00:00,1871.2906045286252
12-07 20:00:00,1965.602960334628
12-07 21:00:00,1664.6042431597093
12-07 22:00:00,1360.6510228405043
12-07 23:00:00,1047.7558046329614
12-08 00:00:00,890.3691777372436
12-08 01:00:00,606.5109718770926
12-08 02:00:00,485.94150006569487
12-08 03:00:00,348.4181082225014
12-08 04:00:00,224.75667366081922
12-08 05:00:00,177.37340767662877
12-08 06:00:00,151.91012911665763
12-08 07:00:00,215.46299554410484
12-08 08:00:00,382.68541103490367
12-08 09:00:00,450.0262442564205
12-08 10:00:00,686.7858097137366
12-08 11:00:00,994.9412856698764
12-08 12:00:00,1063.2570192558903
12-08 13:00:00,893.6150061215196
12-08 14:00:00,1130.0768127370645
12-08 15:00:00,1037.8112452085218
12-08 16:00:00,1290.5116803762207
12-08 17:00:00,1464.2983437510766
12-08 18:00:00,1485.4426431989023
12-08 19:00:00,1412.95979932416
12-08 20:00:00,1310.532786405924
12-08 21:00:00,970.5500499800431
12-08 22:00:00,791.4886484696391
12-08 23:00:00,628.8663301496736
12-09 00:00:00,719.627958609041
12-09 01:00:00,471.9643133571112
12-09 02:00:00,496.0331743368884
12-09 03:00:00,400.4649078370422
12-09 04:00:00,284.8052341770874
12-09 05:00:00,157.22584756425033
12-09 06:00:00,118.29639225126115
12-09 07:00:00,146.9773688167675
12-09 08:00:00,184.61836181312245
12-09 09:00:00,371.72931200114414
12-09 10:00:00,495.50181300115867
12-09 11:00:00,640.4478753372136
12-09 12:00:00,671.0302175702068
12-09 13:00:00,674.409566286749
12-09 14:00:00,605.7172022242273
12-09 15:00:00,763.7616811806682
12-09 16:00:00,836.923972924147
12-09 17:00:00,912.0856583276653
12-09 18:00:00,1271.4616166749825
12-09 19:00:00,1369.0352086394896
12-09 20:00:00,1286.7143905435728
12-09 21:00:00,1051.2944752751507
12-09 22:00:00,958.5945901055163
12-09 23:00:00,857.2390818453314
12-10 00:00:00,589.102319462689
12-10 01:00:00,432.1317252297858
12-10 02:00:00,364.43123023733745
12-10 03:00:00,253.52892540549436
12-10 04:00:00,171.35769126105833
12-10 05:00:00,117.53661106228262
12-10 06:00:00,149.4487110832642
12-10 07:00:00,470.5403924488683
12-10 08:00:00,778.9744460445534
12-10 09:00:00,967.710263956023
12-10 10:00:00,863.8450523690786
12-10 11:00:00,813.778335630022
12-10 12:00:00,834.4409803294225
12-10 13:00:00,873.6085445947606
12-10 14:00:00,932.665893912088
12-10 15:00:00,930.6041594175151
12-10 16:00:00,949.9982234428747
12-10 17:00:00,915.6324845385982
12-10 18:00:00,1236.317374228513
12-10 19:00:00,1818.043750930694
12-10 20:00:00,2002.3227114391834
12-10 21:00:00,1973.908009558822
12-10 22:00:00,1547.9945813968816
12-10 23:00:00,1279.0656802629485
12-11 00:00:00,1007.5390755683335
12-11 01:00:00,695.5481959345123
12-11 02:00:00,542.1297251947296
12-11 03:00:00,341.22846493435424
12-11 04:00:00,241.88032167016198
12-11 05:00:00,185.60390764320732
12-11 06:00:00,202.20146194447844
12-11 07:00:00,379.6963211677009
12-11 08:00:00,822.8290432399044
12-11 09:00:00,827.1852287056614
12-11 10:00:00,867.1974431383566
12-11 11:00:00,747.9886374518941
12-11 12:00:00,860.8664511356642
12-11 13:00:00,762.5806335595611
12-11 14:00:00,852.6150118880156
12-11 15:00:00,909.6994181474039
12-11 16:00:00,892.9006394792115
12-11 17:00:00,1016.5646931411537
12-11 18:00:00,1486.8816013896455
12-11 19:00:00,1834.8621131250381
12-11 20:00:00,1905.9255682278167
12-11 21:00:00,1737.88605690133
12-11 22:00:00,1366.9074820980136
12-11 23:00:00,1051.4615167387929
12-12 00:00:00,865.817819905118
12-12 01:00:00,614.726834328515
12-12 02:00:00,492.46123661481903
12-12 03:00:00,288.9388810719187
12-12 04:00:00,213.52221117787866
12-12 05:00:00,152.11434067050723
12-12 06:00:00,152.61520455258534
12-12 07:00:00,384.996687021962
12-12 08:00:00,764.3385461023091
12-12 09:00:00,839.904440193139
12-12 10:00:00,877.0276487949482
12-12 11:00:00,733.9713843800403
12-12 12:00:00,797.8860493294467
12-12 13:00:00,861.7045267955109
12-12 14:00:00,928.2036946315391
12-12 15:00:00,751.5145751314471
12-12 16:00:00,743.1122504489472
12-12 17:00:00,997.7935598463633
12-12 18:00:00,1280.6937393844794
12-12 19:00:00,1926.552732820252
12-12 20:00:00,1943.6509648961858
12-12 21:00:00,1685.9398301296915
12-12 22:00:00,1427.89146264179
12-12 23:00:00,1190.4510383799225
12-13 00:00:00,942.583118061269
12-13 01:00:00,713.5957132678917
12-13 02:00:00,607.3469250448057
12-13 03:00:00,344.10892819233584
12-13 04:00:00,207.4135651813442
12-13 05:00:00,139.91478966823317
12-13 06:00:00,175.88999776305573
12-13 07:00:00,481.50709453050257
12-13 08:00:00,930.4486432824991
12-13 09:00:00,869.1468761595962
12-13 10:00:00,910.1316342400008
12-13 11:00:00,855.051741147402
12-13 12:00:00,857.5750073079728
12-13 13:00:00,907.3293617758384
12-13 14:00:00,971.8498621034037
12-13 15:00:00,784.1405849718715
12-13 16:00:00,719.0540199180363
12-13 17:00:00,1020.9735174276387
12-13 18:00:00,1440.2380233180577
12-13 19:00:00,1945.5336012226705
12-13 20:00:00,1942.4463709749746
12-13 21:00:00,1758.282481035612
12-13 22:00:00,1391.4679957787946
12-13 23:00:00,1164.804494383438
12-14 00:00:00,976.3546470712049
12-14 01:00:00,660.8517229191951
12-14 02:00:00,447.0146468100977
12-14 03:00:00,274.30608257916714
12-14 04:00:00,151.33045711271663
12-14 05:00:00,115.20988136142562
12-14 06:00:00,200.41897947301567
12-14 07:00:00,429.0170330599972
12-14 08:00:00,683.6836966102801
12-14 09:00:00,876.4709746724228
12-14 10:00:00,796.1023714567222
12-14 11:00:00,858.3509743317936
12-14 12:00:00,849.6881205098331
12-14 13:00:00,851.4936203106398
12-14 14:00:00,946.2105552956821
12-14 15:00:00,994.3605898858028
12-14 16:00:00,1042.2284023087532
12-14 17:00:00,998.512043689363
12-14 18:00:00,1506.9276600725395
12-14 19:00:00,1871.2906045286252
12-14 20:00:00,1965.602960334628
12-14 21:00:00,1664.6042431597093
12-14 22:00:00,1360.6510228405043
12-14 23:00:00,1047.7558046329614
12-15 00:00:00,890.3691777372436
12-15 01:00:00,606.5109718770926
12-15 02:00:00,485.94150006569487
12-15 03:00:00,348.4181082225014
12-15 04:00:00,224.75667366081922
12-15 05:00:00,177.37340767662877
12-15 06:00:00,151.91012911665763
12-15 07:00:00,215.46299554410484
12-15 08:00:00,382.68541103490367
12-15 09:00:00,450.0262442564205
12-15 10:00:00,686.7858097137366
12-15 11:00:00,994.9412856698764
12-15 12:00:00,1063.2570192558903
12-15 13:00:00,893.6150061215196
12-15 14:00:00,1130.0768127370645
12-15 15:00:00,1037.8112452085218
12-15 16:00:00,1290.5116803762207
12-15 17:00:00,1464.2983437510766
12-15 18:00:00,1485.4426431989023
12-15 19:00:00,1412.95979932416
12-15 20:00:00,1310.532786405924
12-15 21:00:00,970.5500499800431
12-15 22:00:00,791.4886484696391
12-15 23:00:00,628.8663301496736
12-16 00:00:00,719.627958609041
12-16 01:00:00,471.9643133571112
12-16 02:00:00,496.0331743368884
12-16 03:00:00,400.4649078370422
12-16 04:00:00,284.8052341770874
12-16 05:00:00,157.22584756425033
12-16 06:00:00,118.29639225126115
12-16 07:00:00,146.9773688167675
12-16 08:00:00,184.61836181312245
12-16 09:00:00,371.72931200114414
12-16 10:00:00,495.50181300115867
12-16 11:00:00,640.4478753372136
12-16 12:00:00,671.0302175702068
12-16 13:00:00,674.409566286749
12-16 14:00:00,605.7172022242273
12-16 15:00:00,763.7616811806682
12-16 16:00:00,836.923972924147
12-16 17:00:00,912.0856583276653
12-16 18:00:00,1271.4616166749825
12-16 19:00:00,1369.0352086394896
12-16 20:00:00,1286.7143905435728
12-16 21:00:00,1051.2944752751507
12-16 22:00:00,958.5945901055163
12-16 23:00:00,857.2390818453314
12-17 00:00:00,589.102319462689
12-17 01:00:00,432.1317252297858
12-17 02:00:00,364.43123023733745
12-17 03:00:00,253.52892540549436
12-17 04:00:00,171.35769126105833
12-17 05:00:00,117.53661106228262
12-17 06:00:00,149.4487110832642
12-17 07:00:00,470.5403924488683
12-17 08:00:00,778.9744460445534
12-17 09:00:00,967.710263956023
12-17 10:00:00,863.8450523690786
12-17 11:00:00,813.778335630022
12-17 12:00:00,834.4409803294225
12-17 13:00:00,873.6085445947606
12-17 14:00:00,932.665893912088
12-17 15:00:00,930.6041594175151
12-17 16:00:00,949.9982234428747
12-17 17:00:00,915.6324845385982
12-17 18:00:00,1236.317374228513
12-17 19:00:00,1818.043750930694
12-17 20:00:00,2002.3227114391834
12-17 21:00:00,1973.908009558822
12-17 22:00:00,1547.9945813968816
12-17 23:00:00,1279.0656802629485
12-18 00:00:00,1007.5390755683335
12-18 01:00:00,695.5481959345123
12-18 02:00:00,542.1297251947296
12-18 03:00:00,341.22846493435424
12-18 04:00:00,241.88032167016198
12-18 05:00:00,185.60390764320732
12-18 06:00:00,202.20146194447844
12-18 07:00:00,379.6963211677009
12-18 08:00:00,822.8290432399044
12-18 09:00:00,827.1852287056614
12-18 10:00:00,867.1974431383566
12-18 11:00:00,747.9886374518941
12-18 12:00:00,860.8664511356642
12-18 13:00:00,762.5806335595611
12-18 14:00:00,852.6150118880156
12-18 15:00:00,909.6994181474039
12-18 16:00:00,892.9006394792115
12-18 17:00:00,1016.5646931411537
12-18 18:00:00,1486.8816013896455
12-18 19:00:00,1834.8621131250381
12-18 20:00:00,1905.9255682278167
12-18 21:00:00,1737.88605690133
12-18 22:00:00,1366.9074820980136
12-18 23:00:00,1051.4615167387929
12-19 00:00:00,865.817819905118
12-19 01:00:00,614.726834328515
12-19 02:00:00,492.46123661481903
12-19 03:00:00,288.9388810719187
12-19 04:00:00,213.52221117787866
12-19 05:00:00,152.11434067050723
12-19 06:00:00,152.61520455258534
12-19 07:00:00,384.996687021962
12-19 08:00:00,764.3385461023091
12-19 09:00:00,839.904440193139
12-19 10:00:00,877.0276487949482
12-19 11:00:00,733.9713843800403
12-19 12:00:00,797.8860493294467
12-19 13:00:00,861.7045267955109
12-19 14:00:00,928.2036946315391
12-19 15:00:00,751.5145751314471
12-19 16:00:00,743.1122504489472
12-19 17:00:00,997.7935598463633
12-19 18:00:00,1280.6937393844794
12-19 19:00:00,1926.552732820252
12-19 20:00:00,1943.6509648961858
12-19 21:00:00,1685.9398301296915
12-19 22:00:00,1427.89146264179
12-19 23:00:00,1190.4510383799225
12-20 00:00:00,942.583118061269
12-20 01:00:00,713.5957132678917
12-20 02:00:00,607.3469250448057
12-20 03:00:00,344.10892819233584
12-20 04:00:00,207.4135651813442
12-20 05:00:00,139.91478966823317
12-20 06:00:00,175.88999776305573
12-20 07:00:00,481.50709453050257
12-20 08:00:00,930.4486432824991
12-20 09:00:00,869.1468761595962
12-20 10:00:00,910.1316342400008
12-20 11:00:00,855.051741147402
12-20 12:00:00,857.5750073079728
12-20 13:00:00,907.3293617758384
12-20 14:00:00,971.8498621034037
12-20 15:00:00,784.1405849718715
12-20 16:00:00,719.0540199180363
12-20 17:00:00,1020.9735174276387
12-20 18:00:00,1440.2380233180577
12-20 19:00:00,1945.5336012226705
12-20 20:00:00,1942.4463709749746
12-20 21:00:00,1758.282481035612
12-20 22:00:00,1391.4679957787946
12-20 23:00:00,1164.804494383438
12-21 00:00:00,976.3546470712049
12-21 01:00:00,660.8517229191951
12-21 02:00:00,447.0146468100977
12-21 03:00:00,274.30608257916714
12-21 04:00:00,151.33045711271663
12-21 05:00:00,115.20988136142562
12-21 06:00:00,200.41897947301567
12-21 07:00:00,429.0170330599972
12-21 08:00:00,683.6836966102801
12-21 09:00:00,876.4709746724228
12-21 10:00:00,796.1023714567222
12-21 11:00:00,858.3509743317936
12-21 12:00:00,849.6881205098331
12-21 13:00:00,851.4936203106398
12-21 14:00:00,946.2105552956821
12-21 15:00:00,994.3605898858028
12-21 16:00:00,1042.2284023087532
12-21 17:00:00,998.512043689363
12-21 18:00:00,1506.9276600725395
12-21 19:00:00,1871.2906045286252
12-21 20:00:00,1965.602960334628
12-21 21:00:00,1664.6042431597093
12-21 22:00:00,1360.6510228405043
12-21 23:00:00,1047.7558046329614
12-22 00:00:00,890.3691777372436
12-22 01:00:00,606.5109718770926
12-22 02:00:00,485.94150006569487
12-22 03:00:00,348.4181082225014
12-22 04:00:00,224.75667366081922
12-22 05:00:00,177.37340767662877
12-22 06:00:00,151.91012911665763
12-22 07:00:00,215.46299554410484
12-22 08:00:00,382.68541103490367
12-22 09:00:00,450.0262442564205
12-22 10:00:00,686.7858097137366
12-22 11:00:00,994.9412856698764
12-22 12:00:00,1063.2570192558903
12-22 13:00:00,893.6150061215196
12-22 14:00:00,1130.0768127370645
12-22 15:00:00,1037.8112452085218
12-22 16:00:00,1290.5116803762207
12-22 17:00:00,1464.2983437510766
12-22 18:00:00,1485.4426431989023
12-22 19:00:00,1412.95979932416
12-22 20:00:00,1310.532786405924
12-22 21:00:00,970.5500499800431
12-22 22:00:00,791.4886484696391
12-22 23:00:00,628.8663301496736
12-23 00:00:00,719.627958609041
12-23 01:00:00,471.9643133571112
12-23 02:00:00,496.0331743368884
12-23 03:00:00,400.4649078370422
12-23 04:00:00,284.8052341770874
12-23 05:00:00,157.22584756425033
12-23 06:00:00,118.29639225126115
12-23 07:00:00,146.9773688167675
12-23 08:00:00,184.61836181312245
12-23 09:00:00,371.72931200114414
12-23 10:00:00,495.50181300115867
12-23 11:00:00,640.4478753372136
12-23 12:00:00,671.0302175702068
12-23 13:00:00,674.409566286749
12-23 14:00:00,605.7172022242273
12-23 15:00:00,763.7616811806682
12-23 16:00:00,836.923972924147
12-23 17:00:00,912.0856583276653
12-23 18:00:00,1271.4616166749825
12-23 19:00:00,1369.0352086394896
12-23 20:00:00,1286.7143905435728
12-23 21:00:00,1051.2944752751507
12-23 22:00:00,958.5945901055163
12-23 23:00:00,857.2390818453314
12-24 00:00:00,589.102319462689
12-24 01:00:00,432.1317252297858
12-24 02:00:00,364.43123023733745
12-24 03:00:00,253.52892540549436
12-24 04:00:00,171.35769126105833
12-24 05:00:00,117.53661106228262
12-24 06:00:00,149.4487110832642
12-24 07:00:00,470.5403924488683
12-24 08:00:00,778.9744460445534
12-24 09:00:00,967.710263956023
12-24 10:00:00,863.8450523690786
12-24 11:00:00,813.778335630022
12-24 12:00:00,834.4409803294225
12-24 13:00:00,873.6085445947606
12-24 14:00:00,932.665893912088
12-24 15:00:00,930.6041594175151
12-24 16:00:00,949.9982234428747
12-24 17:00:00,915.6324845385982
12-24 18:00:00,1236.317374228513
12-24 19:00:00,1818.043750930694
12-24 20:00:00,2002.3227114391834
12-24 21:00:00,1973.908009558822
12-24 22:00:00,1547.9945813968816
12-24 23:00:00,1279.0656802629485
12-25 00:00:00,1007.5390755683335
12-25 01:00:00,695.5481959345123
12-25 02:00:00,542.1297251947296
12-25 03:00:00,341.22846493435424
12-25 04:00:00,241.88032167016198
12-25 05:00:00,185.60390764320732
12-25 06:00:00,202.20146194447844
12-25 07:00:00,379.6963211677009
12-25 08:00:00,822.8290432399044
12-25 09:00:00,827.1852287056614
12-25 10:00:00,867.1974431383566
12-25 11:00:00,747.9886374518941
12-25 12:00:00,860.8664511356642
12-25 13:00:00,762.5806335595611
12-25 14:00:00,852.6150118880156
12-25 15:00:00,909.6994181474039
12-25 16:00:00,892.9006394792115
12-25 17:00:00,1016.5646931411537
12-25 18:00:00,1486.8816013896455
12-25 19:00:00,1834.8621131250381
12-25 20:00:00,1905.9255682278167
12-25 21:00:00,1737.88605690133
12-25 22:00:00,1366.9074820980136
12-25 23:00:00,1051.4615167387929
12-26 00:00:00,865.817819905118
12-26 01:00:00,614.726834328515
12-26 02:00:00,492.46123661481903
12-26 03:00:00,288.9388810719187
12-26 04:00:00,213.52221117787866
12-26 05:00:00,152.11434067050723
12-26 06:00:00,152.61520455258534
12-26 07:00:00,384.996687021962
12-26 08:00:00,764.3385461023091
12-26 09:00:00,839.904440193139
12-26 10:00:00,877.0276487949482
12-26 11:00:00,733.9713843800403
12-26 12:00:00,797.8860493294467
12-26 13:00:00,861.7045267955109
12-26 14:00:00,928.2036946315391
12-26 15:00:00,751.5145751314471
12-26 16:00:00,743.1122504489472
12-26 17:00:00,997.7935598463633
12-26 18:00:00,1280.6937393844794
12-26 19:00:00,1926.552732820252
12-26 20:00:00,1943.6509648961858
12-26 21:00:00,1685.9398301296915
12-26 22:00:00,1427.89146264179
12-26 23:00:00,1190.4510383799225
12-27 00:00:00,942.583118061269
12-27 01:00:00,713.5957132678917
12-27 02:00:00,607.3469250448057
12-27 03:00:00,344.10892819233584
12-27 04:00:00,207.4135651813442
12-27 05:00:00,139.91478966823317
12-27 06:00:00,175.88999776305573
12-27 07:00:00,481.50709453050257
12-27 08:00:00,930.4486432824991
12-27 09:00:00,869.1468761595962
12-27 10:00:00,910.1316342400008
12-27 11:00:00,855.051741147402
12-27 12:00:00,857.5750073079728
12-27 13:00:00,907.3293617758384
12-27 14:00:00,971.8498621034037
12-27 15:00:00,784.1405849718715
12-27 16:00:00,719.0540199180363
12-27 17:00:00,1020.9735174276387
12-27 18:00:00,1440.2380233180577
12-27 19:00:00,1945.5336012226705
12-27 20:00:00,1942.4463709749746
12-27 21:00:00,1758.282481035612
12-27 22:00:00,1391.4679957787946
12-27 23:00:00,1164.804494383438
12-28 00:00:00,976.3546470712049
12-28 01:00:00,660.8517229191951
12-28 02:00:00,447.0146468100977
12-28 03:00:00,274.30608257916714
12-28 04:00:00,151.33045711271663
12-28 05:00:00,115.20988136142562
12-28 06:00:00,200.41897947301567
12-28 07:00:00,429.0170330599972
12-28 08:00:00,683.6836966102801
12-28 09:00:00,876.4709746724228
12-28 10:00:00,796.1023714567222
12-28 11:00:00,858.3509743317936
12-28 12:00:00,849.6881205098331
12-28 13:00:00,851.4936203106398
12-28 14:00:00,946.2105552956821
12-28 15:00:00,994.3605898858028
12-28 16:00:00,1042.2284023087532
12-28 17:00:00,998.512043689363
12-28 18:00:00,1506.9276600725395
12-28 19:00:00,1871.2906045286252
12-28 20:00:00,1965.602960334628
12-28 21:00:00,1664.6042431597093
12-28 22:00:00,1360.6510228405043
12-28 23:00:00,1047.7558046329614
12-29 00:00:00,890.3691777372436
12-29 01:00:00,606.5109718770926
12-29 02:00:00,485.94150006569487
12-29 03:00:00,348.4181082225014
12-29 04:00:00,224.75667366081922
12-29 05:00:00,177.37340767662877
12-29 06:00:00,151.91012911665763
12-29 07:00:00,215.46299554410484
12-29 08:00:00,382.68541103490367
12-29 09:00:00,450.0262442564205
12-29 10:00:00,686.7858097137366
12-29 11:00:00,994.9412856698764
12-29 12:00:00,1063.2570192558903
12-29 13:00:00,893.6150061215196
12-29 14:00:00,1130.0768127370645
12-29 15:00:00,1037.8112452085218
12-29 16:00:00,1290.5116803762207
12-29 17:00:00,1464.2983437510766
12-29 18:00:00,1485.4426431989023
12-29 19:00:00,1412.95979932416
12-29 20:00:00,1310.532786405924
12-29 21:00:00,970.5500499800431
12-29 22:00:00,791.4886484696391
12-29 23:00:00,628.8663301496736
12-30 00:00:00,719.627958609041
12-30 01:00:00,471.9643133571112
12-30 02:00:00,496.0331743368884
12-30 03:00:00,400.4649078370422
12-30 04:00:00,284.8052341770874
12-30 05:00:00,157.22584756425033
12-30 06:00:00,118.29639225126115
12-30 07:00:00,146.9773688167675
12-30 08:00:00,184.61836181312245
12-30 09:00:00,371.72931200114414
12-30 10:00:00,495.50181300115867
12-30 11:00:00,640.4478753372136
12-30 12:00:00,671.0302175702068
12-30 13:00:00,674.409566286749
12-30 14:00:00,605.7172022242273
12-30 15:00:00,763.7616811806682
12-30 16:00:00,836.923972924147
12-30 17:00:00,912.0856583276653
12-30 18:00:00,1271.4616166749825
12-30 19:00:00,1369.0352086394896
12-30 20:00:00,1286.7143905435728
12-30 21:00:00,1051.2944752751507
12-30 22:00:00,958.5945901055163
12-30 23:00:00,857.2390818453314
12-31 00:00:00,589.102319462689
12-31 01:00:00,432.1317252297858
12-31 02:00:00,364.43123023733745
12-31 03:00:00,253.52892540549436
12-31 04:00:00,171.35769126105833
12-31 05:00:00,117.53661106228262
12-31 06:00:00,149.4487110832642
12-31 07:00:00,470.5403924488683
12-31 08:00:00,778.9744460445534
12-31 09:00:00,967.710263956023
12-31 10:00:00,863.8450523690786
12-31 11:00:00,813.778335630022
12-31 12:00:00,834.4409803294225
12-31 13:00:00,873.6085445947606
12-31 14:00:00,932.665893912088
12-31 15:00:00,930.6041594175151
12-31 16:00:00,949.9982234428747
12-31 17:00:00,915.6324845385982
12-31 18:00:00,1236.317374228513
12-31 19:00:00,1818.043750930694
12-31 20:00:00,2002.3227114391834
12-31 21:00:00,1973.908009558822
12-31 22:00:00,1547.9945813968816
12-31 23:00:00,1279.0656802629485
