,value_kW
01-01 00:00:00,1313.8385705054275
01-01 01:00:00,1283.8420102907348
01-01 02:00:00,1282.4319834378673
01-01 03:00:00,1292.3855481763308
01-01 04:00:00,1290.5888758390943
01-01 05:00:00,1295.4508739845558
01-01 06:00:00,1314.1170372778988
01-01 07:00:00,1330.6965776363222
01-01 08:00:00,1277.9366284094533
01-01 09:00:00,1268.4574966031023
01-01 10:00:00,1187.6074973571322
01-01 11:00:00,1139.792195944796
01-01 12:00:00,1127.0434003947394
01-01 13:00:00,1105.2156934280024
01-01 14:00:00,1098.7018331942018
01-01 15:00:00,1130.526282265485
01-01 16:00:00,1162.83564715819
01-01 17:00:00,1180.3478380018234
01-01 18:00:00,1174.8291930535067
01-01 19:00:00,1182.048207841
01-01 20:00:00,1189.8921583965298
01-01 21:00:00,1203.6321013209467
01-01 22:00:00,1211.5987885258733
01-01 23:00:00,1214.1072785167228
01-02 00:00:00,1205.7925567971533
01-02 01:00:00,1199.1273844334248
01-02 02:00:00,1185.4728730180725
01-02 03:00:00,1186.7987505278488
01-02 04:00:00,1178.9364819834582
01-02 05:00:00,1178.885428782847
01-02 06:00:00,1180.1758926442717
01-02 07:00:00,1179.1928537172194
01-02 08:00:00,1187.9471839970424
01-02 09:00:00,1171.6803470571715
01-02 10:00:00,1159.3441210282153
01-02 11:00:00,1134.750414512783
01-02 12:00:00,1148.6118397563134
01-02 13:00:00,1145.9935030942693
01-02 14:00:00,1139.921024738095
01-02 15:00:00,1151.0519286675587
01-02 16:00:00,1176.810636651776
01-02 17:00:00,1202.0948484799417
01-02 18:00:00,1220.037054525262
01-02 19:00:00,1237.7116538830362
01-02 20:00:00,1246.1812322630572
01-02 21:00:00,1256.8192800677434
01-02 22:00:00,1273.6086393578134
01-02 23:00:00,1284.7718462131336
01-03 00:00:00,1326.781606726353
01-03 01:00:00,1341.3064631720624
01-03 02:00:00,1348.2473232350862
01-03 03:00:00,1348.7915132589364
01-03 04:00:00,1350.393938662638
01-03 05:00:00,1357.0660068238506
01-03 06:00:00,1363.5509564806296
01-03 07:00:00,1371.4090653392236
01-03 08:00:00,1370.8983695469358
01-03 09:00:00,1347.0704532129994
01-03 10:00:00,1329.0112094834858
01-03 11:00:00,1311.8839916735294
01-03 12:00:00,1291.5061129062103
01-03 13:00:00,1283.8709708603953
01-03 14:00:00,1275.475449695194
01-03 15:00:00,1276.1440492869574
01-03 16:00:00,1283.1185025697544
01-03 17:00:00,1284.8338004517086
01-03 18:00:00,1295.3346407746658
01-03 19:00:00,1312.216407749039
01-03 20:00:00,1333.9365800665232
01-03 21:00:00,1326.4204028376005
01-03 22:00:00,1319.981742694278
01-03 23:00:00,1320.6201740294605
01-04 00:00:00,1320.2795107564189
01-04 01:00:00,1365.8965127228175
01-04 02:00:00,1396.5538016989794
01-04 03:00:00,1367.4226067340642
01-04 04:00:00,1386.2739522133115
01-04 05:00:00,1384.794374489853
01-04 06:00:00,1385.5629859234637
01-04 07:00:00,1385.7918442691803
01-04 08:00:00,1379.3184127253537
01-04 09:00:00,1353.2785510695091
01-04 10:00:00,1336.0000348225165
01-04 11:00:00,1316.278703973588
01-04 12:00:00,1281.6940246711417
01-04 13:00:00,1259.7662809401138
01-04 14:00:00,1254.6528161479391
01-04 15:00:00,1260.5221468512623
01-04 16:00:00,1289.811162513397
01-04 17:00:00,1315.2803383568985
01-04 18:00:00,1329.5759731678475
01-04 19:00:00,1344.6851809518612
01-04 20:00:00,1336.7414487429369
01-04 21:00:00,1347.5093906639713
01-04 22:00:00,1365.761129763496
01-04 23:00:00,1385.2975162982295
01-05 00:00:00,1403.93634354224
01-05 01:00:00,1415.3867041019894
01-05 02:00:00,1422.6858607041054
01-05 03:00:00,1422.6743283629305
01-05 04:00:00,1401.617401906079
01-05 05:00:00,1402.2237265586225
01-05 06:00:00,1410.125995511465
01-05 07:00:00,1419.8926892942372
01-05 08:00:00,1426.2775956407997
01-05 09:00:00,1423.209807670592
01-05 10:00:00,1394.3990193876512
01-05 11:00:00,1367.1979287346862
01-05 12:00:00,1353.1810317980924
01-05 13:00:00,1345.0853374397689
01-05 14:00:00,1356.8204531196773
01-05 15:00:00,1368.2199434641525
01-05 16:00:00,1370.3445531911818
01-05 17:00:00,1372.1850116926985
01-05 18:00:00,1381.5297886858532
01-05 19:00:00,1398.2656666281305
01-05 20:00:00,1400.313587088983
01-05 21:00:00,1407.996304031236
01-05 22:00:00,1401.228975689219
01-05 23:00:00,1410.504251382817
01-06 00:00:00,1412.2510192943687
01-06 01:00:00,1413.5298841119375
01-06 02:00:00,1430.585007941436
01-06 03:00:00,1440.320617728048
01-06 04:00:00,1464.0859495426407
01-06 05:00:00,1503.3029620902025
01-06 06:00:00,1511.0928804631776
01-06 07:00:00,1512.2264169240818
01-06 08:00:00,1509.9595889851457
01-06 09:00:00,1488.6933126592237
01-06 10:00:00,1473.8413154043076
01-06 11:00:00,1440.7302245591268
01-06 12:00:00,1430.2112211503695
01-06 13:00:00,1424.5267900982303
01-06 14:00:00,1409.0325327520432
01-06 15:00:00,1397.3852816142307
01-06 16:00:00,1426.123553049773
01-06 17:00:00,1442.9269849527604
01-06 18:00:00,1442.6196430333669
01-06 19:00:00,1443.102731007686
01-06 20:00:00,1443.7222256936698
01-06 21:00:00,1451.3678976996407
01-06 22:00:00,1451.3678976996407
01-06 23:00:00,1459.2164806334044
01-07 00:00:00,1459.3968848372242
01-07 01:00:00,1460.0241463766934
01-07 02:00:00,1462.2122383500625
01-07 03:00:00,1447.3891214925561
01-07 04:00:00,1456.4112733555912
01-07 05:00:00,1468.8397803475725
01-07 06:00:00,1479.4805292517574
01-07 07:00:00,1481.024221872618
01-07 08:00:00,1509.2095003036368
01-07 09:00:00,1489.3506533817867
01-07 10:00:00,1434.5909399890243
01-07 11:00:00,1367.3384514695886
01-07 12:00:00,1331.9739168822812
01-07 13:00:00,1306.6498644305025
01-07 14:00:00,1293.7287392686005
01-07 15:00:00,1335.4978500179172
01-07 16:00:00,1359.921091667815
01-07 17:00:00,1409.5351743452763
01-07 18:00:00,1417.2898356767353
01-07 19:00:00,1441.091342010694
01-07 20:00:00,1440.1482232179999
01-07 21:00:00,1437.694217792005
01-07 22:00:00,1479.3865521602538
01-07 23:00:00,1499.284346331202
01-08 00:00:00,1506.0120909239834
01-08 01:00:00,1532.292198178018
01-08 02:00:00,1500.269857276438
01-08 03:00:00,1508.0987008779289
01-08 04:00:00,1507.2490344708121
01-08 05:00:00,1524.1240656674556
01-08 06:00:00,1544.576007050337
01-08 07:00:00,1570.4339127835588
01-08 08:00:00,1569.7429207658924
01-08 09:00:00,1554.7728243879083
01-08 10:00:00,1469.650026902764
01-08 11:00:00,1389.3982269405908
01-08 12:00:00,1337.3970474730531
01-08 13:00:00,1280.062614653828
01-08 14:00:00,1279.233524999191
01-08 15:00:00,1340.7392191833326
01-08 16:00:00,1418.701959403752
01-08 17:00:00,1482.2558101928705
01-08 18:00:00,1552.0145149808257
01-08 19:00:00,1606.7153083066562
01-08 20:00:00,1638.5588685904142
01-08 21:00:00,1695.7803935269533
01-08 22:00:00,1720.2218443632146
01-08 23:00:00,1774.271886303553
01-09 00:00:00,1796.5047645232976
01-09 01:00:00,1812.9959812725997
01-09 02:00:00,1845.0081724699482
01-09 03:00:00,1866.01320656005
01-09 04:00:00,1886.9614463957664
01-09 05:00:00,1889.5368725200356
01-09 06:00:00,1904.2830808936517
01-09 07:00:00,1895.7220630660395
01-09 08:00:00,1908.4670757063082
01-09 09:00:00,1856.3777256902813
01-09 10:00:00,1728.7292663325654
01-09 11:00:00,1603.0070207681679
01-09 12:00:00,1516.551207397024
01-09 13:00:00,1472.5091893095469
01-09 14:00:00,1479.9327647030689
01-09 15:00:00,1460.6352458766014
01-09 16:00:00,1485.8628949165663
01-09 17:00:00,1519.4607447143817
01-09 18:00:00,1521.343905416895
01-09 19:00:00,1559.874574660831
01-09 20:00:00,1618.5052618595846
01-09 21:00:00,1662.3712820968822
01-09 22:00:00,1667.8602266987762
01-09 23:00:00,1656.6342988383615
01-10 00:00:00,1683.5158390919962
01-10 01:00:00,1677.8850678582319
01-10 02:00:00,1704.5956173999625
01-10 03:00:00,1742.4606629720479
01-10 04:00:00,1778.8395825766625
01-10 05:00:00,1809.1057054717317
01-10 06:00:00,1826.2936384745663
01-10 07:00:00,1843.4089008911174
01-10 08:00:00,1835.8535679721008
01-10 09:00:00,1836.773484263486
01-10 10:00:00,1725.3262916365684
01-10 11:00:00,1655.1616792602338
01-10 12:00:00,1619.6675522182368
01-10 13:00:00,1561.8160839324732
01-10 14:00:00,1581.4093176609688
01-10 15:00:00,1621.4539757842413
01-10 16:00:00,1647.8206392297382
01-10 17:00:00,1664.3087930697357
01-10 18:00:00,1617.2378314744515
01-10 19:00:00,1654.446401273875
01-10 20:00:00,1753.0737447860197
01-10 21:00:00,1793.9307413025813
01-10 22:00:00,1765.0077160776195
01-10 23:00:00,1803.907137641358
01-11 00:00:00,1832.2939126953174
01-11 01:00:00,1849.1004831990492
01-11 02:00:00,1910.2424189624805
01-11 03:00:00,1923.1327242247983
01-11 04:00:00,1909.2947967605812
01-11 05:00:00,1926.3971118576778
01-11 06:00:00,1954.8208531801806
01-11 07:00:00,1962.572575478773
01-11 08:00:00,1939.2230503655403
01-11 09:00:00,1895.5054078168478
01-11 10:00:00,1857.7602666134094
01-11 11:00:00,1767.1955195292942
01-11 12:00:00,1689.5099335114453
01-11 13:00:00,1672.8193295064184
01-11 14:00:00,1675.7724313625665
01-11 15:00:00,1713.0764932391482
01-11 16:00:00,1769.3847773282637
01-11 17:00:00,1803.9310192844002
01-11 18:00:00,1834.5173694589207
01-11 19:00:00,1848.9741233385946
01-11 20:00:00,1797.4592740134767
01-11 21:00:00,1814.2150112431332
01-11 22:00:00,1791.9475247577454
01-11 23:00:00,1771.8722149690961
01-12 00:00:00,1764.6502324766398
01-12 01:00:00,1721.4852142719808
01-12 02:00:00,1749.05943311559
01-12 03:00:00,1740.7164848816308
01-12 04:00:00,1716.0774453573729
01-12 05:00:00,1723.8211372633914
01-12 06:00:00,1643.7620270817933
01-12 07:00:00,1679.9550842958129
01-12 08:00:00,1576.8710452036353
01-12 09:00:00,1525.8708824270507
01-12 10:00:00,1496.1234871344261
01-12 11:00:00,1404.1133739900697
01-12 12:00:00,1420.3723096632561
01-12 13:00:00,1405.3599657251507
01-12 14:00:00,1350.6921200568538
01-12 15:00:00,1406.328307198467
01-12 16:00:00,1412.5389537544127
01-12 17:00:00,1369.2579043607566
01-12 18:00:00,1387.0713710054476
01-12 19:00:00,1380.9164958282877
01-12 20:00:00,1354.9359893473388
01-12 21:00:00,1329.7105011521676
01-12 22:00:00,1307.2463585542894
01-12 23:00:00,1298.8227501550937
01-13 00:00:00,1283.1965429841862
01-13 01:00:00,1287.3460692944193
01-13 02:00:00,1294.7613710951728
01-13 03:00:00,1267.543140495969
01-13 04:00:00,1242.636244649826
01-13 05:00:00,1243.281522877912
01-13 06:00:00,1229.9692415969466
01-13 07:00:00,1245.852938447715
01-13 08:00:00,1250.3611392800178
01-13 09:00:00,1223.953808023868
01-13 10:00:00,1213.6847313374815
01-13 11:00:00,1207.7333702914386
01-13 12:00:00,1196.2304581808382
01-13 13:00:00,1165.3084389196458
01-13 14:00:00,1161.8801151755044
01-13 15:00:00,1133.1166976219922
01-13 16:00:00,1126.4055064928768
01-13 17:00:00,1138.13583363981
01-13 18:00:00,1043.4417008636453
01-13 19:00:00,1111.148239220837
01-13 20:00:00,1237.576240171978
01-13 21:00:00,1309.9005497569913
01-13 22:00:00,1327.0817786639718
01-13 23:00:00,1318.931266010278
01-14 00:00:00,1300.9113854717505
01-14 01:00:00,1258.6293728622209
01-14 02:00:00,1172.8980817933057
01-14 03:00:00,956.6634758602601
01-14 04:00:00,916.1785251380401
01-14 05:00:00,914.7059887356678
01-14 06:00:00,941.8263695099633
01-14 07:00:00,1064.8005446784148
01-14 08:00:00,1267.2410231202134
01-14 09:00:00,1294.0461545557957
01-14 10:00:00,1304.9268808083239
01-14 11:00:00,1309.5080582287126
01-14 12:00:00,1334.2701454629046
01-14 13:00:00,1320.383834647722
01-14 14:00:00,1333.4596973456892
01-14 15:00:00,1343.2986012661895
01-14 16:00:00,1359.3716257415617
01-14 17:00:00,1365.2420379361463
01-14 18:00:00,1372.6500341150902
01-14 19:00:00,1372.4911385087953
01-14 20:00:00,1371.0549211410582
01-14 21:00:00,1367.223649047117
01-14 22:00:00,1355.0864960502633
01-14 23:00:00,1353.6841514998475
01-15 00:00:00,1347.7307546817622
01-15 01:00:00,1344.443906484829
01-15 02:00:00,1345.7522510113938
01-15 03:00:00,1354.1755277599088
01-15 04:00:00,1363.9140647320046
01-15 05:00:00,1366.8258117237704
01-15 06:00:00,1386.2344042377676
01-15 07:00:00,1403.3766691103392
01-15 08:00:00,1413.170279847685
01-15 09:00:00,1412.1141700570495
01-15 10:00:00,1411.9985063725285
01-15 11:00:00,1412.5308858722406
01-15 12:00:00,1430.1870167948612
01-15 13:00:00,1449.4467266141824
01-15 14:00:00,1481.5145379858877
01-15 15:00:00,1528.0445911775591
01-15 16:00:00,1554.031775347108
01-15 17:00:00,1578.6588638692817
01-15 18:00:00,1597.4181245647567
01-15 19:00:00,1596.691103823394
01-15 20:00:00,1609.28103051691
01-15 21:00:00,1625.9786561613632
01-15 22:00:00,1648.1386747701933
01-15 23:00:00,1730.4036591793017
01-16 00:00:00,1798.7506160631626
01-16 01:00:00,1799.4291223948894
01-16 02:00:00,1812.8663542571085
01-16 03:00:00,1860.9608386258362
01-16 04:00:00,1906.940069978725
01-16 05:00:00,1907.4661741376315
01-16 06:00:00,1922.3582857231659
01-16 07:00:00,1919.9974356571952
01-16 08:00:00,1925.1836508077142
01-16 09:00:00,1835.5153004858562
01-16 10:00:00,1742.628139595527
01-16 11:00:00,1665.1624991227804
01-16 12:00:00,1666.7554721638085
01-16 13:00:00,1643.8044884532796
01-16 14:00:00,1641.0189681494958
01-16 15:00:00,1681.7148039206968
01-16 16:00:00,1725.3950317971994
01-16 17:00:00,1773.2702812157052
01-16 18:00:00,1755.5993856421408
01-16 19:00:00,1736.4939393193822
01-16 20:00:00,1778.0833756187817
01-16 21:00:00,1783.3110505104542
01-16 22:00:00,1746.9737459131513
01-16 23:00:00,1755.1703855875112
01-17 00:00:00,1776.8507198212071
01-17 01:00:00,1752.4340386108727
01-17 02:00:00,1684.378916589327
01-17 03:00:00,1654.4374537159856
01-17 04:00:00,1651.0135764955758
01-17 05:00:00,1639.4649498346741
01-17 06:00:00,1649.4513600091232
01-17 07:00:00,1594.4655065990733
01-17 08:00:00,1443.1719498188445
01-17 09:00:00,1447.6836550066128
01-17 10:00:00,1381.0206231280997
01-17 11:00:00,1327.5311032640698
01-17 12:00:00,1282.5154805804862
01-17 13:00:00,1276.7875631695135
01-17 14:00:00,1283.3592319081943
01-17 15:00:00,1297.2219719567847
01-17 16:00:00,1306.0936130634518
01-17 17:00:00,1302.0471649909573
01-17 18:00:00,1294.9947219453124
01-17 19:00:00,1273.6557137917123
01-17 20:00:00,1266.4509939380687
01-17 21:00:00,1258.2848198084064
01-17 22:00:00,1257.4165553419025
01-17 23:00:00,1243.9878777047898
01-18 00:00:00,1245.0719317874273
01-18 01:00:00,1259.7444518434422
01-18 02:00:00,1268.9795510095248
01-18 03:00:00,1270.108534109179
01-18 04:00:00,1256.9017244006213
01-18 05:00:00,1281.3365712564948
01-18 06:00:00,1295.1801067341364
01-18 07:00:00,1289.3630414949414
01-18 08:00:00,1259.2844341906107
01-18 09:00:00,1229.123979487356
01-18 10:00:00,1232.8796109460995
01-18 11:00:00,1223.166158615076
01-18 12:00:00,1219.3280514848004
01-18 13:00:00,1197.4696093549098
01-18 14:00:00,1182.9229820021076
01-18 15:00:00,1191.5961842466506
01-18 16:00:00,1226.617952086474
01-18 17:00:00,1263.8881008701876
01-18 18:00:00,1329.4030136532208
01-18 19:00:00,1410.2033341447132
01-18 20:00:00,1425.9831306156318
01-18 21:00:00,1462.849287793329
01-18 22:00:00,1450.8647405514744
01-18 23:00:00,1488.4361519852953
01-19 00:00:00,1567.1429677211308
01-19 01:00:00,1544.571681282851
01-19 02:00:00,1584.0563818790497
01-19 03:00:00,1661.2407140008017
01-19 04:00:00,1676.6510031408955
01-19 05:00:00,1694.2696333608158
01-19 06:00:00,1669.6252871756326
01-19 07:00:00,1752.5718353322504
01-19 08:00:00,1683.2401343029842
01-19 09:00:00,1643.0453183542968
01-19 10:00:00,1524.5914345472897
01-19 11:00:00,1460.9766950261305
01-19 12:00:00,1394.7939000059223
01-19 13:00:00,1307.8282720299517
01-19 14:00:00,1253.5211432334129
01-19 15:00:00,1233.347068461888
01-19 16:00:00,1235.1922938048242
01-19 17:00:00,1260.0833154126592
01-19 18:00:00,1309.3274173799377
01-19 19:00:00,1296.5222281804186
01-19 20:00:00,1267.6220005634852
01-19 21:00:00,1238.8061218666762
01-19 22:00:00,1243.5672362118707
01-19 23:00:00,1285.6756925228447
01-20 00:00:00,1310.3485214651676
01-20 01:00:00,1355.7106078132406
01-20 02:00:00,1364.092843971446
01-20 03:00:00,1324.020896846558
01-20 04:00:00,1354.7000296006458
01-20 05:00:00,1376.1842342338418
01-20 06:00:00,1394.0468136799902
01-20 07:00:00,1343.8266410203705
01-20 08:00:00,1364.9140000825087
01-20 09:00:00,1306.6754999647883
01-20 10:00:00,1210.3643788013196
01-20 11:00:00,1125.4936549254494
01-20 12:00:00,1092.606281606707
01-20 13:00:00,1048.679005678645
01-20 14:00:00,1009.2447212009466
01-20 15:00:00,966.1456725162052
01-20 16:00:00,993.5811135957316
01-20 17:00:00,1017.8934350693737
01-20 18:00:00,1052.5627092108566
01-20 19:00:00,1041.1425234096062
01-20 20:00:00,1051.9475449451072
01-20 21:00:00,1075.335903777851
01-20 22:00:00,1117.851944467894
01-20 23:00:00,1134.8540762850294
01-21 00:00:00,1121.0054740272562
01-21 01:00:00,1085.4903687693784
01-21 02:00:00,1045.3238703882982
01-21 03:00:00,1024.4596738407351
01-21 04:00:00,946.1453896179441
01-21 05:00:00,902.8088154409213
01-21 06:00:00,857.7828215250547
01-21 07:00:00,902.9976490834904
01-21 08:00:00,923.0247511848661
01-21 09:00:00,885.4340608312829
01-21 10:00:00,859.737162767597
01-21 11:00:00,822.2847669507025
01-21 12:00:00,747.4269828889187
01-21 13:00:00,718.1547404015763
01-21 14:00:00,773.2946177865691
01-21 15:00:00,761.6661361056427
01-21 16:00:00,787.1402581266559
01-21 17:00:00,880.320860563369
01-21 18:00:00,895.9655883427394
01-21 19:00:00,907.4268761354472
01-21 20:00:00,943.4223316907155
01-21 21:00:00,890.4279881153573
01-21 22:00:00,860.5800388477774
01-21 23:00:00,844.8571117742212
01-22 00:00:00,857.589842186172
01-22 01:00:00,878.3198583922137
01-22 02:00:00,949.6364827320614
01-22 03:00:00,936.0225458522901
01-22 04:00:00,905.9594177800427
01-22 05:00:00,967.2032197264871
01-22 06:00:00,918.8036305306437
01-22 07:00:00,945.008782180161
01-22 08:00:00,884.9050310303068
01-22 09:00:00,941.2410503547134
01-22 10:00:00,836.051890842261
01-22 11:00:00,775.2411021098876
01-22 12:00:00,783.2897199631802
01-22 13:00:00,764.9145865194082
01-22 14:00:00,753.8257788738123
01-22 15:00:00,772.0199825695978
01-22 16:00:00,825.2183077365466
01-22 17:00:00,858.5657107496003
01-22 18:00:00,900.1245979311028
01-22 19:00:00,956.4755405864461
01-22 20:00:00,1007.5398988493845
01-22 21:00:00,974.0255720301727
01-22 22:00:00,981.1700460063063
01-22 23:00:00,1041.9282803003007
01-23 00:00:00,1058.7465663784806
01-23 01:00:00,1139.1131268426448
01-23 02:00:00,1137.8787011517152
01-23 03:00:00,1145.0912865669932
01-23 04:00:00,1154.3344196230942
01-23 05:00:00,1172.5897215066648
01-23 06:00:00,1231.1210340915934
01-23 07:00:00,1247.6817827730688
01-23 08:00:00,1236.3927377443113
01-23 09:00:00,1229.47009150161
01-23 10:00:00,1248.0701920608428
01-23 11:00:00,1204.1144048317165
01-23 12:00:00,1126.509572300339
01-23 13:00:00,1085.8007581033185
01-23 14:00:00,1096.2303929122852
01-23 15:00:00,1136.001281676346
01-23 16:00:00,1145.2639818828932
01-23 17:00:00,1216.3977969129626
01-23 18:00:00,1179.0753312518273
01-23 19:00:00,1185.904962652197
01-23 20:00:00,1249.0975700368235
01-23 21:00:00,1256.0957974671949
01-23 22:00:00,1233.6998842030223
01-23 23:00:00,1212.419831495908
01-24 00:00:00,1190.7138299202772
01-24 01:00:00,1174.8540279424928
01-24 02:00:00,1137.7772150952137
01-24 03:00:00,1076.5915487990367
01-24 04:00:00,1181.8216575135773
01-24 05:00:00,1205.2310563426238
01-24 06:00:00,1225.5765219807138
01-24 07:00:00,1254.4637510218463
01-24 08:00:00,1332.7167527133356
01-24 09:00:00,1297.8081330793061
01-24 10:00:00,1270.769486297213
01-24 11:00:00,1220.2974621517774
01-24 12:00:00,1197.6154890552602
01-24 13:00:00,1206.9370415407627
01-24 14:00:00,1235.405743866663
01-24 15:00:00,1281.5580391042424
01-24 16:00:00,1383.4201544432003
01-24 17:00:00,1442.1463427390597
01-24 18:00:00,1456.6464140739688
01-24 19:00:00,1520.850302881884
01-24 20:00:00,1503.3173370202458
01-24 21:00:00,1476.1606215227098
01-24 22:00:00,1487.7677418854364
01-24 23:00:00,1477.6862969068675
01-25 00:00:00,1441.5115242010727
01-25 01:00:00,1411.4896455976982
01-25 02:00:00,1409.3335435539364
01-25 03:00:00,1486.4537372546845
01-25 04:00:00,1515.017797933032
01-25 05:00:00,1496.771390209819
01-25 06:00:00,1500.8455256718387
01-25 07:00:00,1468.819372049472
01-25 08:00:00,1457.7396703756772
01-25 09:00:00,1437.7593404738973
01-25 10:00:00,1376.4178779700267
01-25 11:00:00,1380.2743185466866
01-25 12:00:00,1337.1721576054379
01-25 13:00:00,1305.1227661186433
01-25 14:00:00,1334.532722061132
01-25 15:00:00,1328.499177894021
01-25 16:00:00,1334.9420938746298
01-25 17:00:00,1419.9914919146327
01-25 18:00:00,1403.604680716689
01-25 19:00:00,1400.7564195646255
01-25 20:00:00,1360.4512979081885
01-25 21:00:00,1344.4426557919608
01-25 22:00:00,1316.6033830607437
01-25 23:00:00,1332.9634404853246
01-26 00:00:00,1341.0094228473072
01-26 01:00:00,1334.8938365379654
01-26 02:00:00,1368.5884639307321
01-26 03:00:00,1385.1002000565752
01-26 04:00:00,1356.123364640751
01-26 05:00:00,1424.3915939987867
01-26 06:00:00,1410.497976900887
01-26 07:00:00,1398.8512520550216
01-26 08:00:00,1409.5852124425542
01-26 09:00:00,1377.013830939076
01-26 10:00:00,1328.0374754427842
01-26 11:00:00,1305.8792076531174
01-26 12:00:00,1258.516139253984
01-26 13:00:00,1230.2390636508146
01-26 14:00:00,1270.0639904546929
01-26 15:00:00,1277.893340519462
01-26 16:00:00,1320.588760197862
01-26 17:00:00,1348.4013058646215
01-26 18:00:00,1387.8201560742605
01-26 19:00:00,1420.4254540870722
01-26 20:00:00,1407.6280550803835
01-26 21:00:00,1436.7657786872305
01-26 22:00:00,1469.7071906579276
01-26 23:00:00,1494.5235230855471
01-27 00:00:00,1545.6557720453814
01-27 01:00:00,1602.8236568384407
01-27 02:00:00,1608.2898006512146
01-27 03:00:00,1611.0124733650584
01-27 04:00:00,1626.0422418307614
01-27 05:00:00,1602.937262066311
01-27 06:00:00,1572.9849887529017
01-27 07:00:00,1594.7543866631502
01-27 08:00:00,1588.1197039110787
01-27 09:00:00,1568.496729121745
01-27 10:00:00,1617.2216292569697
01-27 11:00:00,1634.667794073855
01-27 12:00:00,1595.6890674152464
01-27 13:00:00,1565.4559214957412
01-27 14:00:00,1538.9396722118454
01-27 15:00:00,1546.2190783614442
01-27 16:00:00,1537.5111835439488
01-27 17:00:00,1506.3518959459316
01-27 18:00:00,1475.437135438255
01-27 19:00:00,1458.1128341701356
01-27 20:00:00,1435.9138362075105
01-27 21:00:00,1408.8056086952172
01-27 22:00:00,1399.1868710981978
01-27 23:00:00,1367.424463694381
01-28 00:00:00,1361.503877336263
01-28 01:00:00,1361.6734404831927
01-28 02:00:00,1343.7035658504708
01-28 03:00:00,1325.4653106562089
01-28 04:00:00,1305.53335168021
01-28 05:00:00,1285.2561909963351
01-28 06:00:00,1255.09927143629
01-28 07:00:00,1231.3399842991914
01-28 08:00:00,1199.2187232230294
01-28 09:00:00,1193.5015244222477
01-28 10:00:00,1155.8152729198405
01-28 11:00:00,1130.41742916317
01-28 12:00:00,1132.506315557744
01-28 13:00:00,1132.3385028938458
01-28 14:00:00,1085.9218996344116
01-28 15:00:00,1085.9218996344116
01-28 16:00:00,1064.229565054585
01-28 17:00:00,1006.402235012965
01-28 18:00:00,792.9774979104785
01-28 19:00:00,841.5447335177057
01-28 20:00:00,661.5571065549118
01-28 21:00:00,865.5122583186932
01-28 22:00:00,961.8010185363138
01-28 23:00:00,1012.4780069656607
01-29 00:00:00,991.0390608464202
01-29 01:00:00,1009.5181288787812
01-29 02:00:00,1015.3663034275284
01-29 03:00:00,1017.9056106332048
01-29 04:00:00,1023.2335932849944
01-29 05:00:00,1059.0697763785558
01-29 06:00:00,1036.3276676218702
01-29 07:00:00,951.8360333591681
01-29 08:00:00,713.5674568378827
01-29 09:00:00,676.0382507641114
01-29 10:00:00,674.9362020437617
01-29 11:00:00,684.4472730613817
01-29 12:00:00,796.9389283834731
01-29 13:00:00,928.2337733763528
01-29 14:00:00,896.930964665875
01-29 15:00:00,783.1857548303246
01-29 16:00:00,709.3858091363948
01-29 17:00:00,752.7535052625892
01-29 18:00:00,893.8565923343702
01-29 19:00:00,900.9879185866423
01-29 20:00:00,927.6633905221464
01-29 21:00:00,872.3666711934145
01-29 22:00:00,841.1010014824342
01-29 23:00:00,832.3207348314091
01-30 00:00:00,813.0127868336463
01-30 01:00:00,808.2525123104149
01-30 02:00:00,840.6525728274521
01-30 03:00:00,843.9602652802243
01-30 04:00:00,928.2170346906066
01-30 05:00:00,942.4206156177139
01-30 06:00:00,1003.6581306308218
01-30 07:00:00,1063.9773388591532
01-30 08:00:00,1073.5702632765433
01-30 09:00:00,1038.8652393307673
01-30 10:00:00,1022.9106998883376
01-30 11:00:00,938.8953734273091
01-30 12:00:00,962.294210598362
01-30 13:00:00,984.9398535655044
01-30 14:00:00,1009.7010638984564
01-30 15:00:00,1034.1645570093472
01-30 16:00:00,1028.8403164900694
01-30 17:00:00,1054.9057056263573
01-30 18:00:00,1056.8877735318142
01-30 19:00:00,1063.1183369151004
01-30 20:00:00,1059.8495098740023
01-30 21:00:00,1068.6282964114716
01-30 22:00:00,1068.9685880351933
01-30 23:00:00,1054.1295080989423
01-31 00:00:00,1047.9635435492887
01-31 01:00:00,1042.3934481859067
01-31 02:00:00,1049.9205938242437
01-31 03:00:00,1049.9524378691372
01-31 04:00:00,1072.8698426964636
01-31 05:00:00,1053.4698923706146
01-31 06:00:00,1085.6348880485425
01-31 07:00:00,1085.1661865657823
01-31 08:00:00,1072.5974218861234
01-31 09:00:00,1094.576938075032
01-31 10:00:00,1072.8847870820396
01-31 11:00:00,1045.5697320514632
01-31 12:00:00,1009.8831049046565
01-31 13:00:00,966.3735844349106
01-31 14:00:00,933.6346590510399
01-31 15:00:00,901.1965257277851
01-31 16:00:00,889.9883588338173
01-31 17:00:00,927.2405477205933
01-31 18:00:00,968.0701584819587
01-31 19:00:00,989.9217202064235
01-31 20:00:00,1045.1992152917835
01-31 21:00:00,1057.362629200263
01-31 22:00:00,1084.3276576832463
01-31 23:00:00,1070.3803282308074
02-01 00:00:00,1055.1975794161563
02-01 01:00:00,1035.7958773202245
02-01 02:00:00,1041.5278518230396
02-01 03:00:00,1039.553748650942
02-01 04:00:00,1027.281515986953
02-01 05:00:00,1052.6769906395546
02-01 06:00:00,1040.6724216300788
02-01 07:00:00,1012.0882386801263
02-01 08:00:00,999.9163122619553
02-01 09:00:00,989.7172981455147
02-01 10:00:00,970.0406633028642
02-01 11:00:00,969.7761449647505
02-01 12:00:00,929.9097518174143
02-01 13:00:00,872.3353731815694
02-01 14:00:00,897.892890966599
02-01 15:00:00,922.603457132012
02-01 16:00:00,955.4794704342752
02-01 17:00:00,955.7270232179322
02-01 18:00:00,967.0936465228191
02-01 19:00:00,966.4218134510335
02-01 20:00:00,974.1487002435348
02-01 21:00:00,966.7031933099684
02-01 22:00:00,962.7166461553742
02-01 23:00:00,981.259378109656
02-02 00:00:00,987.7023511681989
02-02 01:00:00,986.6810215333331
02-02 02:00:00,953.0510295094232
02-02 03:00:00,907.8219869825108
02-02 04:00:00,959.1532627328154
02-02 05:00:00,994.2270668654681
02-02 06:00:00,1020.8693961707199
02-02 07:00:00,1000.183083543826
02-02 08:00:00,983.5288037086297
02-02 09:00:00,952.1248822197089
02-02 10:00:00,917.109873862575
02-02 11:00:00,875.2807277507536
02-02 12:00:00,832.0223989288803
02-02 13:00:00,834.6229590647177
02-02 14:00:00,811.6208490844016
02-02 15:00:00,804.9127266411089
02-02 16:00:00,804.5903322609773
02-02 17:00:00,831.0887890383497
02-02 18:00:00,840.5385526890589
02-02 19:00:00,854.8818778579371
02-02 20:00:00,864.8698992191358
02-02 21:00:00,867.5217596836168
02-02 22:00:00,818.2129920389328
02-02 23:00:00,877.5374668632875
02-03 00:00:00,883.5574424173143
02-03 01:00:00,869.2121537872474
02-03 02:00:00,882.455945352641
02-03 03:00:00,891.4789262507581
02-03 04:00:00,890.8166633511045
02-03 05:00:00,909.5188735424936
02-03 06:00:00,875.6223131918894
02-03 07:00:00,893.735572472651
02-03 08:00:00,891.2041503936551
02-03 09:00:00,871.3129314406318
02-03 10:00:00,776.8425526630317
02-03 11:00:00,727.6794808912018
02-03 12:00:00,727.7175130120322
02-03 13:00:00,749.5087979662893
02-03 14:00:00,735.909360507784
02-03 15:00:00,752.5563340088004
02-03 16:00:00,756.7678467454688
02-03 17:00:00,744.8210403412655
02-03 18:00:00,748.9700496954295
02-03 19:00:00,655.6389709113256
02-03 20:00:00,655.1166682726399
02-03 21:00:00,755.7072794917808
02-03 22:00:00,794.938548684003
02-03 23:00:00,689.8303919441146
02-04 00:00:00,629.3195499626037
02-04 01:00:00,652.3297198240365
02-04 02:00:00,788.2270174822686
02-04 03:00:00,830.9847806479885
02-04 04:00:00,877.8680055560756
02-04 05:00:00,869.9669465524452
02-04 06:00:00,893.1085823956389
02-04 07:00:00,1002.4817475886681
02-04 08:00:00,1021.382355807946
02-04 09:00:00,923.4996580517954
02-04 10:00:00,825.3359230603131
02-04 11:00:00,714.9613808369825
02-04 12:00:00,641.518480628649
02-04 13:00:00,639.3552219881691
02-04 14:00:00,650.321893504587
02-04 15:00:00,651.7574978031358
02-04 16:00:00,702.5750000003327
02-04 17:00:00,760.1178302840495
02-04 18:00:00,832.1509843192298
02-04 19:00:00,874.8412171031973
02-04 20:00:00,857.4262711269736
02-04 21:00:00,897.85612758083
02-04 22:00:00,902.6253675438463
02-04 23:00:00,902.7973128527594
02-05 00:00:00,927.0326424945455
02-05 01:00:00,942.5020885973843
02-05 02:00:00,973.6198050192581
02-05 03:00:00,988.1629307752869
02-05 04:00:00,991.8996671696276
02-05 05:00:00,1025.299376280821
02-05 06:00:00,1031.341805082179
02-05 07:00:00,1065.6735340996242
02-05 08:00:00,1098.2406453795138
02-05 09:00:00,925.3666827194384
02-05 10:00:00,796.2103572410323
02-05 11:00:00,726.4135882876885
02-05 12:00:00,594.5284738213845
02-05 13:00:00,495.82534227951
02-05 14:00:00,494.02862734692997
02-05 15:00:00,502.71667598380645
02-05 16:00:00,593.975918211777
02-05 17:00:00,621.8626359776146
02-05 18:00:00,675.5529645759955
02-05 19:00:00,727.9525583784279
02-05 20:00:00,735.5203619241382
02-05 21:00:00,793.1602443569965
02-05 22:00:00,831.5781178263485
02-05 23:00:00,877.1841801088697
02-06 00:00:00,884.947368459677
02-06 01:00:00,895.9300543451727
02-06 02:00:00,936.4092361276657
02-06 03:00:00,972.6555846639616
02-06 04:00:00,962.531427404901
02-06 05:00:00,972.2530577422967
02-06 06:00:00,990.3478169751431
02-06 07:00:00,984.519730251802
02-06 08:00:00,996.2343723379403
02-06 09:00:00,946.9518126107006
02-06 10:00:00,884.1275768498566
02-06 11:00:00,859.1122861435185
02-06 12:00:00,791.2714067772972
02-06 13:00:00,759.9411307179498
02-06 14:00:00,783.7809401220826
02-06 15:00:00,756.4200578752793
02-06 16:00:00,775.532555474822
02-06 17:00:00,826.1591924640358
02-06 18:00:00,838.0562874030112
02-06 19:00:00,866.4682704886136
02-06 20:00:00,879.3733864917972
02-06 21:00:00,870.5920245765219
02-06 22:00:00,889.2606687941787
02-06 23:00:00,922.3052040238323
02-07 00:00:00,966.9203787713348
02-07 01:00:00,956.7517846370839
02-07 02:00:00,963.5839384556332
02-07 03:00:00,958.383821471252
02-07 04:00:00,983.1312645677361
02-07 05:00:00,1007.7275968549326
02-07 06:00:00,1025.5641134224454
02-07 07:00:00,1011.2587496645134
02-07 08:00:00,1030.778632806582
02-07 09:00:00,933.2695636541525
02-07 10:00:00,887.8670957519308
02-07 11:00:00,919.6614067514932
02-07 12:00:00,867.5974450188554
02-07 13:00:00,876.5846793289226
02-07 14:00:00,897.8192173342298
02-07 15:00:00,927.9018184340528
02-07 16:00:00,958.4113394215345
02-07 17:00:00,1013.89136478538
02-07 18:00:00,1068.4546885664458
02-07 19:00:00,1143.3986991994552
02-07 20:00:00,1172.9878910219318
02-07 21:00:00,1179.8211928722126
02-07 22:00:00,1186.971257895525
02-07 23:00:00,1126.899950967328
02-08 00:00:00,1170.4333158665154
02-08 01:00:00,1188.054357971219
02-08 02:00:00,1213.790184797848
02-08 03:00:00,1228.7460090838126
02-08 04:00:00,1245.5195638543885
02-08 05:00:00,1251.8425947398398
02-08 06:00:00,1246.8494653865591
02-08 07:00:00,1259.983938236105
02-08 08:00:00,1251.7177805807767
02-08 09:00:00,1215.7940164689749
02-08 10:00:00,1083.9398463931234
02-08 11:00:00,961.2389216840786
02-08 12:00:00,901.0343301080954
02-08 13:00:00,851.7138685211853
02-08 14:00:00,851.5775239665265
02-08 15:00:00,872.8855326246126
02-08 16:00:00,1076.416914683559
02-08 17:00:00,1145.9381603967329
02-08 18:00:00,1180.705013831483
02-08 19:00:00,1206.1649723948635
02-08 20:00:00,1231.0549592438015
02-08 21:00:00,1249.3608244386444
02-08 22:00:00,1267.9235761094992
02-08 23:00:00,1280.2902840073405
02-09 00:00:00,1290.9190967585519
02-09 01:00:00,1285.414930786967
02-09 02:00:00,1281.913967509739
02-09 03:00:00,1298.2766064326058
02-09 04:00:00,1312.768765913788
02-09 05:00:00,1339.886424606236
02-09 06:00:00,1338.5917359416703
02-09 07:00:00,1343.2631272296344
02-09 08:00:00,1343.0809011658798
02-09 09:00:00,1325.3655136349812
02-09 10:00:00,1314.493423175387
02-09 11:00:00,1312.6836575819736
02-09 12:00:00,1289.1331391493982
02-09 13:00:00,1271.523229379686
02-09 14:00:00,1271.0146183045788
02-09 15:00:00,1261.8774078357415
02-09 16:00:00,1266.2773355851689
02-09 17:00:00,1285.7860770950983
02-09 18:00:00,1295.3115476300234
02-09 19:00:00,1350.1189285010732
02-09 20:00:00,1377.2705249268136
02-09 21:00:00,1373.2022501778395
02-09 22:00:00,1355.5837628652437
02-09 23:00:00,1338.4590677141057
02-10 00:00:00,1354.6560859502042
02-10 01:00:00,1368.7896235610115
02-10 02:00:00,1349.2790552110926
02-10 03:00:00,1343.3055703565915
02-10 04:00:00,1341.9033846309867
02-10 05:00:00,1329.884010525732
02-10 06:00:00,1332.6361620126122
02-10 07:00:00,1331.9106927517532
02-10 08:00:00,1329.7847849271318
02-10 09:00:00,1328.1602387518785
02-10 10:00:00,1301.8933622606487
02-10 11:00:00,1259.1130185558643
02-10 12:00:00,1241.9101903344088
02-10 13:00:00,1172.8723853329727
02-10 14:00:00,1127.1220540512857
02-10 15:00:00,1094.9159070370306
02-10 16:00:00,1146.6491943243084
02-10 17:00:00,1251.2275543886249
02-10 18:00:00,1349.8932812967828
02-10 19:00:00,1487.4834551255583
02-10 20:00:00,1572.371267734371
02-10 21:00:00,1629.8004132002034
02-10 22:00:00,1672.2290538208465
02-10 23:00:00,1749.4006660098494
02-11 00:00:00,1811.2065352124723
02-11 01:00:00,1849.75673882051
02-11 02:00:00,1886.0678841904717
02-11 03:00:00,1913.8826101237514
02-11 04:00:00,1948.483579649108
02-11 05:00:00,1970.507375465597
02-11 06:00:00,1975.6026503913656
02-11 07:00:00,1970.1439083420917
02-11 08:00:00,1953.470761287258
02-11 09:00:00,1937.2939355550106
02-11 10:00:00,1921.876991381876
02-11 11:00:00,1911.1989450670055
02-11 12:00:00,1882.3105623220295
02-11 13:00:00,1852.8552503255357
02-11 14:00:00,1832.990186037692
02-11 15:00:00,1825.028967347036
02-11 16:00:00,1834.2384930725566
02-11 17:00:00,1867.830244221839
02-11 18:00:00,1886.1224651200907
02-11 19:00:00,1894.2963724954047
02-11 20:00:00,1904.497893887506
02-11 21:00:00,1903.5701087585853
02-11 22:00:00,1925.8421141459562
02-11 23:00:00,1944.872969614724
02-12 00:00:00,1985.7844841632011
02-12 01:00:00,2013.925336631292
02-12 02:00:00,2007.3192746811994
02-12 03:00:00,1979.140310496002
02-12 04:00:00,1987.7247007164453
02-12 05:00:00,2008.1255410192375
02-12 06:00:00,2013.1367370141704
02-12 07:00:00,2021.8545389591866
02-12 08:00:00,1999.8863319749773
02-12 09:00:00,1988.8689486268322
02-12 10:00:00,1959.5728808045835
02-12 11:00:00,1918.0356512235383
02-12 12:00:00,1868.6459597761632
02-12 13:00:00,1840.4152531573648
02-12 14:00:00,1838.652804009023
02-12 15:00:00,1841.064301441852
02-12 16:00:00,1858.7694015474312
02-12 17:00:00,1883.7419506916413
02-12 18:00:00,1905.8855566431519
02-12 19:00:00,1860.1928038366673
02-12 20:00:00,1829.6111344177236
02-12 21:00:00,1834.311184325952
02-12 22:00:00,1854.560716244826
02-12 23:00:00,1885.5632382835113
02-13 00:00:00,1907.1545743919337
02-13 01:00:00,1927.130095318568
02-13 02:00:00,1941.4532387823656
02-13 03:00:00,1983.2829518673534
02-13 04:00:00,2018.1768018944213
02-13 05:00:00,2042.3349679569517
02-13 06:00:00,2074.849026724133
02-13 07:00:00,2075.214401476626
02-13 08:00:00,2074.6722547492736
02-13 09:00:00,2063.177660968811
02-13 10:00:00,2014.0900692412877
02-13 11:00:00,1971.5825610303643
02-13 12:00:00,1965.0386616225173
02-13 13:00:00,1931.0274024725352
02-13 14:00:00,1892.9481161847357
02-13 15:00:00,1879.3027001330588
02-13 16:00:00,1874.4768310894679
02-13 17:00:00,1903.2144096289405
02-13 18:00:00,2015.8856799061746
02-13 19:00:00,2057.8439349621435
02-13 20:00:00,2031.2148475107574
02-13 21:00:00,2071.8983253005076
02-13 22:00:00,2143.8871285926452
02-13 23:00:00,2227.617705927837
02-14 00:00:00,2301.067938127475
02-14 01:00:00,2333.2110074300945
02-14 02:00:00,2347.823544450282
02-14 03:00:00,2387.213412185237
02-14 04:00:00,2370.934881255521
02-14 05:00:00,2381.6015834289005
02-14 06:00:00,2431.275298698068
02-14 07:00:00,2437.6233160028355
02-14 08:00:00,2382.577478829212
02-14 09:00:00,2267.7943625580688
02-14 10:00:00,2049.4372745078254
02-14 11:00:00,1903.791847044598
02-14 12:00:00,1801.6153602620914
02-14 13:00:00,1712.1203827251175
02-14 14:00:00,1665.4760207077038
02-14 15:00:00,1645.049123792881
02-14 16:00:00,1676.6056907131813
02-14 17:00:00,1745.1993787787626
02-14 18:00:00,1817.791839648688
02-14 19:00:00,1836.0189859156071
02-14 20:00:00,1868.542765882186
02-14 21:00:00,1870.5765876708472
02-14 22:00:00,1843.6259484488032
02-14 23:00:00,1815.2788298141634
02-15 00:00:00,1786.7034606107834
02-15 01:00:00,1816.7624518931314
02-15 02:00:00,1855.234407596801
02-15 03:00:00,1865.737286611419
02-15 04:00:00,1862.3773608124084
02-15 05:00:00,1917.9911951937725
02-15 06:00:00,1850.2064969822281
02-15 07:00:00,1867.3145970333753
02-15 08:00:00,1777.8491970182972
02-15 09:00:00,1541.4531188856645
02-15 10:00:00,1395.39329296791
02-15 11:00:00,1314.6203712930571
02-15 12:00:00,1231.7844859208103
02-15 13:00:00,1159.7601663558848
02-15 14:00:00,1146.1637631262263
02-15 15:00:00,1144.9427481273024
02-15 16:00:00,1164.4679280609148
02-15 17:00:00,1171.0007517056692
02-15 18:00:00,1161.156456002742
02-15 19:00:00,1173.5348260572337
02-15 20:00:00,1157.9992152733448
02-15 21:00:00,1118.6238162223167
02-15 22:00:00,1124.7133939383868
02-15 23:00:00,1154.5097363314187
02-16 00:00:00,1168.3120605725244
02-16 01:00:00,1192.079795935572
02-16 02:00:00,1179.3549813617167
02-16 03:00:00,1150.3723208282686
02-16 04:00:00,1163.3923363006502
02-16 05:00:00,1130.896200613745
02-16 06:00:00,1129.8350836916707
02-16 07:00:00,1126.4842415678565
02-16 08:00:00,1100.7619242200358
02-16 09:00:00,1007.9439794031902
02-16 10:00:00,964.4262795735344
02-16 11:00:00,908.5668007845586
02-16 12:00:00,869.7449546821865
02-16 13:00:00,781.4114986393344
02-16 14:00:00,715.847745615937
02-16 15:00:00,736.0032194087804
02-16 16:00:00,794.1815977948507
02-16 17:00:00,827.4481447972971
02-16 18:00:00,840.0036403619971
02-16 19:00:00,893.2538597509648
02-16 20:00:00,935.8445997745553
02-16 21:00:00,939.814258031901
02-16 22:00:00,934.7222412555385
02-16 23:00:00,977.8483879803377
02-17 00:00:00,917.9215545503936
02-17 01:00:00,933.0526344578016
02-17 02:00:00,954.0394684913086
02-17 03:00:00,880.8677114742405
02-17 04:00:00,870.3096250209237
02-17 05:00:00,891.6673721286079
02-17 06:00:00,913.1304234569958
02-17 07:00:00,933.2435851339384
02-17 08:00:00,919.1621955437539
02-17 09:00:00,892.8485789277681
02-17 10:00:00,811.8507289246318
02-17 11:00:00,761.4510940758095
02-17 12:00:00,621.0887688013823
02-17 13:00:00,617.5493683094448
02-17 14:00:00,609.7351235716766
02-17 15:00:00,622.5148655318474
02-17 16:00:00,704.9883655429445
02-17 17:00:00,790.5895469003282
02-17 18:00:00,848.4830685187653
02-17 19:00:00,854.7000549806386
02-17 20:00:00,956.7955492543455
02-17 21:00:00,1005.2818511876021
02-17 22:00:00,1050.8830595007125
02-17 23:00:00,1075.968511503565
02-18 00:00:00,1090.3546735141879
02-18 01:00:00,1089.9606438029987
02-18 02:00:00,1111.560865830567
02-18 03:00:00,1136.5096963716283
02-18 04:00:00,1179.629290618687
02-18 05:00:00,1203.8459684951397
02-18 06:00:00,1222.2750547312169
02-18 07:00:00,1241.8125830811955
02-18 08:00:00,1191.912878824397
02-18 09:00:00,1074.8660532760898
02-18 10:00:00,946.444167172845
02-18 11:00:00,828.1479072475456
02-18 12:00:00,734.4848112761327
02-18 13:00:00,643.5727536810882
02-18 14:00:00,587.9237209184984
02-18 15:00:00,581.8042796879856
02-18 16:00:00,671.2649372620083
02-18 17:00:00,738.5674586752664
02-18 18:00:00,781.7740899164422
02-18 19:00:00,803.8772455521657
02-18 20:00:00,815.0193320738174
02-18 21:00:00,826.6674330441527
02-18 22:00:00,870.2091256998058
02-18 23:00:00,810.9322963348142
02-19 00:00:00,834.276010289661
02-19 01:00:00,899.5360863663607
02-19 02:00:00,877.2315006773068
02-19 03:00:00,901.4210404168576
02-19 04:00:00,892.8789266450804
02-19 05:00:00,866.1849571555776
02-19 06:00:00,885.9900250153138
02-19 07:00:00,877.1199059048904
02-19 08:00:00,869.0069242885057
02-19 09:00:00,828.2491804029369
02-19 10:00:00,718.6411751920649
02-19 11:00:00,582.9157654965945
02-19 12:00:00,472.3338074493071
02-19 13:00:00,414.5519685335658
02-19 14:00:00,390.0164923738736
02-19 15:00:00,408.3939317654549
02-19 16:00:00,501.50515627340525
02-19 17:00:00,551.8275704723646
02-19 18:00:00,649.1021207767502
02-19 19:00:00,697.058673970501
02-19 20:00:00,725.5047751675463
02-19 21:00:00,782.6092343502318
02-19 22:00:00,801.3988724209115
02-19 23:00:00,832.1809195658146
02-20 00:00:00,822.7592881115147
02-20 01:00:00,836.7647374568983
02-20 02:00:00,887.612483182802
02-20 03:00:00,918.8309462282195
02-20 04:00:00,998.3639888733584
02-20 05:00:00,996.3071304594483
02-20 06:00:00,986.7542288900422
02-20 07:00:00,1029.7565696172426
02-20 08:00:00,999.0594586201453
02-20 09:00:00,870.9473418321886
02-20 10:00:00,719.2028571048661
02-20 11:00:00,577.3147513495088
02-20 12:00:00,477.0514879045683
02-20 13:00:00,417.5328483514892
02-20 14:00:00,384.0131415784161
02-20 15:00:00,394.7621451348594
02-20 16:00:00,475.23898762375933
02-20 17:00:00,533.3119506729261
02-20 18:00:00,611.7443511588341
02-20 19:00:00,708.3330599566856
02-20 20:00:00,736.5245735759771
02-20 21:00:00,758.7334221677488
02-20 22:00:00,814.254576192118
02-20 23:00:00,856.8241217461351
02-21 00:00:00,849.7367701122845
02-21 01:00:00,890.6713109726611
02-21 02:00:00,918.9803183728864
02-21 03:00:00,943.038487383101
02-21 04:00:00,1014.8820606022049
02-21 05:00:00,1005.6965836384095
02-21 06:00:00,1064.0797418449883
02-21 07:00:00,1061.469004239833
02-21 08:00:00,1034.6227505850106
02-21 09:00:00,886.3613679114185
02-21 10:00:00,687.5610767086416
02-21 11:00:00,621.0047769803418
02-21 12:00:00,504.42355203978514
02-21 13:00:00,415.08529638332317
02-21 14:00:00,339.868827733869
02-21 15:00:00,355.75661299915146
02-21 16:00:00,471.4108762323866
02-21 17:00:00,519.8093869836979
02-21 18:00:00,598.3230649175127
02-21 19:00:00,628.3913194727659
02-21 20:00:00,735.1467098105971
02-21 21:00:00,802.6501254949472
02-21 22:00:00,775.9255727147735
02-21 23:00:00,809.6965530578034
02-22 00:00:00,818.792924185747
02-22 01:00:00,858.2897241735932
02-22 02:00:00,873.0692112399763
02-22 03:00:00,954.5636353950246
02-22 04:00:00,971.4143671338737
02-22 05:00:00,999.2120898902198
02-22 06:00:00,967.7397462008225
02-22 07:00:00,976.498357106213
02-22 08:00:00,865.3249589439596
02-22 09:00:00,696.4723578269735
02-22 10:00:00,520.4017819100925
02-22 11:00:00,470.156752185721
02-22 12:00:00,399.76093667848147
02-22 13:00:00,329.8238541764011
02-22 14:00:00,317.7202320218114
02-22 15:00:00,315.8410933613081
02-22 16:00:00,357.27927707273864
02-22 17:00:00,445.83495212445615
02-22 18:00:00,473.9708853252799
02-22 19:00:00,557.6179782381788
02-22 20:00:00,564.6135133360406
02-22 21:00:00,615.9433614615425
02-22 22:00:00,692.2459017273959
02-22 23:00:00,723.6352608394164
02-23 00:00:00,718.8464921954911
02-23 01:00:00,748.0931459169433
02-23 02:00:00,770.5505012665889
02-23 03:00:00,787.3138817386856
02-23 04:00:00,899.8391643350277
02-23 05:00:00,859.9038706445627
02-23 06:00:00,869.5184668446476
02-23 07:00:00,968.4850221820022
02-23 08:00:00,893.4369652226364
02-23 09:00:00,775.7597421095028
02-23 10:00:00,670.3317848724732
02-23 11:00:00,542.2955519906
02-23 12:00:00,442.87608265918476
02-23 13:00:00,381.27545445585554
02-23 14:00:00,325.3957636035768
02-23 15:00:00,326.6800727529246
02-23 16:00:00,362.3341527660827
02-23 17:00:00,449.6638812682319
02-23 18:00:00,514.9641311480292
02-23 19:00:00,583.003028166684
02-23 20:00:00,636.3783832205283
02-23 21:00:00,658.6636915662671
02-23 22:00:00,709.5997147635542
02-23 23:00:00,715.7920146479604
02-24 00:00:00,720.3307953660077
02-24 01:00:00,719.7003385148586
02-24 02:00:00,734.96717931055
02-24 03:00:00,761.7137600607067
02-24 04:00:00,807.2511862463729
02-24 05:00:00,820.1307654575262
02-24 06:00:00,871.138423836128
02-24 07:00:00,888.0946250235969
02-24 08:00:00,798.7575499727265
02-24 09:00:00,727.5737038629516
02-24 10:00:00,594.052573496851
02-24 11:00:00,490.05164643768336
02-24 12:00:00,401.8419351981047
02-24 13:00:00,319.0873156038332
02-24 14:00:00,256.43768184629437
02-24 15:00:00,252.90840568721308
02-24 16:00:00,325.6530364588099
02-24 17:00:00,384.7795872481794
02-24 18:00:00,456.05006478340437
02-24 19:00:00,494.3131166067783
02-24 20:00:00,575.4022663336459
02-24 21:00:00,614.4964477794774
02-24 22:00:00,647.3655358787089
02-24 23:00:00,697.2608190310199
02-25 00:00:00,699.3068478964626
02-25 01:00:00,756.3106902224984
02-25 02:00:00,734.2004619875495
02-25 03:00:00,806.7670390187903
02-25 04:00:00,798.6096986026721
02-25 05:00:00,827.4262591836226
02-25 06:00:00,874.8152160375757
02-25 07:00:00,892.1163100227994
02-25 08:00:00,877.718255413533
02-25 09:00:00,708.9158894071642
02-25 10:00:00,541.6644426705685
02-25 11:00:00,445.14212647519975
02-25 12:00:00,356.68017019049717
02-25 13:00:00,289.46915857427626
02-25 14:00:00,237.28584266682202
02-25 15:00:00,238.01204678466627
02-25 16:00:00,301.22723989919496
02-25 17:00:00,377.78508687075583
02-25 18:00:00,458.3318106231308
02-25 19:00:00,538.4262802628084
02-25 20:00:00,565.8757989452808
02-25 21:00:00,608.3511157754842
02-25 22:00:00,664.7936955668473
02-25 23:00:00,720.1809331397453
02-26 00:00:00,747.1544815208075
02-26 01:00:00,779.3176729222205
02-26 02:00:00,843.4621552725179
02-26 03:00:00,823.2643112874018
02-26 04:00:00,844.0319232271157
02-26 05:00:00,856.7887095415483
02-26 06:00:00,920.1201959471098
02-26 07:00:00,913.7274501479577
02-26 08:00:00,834.0243779609383
02-26 09:00:00,689.4620653665984
02-26 10:00:00,589.6451181827636
02-26 11:00:00,445.69755767769107
02-26 12:00:00,336.69524306201976
02-26 13:00:00,305.0280702758392
02-26 14:00:00,270.8963806905456
02-26 15:00:00,277.70022139608534
02-26 16:00:00,320.91568144201466
02-26 17:00:00,414.7049346619549
02-26 18:00:00,476.97610542479583
02-26 19:00:00,513.0760151950188
02-26 20:00:00,555.7619478772856
02-26 21:00:00,587.0420281635347
02-26 22:00:00,645.6250499217722
02-26 23:00:00,638.6899674540042
02-27 00:00:00,642.8426474622921
02-27 01:00:00,663.2930864995968
02-27 02:00:00,737.5030507544803
02-27 03:00:00,784.1990927883018
02-27 04:00:00,835.6571747997227
02-27 05:00:00,879.76373982491
02-27 06:00:00,905.6178778094596
02-27 07:00:00,921.4707636968125
02-27 08:00:00,930.1828007602973
02-27 09:00:00,936.2266675416284
02-27 10:00:00,922.5119595829884
02-27 11:00:00,921.3734920122336
02-27 12:00:00,919.8666435665147
02-27 13:00:00,915.7611935169292
02-27 14:00:00,905.5985995444388
02-27 15:00:00,889.1845769974932
02-27 16:00:00,886.0617829252717
02-27 17:00:00,888.4844981972676
02-27 18:00:00,889.7514031750721
02-27 19:00:00,891.3637598748463
02-27 20:00:00,907.6782592144527
02-27 21:00:00,927.3753562546727
02-27 22:00:00,964.1854456661798
02-27 23:00:00,1016.3858137182901
02-28 00:00:00,1083.6826975877896
02-28 01:00:00,1136.8548246310297
02-28 02:00:00,1129.7004116885046
02-28 03:00:00,1123.3517403286296
02-28 04:00:00,1126.7997709383785
02-28 05:00:00,1118.7600646110066
02-28 06:00:00,1124.8941138455878
02-28 07:00:00,1152.2572288684246
02-28 08:00:00,1164.5372823351058
02-28 09:00:00,1124.783594159294
02-28 10:00:00,1061.4516743772003
02-28 11:00:00,1015.2731720025162
02-28 12:00:00,967.4332099661935
02-28 13:00:00,907.728428835818
02-28 14:00:00,886.4181936240562
02-28 15:00:00,862.6469507831576
02-28 16:00:00,862.3914269242827
02-28 17:00:00,926.0489301735148
02-28 18:00:00,984.5679398239939
02-28 19:00:00,1015.0386719307941
02-28 20:00:00,1086.1842672451762
02-28 21:00:00,1137.644592874243
02-28 22:00:00,1156.4544095826886
02-28 23:00:00,1156.7419019341405
03-01 00:00:00,1224.5578307206802
03-01 01:00:00,1216.1248132525438
03-01 02:00:00,1264.1553120939373
03-01 03:00:00,1267.4654860165833
03-01 04:00:00,1324.4687980459898
03-01 05:00:00,1344.4901155035884
03-01 06:00:00,1390.3120320078092
03-01 07:00:00,1405.4581363556729
03-01 08:00:00,1334.844881039266
03-01 09:00:00,1274.5167331785512
03-01 10:00:00,1197.082078094819
03-01 11:00:00,1059.5348058263683
03-01 12:00:00,868.7404625684762
03-01 13:00:00,750.0877138701402
03-01 14:00:00,630.044497558696
03-01 15:00:00,577.6018149834952
03-01 16:00:00,617.8569996669975
03-01 17:00:00,724.5493613571639
03-01 18:00:00,777.3654930385726
03-01 19:00:00,813.1611552265972
03-01 20:00:00,918.3744103493282
03-01 21:00:00,973.3845666507079
03-01 22:00:00,1001.5565869628816
03-01 23:00:00,1043.5685109808708
03-02 00:00:00,1091.213968087247
03-02 01:00:00,1138.4999575546854
03-02 02:00:00,1114.1045608675736
03-02 03:00:00,1154.4706463622833
03-02 04:00:00,1220.8992907687702
03-02 05:00:00,1244.5913073183988
03-02 06:00:00,1259.2731104303375
03-02 07:00:00,1269.7735818717717
03-02 08:00:00,1174.7817107391684
03-02 09:00:00,991.8424613220064
03-02 10:00:00,824.854868228762
03-02 11:00:00,688.5314577372807
03-02 12:00:00,608.6117284959664
03-02 13:00:00,482.4677047979591
03-02 14:00:00,402.35848861925535
03-02 15:00:00,388.6769770949519
03-02 16:00:00,473.05623890136013
03-02 17:00:00,520.9940262488773
03-02 18:00:00,621.2825088114884
03-02 19:00:00,653.6169476999697
03-02 20:00:00,776.321355851169
03-02 21:00:00,814.9931599324377
03-02 22:00:00,844.2384277874106
03-02 23:00:00,854.1765804434406
03-03 00:00:00,913.4447594706659
03-03 01:00:00,905.0840600727972
03-03 02:00:00,893.1552147138901
03-03 03:00:00,969.7527671071318
03-03 04:00:00,994.5805072551386
03-03 05:00:00,978.2574270329195
03-03 06:00:00,1017.1697395935288
03-03 07:00:00,1002.0030319893228
03-03 08:00:00,966.6492584590264
03-03 09:00:00,928.6546742018239
03-03 10:00:00,843.6915307075757
03-03 11:00:00,739.4191651314859
03-03 12:00:00,663.6181502483033
03-03 13:00:00,599.9210406346932
03-03 14:00:00,573.656073653193
03-03 15:00:00,596.6348056785948
03-03 16:00:00,624.9193791625538
03-03 17:00:00,661.4237031626923
03-03 18:00:00,707.0622145922447
03-03 19:00:00,736.5353213643835
03-03 20:00:00,794.4688551481619
03-03 21:00:00,841.0747031242531
03-03 22:00:00,833.3370785162361
03-03 23:00:00,896.0144079281598
03-04 00:00:00,922.3525751838633
03-04 01:00:00,955.526882553605
03-04 02:00:00,925.22364438154
03-04 03:00:00,935.3583070022994
03-04 04:00:00,915.2617143610631
03-04 05:00:00,928.481056239577
03-04 06:00:00,932.7107633494195
03-04 07:00:00,897.9472571360092
03-04 08:00:00,854.6956313126882
03-04 09:00:00,775.2332229309802
03-04 10:00:00,679.1444410261305
03-04 11:00:00,564.3806917398294
03-04 12:00:00,478.8903787189356
03-04 13:00:00,413.80716409630685
03-04 14:00:00,414.409138408795
03-04 15:00:00,432.21085969133276
03-04 16:00:00,449.42248465945937
03-04 17:00:00,488.33910228339704
03-04 18:00:00,597.37179436856
03-04 19:00:00,635.1747835898564
03-04 20:00:00,686.5861428500318
03-04 21:00:00,797.2179953762547
03-04 22:00:00,851.1312432103346
03-04 23:00:00,849.595814677886
03-05 00:00:00,891.9375593188405
03-05 01:00:00,902.8326173930145
03-05 02:00:00,908.9221110935603
03-05 03:00:00,916.6720068624472
03-05 04:00:00,923.5416194581301
03-05 05:00:00,927.9350393121583
03-05 06:00:00,930.4349813523529
03-05 07:00:00,923.0882045391525
03-05 08:00:00,882.2104587435467
03-05 09:00:00,867.0435544331464
03-05 10:00:00,902.2437752605996
03-05 11:00:00,922.8287513843289
03-05 12:00:00,905.2435431954268
03-05 13:00:00,977.7569711136417
03-05 14:00:00,1010.0246822138129
03-05 15:00:00,986.8206200195417
03-05 16:00:00,992.3272941796745
03-05 17:00:00,1023.9565926446921
03-05 18:00:00,1060.410848890665
03-05 19:00:00,1051.529512299801
03-05 20:00:00,1047.3433235557727
03-05 21:00:00,1052.8011843290255
03-05 22:00:00,1067.5217200318127
03-05 23:00:00,1080.9643276258835
03-06 00:00:00,1103.368373838452
03-06 01:00:00,1130.5903460963586
03-06 02:00:00,1162.5852581933204
03-06 03:00:00,1185.307302004839
03-06 04:00:00,1217.8791005879023
03-06 05:00:00,1247.7135414501277
03-06 06:00:00,1257.9650441185681
03-06 07:00:00,1286.0859295430303
03-06 08:00:00,1255.6494081542808
03-06 09:00:00,1186.7974472078865
03-06 10:00:00,1114.3109208271255
03-06 11:00:00,1054.2351748904116
03-06 12:00:00,1018.8756437522212
03-06 13:00:00,988.4508171120907
03-06 14:00:00,962.8479724982719
03-06 15:00:00,943.7746160434388
03-06 16:00:00,940.4921278527291
03-06 17:00:00,951.2024439168575
03-06 18:00:00,994.652422567946
03-06 19:00:00,1038.6045207673485
03-06 20:00:00,1127.7709096626454
03-06 21:00:00,1166.979735730145
03-06 22:00:00,1193.7982060069742
03-06 23:00:00,1238.009965305096
03-07 00:00:00,1250.823101912754
03-07 01:00:00,1288.851409124448
03-07 02:00:00,1312.6178265248957
03-07 03:00:00,1340.716881498333
03-07 04:00:00,1332.2517834937353
03-07 05:00:00,1327.51555266366
03-07 06:00:00,1301.0664080031283
03-07 07:00:00,1278.398278605536
03-07 08:00:00,1224.3835830161945
03-07 09:00:00,1133.4814765920928
03-07 10:00:00,1105.3425703609612
03-07 11:00:00,1020.1668155491601
03-07 12:00:00,962.8041217021533
03-07 13:00:00,906.3195230414715
03-07 14:00:00,862.3174590992018
03-07 15:00:00,800.4238807737657
03-07 16:00:00,752.5389568690998
03-07 17:00:00,765.4693614841292
03-07 18:00:00,840.0634441874255
03-07 19:00:00,867.1967120165028
03-07 20:00:00,895.5603714010435
03-07 21:00:00,916.8792366683776
03-07 22:00:00,923.1934399049737
03-07 23:00:00,938.3827650538973
03-08 00:00:00,972.7479731722506
03-08 01:00:00,974.1083362976668
03-08 02:00:00,974.1083362976668
03-08 03:00:00,967.0571709114632
03-08 04:00:00,990.4452360548875
03-08 05:00:00,992.6096099486746
03-08 06:00:00,1005.0670360247768
03-08 07:00:00,1029.6881533008873
03-08 08:00:00,1015.4819321068666
03-08 09:00:00,993.7222555833749
03-08 10:00:00,945.2250028076178
03-08 11:00:00,837.3424815955084
03-08 12:00:00,749.1218773611148
03-08 13:00:00,735.5683964243923
03-08 14:00:00,669.1433940323267
03-08 15:00:00,675.8765486848374
03-08 16:00:00,707.4738469747201
03-08 17:00:00,804.8049601350095
03-08 18:00:00,910.8740490682152
03-08 19:00:00,966.6686846427775
03-08 20:00:00,999.9024027249136
03-08 21:00:00,968.8651260853153
03-08 22:00:00,992.5013518566955
03-08 23:00:00,1051.7549337442124
03-09 00:00:00,1144.2222083298473
03-09 01:00:00,1205.002543092898
03-09 02:00:00,1238.7105986153622
03-09 03:00:00,1295.7734348815543
03-09 04:00:00,1324.5331306253036
03-09 05:00:00,1351.8104979557604
03-09 06:00:00,1392.5236692099463
03-09 07:00:00,1345.5946678651223
03-09 08:00:00,1297.8315567455872
03-09 09:00:00,1226.932217837245
03-09 10:00:00,1167.7937093805879
03-09 11:00:00,1081.0754009542231
03-09 12:00:00,1009.494386935612
03-09 13:00:00,920.1862132626633
03-09 14:00:00,846.5849513419051
03-09 15:00:00,813.2374158533436
03-09 16:00:00,812.9161268174707
03-09 17:00:00,847.6615391738233
03-09 18:00:00,940.658822656388
03-09 19:00:00,979.2480203705011
03-09 20:00:00,1006.3861336834976
03-09 21:00:00,987.6138799427977
03-09 22:00:00,998.762699633478
03-09 23:00:00,1015.1669732075262
03-10 00:00:00,1027.6294154927186
03-10 01:00:00,1055.5352468150832
03-10 02:00:00,1066.0023504917688
03-10 03:00:00,1090.9849842740637
03-10 04:00:00,1107.3988874701868
03-10 05:00:00,1127.4603420274648
03-10 06:00:00,1126.8988569695928
03-10 07:00:00,1131.088250626793
03-10 08:00:00,1034.8035523141937
03-10 09:00:00,916.0662295454979
03-10 10:00:00,831.5998634554913
03-10 11:00:00,788.9114862632987
03-10 12:00:00,755.3508397841085
03-10 13:00:00,690.6546313496432
03-10 14:00:00,650.1890574018806
03-10 15:00:00,629.9547357230822
03-10 16:00:00,656.9200071126633
03-10 17:00:00,743.3368961057924
03-10 18:00:00,843.8953503629695
03-10 19:00:00,859.2382536487814
03-10 20:00:00,924.795220268195
03-10 21:00:00,936.8934973433609
03-10 22:00:00,954.9904085279468
03-10 23:00:00,913.3038477595151
03-11 00:00:00,903.417791872582
03-11 01:00:00,884.1244639697247
03-11 02:00:00,877.4964254869743
03-11 03:00:00,869.8684447537637
03-11 04:00:00,861.4595649838925
03-11 05:00:00,844.5568822083742
03-11 06:00:00,839.2325077784536
03-11 07:00:00,880.754039438434
03-11 08:00:00,789.3447605039288
03-11 09:00:00,725.7484590357071
03-11 10:00:00,584.8652007490946
03-11 11:00:00,487.95613045592285
03-11 12:00:00,360.02140987342665
03-11 13:00:00,327.70210358487697
03-11 14:00:00,305.93337450795036
03-11 15:00:00,308.9124020316584
03-11 16:00:00,320.40664643236113
03-11 17:00:00,320.6032228459445
03-11 18:00:00,449.14745766669574
03-11 19:00:00,575.4801193592118
03-11 20:00:00,591.8042287486385
03-11 21:00:00,564.8001288289291
03-11 22:00:00,551.4793137366837
03-11 23:00:00,569.5868926852813
03-12 00:00:00,589.5929913674843
03-12 01:00:00,751.8203415930773
03-12 02:00:00,842.6630420126994
03-12 03:00:00,851.9919840012483
03-12 04:00:00,903.8010786702107
03-12 05:00:00,879.4841790781089
03-12 06:00:00,907.493584307558
03-12 07:00:00,926.4297813226636
03-12 08:00:00,868.9046148605642
03-12 09:00:00,810.9372528400028
03-12 10:00:00,776.9004426974599
03-12 11:00:00,702.4038713288058
03-12 12:00:00,651.9268865852974
03-12 13:00:00,610.4599536858868
03-12 14:00:00,591.0772279511691
03-12 15:00:00,550.998407128408
03-12 16:00:00,572.3266406421943
03-12 17:00:00,672.9256182033396
03-12 18:00:00,788.6885255253273
03-12 19:00:00,856.5989668429714
03-12 20:00:00,871.9642766355144
03-12 21:00:00,909.3280297198651
03-12 22:00:00,929.2514759354585
03-12 23:00:00,899.3629734825622
03-13 00:00:00,910.2190218920621
03-13 01:00:00,873.5628879091262
03-13 02:00:00,873.6840498444145
03-13 03:00:00,841.8027186381775
03-13 04:00:00,901.4975070091457
03-13 05:00:00,941.1184741503927
03-13 06:00:00,1039.6181529329263
03-13 07:00:00,1046.6897258871202
03-13 08:00:00,947.9173873532374
03-13 09:00:00,777.5219543841533
03-13 10:00:00,671.7198914978482
03-13 11:00:00,550.8895477703734
03-13 12:00:00,436.40511108910283
03-13 13:00:00,392.63060181332827
03-13 14:00:00,383.70760884013674
03-13 15:00:00,405.9833746620153
03-13 16:00:00,449.521928575352
03-13 17:00:00,710.4646361380721
03-13 18:00:00,871.2621920585658
03-13 19:00:00,932.5278495011726
03-13 20:00:00,983.8274660027489
03-13 21:00:00,912.8296652246233
03-13 22:00:00,812.569706520359
03-13 23:00:00,826.3741500854145
03-14 00:00:00,779.1691362460355
03-14 01:00:00,963.2845422908599
03-14 02:00:00,1222.5099195070475
03-14 03:00:00,1283.0194439015281
03-14 04:00:00,1292.1248224511671
03-14 05:00:00,1217.268355353052
03-14 06:00:00,1217.4314708431696
03-14 07:00:00,1213.2188046624165
03-14 08:00:00,1170.9554956826978
03-14 09:00:00,1102.7514557372729
03-14 10:00:00,1011.5234575387234
03-14 11:00:00,964.4689180177911
03-14 12:00:00,914.6195886940527
03-14 13:00:00,982.9844747548617
03-14 14:00:00,1187.1369143294828
03-14 15:00:00,1184.1143118942487
03-14 16:00:00,1175.3866359606413
03-14 17:00:00,1129.3019429128044
03-14 18:00:00,1118.7823619153708
03-14 19:00:00,1129.2148335525294
03-14 20:00:00,1072.6090508432205
03-14 21:00:00,1041.1266756714326
03-14 22:00:00,1140.4536566757556
03-14 23:00:00,1081.453070421659
03-15 00:00:00,1102.4540295399136
03-15 01:00:00,1123.510143147623
03-15 02:00:00,1160.3561351243702
03-15 03:00:00,1178.965827726057
03-15 04:00:00,1221.4948978998577
03-15 05:00:00,1231.844488298376
03-15 06:00:00,1226.2837981098694
03-15 07:00:00,1227.4469157221838
03-15 08:00:00,1223.8857657463855
03-15 09:00:00,1228.3481215441443
03-15 10:00:00,1240.758727214633
03-15 11:00:00,1187.0278399328865
03-15 12:00:00,1143.1066696114126
03-15 13:00:00,1158.4471223097105
03-15 14:00:00,1205.1701401662306
03-15 15:00:00,1167.658227618453
03-15 16:00:00,1097.288642678389
03-15 17:00:00,1129.2960024121385
03-15 18:00:00,1221.5586292820572
03-15 19:00:00,1215.5963379371537
03-15 20:00:00,1239.3208230427651
03-15 21:00:00,1202.1730071703782
03-15 22:00:00,1201.0900559587394
03-15 23:00:00,1207.785759013646
03-16 00:00:00,1215.1543490949516
03-16 01:00:00,1225.3825938513723
03-16 02:00:00,1173.943815421791
03-16 03:00:00,1121.1757985911674
03-16 04:00:00,1115.3907751073575
03-16 05:00:00,1197.1593698130168
03-16 06:00:00,1200.8076401469098
03-16 07:00:00,1164.4022200367108
03-16 08:00:00,1148.3551644947754
03-16 09:00:00,1090.335692510725
03-16 10:00:00,1045.8521454921645
03-16 11:00:00,1030.1825550315184
03-16 12:00:00,1078.716329327942
03-16 13:00:00,1098.8782965343896
03-16 14:00:00,1043.0970072256657
03-16 15:00:00,1136.1547933895556
03-16 16:00:00,1147.7310890114404
03-16 17:00:00,1152.4304499607888
03-16 18:00:00,1168.0692162404118
03-16 19:00:00,1183.0676478899231
03-16 20:00:00,1170.6413369509828
03-16 21:00:00,1161.3322162987906
03-16 22:00:00,1218.811977345973
03-16 23:00:00,1229.458050497792
03-17 00:00:00,1236.7111836066083
03-17 01:00:00,1250.2568733864568
03-17 02:00:00,1257.703452751647
03-17 03:00:00,1259.4783258609077
03-17 04:00:00,1281.6745014765813
03-17 05:00:00,1311.1036592052014
03-17 06:00:00,1319.0325027441365
03-17 07:00:00,1324.4854163092186
03-17 08:00:00,1304.540425468628
03-17 09:00:00,1291.6339754593002
03-17 10:00:00,1247.305997740386
03-17 11:00:00,1135.5144607581842
03-17 12:00:00,1073.369089970667
03-17 13:00:00,1051.1223309616194
03-17 14:00:00,1063.4753604513548
03-17 15:00:00,1290.1144746249272
03-17 16:00:00,1225.8978081214914
03-17 17:00:00,1250.29957021125
03-17 18:00:00,1294.9224519236661
03-17 19:00:00,1272.8478981191258
03-17 20:00:00,1280.9305428177208
03-17 21:00:00,1285.0272025866075
03-17 22:00:00,1271.8434949525106
03-17 23:00:00,1265.4646161624898
03-18 00:00:00,1273.5557363347818
03-18 01:00:00,1277.41930217431
03-18 02:00:00,1284.990882497363
03-18 03:00:00,1309.7763661698473
03-18 04:00:00,1327.8656818391728
03-18 05:00:00,1349.9914862886183
03-18 06:00:00,1344.3069226940586
03-18 07:00:00,1373.020699577995
03-18 08:00:00,1328.8762546331395
03-18 09:00:00,1240.3647516358246
03-18 10:00:00,1176.9394527431346
03-18 11:00:00,1198.0191317453746
03-18 12:00:00,1132.281674726095
03-18 13:00:00,1060.493053490366
03-18 14:00:00,1019.8681224202791
03-18 15:00:00,1043.5678891697403
03-18 16:00:00,1073.0849203410205
03-18 17:00:00,1131.1456634312622
03-18 18:00:00,1213.827168166717
03-18 19:00:00,1300.8349901952415
03-18 20:00:00,1355.6848269329862
03-18 21:00:00,1428.6071187352984
03-18 22:00:00,1472.8810550958349
03-18 23:00:00,1480.8609976165062
03-19 00:00:00,1503.6807738698217
03-19 01:00:00,1505.6453963527524
03-19 02:00:00,1540.8855860041347
03-19 03:00:00,1546.919133088706
03-19 04:00:00,1545.0534408363944
03-19 05:00:00,1585.0179870961274
03-19 06:00:00,1614.325337282779
03-19 07:00:00,1575.9139244559335
03-19 08:00:00,1458.7276223411131
03-19 09:00:00,1298.5032295387184
03-19 10:00:00,1153.3508495759338
03-19 11:00:00,1052.4290718610719
03-19 12:00:00,984.4225048687673
03-19 13:00:00,922.6291058575704
03-19 14:00:00,922.4301330287647
03-19 15:00:00,899.3043732323961
03-19 16:00:00,910.7749402004658
03-19 17:00:00,1003.8863466908053
03-19 18:00:00,1109.3085153241107
03-19 19:00:00,1170.6148430354433
03-19 20:00:00,1212.2201151418508
03-19 21:00:00,1259.9058699315672
03-19 22:00:00,1334.035654154087
03-19 23:00:00,1343.900842999687
03-20 00:00:00,1346.7894295783976
03-20 01:00:00,1347.9783078478747
03-20 02:00:00,1363.4404439693078
03-20 03:00:00,1373.6623177681445
03-20 04:00:00,1377.8238633978197
03-20 05:00:00,1408.5132338547755
03-20 06:00:00,1443.9687565992997
03-20 07:00:00,1436.6912593616694
03-20 08:00:00,1390.6582054738838
03-20 09:00:00,1337.133130902227
03-20 10:00:00,1309.2207635177792
03-20 11:00:00,1278.5182902632505
03-20 12:00:00,1226.3688930629614
03-20 13:00:00,1152.9977896909459
03-20 14:00:00,1148.9235256937804
03-20 15:00:00,1123.8741925814418
03-20 16:00:00,1144.4837343193994
03-20 17:00:00,1220.3028712479177
03-20 18:00:00,1314.2518337602955
03-20 19:00:00,1403.1069355497216
03-20 20:00:00,1478.8153313021608
03-20 21:00:00,1512.4076676002908
03-20 22:00:00,1555.5728998627799
03-20 23:00:00,1547.6964011922526
03-21 00:00:00,1523.7783388819744
03-21 01:00:00,1502.0070546423772
03-21 02:00:00,1489.5617170536452
03-21 03:00:00,1478.8013795258432
03-21 04:00:00,1484.5664891363776
03-21 05:00:00,1462.8526081585953
03-21 06:00:00,1443.5688333952944
03-21 07:00:00,1418.731623478613
03-21 08:00:00,1349.62010618342
03-21 09:00:00,1285.0421911208407
03-21 10:00:00,1213.5345659058326
03-21 11:00:00,1178.168823683546
03-21 12:00:00,1160.662455891937
03-21 13:00:00,1129.924110531997
03-21 14:00:00,1117.5239225514208
03-21 15:00:00,1132.9256855787517
03-21 16:00:00,1164.9968550620151
03-21 17:00:00,1214.5943974415718
03-21 18:00:00,1232.0666115614233
03-21 19:00:00,1225.1848578231597
03-21 20:00:00,1211.8989589900607
03-21 21:00:00,1236.5499517832632
03-21 22:00:00,1215.281173966406
03-21 23:00:00,1203.2808440567735
03-22 00:00:00,1221.5085020578824
03-22 01:00:00,1205.2669957054989
03-22 02:00:00,1200.0404447766382
03-22 03:00:00,1221.1756908342973
03-22 04:00:00,1208.4412061204507
03-22 05:00:00,1208.8535946108273
03-22 06:00:00,1200.534438778052
03-22 07:00:00,1174.954088994321
03-22 08:00:00,1126.7115254858718
03-22 09:00:00,1074.9483049672826
03-22 10:00:00,1054.6475289693735
03-22 11:00:00,1018.1846955500164
03-22 12:00:00,1013.4170119720061
03-22 13:00:00,988.1538465650736
03-22 14:00:00,973.1123738973309
03-22 15:00:00,965.7863951541632
03-22 16:00:00,960.8753653017881
03-22 17:00:00,983.8440175342243
03-22 18:00:00,1026.2625083508156
03-22 19:00:00,1058.7160457136301
03-22 20:00:00,1099.4532102137186
03-22 21:00:00,1122.3125616100372
03-22 22:00:00,1169.0922992201338
03-22 23:00:00,1215.127164101204
03-23 00:00:00,1256.2611181885725
03-23 01:00:00,1298.0596546659112
03-23 02:00:00,1317.8179114687575
03-23 03:00:00,1368.6398221623829
03-23 04:00:00,1393.9375094463671
03-23 05:00:00,1419.4863958940182
03-23 06:00:00,1453.185314133268
03-23 07:00:00,1335.305447630639
03-23 08:00:00,1195.8054121725481
03-23 09:00:00,1026.1305632119413
03-23 10:00:00,894.8443446076444
03-23 11:00:00,825.1797435883541
03-23 12:00:00,749.5528424351261
03-23 13:00:00,693.2544757195194
03-23 14:00:00,652.3163833134249
03-23 15:00:00,621.1917005608764
03-23 16:00:00,643.9738971958042
03-23 17:00:00,745.5287526103676
03-23 18:00:00,828.9209510184124
03-23 19:00:00,905.7778140045372
03-23 20:00:00,963.4291119476107
03-23 21:00:00,1003.8453418861903
03-23 22:00:00,1077.5012536765291
03-23 23:00:00,1099.2152216045324
03-24 00:00:00,1132.7524287830306
03-24 01:00:00,1174.6589442622058
03-24 02:00:00,1192.721340135768
03-24 03:00:00,1212.0101860988882
03-24 04:00:00,1208.9745832248095
03-24 05:00:00,1244.4846493811
03-24 06:00:00,1260.2003117774507
03-24 07:00:00,1197.3106621573552
03-24 08:00:00,1044.7476358031126
03-24 09:00:00,888.9978468017682
03-24 10:00:00,747.9207878629574
03-24 11:00:00,638.4875805693549
03-24 12:00:00,531.5902666625692
03-24 13:00:00,469.17299884797694
03-24 14:00:00,403.73839350333935
03-24 15:00:00,379.8481061586671
03-24 16:00:00,428.27639906777074
03-24 17:00:00,562.1224399124941
03-24 18:00:00,667.0547854731303
03-24 19:00:00,721.9100316814663
03-24 20:00:00,785.1085811705125
03-24 21:00:00,832.765962066456
03-24 22:00:00,883.9306993528928
03-24 23:00:00,925.4677098526837
03-25 00:00:00,926.9885389462486
03-25 01:00:00,964.4646939596099
03-25 02:00:00,995.5470104323243
03-25 03:00:00,995.010940393093
03-25 04:00:00,1004.8985594420183
03-25 05:00:00,1078.6475046537848
03-25 06:00:00,1063.360497352475
03-25 07:00:00,1018.1885687208616
03-25 08:00:00,869.4779956656023
03-25 09:00:00,701.6343990135072
03-25 10:00:00,561.611963104704
03-25 11:00:00,443.9838835540795
03-25 12:00:00,366.71571079960444
03-25 13:00:00,309.84747895790855
03-25 14:00:00,272.9472156536154
03-25 15:00:00,281.78241360832345
03-25 16:00:00,296.9358178442111
03-25 17:00:00,415.70279250460004
03-25 18:00:00,535.2133778169589
03-25 19:00:00,611.9444106887133
03-25 20:00:00,631.8229755891341
03-25 21:00:00,684.8955992500775
03-25 22:00:00,730.2139547907367
03-25 23:00:00,767.95585194281
03-26 00:00:00,828.1737729445334
03-26 01:00:00,865.3510859084045
03-26 02:00:00,910.8031214095317
03-26 03:00:00,923.7469996068546
03-26 04:00:00,973.2038766957663
03-26 05:00:00,1035.7686978902
03-26 06:00:00,1032.0507621577067
03-26 07:00:00,909.2081798192107
03-26 08:00:00,783.0088608637284
03-26 09:00:00,659.1796932748327
03-26 10:00:00,526.2974952931495
03-26 11:00:00,409.7082793420605
03-26 12:00:00,328.787857329845
03-26 13:00:00,306.448417292281
03-26 14:00:00,244.10257159674845
03-26 15:00:00,216.11310892156462
03-26 16:00:00,225.9079235930228
03-26 17:00:00,384.0114584149348
03-26 18:00:00,486.6221193843798
03-26 19:00:00,536.2673321358557
03-26 20:00:00,529.5554612921078
03-26 21:00:00,639.1858792056366
03-26 22:00:00,654.5350595903758
03-26 23:00:00,663.5132019699237
03-27 00:00:00,628.6206458518653
03-27 01:00:00,663.0918945518215
03-27 02:00:00,692.9251856736798
03-27 03:00:00,635.5500616188434
03-27 04:00:00,698.9628409915615
03-27 05:00:00,725.6770342115012
03-27 06:00:00,711.46650928701
03-27 07:00:00,809.3376518224482
03-27 08:00:00,881.4278428640135
03-27 09:00:00,846.7229138966175
03-27 10:00:00,819.0786465944855
03-27 11:00:00,760.9039590540789
03-27 12:00:00,741.286554508018
03-27 13:00:00,720.9557431087959
03-27 14:00:00,702.3602254954253
03-27 15:00:00,649.5266759535754
03-27 16:00:00,625.3165395632941
03-27 17:00:00,638.046796842552
03-27 18:00:00,691.5324176576559
03-27 19:00:00,780.3928795757987
03-27 20:00:00,842.655720422973
03-27 21:00:00,855.2595734957298
03-27 22:00:00,876.8302365283695
03-27 23:00:00,913.0902220929368
03-28 00:00:00,908.6082483047184
03-28 01:00:00,978.6958600017128
03-28 02:00:00,1042.0001318169893
03-28 03:00:00,1102.4581520949037
03-28 04:00:00,1163.3655240233757
03-28 05:00:00,1167.6585924594035
03-28 06:00:00,1138.7564660691435
03-28 07:00:00,1089.5093324270229
03-28 08:00:00,957.9151028235423
03-28 09:00:00,795.4994688895966
03-28 10:00:00,655.119101392575
03-28 11:00:00,546.3962392824801
03-28 12:00:00,490.05298873818475
03-28 13:00:00,415.63914417398115
03-28 14:00:00,374.35826649629416
03-28 15:00:00,341.48823372928234
03-28 16:00:00,333.60465174092855
03-28 17:00:00,407.02097528655014
03-28 18:00:00,513.8810433829113
03-28 19:00:00,583.7130754789694
03-28 20:00:00,654.3281305735804
03-28 21:00:00,714.6231648728713
03-28 22:00:00,756.9871492566472
03-28 23:00:00,796.9212060159799
03-29 00:00:00,833.6407938471596
03-29 01:00:00,843.130486638557
03-29 02:00:00,853.2187249212841
03-29 03:00:00,865.4158957034132
03-29 04:00:00,880.0517460838031
03-29 05:00:00,906.7471678709653
03-29 06:00:00,900.7778925700021
03-29 07:00:00,845.4992884780368
03-29 08:00:00,677.7104065443161
03-29 09:00:00,510.41386518314465
03-29 10:00:00,398.08782338881934
03-29 11:00:00,285.2078874196963
03-29 12:00:00,210.3203187041326
03-29 13:00:00,155.22627647517936
03-29 14:00:00,99.34744496670687
03-29 15:00:00,61.759904067742774
03-29 16:00:00,90.7576145374089
03-29 17:00:00,191.20577514784705
03-29 18:00:00,322.97817936650534
03-29 19:00:00,387.8234817105111
03-29 20:00:00,490.11192623343686
03-29 21:00:00,547.3872806709923
03-29 22:00:00,586.7801666061586
03-29 23:00:00,626.2607060997614
03-30 00:00:00,690.1592849906624
03-30 01:00:00,674.826135885821
03-30 02:00:00,713.2194342332613
03-30 03:00:00,739.1056117079709
03-30 04:00:00,819.0476465937503
03-30 05:00:00,825.7190860080651
03-30 06:00:00,819.982624360634
03-30 07:00:00,728.4100560576455
03-30 08:00:00,598.7880000615503
03-30 09:00:00,463.0796586346876
03-30 10:00:00,346.226894871147
03-30 11:00:00,236.38658044446086
03-30 12:00:00,168.8364849676768
03-30 13:00:00,106.19731752899527
03-30 14:00:00,46.535896842260044
03-30 15:00:00,15.544910941360106
03-30 16:00:00,20.307188953143044
03-30 17:00:00,114.14063810743059
03-30 18:00:00,222.46695725901532
03-30 19:00:00,283.8742401603066
03-30 20:00:00,378.34096764792884
03-30 21:00:00,428.39184879985066
03-30 22:00:00,483.86833459157674
03-30 23:00:00,533.3174172972656
03-31 00:00:00,572.733872939183
03-31 01:00:00,594.2134617499612
03-31 02:00:00,627.6822523327846
03-31 03:00:00,643.8645501043572
03-31 04:00:00,692.6067463018278
03-31 05:00:00,708.1399562699693
03-31 06:00:00,729.1874362343599
03-31 07:00:00,650.4761220402759
03-31 08:00:00,491.45729495452764
03-31 09:00:00,357.3797545345605
03-31 10:00:00,240.02478618756314
03-31 11:00:00,141.1521619428154
03-31 12:00:00,66.10416666329525
03-31 13:00:00,10.981534653272053
03-31 14:00:00,7.2510525805009465
03-31 15:00:00,5.04019613785161
03-31 16:00:00,7.493772323134217
03-31 17:00:00,58.985705020614375
03-31 18:00:00,164.28830566769867
03-31 19:00:00,239.04979496647175
03-31 20:00:00,311.4699329364784
03-31 21:00:00,380.1089003150978
03-31 22:00:00,432.72071490416124
03-31 23:00:00,447.0654103462958
04-01 00:00:00,481.8315308735953
04-01 01:00:00,527.6609591031039
04-01 02:00:00,548.4917288703194
04-01 03:00:00,572.9367296312
04-01 04:00:00,594.5916833287502
04-01 05:00:00,626.5299495248221
04-01 06:00:00,655.9215856430155
04-01 07:00:00,610.5747044663644
04-01 08:00:00,449.5692971991383
04-01 09:00:00,305.2988757319944
04-01 10:00:00,192.03338375098969
04-01 11:00:00,74.67646149772698
04-01 12:00:00,9.684559047624306
04-01 13:00:00,6.5113016724639365
04-01 14:00:00,5.514781559287433
04-01 15:00:00,5.930091535682745
04-01 16:00:00,5.8603201373792135
04-01 17:00:00,29.743520257330786
04-01 18:00:00,139.73971525396934
04-01 19:00:00,181.7954958296055
04-01 20:00:00,221.5835379411981
04-01 21:00:00,210.812254459414
04-01 22:00:00,325.04463833626266
04-01 23:00:00,389.64120652022797
04-02 00:00:00,419.8211548780999
04-02 01:00:00,431.97719584772665
04-02 02:00:00,462.20526648451323
04-02 03:00:00,507.21879353060774
04-02 04:00:00,540.6981162456235
04-02 05:00:00,595.1655987814091
04-02 06:00:00,629.7187255017278
04-02 07:00:00,542.293158578642
04-02 08:00:00,439.0985417832061
04-02 09:00:00,357.8156794465958
04-02 10:00:00,272.3747736493719
04-02 11:00:00,220.66172468811325
04-02 12:00:00,154.4809943391958
04-02 13:00:00,101.50765468980674
04-02 14:00:00,67.56399215116264
04-02 15:00:00,73.9238723055465
04-02 16:00:00,119.75995011774202
04-02 17:00:00,256.83406664284587
04-02 18:00:00,357.37628160698574
04-02 19:00:00,381.8981099552195
04-02 20:00:00,395.18208868135565
04-02 21:00:00,441.36245408384394
04-02 22:00:00,527.7127523533046
04-02 23:00:00,639.5590766397185
04-03 00:00:00,698.9269082885963
04-03 01:00:00,725.4878676326875
04-03 02:00:00,771.7777681466531
04-03 03:00:00,795.2358493312694
04-03 04:00:00,887.7692268841326
04-03 05:00:00,939.2804126528755
04-03 06:00:00,950.865536177531
04-03 07:00:00,951.9167316467629
04-03 08:00:00,935.6824512786352
04-03 09:00:00,889.407612070022
04-03 10:00:00,791.7729857083165
04-03 11:00:00,734.7974758902317
04-03 12:00:00,753.6010283801719
04-03 13:00:00,738.28875073107
04-03 14:00:00,697.7544804153208
04-03 15:00:00,698.7152222083923
04-03 16:00:00,715.3788103792183
04-03 17:00:00,757.107194566432
04-03 18:00:00,781.7420883784677
04-03 19:00:00,813.0968931129673
04-03 20:00:00,845.0773702195181
04-03 21:00:00,884.5719491964936
04-03 22:00:00,940.6474004465074
04-03 23:00:00,1009.3342257173938
04-04 00:00:00,1068.7189220267956
04-04 01:00:00,1094.4160945031288
04-04 02:00:00,1132.367789062843
04-04 03:00:00,1173.1867251937942
04-04 04:00:00,1211.2254288034446
04-04 05:00:00,1262.2427053269507
04-04 06:00:00,1195.1935966018955
04-04 07:00:00,1067.6252600990354
04-04 08:00:00,951.9272451855568
04-04 09:00:00,820.6388231362591
04-04 10:00:00,711.4879276670512
04-04 11:00:00,612.4908760449381
04-04 12:00:00,542.2961419650999
04-04 13:00:00,486.1884699880327
04-04 14:00:00,444.8491157804991
04-04 15:00:00,422.03425687791
04-04 16:00:00,426.33953407817467
04-04 17:00:00,496.0110462450893
04-04 18:00:00,646.4085346741891
04-04 19:00:00,730.223488599289
04-04 20:00:00,785.843637945605
04-04 21:00:00,826.9608841691307
04-04 22:00:00,880.654135312042
04-04 23:00:00,920.6412878626
04-05 00:00:00,935.003634914196
04-05 01:00:00,1005.0521834586348
04-05 02:00:00,1017.8580572995895
04-05 03:00:00,1044.9146467989376
04-05 04:00:00,1049.7049156324244
04-05 05:00:00,1069.5200046361626
04-05 06:00:00,1058.5101291196788
04-05 07:00:00,936.4024994301927
04-05 08:00:00,796.6969370243606
04-05 09:00:00,665.0516705581937
04-05 10:00:00,553.8339040924582
04-05 11:00:00,483.700994803139
04-05 12:00:00,403.2885163245185
04-05 13:00:00,297.999043481677
04-05 14:00:00,256.187562955023
04-05 15:00:00,298.64150808643393
04-05 16:00:00,339.436031076021
04-05 17:00:00,406.04424730417105
04-05 18:00:00,491.84814876272236
04-05 19:00:00,639.742579370803
04-05 20:00:00,872.4863112019057
04-05 21:00:00,1256.3268893932627
04-05 22:00:00,1292.5432771433466
04-05 23:00:00,1445.249704041245
04-06 00:00:00,1508.5680011581662
04-06 01:00:00,1521.4836225413783
04-06 02:00:00,1526.555976316945
04-06 03:00:00,1543.9754744124514
04-06 04:00:00,1606.52652655257
04-06 05:00:00,1719.042773417003
04-06 06:00:00,1706.6175140469006
04-06 07:00:00,1576.137781385647
04-06 08:00:00,1465.8934236697808
04-06 09:00:00,1401.9534937897677
04-06 10:00:00,1333.2151336377722
04-06 11:00:00,1202.3809341811536
04-06 12:00:00,1196.9798184611013
04-06 13:00:00,1180.9316233108636
04-06 14:00:00,1153.3536819205976
04-06 15:00:00,1152.4681945697218
04-06 16:00:00,1231.0944096230353
04-06 17:00:00,1380.042698844253
04-06 18:00:00,1425.0724071338295
04-06 19:00:00,1479.7983285189412
04-06 20:00:00,1481.990712863445
04-06 21:00:00,1463.154661279041
04-06 22:00:00,1423.4289357737794
04-06 23:00:00,1414.7663353821238
04-07 00:00:00,1439.8815190607295
04-07 01:00:00,1492.000167846232
04-07 02:00:00,1483.9131808676389
04-07 03:00:00,1537.8123803799444
04-07 04:00:00,1509.6994792102353
04-07 05:00:00,1552.8473276271307
04-07 06:00:00,1530.648502673547
04-07 07:00:00,1506.973158248169
04-07 08:00:00,1457.0114849855129
04-07 09:00:00,1410.8061710778081
04-07 10:00:00,1340.2216962906793
04-07 11:00:00,1339.0615936871013
04-07 12:00:00,1242.8506510715874
04-07 13:00:00,1190.2391350026928
04-07 14:00:00,1196.109849097136
04-07 15:00:00,1197.4219048842606
04-07 16:00:00,1227.1858846730158
04-07 17:00:00,1272.1868419491263
04-07 18:00:00,1262.8325737658313
04-07 19:00:00,1273.0897628452817
04-07 20:00:00,1300.8752022090925
04-07 21:00:00,1286.50852813468
04-07 22:00:00,1316.466594677554
04-07 23:00:00,1293.5561468299445
04-08 00:00:00,1317.4308850960797
04-08 01:00:00,1312.0999088674066
04-08 02:00:00,1293.1911251927347
04-08 03:00:00,1298.563160058679
04-08 04:00:00,1354.004035764755
04-08 05:00:00,1405.4886601909902
04-08 06:00:00,1359.647786959157
04-08 07:00:00,1266.1288800708396
04-08 08:00:00,1138.3426991076901
04-08 09:00:00,1027.022414715791
04-08 10:00:00,934.1070490452681
04-08 11:00:00,848.6113303758225
04-08 12:00:00,815.5082277392534
04-08 13:00:00,752.5677719645838
04-08 14:00:00,728.7300839498523
04-08 15:00:00,698.6411365051649
04-08 16:00:00,692.7289555573165
04-08 17:00:00,753.4649368660076
04-08 18:00:00,873.1787589246514
04-08 19:00:00,936.773727586001
04-08 20:00:00,1008.2675254164008
04-08 21:00:00,1041.2197746410498
04-08 22:00:00,1060.0438414584955
04-08 23:00:00,1098.091341840769
04-09 00:00:00,1116.696413876375
04-09 01:00:00,1114.5621047377217
04-09 02:00:00,1121.3260214530371
04-09 03:00:00,1099.0065807578278
04-09 04:00:00,1117.8188577414708
04-09 05:00:00,1108.1567651131334
04-09 06:00:00,1069.0944707817039
04-09 07:00:00,943.539454064765
04-09 08:00:00,735.1915095752364
04-09 09:00:00,627.3717614105514
04-09 10:00:00,528.467580425838
04-09 11:00:00,458.15619261483
04-09 12:00:00,393.328132860297
04-09 13:00:00,336.33326479805504
04-09 14:00:00,264.6766614618973
04-09 15:00:00,261.06432588771696
04-09 16:00:00,255.5213397825479
04-09 17:00:00,357.59944385207586
04-09 18:00:00,487.29814212754735
04-09 19:00:00,555.4952789867936
04-09 20:00:00,628.7579690877328
04-09 21:00:00,683.004202076941
04-09 22:00:00,727.6135949154186
04-09 23:00:00,730.2597814075518
04-10 00:00:00,766.1455912162219
04-10 01:00:00,747.7432921392888
04-10 02:00:00,744.4902749036203
04-10 03:00:00,765.1909934911014
04-10 04:00:00,768.9305605789231
04-10 05:00:00,764.1054705741492
04-10 06:00:00,742.6908757218971
04-10 07:00:00,681.1492452946966
04-10 08:00:00,625.1127042992119
04-10 09:00:00,582.2293043080151
04-10 10:00:00,522.6069983251039
04-10 11:00:00,452.51738274429374
04-10 12:00:00,355.61438675057803
04-10 13:00:00,278.8429904923355
04-10 14:00:00,218.2251967950507
04-10 15:00:00,233.9185386336099
04-10 16:00:00,223.00859861882185
04-10 17:00:00,253.039739116819
04-10 18:00:00,359.62486750774724
04-10 19:00:00,472.02191960148724
04-10 20:00:00,509.9096514732295
04-10 21:00:00,547.5433192322799
04-10 22:00:00,586.2391091289245
04-10 23:00:00,606.2582840895255
04-11 00:00:00,616.3071067330031
04-11 01:00:00,633.9174723463894
04-11 02:00:00,637.7592013038577
04-11 03:00:00,648.8688788074929
04-11 04:00:00,678.6636645762418
04-11 05:00:00,693.3808922800905
04-11 06:00:00,689.171490255668
04-11 07:00:00,647.9811071617021
04-11 08:00:00,500.74233218376617
04-11 09:00:00,390.186209602623
04-11 10:00:00,328.08896593932525
04-11 11:00:00,244.31051548503368
04-11 12:00:00,168.75836818737773
04-11 13:00:00,101.85910686628696
04-11 14:00:00,64.17370023191378
04-11 15:00:00,48.53061800494539
04-11 16:00:00,59.3389010154465
04-11 17:00:00,188.78345310403108
04-11 18:00:00,352.5653207852277
04-11 19:00:00,435.22547498648544
04-11 20:00:00,489.7890201434188
04-11 21:00:00,527.1145715078924
04-11 22:00:00,561.2368883183348
04-11 23:00:00,626.0848022085485
04-12 00:00:00,675.9737555593273
04-12 01:00:00,717.0918024484182
04-12 02:00:00,847.6612981647238
04-12 03:00:00,937.7731968153925
04-12 04:00:00,1030.93960306592
04-12 05:00:00,1143.2169038639145
04-12 06:00:00,1190.3602697830302
04-12 07:00:00,1202.8274200943117
04-12 08:00:00,1282.3500358882234
04-12 09:00:00,1308.9361252717913
04-12 10:00:00,1274.387921433681
04-12 11:00:00,1228.3576098333963
04-12 12:00:00,1163.1264560556444
04-12 13:00:00,1094.1315890527933
04-12 14:00:00,1062.106787136957
04-12 15:00:00,1102.5319532664791
04-12 16:00:00,1127.0206507360963
04-12 17:00:00,1100.3222747861892
04-12 18:00:00,1096.472476897291
04-12 19:00:00,1149.4473451448225
04-12 20:00:00,1193.2734692239333
04-12 21:00:00,1202.9833474066909
04-12 22:00:00,1219.1582069211831
04-12 23:00:00,1210.6007700527935
04-13 00:00:00,1198.6807138790107
04-13 01:00:00,1230.654697029629
04-13 02:00:00,1241.7142176135621
04-13 03:00:00,1285.0823770358738
04-13 04:00:00,1299.3647465366043
04-13 05:00:00,1337.3548052184026
04-13 06:00:00,1319.0327222777287
04-13 07:00:00,1260.8234015632302
04-13 08:00:00,1126.1352337842889
04-13 09:00:00,1004.704847471268
04-13 10:00:00,982.5971038088309
04-13 11:00:00,918.6786453516959
04-13 12:00:00,855.9639159575771
04-13 13:00:00,853.1263754349361
04-13 14:00:00,946.3079421091405
04-13 15:00:00,938.4359026026896
04-13 16:00:00,895.0504532816344
04-13 17:00:00,940.778909760436
04-13 18:00:00,1025.6836357396157
04-13 19:00:00,1083.5409579172854
04-13 20:00:00,1129.2272919139177
04-13 21:00:00,1137.2431020418342
04-13 22:00:00,1154.3360321195257
04-13 23:00:00,1213.6085280212706
04-14 00:00:00,1279.9729725960408
04-14 01:00:00,1303.2184393282307
04-14 02:00:00,1340.359583698112
04-14 03:00:00,1383.1254875551122
04-14 04:00:00,1401.746709661578
04-14 05:00:00,1446.6367955393594
04-14 06:00:00,1382.3032355038656
04-14 07:00:00,1237.7623979653774
04-14 08:00:00,1099.0908636632062
04-14 09:00:00,975.7657954095141
04-14 10:00:00,895.7801698820706
04-14 11:00:00,825.8736238203959
04-14 12:00:00,790.7473280904692
04-14 13:00:00,743.0195011552787
04-14 14:00:00,775.4039617500226
04-14 15:00:00,780.1510119796578
04-14 16:00:00,802.9699727363057
04-14 17:00:00,861.9309444914425
04-14 18:00:00,942.8759175568407
04-14 19:00:00,1033.2357363158485
04-14 20:00:00,1067.8570356295752
04-14 21:00:00,1077.5372500282301
04-14 22:00:00,1107.5486271288835
04-14 23:00:00,1159.451847820732
04-15 00:00:00,1184.760908426927
04-15 01:00:00,1197.4416219867421
04-15 02:00:00,1222.1961278568829
04-15 03:00:00,1250.4760399503095
04-15 04:00:00,1236.6918859829718
04-15 05:00:00,1277.8125662386778
04-15 06:00:00,1244.8234476734478
04-15 07:00:00,1135.0547146479844
04-15 08:00:00,1068.3320636835313
04-15 09:00:00,1019.6597885804691
04-15 10:00:00,932.2203259622428
04-15 11:00:00,893.1451083888709
04-15 12:00:00,838.0907029247279
04-15 13:00:00,840.4226992125976
04-15 14:00:00,823.3756825202032
04-15 15:00:00,821.0218862656599
04-15 16:00:00,824.0938725373459
04-15 17:00:00,853.2644872798871
04-15 18:00:00,887.8972303222938
04-15 19:00:00,973.957450613007
04-15 20:00:00,1015.5014994179922
04-15 21:00:00,1064.4351889687512
04-15 22:00:00,1097.887336009379
04-15 23:00:00,1153.6880319938102
04-16 00:00:00,1227.0319043836557
04-16 01:00:00,1258.3792367512121
04-16 02:00:00,1283.7145731894461
04-16 03:00:00,1324.3201298416009
04-16 04:00:00,1345.4002050642002
04-16 05:00:00,1377.6456342695608
04-16 06:00:00,1323.5788770154459
04-16 07:00:00,1208.8847244801532
04-16 08:00:00,1083.845053469127
04-16 09:00:00,987.238507664093
04-16 10:00:00,890.144038975876
04-16 11:00:00,819.7174731644325
04-16 12:00:00,740.9369837853143
04-16 13:00:00,688.0517718287255
04-16 14:00:00,663.7139369546678
04-16 15:00:00,684.0714334188265
04-16 16:00:00,706.3638494800152
04-16 17:00:00,737.6740596386959
04-16 18:00:00,784.1479118498869
04-16 19:00:00,861.5823816986987
04-16 20:00:00,909.267189205051
04-16 21:00:00,973.0873288961502
04-16 22:00:00,1066.4664166259483
04-16 23:00:00,1131.66248381246
04-17 00:00:00,1170.1275263048447
04-17 01:00:00,1205.480060729697
04-17 02:00:00,1269.7319782646211
04-17 03:00:00,1318.9198699388398
04-17 04:00:00,1366.1030093025604
04-17 05:00:00,1390.3497302714252
04-17 06:00:00,1332.544282560303
04-17 07:00:00,1261.7752246862133
04-17 08:00:00,1114.2908444073216
04-17 09:00:00,991.86134542179
04-17 10:00:00,882.8338805540438
04-17 11:00:00,776.6378692729832
04-17 12:00:00,698.4220389980072
04-17 13:00:00,664.3289448512821
04-17 14:00:00,680.3729872311179
04-17 15:00:00,705.8711161603725
04-17 16:00:00,731.9580443621616
04-17 17:00:00,755.5890643528052
04-17 18:00:00,795.5577035712018
04-17 19:00:00,824.6179751211847
04-17 20:00:00,837.8156819751083
04-17 21:00:00,865.9026519103684
04-17 22:00:00,860.0502342163156
04-17 23:00:00,869.6432527666486
04-18 00:00:00,894.7440142501579
04-18 01:00:00,919.2149845090744
04-18 02:00:00,955.1698869322931
04-18 03:00:00,974.4395576908762
04-18 04:00:00,982.0384489419148
04-18 05:00:00,996.2546605958354
04-18 06:00:00,986.0622490873413
04-18 07:00:00,955.7496559337727
04-18 08:00:00,910.252924063541
04-18 09:00:00,860.9183089257006
04-18 10:00:00,801.9566063562073
04-18 11:00:00,713.2457991350734
04-18 12:00:00,670.6710268893261
04-18 13:00:00,661.1661518722283
04-18 14:00:00,671.0413909252997
04-18 15:00:00,679.0042789517162
04-18 16:00:00,715.4286193820785
04-18 17:00:00,740.6811705139985
04-18 18:00:00,766.7305263361985
04-18 19:00:00,797.0497747919322
04-18 20:00:00,820.4128042700833
04-18 21:00:00,861.234714934973
04-18 22:00:00,947.0791678257282
04-18 23:00:00,1017.7283796871568
04-19 00:00:00,1041.2248602220488
04-19 01:00:00,1050.4029824243132
04-19 02:00:00,1066.2039720323287
04-19 03:00:00,1024.7040890734615
04-19 04:00:00,1045.09788439897
04-19 05:00:00,1048.3287397102322
04-19 06:00:00,1025.692866719681
04-19 07:00:00,991.6895403488255
04-19 08:00:00,867.6659378725462
04-19 09:00:00,748.9567069480845
04-19 10:00:00,634.3852512838216
04-19 11:00:00,546.8877582520862
04-19 12:00:00,516.268506552815
04-19 13:00:00,494.1326528738862
04-19 14:00:00,490.5055753757709
04-19 15:00:00,475.30337257358025
04-19 16:00:00,478.1557540686638
04-19 17:00:00,504.89966914415663
04-19 18:00:00,556.4094580101091
04-19 19:00:00,657.8004689088415
04-19 20:00:00,693.5830799378175
04-19 21:00:00,718.3340983973834
04-19 22:00:00,812.4396804472539
04-19 23:00:00,880.9420381736435
04-20 00:00:00,914.6446467667322
04-20 01:00:00,963.8016945751103
04-20 02:00:00,987.3638217328174
04-20 03:00:00,1039.5435121894623
04-20 04:00:00,1037.6168744222598
04-20 05:00:00,1098.8950821589158
04-20 06:00:00,1034.3407118116895
04-20 07:00:00,873.7847963318619
04-20 08:00:00,735.1271810670443
04-20 09:00:00,617.5018306101455
04-20 10:00:00,509.8750145115503
04-20 11:00:00,416.33150926814216
04-20 12:00:00,356.26656517087594
04-20 13:00:00,311.92052952655905
04-20 14:00:00,289.9025684894556
04-20 15:00:00,315.9480059001315
04-20 16:00:00,322.3883045339926
04-20 17:00:00,335.1701011996288
04-20 18:00:00,400.11496030908836
04-20 19:00:00,517.3581373641908
04-20 20:00:00,590.9234999431435
04-20 21:00:00,681.6844648219283
04-20 22:00:00,725.8221428916206
04-20 23:00:00,786.9656666306935
04-21 00:00:00,818.6048408241958
04-21 01:00:00,857.6164734172296
04-21 02:00:00,872.6702473120382
04-21 03:00:00,889.3982708252345
04-21 04:00:00,935.1956959708749
04-21 05:00:00,944.2157758015403
04-21 06:00:00,878.9897704625711
04-21 07:00:00,742.3596140001969
04-21 08:00:00,629.7393788763113
04-21 09:00:00,519.8423443469603
04-21 10:00:00,390.2733324261372
04-21 11:00:00,306.94558347225234
04-21 12:00:00,249.9786802296903
04-21 13:00:00,205.2822208060034
04-21 14:00:00,172.15029550304084
04-21 15:00:00,164.26551522694132
04-21 16:00:00,222.260854116829
04-21 17:00:00,290.1664796680152
04-21 18:00:00,328.66327879391906
04-21 19:00:00,428.7762131097503
04-21 20:00:00,469.6842897678648
04-21 21:00:00,504.64819358147156
04-21 22:00:00,570.6893802788104
04-21 23:00:00,632.0760506658974
04-22 00:00:00,683.7610870846992
04-22 01:00:00,719.34136108056
04-22 02:00:00,783.7573742762613
04-22 03:00:00,770.3118345764133
04-22 04:00:00,779.9239313676986
04-22 05:00:00,815.3969537769177
04-22 06:00:00,782.7016454932593
04-22 07:00:00,698.361743120107
04-22 08:00:00,581.2087917489097
04-22 09:00:00,428.4617835489777
04-22 10:00:00,364.06375895156873
04-22 11:00:00,316.24599772253293
04-22 12:00:00,249.88894562660832
04-22 13:00:00,329.0036704267607
04-22 14:00:00,300.1611537157092
04-22 15:00:00,314.3449358746536
04-22 16:00:00,419.40545329703764
04-22 17:00:00,437.8932522659689
04-22 18:00:00,467.9961362239147
04-22 19:00:00,504.5952064063797
04-22 20:00:00,552.402699330681
04-22 21:00:00,600.5147184363353
04-22 22:00:00,617.6662550814316
04-22 23:00:00,659.3806519157082
04-23 00:00:00,712.4430537137074
04-23 01:00:00,791.1004545612954
04-23 02:00:00,842.0850933275952
04-23 03:00:00,903.6850255937776
04-23 04:00:00,947.2266101694231
04-23 05:00:00,972.7081208592529
04-23 06:00:00,907.9385554382277
04-23 07:00:00,782.6957779303305
04-23 08:00:00,668.2006464082424
04-23 09:00:00,553.510860424483
04-23 10:00:00,445.1531848105435
04-23 11:00:00,342.44996966991675
04-23 12:00:00,264.9877110626399
04-23 13:00:00,202.89640257556178
04-23 14:00:00,159.7361020103798
04-23 15:00:00,148.15435151424654
04-23 16:00:00,166.1573901624769
04-23 17:00:00,210.08573184502924
04-23 18:00:00,288.3433727726602
04-23 19:00:00,398.3050421303776
04-23 20:00:00,475.6548041954537
04-23 21:00:00,545.6730893155792
04-23 22:00:00,640.8965282693972
04-23 23:00:00,696.461709705785
04-24 00:00:00,731.6242415713914
04-24 01:00:00,764.0423996344431
04-24 02:00:00,793.7172958932838
04-24 03:00:00,818.0076033916777
04-24 04:00:00,858.9326873569019
04-24 05:00:00,867.1192307795715
04-24 06:00:00,786.4300193528526
04-24 07:00:00,654.6690344374766
04-24 08:00:00,546.1832080368715
04-24 09:00:00,421.3909162382974
04-24 10:00:00,319.1876330623833
04-24 11:00:00,227.8445809364323
04-24 12:00:00,160.19059632875764
04-24 13:00:00,86.39220972362672
04-24 14:00:00,50.45193235315367
04-24 15:00:00,35.24049268959577
04-24 16:00:00,35.287284303337586
04-24 17:00:00,50.7799426623717
04-24 18:00:00,147.04542914854193
04-24 19:00:00,256.39312479662783
04-24 20:00:00,348.3355382367564
04-24 21:00:00,420.23026410584833
04-24 22:00:00,456.47153283036704
04-24 23:00:00,496.1522918679068
04-25 00:00:00,545.6759707610535
04-25 01:00:00,582.9225051916501
04-25 02:00:00,614.7263398821962
04-25 03:00:00,684.3194224965382
04-25 04:00:00,713.3859297364835
04-25 05:00:00,702.2567183210257
04-25 06:00:00,655.7117695421782
04-25 07:00:00,622.9930814343328
04-25 08:00:00,525.4115305966827
04-25 09:00:00,438.86407572008704
04-25 10:00:00,330.9527799027122
04-25 11:00:00,232.59316700652573
04-25 12:00:00,166.1151950956942
04-25 13:00:00,113.9290889957151
04-25 14:00:00,90.29002013697144
04-25 15:00:00,87.04724191609984
04-25 16:00:00,96.32804724740092
04-25 17:00:00,146.3779647190089
04-25 18:00:00,245.16239645384053
04-25 19:00:00,335.4392292514251
04-25 20:00:00,400.65149215659767
04-25 21:00:00,444.9844704280464
04-25 22:00:00,502.88808408261355
04-25 23:00:00,563.7612565744992
04-26 00:00:00,603.6240533810668
04-26 01:00:00,650.3870529764757
04-26 02:00:00,718.4904172897026
04-26 03:00:00,775.6315075798411
04-26 04:00:00,819.5490768900119
04-26 05:00:00,834.7955515755211
04-26 06:00:00,781.228559646084
04-26 07:00:00,704.2717435567808
04-26 08:00:00,638.82904308173
04-26 09:00:00,561.3906929546336
04-26 10:00:00,501.64197616926697
04-26 11:00:00,420.9934742758884
04-26 12:00:00,327.55079583678196
04-26 13:00:00,282.03848728641213
04-26 14:00:00,229.6145516319842
04-26 15:00:00,189.5831464878793
04-26 16:00:00,178.12692471977272
04-26 17:00:00,219.15787334244303
04-26 18:00:00,300.39365568039386
04-26 19:00:00,391.70206472163153
04-26 20:00:00,474.4686099066781
04-26 21:00:00,515.3040215876033
04-26 22:00:00,582.6106095368827
04-26 23:00:00,646.879974372403
04-27 00:00:00,690.8356976542732
04-27 01:00:00,776.7413167853364
04-27 02:00:00,824.2163535135345
04-27 03:00:00,856.0805095310922
04-27 04:00:00,910.0324279600721
04-27 05:00:00,906.9536722825823
04-27 06:00:00,830.8610821311822
04-27 07:00:00,721.020148697918
04-27 08:00:00,630.046949853085
04-27 09:00:00,542.7260446213154
04-27 10:00:00,442.96412047221895
04-27 11:00:00,357.48406161535513
04-27 12:00:00,296.97371249484587
04-27 13:00:00,202.16192017929097
04-27 14:00:00,162.78904999600638
04-27 15:00:00,137.96086754741515
04-27 16:00:00,133.56468557277913
04-27 17:00:00,166.70503476677996
04-27 18:00:00,229.41652862884072
04-27 19:00:00,286.1360713041836
04-27 20:00:00,340.4438743170995
04-27 21:00:00,386.96461993554936
04-27 22:00:00,394.14244485897893
04-27 23:00:00,484.2219098677787
04-28 00:00:00,530.1644472460048
04-28 01:00:00,517.8859030539153
04-28 02:00:00,517.5249041485591
04-28 03:00:00,528.0278250281034
04-28 04:00:00,533.6045755487494
04-28 05:00:00,559.6745397575006
04-28 06:00:00,541.2745789402588
04-28 07:00:00,496.14314254931423
04-28 08:00:00,473.8646199091303
04-28 09:00:00,383.7719359301756
04-28 10:00:00,286.3116804301059
04-28 11:00:00,203.19276423824545
04-28 12:00:00,157.31113528924098
04-28 13:00:00,100.76631898005832
04-28 14:00:00,70.84184728677667
04-28 15:00:00,57.51316080064192
04-28 16:00:00,93.9688406139216
04-28 17:00:00,127.55214906477195
04-28 18:00:00,185.8560377584603
04-28 19:00:00,254.5543200807788
04-28 20:00:00,336.6996762660771
04-28 21:00:00,399.3347050836004
04-28 22:00:00,466.5552889281548
04-28 23:00:00,483.6736924225213
04-29 00:00:00,514.970710816627
04-29 01:00:00,499.2236616005165
04-29 02:00:00,491.4643754834123
04-29 03:00:00,495.5724776034234
04-29 04:00:00,568.288101412831
04-29 05:00:00,637.8286645187845
04-29 06:00:00,663.501439664373
04-29 07:00:00,647.9694848272608
04-29 08:00:00,588.8081178685283
04-29 09:00:00,545.4170782059821
04-29 10:00:00,510.69845624117886
04-29 11:00:00,510.90023181225024
04-29 12:00:00,495.7571007358838
04-29 13:00:00,439.4481268125207
04-29 14:00:00,439.0504529430146
04-29 15:00:00,428.24931199968546
04-29 16:00:00,439.0669750803326
04-29 17:00:00,514.2035872402553
04-29 18:00:00,547.6806250603007
04-29 19:00:00,572.2239908559517
04-29 20:00:00,597.1452736934664
04-29 21:00:00,600.9102157235224
04-29 22:00:00,630.7044343952707
04-29 23:00:00,638.5370865975627
04-30 00:00:00,635.6326601061713
04-30 01:00:00,649.9469200136134
04-30 02:00:00,696.7749282710813
04-30 03:00:00,707.0253149737273
04-30 04:00:00,697.7101298669234
04-30 05:00:00,720.9383071843563
04-30 06:00:00,661.3509842785195
04-30 07:00:00,556.6816772743398
04-30 08:00:00,479.1046138331652
04-30 09:00:00,391.9952737118203
04-30 10:00:00,308.86241350219325
04-30 11:00:00,248.9386266861861
04-30 12:00:00,215.1372433282191
04-30 13:00:00,321.0934324703283
04-30 14:00:00,455.11780545299246
04-30 15:00:00,528.3317116506597
04-30 16:00:00,577.4040959858429
04-30 17:00:00,605.7312399546747
04-30 18:00:00,676.0191200738335
04-30 19:00:00,719.1839443314637
04-30 20:00:00,760.3394033361232
04-30 21:00:00,775.5515455564889
04-30 22:00:00,777.2810873239084
04-30 23:00:00,779.2468060548499
05-01 00:00:00,783.1808561033716
05-01 01:00:00,782.3701689256876
05-01 02:00:00,783.947847599939
05-01 03:00:00,784.042095692678
05-01 04:00:00,780.9955958204895
05-01 05:00:00,767.0016894556275
05-01 06:00:00,758.7070715153448
05-01 07:00:00,756.1420225993443
05-01 08:00:00,731.1267217240166
05-01 09:00:00,692.1054650787539
05-01 10:00:00,678.755923417373
05-01 11:00:00,677.4051607457966
05-01 12:00:00,680.0391213556171
05-01 13:00:00,681.2199531709842
05-01 14:00:00,689.1337532190058
05-01 15:00:00,704.077809155221
05-01 16:00:00,699.8017471815274
05-01 17:00:00,700.0471609520346
05-01 18:00:00,733.4565636365727
05-01 19:00:00,767.6127697135973
05-01 20:00:00,796.4190308847718
05-01 21:00:00,839.1837270492242
05-01 22:00:00,892.7406044312136
05-01 23:00:00,925.1491519680578
05-02 00:00:00,942.7933380794332
05-02 01:00:00,955.33528924728
05-02 02:00:00,964.9576019239937
05-02 03:00:00,970.0676625375155
05-02 04:00:00,992.7794280138354
05-02 05:00:00,1000.8400543033101
05-02 06:00:00,991.969850352385
05-02 07:00:00,976.917658308441
05-02 08:00:00,939.6706755493059
05-02 09:00:00,903.4199928440846
05-02 10:00:00,869.724901645116
05-02 11:00:00,814.0942695150186
05-02 12:00:00,755.2090802342756
05-02 13:00:00,644.2770081859603
05-02 14:00:00,716.1657037658975
05-02 15:00:00,849.6349133366248
05-02 16:00:00,815.6497865998587
05-02 17:00:00,833.2697984358318
05-02 18:00:00,847.5992421232625
05-02 19:00:00,868.8331431916746
05-02 20:00:00,909.361970497708
05-02 21:00:00,920.7263955142897
05-02 22:00:00,924.6656297239655
05-02 23:00:00,953.4507057859938
05-03 00:00:00,957.6202103031067
05-03 01:00:00,947.9815206256798
05-03 02:00:00,970.9021734918507
05-03 03:00:00,993.2335004626309
05-03 04:00:00,1001.1103784525852
05-03 05:00:00,1027.2085602537445
05-03 06:00:00,970.7159443595006
05-03 07:00:00,822.312309924856
05-03 08:00:00,709.6179652150794
05-03 09:00:00,617.0756623183873
05-03 10:00:00,569.1744766263081
05-03 11:00:00,508.8885342045062
05-03 12:00:00,464.38010859523166
05-03 13:00:00,415.9584698821683
05-03 14:00:00,397.04589203960103
05-03 15:00:00,373.8301674011551
05-03 16:00:00,367.5007777262982
05-03 17:00:00,374.76429880219376
05-03 18:00:00,460.4998582294796
05-03 19:00:00,567.5627881678951
05-03 20:00:00,618.8010558069604
05-03 21:00:00,714.4803695804999
05-03 22:00:00,759.1317525925434
05-03 23:00:00,767.9502409616215
05-04 00:00:00,799.9823428716785
05-04 01:00:00,854.3149444959056
05-04 02:00:00,884.2807055763841
05-04 03:00:00,903.6146245062068
05-04 04:00:00,924.1075277507722
05-04 05:00:00,938.1710714591184
05-04 06:00:00,766.6886367954119
05-04 07:00:00,655.119348914966
05-04 08:00:00,546.1396074001954
05-04 09:00:00,413.6420426453342
05-04 10:00:00,329.8268731800987
05-04 11:00:00,270.4351647205526
05-04 12:00:00,171.62027569067152
05-04 13:00:00,135.2167836812052
05-04 14:00:00,131.3899583363807
05-04 15:00:00,151.48030940997327
05-04 16:00:00,184.7072876723214
05-04 17:00:00,221.02405403616356
05-04 18:00:00,252.44885201412768
05-04 19:00:00,250.88212768448545
05-04 20:00:00,400.4105716673262
05-04 21:00:00,458.7920242645786
05-04 22:00:00,498.71379984949795
05-04 23:00:00,523.8824927916794
05-05 00:00:00,519.7060131171322
05-05 01:00:00,510.84129787374513
05-05 02:00:00,510.702959458118
05-05 03:00:00,539.6429780594793
05-05 04:00:00,600.4039338304616
05-05 05:00:00,634.2619718423193
05-05 06:00:00,738.1301601598186
05-05 07:00:00,810.3528361648952
05-05 08:00:00,834.5770156506792
05-05 09:00:00,829.2749199336354
05-05 10:00:00,774.6581144868813
05-05 11:00:00,734.0430506708585
05-05 12:00:00,652.3064424862621
05-05 13:00:00,548.4662147198916
05-05 14:00:00,533.2341631497477
05-05 15:00:00,657.1100268427836
05-05 16:00:00,640.5588921719369
05-05 17:00:00,624.916798763695
05-05 18:00:00,653.7237549284122
05-05 19:00:00,682.4417165832194
05-05 20:00:00,735.6233179420127
05-05 21:00:00,746.5261673026065
05-05 22:00:00,759.1240930472405
05-05 23:00:00,809.0443846895646
05-06 00:00:00,849.8459235233544
05-06 01:00:00,930.1252265200595
05-06 02:00:00,905.6019533203012
05-06 03:00:00,876.6661167483119
05-06 04:00:00,854.6518460358895
05-06 05:00:00,861.6433789304252
05-06 06:00:00,800.6264909168098
05-06 07:00:00,704.1283481255022
05-06 08:00:00,622.9752776097031
05-06 09:00:00,540.7896664342063
05-06 10:00:00,535.6599182913556
05-06 11:00:00,551.7204702356559
05-06 12:00:00,571.8904044780936
05-06 13:00:00,638.5814686485197
05-06 14:00:00,692.0646228164253
05-06 15:00:00,711.6761907988662
05-06 16:00:00,721.2911608458172
05-06 17:00:00,727.2922383689679
05-06 18:00:00,733.0448193242418
05-06 19:00:00,700.3717483125536
05-06 20:00:00,548.375809176116
05-06 21:00:00,511.39891573964496
05-06 22:00:00,613.5137284089698
05-06 23:00:00,553.4691693617871
05-07 00:00:00,522.7763996639361
05-07 01:00:00,545.1216811087193
05-07 02:00:00,582.0030725749872
05-07 03:00:00,591.8810642660171
05-07 04:00:00,580.9832116035215
05-07 05:00:00,612.5825976240824
05-07 06:00:00,635.1098387460618
05-07 07:00:00,589.0849063328595
05-07 08:00:00,497.74627240390276
05-07 09:00:00,745.9546308730785
05-07 10:00:00,768.1747375400413
05-07 11:00:00,755.8786867531022
05-07 12:00:00,746.9682029003455
05-07 13:00:00,770.0136825448785
05-07 14:00:00,744.5582786304976
05-07 15:00:00,572.3305617006542
05-07 16:00:00,560.0988404753679
05-07 17:00:00,568.7098911774132
05-07 18:00:00,637.4009427513655
05-07 19:00:00,714.759295146393
05-07 20:00:00,757.0456452249964
05-07 21:00:00,806.3732933860636
05-07 22:00:00,855.9140339518024
05-07 23:00:00,904.2350549464145
05-08 00:00:00,960.5530311298614
05-08 01:00:00,985.1329252008541
05-08 02:00:00,970.8043354275361
05-08 03:00:00,1001.3661541962651
05-08 04:00:00,999.1991096193291
05-08 05:00:00,965.2616336515158
05-08 06:00:00,842.4045461595177
05-08 07:00:00,692.0155586095678
05-08 08:00:00,609.7525456941282
05-08 09:00:00,491.7073171120461
05-08 10:00:00,369.983581574677
05-08 11:00:00,283.95274058778585
05-08 12:00:00,204.38320355204067
05-08 13:00:00,148.92930748229796
05-08 14:00:00,102.83702383260608
05-08 15:00:00,73.91952489679788
05-08 16:00:00,76.68203317691373
05-08 17:00:00,75.53874109100781
05-08 18:00:00,176.83096915621388
05-08 19:00:00,233.59774775685568
05-08 20:00:00,290.26282721760947
05-08 21:00:00,379.183554577998
05-08 22:00:00,439.03345294321093
05-08 23:00:00,464.822564895051
05-09 00:00:00,481.7658587544955
05-09 01:00:00,483.7300851689279
05-09 02:00:00,466.5605737247572
05-09 03:00:00,479.4520298293804
05-09 04:00:00,515.0664513151502
05-09 05:00:00,488.86866338915934
05-09 06:00:00,388.4249616119779
05-09 07:00:00,250.37771493613664
05-09 08:00:00,149.54790254853773
05-09 09:00:00,65.4477225719823
05-09 10:00:00,4.641766211139745
05-09 11:00:00,4.380357701484357
05-09 12:00:00,4.058262089124109
05-09 13:00:00,3.9308587585385997
05-09 14:00:00,4.122269963131764
05-09 15:00:00,4.445396896641254
05-09 16:00:00,4.773728679115817
05-09 17:00:00,5.107346529088494
05-09 18:00:00,5.583449083946185
05-09 19:00:00,6.282304546698967
05-09 20:00:00,15.984950597355532
05-09 21:00:00,113.0333549539715
05-09 22:00:00,143.98528747717452
05-09 23:00:00,111.53353551361278
05-10 00:00:00,72.15764796181882
05-10 01:00:00,11.56393806103902
05-10 02:00:00,24.397320072698477
05-10 03:00:00,24.324598042294888
05-10 04:00:00,27.77157481297888
05-10 05:00:00,31.95023179044275
05-10 06:00:00,32.207617877948316
05-10 07:00:00,12.724155853324351
05-10 08:00:00,6.424768766064458
05-10 09:00:00,6.211412181069459
05-10 10:00:00,6.282304546698967
05-10 11:00:00,6.424768766064458
05-10 12:00:00,49.64234844061515
05-10 13:00:00,83.37111701305207
05-10 14:00:00,106.70787091080919
05-10 15:00:00,135.96892011680734
05-10 16:00:00,144.79001905937585
05-10 17:00:00,162.51742319721612
05-10 18:00:00,191.97293489085524
05-10 19:00:00,242.2366595171634
05-10 20:00:00,283.69305917656067
05-10 21:00:00,307.69176257958395
05-10 22:00:00,331.919158121321
05-10 23:00:00,364.37182338953335
05-11 00:00:00,415.41214957117177
05-11 01:00:00,453.3294220746178
05-11 02:00:00,493.7020297144691
05-11 03:00:00,465.4315913152271
05-11 04:00:00,471.96657297556357
05-11 05:00:00,466.7297141163909
05-11 06:00:00,472.81252427097166
05-11 07:00:00,435.65919855839803
05-11 08:00:00,376.91793685297495
05-11 09:00:00,323.0359498958265
05-11 10:00:00,292.7195628190734
05-11 11:00:00,240.12083864910684
05-11 12:00:00,335.5986174807537
05-11 13:00:00,446.4715667610971
05-11 14:00:00,470.2271869488036
05-11 15:00:00,476.4590192671013
05-11 16:00:00,515.1108919314175
05-11 17:00:00,529.223957391169
05-11 18:00:00,550.9496995349548
05-11 19:00:00,574.8276120566969
05-11 20:00:00,594.0935033621487
05-11 21:00:00,606.9952260728925
05-11 22:00:00,630.7169202242178
05-11 23:00:00,667.9123253809356
05-12 00:00:00,670.6090443910929
05-12 01:00:00,684.3132544380604
05-12 02:00:00,684.768060912186
05-12 03:00:00,670.700117822411
05-12 04:00:00,676.2243242616522
05-12 05:00:00,685.1870715336343
05-12 06:00:00,721.5167129165773
05-12 07:00:00,725.2123554563293
05-12 08:00:00,700.2181559664594
05-12 09:00:00,673.344281186475
05-12 10:00:00,607.9595270494276
05-12 11:00:00,541.4455764972624
05-12 12:00:00,443.7886021679917
05-12 13:00:00,379.6904691256809
05-12 14:00:00,348.89795835690484
05-12 15:00:00,318.5017616166091
05-12 16:00:00,371.47954380431645
05-12 17:00:00,412.9458583245543
05-12 18:00:00,446.20406548541916
05-12 19:00:00,501.0626253784835
05-12 20:00:00,542.2894166204895
05-12 21:00:00,564.2024288732575
05-12 22:00:00,632.2184974273825
05-12 23:00:00,694.8606236515792
05-13 00:00:00,734.5668433198299
05-13 01:00:00,765.9732686336743
05-13 02:00:00,794.8768638806366
05-13 03:00:00,833.581381796056
05-13 04:00:00,850.8577577259158
05-13 05:00:00,819.7628891846366
05-13 06:00:00,732.8969098097227
05-13 07:00:00,623.6885350308406
05-13 08:00:00,553.9161265752796
05-13 09:00:00,515.015384012804
05-13 10:00:00,452.42747055538456
05-13 11:00:00,420.0271497527871
05-13 12:00:00,604.6971267919745
05-13 13:00:00,647.2738816704046
05-13 14:00:00,595.0608985566892
05-13 15:00:00,542.9436458301335
05-13 16:00:00,500.4399346993879
05-13 17:00:00,477.7600185606226
05-13 18:00:00,495.582484560446
05-13 19:00:00,577.6784899120847
05-13 20:00:00,637.3863897276312
05-13 21:00:00,656.468855357953
05-13 22:00:00,696.2999165064394
05-13 23:00:00,694.8229854208774
05-14 00:00:00,775.1581419428626
05-14 01:00:00,818.9830710940671
05-14 02:00:00,833.7418370223197
05-14 03:00:00,859.6012312044775
05-14 04:00:00,905.2554053674926
05-14 05:00:00,857.3150440729571
05-14 06:00:00,806.7240350071374
05-14 07:00:00,674.5370255976862
05-14 08:00:00,506.8105687069223
05-14 09:00:00,404.2477957917053
05-14 10:00:00,332.7319594762787
05-14 11:00:00,269.2479948491508
05-14 12:00:00,226.4480233492263
05-14 13:00:00,194.7883363770191
05-14 14:00:00,196.21644773721601
05-14 15:00:00,151.94463138182266
05-14 16:00:00,256.103659278529
05-14 17:00:00,371.346849943208
05-14 18:00:00,436.06029664921215
05-14 19:00:00,492.97030927806986
05-14 20:00:00,566.2031985637364
05-14 21:00:00,622.2680556316296
05-14 22:00:00,651.1794009459826
05-14 23:00:00,677.065890284583
05-15 00:00:00,714.7024026906466
05-15 01:00:00,741.2327791685665
05-15 02:00:00,737.323719521094
05-15 03:00:00,763.8381444792645
05-15 04:00:00,804.1898866976564
05-15 05:00:00,817.4509298717122
05-15 06:00:00,695.4876725918324
05-15 07:00:00,602.5945958886643
05-15 08:00:00,508.21524558228106
05-15 09:00:00,415.35514143058725
05-15 10:00:00,345.89196917786575
05-15 11:00:00,320.30105884895414
05-15 12:00:00,310.5038649993987
05-15 13:00:00,348.19396451376116
05-15 14:00:00,373.1032308095021
05-15 15:00:00,459.2030648148066
05-15 16:00:00,534.0690017381547
05-15 17:00:00,596.8805273290253
05-15 18:00:00,628.2839735685766
05-15 19:00:00,645.251167938189
05-15 20:00:00,660.0365126559891
05-15 21:00:00,677.742696206084
05-15 22:00:00,705.7600995476374
05-15 23:00:00,712.3298297787885
05-16 00:00:00,734.3246500031474
05-16 01:00:00,758.2492064409583
05-16 02:00:00,772.9993388635186
05-16 03:00:00,816.4771611225536
05-16 04:00:00,856.5661948210709
05-16 05:00:00,790.7423494508093
05-16 06:00:00,727.0256167107566
05-16 07:00:00,667.89140377188
05-16 08:00:00,585.1451202323698
05-16 09:00:00,492.75401463610405
05-16 10:00:00,416.8394953052331
05-16 11:00:00,386.912287637601
05-16 12:00:00,456.26110091303076
05-16 13:00:00,413.49386913083436
05-16 14:00:00,480.77825450670144
05-16 15:00:00,559.6126733548728
05-16 16:00:00,560.1603587709775
05-16 17:00:00,535.605163245647
05-16 18:00:00,555.2903403407947
05-16 19:00:00,585.2862729602867
05-16 20:00:00,517.7406890463949
05-16 21:00:00,534.6361007222167
05-16 22:00:00,606.9831235635289
05-16 23:00:00,600.5320934952977
05-17 00:00:00,623.9121381649179
05-17 01:00:00,660.1453420363582
05-17 02:00:00,696.426233713779
05-17 03:00:00,671.6897028091688
05-17 04:00:00,698.1992619204761
05-17 05:00:00,699.3458024593615
05-17 06:00:00,711.0221171145284
05-17 07:00:00,664.0442718561063
05-17 08:00:00,619.92154408356
05-17 09:00:00,563.6623533119978
05-17 10:00:00,496.5406413021521
05-17 11:00:00,402.63777481039835
05-17 12:00:00,351.00366879627575
05-17 13:00:00,308.786220203692
05-17 14:00:00,298.37098423390626
05-17 15:00:00,387.8918730340323
05-17 16:00:00,326.6222138084059
05-17 17:00:00,370.53055837140374
05-17 18:00:00,403.9824323084538
05-17 19:00:00,441.50972117593653
05-17 20:00:00,465.76522817373694
05-17 21:00:00,469.94107793680485
05-17 22:00:00,563.9688001691071
05-17 23:00:00,623.2276465060255
05-18 00:00:00,660.5083809210809
05-18 01:00:00,661.417998279671
05-18 02:00:00,695.9853890933447
05-18 03:00:00,704.0288203635993
05-18 04:00:00,705.538262100388
05-18 05:00:00,702.1502520634047
05-18 06:00:00,676.7885096283597
05-18 07:00:00,654.1393618633339
05-18 08:00:00,603.6655086133359
05-18 09:00:00,555.0055049194453
05-18 10:00:00,606.4142274087335
05-18 11:00:00,540.3611209707863
05-18 12:00:00,470.4953363857305
05-18 13:00:00,451.90800778310177
05-18 14:00:00,403.36387594914277
05-18 15:00:00,372.88976303033724
05-18 16:00:00,347.49242498437786
05-18 17:00:00,325.8017522666476
05-18 18:00:00,406.82824690856796
05-18 19:00:00,552.1095455651079
05-18 20:00:00,563.4138580526252
05-18 21:00:00,615.6313009074613
05-18 22:00:00,684.3641549064216
05-18 23:00:00,776.414923552738
05-19 00:00:00,788.2711383043998
05-19 01:00:00,799.1234210100828
05-19 02:00:00,812.7720707563534
05-19 03:00:00,813.6052874717712
05-19 04:00:00,819.7288338512185
05-19 05:00:00,807.7461495746835
05-19 06:00:00,788.0492165356037
05-19 07:00:00,766.8763149437617
05-19 08:00:00,716.3022709749703
05-19 09:00:00,679.5295095668497
05-19 10:00:00,590.1992693152309
05-19 11:00:00,573.8989346460326
05-19 12:00:00,732.8435895709648
05-19 13:00:00,574.2497959922998
05-19 14:00:00,459.01372111700624
05-19 15:00:00,566.439863297558
05-19 16:00:00,601.5465949766484
05-19 17:00:00,593.3218841599241
05-19 18:00:00,627.2249657630832
05-19 19:00:00,694.7437180545469
05-19 20:00:00,759.3258957049854
05-19 21:00:00,790.415895936212
05-19 22:00:00,799.516022554174
05-19 23:00:00,785.1886429521197
05-20 00:00:00,783.7328007112487
05-20 01:00:00,789.5731226752087
05-20 02:00:00,814.2213891860891
05-20 03:00:00,814.7421206047023
05-20 04:00:00,803.801981899183
05-20 05:00:00,789.6919128435261
05-20 06:00:00,774.250377642173
05-20 07:00:00,746.5251417715386
05-20 08:00:00,713.689251879957
05-20 09:00:00,692.3082699141667
05-20 10:00:00,626.4781052030417
05-20 11:00:00,547.548311535587
05-20 12:00:00,447.55769908726876
05-20 13:00:00,417.5847010390772
05-20 14:00:00,377.45452093258064
05-20 15:00:00,334.0764559973203
05-20 16:00:00,314.9012049192032
05-20 17:00:00,315.0921439242794
05-20 18:00:00,375.090851114224
05-20 19:00:00,467.47183268100116
05-20 20:00:00,496.311321341876
05-20 21:00:00,537.7802279756706
05-20 22:00:00,599.8890843744956
05-20 23:00:00,620.3283807105229
05-21 00:00:00,641.4618439991727
05-21 01:00:00,664.4407866197196
05-21 02:00:00,645.7089889726597
05-21 03:00:00,643.2982533007316
05-21 04:00:00,634.637048932372
05-21 05:00:00,641.9503689683155
05-21 06:00:00,583.4397642414168
05-21 07:00:00,526.1756726799786
05-21 08:00:00,468.558813056371
05-21 09:00:00,470.0273030231228
05-21 10:00:00,497.14226874443614
05-21 11:00:00,497.8381527163638
05-21 12:00:00,488.61143546852827
05-21 13:00:00,457.6587824100362
05-21 14:00:00,459.4552980211821
05-21 15:00:00,440.70834316413845
05-21 16:00:00,475.2512759905374
05-21 17:00:00,535.4779423458281
05-21 18:00:00,566.6654325759383
05-21 19:00:00,585.5773259155475
05-21 20:00:00,610.3231548802444
05-21 21:00:00,669.7260155163904
05-21 22:00:00,718.5781675261974
05-21 23:00:00,752.4082261488492
05-22 00:00:00,798.6681971592634
05-22 01:00:00,771.5438230687915
05-22 02:00:00,780.7633901132067
05-22 03:00:00,785.1421817435623
05-22 04:00:00,809.9044032921267
05-22 05:00:00,828.5767089931145
05-22 06:00:00,779.3674373116113
05-22 07:00:00,704.2772102588502
05-22 08:00:00,609.3520755521913
05-22 09:00:00,493.46235469557365
05-22 10:00:00,408.39218952634997
05-22 11:00:00,350.41850028095627
05-22 12:00:00,304.5145316700893
05-22 13:00:00,285.10025092755546
05-22 14:00:00,244.82867875554814
05-22 15:00:00,224.44955590048193
05-22 16:00:00,211.37341493385742
05-22 17:00:00,216.6178289879006
05-22 18:00:00,248.12182200754017
05-22 19:00:00,337.59791199017263
05-22 20:00:00,401.8650693721105
05-22 21:00:00,452.03728888553354
05-22 22:00:00,533.2700013912885
05-22 23:00:00,549.0251136175953
05-23 00:00:00,553.5353704779671
05-23 01:00:00,679.3137130868822
05-23 02:00:00,750.6470570465335
05-23 03:00:00,785.685671493221
05-23 04:00:00,808.1412200858193
05-23 05:00:00,770.2044919953979
05-23 06:00:00,767.7536046946515
05-23 07:00:00,712.8930636287051
05-23 08:00:00,616.8040002403374
05-23 09:00:00,512.1146699167791
05-23 10:00:00,438.9641874744155
05-23 11:00:00,435.0061770530035
05-23 12:00:00,427.3697744558822
05-23 13:00:00,335.4503732564851
05-23 14:00:00,268.129016415383
05-23 15:00:00,233.58239244127
05-23 16:00:00,220.33634961470304
05-23 17:00:00,229.7973886254664
05-23 18:00:00,319.3564954379812
05-23 19:00:00,400.3830136916304
05-23 20:00:00,429.6510163074535
05-23 21:00:00,493.3012454049688
05-23 22:00:00,528.4105561411799
05-23 23:00:00,595.3255768870048
05-24 00:00:00,629.2909181844807
05-24 01:00:00,644.6440422183837
05-24 02:00:00,638.9651184799544
05-24 03:00:00,662.9777339286464
05-24 04:00:00,677.6411914846872
05-24 05:00:00,681.578659367657
05-24 06:00:00,632.4004018379156
05-24 07:00:00,546.9857516759881
05-24 08:00:00,541.0429435134901
05-24 09:00:00,470.0689629444507
05-24 10:00:00,416.9224711442294
05-24 11:00:00,344.63382750119905
05-24 12:00:00,304.9989441875469
05-24 13:00:00,343.48396774404
05-24 14:00:00,351.0312340705003
05-24 15:00:00,347.60816918518475
05-24 16:00:00,350.0649485712178
05-24 17:00:00,371.8762646165715
05-24 18:00:00,409.6640006299038
05-24 19:00:00,438.3856400176312
05-24 20:00:00,458.0724013684373
05-24 21:00:00,469.72481425679746
05-24 22:00:00,476.6540997153385
05-24 23:00:00,548.88761934666
05-25 00:00:00,566.8495447203858
05-25 01:00:00,638.4689175728689
05-25 02:00:00,657.6729938548541
05-25 03:00:00,646.447291477374
05-25 04:00:00,643.4610536792135
05-25 05:00:00,666.6683190151894
05-25 06:00:00,637.5652769979831
05-25 07:00:00,626.750968094636
05-25 08:00:00,602.4194729292701
05-25 09:00:00,560.0189455550641
05-25 10:00:00,465.51760384460607
05-25 11:00:00,418.50444592888425
05-25 12:00:00,346.28715990905584
05-25 13:00:00,334.81578660079447
05-25 14:00:00,310.092184629567
05-25 15:00:00,283.6383295581091
05-25 16:00:00,281.9342352861416
05-25 17:00:00,294.2150281246933
05-25 18:00:00,325.4694456893129
05-25 19:00:00,373.1288437471518
05-25 20:00:00,459.9712960970671
05-25 21:00:00,506.4123238183999
05-25 22:00:00,576.7429222838214
05-25 23:00:00,597.2645854465383
05-26 00:00:00,628.749084381835
05-26 01:00:00,673.81841350006
05-26 02:00:00,723.9462826753569
05-26 03:00:00,706.4931469026066
05-26 04:00:00,704.7938323664338
05-26 05:00:00,695.5951654484564
05-26 06:00:00,641.3360816408916
05-26 07:00:00,556.6157895366418
05-26 08:00:00,508.8248211835026
05-26 09:00:00,398.13667428576787
05-26 10:00:00,320.3862775272706
05-26 11:00:00,319.09674952380163
05-26 12:00:00,293.73517555936183
05-26 13:00:00,271.9951954314652
05-26 14:00:00,256.6780366445714
05-26 15:00:00,230.711237234744
05-26 16:00:00,265.91264237567435
05-26 17:00:00,318.62884645857224
05-26 18:00:00,378.633363662285
05-26 19:00:00,434.74986943413523
05-26 20:00:00,468.4520325503257
05-26 21:00:00,483.97977134195145
05-26 22:00:00,511.83115873649973
05-26 23:00:00,527.9072090964529
05-27 00:00:00,518.5443128558136
05-27 01:00:00,539.843244670867
05-27 02:00:00,535.6067120070516
05-27 03:00:00,589.1172344042383
05-27 04:00:00,662.7650590470691
05-27 05:00:00,683.7766704025844
05-27 06:00:00,689.4734397827992
05-27 07:00:00,665.1732222170643
05-27 08:00:00,667.7747294615635
05-27 09:00:00,684.0906867916186
05-27 10:00:00,669.071934605304
05-27 11:00:00,618.1839122007518
05-27 12:00:00,593.4399956090006
05-27 13:00:00,523.5767478298707
05-27 14:00:00,450.64292771114884
05-27 15:00:00,476.2440503112356
05-27 16:00:00,445.8906093219314
05-27 17:00:00,433.9873202568261
05-27 18:00:00,452.5659668223692
05-27 19:00:00,469.03089421042125
05-27 20:00:00,496.22425547882443
05-27 21:00:00,549.607585080038
05-27 22:00:00,603.8522827352334
05-27 23:00:00,658.1608181555818
05-28 00:00:00,705.8938535247089
05-28 01:00:00,754.4077060720492
05-28 02:00:00,781.9401626351848
05-28 03:00:00,811.7878098427357
05-28 04:00:00,825.6354151898571
05-28 05:00:00,753.4371339832044
05-28 06:00:00,641.4544436450578
05-28 07:00:00,526.5222024701241
05-28 08:00:00,434.87851339829245
05-28 09:00:00,333.05375810883726
05-28 10:00:00,238.68544548820392
05-28 11:00:00,162.2443008851686
05-28 12:00:00,97.15942240734604
05-28 13:00:00,51.484453432500416
05-28 14:00:00,33.02043072541431
05-28 15:00:00,18.17100661455486
05-28 16:00:00,23.34131010531814
05-28 17:00:00,30.282802494085992
05-28 18:00:00,85.11665705968475
05-28 19:00:00,201.2000913030337
05-28 20:00:00,273.7939011726777
05-28 21:00:00,325.4649782141964
05-28 22:00:00,350.40175235757744
05-28 23:00:00,360.3718404255016
05-29 00:00:00,394.7131917114516
05-29 01:00:00,419.7265797551625
05-29 02:00:00,457.22457437157544
05-29 03:00:00,500.7626956567914
05-29 04:00:00,518.2438508844873
05-29 05:00:00,504.59213647051854
05-29 06:00:00,440.28338422779507
05-29 07:00:00,412.23843691118407
05-29 08:00:00,346.9339902210588
05-29 09:00:00,294.43952536153193
05-29 10:00:00,274.24398229343063
05-29 11:00:00,220.47066074728613
05-29 12:00:00,160.9020807502631
05-29 13:00:00,143.43162691900972
05-29 14:00:00,158.69280190370344
05-29 15:00:00,111.2885598950673
05-29 16:00:00,81.63793080354233
05-29 17:00:00,90.51089250932692
05-29 18:00:00,133.37153296788182
05-29 19:00:00,231.9596603203066
05-29 20:00:00,337.12857950347006
05-29 21:00:00,393.0550517101891
05-29 22:00:00,419.08048862305964
05-29 23:00:00,447.4992032883496
05-30 00:00:00,494.82397951384166
05-30 01:00:00,579.3144248683169
05-30 02:00:00,643.3077345008419
05-30 03:00:00,675.7170134590122
05-30 04:00:00,703.5118134913891
05-30 05:00:00,669.3989109810275
05-30 06:00:00,564.8818786406079
05-30 07:00:00,449.848552626528
05-30 08:00:00,325.09282612784807
05-30 09:00:00,226.76190280411382
05-30 10:00:00,154.74417269745516
05-30 11:00:00,100.40687770655644
05-30 12:00:00,75.3129851867818
05-30 13:00:00,65.9598324415469
05-30 14:00:00,50.977172353250516
05-30 15:00:00,56.46693172853505
05-30 16:00:00,74.6061424001287
05-30 17:00:00,107.57578899258658
05-30 18:00:00,150.76494137605147
05-30 19:00:00,229.08390187328402
05-30 20:00:00,314.33194047088944
05-30 21:00:00,379.22046292207284
05-30 22:00:00,430.58978812944946
05-30 23:00:00,483.29294004408496
05-31 00:00:00,548.6895365622912
05-31 01:00:00,586.255186666875
05-31 02:00:00,654.7332804848535
05-31 03:00:00,700.7897837245628
05-31 04:00:00,715.8038871952014
05-31 05:00:00,661.797896158037
05-31 06:00:00,557.9882514294874
05-31 07:00:00,467.9246213142372
05-31 08:00:00,374.0332184257213
05-31 09:00:00,296.1510837661797
05-31 10:00:00,200.27330824994897
05-31 11:00:00,117.88958634318696
05-31 12:00:00,54.15226120642902
05-31 13:00:00,8.500069236252973
05-31 14:00:00,8.500069236252973
05-31 15:00:00,8.34824365082275
05-31 16:00:00,11.375517493193756
05-31 17:00:00,18.252529622368915
05-31 18:00:00,29.452932700842208
05-31 19:00:00,131.62387024941486
05-31 20:00:00,209.27566371343778
05-31 21:00:00,285.58781790184764
05-31 22:00:00,318.70444105289374
05-31 23:00:00,368.02071783912857
06-01 00:00:00,471.0929728036727
06-01 01:00:00,521.7410775275664
06-01 02:00:00,549.0530421189247
06-01 03:00:00,575.4608890035452
06-01 04:00:00,600.0535318281161
06-01 05:00:00,545.2914606100003
06-01 06:00:00,432.10848358402467
06-01 07:00:00,340.0786820358861
06-01 08:00:00,255.44311341833654
06-01 09:00:00,180.05571829812342
06-01 10:00:00,83.44888385166405
06-01 11:00:00,5.310088754879522
06-01 12:00:00,6.282304546698967
06-01 13:00:00,6.3534231768449505
06-01 14:00:00,6.070303474148158
06-01 15:00:00,5.930091535682745
06-01 16:00:00,5.652336026633103
06-01 17:00:00,5.7214430639013365
06-01 18:00:00,10.69728853383179
06-01 19:00:00,29.549021029085107
06-01 20:00:00,100.91139321441538
06-01 21:00:00,151.4047679038212
06-01 22:00:00,201.9817168584271
06-01 23:00:00,259.44260841151805
06-02 00:00:00,327.9072821521386
06-02 01:00:00,343.1186165431447
06-02 02:00:00,379.60154870514003
06-02 03:00:00,414.9887078845451
06-02 04:00:00,413.9942192127472
06-02 05:00:00,395.07554542454915
06-02 06:00:00,268.83883494723847
06-02 07:00:00,194.61449872592158
06-02 08:00:00,74.01706939130598
06-02 09:00:00,4.315526052320296
06-02 10:00:00,4.250901306499351
06-02 11:00:00,3.7412753252846267
06-02 12:00:00,3.2445266612036296
06-02 13:00:00,3.3675240311862273
06-02 14:00:00,3.5535026924956616
06-02 15:00:00,4.186482823140928
06-02 16:00:00,4.906536905427266
06-02 17:00:00,8.550913831100873
06-02 18:00:00,41.26025263627225
06-02 19:00:00,88.18881748070677
06-02 20:00:00,135.6033287835161
06-02 21:00:00,159.60804514142444
06-02 22:00:00,187.25914980416007
06-02 23:00:00,205.35896761040638
06-03 00:00:00,251.50873470036532
06-03 01:00:00,297.11021710659566
06-03 02:00:00,341.8940380893041
06-03 03:00:00,350.6606232604328
06-03 04:00:00,358.39307739493466
06-03 05:00:00,318.73186670089956
06-03 06:00:00,289.13797338863856
06-03 07:00:00,233.11398199883476
06-03 08:00:00,168.3228032733302
06-03 09:00:00,90.91518562525708
06-03 10:00:00,4.122269963131764
06-03 11:00:00,4.510644282211597
06-03 12:00:00,4.641766211139745
06-03 13:00:00,3.9308587585385997
06-03 14:00:00,4.641766211139745
06-03 15:00:00,4.445396896641254
06-03 16:00:00,4.250901306499351
06-03 17:00:00,4.641766211139745
06-03 18:00:00,4.445396896641254
06-03 19:00:00,4.773728679115817
06-03 20:00:00,16.9717814195447
06-03 21:00:00,25.09607106687521
06-03 22:00:00,61.8459472865262
06-03 23:00:00,82.69755684654278
06-04 00:00:00,106.99600788409506
06-04 01:00:00,124.17096100877188
06-04 02:00:00,143.9122106340817
06-04 03:00:00,217.99927200722266
06-04 04:00:00,216.17578631761964
06-04 05:00:00,202.1560066109407
06-04 06:00:00,126.43665186276984
06-04 07:00:00,75.89094928014177
06-04 08:00:00,12.861239018178674
06-04 09:00:00,9.362147675287092
06-04 10:00:00,6.446486013741194
06-04 11:00:00,4.773728679115817
06-04 12:00:00,3.061500938345947
06-04 13:00:00,3.000882013387704
06-04 14:00:00,3.9308587585385997
06-04 15:00:00,3.9308587585385997
06-04 16:00:00,4.058262089124109
06-04 17:00:00,4.707642052208492
06-04 18:00:00,4.707642052208492
06-04 19:00:00,12.95316632122957
06-04 20:00:00,25.016499034273107
06-04 21:00:00,57.243495960883344
06-04 22:00:00,77.45957885690555
06-04 23:00:00,139.14281597227566
06-05 00:00:00,222.75897147546937
06-05 01:00:00,249.23443303682404
06-05 02:00:00,260.2922593229613
06-05 03:00:00,273.5372920282293
06-05 04:00:00,295.1900392984677
06-05 05:00:00,302.80519221664554
06-05 06:00:00,242.1876527008215
06-05 07:00:00,193.62551110605207
06-05 08:00:00,150.98552952542664
06-05 09:00:00,136.17099020600392
06-05 10:00:00,162.31069306334751
06-05 11:00:00,198.88558494390276
06-05 12:00:00,256.26322049688076
06-05 13:00:00,265.447686139415
06-05 14:00:00,303.4622154933586
06-05 15:00:00,322.0450251416667
06-05 16:00:00,257.56762411857466
06-05 17:00:00,210.7546925442474
06-05 18:00:00,251.13306701645593
06-05 19:00:00,297.87827555986615
06-05 20:00:00,337.93557228553226
06-05 21:00:00,354.28286542640313
06-05 22:00:00,349.52336746040277
06-05 23:00:00,365.28331778587346
06-06 00:00:00,381.831610632022
06-06 01:00:00,392.3710346674195
06-06 02:00:00,380.2793975761411
06-06 03:00:00,373.10007776634154
06-06 04:00:00,371.08810290663627
06-06 05:00:00,374.4028259403643
06-06 06:00:00,355.5957728323058
06-06 07:00:00,332.51913214180604
06-06 08:00:00,264.89577600300447
06-06 09:00:00,227.33495079622682
06-06 10:00:00,187.9194586471074
06-06 11:00:00,179.30286965376786
06-06 12:00:00,177.4348847127789
06-06 13:00:00,166.4738006026948
06-06 14:00:00,166.19554342568568
06-06 15:00:00,196.96781595336688
06-06 16:00:00,173.233473076963
06-06 17:00:00,218.9084882972754
06-06 18:00:00,233.50038188727567
06-06 19:00:00,255.53280354203187
06-06 20:00:00,265.7026642858697
06-06 21:00:00,255.2983686337853
06-06 22:00:00,255.5605602409464
06-06 23:00:00,265.03695600040754
06-07 00:00:00,270.07870761304275
06-07 01:00:00,271.08519648989045
06-07 02:00:00,276.4918817563429
06-07 03:00:00,281.95035436454094
06-07 04:00:00,292.24909899992787
06-07 05:00:00,300.9780647856768
06-07 06:00:00,304.141244638467
06-07 07:00:00,293.4801528078434
06-07 08:00:00,269.42602282003634
06-07 09:00:00,224.25721055402227
06-07 10:00:00,183.07307549804327
06-07 11:00:00,121.69512975800069
06-07 12:00:00,69.81633962347033
06-07 13:00:00,35.753342625720485
06-07 14:00:00,19.93649491888774
06-07 15:00:00,39.2882340722679
06-07 16:00:00,197.2213770782272
06-07 17:00:00,246.59228515067556
06-07 18:00:00,282.815350994029
06-07 19:00:00,283.84447206582695
06-07 20:00:00,282.6478729600499
06-07 21:00:00,298.63357084257495
06-07 22:00:00,309.7230931642196
06-07 23:00:00,315.4168179288693
06-08 00:00:00,319.57398987099594
06-08 01:00:00,314.3883760484126
06-08 02:00:00,322.0095510938741
06-08 03:00:00,314.5036760550719
06-08 04:00:00,314.94496374174355
06-08 05:00:00,308.05233188814196
06-08 06:00:00,289.1405113386903
06-08 07:00:00,240.93511794010644
06-08 08:00:00,203.50883549114167
06-08 09:00:00,164.01594867067897
06-08 10:00:00,126.73752831250935
06-08 11:00:00,53.995358575529856
06-08 12:00:00,25.126306532275073
06-08 13:00:00,25.126306532275073
06-08 14:00:00,26.004706298502413
06-08 15:00:00,107.26876648031431
06-08 16:00:00,124.48351569387049
06-08 17:00:00,131.0648196027406
06-08 18:00:00,163.56235752810778
06-08 19:00:00,200.0897102011007
06-08 20:00:00,219.42748979782417
06-08 21:00:00,232.44865231098447
06-08 22:00:00,222.87682211384427
06-08 23:00:00,251.97401277457658
06-09 00:00:00,263.8370592227134
06-09 01:00:00,271.0615094501946
06-09 02:00:00,262.4956373818182
06-09 03:00:00,268.4588259463084
06-09 04:00:00,268.34883227543656
06-09 05:00:00,262.2748107185417
06-09 06:00:00,234.3314132236047
06-09 07:00:00,206.8267946334493
06-09 08:00:00,178.56925398799373
06-09 09:00:00,113.0756901371871
06-09 10:00:00,46.57560639972337
06-09 11:00:00,18.018818307589125
06-09 12:00:00,7.7882705107179016
06-09 13:00:00,9.158310355846966
06-09 14:00:00,7.530243146508701
06-09 15:00:00,21.316406280728813
06-09 16:00:00,158.89557692806827
06-09 17:00:00,136.44084988180037
06-09 18:00:00,145.85078470460115
06-09 19:00:00,178.02421329993595
06-09 20:00:00,243.10912338168126
06-09 21:00:00,282.6921000668954
06-09 22:00:00,321.49808647954643
06-09 23:00:00,362.1480153706401
06-10 00:00:00,378.509833019901
06-10 01:00:00,394.8720849293034
06-10 02:00:00,421.7043464194067
06-10 03:00:00,424.0729093093873
06-10 04:00:00,440.6009623996593
06-10 05:00:00,402.8061459807234
06-10 06:00:00,320.72350913087485
06-10 07:00:00,218.71808683016982
06-10 08:00:00,128.8507207763275
06-10 09:00:00,60.66596525029668
06-10 10:00:00,4.445396896641254
06-10 11:00:00,5.107346529088494
06-10 12:00:00,5.04019613785161
06-10 13:00:00,4.576100504388593
06-10 14:00:00,4.906536905427266
06-10 15:00:00,5.446332777899496
06-10 16:00:00,5.514781559287433
06-10 17:00:00,6.319798275068583
06-10 18:00:00,7.9413264131064
06-10 19:00:00,17.910731110553826
06-10 20:00:00,32.93200595295288
06-10 21:00:00,60.17892270446326
06-10 22:00:00,121.61562769107753
06-10 23:00:00,182.39404240817916
06-11 00:00:00,218.0607833442633
06-11 01:00:00,249.86634712888258
06-11 02:00:00,272.9695538884315
06-11 03:00:00,309.099900180493
06-11 04:00:00,342.5948704706843
06-11 05:00:00,298.3719047682395
06-11 06:00:00,217.86183307308244
06-11 07:00:00,147.9811061629313
06-11 08:00:00,69.31677986618033
06-11 09:00:00,6.599128512512547
06-11 10:00:00,5.583449083946185
06-11 11:00:00,5.7214430639013365
06-11 12:00:00,5.7214430639013365
06-11 13:00:00,5.242292172702375
06-11 14:00:00,5.37810206681981
06-11 15:00:00,5.446332777899496
06-11 16:00:00,5.107346529088494
06-11 17:00:00,4.707642052208492
06-11 18:00:00,4.641766211139745
06-11 19:00:00,18.13298502238284
06-11 20:00:00,33.71863618146823
06-11 21:00:00,44.23054172720918
06-11 22:00:00,127.52068225713523
06-11 23:00:00,155.24790285199538
06-12 00:00:00,196.85402555036018
06-12 01:00:00,246.82711270315477
06-12 02:00:00,269.0245449511776
06-12 03:00:00,292.80121162935035
06-12 04:00:00,303.37480631533765
06-12 05:00:00,268.5169247286594
06-12 06:00:00,174.67055775812096
06-12 07:00:00,68.21760505425367
06-12 08:00:00,10.4190003681335
06-12 09:00:00,3.678484081612307
06-12 10:00:00,3.6158934117805295
06-12 11:00:00,2.7603384138160356
06-12 12:00:00,2.880224999355381
06-12 13:00:00,2.700682530923091
06-12 14:00:00,3.1833226537432506
06-12 15:00:00,3.061500938345947
06-12 16:00:00,4.122269963131764
06-12 17:00:00,4.315526052320296
06-12 18:00:00,4.8400267451618255
06-12 19:00:00,5.446332777899496
06-12 20:00:00,7.665039939980663
06-12 21:00:00,15.270328537447238
06-12 22:00:00,16.671926019315563
06-12 23:00:00,17.661942501049197
06-13 00:00:00,25.010991426940162
06-13 01:00:00,60.27642366683081
06-13 02:00:00,93.80863494893475
06-13 03:00:00,92.82092200192699
06-13 04:00:00,115.24934974896662
06-13 05:00:00,110.35065293800078
06-13 06:00:00,59.4642518913662
06-13 07:00:00,30.901847902392156
06-13 08:00:00,13.677823133192048
06-13 09:00:00,5.8603201373792135
06-13 10:00:00,5.514781559287433
06-13 11:00:00,5.446332777899496
06-13 12:00:00,5.310088754879522
06-13 13:00:00,5.310088754879522
06-13 14:00:00,5.04019613785161
06-13 15:00:00,4.380357701484357
06-13 16:00:00,4.773728679115817
06-13 17:00:00,4.8400267451618255
06-13 18:00:00,4.8400267451618255
06-13 19:00:00,15.980020876571427
06-13 20:00:00,37.27737491243656
06-13 21:00:00,78.84605863505044
06-13 22:00:00,113.24529475293508
06-13 23:00:00,141.0206604170764
06-14 00:00:00,185.83314133271605
06-14 01:00:00,237.84919286166314
06-14 02:00:00,287.85432516456706
06-14 03:00:00,320.8128565526744
06-14 04:00:00,352.8952075409296
06-14 05:00:00,305.15409489607157
06-14 06:00:00,205.58968030049306
06-14 07:00:00,140.71570669552537
06-14 08:00:00,74.0893503651812
06-14 09:00:00,22.866517761321177
06-14 10:00:00,1.942304630443062
06-14 11:00:00,1.4910812044355974
06-14 12:00:00,1.380073213174069
06-14 13:00:00,1.7152455812036311
06-14 14:00:00,1.2697753769992735
06-14 15:00:00,2.114520516885312
06-14 16:00:00,2.5228573590380234
06-14 17:00:00,2.700682530923091
06-14 18:00:00,3.061500938345947
06-14 19:00:00,7.058411973339968
06-14 20:00:00,19.88662253776103
06-14 21:00:00,35.51108786200158
06-14 22:00:00,52.47564695086362
06-14 23:00:00,110.46352746228624
06-15 00:00:00,149.26281044131088
06-15 01:00:00,193.8982289822548
06-15 02:00:00,218.1597307693269
06-15 03:00:00,243.2218840033208
06-15 04:00:00,256.64406450794917
06-15 05:00:00,216.35092374533886
06-15 06:00:00,118.28044147519522
06-15 07:00:00,38.7454335272768
06-15 08:00:00,2.34673344837565
06-15 09:00:00,1.7717375475634918
06-15 10:00:00,1.324835804396801
06-15 11:00:00,1.1601832466440154
06-15 12:00:00,1.7717375475634918
06-15 13:00:00,2.5228573590380234
06-15 14:00:00,1.7152455812036311
06-15 15:00:00,2.172294901668857
06-15 16:00:00,2.6412174576161433
06-15 17:00:00,2.6412174576161433
06-15 18:00:00,2.7603384138160356
06-15 19:00:00,3.305926916070833
06-15 20:00:00,15.158438191199707
06-15 21:00:00,25.12817813939398
06-15 22:00:00,36.25141282952275
06-15 23:00:00,43.25940293214042
06-16 00:00:00,82.51610389917701
06-16 01:00:00,85.79224312564922
06-16 02:00:00,133.06252754706958
06-16 03:00:00,134.06001479229997
06-16 04:00:00,154.23224755068634
06-16 05:00:00,140.55639391130643
06-16 06:00:00,55.24366503695308
06-16 07:00:00,3.716950494913582
06-16 08:00:00,1.9995259590618457
06-16 09:00:00,1.2697753769992735
06-16 10:00:00,0.7821046025223978
06-16 11:00:00,0.4647329916857035
06-16 12:00:00,0.5172044249167842
06-16 13:00:00,1.6028038264150277
06-16 14:00:00,1.8852665011020728
06-16 15:00:00,1.9995259590618457
06-16 16:00:00,1.7717375475634918
06-16 17:00:00,1.828410997447822
06-16 18:00:00,2.114520516885312
06-16 19:00:00,2.172294901668857
06-16 20:00:00,2.2884007845639056
06-16 21:00:00,8.547942740206123
06-16 22:00:00,17.111072688046846
06-16 23:00:00,21.015890769524514
06-17 00:00:00,28.432827894168692
06-17 01:00:00,32.65446159363956
06-17 02:00:00,35.24340552148561
06-17 03:00:00,49.52198507450397
06-17 04:00:00,43.76036888352714
06-17 05:00:00,33.00718173295091
06-17 06:00:00,6.732270313780619
06-17 07:00:00,2.700682530923091
06-17 08:00:00,1.828410997447822
06-17 09:00:00,1.4910812044355974
06-17 10:00:00,0.412429849730054
06-17 11:00:00,0.7821046025223978
06-17 12:00:00,1.1601832466440154
06-17 13:00:00,1.5468529058261478
06-17 14:00:00,1.2148913756462114
06-17 15:00:00,1.380073213174069
06-17 16:00:00,1.051292399107866
06-17 17:00:00,1.324835804396801
06-17 18:00:00,1.4354881603110803
06-17 19:00:00,1.5468529058261478
06-17 20:00:00,1.5468529058261478
06-17 21:00:00,2.3713792277064756
06-17 22:00:00,4.524688960783402
06-17 23:00:00,13.324053688970594
06-18 00:00:00,21.8362686015474
06-18 01:00:00,14.827019654235194
06-18 02:00:00,13.2094366932569
06-18 03:00:00,23.59524085618185
06-18 04:00:00,27.66172577425675
06-18 05:00:00,22.119466243620376
06-18 06:00:00,3.419827383758139
06-18 07:00:00,2.34673344837565
06-18 08:00:00,1.4910812044355974
06-18 09:00:00,0.9971085813674934
06-18 10:00:00,0.5698446804615278
06-18 11:00:00,0.15342003415921862
06-18 12:00:00,0.0
06-18 13:00:00,0.0
06-18 14:00:00,0.0
06-18 15:00:00,0.10211557710187177
06-18 16:00:00,1.051292399107866
06-18 17:00:00,1.4354881603110803
06-18 18:00:00,1.7717375475634918
06-18 19:00:00,2.5228573590380234
06-18 20:00:00,3.1833226537432506
06-18 21:00:00,7.431439944742909
06-18 22:00:00,30.163983898337605
06-18 23:00:00,50.854175542630394
06-19 00:00:00,67.26871651002378
06-19 01:00:00,94.57443663504357
06-19 02:00:00,94.17480261873906
06-19 03:00:00,124.2733469517464
06-19 04:00:00,114.22475059734013
06-19 05:00:00,75.02226662582007
06-19 06:00:00,25.60153927264699
06-19 07:00:00,3.1833226537432506
06-19 08:00:00,2.820185703615156
06-19 09:00:00,2.2884007845639056
06-19 10:00:00,1.942304630443062
06-19 11:00:00,1.4354881603110803
06-19 12:00:00,0.15342003415921862
06-19 13:00:00,0.0
06-19 14:00:00,0.0
06-19 15:00:00,0.0
06-19 16:00:00,0.7287837153420506
06-19 17:00:00,0.5172044249167842
06-19 18:00:00,0.3602944696058467
06-19 19:00:00,0.8355969912347789
06-19 20:00:00,1.1601832466440154
06-19 21:00:00,0.7821046025223978
06-19 22:00:00,0.9430984375589557
06-19 23:00:00,0.9430984375589557
06-20 00:00:00,4.7325659604517085
06-20 01:00:00,7.863378374124833
06-20 02:00:00,9.787699995391424
06-20 03:00:00,3.000882013387704
06-20 04:00:00,3.8674620360758167
06-20 05:00:00,7.204047791785113
06-20 06:00:00,7.139834931775951
06-20 07:00:00,3.8674620360758167
06-20 08:00:00,3.678484081612307
06-20 09:00:00,3.6158934117805295
06-20 10:00:00,2.880224999355381
06-20 11:00:00,2.40525337371815
06-20 12:00:00,1.380073213174069
06-20 13:00:00,1.4910812044355974
06-20 14:00:00,0.9971085813674934
06-20 15:00:00,1.1056504379377126
06-20 16:00:00,1.4910812044355974
06-20 17:00:00,3.1833226537432506
06-20 18:00:00,3.9671657113292107
06-20 19:00:00,14.582783801377872
06-20 20:00:00,50.793250005473
06-20 21:00:00,109.65319053466766
06-20 22:00:00,108.27624576598649
06-20 23:00:00,124.95532799926133
06-21 00:00:00,141.07212257597502
06-21 01:00:00,166.0691825470939
06-21 02:00:00,177.88187040382735
06-21 03:00:00,151.22718056428175
06-21 04:00:00,179.3727332172026
06-21 05:00:00,157.319757058977
06-21 06:00:00,83.31528324317495
06-21 07:00:00,23.331168938362197
06-21 08:00:00,5.974941596700232
06-21 09:00:00,3.4293186211276327
06-21 10:00:00,3.6158934117805295
06-21 11:00:00,2.40525337371815
06-21 12:00:00,3.9308587585385997
06-21 13:00:00,4.250901306499351
06-21 14:00:00,4.380357701484357
06-21 15:00:00,4.186482823140928
06-21 16:00:00,4.122269963131764
06-21 17:00:00,4.186482823140928
06-21 18:00:00,4.250901306499351
06-21 19:00:00,105.00189307140127
06-21 20:00:00,140.764190660746
06-21 21:00:00,152.82892533836454
06-21 22:00:00,125.13151074890845
06-21 23:00:00,159.36293253032002
06-22 00:00:00,208.4084309723245
06-22 01:00:00,232.69825461126118
06-22 02:00:00,221.70301672208748
06-22 03:00:00,222.13951917262997
06-22 04:00:00,211.96681717285608
06-22 05:00:00,199.0822118532664
06-22 06:00:00,173.56645049079185
06-22 07:00:00,131.77938367016415
06-22 08:00:00,101.08633011357868
06-22 09:00:00,117.77805727500743
06-22 10:00:00,151.9065093664887
06-22 11:00:00,122.60500990028248
06-22 12:00:00,82.19479317257594
06-22 13:00:00,65.54920563141116
06-22 14:00:00,47.1010464398549
06-22 15:00:00,89.69161510315115
06-22 16:00:00,46.67977117556556
06-22 17:00:00,13.591171882533057
06-22 18:00:00,57.440719682514285
06-22 19:00:00,79.66197777782786
06-22 20:00:00,128.5037397834443
06-22 21:00:00,191.22672326406635
06-22 22:00:00,226.70415505448358
06-22 23:00:00,226.38826370422282
06-23 00:00:00,245.99940733228345
06-23 01:00:00,242.6960088692119
06-23 02:00:00,257.1724516294271
06-23 03:00:00,259.83216136864365
06-23 04:00:00,278.4039273685827
06-23 05:00:00,273.7316485860658
06-23 06:00:00,208.91153971960568
06-23 07:00:00,124.13763616852901
06-23 08:00:00,68.90785730133726
06-23 09:00:00,21.055048828019093
06-23 10:00:00,4.576100504388593
06-23 11:00:00,4.97325981677503
06-23 12:00:00,5.446332777899496
06-23 13:00:00,5.583449083946185
06-23 14:00:00,5.583449083946185
06-23 15:00:00,5.583449083946185
06-23 16:00:00,5.514781559287433
06-23 17:00:00,5.583449083946185
06-23 18:00:00,28.533080656393015
06-23 19:00:00,97.12176026350622
06-23 20:00:00,89.33770514173392
06-23 21:00:00,158.14897939410451
06-23 22:00:00,236.63255838559584
06-23 23:00:00,253.97354509305413
06-24 00:00:00,262.79356087335583
06-24 01:00:00,299.2335846648033
06-24 02:00:00,348.62712392695425
06-24 03:00:00,372.209750455537
06-24 04:00:00,365.13637286339605
06-24 05:00:00,302.26306618536586
06-24 06:00:00,230.95357499885023
06-24 07:00:00,178.5292737892912
06-24 08:00:00,202.96326452664027
06-24 09:00:00,173.13964638234074
06-24 10:00:00,117.93292423817056
06-24 11:00:00,32.67539376102878
06-24 12:00:00,7.174471530273621
06-24 13:00:00,16.570850750764173
06-24 14:00:00,50.78385968526862
06-24 15:00:00,66.31163685650563
06-24 16:00:00,73.96683422723751
06-24 17:00:00,216.94362790839537
06-24 18:00:00,259.19503983961664
06-24 19:00:00,273.21379641815224
06-24 20:00:00,280.18621063079587
06-24 21:00:00,328.0701631730449
06-24 22:00:00,364.60625672194107
06-24 23:00:00,369.15711293169426
06-25 00:00:00,362.8490048663136
06-25 01:00:00,358.5555672284303
06-25 02:00:00,359.45525119266404
06-25 03:00:00,362.5202960639323
06-25 04:00:00,357.1009010530623
06-25 05:00:00,351.734485172753
06-25 06:00:00,353.9260854073141
06-25 07:00:00,321.8664684566243
06-25 08:00:00,259.68555184026053
06-25 09:00:00,246.86957512417771
06-25 10:00:00,181.74689825395612
06-25 11:00:00,177.81972893315623
06-25 12:00:00,140.40803637450904
06-25 13:00:00,81.64631167586546
06-25 14:00:00,67.64748704487141
06-25 15:00:00,49.29093447142202
06-25 16:00:00,63.733677220674146
06-25 17:00:00,73.13740547996301
06-25 18:00:00,80.91629239138172
06-25 19:00:00,123.90279908122358
06-25 20:00:00,159.46361989542666
06-25 21:00:00,168.7253280314159
06-25 22:00:00,225.1285526713554
06-25 23:00:00,226.9732150786112
06-26 00:00:00,264.2829068699428
06-26 01:00:00,306.22407005384537
06-26 02:00:00,326.22172869762363
06-26 03:00:00,362.3695614992815
06-26 04:00:00,372.86727423449463
06-26 05:00:00,353.4586274207798
06-26 06:00:00,278.16942697188387
06-26 07:00:00,188.13352361442327
06-26 08:00:00,116.79891775971468
06-26 09:00:00,63.97311381503695
06-26 10:00:00,21.528441795593768
06-26 11:00:00,3.7412753252846267
06-26 12:00:00,4.576100504388593
06-26 13:00:00,5.174711652703557
06-26 14:00:00,5.242292172702375
06-26 15:00:00,5.242292172702375
06-26 16:00:00,4.97325981677503
06-26 17:00:00,4.8400267451618255
06-26 18:00:00,5.977743746962796
06-26 19:00:00,17.450562633973412
06-26 20:00:00,35.090945024586304
06-26 21:00:00,43.334056780730265
06-26 22:00:00,69.78439871788629
06-26 23:00:00,128.35897648964706
06-27 00:00:00,163.2727046684068
06-27 01:00:00,182.06453692884705
06-27 02:00:00,182.91325736108155
06-27 03:00:00,207.87471243910312
06-27 04:00:00,204.88938286387784
06-27 05:00:00,201.75325657317364
06-27 06:00:00,128.80384950957955
06-27 07:00:00,45.0993286239342
06-27 08:00:00,3.000882013387704
06-27 09:00:00,2.0569310622265746
06-27 10:00:00,1.6589345297912752
06-27 11:00:00,1.1601832466440154
06-27 12:00:00,1.1601832466440154
06-27 13:00:00,1.051292399107866
06-27 14:00:00,0.9430984375589557
06-27 15:00:00,1.380073213174069
06-27 16:00:00,2.0569310622265746
06-27 17:00:00,2.34673344837565
06-27 18:00:00,2.34673344837565
06-27 19:00:00,2.820185703615156
06-27 20:00:00,9.267304246272102
06-27 21:00:00,64.94289959867348
06-27 22:00:00,102.82357677507083
06-27 23:00:00,123.51012751342556
06-28 00:00:00,113.66948571857661
06-28 01:00:00,126.02722914410583
06-28 02:00:00,124.13381936016884
06-28 03:00:00,152.9661079000883
06-28 04:00:00,159.9620302804789
06-28 05:00:00,154.1948010680255
06-28 06:00:00,72.6158153890825
06-28 07:00:00,12.955142392061271
06-28 08:00:00,2.2884007845639056
06-28 09:00:00,1.828410997447822
06-28 10:00:00,1.2148913756462114
06-28 11:00:00,0.675633790635692
06-28 12:00:00,0.4647329916857035
06-28 13:00:00,0.4647329916857035
06-28 14:00:00,0.7287837153420506
06-28 15:00:00,0.9430984375589557
06-28 16:00:00,0.9971085813674934
06-28 17:00:00,1.5468529058261478
06-28 18:00:00,128.5498120986362
06-28 19:00:00,206.00004412682242
06-28 20:00:00,200.88956345495936
06-28 21:00:00,194.4396096506183
06-28 22:00:00,194.9274669286382
06-28 23:00:00,186.0327929798493
06-29 00:00:00,197.3477622552795
06-29 01:00:00,197.84913009032607
06-29 02:00:00,200.84356082331368
06-29 03:00:00,216.39437811053884
06-29 04:00:00,229.42412899770196
06-29 05:00:00,265.202345369085
06-29 06:00:00,173.6438267915546
06-29 07:00:00,84.24382859101812
06-29 08:00:00,21.992515910141723
06-29 09:00:00,5.928115276168901
06-29 10:00:00,3.1833226537432506
06-29 11:00:00,4.754715610080076
06-29 12:00:00,95.91782645534337
06-29 13:00:00,210.09175402076798
06-29 14:00:00,217.66569312774917
06-29 15:00:00,206.73108572950798
06-29 16:00:00,197.61430051082434
06-29 17:00:00,193.80460908750348
06-29 18:00:00,209.5460147647526
06-29 19:00:00,253.3794382759865
06-29 20:00:00,281.06021973296487
06-29 21:00:00,288.58094827466346
06-29 22:00:00,287.98540966692354
06-29 23:00:00,401.4380320569977
06-30 00:00:00,417.948381337907
06-30 01:00:00,435.8409538702764
06-30 02:00:00,462.47238601301535
06-30 03:00:00,462.32086830714456
06-30 04:00:00,456.7854591101851
06-30 05:00:00,453.9010746988885
06-30 06:00:00,420.7387606147092
06-30 07:00:00,349.19040203250705
06-30 08:00:00,273.58608962107996
06-30 09:00:00,189.9054637587518
06-30 10:00:00,142.49661746597886
06-30 11:00:00,131.5912411434403
06-30 12:00:00,92.10113927561395
06-30 13:00:00,58.96962269339739
06-30 14:00:00,27.500827361940324
06-30 15:00:00,22.496211193143047
06-30 16:00:00,90.42800704405599
06-30 17:00:00,151.11286849730232
06-30 18:00:00,240.35651326088004
06-30 19:00:00,261.13279827746084
06-30 20:00:00,320.3615298109536
06-30 21:00:00,354.90231167757463
06-30 22:00:00,371.6003165759508
06-30 23:00:00,403.45296834460595
07-01 00:00:00,414.4335529609358
07-01 01:00:00,421.68416859126944
07-01 02:00:00,435.037381687476
07-01 03:00:00,425.39295590553263
07-01 04:00:00,431.1591311920264
07-01 05:00:00,433.537815659309
07-01 06:00:00,407.8359893891787
07-01 07:00:00,371.19669475092195
07-01 08:00:00,347.5327476162216
07-01 09:00:00,318.78981541404505
07-01 10:00:00,319.7981399485741
07-01 11:00:00,297.2309566525953
07-01 12:00:00,284.875056848146
07-01 13:00:00,267.4569357211503
07-01 14:00:00,204.78790685098207
07-01 15:00:00,144.52327095328445
07-01 16:00:00,217.11743782133732
07-01 17:00:00,207.9681320038888
07-01 18:00:00,203.65230323553317
07-01 19:00:00,224.2197932618377
07-01 20:00:00,261.45536966235625
07-01 21:00:00,261.38114705375864
07-01 22:00:00,281.791540101076
07-01 23:00:00,296.5660047625431
07-02 00:00:00,312.40062039658
07-02 01:00:00,324.52666504861054
07-02 02:00:00,346.1061131967434
07-02 03:00:00,358.528618816744
07-02 04:00:00,374.5975646499897
07-02 05:00:00,331.65373902611725
07-02 06:00:00,289.96104885439297
07-02 07:00:00,217.77023143150166
07-02 08:00:00,155.4023938929062
07-02 09:00:00,88.96234404326489
07-02 10:00:00,60.06775782397004
07-02 11:00:00,14.171502492181812
07-02 12:00:00,5.37810206681981
07-02 13:00:00,5.174711652703557
07-02 14:00:00,5.174711652703557
07-02 15:00:00,5.174711652703557
07-02 16:00:00,5.652336026633103
07-02 17:00:00,5.8603201373792135
07-02 18:00:00,11.609808991859602
07-02 19:00:00,42.06196988381977
07-02 20:00:00,73.11349967677167
07-02 21:00:00,128.97122403190937
07-02 22:00:00,212.87463670205142
07-02 23:00:00,218.205399339789
07-03 00:00:00,282.897199005723
07-03 01:00:00,300.71001758475415
07-03 02:00:00,309.10941516797254
07-03 03:00:00,337.4631519898406
07-03 04:00:00,357.91607625804875
07-03 05:00:00,318.5322858162987
07-03 06:00:00,233.9823661112575
07-03 07:00:00,173.60477180475175
07-03 08:00:00,91.96971429853204
07-03 09:00:00,33.021070973261224
07-03 10:00:00,3.8674620360758167
07-03 11:00:00,3.7412753252846267
07-03 12:00:00,4.641766211139745
07-03 13:00:00,5.310088754879522
07-03 14:00:00,5.174711652703557
07-03 15:00:00,5.583449083946185
07-03 16:00:00,25.571622678091984
07-03 17:00:00,110.12828042850826
07-03 18:00:00,128.84419139065116
07-03 19:00:00,143.1312950974705
07-03 20:00:00,173.58131677704142
07-03 21:00:00,185.5771461794291
07-03 22:00:00,202.97693729988922
07-03 23:00:00,209.01403825924396
07-04 00:00:00,214.28107924057642
07-04 01:00:00,228.78107547284299
07-04 02:00:00,225.99334645340264
07-04 03:00:00,227.88509547742837
07-04 04:00:00,226.35471938365038
07-04 05:00:00,228.68942240035253
07-04 06:00:00,181.31402178274678
07-04 07:00:00,145.31004700126758
07-04 08:00:00,88.55489173092268
07-04 09:00:00,66.9092604367076
07-04 10:00:00,61.39175907910568
07-04 11:00:00,60.88319097133281
07-04 12:00:00,55.20986917148685
07-04 13:00:00,109.06380466027372
07-04 14:00:00,108.42670612882152
07-04 15:00:00,133.97580161088194
07-04 16:00:00,140.1073151246056
07-04 17:00:00,245.88246901175754
07-04 18:00:00,272.17048770513753
07-04 19:00:00,275.20543001061674
07-04 20:00:00,282.0326898275951
07-04 21:00:00,308.3299110915435
07-04 22:00:00,315.18398661568904
07-04 23:00:00,289.5522500019056
07-05 00:00:00,341.1182950326665
07-05 01:00:00,352.5656944865954
07-05 02:00:00,344.4544618588461
07-05 03:00:00,350.41841931267567
07-05 04:00:00,365.2183876212441
07-05 05:00:00,316.33356262532993
07-05 06:00:00,270.0036430817791
07-05 07:00:00,221.55455966109255
07-05 08:00:00,179.11187126795747
07-05 09:00:00,145.77576397463352
07-05 10:00:00,113.56595582689187
07-05 11:00:00,67.8471112704276
07-05 12:00:00,30.26676582024463
07-05 13:00:00,13.001976493993077
07-05 14:00:00,6.991983791685239
07-05 15:00:00,6.375924570287972
07-05 16:00:00,4.734257988498958
07-05 17:00:00,4.921397948726391
07-05 18:00:00,8.275744256998909
07-05 19:00:00,25.93585052717444
07-05 20:00:00,100.65386409015152
07-05 21:00:00,152.22348503241554
07-05 22:00:00,189.90768411585594
07-05 23:00:00,201.0537894768641
07-06 00:00:00,223.5647949964695
07-06 01:00:00,239.0013783604045
07-06 02:00:00,224.36316987085712
07-06 03:00:00,245.16592598202126
07-06 04:00:00,263.2066042520468
07-06 05:00:00,197.53691791144314
07-06 06:00:00,87.10535689758441
07-06 07:00:00,8.92990836564087
07-06 08:00:00,2.563410857828514
07-06 09:00:00,2.700682530923091
07-06 10:00:00,3.061500938345947
07-06 11:00:00,2.172294901668857
07-06 12:00:00,1.8852665011020728
07-06 13:00:00,3.3675240311862273
07-06 14:00:00,18.018818307589125
07-06 15:00:00,38.55762099425716
07-06 16:00:00,11.083552828965175
07-06 17:00:00,24.922228160605027
07-06 18:00:00,122.02738347105571
07-06 19:00:00,186.9654836664873
07-06 20:00:00,203.64582204685684
07-06 21:00:00,211.67668425149034
07-06 22:00:00,208.2987307103587
07-06 23:00:00,218.81493612203457
07-07 00:00:00,220.90744218201667
07-07 01:00:00,229.94401366616495
07-07 02:00:00,230.7806132449306
07-07 03:00:00,223.96068205127773
07-07 04:00:00,238.6740543494435
07-07 05:00:00,262.9146004724041
07-07 06:00:00,263.28712719435134
07-07 07:00:00,242.54755539563104
07-07 08:00:00,237.08543505199836
07-07 09:00:00,218.1504722438573
07-07 10:00:00,222.5185689255501
07-07 11:00:00,213.07700921784684
07-07 12:00:00,209.38174831466156
07-07 13:00:00,199.60497885848017
07-07 14:00:00,167.9101474213648
07-07 15:00:00,119.45523043099055
07-07 16:00:00,118.13962244069396
07-07 17:00:00,117.12727396465412
07-07 18:00:00,148.73072918169157
07-07 19:00:00,178.6248923631816
07-07 20:00:00,177.58495800795453
07-07 21:00:00,197.18818893045653
07-07 22:00:00,216.33212859475572
07-07 23:00:00,212.05324031201974
07-08 00:00:00,214.23878806854455
07-08 01:00:00,227.8779586220449
07-08 02:00:00,228.8512192238343
07-08 03:00:00,234.97765369921933
07-08 04:00:00,245.08165605780846
07-08 05:00:00,238.99064340610678
07-08 06:00:00,229.1412922556674
07-08 07:00:00,223.75259253244243
07-08 08:00:00,238.05507530470715
07-08 09:00:00,238.23547228067926
07-08 10:00:00,240.9953697345476
07-08 11:00:00,247.5030427344386
07-08 12:00:00,195.57558036226544
07-08 13:00:00,109.89339740764147
07-08 14:00:00,110.91533435550502
07-08 15:00:00,155.77618042081383
07-08 16:00:00,204.77602300077646
07-08 17:00:00,263.7958634443068
07-08 18:00:00,312.1764915443288
07-08 19:00:00,349.2163948478066
07-08 20:00:00,414.1119286599977
07-08 21:00:00,406.9553649659207
07-08 22:00:00,419.75935998448597
07-08 23:00:00,424.14323578800946
07-09 00:00:00,434.45272013869896
07-09 01:00:00,429.3348412472126
07-09 02:00:00,434.75664544026085
07-09 03:00:00,438.22510355390995
07-09 04:00:00,435.63729991729383
07-09 05:00:00,427.83623404300323
07-09 06:00:00,411.4376084076533
07-09 07:00:00,384.6739940630343
07-09 08:00:00,337.79754945149676
07-09 09:00:00,268.95255434209946
07-09 10:00:00,190.30677077786223
07-09 11:00:00,110.10370885191952
07-09 12:00:00,65.61014768032393
07-09 13:00:00,16.928940272292845
07-09 14:00:00,8.205000866355057
07-09 15:00:00,7.580819024625663
07-09 16:00:00,8.851313619883424
07-09 17:00:00,10.821513824334579
07-09 18:00:00,25.089519137990283
07-09 19:00:00,82.07264061868074
07-09 20:00:00,152.78488376851803
07-09 21:00:00,216.85014462385772
07-09 22:00:00,244.30549180252657
07-09 23:00:00,293.65451799967036
07-10 00:00:00,331.57331473408397
07-10 01:00:00,364.9702831042737
07-10 02:00:00,370.1475710752188
07-10 03:00:00,417.9182729182484
07-10 04:00:00,426.7922414975824
07-10 05:00:00,381.5806980547788
07-10 06:00:00,294.01404180545813
07-10 07:00:00,216.39230994874237
07-10 08:00:00,145.9386942558581
07-10 09:00:00,72.96746480051235
07-10 10:00:00,15.584838066803878
07-10 11:00:00,3.305926916070833
07-10 12:00:00,2.940456901788911
07-10 13:00:00,3.7412753252846267
07-10 14:00:00,4.380357701484357
07-10 15:00:00,4.315526052320296
07-10 16:00:00,3.2445266612036296
07-10 17:00:00,4.122269963131764
07-10 18:00:00,4.576100504388593
07-10 19:00:00,9.078253014886638
07-10 20:00:00,123.38024688316649
07-10 21:00:00,220.95946480900415
07-10 22:00:00,254.79187761926636
07-10 23:00:00,287.0347511360237
07-11 00:00:00,330.8588492489586
07-11 01:00:00,358.906726092591
07-11 02:00:00,363.4952617008141
07-11 03:00:00,366.0319890061578
07-11 04:00:00,354.8517131083306
07-11 05:00:00,342.335644413779
07-11 06:00:00,303.9850578243652
07-11 07:00:00,247.0435027615015
07-11 08:00:00,157.08525651841222
07-11 09:00:00,87.85246477926191
07-11 10:00:00,81.5230900142389
07-11 11:00:00,36.21259414347144
07-11 12:00:00,8.80833584274501
07-11 13:00:00,5.37810206681981
07-11 14:00:00,4.97325981677503
07-11 15:00:00,5.446332777899496
07-11 16:00:00,4.707642052208492
07-11 17:00:00,6.982775660839904
07-11 18:00:00,14.716409446356769
07-11 19:00:00,31.29071873007632
07-11 20:00:00,85.92884109834986
07-11 21:00:00,133.43635010132155
07-11 22:00:00,202.71791438108175
07-11 23:00:00,253.0775366273378
07-12 00:00:00,275.0121341035627
07-12 01:00:00,294.81388588509213
07-12 02:00:00,318.155125946954
07-12 03:00:00,323.4054488228652
07-12 04:00:00,335.420139507711
07-12 05:00:00,295.98931632354385
07-12 06:00:00,221.63102156209555
07-12 07:00:00,143.85695114669645
07-12 08:00:00,46.872458754011404
07-12 09:00:00,6.5572975402396585
07-12 10:00:00,1.5468529058261478
07-12 11:00:00,0.675633790635692
07-12 12:00:00,0.6226542909556687
07-12 13:00:00,1.324835804396801
07-12 14:00:00,1.4910812044355974
07-12 15:00:00,2.5228573590380234
07-12 16:00:00,2.463961147677271
07-12 17:00:00,3.305926916070833
07-12 18:00:00,3.061500938345947
07-12 19:00:00,2.820185703615156
07-12 20:00:00,13.042456436533335
07-12 21:00:00,16.527584531023127
07-12 22:00:00,20.84559942430927
07-12 23:00:00,38.49750555609397
07-13 00:00:00,61.93220222945612
07-13 01:00:00,110.11413968751832
07-13 02:00:00,180.16810676583782
07-13 03:00:00,195.1740385672635
07-13 04:00:00,207.39957372392115
07-13 05:00:00,223.2889813391598
07-13 06:00:00,273.1167645974812
07-13 07:00:00,321.9136537090514
07-13 08:00:00,357.072999983642
07-13 09:00:00,383.9566779121182
07-13 10:00:00,351.8281768041575
07-13 11:00:00,321.89895468483564
07-13 12:00:00,321.5348903278119
07-13 13:00:00,348.13618612850547
07-13 14:00:00,384.6912824656738
07-13 15:00:00,350.5595551206846
07-13 16:00:00,329.5524726673754
07-13 17:00:00,357.3778848726055
07-13 18:00:00,367.44885369375675
07-13 19:00:00,375.61505259763254
07-13 20:00:00,393.54751563484587
07-13 21:00:00,416.1113232444128
07-13 22:00:00,455.21659946850207
07-13 23:00:00,461.5709861347292
07-14 00:00:00,482.5166963618553
07-14 01:00:00,487.82083155107404
07-14 02:00:00,458.9682157795212
07-14 03:00:00,463.73953853794234
07-14 04:00:00,448.78316286748014
07-14 05:00:00,448.8105403360202
07-14 06:00:00,424.9348391854252
07-14 07:00:00,414.66105599606715
07-14 08:00:00,393.3369194971542
07-14 09:00:00,375.527126804627
07-14 10:00:00,316.5309721045458
07-14 11:00:00,265.4162209761197
07-14 12:00:00,227.52411670334504
07-14 13:00:00,143.49279516607945
07-14 14:00:00,110.39637054777789
07-14 15:00:00,110.71969467905116
07-14 16:00:00,159.02823778698018
07-14 17:00:00,243.0967583218688
07-14 18:00:00,262.0550293129296
07-14 19:00:00,278.9846846853608
07-14 20:00:00,301.78843447344974
07-14 21:00:00,313.0709309571376
07-14 22:00:00,328.1448538455074
07-14 23:00:00,334.46374507622727
07-15 00:00:00,346.462971830595
07-15 01:00:00,365.37023402289805
07-15 02:00:00,380.4617158314619
07-15 03:00:00,393.51357886654864
07-15 04:00:00,393.6491808336911
07-15 05:00:00,387.4757214632906
07-15 06:00:00,374.88047161474185
07-15 07:00:00,349.95311856235116
07-15 08:00:00,337.34546425126575
07-15 09:00:00,320.9279177335579
07-15 10:00:00,303.6363453657825
07-15 11:00:00,290.48958183946377
07-15 12:00:00,284.30610467754843
07-15 13:00:00,274.7944134152953
07-15 14:00:00,212.2234661111679
07-15 15:00:00,212.8243249345492
07-15 16:00:00,215.54422704878004
07-15 17:00:00,214.50670824210658
07-15 18:00:00,215.8131329503474
07-15 19:00:00,233.8900320023889
07-15 20:00:00,239.6748615670557
07-15 21:00:00,249.27732351704907
07-15 22:00:00,267.4415721959735
07-15 23:00:00,273.1215114970546
07-16 00:00:00,270.0464808354215
07-16 01:00:00,276.966555295509
07-16 02:00:00,301.5211199848775
07-16 03:00:00,332.26957548975
07-16 04:00:00,340.966521686954
07-16 05:00:00,344.9775389237449
07-16 06:00:00,321.8611740407953
07-16 07:00:00,263.49980919404754
07-16 08:00:00,208.6364650500656
07-16 09:00:00,171.08344745912675
07-16 10:00:00,137.03012642777105
07-16 11:00:00,80.72938562383092
07-16 12:00:00,84.93316601176514
07-16 13:00:00,76.2373785249914
07-16 14:00:00,27.95134726772492
07-16 15:00:00,58.89330066952445
07-16 16:00:00,53.47189452579104
07-16 17:00:00,53.72297391297766
07-16 18:00:00,90.03569947369645
07-16 19:00:00,139.16312320047604
07-16 20:00:00,170.77714165857094
07-16 21:00:00,194.08187049359256
07-16 22:00:00,184.9470414412541
07-16 23:00:00,216.22958657934802
07-17 00:00:00,224.98412030575994
07-17 01:00:00,235.17366169017865
07-17 02:00:00,231.64432538806028
07-17 03:00:00,246.58066790821908
07-17 04:00:00,245.92479578296965
07-17 05:00:00,235.98145692831068
07-17 06:00:00,225.34263379360297
07-17 07:00:00,208.71947895867177
07-17 08:00:00,185.44245003626966
07-17 09:00:00,135.49417005031586
07-17 10:00:00,99.18224548982636
07-17 11:00:00,92.63372004376345
07-17 12:00:00,42.53244674475065
07-17 13:00:00,16.627589763792002
07-17 14:00:00,10.123257533232424
07-17 15:00:00,14.15901453647549
07-17 16:00:00,23.097152705442788
07-17 17:00:00,73.63436482302859
07-17 18:00:00,86.20208060181422
07-17 19:00:00,96.62341780756594
07-17 20:00:00,114.16661891173663
07-17 21:00:00,97.44690974269838
07-17 22:00:00,127.40169683945241
07-17 23:00:00,126.4635969545236
07-18 00:00:00,126.87622708648051
07-18 01:00:00,126.23934862037379
07-18 02:00:00,117.24192218971291
07-18 03:00:00,114.02612965757311
07-18 04:00:00,120.23039483892305
07-18 05:00:00,121.86796634230511
07-18 06:00:00,108.87083190983974
07-18 07:00:00,68.64982599051905
07-18 08:00:00,24.571651971729974
07-18 09:00:00,11.276272159139957
07-18 10:00:00,6.3534231768449505
07-18 11:00:00,6.140745387202783
07-18 12:00:00,6.140745387202783
07-18 13:00:00,10.851589145832595
07-18 14:00:00,9.904268585424477
07-18 15:00:00,6.65621362794843
07-18 16:00:00,8.498417463691199
07-18 17:00:00,9.634311407932103
07-18 18:00:00,9.583346859092186
07-18 19:00:00,21.9889724739895
07-18 20:00:00,35.01131306329281
07-18 21:00:00,86.66517961699864
07-18 22:00:00,106.38592887414036
07-18 23:00:00,172.69264667992502
07-19 00:00:00,204.904802791507
07-19 01:00:00,240.73075705960633
07-19 02:00:00,273.3428144963494
07-19 03:00:00,282.60853297247945
07-19 04:00:00,298.2821822421018
07-19 05:00:00,284.34327965015075
07-19 06:00:00,203.59971106413641
07-19 07:00:00,125.15733879458521
07-19 08:00:00,60.99128644951762
07-19 09:00:00,4.97325981677503
07-19 10:00:00,4.773728679115817
07-19 11:00:00,4.8400267451618255
07-19 12:00:00,4.380357701484357
07-19 13:00:00,4.445396896641254
07-19 14:00:00,4.315526052320296
07-19 15:00:00,4.058262089124109
07-19 16:00:00,3.9944585655338436
07-19 17:00:00,3.9308587585385997
07-19 18:00:00,4.250901306499351
07-19 19:00:00,4.773728679115817
07-19 20:00:00,10.990518497956117
07-19 21:00:00,22.512932325013473
07-19 22:00:00,34.46085558119404
07-19 23:00:00,42.85263545633835
07-20 00:00:00,79.04505154256003
07-20 01:00:00,126.49276663076809
07-20 02:00:00,153.43815540212776
07-20 03:00:00,168.13108108881798
07-20 04:00:00,195.3927394104442
07-20 05:00:00,207.92651756530645
07-20 06:00:00,139.51108765972873
07-20 07:00:00,84.56592827494005
07-20 08:00:00,38.05393136457996
07-20 09:00:00,4.707642052208492
07-20 10:00:00,4.8400267451618255
07-20 11:00:00,4.315526052320296
07-20 12:00:00,4.445396896641254
07-20 13:00:00,3.2445266612036296
07-20 14:00:00,3.1833226537432506
07-20 15:00:00,3.2445266612036296
07-20 16:00:00,3.3675240311862273
07-20 17:00:00,3.804267767840779
07-20 18:00:00,4.510644282211597
07-20 19:00:00,9.078253014886638
07-20 20:00:00,23.235901203760967
07-20 21:00:00,35.894053925533655
07-20 22:00:00,59.95755063827773
07-20 23:00:00,79.25255763794874
07-21 00:00:00,123.39430341809913
07-21 01:00:00,173.36123284352783
07-21 02:00:00,180.91947549015333
07-21 03:00:00,205.4119428877141
07-21 04:00:00,234.25696855353507
07-21 05:00:00,240.78068417687837
07-21 06:00:00,173.5116201952889
07-21 07:00:00,111.56755050295838
07-21 08:00:00,46.813951917564765
07-21 09:00:00,3.804267767840779
07-21 10:00:00,3.2445266612036296
07-21 11:00:00,2.463961147677271
07-21 12:00:00,3.678484081612307
07-21 13:00:00,3.6158934117805295
07-21 14:00:00,2.7603384138160356
07-21 15:00:00,3.4293186211276327
07-21 16:00:00,3.6158934117805295
07-21 17:00:00,3.678484081612307
07-21 18:00:00,3.8674620360758167
07-21 19:00:00,4.721911643274749
07-21 20:00:00,19.053107846886526
07-21 21:00:00,34.31077479392687
07-21 22:00:00,42.3015024267051
07-21 23:00:00,62.983674748020775
07-22 00:00:00,100.64554019734868
07-22 01:00:00,139.21487335417473
07-22 02:00:00,169.09857240646843
07-22 03:00:00,185.82067644111754
07-22 04:00:00,210.51705601971875
07-22 05:00:00,203.3805518990433
07-22 06:00:00,142.5662854878551
07-22 07:00:00,58.58464791648581
07-22 08:00:00,2.880224999355381
07-22 09:00:00,2.463961147677271
07-22 10:00:00,2.5819425982872266
07-22 11:00:00,3.061500938345947
07-22 12:00:00,2.5819425982872266
07-22 13:00:00,2.40525337371815
07-22 14:00:00,3.305926916070833
07-22 15:00:00,3.000882013387704
07-22 16:00:00,2.940456901788911
07-22 17:00:00,3.3675240311862273
07-22 18:00:00,3.5535026924956616
07-22 19:00:00,3.9944585655338436
07-22 20:00:00,20.356172495814043
07-22 21:00:00,32.49104485440071
07-22 22:00:00,37.80779091190939
07-22 23:00:00,64.81419559821175
07-23 00:00:00,74.1199745455099
07-23 01:00:00,124.27825063814765
07-23 02:00:00,146.16671260625063
07-23 03:00:00,169.39160103527684
07-23 04:00:00,191.47049561866163
07-23 05:00:00,195.90883233600832
07-23 06:00:00,132.61261274351463
07-23 07:00:00,47.45924250551912
07-23 08:00:00,3.678484081612307
07-23 09:00:00,2.7603384138160356
07-23 10:00:00,2.463961147677271
07-23 11:00:00,2.114520516885312
07-23 12:00:00,1.7152455812036311
07-23 13:00:00,1.324835804396801
07-23 14:00:00,0.9971085813674934
07-23 15:00:00,0.8355969912347789
07-23 16:00:00,0.9971085813674934
07-23 17:00:00,1.2697753769992735
07-23 18:00:00,1.4354881603110803
07-23 19:00:00,2.0569310622265746
07-23 20:00:00,4.902831469746259
07-23 21:00:00,6.902241254295702
07-23 22:00:00,11.488192548677413
07-23 23:00:00,18.582637703360977
07-24 00:00:00,20.99110553863101
07-24 01:00:00,25.234084170064992
07-24 02:00:00,27.480497459817922
07-24 03:00:00,26.23432659797154
07-24 04:00:00,25.15587488684289
07-24 05:00:00,14.48143861516976
07-24 06:00:00,12.589596432702175
07-24 07:00:00,7.557774281052595
07-24 08:00:00,4.641766211139745
07-24 09:00:00,4.576100504388593
07-24 10:00:00,3.804267767840779
07-24 11:00:00,2.880224999355381
07-24 12:00:00,3.8674620360758167
07-24 13:00:00,3.5535026924956616
07-24 14:00:00,2.940456901788911
07-24 15:00:00,2.0569310622265746
07-24 16:00:00,21.432585798635632
07-24 17:00:00,87.41724353733909
07-24 18:00:00,91.34292027227282
07-24 19:00:00,101.21004745561464
07-24 20:00:00,116.26209686366393
07-24 21:00:00,141.31313137756456
07-24 22:00:00,133.94473406525952
07-24 23:00:00,130.84575313048444
07-25 00:00:00,128.29369620469691
07-25 01:00:00,128.7380765177234
07-25 02:00:00,159.45084822024262
07-25 03:00:00,148.31318334771274
07-25 04:00:00,153.8771504616312
07-25 05:00:00,154.05919939562568
07-25 06:00:00,132.06564673366043
07-25 07:00:00,89.35746553892325
07-25 08:00:00,25.619688309206925
07-25 09:00:00,8.74887055193641
07-25 10:00:00,13.71066934551068
07-25 11:00:00,15.024657650615673
07-25 12:00:00,124.98591265496104
07-25 13:00:00,102.65412333855174
07-25 14:00:00,107.07867172985983
07-25 15:00:00,134.71625220835043
07-25 16:00:00,118.95518421127036
07-25 17:00:00,142.97921844663864
07-25 18:00:00,167.86480177421808
07-25 19:00:00,198.1233340898384
07-25 20:00:00,213.09255630093438
07-25 21:00:00,223.0883436269603
07-25 22:00:00,206.58994976539648
07-25 23:00:00,239.3172139463176
07-26 00:00:00,241.7009426568192
07-26 01:00:00,241.04352786582305
07-26 02:00:00,248.98192199302503
07-26 03:00:00,259.2099468422973
07-26 04:00:00,264.83976415771616
07-26 05:00:00,273.55462790222447
07-26 06:00:00,233.43595103143633
07-26 07:00:00,140.19887823007707
07-26 08:00:00,99.36780685035481
07-26 09:00:00,53.7404506543801
07-26 10:00:00,9.389908508599685
07-26 11:00:00,2.880224999355381
07-26 12:00:00,3.678484081612307
07-26 13:00:00,3.061500938345947
07-26 14:00:00,10.334882899028202
07-26 15:00:00,61.821870539301685
07-26 16:00:00,114.2538336328415
07-26 17:00:00,146.41246672175396
07-26 18:00:00,112.18325262244149
07-26 19:00:00,145.079934292251
07-26 20:00:00,178.52986506108414
07-26 21:00:00,200.85292593877472
07-26 22:00:00,192.67207388788893
07-26 23:00:00,217.8718709418443
07-27 00:00:00,244.66868428694463
07-27 01:00:00,277.9737606842833
07-27 02:00:00,292.8216125650566
07-27 03:00:00,313.5106537571141
07-27 04:00:00,328.61455442453854
07-27 05:00:00,306.32128064143683
07-27 06:00:00,253.06385552238243
07-27 07:00:00,182.289378321068
07-27 08:00:00,76.7107115619326
07-27 09:00:00,7.68092049528922
07-27 10:00:00,4.122269963131764
07-27 11:00:00,3.491311302211601
07-27 12:00:00,3.7412753252846267
07-27 13:00:00,3.5535026924956616
07-27 14:00:00,3.000882013387704
07-27 15:00:00,2.5819425982872266
07-27 16:00:00,3.061500938345947
07-27 17:00:00,4.122269963131764
07-27 18:00:00,7.316705349325356
07-27 19:00:00,50.45883337131
07-27 20:00:00,66.39195012829212
07-27 21:00:00,59.72223251604064
07-27 22:00:00,65.01114710026344
07-27 23:00:00,95.94192427820487
07-28 00:00:00,143.35560088532856
07-28 01:00:00,139.74564082033055
07-28 02:00:00,136.01833713723042
07-28 03:00:00,140.8159357706597
07-28 04:00:00,155.027964936146
07-28 05:00:00,163.79379423414076
07-28 06:00:00,163.31727893249945
07-28 07:00:00,186.37583931048155
07-28 08:00:00,231.7718323747251
07-28 09:00:00,212.15696655895755
07-28 10:00:00,164.83902810710725
07-28 11:00:00,147.34580803462057
07-28 12:00:00,129.8959190060934
07-28 13:00:00,104.50298174235351
07-28 14:00:00,77.32600863780232
07-28 15:00:00,48.190086598037475
07-28 16:00:00,24.710337400234742
07-28 17:00:00,39.41768580396178
07-28 18:00:00,46.446712373165134
07-28 19:00:00,75.5815545243832
07-28 20:00:00,126.98959876760748
07-28 21:00:00,170.95438917522546
07-28 22:00:00,192.43081458943385
07-28 23:00:00,183.78180440386586
07-29 00:00:00,200.7996540703686
07-29 01:00:00,212.36285610785848
07-29 02:00:00,229.39871632775012
07-29 03:00:00,264.7364067433161
07-29 04:00:00,273.8272190092575
07-29 05:00:00,258.7315828658106
07-29 06:00:00,224.03492955602144
07-29 07:00:00,154.70068772281164
07-29 08:00:00,81.71452253143808
07-29 09:00:00,10.069831794825824
07-29 10:00:00,5.242292172702375
07-29 11:00:00,4.8400267451618255
07-29 12:00:00,3.9308587585385997
07-29 13:00:00,3.8674620360758167
07-29 14:00:00,3.7412753252846267
07-29 15:00:00,3.678484081612307
07-29 16:00:00,3.5535026924956616
07-29 17:00:00,3.305926916070833
07-29 18:00:00,3.3675240311862273
07-29 19:00:00,12.567267185279055
07-29 20:00:00,26.491909532864106
07-29 21:00:00,52.90557358096764
07-29 22:00:00,87.28466592916301
07-29 23:00:00,83.08432527474446
07-30 00:00:00,96.28719203796729
07-30 01:00:00,120.09358252397168
07-30 02:00:00,144.38554726649437
07-30 03:00:00,157.49737067506197
07-30 04:00:00,169.51255881103853
07-30 05:00:00,168.48376896390658
07-30 06:00:00,152.1728248036443
07-30 07:00:00,70.57707040043718
07-30 08:00:00,3.678484081612307
07-30 09:00:00,3.000882013387704
07-30 10:00:00,2.6412174576161433
07-30 11:00:00,2.820185703615156
07-30 12:00:00,2.880224999355381
07-30 13:00:00,2.2884007845639056
07-30 14:00:00,2.5819425982872266
07-30 15:00:00,2.2302547968935205
07-30 16:00:00,53.831301076329055
07-30 17:00:00,61.62529725307616
07-30 18:00:00,84.18634764452852
07-30 19:00:00,117.60512273657561
07-30 20:00:00,131.97728043576782
07-30 21:00:00,127.85730219621948
07-30 22:00:00,144.63316272639725
07-30 23:00:00,167.47716554143327
07-31 00:00:00,180.36770690690543
07-31 01:00:00,190.7565505034082
07-31 02:00:00,187.2893259345083
07-31 03:00:00,187.24405422294956
07-31 04:00:00,178.61200924365215
07-31 05:00:00,183.97409462995867
07-31 06:00:00,165.07477908214182
07-31 07:00:00,133.53473560663898
07-31 08:00:00,97.95587022099288
07-31 09:00:00,105.3047847117214
07-31 10:00:00,87.15309327924791
07-31 11:00:00,54.20406282792722
07-31 12:00:00,38.5228203913019
07-31 13:00:00,44.228314086150874
07-31 14:00:00,12.641224624258243
07-31 15:00:00,15.553448240144032
07-31 16:00:00,14.088347742608814
07-31 17:00:00,19.850536700792087
07-31 18:00:00,50.55407993906892
07-31 19:00:00,106.23811960828243
07-31 20:00:00,186.45668521452296
07-31 21:00:00,210.64493253201604
07-31 22:00:00,265.50097963440106
07-31 23:00:00,276.47045371577667
08-01 00:00:00,269.6265403386073
08-01 01:00:00,285.87079020561123
08-01 02:00:00,298.7404308319053
08-01 03:00:00,315.60972285065185
08-01 04:00:00,333.43961632869
08-01 05:00:00,349.00246769995726
08-01 06:00:00,369.0544703921291
08-01 07:00:00,381.55181307796795
08-01 08:00:00,359.0937747765206
08-01 09:00:00,306.2722066819378
08-01 10:00:00,295.8805199073215
08-01 11:00:00,278.5960753278922
08-01 12:00:00,254.13181612635785
08-01 13:00:00,237.75053090794316
08-01 14:00:00,215.1816555888027
08-01 15:00:00,231.4366330915389
08-01 16:00:00,209.07853408321736
08-01 17:00:00,205.94506504038148
08-01 18:00:00,275.0484060902086
08-01 19:00:00,300.39580264178613
08-01 20:00:00,327.62377243420934
08-01 21:00:00,355.87107820474023
08-01 22:00:00,382.2198360704241
08-01 23:00:00,414.8626396736409
08-02 00:00:00,425.8854555124239
08-02 01:00:00,423.50772521672815
08-02 02:00:00,468.2815582000568
08-02 03:00:00,479.6993837992189
08-02 04:00:00,491.8774634951277
08-02 05:00:00,470.20572500905786
08-02 06:00:00,428.33536523899784
08-02 07:00:00,368.15733839146134
08-02 08:00:00,293.2988641039103
08-02 09:00:00,213.5134933145244
08-02 10:00:00,172.102906653431
08-02 11:00:00,113.49215416593579
08-02 12:00:00,54.10877147801704
08-02 13:00:00,20.035041731785665
08-02 14:00:00,16.68732323154457
08-02 15:00:00,16.163068955105103
08-02 16:00:00,24.38612412071377
08-02 17:00:00,58.66215379879282
08-02 18:00:00,84.685205767204
08-02 19:00:00,135.66491841330165
08-02 20:00:00,166.75024464953395
08-02 21:00:00,246.54401508874372
08-02 22:00:00,288.19751113599483
08-02 23:00:00,308.8428959522002
08-03 00:00:00,331.1990131184447
08-03 01:00:00,343.4073403842544
08-03 02:00:00,380.9983755670723
08-03 03:00:00,402.47022514276006
08-03 04:00:00,406.42959808262503
08-03 05:00:00,414.97397527780373
08-03 06:00:00,355.57649065101776
08-03 07:00:00,286.50261926024695
08-03 08:00:00,226.81269530463626
08-03 09:00:00,125.2837836860795
08-03 10:00:00,62.207314504976495
08-03 11:00:00,28.59209986549517
08-03 12:00:00,16.601259225448885
08-03 13:00:00,27.468356570882786
08-03 14:00:00,164.23151437971055
08-03 15:00:00,204.67532393752896
08-03 16:00:00,197.06015973731468
08-03 17:00:00,222.2771955515772
08-03 18:00:00,277.139039248188
08-03 19:00:00,308.9688649323473
08-03 20:00:00,339.56510120089877
08-03 21:00:00,353.41879477389136
08-03 22:00:00,367.7192597497655
08-03 23:00:00,380.66110064047547
08-04 00:00:00,393.8052802441537
08-04 01:00:00,405.4724337214952
08-04 02:00:00,412.00987047453106
08-04 03:00:00,411.0878022104122
08-04 04:00:00,416.37374264053744
08-04 05:00:00,406.5609722340006
08-04 06:00:00,386.97202655277306
08-04 07:00:00,358.53819330178334
08-04 08:00:00,312.3387088206494
08-04 09:00:00,271.1798419194798
08-04 10:00:00,234.25428676690706
08-04 11:00:00,216.9752596588509
08-04 12:00:00,204.11994743626667
08-04 13:00:00,212.7140942755714
08-04 14:00:00,251.9886770240228
08-04 15:00:00,262.9281646835494
08-04 16:00:00,263.0824209270364
08-04 17:00:00,263.8961197384469
08-04 18:00:00,290.0390488116726
08-04 19:00:00,301.1309204853552
08-04 20:00:00,307.82719946392535
08-04 21:00:00,313.3696928928182
08-04 22:00:00,313.55957420771495
08-04 23:00:00,308.9285814537066
08-05 00:00:00,304.12300165066176
08-05 01:00:00,309.54332389403373
08-05 02:00:00,320.3901073549315
08-05 03:00:00,316.2427052238356
08-05 04:00:00,325.666743382575
08-05 05:00:00,321.30765198820757
08-05 06:00:00,318.7570676358626
08-05 07:00:00,300.87698675997905
08-05 08:00:00,255.86619714468614
08-05 09:00:00,235.9955311305217
08-05 10:00:00,183.8654560110844
08-05 11:00:00,147.06128551190687
08-05 12:00:00,78.50354032924865
08-05 13:00:00,95.98799098430298
08-05 14:00:00,156.5512509450039
08-05 15:00:00,180.1835230749915
08-05 16:00:00,199.710051946874
08-05 17:00:00,189.51956964028756
08-05 18:00:00,183.90493041338547
08-05 19:00:00,250.87469700142643
08-05 20:00:00,295.581186707094
08-05 21:00:00,308.7872681399543
08-05 22:00:00,333.4184450507374
08-05 23:00:00,343.29218136134153
08-06 00:00:00,352.43000086599
08-06 01:00:00,337.35578512602467
08-06 02:00:00,326.16753116950724
08-06 03:00:00,324.86955896880033
08-06 04:00:00,308.2896869422766
08-06 05:00:00,302.95311215848443
08-06 06:00:00,276.9367181981272
08-06 07:00:00,237.46559120960208
08-06 08:00:00,182.25740272569345
08-06 09:00:00,131.19946187289202
08-06 10:00:00,75.61639764960904
08-06 11:00:00,71.30438183236227
08-06 12:00:00,73.14469793428428
08-06 13:00:00,16.153508416930734
08-06 14:00:00,5.7214430639013365
08-06 15:00:00,6.496342010718432
08-06 16:00:00,6.847102535834715
08-06 17:00:00,7.381380847162005
08-06 18:00:00,18.473532288066934
08-06 19:00:00,72.0786494675173
08-06 20:00:00,125.2748756081437
08-06 21:00:00,139.5130969319852
08-06 22:00:00,155.84916678318805
08-06 23:00:00,198.0678928565064
08-07 00:00:00,235.41505080448331
08-07 01:00:00,241.66495395093554
08-07 02:00:00,257.48267328531875
08-07 03:00:00,269.63838011008045
08-07 04:00:00,271.02223830381746
08-07 05:00:00,267.1304501200201
08-07 06:00:00,213.08134422329496
08-07 07:00:00,172.65312146911285
08-07 08:00:00,119.99749581508856
08-07 09:00:00,32.02976051620441
08-07 10:00:00,4.641766211139745
08-07 11:00:00,4.186482823140928
08-07 12:00:00,20.112244475172986
08-07 13:00:00,46.03579303024653
08-07 14:00:00,207.90343346559828
08-07 15:00:00,265.7158635348151
08-07 16:00:00,271.5500051035259
08-07 17:00:00,286.98200183592996
08-07 18:00:00,282.7540977322719
08-07 19:00:00,283.13739317131405
08-07 20:00:00,300.95776781711
08-07 21:00:00,304.0375338471184
08-07 22:00:00,315.836050068486
08-07 23:00:00,315.87426970809366
08-08 00:00:00,316.46121915465415
08-08 01:00:00,309.9710642452789
08-08 02:00:00,304.519188907985
08-08 03:00:00,309.8604777216142
08-08 04:00:00,311.46033043576955
08-08 05:00:00,303.1216955747654
08-08 06:00:00,301.16301008509845
08-08 07:00:00,281.29688749742024
08-08 08:00:00,254.24719723523398
08-08 09:00:00,270.9642978643486
08-08 10:00:00,298.76464690728756
08-08 11:00:00,320.5697497505039
08-08 12:00:00,282.8747593370093
08-08 13:00:00,237.16958363585488
08-08 14:00:00,199.75301992696524
08-08 15:00:00,147.71296486886334
08-08 16:00:00,92.24721882346783
08-08 17:00:00,127.0469536407253
08-08 18:00:00,143.83263906867813
08-08 19:00:00,204.21084154341088
08-08 20:00:00,241.17336532406142
08-08 21:00:00,245.4464679288415
08-08 22:00:00,270.57989115237876
08-08 23:00:00,262.7582446472078
08-09 00:00:00,273.1090455141608
08-09 01:00:00,291.93496609319857
08-09 02:00:00,302.12035659121506
08-09 03:00:00,309.6265741764376
08-09 04:00:00,323.84357095674
08-09 05:00:00,324.3686846415277
08-09 06:00:00,301.87536355081363
08-09 07:00:00,221.25727394802223
08-09 08:00:00,193.77211961459798
08-09 09:00:00,124.99646321784277
08-09 10:00:00,47.46300785223077
08-09 11:00:00,5.8603201373792135
08-09 12:00:00,6.669945154291142
08-09 13:00:00,6.282304546698967
08-09 14:00:00,5.04019613785161
08-09 15:00:00,5.04019613785161
08-09 16:00:00,5.310088754879522
08-09 17:00:00,9.210364606460177
08-09 18:00:00,21.293615714695555
08-09 19:00:00,62.21443604904708
08-09 20:00:00,107.74965214070824
08-09 21:00:00,161.55616431870337
08-09 22:00:00,177.6090661844184
08-09 23:00:00,217.5332970178735
08-10 00:00:00,217.65683535890852
08-10 01:00:00,256.2701241802279
08-10 02:00:00,287.72891973837505
08-10 03:00:00,323.8550066791093
08-10 04:00:00,313.2937340748697
08-10 05:00:00,338.3256307773449
08-10 06:00:00,271.65439049122205
08-10 07:00:00,162.47426317967236
08-10 08:00:00,79.32969467578911
08-10 09:00:00,20.774933925662022
08-10 10:00:00,3.3675240311862273
08-10 11:00:00,2.940456901788911
08-10 12:00:00,2.34673344837565
08-10 13:00:00,3.1223142825824866
08-10 14:00:00,3.491311302211601
08-10 15:00:00,3.9944585655338436
08-10 16:00:00,3.2445266612036296
08-10 17:00:00,3.1833226537432506
08-10 18:00:00,3.1223142825824866
08-10 19:00:00,13.067487099374901
08-10 20:00:00,27.605266291419518
08-10 21:00:00,36.59175482449855
08-10 22:00:00,69.9134796654704
08-10 23:00:00,101.7166692355544
08-11 00:00:00,119.85710282000295
08-11 01:00:00,138.47286263524424
08-11 02:00:00,160.2465513369283
08-11 03:00:00,185.28310583458682
08-11 04:00:00,196.79421571978637
08-11 05:00:00,198.58440606345914
08-11 06:00:00,157.77475038523892
08-11 07:00:00,72.26380838450659
08-11 08:00:00,8.682982695050002
08-11 09:00:00,2.880224999355381
08-11 10:00:00,2.40525337371815
08-11 11:00:00,1.7717375475634918
08-11 12:00:00,1.5468529058261478
08-11 13:00:00,1.942304630443062
08-11 14:00:00,2.34673344837565
08-11 15:00:00,1.7717375475634918
08-11 16:00:00,1.942304630443062
08-11 17:00:00,2.34673344837565
08-11 18:00:00,2.880224999355381
08-11 19:00:00,2.7603384138160356
08-11 20:00:00,15.886118451877405
08-11 21:00:00,21.734069797761876
08-11 22:00:00,26.34745259307933
08-11 23:00:00,44.87123361764745
08-12 00:00:00,80.33254414660709
08-12 01:00:00,107.82726486442323
08-12 02:00:00,122.54627127864859
08-12 03:00:00,142.29176077462785
08-12 04:00:00,159.62535460925488
08-12 05:00:00,158.5417341958735
08-12 06:00:00,106.80823658067396
08-12 07:00:00,35.82364583908699
08-12 08:00:00,1.828410997447822
08-12 09:00:00,1.2697753769992735
08-12 10:00:00,0.8355969912347789
08-12 11:00:00,0.10211557710187177
08-12 12:00:00,0.0
08-12 13:00:00,0.0
08-12 14:00:00,0.25652488502745757
08-12 15:00:00,0.5698446804615278
08-12 16:00:00,0.25652488502745757
08-12 17:00:00,0.0
08-12 18:00:00,0.4647329916857035
08-12 19:00:00,1.380073213174069
08-12 20:00:00,2.306863355522129
08-12 21:00:00,4.7870987691580105
08-12 22:00:00,6.572403531922334
08-12 23:00:00,2.7603384138160356
08-13 00:00:00,3.9671657113292107
08-13 01:00:00,9.947721788684449
08-13 02:00:00,17.63716482695205
08-13 03:00:00,19.526957981989472
08-13 04:00:00,23.978931785366274
08-13 05:00:00,34.79557390081827
08-13 06:00:00,37.80021101733096
08-13 07:00:00,4.1514532509771005
08-13 08:00:00,2.114520516885312
08-13 09:00:00,1.1056504379377126
08-13 10:00:00,0.7287837153420506
08-13 11:00:00,0.5172044249167842
08-13 12:00:00,0.5172044249167842
08-13 13:00:00,0.10211557710187177
08-13 14:00:00,0.0
08-13 15:00:00,0.20488962962709173
08-13 16:00:00,1.1056504379377126
08-13 17:00:00,1.1601832466440154
08-13 18:00:00,1.5468529058261478
08-13 19:00:00,1.8852665011020728
08-13 20:00:00,5.0170909277060325
08-13 21:00:00,7.912392589976674
08-13 22:00:00,9.832868856508107
08-13 23:00:00,14.891159953624095
08-14 00:00:00,16.936008255090805
08-14 01:00:00,21.049529442348934
08-14 02:00:00,27.00818170808093
08-14 03:00:00,42.66287394810493
08-14 04:00:00,50.33655705929493
08-14 05:00:00,56.82123430305828
08-14 06:00:00,27.105207008848172
08-14 07:00:00,1.942304630443062
08-14 08:00:00,1.6589345297912752
08-14 09:00:00,1.1601832466440154
08-14 10:00:00,0.10211557710187177
08-14 11:00:00,0.0
08-14 12:00:00,0.0
08-14 13:00:00,0.0
08-14 14:00:00,0.0
08-14 15:00:00,0.3602944696058467
08-14 16:00:00,0.6226542909556687
08-14 17:00:00,0.7287837153420506
08-14 18:00:00,0.9971085813674934
08-14 19:00:00,1.4354881603110803
08-14 20:00:00,1.4910812044355974
08-14 21:00:00,1.4354881603110803
08-14 22:00:00,5.062403682825075
08-14 23:00:00,10.802828889714114
08-15 00:00:00,13.490080880597464
08-15 01:00:00,13.093324851138918
08-15 02:00:00,16.521141781325213
08-15 03:00:00,18.898998830588454
08-15 04:00:00,22.559087362936623
08-15 05:00:00,25.61842587233662
08-15 06:00:00,12.594360554128691
08-15 07:00:00,0.7821046025223978
08-15 08:00:00,0.30832632346008204
08-15 09:00:00,0.15342003415921862
08-15 10:00:00,0.412429849730054
08-15 11:00:00,0.0
08-15 12:00:00,0.0
08-15 13:00:00,1.1601832466440154
08-15 14:00:00,0.0
08-15 15:00:00,0.675633790635692
08-15 16:00:00,1.1601832466440154
08-15 17:00:00,1.4910812044355974
08-15 18:00:00,1.7152455812036311
08-15 19:00:00,2.2302547968935205
08-15 20:00:00,2.6412174576161433
08-15 21:00:00,3.1223142825824866
08-15 22:00:00,3.3675240311862273
08-15 23:00:00,5.483203884213757
08-16 00:00:00,12.503667378283811
08-16 01:00:00,17.64181809720159
08-16 02:00:00,35.6096887564312
08-16 03:00:00,127.6925214943594
08-16 04:00:00,119.77483429099489
08-16 05:00:00,105.346504359645
08-16 06:00:00,95.59746133373896
08-16 07:00:00,81.79742917160974
08-16 08:00:00,87.35463515995033
08-16 09:00:00,112.05311002901739
08-16 10:00:00,155.13842605466706
08-16 11:00:00,171.36054022030345
08-16 12:00:00,199.89823305181775
08-16 13:00:00,211.00118053273937
08-16 14:00:00,236.89029728400374
08-16 15:00:00,215.9357915779357
08-16 16:00:00,186.0775019038083
08-16 17:00:00,181.6061651997735
08-16 18:00:00,195.06354757964954
08-16 19:00:00,218.78942608466102
08-16 20:00:00,219.99060375426862
08-16 21:00:00,249.17143284110404
08-16 22:00:00,247.38691525642798
08-16 23:00:00,246.8363862146269
08-17 00:00:00,231.0331756153448
08-17 01:00:00,338.87727061372755
08-17 02:00:00,405.82052527291137
08-17 03:00:00,407.6760633794668
08-17 04:00:00,417.8901401062116
08-17 05:00:00,420.05832368846137
08-17 06:00:00,410.57162106759466
08-17 07:00:00,408.8263674095736
08-17 08:00:00,382.11711973933524
08-17 09:00:00,300.517483043439
08-17 10:00:00,228.42529779905996
08-17 11:00:00,172.91988816882824
08-17 12:00:00,133.46204110778214
08-17 13:00:00,107.78177263158058
08-17 14:00:00,73.15262320840304
08-17 15:00:00,67.7761997011647
08-17 16:00:00,62.02782628900291
08-17 17:00:00,110.70925777308167
08-17 18:00:00,144.0670585154684
08-17 19:00:00,172.4017932448076
08-17 20:00:00,188.00661245123507
08-17 21:00:00,218.3720433538735
08-17 22:00:00,244.78272770143073
08-17 23:00:00,277.74049198912735
08-18 00:00:00,327.9186911398434
08-18 01:00:00,336.055493841863
08-18 02:00:00,346.7330284375243
08-18 03:00:00,354.8650996133418
08-18 04:00:00,351.21690804025576
08-18 05:00:00,336.82198968327697
08-18 06:00:00,330.1045794775794
08-18 07:00:00,282.3737399549641
08-18 08:00:00,238.12942930389232
08-18 09:00:00,194.30205719565672
08-18 10:00:00,153.19515446589364
08-18 11:00:00,116.2534411606327
08-18 12:00:00,66.11466681861832
08-18 13:00:00,23.95225789267635
08-18 14:00:00,14.743581598732348
08-18 15:00:00,11.914982611186941
08-18 16:00:00,9.345208747301504
08-18 17:00:00,16.283739918253225
08-18 18:00:00,74.31816421068018
08-18 19:00:00,125.78557941708134
08-18 20:00:00,164.31029269854315
08-18 21:00:00,209.92494922800722
08-18 22:00:00,209.1693735196168
08-18 23:00:00,193.3659725080417
08-19 00:00:00,201.44422478979567
08-19 01:00:00,203.37156593181987
08-19 02:00:00,208.3689256975375
08-19 03:00:00,217.5061331837904
08-19 04:00:00,232.51587230980093
08-19 05:00:00,238.9339450715697
08-19 06:00:00,234.32747731836477
08-19 07:00:00,167.52663389476754
08-19 08:00:00,113.57278459692994
08-19 09:00:00,59.55626466111489
08-19 10:00:00,42.39114728127536
08-19 11:00:00,16.836466099160567
08-19 12:00:00,5.514781559287433
08-19 13:00:00,11.874752466629676
08-19 14:00:00,14.92146812720042
08-19 15:00:00,15.48232960999805
08-19 16:00:00,16.111562565585103
08-19 17:00:00,16.25402678495059
08-19 18:00:00,52.22067483264314
08-19 19:00:00,59.5067571828884
08-19 20:00:00,84.84664794679298
08-19 21:00:00,99.43359428178061
08-19 22:00:00,133.7049233296462
08-19 23:00:00,149.31441693875266
08-20 00:00:00,169.62297866462353
08-20 01:00:00,161.7661293488504
08-20 02:00:00,175.6336547271481
08-20 03:00:00,214.41130493625465
08-20 04:00:00,215.64074023619685
08-20 05:00:00,202.0550547919741
08-20 06:00:00,181.01450915841517
08-20 07:00:00,129.51122774192947
08-20 08:00:00,64.8533430229052
08-20 09:00:00,6.041239662746241
08-20 10:00:00,4.445396896641254
08-20 11:00:00,4.186482823140928
08-20 12:00:00,4.8400267451618255
08-20 13:00:00,3.4293186211276327
08-20 14:00:00,3.491311302211601
08-20 15:00:00,3.4293186211276327
08-20 16:00:00,3.804267767840779
08-20 17:00:00,4.380357701484357
08-20 18:00:00,5.373370359258802
08-20 19:00:00,23.63078007785972
08-20 20:00:00,37.05021692147492
08-20 21:00:00,58.923915312880716
08-20 22:00:00,107.36922801696389
08-20 23:00:00,128.9980607018215
08-21 00:00:00,163.11001171592622
08-21 01:00:00,181.47976480385233
08-21 02:00:00,190.1021602956
08-21 03:00:00,192.16115195945903
08-21 04:00:00,209.8938204825918
08-21 05:00:00,240.36351263930575
08-21 06:00:00,192.7744357884882
08-21 07:00:00,94.79951927776065
08-21 08:00:00,32.5940659871916
08-21 09:00:00,3.000882013387704
08-21 10:00:00,2.40525337371815
08-21 11:00:00,1.9995259590618457
08-21 12:00:00,1.5468529058261478
08-21 13:00:00,1.380073213174069
08-21 14:00:00,1.6589345297912752
08-21 15:00:00,1.6028038264150277
08-21 16:00:00,1.828410997447822
08-21 17:00:00,2.6412174576161433
08-21 18:00:00,3.1223142825824866
08-21 19:00:00,11.501105047901694
08-21 20:00:00,21.687016368120958
08-21 21:00:00,26.887906425418088
08-21 22:00:00,27.634757748425486
08-21 23:00:00,41.89295307190511
08-22 00:00:00,54.540749910827756
08-22 01:00:00,26.330946570363345
08-22 02:00:00,104.43380778693849
08-22 03:00:00,136.70600399875403
08-22 04:00:00,158.0216987823331
08-22 05:00:00,118.85221931557105
08-22 06:00:00,168.37150517202545
08-22 07:00:00,143.15321706114227
08-22 08:00:00,101.27770402525859
08-22 09:00:00,71.82670779168967
08-22 10:00:00,37.04325459142483
08-22 11:00:00,11.441194285171992
08-22 12:00:00,9.958849922163989
08-22 13:00:00,10.308529743872967
08-22 14:00:00,9.158310355846966
08-22 15:00:00,100.42192344620862
08-22 16:00:00,118.92318719862348
08-22 17:00:00,145.3634877036784
08-22 18:00:00,190.6315948483414
08-22 19:00:00,220.16323545214158
08-22 20:00:00,242.5139984926365
08-22 21:00:00,245.10126391666006
08-22 22:00:00,271.3385669579755
08-22 23:00:00,283.2554295583128
08-23 00:00:00,289.6618868857725
08-23 01:00:00,301.4900365707996
08-23 02:00:00,306.52985356263014
08-23 03:00:00,300.10964197494434
08-23 04:00:00,330.75240933733795
08-23 05:00:00,328.4126812651934
08-23 06:00:00,307.410162717099
08-23 07:00:00,261.12917330183
08-23 08:00:00,201.99241346082363
08-23 09:00:00,129.0618691774783
08-23 10:00:00,82.93550308653907
08-23 11:00:00,69.29562098691453
08-23 12:00:00,51.87425481655039
08-23 13:00:00,13.719000176051225
08-23 14:00:00,16.203813012069727
08-23 15:00:00,19.443690003433815
08-23 16:00:00,20.473955862149488
08-23 17:00:00,57.954668074986344
08-23 18:00:00,85.6424931591938
08-23 19:00:00,114.57291164065279
08-23 20:00:00,137.12223209441802
08-23 21:00:00,172.42978585154236
08-23 22:00:00,176.88146034910852
08-23 23:00:00,219.449289794359
08-24 00:00:00,206.02065993150717
08-24 01:00:00,231.05709646057414
08-24 02:00:00,288.96971961733635
08-24 03:00:00,296.20646303826976
08-24 04:00:00,279.99157625306236
08-24 05:00:00,285.46014603269765
08-24 06:00:00,282.15880242166475
08-24 07:00:00,278.10449950857054
08-24 08:00:00,265.87067432955433
08-24 09:00:00,234.9625962503178
08-24 10:00:00,206.44848437219522
08-24 11:00:00,168.00371549908544
08-24 12:00:00,186.90163013232225
08-24 13:00:00,174.95693992825355
08-24 14:00:00,170.33747170778173
08-24 15:00:00,139.46870396921375
08-24 16:00:00,135.37370328306673
08-24 17:00:00,147.17342043818533
08-24 18:00:00,156.00638211670153
08-24 19:00:00,186.04731181715374
08-24 20:00:00,213.8322112880053
08-24 21:00:00,215.6130452280771
08-24 22:00:00,257.5613977823304
08-24 23:00:00,299.6623274335696
08-25 00:00:00,276.7658042052247
08-25 01:00:00,288.817518700986
08-25 02:00:00,294.29165203067714
08-25 03:00:00,308.9472726337327
08-25 04:00:00,308.9606778788911
08-25 05:00:00,313.6454180197902
08-25 06:00:00,302.6948110108257
08-25 07:00:00,278.0042940366371
08-25 08:00:00,258.8325818967141
08-25 09:00:00,214.25682337595762
08-25 10:00:00,178.89832604464726
08-25 11:00:00,151.1615329801742
08-25 12:00:00,150.84461493359447
08-25 13:00:00,144.56814849550057
08-25 14:00:00,137.68982231537504
08-25 15:00:00,119.7088166756607
08-25 16:00:00,102.89041111039427
08-25 17:00:00,124.52517872322872
08-25 18:00:00,162.6869764941854
08-25 19:00:00,201.82002491867112
08-25 20:00:00,241.59148902384544
08-25 21:00:00,279.4892927675341
08-25 22:00:00,326.77626002390764
08-25 23:00:00,351.52815354301623
08-26 00:00:00,386.77833029714486
08-26 01:00:00,393.8396076895317
08-26 02:00:00,411.7908967964981
08-26 03:00:00,430.36577109467004
08-26 04:00:00,441.1590667711709
08-26 05:00:00,456.263216593537
08-26 06:00:00,422.7788425475208
08-26 07:00:00,312.13372767057274
08-26 08:00:00,204.79371440543557
08-26 09:00:00,165.0721666563114
08-26 10:00:00,78.08183433155503
08-26 11:00:00,37.227184205502056
08-26 12:00:00,18.058252219768548
08-26 13:00:00,18.209115808925873
08-26 14:00:00,19.55351371883192
08-26 15:00:00,28.950901920149075
08-26 16:00:00,91.27474975870976
08-26 17:00:00,84.85276348019856
08-26 18:00:00,139.93250291073196
08-26 19:00:00,189.03448904861216
08-26 20:00:00,216.55281259364762
08-26 21:00:00,255.658214471589
08-26 22:00:00,264.5413707462492
08-26 23:00:00,274.0707099953144
08-27 00:00:00,279.08127799485084
08-27 01:00:00,301.66430456708264
08-27 02:00:00,323.02241726646804
08-27 03:00:00,336.85631769409935
08-27 04:00:00,361.77821326547905
08-27 05:00:00,387.5102847694013
08-27 06:00:00,381.1972719660974
08-27 07:00:00,335.60836718323566
08-27 08:00:00,265.2985714251501
08-27 09:00:00,221.15932956773545
08-27 10:00:00,159.75194158110648
08-27 11:00:00,125.31917856793847
08-27 12:00:00,99.03656601871491
08-27 13:00:00,96.61408236160706
08-27 14:00:00,100.61882327621211
08-27 15:00:00,108.24955746338311
08-27 16:00:00,120.11527341143712
08-27 17:00:00,141.62591723497488
08-27 18:00:00,197.29607603370386
08-27 19:00:00,242.97720783971405
08-27 20:00:00,272.96387041137746
08-27 21:00:00,325.23494169300227
08-27 22:00:00,373.07670847733255
08-27 23:00:00,396.6280245431452
08-28 00:00:00,404.6924874645348
08-28 01:00:00,419.07095404406886
08-28 02:00:00,427.15649996505744
08-28 03:00:00,455.9161393157649
08-28 04:00:00,477.0496374247654
08-28 05:00:00,479.3960245120465
08-28 06:00:00,472.8964905651704
08-28 07:00:00,419.78540991118314
08-28 08:00:00,387.75790154550447
08-28 09:00:00,374.82223416795676
08-28 10:00:00,325.16641675799514
08-28 11:00:00,272.06686914321955
08-28 12:00:00,227.74002086540892
08-28 13:00:00,215.52656269553697
08-28 14:00:00,340.4719909662444
08-28 15:00:00,453.2131932606002
08-28 16:00:00,434.1705255191419
08-28 17:00:00,443.7232095982248
08-28 18:00:00,444.09849264402243
08-28 19:00:00,468.35639603394293
08-28 20:00:00,479.5908980494541
08-28 21:00:00,473.77126704740374
08-28 22:00:00,473.595642461501
08-28 23:00:00,483.6375836021399
08-29 00:00:00,489.0589070575086
08-29 01:00:00,499.0161710115736
08-29 02:00:00,497.66775738644174
08-29 03:00:00,507.23728590874674
08-29 04:00:00,503.49318902853526
08-29 05:00:00,506.9983377702143
08-29 06:00:00,488.57322894680283
08-29 07:00:00,458.90152214116097
08-29 08:00:00,433.622590516334
08-29 09:00:00,425.1072899670432
08-29 10:00:00,386.1420394220766
08-29 11:00:00,356.73269906376663
08-29 12:00:00,312.44048079974925
08-29 13:00:00,340.7164138323458
08-29 14:00:00,342.0004984612155
08-29 15:00:00,342.80625466660337
08-29 16:00:00,317.26832644374934
08-29 17:00:00,316.08773791038954
08-29 18:00:00,307.7257806514125
08-29 19:00:00,314.0815923129444
08-29 20:00:00,323.53779238649355
08-29 21:00:00,338.19042070792256
08-29 22:00:00,353.77486835577724
08-29 23:00:00,368.30615143175817
08-30 00:00:00,393.4905603456968
08-30 01:00:00,393.4905603456968
08-30 02:00:00,400.4143952477164
08-30 03:00:00,405.9563934571406
08-30 04:00:00,420.7567352329604
08-30 05:00:00,415.8526734348767
08-30 06:00:00,399.2654211102321
08-30 07:00:00,346.3580027971158
08-30 08:00:00,326.1935707664049
08-30 09:00:00,294.8979149306941
08-30 10:00:00,275.3514807266255
08-30 11:00:00,270.46173837367235
08-30 12:00:00,272.95455067336843
08-30 13:00:00,246.68967720705982
08-30 14:00:00,179.2698542225759
08-30 15:00:00,190.9598091007431
08-30 16:00:00,182.16243413139358
08-30 17:00:00,212.41885800299175
08-30 18:00:00,265.60130087704647
08-30 19:00:00,307.6839266777398
08-30 20:00:00,333.9383984517247
08-30 21:00:00,333.44615111050047
08-30 22:00:00,338.24452800215937
08-30 23:00:00,349.06837142561096
08-31 00:00:00,351.1688865926563
08-31 01:00:00,351.36431453040643
08-31 02:00:00,352.5343510619579
08-31 03:00:00,348.9594430046746
08-31 04:00:00,353.6768462014128
08-31 05:00:00,359.35808983868554
08-31 06:00:00,364.10629519176183
08-31 07:00:00,321.5208385972777
08-31 08:00:00,295.03176422911497
08-31 09:00:00,245.9965041354878
08-31 10:00:00,205.56035445115188
08-31 11:00:00,149.02618214404188
08-31 12:00:00,111.4367839166421
08-31 13:00:00,96.90637555531214
08-31 14:00:00,57.62628271418831
08-31 15:00:00,80.17064114051834
08-31 16:00:00,115.54566530086757
08-31 17:00:00,149.4826189714953
08-31 18:00:00,194.04945144468425
08-31 19:00:00,253.18073879452706
08-31 20:00:00,286.83029276120243
08-31 21:00:00,314.91397630414764
08-31 22:00:00,368.1040897162707
08-31 23:00:00,384.2772482380153
09-01 00:00:00,402.3603226405027
09-01 01:00:00,414.743410722824
09-01 02:00:00,443.1263383498455
09-01 03:00:00,458.3621656885655
09-01 04:00:00,462.93266881414553
09-01 05:00:00,516.030121452424
09-01 06:00:00,472.7957003181079
09-01 07:00:00,381.7068181532149
09-01 08:00:00,311.1889608196374
09-01 09:00:00,227.02741499060025
09-01 10:00:00,141.9906980615945
09-01 11:00:00,80.84541346950535
09-01 12:00:00,28.25425247620655
09-01 13:00:00,10.950660937688331
09-01 14:00:00,11.963095104703052
09-01 15:00:00,15.722477334019672
09-01 16:00:00,18.933039406969762
09-01 17:00:00,27.88218873654627
09-01 18:00:00,132.1666645173463
09-01 19:00:00,192.31859661347357
09-01 20:00:00,237.35153614036687
09-01 21:00:00,272.7889638198552
09-01 22:00:00,332.6538484499783
09-01 23:00:00,368.1832908751158
09-02 00:00:00,393.9392561515275
09-02 01:00:00,431.322667638841
09-02 02:00:00,456.58552900585875
09-02 03:00:00,470.8604337906091
09-02 04:00:00,505.66572402621745
09-02 05:00:00,508.2573689173986
09-02 06:00:00,489.73549774441483
09-02 07:00:00,396.72386190113275
09-02 08:00:00,304.55591601098797
09-02 09:00:00,238.34394709917032
09-02 10:00:00,145.6975803276901
09-02 11:00:00,72.9835300397089
09-02 12:00:00,22.444132391117066
09-02 13:00:00,2.700682530923091
09-02 14:00:00,3.3675240311862273
09-02 15:00:00,3.6158934117805295
09-02 16:00:00,3.9308587585385997
09-02 17:00:00,12.086370305467675
09-02 18:00:00,41.670368552111285
09-02 19:00:00,97.74129483240479
09-02 20:00:00,121.96963820547539
09-02 21:00:00,199.2715263683716
09-02 22:00:00,245.67137866626496
09-02 23:00:00,276.2767982664955
09-03 00:00:00,289.96708235909523
09-03 01:00:00,317.7719915826608
09-03 02:00:00,341.98215171411806
09-03 03:00:00,351.0938605179291
09-03 04:00:00,355.02390056433467
09-03 05:00:00,369.92937711369154
09-03 06:00:00,342.17572023722465
09-03 07:00:00,273.36944953724077
09-03 08:00:00,224.08592523102445
09-03 09:00:00,132.04852109660206
09-03 10:00:00,54.67063842176967
09-03 11:00:00,7.61366299006433
09-03 12:00:00,4.707642052208492
09-03 13:00:00,4.445396896641254
09-03 14:00:00,4.445396896641254
09-03 15:00:00,4.445396896641254
09-03 16:00:00,4.906536905427266
09-03 17:00:00,6.1313237338011035
09-03 18:00:00,20.368936541464336
09-03 19:00:00,39.655178476449436
09-03 20:00:00,81.29837522482532
09-03 21:00:00,170.59754777363352
09-03 22:00:00,211.3489147365939
09-03 23:00:00,248.53228482720567
09-04 00:00:00,284.92299805546475
09-04 01:00:00,303.12472349387946
09-04 02:00:00,325.3993503803916
09-04 03:00:00,337.9556854467944
09-04 04:00:00,352.23202170797913
09-04 05:00:00,374.58632766576676
09-04 06:00:00,369.41252535599256
09-04 07:00:00,269.52316105544395
09-04 08:00:00,177.59398821074595
09-04 09:00:00,88.66703494868992
09-04 10:00:00,17.44805300352911
09-04 11:00:00,4.97325981677503
09-04 12:00:00,5.174711652703557
09-04 13:00:00,5.652336026633103
09-04 14:00:00,5.37810206681981
09-04 15:00:00,5.583449083946185
09-04 16:00:00,5.514781559287433
09-04 17:00:00,5.3570201036651905
09-04 18:00:00,25.645422059974518
09-04 19:00:00,57.173111307686774
09-04 20:00:00,106.70218121941022
09-04 21:00:00,180.43996979435428
09-04 22:00:00,210.71229996916978
09-04 23:00:00,257.5509928021771
09-05 00:00:00,295.1521120357675
09-05 01:00:00,303.1164025305864
09-05 02:00:00,335.41759686780085
09-05 03:00:00,348.54318962132106
09-05 04:00:00,347.34664595407094
09-05 05:00:00,366.5779921638117
09-05 06:00:00,355.2748859215596
09-05 07:00:00,257.81244397164284
09-05 08:00:00,158.06049302709022
09-05 09:00:00,70.30631332561262
09-05 10:00:00,11.941119126751634
09-05 11:00:00,3.7412753252846267
09-05 12:00:00,4.122269963131764
09-05 13:00:00,4.707642052208492
09-05 14:00:00,4.906536905427266
09-05 15:00:00,4.707642052208492
09-05 16:00:00,4.773728679115817
09-05 17:00:00,4.641766211139745
09-05 18:00:00,25.497014591415166
09-05 19:00:00,43.45632110971842
09-05 20:00:00,69.622523036406
09-05 21:00:00,130.732158845322
09-05 22:00:00,203.07923699113113
09-05 23:00:00,225.78510293585668
09-06 00:00:00,245.771047879403
09-06 01:00:00,266.51405714376773
09-06 02:00:00,289.1509258891537
09-06 03:00:00,317.79467749017726
09-06 04:00:00,341.77183456608896
09-06 05:00:00,333.02380410292574
09-06 06:00:00,317.97586319079045
09-06 07:00:00,244.68314434834195
09-06 08:00:00,139.82021707114188
09-06 09:00:00,80.86731726797645
09-06 10:00:00,14.965877024101738
09-06 11:00:00,2.820185703615156
09-06 12:00:00,4.445396896641254
09-06 13:00:00,4.8400267451618255
09-06 14:00:00,4.445396896641254
09-06 15:00:00,4.510644282211597
09-06 16:00:00,4.510644282211597
09-06 17:00:00,4.3750860549376895
09-06 18:00:00,21.086001218764594
09-06 19:00:00,39.70814594947898
09-06 20:00:00,57.71316430111564
09-06 21:00:00,101.74119206791137
09-06 22:00:00,186.3514032053072
09-06 23:00:00,204.99831063361717
09-07 00:00:00,225.83675866859593
09-07 01:00:00,259.3349752368282
09-07 02:00:00,265.0447191457433
09-07 03:00:00,287.5302474168745
09-07 04:00:00,317.7141510781808
09-07 05:00:00,333.69725719211317
09-07 06:00:00,318.08648223310166
09-07 07:00:00,243.57531926339547
09-07 08:00:00,174.65271724248
09-07 09:00:00,119.07423423819372
09-07 10:00:00,59.990453484190795
09-07 11:00:00,3.3675240311862273
09-07 12:00:00,3.491311302211601
09-07 13:00:00,4.122269963131764
09-07 14:00:00,3.9308587585385997
09-07 15:00:00,3.6158934117805295
09-07 16:00:00,4.773728679115817
09-07 17:00:00,9.49326960421524
09-07 18:00:00,33.486236560003135
09-07 19:00:00,63.38183840735299
09-07 20:00:00,119.44164699283358
09-07 21:00:00,173.02224659471682
09-07 22:00:00,213.06685796434252
09-07 23:00:00,233.85271439802938
09-08 00:00:00,254.940729424163
09-08 01:00:00,261.8867352075127
09-08 02:00:00,303.8504667342262
09-08 03:00:00,315.8324578397881
09-08 04:00:00,328.73860160554335
09-08 05:00:00,342.64567540782815
09-08 06:00:00,334.1598018895037
09-08 07:00:00,254.34340858637975
09-08 08:00:00,170.41102106328
09-08 09:00:00,96.12774823245469
09-08 10:00:00,31.058084246867953
09-08 11:00:00,2.5819425982872266
09-08 12:00:00,2.463961147677271
09-08 13:00:00,1.8852665011020728
09-08 14:00:00,1.828410997447822
09-08 15:00:00,1.4910812044355974
09-08 16:00:00,1.828410997447822
09-08 17:00:00,2.820185703615156
09-08 18:00:00,14.241609245300817
09-08 19:00:00,28.881070420360523
09-08 20:00:00,66.02985261912593
09-08 21:00:00,93.40595255924993
09-08 22:00:00,81.96946171702035
09-08 23:00:00,89.93704302975435
09-09 00:00:00,92.37947323734892
09-09 01:00:00,103.17083676361817
09-09 02:00:00,117.25955784355916
09-09 03:00:00,171.1752569283547
09-09 04:00:00,216.49105707996486
09-09 05:00:00,235.0862565443187
09-09 06:00:00,230.583452105121
09-09 07:00:00,205.47328724295375
09-09 08:00:00,166.06024776635846
09-09 09:00:00,67.75954956999101
09-09 10:00:00,58.9709419543108
09-09 11:00:00,52.718363362755795
09-09 12:00:00,17.860417211849647
09-09 13:00:00,3.4293186211276327
09-09 14:00:00,3.2445266612036296
09-09 15:00:00,5.730340760213363
09-09 16:00:00,6.808190091726672
09-09 17:00:00,15.545040990428271
09-09 18:00:00,62.92086446708603
09-09 19:00:00,76.5989975745515
09-09 20:00:00,113.39893733856523
09-09 21:00:00,128.44814056927524
09-09 22:00:00,174.0775205137052
09-09 23:00:00,201.79780244410733
09-10 00:00:00,214.80474900103496
09-10 01:00:00,242.2428922936618
09-10 02:00:00,251.61593210867392
09-10 03:00:00,263.20169011799464
09-10 04:00:00,277.8646107124264
09-10 05:00:00,287.85525330148573
09-10 06:00:00,280.14660776177
09-10 07:00:00,190.83580069133296
09-10 08:00:00,111.18342685305748
09-10 09:00:00,53.27679325775816
09-10 10:00:00,26.81787002264388
09-10 11:00:00,4.773728679115817
09-10 12:00:00,4.97325981677503
09-10 13:00:00,5.514781559287433
09-10 14:00:00,8.410254196655186
09-10 15:00:00,10.308529743872967
09-10 16:00:00,12.29539377359831
09-10 17:00:00,37.464857434550126
09-10 18:00:00,126.5750563182591
09-10 19:00:00,182.84188136294136
09-10 20:00:00,213.14049018169118
09-10 21:00:00,222.94994160434211
09-10 22:00:00,231.783119631609
09-10 23:00:00,239.16765247682997
09-11 00:00:00,264.1505327772633
09-11 01:00:00,288.50551163247803
09-11 02:00:00,282.73484833564027
09-11 03:00:00,279.8101951277905
09-11 04:00:00,288.873249405224
09-11 05:00:00,282.1766640672599
09-11 06:00:00,271.08519648989045
09-11 07:00:00,235.1999635465063
09-11 08:00:00,151.80098494403848
09-11 09:00:00,70.99929007508534
09-11 10:00:00,8.15177501195464
09-11 11:00:00,5.107346529088494
09-11 12:00:00,4.97325981677503
09-11 13:00:00,4.576100504388593
09-11 14:00:00,4.445396896641254
09-11 15:00:00,4.058262089124109
09-11 16:00:00,4.510644282211597
09-11 17:00:00,8.037081164591193
09-11 18:00:00,87.44606097661685
09-11 19:00:00,108.54836007525532
09-11 20:00:00,116.82747091876666
09-11 21:00:00,113.0594142878607
09-11 22:00:00,153.906904028822
09-11 23:00:00,163.12849943977713
09-12 00:00:00,199.3177323875131
09-12 01:00:00,240.0021646780284
09-12 02:00:00,264.11017220209925
09-12 03:00:00,293.5280453960619
09-12 04:00:00,303.63961205626373
09-12 05:00:00,296.2581173734101
09-12 06:00:00,275.07398676506176
09-12 07:00:00,246.4415288156358
09-12 08:00:00,203.03648429128626
09-12 09:00:00,123.46039137562592
09-12 10:00:00,72.18351349609048
09-12 11:00:00,43.921315191904974
09-12 12:00:00,23.863040712224855
09-12 13:00:00,13.760116777424736
09-12 14:00:00,4.122269963131764
09-12 15:00:00,6.385088999830414
09-12 16:00:00,8.59277871836012
09-12 17:00:00,26.68443428124971
09-12 18:00:00,62.65993913489723
09-12 19:00:00,92.53791793566987
09-12 20:00:00,137.36750547156456
09-12 21:00:00,179.4198037016587
09-12 22:00:00,212.54944872024168
09-12 23:00:00,230.00871162408217
09-13 00:00:00,257.909152952258
09-13 01:00:00,267.7812558257105
09-13 02:00:00,270.41171868209074
09-13 03:00:00,282.7113573267878
09-13 04:00:00,299.75643329533193
09-13 05:00:00,316.1743711714061
09-13 06:00:00,314.5460514479699
09-13 07:00:00,238.82870564579198
09-13 08:00:00,150.04398367937839
09-13 09:00:00,77.69290549357473
09-13 10:00:00,8.250704960772318
09-13 11:00:00,3.3675240311862273
09-13 12:00:00,2.700682530923091
09-13 13:00:00,3.1833226537432506
09-13 14:00:00,4.576100504388593
09-13 15:00:00,4.122269963131764
09-13 16:00:00,4.576100504388593
09-13 17:00:00,4.773728679115817
09-13 18:00:00,19.21344804767849
09-13 19:00:00,26.079712308768993
09-13 20:00:00,32.44447993829793
09-13 21:00:00,113.17392584289392
09-13 22:00:00,142.97299349086947
09-13 23:00:00,145.96970598482417
09-14 00:00:00,171.37562644321767
09-14 01:00:00,183.06739390204186
09-14 02:00:00,206.97880318052094
09-14 03:00:00,200.27971730140345
09-14 04:00:00,208.54632645250805
09-14 05:00:00,235.0068994931706
09-14 06:00:00,223.3041474217129
09-14 07:00:00,162.39532674648478
09-14 08:00:00,79.66983569439353
09-14 09:00:00,4.528332367691098
09-14 10:00:00,2.7603384138160356
09-14 11:00:00,2.172294901668857
09-14 12:00:00,1.5468529058261478
09-14 13:00:00,1.828410997447822
09-14 14:00:00,1.8852665011020728
09-14 15:00:00,2.940456901788911
09-14 16:00:00,3.6158934117805295
09-14 17:00:00,4.122269963131764
09-14 18:00:00,8.74887055193641
09-14 19:00:00,18.671244685916047
09-14 20:00:00,25.545221348456874
09-14 21:00:00,56.41955089269976
09-14 22:00:00,61.240494045882016
09-14 23:00:00,43.18450645020714
09-15 00:00:00,64.1712549393296
09-15 01:00:00,88.03227578689588
09-15 02:00:00,116.41777452742616
09-15 03:00:00,123.21700482640843
09-15 04:00:00,120.44809323283383
09-15 05:00:00,124.12284215912
09-15 06:00:00,122.09751202229167
09-15 07:00:00,105.00830871625863
09-15 08:00:00,79.61158442445266
09-15 09:00:00,61.145577875698216
09-15 10:00:00,5.874252844079288
09-15 11:00:00,3.7412753252846267
09-15 12:00:00,3.8674620360758167
09-15 13:00:00,3.491311302211601
09-15 14:00:00,10.76145721660493
09-15 15:00:00,33.184811803290025
09-15 16:00:00,28.47921921701859
09-15 17:00:00,48.10705998535847
09-15 18:00:00,67.95762142994626
09-15 19:00:00,86.8992528775131
09-15 20:00:00,83.73766114903725
09-15 21:00:00,117.88310107869441
09-15 22:00:00,135.23418093997472
09-15 23:00:00,152.4595176689481
09-16 00:00:00,141.78459926143725
09-16 01:00:00,149.99081790158056
09-16 02:00:00,145.50458178769375
09-16 03:00:00,147.1565394147539
09-16 04:00:00,154.95778129555433
09-16 05:00:00,141.41692285433442
09-16 06:00:00,149.1709169565756
09-16 07:00:00,123.34730368035855
09-16 08:00:00,86.37984946465019
09-16 09:00:00,94.57855929219042
09-16 10:00:00,57.94842731247908
09-16 11:00:00,27.28118615478657
09-16 12:00:00,17.661942501049197
09-16 13:00:00,35.14032821439785
09-16 14:00:00,58.489924276397545
09-16 15:00:00,94.9549596556846
09-16 16:00:00,124.45852383108434
09-16 17:00:00,161.93279970298667
09-16 18:00:00,168.331233338603
09-16 19:00:00,185.11009618547422
09-16 20:00:00,202.04531028348865
09-16 21:00:00,228.6834382046461
09-16 22:00:00,230.35862329352992
09-16 23:00:00,241.31464542825634
09-17 00:00:00,259.8284543619308
09-17 01:00:00,270.15498442969096
09-17 02:00:00,292.630744207074
09-17 03:00:00,304.6840038199784
09-17 04:00:00,300.52550985084576
09-17 05:00:00,311.1818231021592
09-17 06:00:00,321.4460389789169
09-17 07:00:00,269.9042791920613
09-17 08:00:00,217.55395215831467
09-17 09:00:00,169.51193934737827
09-17 10:00:00,141.12362736219626
09-17 11:00:00,95.85656152992979
09-17 12:00:00,65.85709617637673
09-17 13:00:00,42.177562853385986
09-17 14:00:00,21.361251062093416
09-17 15:00:00,28.221071732370564
09-17 16:00:00,55.457757578421116
09-17 17:00:00,127.89167861496489
09-17 18:00:00,159.14545892762365
09-17 19:00:00,188.0401570370688
09-17 20:00:00,221.37746391326914
09-17 21:00:00,240.19700470698908
09-17 22:00:00,280.7030314625313
09-17 23:00:00,313.22473250807656
09-18 00:00:00,340.6927717390032
09-18 01:00:00,370.8854567357484
09-18 02:00:00,399.1267076626982
09-18 03:00:00,424.30478588421533
09-18 04:00:00,440.21307068820636
09-18 05:00:00,466.9974982254456
09-18 06:00:00,464.6077832130026
09-18 07:00:00,397.284208113786
09-18 08:00:00,332.6487555614474
09-18 09:00:00,280.27886429294705
09-18 10:00:00,196.02734058595408
09-18 11:00:00,114.62751090470944
09-18 12:00:00,37.492529226765
09-18 13:00:00,12.364596094198708
09-18 14:00:00,14.15901453647549
09-18 15:00:00,23.648679642160662
09-18 16:00:00,41.108885302979864
09-18 17:00:00,127.65100763445287
09-18 18:00:00,164.6167563635319
09-18 19:00:00,211.07264829241853
09-18 20:00:00,223.35623950242623
09-18 21:00:00,243.75488432492747
09-18 22:00:00,321.37410257594155
09-18 23:00:00,357.0891107363102
09-19 00:00:00,374.57697341312524
09-19 01:00:00,380.13939802245784
09-19 02:00:00,404.9878385974081
09-19 03:00:00,422.5833484050369
09-19 04:00:00,438.8812700633354
09-19 05:00:00,444.0541206600815
09-19 06:00:00,419.06119572201135
09-19 07:00:00,400.18923705710097
09-19 08:00:00,382.1421971373369
09-19 09:00:00,399.2930933222927
09-19 10:00:00,389.5294607181215
09-19 11:00:00,384.36900411230454
09-19 12:00:00,403.15901547804606
09-19 13:00:00,428.11825343057745
09-19 14:00:00,455.8773445992249
09-19 15:00:00,463.3979333283815
09-19 16:00:00,475.67479350360196
09-19 17:00:00,514.6085942446401
09-19 18:00:00,531.9686221611493
09-19 19:00:00,532.3034468057299
09-19 20:00:00,525.7823836781375
09-19 21:00:00,530.4415642363444
09-19 22:00:00,535.0635238784745
09-19 23:00:00,528.958853874822
09-20 00:00:00,528.3186203499598
09-20 01:00:00,527.6817741061279
09-20 02:00:00,532.0292853444672
09-20 03:00:00,526.6578658043632
09-20 04:00:00,521.0905170554383
09-20 05:00:00,520.2460360601605
09-20 06:00:00,519.1042158810808
09-20 07:00:00,504.56082606796264
09-20 08:00:00,474.60752213560266
09-20 09:00:00,426.2320267025209
09-20 10:00:00,365.7998657489958
09-20 11:00:00,328.3012810542501
09-20 12:00:00,275.9481760071553
09-20 13:00:00,254.2009464943286
09-20 14:00:00,253.92229749229438
09-20 15:00:00,267.88358799961617
09-20 16:00:00,287.4620376754966
09-20 17:00:00,316.55571456744997
09-20 18:00:00,347.66598332918625
09-20 19:00:00,362.69890022202713
09-20 20:00:00,361.4055282337581
09-20 21:00:00,372.6654068301614
09-20 22:00:00,390.6425775545853
09-20 23:00:00,387.97998940600974
09-21 00:00:00,396.77927056051226
09-21 01:00:00,405.9368705761243
09-21 02:00:00,408.33716204333575
09-21 03:00:00,409.66991689694
09-21 04:00:00,441.6401962419641
09-21 05:00:00,455.4342220235941
09-21 06:00:00,484.6885831852048
09-21 07:00:00,463.28869342957177
09-21 08:00:00,368.1420897115089
09-21 09:00:00,281.88540717745667
09-21 10:00:00,217.73890159963392
09-21 11:00:00,166.12713309213805
09-21 12:00:00,134.6317268649915
09-21 13:00:00,99.60943206133852
09-21 14:00:00,107.2693479508942
09-21 15:00:00,118.27288156941131
09-21 16:00:00,139.8929898592354
09-21 17:00:00,212.56096662066602
09-21 18:00:00,266.4295552596191
09-21 19:00:00,272.07077631930446
09-21 20:00:00,297.12456563872877
09-21 21:00:00,338.24704088071996
09-21 22:00:00,391.1822835708644
09-21 23:00:00,434.9170328428599
09-22 00:00:00,501.91063410702947
09-22 01:00:00,533.7089499198912
09-22 02:00:00,568.8210246278876
09-22 03:00:00,587.6165477698304
09-22 04:00:00,601.1789336908873
09-22 05:00:00,613.9173910727937
09-22 06:00:00,595.085802956416
09-22 07:00:00,553.9659828310662
09-22 08:00:00,505.88173986220534
09-22 09:00:00,430.26525525621804
09-22 10:00:00,358.97523805213785
09-22 11:00:00,302.44547734894394
09-22 12:00:00,259.70898135675685
09-22 13:00:00,218.0158228634753
09-22 14:00:00,184.49222099467187
09-22 15:00:00,179.46526458153957
09-22 16:00:00,203.17179734443155
09-22 17:00:00,254.09623892907314
09-22 18:00:00,275.05052827061667
09-22 19:00:00,341.60327829016916
09-22 20:00:00,395.03003859797315
09-22 21:00:00,458.741442129849
09-22 22:00:00,483.0830083324361
09-22 23:00:00,527.906717280913
09-23 00:00:00,544.7034261510033
09-23 01:00:00,572.3131708909607
09-23 02:00:00,585.939378409853
09-23 03:00:00,621.7392836732873
09-23 04:00:00,619.6258816244114
09-23 05:00:00,593.0146614150414
09-23 06:00:00,563.8015217241374
09-23 07:00:00,552.0863427882808
09-23 08:00:00,451.45118352320674
09-23 09:00:00,362.0542197503057
09-23 10:00:00,324.7230350746961
09-23 11:00:00,290.58117943410673
09-23 12:00:00,223.3888246984164
09-23 13:00:00,165.22566568372008
09-23 14:00:00,122.54834579137258
09-23 15:00:00,95.53181682165157
09-23 16:00:00,124.43010204580261
09-23 17:00:00,169.8826741306343
09-23 18:00:00,208.35717274559607
09-23 19:00:00,234.03910007249135
09-23 20:00:00,305.6740829416666
09-23 21:00:00,339.40225493851324
09-23 22:00:00,369.37786783480954
09-23 23:00:00,385.4702329684349
09-24 00:00:00,415.2562840238102
09-24 01:00:00,446.8872073753468
09-24 02:00:00,453.8788367022979
09-24 03:00:00,462.53845037605333
09-24 04:00:00,464.83499916441906
09-24 05:00:00,474.8487781399093
09-24 06:00:00,460.73648814716415
09-24 07:00:00,451.5131943524632
09-24 08:00:00,353.0398537289398
09-24 09:00:00,226.85117779490864
09-24 10:00:00,122.0303904329531
09-24 11:00:00,44.333933859844336
09-24 12:00:00,4.1531443726386446
09-24 13:00:00,3.4293186211276327
09-24 14:00:00,3.491311302211601
09-24 15:00:00,5.3727356290657475
09-24 16:00:00,27.520907682857985
09-24 17:00:00,66.90328736498252
09-24 18:00:00,106.08592190334491
09-24 19:00:00,165.9496075855442
09-24 20:00:00,254.59207830007279
09-24 21:00:00,277.6330246752314
09-24 22:00:00,301.0359536669861
09-24 23:00:00,345.4296731232408
09-25 00:00:00,344.89241462285037
09-25 01:00:00,345.17220391873536
09-25 02:00:00,381.3849435250966
09-25 03:00:00,406.8370324902927
09-25 04:00:00,409.8722334220925
09-25 05:00:00,413.08337088400293
09-25 06:00:00,426.1736501150681
09-25 07:00:00,368.65382129645775
09-25 08:00:00,267.47312710927383
09-25 09:00:00,167.33651707977043
09-25 10:00:00,82.69156109232125
09-25 11:00:00,42.939943707724495
09-25 12:00:00,2.2884007845639056
09-25 13:00:00,1.7152455812036311
09-25 14:00:00,2.0569310622265746
09-25 15:00:00,3.2598546382464884
09-25 16:00:00,4.002325825456977
09-25 17:00:00,25.6222377456752
09-25 18:00:00,58.08812873134127
09-25 19:00:00,67.8965508516618
09-25 20:00:00,81.06749197343603
09-25 21:00:00,94.77929102603495
09-25 22:00:00,121.93376518206809
09-25 23:00:00,134.50001539036026
09-26 00:00:00,125.96738225092712
09-26 01:00:00,136.53073704051604
09-26 02:00:00,164.74637241930188
09-26 03:00:00,204.63802452247944
09-26 04:00:00,245.80666010121394
09-26 05:00:00,261.49607267574
09-26 06:00:00,263.3072242723713
09-26 07:00:00,212.22624906157313
09-26 08:00:00,133.504492095802
09-26 09:00:00,105.5606612945257
09-26 10:00:00,90.36419200314188
09-26 11:00:00,65.4939444872259
09-26 12:00:00,93.12795108438739
09-26 13:00:00,77.86266672964666
09-26 14:00:00,31.205221864234844
09-26 15:00:00,36.603745183408904
09-26 16:00:00,82.25263843368839
09-26 17:00:00,115.53109731917603
09-26 18:00:00,129.36745984798375
09-26 19:00:00,169.09293610092604
09-26 20:00:00,223.5956242070286
09-26 21:00:00,304.8260977216665
09-26 22:00:00,294.61929393257753
09-26 23:00:00,344.5102392716451
09-27 00:00:00,363.71832528031837
09-27 01:00:00,358.4954698173071
09-27 02:00:00,345.04479833513244
09-27 03:00:00,337.4961596741852
09-27 04:00:00,338.42957183204476
09-27 05:00:00,362.75507343215475
09-27 06:00:00,373.67562917170915
09-27 07:00:00,340.01751092990554
09-27 08:00:00,251.82268358230235
09-27 09:00:00,151.9011570212866
09-27 10:00:00,86.76157759866298
09-27 11:00:00,37.150589359427755
09-27 12:00:00,10.913085871884117
09-27 13:00:00,6.308559446672908
09-27 14:00:00,15.270328537447238
09-27 15:00:00,17.10068809904161
09-27 16:00:00,20.44196120388674
09-27 17:00:00,56.13884233912854
09-27 18:00:00,84.15360851803072
09-27 19:00:00,146.55143686056527
09-27 20:00:00,192.31478270514722
09-27 21:00:00,196.7351110941345
09-27 22:00:00,225.56526175975083
09-27 23:00:00,225.51927668757432
09-28 00:00:00,250.47353560927002
09-28 01:00:00,234.38178222618507
09-28 02:00:00,242.77372795636228
09-28 03:00:00,322.80405679014115
09-28 04:00:00,347.3200378831025
09-28 05:00:00,359.9820611561279
09-28 06:00:00,372.02637775176953
09-28 07:00:00,378.3804580931075
09-28 08:00:00,358.60997754493934
09-28 09:00:00,336.88830319960505
09-28 10:00:00,307.9501350714951
09-28 11:00:00,286.15852825083743
09-28 12:00:00,259.2964686059952
09-28 13:00:00,236.17509788730214
09-28 14:00:00,216.1868191555028
09-28 15:00:00,214.50232689320754
09-28 16:00:00,229.12394957152108
09-28 17:00:00,258.9847884138657
09-28 18:00:00,270.2944761162222
09-28 19:00:00,275.85710356547094
09-28 20:00:00,285.6333458857958
09-28 21:00:00,295.43462829603817
09-28 22:00:00,323.44762868232704
09-28 23:00:00,343.4940020973649
09-29 00:00:00,315.5986163136522
09-29 01:00:00,316.0169977793454
09-29 02:00:00,333.6336954625664
09-29 03:00:00,343.7442521929347
09-29 04:00:00,369.4755171093383
09-29 05:00:00,369.0339344874874
09-29 06:00:00,378.73192636213366
09-29 07:00:00,385.66684376332006
09-29 08:00:00,367.4725428250133
09-29 09:00:00,309.9864962563977
09-29 10:00:00,221.96114671910814
09-29 11:00:00,182.07974352999082
09-29 12:00:00,156.44516796341313
09-29 13:00:00,164.4384342396844
09-29 14:00:00,111.75963790082818
09-29 15:00:00,132.5021859855204
09-29 16:00:00,221.2231154209056
09-29 17:00:00,280.75749887697174
09-29 18:00:00,340.3118231882112
09-29 19:00:00,433.43827954886797
09-29 20:00:00,465.2874893208321
09-29 21:00:00,497.8791326406648
09-29 22:00:00,501.972380400405
09-29 23:00:00,530.869048244549
09-30 00:00:00,550.5473534528882
09-30 01:00:00,589.7893828520043
09-30 02:00:00,588.0956438262929
09-30 03:00:00,590.1543099123645
09-30 04:00:00,577.1154786843912
09-30 05:00:00,600.2325621682271
09-30 06:00:00,612.9753298825849
09-30 07:00:00,610.8102502568947
09-30 08:00:00,522.1169594723334
09-30 09:00:00,439.2634603955703
09-30 10:00:00,359.1369556785895
09-30 11:00:00,321.7191845202545
09-30 12:00:00,271.54664544753746
09-30 13:00:00,239.41371370930267
09-30 14:00:00,227.63650792491597
09-30 15:00:00,241.910193337821
09-30 16:00:00,332.3670985147543
09-30 17:00:00,374.63506538126546
09-30 18:00:00,419.8570817268238
09-30 19:00:00,478.8388586048324
09-30 20:00:00,497.7762948157163
09-30 21:00:00,546.5357049128373
09-30 22:00:00,600.8294301399089
09-30 23:00:00,602.5871456582781
10-01 00:00:00,600.5895582358773
10-01 01:00:00,636.0708474149018
10-01 02:00:00,665.1109374518284
10-01 03:00:00,667.116115912372
10-01 04:00:00,703.2258699453307
10-01 05:00:00,717.7908714087413
10-01 06:00:00,711.2487174813065
10-01 07:00:00,632.4529363094482
10-01 08:00:00,490.94639898453363
10-01 09:00:00,403.12239661149374
10-01 10:00:00,306.7221462559765
10-01 11:00:00,231.91256519536236
10-01 12:00:00,159.68959833173972
10-01 13:00:00,106.77131460543009
10-01 14:00:00,84.13795730308765
10-01 15:00:00,103.05076431033174
10-01 16:00:00,156.59342967654533
10-01 17:00:00,195.22339648864516
10-01 18:00:00,242.94714480904625
10-01 19:00:00,341.9652219178545
10-01 20:00:00,349.4575319829325
10-01 21:00:00,356.3583690379675
10-01 22:00:00,372.8934396590958
10-01 23:00:00,372.4173806145407
10-02 00:00:00,380.5836238987079
10-02 01:00:00,384.6801946760303
10-02 02:00:00,378.852034832556
10-02 03:00:00,363.79586529391156
10-02 04:00:00,369.45074311165206
10-02 05:00:00,402.82776887814583
10-02 06:00:00,411.3535490946471
10-02 07:00:00,362.5771755153281
10-02 08:00:00,312.31869217532426
10-02 09:00:00,238.77615636636878
10-02 10:00:00,136.90803386649162
10-02 11:00:00,39.63569139631879
10-02 12:00:00,4.865799536318856
10-02 13:00:00,4.906536905427266
10-02 14:00:00,6.105982245448739
10-02 15:00:00,5.583449083946185
10-02 16:00:00,53.59544598370775
10-02 17:00:00,89.29497944577403
10-02 18:00:00,165.21086587483805
10-02 19:00:00,229.88679963500908
10-02 20:00:00,225.110900772585
10-02 21:00:00,219.30700567738376
10-02 22:00:00,192.59170761437065
10-02 23:00:00,201.03823894139265
10-03 00:00:00,196.21659761585374
10-03 01:00:00,187.4502105973649
10-03 02:00:00,286.87583075128106
10-03 03:00:00,286.87583075128106
10-03 04:00:00,299.8235587885664
10-03 05:00:00,282.6235517465573
10-03 06:00:00,301.17990350364227
10-03 07:00:00,271.50743977117145
10-03 08:00:00,199.85475530304063
10-03 09:00:00,144.08897788566554
10-03 10:00:00,57.3987707278345
10-03 11:00:00,32.32420186787592
10-03 12:00:00,4.707642052208492
10-03 13:00:00,5.107346529088494
10-03 14:00:00,5.107346529088494
10-03 15:00:00,5.174711652703557
10-03 16:00:00,12.923215973505037
10-03 17:00:00,55.56162605535003
10-03 18:00:00,132.34674854206017
10-03 19:00:00,189.19653896605425
10-03 20:00:00,208.36396282412232
10-03 21:00:00,246.34967212746795
10-03 22:00:00,360.3668365349365
10-03 23:00:00,422.73469581218296
10-04 00:00:00,447.7831468764133
10-04 01:00:00,451.03176196204936
10-04 02:00:00,447.54936228940034
10-04 03:00:00,462.83725290476383
10-04 04:00:00,473.29795844737345
10-04 05:00:00,526.8963729403645
10-04 06:00:00,539.8735923171646
10-04 07:00:00,541.7100608234064
10-04 08:00:00,519.7871932979997
10-04 09:00:00,506.4558616774991
10-04 10:00:00,492.8331324618785
10-04 11:00:00,472.7304965055639
10-04 12:00:00,444.72583125574374
10-04 13:00:00,386.49275771462897
10-04 14:00:00,369.7518011788923
10-04 15:00:00,357.9472820119382
10-04 16:00:00,389.2162094363493
10-04 17:00:00,402.22813749410784
10-04 18:00:00,419.2858623714022
10-04 19:00:00,408.98263739553454
10-04 20:00:00,418.78808961748786
10-04 21:00:00,418.48250127892396
10-04 22:00:00,440.3498109334149
10-04 23:00:00,453.4290198064589
10-05 00:00:00,459.37643807806575
10-05 01:00:00,460.3257321114673
10-05 02:00:00,464.88121256279493
10-05 03:00:00,474.14137145897
10-05 04:00:00,486.48078329639213
10-05 05:00:00,495.2076409612913
10-05 06:00:00,497.85547919093096
10-05 07:00:00,481.13408018252863
10-05 08:00:00,458.1924801341024
10-05 09:00:00,427.45776567968653
10-05 10:00:00,408.72025797326404
10-05 11:00:00,388.4314115801428
10-05 12:00:00,384.3397610339223
10-05 13:00:00,385.87259861027445
10-05 14:00:00,397.1422246774154
10-05 15:00:00,377.1360101020613
10-05 16:00:00,385.43980189001894
10-05 17:00:00,404.4378216275224
10-05 18:00:00,428.57167988573923
10-05 19:00:00,426.29438833979464
10-05 20:00:00,431.21252979811453
10-05 21:00:00,443.1664830883416
10-05 22:00:00,517.087516207612
10-05 23:00:00,503.22792658354314
10-06 00:00:00,500.0035302791614
10-06 01:00:00,513.3691250022083
10-06 02:00:00,535.9693320654767
10-06 03:00:00,570.7793988888067
10-06 04:00:00,571.7397292616573
10-06 05:00:00,567.820074967344
10-06 06:00:00,590.4384606049075
10-06 07:00:00,608.5405930805376
10-06 08:00:00,647.7683537041637
10-06 09:00:00,602.6909001926128
10-06 10:00:00,539.2641644081907
10-06 11:00:00,454.40423236008513
10-06 12:00:00,546.8106782828805
10-06 13:00:00,497.84652057019656
10-06 14:00:00,597.1047903024579
10-06 15:00:00,566.3522354847028
10-06 16:00:00,603.6189741670408
10-06 17:00:00,609.1849435023108
10-06 18:00:00,617.9696324834201
10-06 19:00:00,618.5150604007035
10-06 20:00:00,635.387683631334
10-06 21:00:00,641.234639469447
10-06 22:00:00,650.4810103117275
10-06 23:00:00,668.2644130799731
10-07 00:00:00,701.8111718726745
10-07 01:00:00,690.0960580876009
10-07 02:00:00,688.2234317819123
10-07 03:00:00,677.5914923963857
10-07 04:00:00,683.8296327317997
10-07 05:00:00,683.3690033475626
10-07 06:00:00,695.1512013786254
10-07 07:00:00,677.2358790058188
10-07 08:00:00,607.4480318351991
10-07 09:00:00,582.1383546140877
10-07 10:00:00,536.3450188025995
10-07 11:00:00,497.7168699433999
10-07 12:00:00,477.65272304605486
10-07 13:00:00,455.52016809707743
10-07 14:00:00,421.65568690129476
10-07 15:00:00,450.1131191823094
10-07 16:00:00,481.2031393778856
10-07 17:00:00,485.098117068038
10-07 18:00:00,493.73325150235326
10-07 19:00:00,502.5623210124832
10-07 20:00:00,536.4663789977053
10-07 21:00:00,609.6042557810738
10-07 22:00:00,629.5943930591582
10-07 23:00:00,655.3857537638415
10-08 00:00:00,686.0591501885657
10-08 01:00:00,712.2062794428763
10-08 02:00:00,715.3434294505533
10-08 03:00:00,735.8339914590225
10-08 04:00:00,759.4356339783787
10-08 05:00:00,740.6104325777418
10-08 06:00:00,732.1798314151256
10-08 07:00:00,710.0163983185466
10-08 08:00:00,618.762103552747
10-08 09:00:00,547.3591781751612
10-08 10:00:00,480.2094862326933
10-08 11:00:00,419.87034597789926
10-08 12:00:00,372.6551309262272
10-08 13:00:00,325.590581701305
10-08 14:00:00,298.5156233945183
10-08 15:00:00,336.09059190842333
10-08 16:00:00,351.65827224880826
10-08 17:00:00,362.6102147961065
10-08 18:00:00,353.7201869350806
10-08 19:00:00,380.9703896866583
10-08 20:00:00,443.714228247823
10-08 21:00:00,480.6027006623911
10-08 22:00:00,495.276390680933
10-08 23:00:00,527.3252278885955
10-09 00:00:00,584.6103202128317
10-09 01:00:00,637.1231295157376
10-09 02:00:00,644.4014177692703
10-09 03:00:00,633.5361874937458
10-09 04:00:00,621.9438782716825
10-09 05:00:00,618.5549592544496
10-09 06:00:00,608.4825645890533
10-09 07:00:00,595.5811378136036
10-09 08:00:00,570.2190850127157
10-09 09:00:00,562.5378969189217
10-09 10:00:00,548.7119387730215
10-09 11:00:00,525.5418959874311
10-09 12:00:00,511.91290423485
10-09 13:00:00,486.8301903052104
10-09 14:00:00,468.00429473435105
10-09 15:00:00,439.2342592426635
10-09 16:00:00,458.3976155578216
10-09 17:00:00,483.7738242128273
10-09 18:00:00,534.8203366195554
10-09 19:00:00,561.9605753654494
10-09 20:00:00,585.2967913784112
10-09 21:00:00,638.8782271637658
10-09 22:00:00,696.8790693973478
10-09 23:00:00,761.7099139299564
10-10 00:00:00,790.6000638103967
10-10 01:00:00,816.2325444178679
10-10 02:00:00,821.5982702259665
10-10 03:00:00,802.1254692681177
10-10 04:00:00,786.0555138063502
10-10 05:00:00,778.4361693031431
10-10 06:00:00,780.076089858662
10-10 07:00:00,784.2613616192809
10-10 08:00:00,750.566034212112
10-10 09:00:00,716.8853384146443
10-10 10:00:00,671.7477861142108
10-10 11:00:00,633.7286743671599
10-10 12:00:00,607.679403746392
10-10 13:00:00,577.6232165722748
10-10 14:00:00,536.1664009200598
10-10 15:00:00,537.088066110089
10-10 16:00:00,626.137751201507
10-10 17:00:00,680.0805928568757
10-10 18:00:00,716.3573572903191
10-10 19:00:00,770.9508727286923
10-10 20:00:00,860.9371607248881
10-10 21:00:00,871.4291474068764
10-10 22:00:00,938.4842979561095
10-10 23:00:00,963.251187705407
10-11 00:00:00,1004.0915135511121
10-11 01:00:00,1032.9217039882096
10-11 02:00:00,1045.0024765058922
10-11 03:00:00,1060.5301252013614
10-11 04:00:00,1068.709151870553
10-11 05:00:00,1089.6019313968236
10-11 06:00:00,1133.809152830221
10-11 07:00:00,1075.3872406432656
10-11 08:00:00,931.162583949735
10-11 09:00:00,793.0629632789107
10-11 10:00:00,719.6968449670449
10-11 11:00:00,610.6817840179107
10-11 12:00:00,563.242205396044
10-11 13:00:00,506.89099167312094
10-11 14:00:00,477.7189007374214
10-11 15:00:00,498.240388932999
10-11 16:00:00,557.9982422125746
10-11 17:00:00,609.126158643076
10-11 18:00:00,618.5929121146827
10-11 19:00:00,691.2853098553248
10-11 20:00:00,695.2684139838667
10-11 21:00:00,726.436699353294
10-11 22:00:00,729.124221684717
10-11 23:00:00,805.5742637309763
10-12 00:00:00,855.5348326790637
10-12 01:00:00,874.153113317494
10-12 02:00:00,906.3901693135193
10-12 03:00:00,930.9834412859216
10-12 04:00:00,912.9444296609967
10-12 05:00:00,922.2836309664061
10-12 06:00:00,915.7275052114422
10-12 07:00:00,868.7405359669278
10-12 08:00:00,806.477694865217
10-12 09:00:00,785.8996637726971
10-12 10:00:00,719.4216716603775
10-12 11:00:00,654.8926578371145
10-12 12:00:00,617.7043360915085
10-12 13:00:00,585.9490697720449
10-12 14:00:00,571.2267721404398
10-12 15:00:00,558.092985846573
10-12 16:00:00,587.97769095534
10-12 17:00:00,626.6566343202755
10-12 18:00:00,651.5666590305618
10-12 19:00:00,676.7526020989988
10-12 20:00:00,676.9847542460706
10-12 21:00:00,688.5655431179174
10-12 22:00:00,701.6491727141565
10-12 23:00:00,712.8782644591514
10-13 00:00:00,722.350641032966
10-13 01:00:00,721.5147482706875
10-13 02:00:00,734.3959883833332
10-13 03:00:00,745.4226151602788
10-13 04:00:00,748.228303194262
10-13 05:00:00,760.0449629441392
10-13 06:00:00,755.6777770957025
10-13 07:00:00,769.8035158195506
10-13 08:00:00,750.4516694344736
10-13 09:00:00,699.3850546409335
10-13 10:00:00,645.8589963644814
10-13 11:00:00,622.5031353142651
10-13 12:00:00,545.8823837164753
10-13 13:00:00,501.6316288587227
10-13 14:00:00,514.4777568047556
10-13 15:00:00,555.0258406488982
10-13 16:00:00,612.9224700942987
10-13 17:00:00,669.0499249211697
10-13 18:00:00,747.263772012242
10-13 19:00:00,775.6559160387442
10-13 20:00:00,884.8140237248261
10-13 21:00:00,890.7275730518387
10-13 22:00:00,959.707901718909
10-13 23:00:00,986.2211968562461
10-14 00:00:00,997.1419482365034
10-14 01:00:00,1067.0269963223027
10-14 02:00:00,1087.0330294234723
10-14 03:00:00,1092.3307320933081
10-14 04:00:00,1095.8589303978865
10-14 05:00:00,1117.3673473806916
10-14 06:00:00,1131.7406837954188
10-14 07:00:00,1085.4296576246397
10-14 08:00:00,953.8931653500446
10-14 09:00:00,825.4450179207652
10-14 10:00:00,685.192186866284
10-14 11:00:00,578.2548105758004
10-14 12:00:00,495.9462947600378
10-14 13:00:00,454.6404032131268
10-14 14:00:00,433.731037162098
10-14 15:00:00,501.88294242753676
10-14 16:00:00,559.3870538924659
10-14 17:00:00,596.8551964963458
10-14 18:00:00,668.031159468504
10-14 19:00:00,746.3574113365879
10-14 20:00:00,813.7311472397537
10-14 21:00:00,845.8612579635704
10-14 22:00:00,852.8003625930525
10-14 23:00:00,889.4984691237349
10-15 00:00:00,913.8936142229638
10-15 01:00:00,906.2286437361491
10-15 02:00:00,959.4653953767466
10-15 03:00:00,998.5853019654472
10-15 04:00:00,969.2760262153475
10-15 05:00:00,1053.353991005095
10-15 06:00:00,1029.4093131970933
10-15 07:00:00,996.2592196641205
10-15 08:00:00,828.7334469113574
10-15 09:00:00,712.6149815139389
10-15 10:00:00,571.7377494107654
10-15 11:00:00,453.90978642110275
10-15 12:00:00,370.18428479072946
10-15 13:00:00,335.56945488367876
10-15 14:00:00,334.0294204578384
10-15 15:00:00,356.9713512393978
10-15 16:00:00,429.7982079149077
10-15 17:00:00,474.56958815412816
10-15 18:00:00,478.3345470792664
10-15 19:00:00,583.4124937750063
10-15 20:00:00,606.6758096056625
10-15 21:00:00,620.616436920197
10-15 22:00:00,679.8438722878157
10-15 23:00:00,723.7979722364862
10-16 00:00:00,758.4867079720601
10-16 01:00:00,790.3897752614064
10-16 02:00:00,831.4208290988308
10-16 03:00:00,857.564051526164
10-16 04:00:00,871.9161140924979
10-16 05:00:00,884.9437228253016
10-16 06:00:00,920.4352769430611
10-16 07:00:00,877.7436976773262
10-16 08:00:00,761.6866012586223
10-16 09:00:00,710.862450395186
10-16 10:00:00,605.516043543359
10-16 11:00:00,513.9123558290524
10-16 12:00:00,476.8565621302788
10-16 13:00:00,440.4996881165551
10-16 14:00:00,411.1295951193539
10-16 15:00:00,437.8637359360606
10-16 16:00:00,523.761040988711
10-16 17:00:00,547.5893963986169
10-16 18:00:00,569.3875919930952
10-16 19:00:00,609.3729962769573
10-16 20:00:00,671.135293563183
10-16 21:00:00,725.6282566653127
10-16 22:00:00,764.3424429712562
10-16 23:00:00,758.2090872144036
10-17 00:00:00,773.6322504976322
10-17 01:00:00,805.4124638323706
10-17 02:00:00,836.8702380455949
10-17 03:00:00,860.2066604906763
10-17 04:00:00,866.7728579863078
10-17 05:00:00,891.3353653953668
10-17 06:00:00,940.1570798199733
10-17 07:00:00,920.9830505108007
10-17 08:00:00,832.4385146673393
10-17 09:00:00,706.0211263324603
10-17 10:00:00,616.5294874285746
10-17 11:00:00,499.290538651577
10-17 12:00:00,420.3899106044913
10-17 13:00:00,374.30333390200536
10-17 14:00:00,366.2046886502035
10-17 15:00:00,388.96052683172127
10-17 16:00:00,438.4300736321597
10-17 17:00:00,492.9878756680301
10-17 18:00:00,553.8927150757843
10-17 19:00:00,623.8373037368252
10-17 20:00:00,660.6014566492825
10-17 21:00:00,694.9502364404389
10-17 22:00:00,736.0818857253124
10-17 23:00:00,752.0560808709366
10-18 00:00:00,766.6347445596163
10-18 01:00:00,767.3037387510534
10-18 02:00:00,775.8671518357033
10-18 03:00:00,790.0151203057419
10-18 04:00:00,791.2673294833376
10-18 05:00:00,809.2487977274125
10-18 06:00:00,827.782826511745
10-18 07:00:00,819.0554076862128
10-18 08:00:00,691.7005189830138
10-18 09:00:00,555.022458856911
10-18 10:00:00,458.4201913436663
10-18 11:00:00,354.03336868816376
10-18 12:00:00,289.4079448507804
10-18 13:00:00,264.06147123822075
10-18 14:00:00,264.0105709590591
10-18 15:00:00,281.37855490534724
10-18 16:00:00,345.65641806212506
10-18 17:00:00,405.4838800760634
10-18 18:00:00,514.0317812542877
10-18 19:00:00,553.1886378753915
10-18 20:00:00,589.5599344706153
10-18 21:00:00,589.0486760842682
10-18 22:00:00,633.7221196335669
10-18 23:00:00,651.4633858351696
10-19 00:00:00,698.6043308276921
10-19 01:00:00,706.2494246382132
10-19 02:00:00,701.7850495866925
10-19 03:00:00,683.0024871114314
10-19 04:00:00,664.0870990431553
10-19 05:00:00,648.2157863028955
10-19 06:00:00,638.7927112814227
10-19 07:00:00,628.2276321917919
10-19 08:00:00,588.0713995211776
10-19 09:00:00,522.7680392916441
10-19 10:00:00,420.5748601441712
10-19 11:00:00,358.01676259818885
10-19 12:00:00,296.8407313747222
10-19 13:00:00,242.080241915918
10-19 14:00:00,235.35561266998602
10-19 15:00:00,239.98647217671103
10-19 16:00:00,267.5274149813606
10-19 17:00:00,324.8894942184268
10-19 18:00:00,372.18973592761114
10-19 19:00:00,399.1820512178025
10-19 20:00:00,392.6367812546764
10-19 21:00:00,479.7683957271224
10-19 22:00:00,487.58715648076713
10-19 23:00:00,513.1012631753101
10-20 00:00:00,530.0513848199041
10-20 01:00:00,566.8561230178049
10-20 02:00:00,578.7104529478893
10-20 03:00:00,611.7519622365294
10-20 04:00:00,646.1832380514137
10-20 05:00:00,643.9777539639574
10-20 06:00:00,648.2139285893118
10-20 07:00:00,585.2970405826192
10-20 08:00:00,524.9715412149081
10-20 09:00:00,387.0029975239955
10-20 10:00:00,260.5843143668558
10-20 11:00:00,184.5351134849827
10-20 12:00:00,163.1567466247707
10-20 13:00:00,135.6381226686971
10-20 14:00:00,157.35160481923168
10-20 15:00:00,190.4697279490977
10-20 16:00:00,217.3086614529909
10-20 17:00:00,282.89142633950445
10-20 18:00:00,371.6393721454812
10-20 19:00:00,383.4675645775254
10-20 20:00:00,414.3421560805868
10-20 21:00:00,420.6549531756337
10-20 22:00:00,404.51530146817254
10-20 23:00:00,406.0045197217446
10-21 00:00:00,375.67430764143194
10-21 01:00:00,310.791369097009
10-21 02:00:00,346.2098548047923
10-21 03:00:00,306.6482897626892
10-21 04:00:00,346.5357589915791
10-21 05:00:00,404.55433423946573
10-21 06:00:00,433.0110315086104
10-21 07:00:00,464.2755141122954
10-21 08:00:00,434.5476435751338
10-21 09:00:00,460.36242016079916
10-21 10:00:00,430.5409882217697
10-21 11:00:00,385.57741778106214
10-21 12:00:00,334.84225288440916
10-21 13:00:00,325.6875462919132
10-21 14:00:00,288.95009634477395
10-21 15:00:00,304.85408841410356
10-21 16:00:00,413.94755878271195
10-21 17:00:00,469.39231896802204
10-21 18:00:00,520.6254296045781
10-21 19:00:00,545.4847605575669
10-21 20:00:00,570.9107062403873
10-21 21:00:00,574.4034109267948
10-21 22:00:00,602.0763009351404
10-21 23:00:00,628.4064683450193
10-22 00:00:00,551.285557581897
10-22 01:00:00,617.4733297561995
10-22 02:00:00,656.0400224518022
10-22 03:00:00,651.7465212876425
10-22 04:00:00,635.1369573787512
10-22 05:00:00,661.7387533783184
10-22 06:00:00,655.2901484754962
10-22 07:00:00,628.4678012059385
10-22 08:00:00,610.5790089176696
10-22 09:00:00,606.8260076496161
10-22 10:00:00,686.6631439701998
10-22 11:00:00,717.4758721982649
10-22 12:00:00,721.8751065082838
10-22 13:00:00,729.1855489110352
10-22 14:00:00,703.9680888540802
10-22 15:00:00,695.4095463575204
10-22 16:00:00,706.8367611934488
10-22 17:00:00,725.8945075080264
10-22 18:00:00,791.6212246457487
10-22 19:00:00,805.5770636316945
10-22 20:00:00,788.5456358986153
10-22 21:00:00,783.277303465005
10-22 22:00:00,789.6336135140783
10-22 23:00:00,835.3186383845098
10-23 00:00:00,841.4025493313266
10-23 01:00:00,840.4296710073262
10-23 02:00:00,895.1118012427078
10-23 03:00:00,893.8958087828474
10-23 04:00:00,986.5674413828995
10-23 05:00:00,1025.6378182811534
10-23 06:00:00,997.8785542385391
10-23 07:00:00,994.9553288542522
10-23 08:00:00,904.3045702135789
10-23 09:00:00,802.0840997345886
10-23 10:00:00,687.1120582754631
10-23 11:00:00,590.0285599754554
10-23 12:00:00,533.1336300007802
10-23 13:00:00,491.69235123409567
10-23 14:00:00,501.4695349262956
10-23 15:00:00,563.8179769966791
10-23 16:00:00,617.0303526838512
10-23 17:00:00,673.098814731381
10-23 18:00:00,729.4334824759271
10-23 19:00:00,762.02379986516
10-23 20:00:00,835.642203750271
10-23 21:00:00,887.446338109174
10-23 22:00:00,930.3525924520114
10-23 23:00:00,962.9931674502351
10-24 00:00:00,984.0838097062774
10-24 01:00:00,1021.4899263457858
10-24 02:00:00,1038.4538806513024
10-24 03:00:00,1037.561802315376
10-24 04:00:00,1062.4168794256734
10-24 05:00:00,1097.3990398722103
10-24 06:00:00,1107.2424853462098
10-24 07:00:00,1087.2255633754658
10-24 08:00:00,1003.9595008322029
10-24 09:00:00,823.9380606077157
10-24 10:00:00,701.5791167416169
10-24 11:00:00,629.1414119920095
10-24 12:00:00,522.6780263805172
10-24 13:00:00,457.56241072927196
10-24 14:00:00,449.52231922874284
10-24 15:00:00,507.673992704852
10-24 16:00:00,572.0060498989524
10-24 17:00:00,607.4600193822774
10-24 18:00:00,663.5791172530745
10-24 19:00:00,738.6750163124314
10-24 20:00:00,767.7678120781491
10-24 21:00:00,821.4931017189413
10-24 22:00:00,812.7387103791887
10-24 23:00:00,808.5102154702187
10-25 00:00:00,814.7506969993252
10-25 01:00:00,807.5909226974961
10-25 02:00:00,820.4744706481748
10-25 03:00:00,837.8733842607676
10-25 04:00:00,839.9386776377704
10-25 05:00:00,854.5103590588584
10-25 06:00:00,890.6171577208855
10-25 07:00:00,889.1615138565344
10-25 08:00:00,824.0404862505743
10-25 09:00:00,705.1689934436231
10-25 10:00:00,613.3849713370015
10-25 11:00:00,560.3654620111262
10-25 12:00:00,506.68338619436537
10-25 13:00:00,431.19642202840777
10-25 14:00:00,388.26180256270334
10-25 15:00:00,395.5475611039707
10-25 16:00:00,437.0895189351742
10-25 17:00:00,512.1531209676626
10-25 18:00:00,618.1281933925544
10-25 19:00:00,669.9673242927134
10-25 20:00:00,693.1796477025318
10-25 21:00:00,736.5928418103219
10-25 22:00:00,755.2968101531433
10-25 23:00:00,785.5905217158183
10-26 00:00:00,808.0400886771437
10-26 01:00:00,806.2955032241201
10-26 02:00:00,795.1685700667077
10-26 03:00:00,748.8389780627714
10-26 04:00:00,732.3949721570011
10-26 05:00:00,758.1699915550539
10-26 06:00:00,761.2608036192998
10-26 07:00:00,781.2709663719949
10-26 08:00:00,766.7778195281891
10-26 09:00:00,720.290318655569
10-26 10:00:00,622.0987506141786
10-26 11:00:00,560.0682344804933
10-26 12:00:00,506.0551960083107
10-26 13:00:00,456.060951770962
10-26 14:00:00,399.0313611679532
10-26 15:00:00,414.1798934695305
10-26 16:00:00,453.83122242672374
10-26 17:00:00,496.7939051063829
10-26 18:00:00,525.3166939511549
10-26 19:00:00,575.207935168802
10-26 20:00:00,648.4860826420957
10-26 21:00:00,663.1826578390875
10-26 22:00:00,727.1953203275153
10-26 23:00:00,744.8451037106158
10-27 00:00:00,775.1608775578986
10-27 01:00:00,794.3254370022626
10-27 02:00:00,790.8558668347398
10-27 03:00:00,837.4360627253399
10-27 04:00:00,836.0301707440609
10-27 05:00:00,845.8038415050789
10-27 06:00:00,904.5495319213442
10-27 07:00:00,873.6636819847469
10-27 08:00:00,830.5221916225779
10-27 09:00:00,750.1410565194316
10-27 10:00:00,633.0625330572227
10-27 11:00:00,554.2975106784453
10-27 12:00:00,521.5090540992386
10-27 13:00:00,519.2623219231064
10-27 14:00:00,504.04190071566023
10-27 15:00:00,556.9615581614586
10-27 16:00:00,617.7638541533479
10-27 17:00:00,632.998207764435
10-27 18:00:00,670.0369045743348
10-27 19:00:00,726.2055946607626
10-27 20:00:00,771.7730240964335
10-27 21:00:00,818.318140797624
10-27 22:00:00,848.6955114516157
10-27 23:00:00,862.0772474181197
10-28 00:00:00,858.7099602429481
10-28 01:00:00,879.7045796637545
10-28 02:00:00,935.0865479023721
10-28 03:00:00,979.227913564065
10-28 04:00:00,983.1412943921376
10-28 05:00:00,1034.6065884569175
10-28 06:00:00,1067.4410003732555
10-28 07:00:00,1046.8856310858303
10-28 08:00:00,944.6681616163928
10-28 09:00:00,853.1419434098121
10-28 10:00:00,777.0151485043167
10-28 11:00:00,654.1748595690924
10-28 12:00:00,524.9752239270977
10-28 13:00:00,457.12324177999966
10-28 14:00:00,430.23510794119505
10-28 15:00:00,465.2037910274283
10-28 16:00:00,499.5386991103845
10-28 17:00:00,581.3984352155496
10-28 18:00:00,655.236419918955
10-28 19:00:00,707.9900488534965
10-28 20:00:00,746.7546113719574
10-28 21:00:00,784.1241454291176
10-28 22:00:00,807.2602881979344
10-28 23:00:00,847.1668643747722
10-29 00:00:00,878.1339852979346
10-29 01:00:00,899.0426198880251
10-29 02:00:00,926.0832642761023
10-29 03:00:00,972.8577063043743
10-29 04:00:00,923.4141699751501
10-29 05:00:00,974.6954324662821
10-29 06:00:00,1001.123898153791
10-29 07:00:00,985.4306572154493
10-29 08:00:00,911.4211070753875
10-29 09:00:00,768.9295421208969
10-29 10:00:00,721.3525381542551
10-29 11:00:00,696.8774934497064
10-29 12:00:00,673.2324285604886
10-29 13:00:00,645.336330751442
10-29 14:00:00,608.9331715936644
10-29 15:00:00,561.2358442258283
10-29 16:00:00,602.6413524941269
10-29 17:00:00,667.9427323832707
10-29 18:00:00,676.9608377747919
10-29 19:00:00,725.334190070119
10-29 20:00:00,762.2926618887926
10-29 21:00:00,816.0513281682856
10-29 22:00:00,845.1195812788793
10-29 23:00:00,844.7495676004391
10-30 00:00:00,867.2438151086542
10-30 01:00:00,912.034912792361
10-30 02:00:00,906.1156882137427
10-30 03:00:00,941.9270741222703
10-30 04:00:00,954.7987923018087
10-30 05:00:00,962.4095421983984
10-30 06:00:00,964.3618875686591
10-30 07:00:00,958.3406403311955
10-30 08:00:00,818.7287301526559
10-30 09:00:00,761.7306259150718
10-30 10:00:00,760.9235842394754
10-30 11:00:00,742.4813451767254
10-30 12:00:00,716.0021172564392
10-30 13:00:00,663.0748058734788
10-30 14:00:00,584.7045190883924
10-30 15:00:00,515.6730069536466
10-30 16:00:00,552.9741992720245
10-30 17:00:00,579.4040100807556
10-30 18:00:00,591.1439692726806
10-30 19:00:00,581.0074159300357
10-30 20:00:00,597.2309333712084
10-30 21:00:00,603.2155049749481
10-30 22:00:00,577.3129973817374
10-30 23:00:00,570.5240742400699
10-31 00:00:00,562.4703764672485
10-31 01:00:00,550.1545488638515
10-31 02:00:00,549.1122351464301
10-31 03:00:00,566.9092158085765
10-31 04:00:00,609.1452404499236
10-31 05:00:00,636.1178909432558
10-31 06:00:00,679.3185672691872
10-31 07:00:00,664.6924549644075
10-31 08:00:00,571.561055722561
10-31 09:00:00,493.0536352854537
10-31 10:00:00,404.7504509049863
10-31 11:00:00,292.0788797284177
10-31 12:00:00,243.8554359740776
10-31 13:00:00,185.04871141442698
10-31 14:00:00,196.7878575433414
10-31 15:00:00,240.6351293275455
10-31 16:00:00,319.9709518980616
10-31 17:00:00,377.81763219419554
10-31 18:00:00,442.6194438273429
10-31 19:00:00,424.28059479302624
10-31 20:00:00,503.8576343137542
10-31 21:00:00,499.59099918919054
10-31 22:00:00,503.73289162634956
10-31 23:00:00,533.4052652323725
11-01 00:00:00,517.9392723157283
11-01 01:00:00,519.2117374228204
11-01 02:00:00,548.9959881018909
11-01 03:00:00,517.3345328074304
11-01 04:00:00,491.02454512309447
11-01 05:00:00,470.8465697059765
11-01 06:00:00,505.83349266167363
11-01 07:00:00,588.8262306444119
11-01 08:00:00,630.6435159617797
11-01 09:00:00,647.2975365288728
11-01 10:00:00,648.1757041409475
11-01 11:00:00,656.668844032872
11-01 12:00:00,652.4072280769075
11-01 13:00:00,648.1682380962436
11-01 14:00:00,640.1362484360677
11-01 15:00:00,664.3821660596375
11-01 16:00:00,678.2795591077679
11-01 17:00:00,676.1720891566937
11-01 18:00:00,726.2864541077773
11-01 19:00:00,723.2926633651714
11-01 20:00:00,737.6537831033756
11-01 21:00:00,760.8442436918286
11-01 22:00:00,805.5458837824186
11-01 23:00:00,819.9261724615429
11-02 00:00:00,829.5358405077312
11-02 01:00:00,831.9353533435485
11-02 02:00:00,785.0792780044327
11-02 03:00:00,798.1936762575461
11-02 04:00:00,805.4851283099814
11-02 05:00:00,851.0808251756429
11-02 06:00:00,875.2436886265032
11-02 07:00:00,831.2238275702638
11-02 08:00:00,803.5118638966348
11-02 09:00:00,769.7433268238451
11-02 10:00:00,726.8160690813994
11-02 11:00:00,680.2693551354231
11-02 12:00:00,628.8037653696393
11-02 13:00:00,611.958821495254
11-02 14:00:00,723.9952260288742
11-02 15:00:00,738.385916361736
11-02 16:00:00,760.4700324187643
11-02 17:00:00,802.6524765774717
11-02 18:00:00,859.8267719531339
11-02 19:00:00,892.7777690144252
11-02 20:00:00,924.6702744863499
11-02 21:00:00,974.1727083911966
11-02 22:00:00,986.5704507864864
11-02 23:00:00,980.9011428029679
11-03 00:00:00,958.491860228953
11-03 01:00:00,998.7846613706241
11-03 02:00:00,976.6201702097541
11-03 03:00:00,961.5394223759918
11-03 04:00:00,987.4455690168202
11-03 05:00:00,995.9729275946383
11-03 06:00:00,1027.4259547969268
11-03 07:00:00,1024.8173291493802
11-03 08:00:00,967.5649400016974
11-03 09:00:00,899.71274826139
11-03 10:00:00,883.8128205904197
11-03 11:00:00,818.8926133127324
11-03 12:00:00,793.4354462122196
11-03 13:00:00,800.7426934572205
11-03 14:00:00,796.229117123269
11-03 15:00:00,800.274783416753
11-03 16:00:00,781.3696328156584
11-03 17:00:00,802.5238367784794
11-03 18:00:00,829.7281284199116
11-03 19:00:00,843.5366110132936
11-03 20:00:00,869.820072302063
11-03 21:00:00,852.6227800458125
11-03 22:00:00,872.6360738606107
11-03 23:00:00,919.297119654616
11-04 00:00:00,928.0025015072213
11-04 01:00:00,932.8803643673798
11-04 02:00:00,936.1812569546562
11-04 03:00:00,932.420730407912
11-04 04:00:00,928.8978390865603
11-04 05:00:00,923.5730594200533
11-04 06:00:00,893.2826175508666
11-04 07:00:00,877.6326081119931
11-04 08:00:00,896.5627388981183
11-04 09:00:00,909.1124913626109
11-04 10:00:00,912.7622835738206
11-04 11:00:00,852.268092249639
11-04 12:00:00,772.8379110335977
11-04 13:00:00,738.8697972120211
11-04 14:00:00,857.4882567675879
11-04 15:00:00,846.9190187468676
11-04 16:00:00,867.1030897502742
11-04 17:00:00,902.3153528549526
11-04 18:00:00,939.8518844591741
11-04 19:00:00,933.3065611432495
11-04 20:00:00,972.2183250215534
11-04 21:00:00,978.9247236468599
11-04 22:00:00,996.3701481281289
11-04 23:00:00,1003.0732347049909
11-05 00:00:00,1003.9333106272621
11-05 01:00:00,1002.654054923299
11-05 02:00:00,1000.2849079281872
11-05 03:00:00,1026.9762584601772
11-05 04:00:00,1024.4740306018512
11-05 05:00:00,1024.5406130017775
11-05 06:00:00,1026.2798597973829
11-05 07:00:00,1011.1892179540715
11-05 08:00:00,955.7026821285015
11-05 09:00:00,871.1699532393736
11-05 10:00:00,806.204519296754
11-05 11:00:00,772.2585013822597
11-05 12:00:00,711.8092119976233
11-05 13:00:00,689.9909017628042
11-05 14:00:00,692.1400505559275
11-05 15:00:00,726.9942431698194
11-05 16:00:00,798.6731488649754
11-05 17:00:00,869.3425918596539
11-05 18:00:00,885.0662256557669
11-05 19:00:00,936.2242508280383
11-05 20:00:00,961.2431673432461
11-05 21:00:00,1046.5358532470798
11-05 22:00:00,1082.628448319245
11-05 23:00:00,1109.3477303890122
11-06 00:00:00,1121.4485899002748
11-06 01:00:00,1134.033589708753
11-06 02:00:00,1194.513986706154
11-06 03:00:00,1189.8890529818236
11-06 04:00:00,1227.576839169741
11-06 05:00:00,1237.1830984156145
11-06 06:00:00,1230.5783221598888
11-06 07:00:00,1247.2972573833424
11-06 08:00:00,1203.5594531380068
11-06 09:00:00,1070.4174545885248
11-06 10:00:00,956.0221893300576
11-06 11:00:00,875.226070839483
11-06 12:00:00,806.6098772480811
11-06 13:00:00,783.7343081377443
11-06 14:00:00,786.8938550322599
11-06 15:00:00,846.1823516567666
11-06 16:00:00,904.3475313888737
11-06 17:00:00,931.7486119721622
11-06 18:00:00,974.968119546079
11-06 19:00:00,1084.082026568461
11-06 20:00:00,1120.308408366498
11-06 21:00:00,1159.7969487019307
11-06 22:00:00,1196.6042561345926
11-06 23:00:00,1204.027686135651
11-07 00:00:00,1227.8391559101874
11-07 01:00:00,1239.1946020070723
11-07 02:00:00,1282.5511903326096
11-07 03:00:00,1339.7737034971728
11-07 04:00:00,1342.5734334122412
11-07 05:00:00,1318.9783863220448
11-07 06:00:00,1327.624508383513
11-07 07:00:00,1343.635889168758
11-07 08:00:00,1266.3171392002482
11-07 09:00:00,1156.0207200074267
11-07 10:00:00,999.099268223067
11-07 11:00:00,910.6960117063759
11-07 12:00:00,766.948922948272
11-07 13:00:00,715.9066307070133
11-07 14:00:00,707.644490135382
11-07 15:00:00,770.9100388596773
11-07 16:00:00,819.7464016659818
11-07 17:00:00,789.9111345463725
11-07 18:00:00,837.6858422761865
11-07 19:00:00,807.4938948209955
11-07 20:00:00,836.5569898972079
11-07 21:00:00,875.5480444413114
11-07 22:00:00,847.0246976582147
11-07 23:00:00,909.8742834628312
11-08 00:00:00,906.3089969068714
11-08 01:00:00,931.6897684278442
11-08 02:00:00,963.5922736714019
11-08 03:00:00,1017.0166697995024
11-08 04:00:00,1023.9499546002605
11-08 05:00:00,1018.8964419431277
11-08 06:00:00,1036.2388278237372
11-08 07:00:00,1021.0695169490762
11-08 08:00:00,1002.4659579750013
11-08 09:00:00,951.8001752055313
11-08 10:00:00,880.7893931842083
11-08 11:00:00,823.3053552623062
11-08 12:00:00,767.6341805022037
11-08 13:00:00,720.2861009506677
11-08 14:00:00,682.0072056943294
11-08 15:00:00,690.1602176982913
11-08 16:00:00,727.9442980190419
11-08 17:00:00,750.2655193402294
11-08 18:00:00,758.859396722706
11-08 19:00:00,778.1593940460986
11-08 20:00:00,866.3213033349119
11-08 21:00:00,927.6955742236624
11-08 22:00:00,956.8066800585302
11-08 23:00:00,989.8909184346676
11-09 00:00:00,1040.5001802458494
11-09 01:00:00,1096.6072461092108
11-09 02:00:00,1124.8936497776174
11-09 03:00:00,1112.4322566882825
11-09 04:00:00,1116.1526324373976
11-09 05:00:00,1123.2020997608467
11-09 06:00:00,1194.1029911511155
11-09 07:00:00,1206.6600532698774
11-09 08:00:00,1180.837721340591
11-09 09:00:00,1013.6738516422927
11-09 10:00:00,945.0286316413341
11-09 11:00:00,854.8528200696226
11-09 12:00:00,812.6388081467327
11-09 13:00:00,791.5372343179316
11-09 14:00:00,802.5281346086649
11-09 15:00:00,855.1267887603124
11-09 16:00:00,875.5935331948108
11-09 17:00:00,890.2049768634313
11-09 18:00:00,910.4066856063137
11-09 19:00:00,982.5520009342534
11-09 20:00:00,1014.5776925330185
11-09 21:00:00,976.2591912807201
11-09 22:00:00,1019.0808109050541
11-09 23:00:00,1014.5260944979735
11-10 00:00:00,1053.885294955295
11-10 01:00:00,1062.0138576737338
11-10 02:00:00,1069.9423289815063
11-10 03:00:00,1075.8262674202442
11-10 04:00:00,1108.574427886627
11-10 05:00:00,1085.831858184066
11-10 06:00:00,1074.0900668470324
11-10 07:00:00,1064.9864934468176
11-10 08:00:00,1024.3324607776642
11-10 09:00:00,960.3052245907242
11-10 10:00:00,883.8854063047792
11-10 11:00:00,834.9727539729264
11-10 12:00:00,806.2862142920253
11-10 13:00:00,809.4936416102186
11-10 14:00:00,794.5591666512598
11-10 15:00:00,816.0882170261261
11-10 16:00:00,834.4480430839128
11-10 17:00:00,869.4565178129758
11-10 18:00:00,924.78697273012
11-10 19:00:00,936.4258410087938
11-10 20:00:00,959.757072226289
11-10 21:00:00,981.080018975923
11-10 22:00:00,1003.2641296303594
11-10 23:00:00,1013.6471236592623
11-11 00:00:00,983.0107753401096
11-11 01:00:00,1016.5526667828816
11-11 02:00:00,1013.4484213683086
11-11 03:00:00,1007.7156507691304
11-11 04:00:00,1018.6136077893437
11-11 05:00:00,1023.4476645502497
11-11 06:00:00,1027.2814601306916
11-11 07:00:00,1036.5118112271953
11-11 08:00:00,1009.1809396365081
11-11 09:00:00,960.5657590846573
11-11 10:00:00,917.7097694880341
11-11 11:00:00,881.4315629474443
11-11 12:00:00,843.8901688205846
11-11 13:00:00,820.748124391977
11-11 14:00:00,771.8563263391009
11-11 15:00:00,779.5013973809449
11-11 16:00:00,806.3900814656406
11-11 17:00:00,864.6734795863285
11-11 18:00:00,919.7757887544568
11-11 19:00:00,922.0959806794921
11-11 20:00:00,919.8219480352803
11-11 21:00:00,949.682865315642
11-11 22:00:00,984.5146722058015
11-11 23:00:00,983.8557521215524
11-12 00:00:00,988.4674649052387
11-12 01:00:00,987.9557123203655
11-12 02:00:00,988.8370542057586
11-12 03:00:00,1000.4571993014695
11-12 04:00:00,1022.9567750139942
11-12 05:00:00,1041.8183736990154
11-12 06:00:00,1045.1887737657016
11-12 07:00:00,1016.7207807718088
11-12 08:00:00,1006.7523194332312
11-12 09:00:00,969.2117931747393
11-12 10:00:00,927.0583906673679
11-12 11:00:00,910.2584543183091
11-12 12:00:00,906.5535434885046
11-12 13:00:00,881.0499054981464
11-12 14:00:00,880.5943240362736
11-12 15:00:00,891.4466023721061
11-12 16:00:00,923.4643766194639
11-12 17:00:00,959.760825464644
11-12 18:00:00,974.9018893934345
11-12 19:00:00,987.137278365979
11-12 20:00:00,1023.1298263746991
11-12 21:00:00,1046.5706218002276
11-12 22:00:00,1038.5603809810673
11-12 23:00:00,1039.548697274856
11-13 00:00:00,1029.8081125267856
11-13 01:00:00,1033.5363153218548
11-13 02:00:00,1054.9764256524777
11-13 03:00:00,1044.753430074813
11-13 04:00:00,1057.3245333852717
11-13 05:00:00,1064.4467865117035
11-13 06:00:00,1060.753163409057
11-13 07:00:00,1039.14010157938
11-13 08:00:00,991.6185396021787
11-13 09:00:00,906.2138763125686
11-13 10:00:00,887.4062715209318
11-13 11:00:00,872.6162387869697
11-13 12:00:00,861.5346254692896
11-13 13:00:00,836.9512270540508
11-13 14:00:00,832.1405956355978
11-13 15:00:00,828.9277069428013
11-13 16:00:00,813.0639447735574
11-13 17:00:00,800.1094479113337
11-13 18:00:00,794.5475404239211
11-13 19:00:00,794.7910162059272
11-13 20:00:00,794.4889844438826
11-13 21:00:00,792.5712090887033
11-13 22:00:00,787.4818942535742
11-13 23:00:00,789.0174287509449
11-14 00:00:00,785.6536811072467
11-14 01:00:00,791.8167215560949
11-14 02:00:00,805.2962671278415
11-14 03:00:00,821.267081080068
11-14 04:00:00,839.236478346154
11-14 05:00:00,838.4622434610646
11-14 06:00:00,844.9855830283733
11-14 07:00:00,839.236478346154
11-14 08:00:00,824.0684168571098
11-14 09:00:00,789.714592189569
11-14 10:00:00,773.8093602553706
11-14 11:00:00,744.8636576992758
11-14 12:00:00,724.4449295806061
11-14 13:00:00,694.4532521147884
11-14 14:00:00,684.193183553069
11-14 15:00:00,686.5672498675611
11-14 16:00:00,728.9496874701631
11-14 17:00:00,767.2266039852695
11-14 18:00:00,823.006215423318
11-14 19:00:00,826.6032200183115
11-14 20:00:00,799.134416252644
11-14 21:00:00,782.9393804565899
11-14 22:00:00,767.6058014552538
11-14 23:00:00,811.7902177547776
11-15 00:00:00,824.2799900230033
11-15 01:00:00,830.6706988085001
11-15 02:00:00,848.9044226037894
11-15 03:00:00,841.4320495227934
11-15 04:00:00,830.4318527666186
11-15 05:00:00,854.160889543963
11-15 06:00:00,878.1208267252453
11-15 07:00:00,889.2155792662551
11-15 08:00:00,868.6545686965287
11-15 09:00:00,822.5410749943787
11-15 10:00:00,784.3369750861757
11-15 11:00:00,758.0721013677414
11-15 12:00:00,740.0564093792009
11-15 13:00:00,744.5696123746432
11-15 14:00:00,754.9958012415691
11-15 15:00:00,756.3780801355789
11-15 16:00:00,766.557459160453
11-15 17:00:00,783.6053278615392
11-15 18:00:00,797.4461284567699
11-15 19:00:00,812.4063861419766
11-15 20:00:00,833.1187369923413
11-15 21:00:00,846.9459791923866
11-15 22:00:00,861.4295242566844
11-15 23:00:00,879.7367979707949
11-16 00:00:00,894.0431716001756
11-16 01:00:00,912.1557370138211
11-16 02:00:00,919.1590015203906
11-16 03:00:00,918.2914779962412
11-16 04:00:00,918.5431926166586
11-16 05:00:00,911.9100640132851
11-16 06:00:00,907.2605455654088
11-16 07:00:00,908.6276427522258
11-16 08:00:00,899.5542174925248
11-16 09:00:00,890.2069896770679
11-16 10:00:00,881.2130061395621
11-16 11:00:00,874.0197061500654
11-16 12:00:00,862.457924865133
11-16 13:00:00,858.596826848489
11-16 14:00:00,858.5122613314993
11-16 15:00:00,865.8352985051515
11-16 16:00:00,885.1014084154751
11-16 17:00:00,886.0205790206734
11-16 18:00:00,900.8597676190785
11-16 19:00:00,901.106749002366
11-16 20:00:00,902.0531267101475
11-16 21:00:00,895.6460434150468
11-16 22:00:00,899.7261444952977
11-16 23:00:00,907.4391318286868
11-17 00:00:00,913.974294261416
11-17 01:00:00,927.2751097981619
11-17 02:00:00,934.282385369487
11-17 03:00:00,940.7119256160764
11-17 04:00:00,945.7908243912835
11-17 05:00:00,953.2226359450319
11-17 06:00:00,967.1977432568486
11-17 07:00:00,974.4952026705955
11-17 08:00:00,975.558014064877
11-17 09:00:00,967.5429766008759
11-17 10:00:00,957.5626623414105
11-17 11:00:00,944.4076441297336
11-17 12:00:00,944.9698722835603
11-17 13:00:00,950.817163178537
11-17 14:00:00,946.3458406821464
11-17 15:00:00,961.8075582978054
11-17 16:00:00,986.403451506029
11-17 17:00:00,987.3595535665122
11-17 18:00:00,994.7190523658777
11-17 19:00:00,1002.9412422180415
11-17 20:00:00,1003.0357861914949
11-17 21:00:00,998.2621122474291
11-17 22:00:00,991.8650120866313
11-17 23:00:00,992.7595910194024
11-18 00:00:00,980.7308586982684
11-18 01:00:00,1007.9090676617877
11-18 02:00:00,1040.9799966899304
11-18 03:00:00,1019.0220917225145
11-18 04:00:00,1031.6207781291105
11-18 05:00:00,1029.2107570345167
11-18 06:00:00,1027.0994225912789
11-18 07:00:00,1023.5228760916591
11-18 08:00:00,1039.0136378728116
11-18 09:00:00,998.0548487975716
11-18 10:00:00,910.6167028219911
11-18 11:00:00,829.0649313623048
11-18 12:00:00,795.7501033980868
11-18 13:00:00,761.4394397707756
11-18 14:00:00,774.4735408848035
11-18 15:00:00,784.4617784750454
11-18 16:00:00,788.2910910091448
11-18 17:00:00,805.6281563161957
11-18 18:00:00,822.1698432971793
11-18 19:00:00,842.3323185271272
11-18 20:00:00,888.7388033887084
11-18 21:00:00,925.3265599603657
11-18 22:00:00,989.2283251063475
11-18 23:00:00,1033.585108353024
11-19 00:00:00,1076.7872916522037
11-19 01:00:00,1105.4058702463922
11-19 02:00:00,1121.597827137006
11-19 03:00:00,1146.036958986072
11-19 04:00:00,1158.1374860106025
11-19 05:00:00,1153.2219697464209
11-19 06:00:00,1177.5514173415772
11-19 07:00:00,1167.937781457059
11-19 08:00:00,1136.7608147585738
11-19 09:00:00,1073.667044439258
11-19 10:00:00,1012.3328843045258
11-19 11:00:00,968.8323323898155
11-19 12:00:00,936.9036641904737
11-19 13:00:00,928.6404556895484
11-19 14:00:00,930.1176314454308
11-19 15:00:00,932.2182477442087
11-19 16:00:00,979.0348748555946
11-19 17:00:00,1003.7564754997402
11-19 18:00:00,1038.0419479688671
11-19 19:00:00,1046.106846409381
11-19 20:00:00,1058.0297833958698
11-19 21:00:00,1053.8471430464606
11-19 22:00:00,1064.357236969548
11-19 23:00:00,1078.8508409501183
11-20 00:00:00,1108.98202371153
11-20 01:00:00,1107.5248008825847
11-20 02:00:00,1110.649297486299
11-20 03:00:00,1123.9245160221537
11-20 04:00:00,1137.730881400767
11-20 05:00:00,1139.1564042223517
11-20 06:00:00,1162.1655777471772
11-20 07:00:00,1173.5659294925674
11-20 08:00:00,1166.4159096282153
11-20 09:00:00,1138.0923628839416
11-20 10:00:00,1108.6697665347472
11-20 11:00:00,1077.0687683466476
11-20 12:00:00,1048.2374789546218
11-20 13:00:00,1044.2275952207183
11-20 14:00:00,1047.913711426659
11-20 15:00:00,1062.9849008306016
11-20 16:00:00,1085.1757161296212
11-20 17:00:00,1111.6005270887342
11-20 18:00:00,1146.2204168564447
11-20 19:00:00,1173.8963487411925
11-20 20:00:00,1179.2860027869983
11-20 21:00:00,1186.6027089800932
11-20 22:00:00,1193.1749716122924
11-20 23:00:00,1191.923253259585
11-21 00:00:00,1205.8935698633409
11-21 01:00:00,1189.0889129750642
11-21 02:00:00,1224.276319658462
11-21 03:00:00,1249.282047436591
11-21 04:00:00,1245.4280701229798
11-21 05:00:00,1251.5422828299756
11-21 06:00:00,1247.0299680453754
11-21 07:00:00,1241.1142830930937
11-21 08:00:00,1242.2845365870521
11-21 09:00:00,1182.9003882421262
11-21 10:00:00,1120.5105336329382
11-21 11:00:00,1065.8098377126469
11-21 12:00:00,1035.579699992129
11-21 13:00:00,1018.3984649826747
11-21 14:00:00,997.668752044988
11-21 15:00:00,1030.2073107993522
11-21 16:00:00,1091.0874968340197
11-21 17:00:00,1167.9847331990554
11-21 18:00:00,1126.2853450498876
11-21 19:00:00,1034.5954664934113
11-21 20:00:00,1007.4425823472559
11-21 21:00:00,1046.225350740303
11-21 22:00:00,1018.8233369043421
11-21 23:00:00,992.839488196475
11-22 00:00:00,1000.3303408862245
11-22 01:00:00,1001.6321915255087
11-22 02:00:00,993.1653090125416
11-22 03:00:00,987.1275142768574
11-22 04:00:00,977.6375846340824
11-22 05:00:00,968.7749738899506
11-22 06:00:00,985.4628956613036
11-22 07:00:00,999.7519689727226
11-22 08:00:00,1011.936650701853
11-22 09:00:00,1010.2274463025334
11-22 10:00:00,988.4864272158417
11-22 11:00:00,973.9898485031141
11-22 12:00:00,968.0061858335616
11-22 13:00:00,966.4781370303489
11-22 14:00:00,958.0670345168784
11-22 15:00:00,950.7537952075049
11-22 16:00:00,944.1098392383113
11-22 17:00:00,929.5339951289072
11-22 18:00:00,922.8277367189714
11-22 19:00:00,923.3025369810105
11-22 20:00:00,930.0516402224604
11-22 21:00:00,930.3102125293668
11-22 22:00:00,929.2215166042228
11-22 23:00:00,930.3829970824337
11-23 00:00:00,930.2363757808631
11-23 01:00:00,931.0881697923827
11-23 02:00:00,937.5274118452453
11-23 03:00:00,938.3581099701711
11-23 04:00:00,954.5556532748395
11-23 05:00:00,952.7875986406946
11-23 06:00:00,954.6319527739832
11-23 07:00:00,963.0202875672212
11-23 08:00:00,960.9962613701413
11-23 09:00:00,946.0326359011226
11-23 10:00:00,950.1297757307457
11-23 11:00:00,951.5621363009914
11-23 12:00:00,948.5644780414451
11-23 13:00:00,940.7180370231804
11-23 14:00:00,947.2950126597564
11-23 15:00:00,948.2410264866737
11-23 16:00:00,964.7047210968359
11-23 17:00:00,973.910704933021
11-23 18:00:00,980.6910662995897
11-23 19:00:00,985.1999593753651
11-23 20:00:00,978.0053821109282
11-23 21:00:00,977.251469755924
11-23 22:00:00,978.7732069915579
11-23 23:00:00,983.9021487150061
11-24 00:00:00,984.523915279162
11-24 01:00:00,992.2988960462887
11-24 02:00:00,995.9226520961083
11-24 03:00:00,1012.7423926700799
11-24 04:00:00,1020.0668566001799
11-24 05:00:00,1027.3293080744813
11-24 06:00:00,1028.3628553146536
11-24 07:00:00,1045.0807602636448
11-24 08:00:00,1048.2244727965267
11-24 09:00:00,1038.4013083638413
11-24 10:00:00,1020.7622020954169
11-24 11:00:00,1005.5811689177339
11-24 12:00:00,992.1126225960646
11-24 13:00:00,986.4179912008099
11-24 14:00:00,993.746024179525
11-24 15:00:00,994.5990901447717
11-24 16:00:00,1019.6349243843076
11-24 17:00:00,1042.1561077791416
11-24 18:00:00,1050.704033555669
11-24 19:00:00,1095.5312222808795
11-24 20:00:00,1109.2538575348635
11-24 21:00:00,1102.8103655846794
11-24 22:00:00,1112.861141433767
11-24 23:00:00,1125.8393298226895
11-25 00:00:00,1126.8765831706269
11-25 01:00:00,1151.7781566713456
11-25 02:00:00,1167.7784463543117
11-25 03:00:00,1181.5906642757986
11-25 04:00:00,1202.2684922034655
11-25 05:00:00,1202.5942363323918
11-25 06:00:00,1216.3226193260762
11-25 07:00:00,1235.8823863662756
11-25 08:00:00,1226.4460809023067
11-25 09:00:00,1223.2673164891469
11-25 10:00:00,1204.3755960912192
11-25 11:00:00,1160.2806801718418
11-25 12:00:00,1129.237185626947
11-25 13:00:00,1114.6260510852735
11-25 14:00:00,1105.9678179228415
11-25 15:00:00,1098.171234072987
11-25 16:00:00,1086.1841863475684
11-25 17:00:00,1080.6448977777868
11-25 18:00:00,1080.3046619892289
11-25 19:00:00,1079.3250323076393
11-25 20:00:00,1078.2925344770038
11-25 21:00:00,1086.20053190136
11-25 22:00:00,1099.5968175999583
11-25 23:00:00,1127.554504161357
11-26 00:00:00,1149.7641534530844
11-26 01:00:00,1167.4556847528602
11-26 02:00:00,1184.860262832734
11-26 03:00:00,1186.933938249264
11-26 04:00:00,1204.3282504619597
11-26 05:00:00,1220.5143452116545
11-26 06:00:00,1265.5997758913777
11-26 07:00:00,1304.5891746576583
11-26 08:00:00,1308.057939981491
11-26 09:00:00,1303.5140690213448
11-26 10:00:00,1299.483047782318
11-26 11:00:00,1285.552550805448
11-26 12:00:00,1257.5472619063642
11-26 13:00:00,1259.1474086214064
11-26 14:00:00,1266.0242747360894
11-26 15:00:00,1264.9711493863338
11-26 16:00:00,1274.9047169170676
11-26 17:00:00,1278.129694943432
11-26 18:00:00,1269.0590144197765
11-26 19:00:00,1283.2420945061895
11-26 20:00:00,1301.2847509510166
11-26 21:00:00,1324.7658972552558
11-26 22:00:00,1349.7049119060919
11-26 23:00:00,1341.8586234649988
11-27 00:00:00,1342.406536339609
11-27 01:00:00,1362.4012381751438
11-27 02:00:00,1375.317696927506
11-27 03:00:00,1373.0894003138592
11-27 04:00:00,1397.0002220737401
11-27 05:00:00,1351.9313013429696
11-27 06:00:00,1346.3749162279512
11-27 07:00:00,1338.4821606805222
11-27 08:00:00,1304.8992019003501
11-27 09:00:00,1299.2491786491248
11-27 10:00:00,1234.4509535315283
11-27 11:00:00,1143.848146414861
11-27 12:00:00,1059.5030667078718
11-27 13:00:00,1096.188581843278
11-27 14:00:00,1103.2006762892017
11-27 15:00:00,1197.5399980029108
11-27 16:00:00,1216.608086493233
11-27 17:00:00,1223.0894167322522
11-27 18:00:00,1211.6132731063706
11-27 19:00:00,1244.8182038280138
11-27 20:00:00,1263.5101979423303
11-27 21:00:00,1259.441761179716
11-27 22:00:00,1172.7646283334457
11-27 23:00:00,1218.29139124507
11-28 00:00:00,1268.0130679487816
11-28 01:00:00,1303.816241506236
11-28 02:00:00,1296.2729603296186
11-28 03:00:00,1308.9978761370626
11-28 04:00:00,1331.248408339297
11-28 05:00:00,1333.4134930532562
11-28 06:00:00,1342.357165411688
11-28 07:00:00,1330.960306710403
11-28 08:00:00,1305.7260507770995
11-28 09:00:00,1276.2706712009453
11-28 10:00:00,1228.682815363269
11-28 11:00:00,1167.8627488047039
11-28 12:00:00,1165.5426780671924
11-28 13:00:00,1150.6707876272167
11-28 14:00:00,1172.6153196748298
11-28 15:00:00,1179.1875737683174
11-28 16:00:00,1231.1446648722201
11-28 17:00:00,1298.2746683710184
11-28 18:00:00,1320.148770699317
11-28 19:00:00,1335.1892833911763
11-28 20:00:00,1327.5718314295314
11-28 21:00:00,1290.7985174175387
11-28 22:00:00,1283.1100666296418
11-28 23:00:00,1269.310625397189
11-29 00:00:00,1292.064209997133
11-29 01:00:00,1316.9698512344326
11-29 02:00:00,1319.483030192834
11-29 03:00:00,1313.7716020841576
11-29 04:00:00,1315.232783783592
11-29 05:00:00,1339.7000235871815
11-29 06:00:00,1355.0430454744912
11-29 07:00:00,1343.546184327613
11-29 08:00:00,1350.910589354189
11-29 09:00:00,1332.6990842074085
11-29 10:00:00,1318.678360319597
11-29 11:00:00,1350.227686001003
11-29 12:00:00,1319.267424352495
11-29 13:00:00,1275.8928260092714
11-29 14:00:00,1290.3512288085115
11-29 15:00:00,1368.069640990762
11-29 16:00:00,1436.590991889399
11-29 17:00:00,1473.4880599854023
11-29 18:00:00,1415.4773772961764
11-29 19:00:00,1376.1182220973706
11-29 20:00:00,1362.5245501623688
11-29 21:00:00,1386.9413402764756
11-29 22:00:00,1441.055111299294
11-29 23:00:00,1432.2055625566795
11-30 00:00:00,1417.5601409292183
11-30 01:00:00,1424.6673368113056
11-30 02:00:00,1429.9238941650233
11-30 03:00:00,1428.6840441124382
11-30 04:00:00,1428.5494943239796
11-30 05:00:00,1432.09828342526
11-30 06:00:00,1441.71903532356
11-30 07:00:00,1411.1512213054907
11-30 08:00:00,1407.1367226222994
11-30 09:00:00,1387.9556329245281
11-30 10:00:00,1381.9681459358849
11-30 11:00:00,1390.3739910714971
11-30 12:00:00,1395.1180691735929
11-30 13:00:00,1378.2394844364878
11-30 14:00:00,1381.0324243219345
11-30 15:00:00,1392.8945434275915
11-30 16:00:00,1385.1459848436386
11-30 17:00:00,1373.9261288673777
11-30 18:00:00,1345.3597799092213
11-30 19:00:00,1325.057742740458
11-30 20:00:00,1305.9008847296607
11-30 21:00:00,1286.4918246244713
11-30 22:00:00,1267.2564325414244
11-30 23:00:00,1256.2719136270953
12-01 00:00:00,1283.391749189773
12-01 01:00:00,1290.7927761935273
12-01 02:00:00,1270.809685492672
12-01 03:00:00,1256.0189232082473
12-01 04:00:00,1270.3022075051097
12-01 05:00:00,1279.6553059632047
12-01 06:00:00,1263.5899250385012
12-01 07:00:00,1247.9044223462874
12-01 08:00:00,1264.805590069547
12-01 09:00:00,1216.876855190571
12-01 10:00:00,1147.9150906804
12-01 11:00:00,1096.1469721915603
12-01 12:00:00,1037.0101188751864
12-01 13:00:00,1038.2022498252904
12-01 14:00:00,984.7125610101452
12-01 15:00:00,1016.0659085533995
12-01 16:00:00,1035.0231212027836
12-01 17:00:00,1047.7439980910754
12-01 18:00:00,1023.2089574252157
12-01 19:00:00,1035.7498910000966
12-01 20:00:00,1052.2497764892935
12-01 21:00:00,1012.2927674633399
12-01 22:00:00,1013.5059020927081
12-01 23:00:00,998.1023374727181
12-02 00:00:00,1009.6241424794316
12-02 01:00:00,997.3350792481491
12-02 02:00:00,954.8322815467393
12-02 03:00:00,966.9138169813892
12-02 04:00:00,1015.083505027821
12-02 05:00:00,1022.9010456905443
12-02 06:00:00,1034.7532675357954
12-02 07:00:00,1057.1603534385872
12-02 08:00:00,1054.4456599449047
12-02 09:00:00,1012.9931823898236
12-02 10:00:00,941.1703372628753
12-02 11:00:00,977.9026428710717
12-02 12:00:00,1042.4728239093163
12-02 13:00:00,1079.753246471032
12-02 14:00:00,1114.4878100332598
12-02 15:00:00,1199.6584443337335
12-02 16:00:00,1253.889598795733
12-02 17:00:00,1278.06258970138
12-02 18:00:00,1281.181578206199
12-02 19:00:00,1269.5644371309804
12-02 20:00:00,1257.293711310999
12-02 21:00:00,1290.0541851978574
12-02 22:00:00,1291.675459846823
12-02 23:00:00,1308.6832041356934
12-03 00:00:00,1317.2922591293927
12-03 01:00:00,1320.1090496708543
12-03 02:00:00,1331.967064109635
12-03 03:00:00,1339.5518210435002
12-03 04:00:00,1354.9211586677548
12-03 05:00:00,1412.4782477877234
12-03 06:00:00,1410.2347046267537
12-03 07:00:00,1394.9414218155316
12-03 08:00:00,1409.750350367712
12-03 09:00:00,1368.388973588877
12-03 10:00:00,1367.4495014624438
12-03 11:00:00,1353.2616717237092
12-03 12:00:00,1322.5620218557235
12-03 13:00:00,1310.4998404671255
12-03 14:00:00,1338.514510722543
12-03 15:00:00,1355.4096366403585
12-03 16:00:00,1379.1592626255547
12-03 17:00:00,1424.2478193807215
12-03 18:00:00,1402.6070905796987
12-03 19:00:00,1389.1903893972171
12-03 20:00:00,1389.1825092402828
12-03 21:00:00,1361.2033984037707
12-03 22:00:00,1346.35611716268
12-03 23:00:00,1330.4585868255124
12-04 00:00:00,1300.6236838265681
12-04 01:00:00,1332.2827285921912
12-04 02:00:00,1364.115965732237
12-04 03:00:00,1347.5648403377213
12-04 04:00:00,1328.3650534277558
12-04 05:00:00,1308.4228132987366
12-04 06:00:00,1288.5314896131056
12-04 07:00:00,1270.2925766995536
12-04 08:00:00,1244.7800602044722
12-04 09:00:00,1212.196332679414
12-04 10:00:00,1183.189529146946
12-04 11:00:00,1141.0250695440016
12-04 12:00:00,1086.0101448802363
12-04 13:00:00,1071.9479832336388
12-04 14:00:00,1066.168238741077
12-04 15:00:00,1092.7418717560256
12-04 16:00:00,1033.9667558453525
12-04 17:00:00,1012.4742820116044
12-04 18:00:00,1002.3065849829331
12-04 19:00:00,981.3808919864159
12-04 20:00:00,856.3869739764294
12-04 21:00:00,997.6449956309616
12-04 22:00:00,1047.8145706683933
12-04 23:00:00,1057.6546561274765
12-05 00:00:00,1055.820067121567
12-05 01:00:00,1051.6746487936225
12-05 02:00:00,1081.4877312686463
12-05 03:00:00,1089.9651307725458
12-05 04:00:00,1111.5184014523213
12-05 05:00:00,1141.9321543121976
12-05 06:00:00,1171.3889113540254
12-05 07:00:00,1180.697989528366
12-05 08:00:00,1185.4551277433427
12-05 09:00:00,1134.25113423591
12-05 10:00:00,1126.2927776278284
12-05 11:00:00,1057.8691690696976
12-05 12:00:00,1031.8106946481648
12-05 13:00:00,1011.8564780582072
12-05 14:00:00,1071.0662894274153
12-05 15:00:00,1091.92391705635
12-05 16:00:00,1125.6592811654932
12-05 17:00:00,1151.5788217260863
12-05 18:00:00,1161.7196295746935
12-05 19:00:00,1163.0426796045765
12-05 20:00:00,1189.9155152913736
12-05 21:00:00,1196.9643968318192
12-05 22:00:00,1206.9737594865264
12-05 23:00:00,1205.0878147673648
12-06 00:00:00,1221.136290921015
12-06 01:00:00,1255.1403977263167
12-06 02:00:00,1287.5318729719845
12-06 03:00:00,1314.9584222516987
12-06 04:00:00,1308.3718945023334
12-06 05:00:00,1280.3164263876195
12-06 06:00:00,1274.6202012771284
12-06 07:00:00,1270.6292581182906
12-06 08:00:00,1282.6761032352294
12-06 09:00:00,1259.9967358555564
12-06 10:00:00,1221.4819033294934
12-06 11:00:00,1186.6775108526722
12-06 12:00:00,1160.613923116135
12-06 13:00:00,1117.5996358873256
12-06 14:00:00,1103.4865704944152
12-06 15:00:00,1148.4696769294935
12-06 16:00:00,1248.1812393545838
12-06 17:00:00,1261.788435604421
12-06 18:00:00,1282.018150670386
12-06 19:00:00,1340.6796175513182
12-06 20:00:00,1344.3545698457172
12-06 21:00:00,1316.0389135311984
12-06 22:00:00,1332.6671119647322
12-06 23:00:00,1361.519089924559
12-07 00:00:00,1293.3878981607722
12-07 01:00:00,1330.4774295400643
12-07 02:00:00,1382.0112985238125
12-07 03:00:00,1406.0258455717149
12-07 04:00:00,1430.914923165662
12-07 05:00:00,1423.2202565835319
12-07 06:00:00,1399.0956689837337
12-07 07:00:00,1366.8638615719692
12-07 08:00:00,1286.3525536032625
12-07 09:00:00,1249.8295162240672
12-07 10:00:00,1207.5754216673943
12-07 11:00:00,1186.3405096107417
12-07 12:00:00,1146.0868310541862
12-07 13:00:00,1123.071221628065
12-07 14:00:00,1170.4252684833154
12-07 15:00:00,1205.176273029601
12-07 16:00:00,1290.7808775088802
12-07 17:00:00,1292.4724729712157
12-07 18:00:00,1307.0555079011583
12-07 19:00:00,1297.7459879958674
12-07 20:00:00,1315.31566389676
12-07 21:00:00,1316.930319875526
12-07 22:00:00,1305.5099357111933
12-07 23:00:00,1253.604377124007
12-08 00:00:00,1232.217949374764
12-08 01:00:00,1202.06432881169
12-08 02:00:00,1184.217640721918
12-08 03:00:00,1162.2708584116901
12-08 04:00:00,1187.1585119218043
12-08 05:00:00,1165.478234724474
12-08 06:00:00,1170.186382820525
12-08 07:00:00,1212.2718618946933
12-08 08:00:00,1256.8545493474574
12-08 09:00:00,1299.185468537524
12-08 10:00:00,1305.8778439214307
12-08 11:00:00,1317.3979152698596
12-08 12:00:00,1315.2500463638778
12-08 13:00:00,1297.819696686206
12-08 14:00:00,1290.4373262186496
12-08 15:00:00,1307.694878689454
12-08 16:00:00,1320.2467355034337
12-08 17:00:00,1328.6363861308373
12-08 18:00:00,1327.9124669990133
12-08 19:00:00,1321.6649211456102
12-08 20:00:00,1321.9618803647538
12-08 21:00:00,1322.928770893936
12-08 22:00:00,1322.458349466985
12-08 23:00:00,1322.995992202732
12-09 00:00:00,1324.3870857224797
12-09 01:00:00,1323.2400078165156
12-09 02:00:00,1317.1452454641628
12-09 03:00:00,1323.2400078165156
12-09 04:00:00,1326.6920138836704
12-09 05:00:00,1335.3599286640228
12-09 06:00:00,1329.3801859524917
12-09 07:00:00,1291.0368124329639
12-09 08:00:00,1274.939663447518
12-09 09:00:00,1278.9503045934275
12-09 10:00:00,1274.3397940228126
12-09 11:00:00,1221.3561437141716
12-09 12:00:00,1207.7129999169824
12-09 13:00:00,1206.4553560946933
12-09 14:00:00,1209.000339797226
12-09 15:00:00,1256.3138163238518
12-09 16:00:00,1255.3022148979237
12-09 17:00:00,1273.2617390111052
12-09 18:00:00,1266.8443051146357
12-09 19:00:00,1303.6119245052755
12-09 20:00:00,1305.541730966162
12-09 21:00:00,1345.767228728495
12-09 22:00:00,1377.864246816556
12-09 23:00:00,1377.9517057382445
12-10 00:00:00,1443.5382746593436
12-10 01:00:00,1483.578229215589
12-10 02:00:00,1536.5272307087419
12-10 03:00:00,1545.3248691522965
12-10 04:00:00,1539.1435732195278
12-10 05:00:00,1512.8542071816569
12-10 06:00:00,1519.9170667025198
12-10 07:00:00,1504.8666415940097
12-10 08:00:00,1484.0774237887533
12-10 09:00:00,1430.7370197881228
12-10 10:00:00,1361.4655166685461
12-10 11:00:00,1374.2054361506953
12-10 12:00:00,1396.431173169801
12-10 13:00:00,1372.1654685148876
12-10 14:00:00,1361.357604309696
12-10 15:00:00,1331.5439496274582
12-10 16:00:00,1315.1115489834667
12-10 17:00:00,1305.418287437853
12-10 18:00:00,1304.8087137704883
12-10 19:00:00,1266.5309459734347
12-10 20:00:00,1160.5682705949864
12-10 21:00:00,1145.650590644692
12-10 22:00:00,1139.3911402863039
12-10 23:00:00,1099.387917055381
12-11 00:00:00,1087.3102976128655
12-11 01:00:00,1075.4784528240714
12-11 02:00:00,1108.4923865008527
12-11 03:00:00,1141.7509605019768
12-11 04:00:00,1143.8765195567123
12-11 05:00:00,1153.004344547671
12-11 06:00:00,1097.9350009326095
12-11 07:00:00,1118.3295377408044
12-11 08:00:00,1147.6163246483102
12-11 09:00:00,1195.4693481516538
12-11 10:00:00,1199.7765960444815
12-11 11:00:00,1209.151705054406
12-11 12:00:00,1198.4823491248012
12-11 13:00:00,1188.470208652971
12-11 14:00:00,1150.7082775551662
12-11 15:00:00,1124.3111576253768
12-11 16:00:00,1174.618443317749
12-11 17:00:00,1172.4624848876128
12-11 18:00:00,1186.8406340839751
12-11 19:00:00,1195.1215057630523
12-11 20:00:00,1202.862132448263
12-11 21:00:00,1203.0288475673992
12-11 22:00:00,1202.7410485429562
12-11 23:00:00,1208.6307896524286
12-12 00:00:00,1224.0068496516922
12-12 01:00:00,1203.1054076308924
12-12 02:00:00,1226.130105044065
12-12 03:00:00,1200.6534928376207
12-12 04:00:00,1206.0163131657805
12-12 05:00:00,1293.501275142297
12-12 06:00:00,1345.461987548933
12-12 07:00:00,1384.2325488853658
12-12 08:00:00,1421.7769692827733
12-12 09:00:00,1411.6009798843347
12-12 10:00:00,1286.347870262919
12-12 11:00:00,1202.147254118357
12-12 12:00:00,1144.9579016613654
12-12 13:00:00,1115.9773522947348
12-12 14:00:00,1119.8125397340505
12-12 15:00:00,1138.966234993535
12-12 16:00:00,1153.6705011850106
12-12 17:00:00,1145.8177332079676
12-12 18:00:00,1157.5634778751125
12-12 19:00:00,1155.5877496756827
12-12 20:00:00,1145.646940550834
12-12 21:00:00,1159.3110850336175
12-12 22:00:00,1157.8385589910317
12-12 23:00:00,1142.8184261735128
12-13 00:00:00,1134.9248603228089
12-13 01:00:00,1127.3157386044381
12-13 02:00:00,1128.521205039772
12-13 03:00:00,1141.3297638000265
12-13 04:00:00,1131.7081528710744
12-13 05:00:00,1170.351547076862
12-13 06:00:00,1164.760353762105
12-13 07:00:00,1171.7658007638202
12-13 08:00:00,1170.2745748356983
12-13 09:00:00,1127.907246213121
12-13 10:00:00,1070.7080423241953
12-13 11:00:00,1035.1701936514842
12-13 12:00:00,1033.9626697750605
12-13 13:00:00,1013.0052377380324
12-13 14:00:00,1045.5122324642916
12-13 15:00:00,1055.304718306244
12-13 16:00:00,1068.117568310262
12-13 17:00:00,1128.0037197748497
12-13 18:00:00,1147.9169900856282
12-13 19:00:00,1188.1550793015324
12-13 20:00:00,1184.216089490846
12-13 21:00:00,1213.6695728061352
12-13 22:00:00,1252.9022275619088
12-13 23:00:00,1287.6043638160825
12-14 00:00:00,1262.9767964560724
12-14 01:00:00,1274.5893528977786
12-14 02:00:00,1246.7415683027664
12-14 03:00:00,1255.4066198385874
12-14 04:00:00,1259.3894078586554
12-14 05:00:00,1265.6701684746927
12-14 06:00:00,1276.8988817554987
12-14 07:00:00,1297.8721867406998
12-14 08:00:00,1294.3578998349956
12-14 09:00:00,1258.9852161753615
12-14 10:00:00,1226.4259992887735
12-14 11:00:00,1189.1895626592789
12-14 12:00:00,1176.4366753616764
12-14 13:00:00,1165.7237641253926
12-14 14:00:00,1152.9881681663257
12-14 15:00:00,1147.22272348032
12-14 16:00:00,1189.683241188262
12-14 17:00:00,1222.9125023506833
12-14 18:00:00,1234.5517223791585
12-14 19:00:00,1244.634577694813
12-14 20:00:00,1225.883396373169
12-14 21:00:00,1256.1028280433356
12-14 22:00:00,1275.8626808795916
12-14 23:00:00,1261.8687800933371
12-15 00:00:00,1243.1497834023082
12-15 01:00:00,1260.9907414762786
12-15 02:00:00,1285.505902261189
12-15 03:00:00,1297.1850048929045
12-15 04:00:00,1318.7766905936583
12-15 05:00:00,1330.9662042645105
12-15 06:00:00,1318.086796766397
12-15 07:00:00,1338.6268788219063
12-15 08:00:00,1336.3619734179754
12-15 09:00:00,1343.6710100003486
12-15 10:00:00,1325.9221787168594
12-15 11:00:00,1316.0428351302946
12-15 12:00:00,1285.082219816797
12-15 13:00:00,1267.995652653936
12-15 14:00:00,1273.2839945285516
12-15 15:00:00,1271.9303259408407
12-15 16:00:00,1274.2209045091558
12-15 17:00:00,1266.8449873539776
12-15 18:00:00,1269.912083881719
12-15 19:00:00,1265.762049275082
12-15 20:00:00,1285.4634816135072
12-15 21:00:00,1276.867231301715
12-15 22:00:00,1277.9174326729858
12-15 23:00:00,1272.8830696826458
12-16 00:00:00,1261.8020126392912
12-16 01:00:00,1261.8858963385378
12-16 02:00:00,1272.7983869511213
12-16 03:00:00,1273.6729474643191
12-16 04:00:00,1288.3541283769441
12-16 05:00:00,1287.8257289479875
12-16 06:00:00,1297.5719955734573
12-16 07:00:00,1288.8077351428035
12-16 08:00:00,1283.343397290259
12-16 09:00:00,1274.9492467307539
12-16 10:00:00,1258.911266607032
12-16 11:00:00,1240.2009488217634
12-16 12:00:00,1202.373302815159
12-16 13:00:00,1215.454298934324
12-16 14:00:00,1218.0264876214196
12-16 15:00:00,1226.014453149277
12-16 16:00:00,1227.2293765490795
12-16 17:00:00,1232.0608397190867
12-16 18:00:00,1232.3355143116517
12-16 19:00:00,1219.3485849363033
12-16 20:00:00,1229.5377158043045
12-16 21:00:00,1225.4037969196308
12-16 22:00:00,1237.3870490226045
12-16 23:00:00,1240.4116076742182
12-17 00:00:00,1228.5553218518965
12-17 01:00:00,1257.126521474158
12-17 02:00:00,1288.7451348836908
12-17 03:00:00,1294.0001362392172
12-17 04:00:00,1344.6675644919158
12-17 05:00:00,1369.146726481926
12-17 06:00:00,1381.4953257645366
12-17 07:00:00,1399.141879860891
12-17 08:00:00,1427.362737994151
12-17 09:00:00,1434.4660907467749
12-17 10:00:00,1357.4226228785938
12-17 11:00:00,1286.9684363595516
12-17 12:00:00,1233.5320597649597
12-17 13:00:00,1202.1336130414315
12-17 14:00:00,1193.3628869486354
12-17 15:00:00,1208.937084294487
12-17 16:00:00,1245.3368894613236
12-17 17:00:00,1264.2185686393555
12-17 18:00:00,1266.4147022256516
12-17 19:00:00,1269.5645801093603
12-17 20:00:00,1283.2063110085364
12-17 21:00:00,1286.2962529738002
12-17 22:00:00,1325.2363974833713
12-17 23:00:00,1322.2464734086307
12-18 00:00:00,1339.4128847962934
12-18 01:00:00,1326.7214449956116
12-18 02:00:00,1329.4857087883884
12-18 03:00:00,1377.16780247387
12-18 04:00:00,1383.3899095273807
12-18 05:00:00,1369.6934031451094
12-18 06:00:00,1418.3887815160067
12-18 07:00:00,1470.2841056732616
12-18 08:00:00,1468.063402717836
12-18 09:00:00,1434.7981476303357
12-18 10:00:00,1369.3282211727685
12-18 11:00:00,1305.4114464500615
12-18 12:00:00,1244.631143982981
12-18 13:00:00,1210.7293083410464
12-18 14:00:00,1221.476494452906
12-18 15:00:00,1251.2231493062518
12-18 16:00:00,1247.5691560800847
12-18 17:00:00,1303.6576533520083
12-18 18:00:00,1348.8450535876655
12-18 19:00:00,1358.8104341456346
12-18 20:00:00,1337.8826829316658
12-18 21:00:00,1317.4905132617355
12-18 22:00:00,1310.9542335507404
12-18 23:00:00,1314.4437367425435
12-19 00:00:00,1333.5427294555157
12-19 01:00:00,1348.0530588194188
12-19 02:00:00,1371.179837229957
12-19 03:00:00,1377.2156365104192
12-19 04:00:00,1408.38397876396
12-19 05:00:00,1422.464576967924
12-19 06:00:00,1425.0645356424743
12-19 07:00:00,1443.9057358047337
12-19 08:00:00,1468.0390333080668
12-19 09:00:00,1479.3088341939997
12-19 10:00:00,1461.3088341033108
12-19 11:00:00,1405.6298300955104
12-19 12:00:00,1368.4002508233891
12-19 13:00:00,1358.1877526152657
12-19 14:00:00,1348.0437079205374
12-19 15:00:00,1376.7916317827355
12-19 16:00:00,1405.5347658905237
12-19 17:00:00,1442.6356216273662
12-19 18:00:00,1476.7710354513822
12-19 19:00:00,1503.7404299324996
12-19 20:00:00,1511.4688666943066
12-19 21:00:00,1518.8923834545062
12-19 22:00:00,1516.0274115726825
12-19 23:00:00,1522.321890187816
12-20 00:00:00,1530.7609474059636
12-20 01:00:00,1512.588116372657
12-20 02:00:00,1515.3754658752148
12-20 03:00:00,1519.3123869745964
12-20 04:00:00,1540.8427642077163
12-20 05:00:00,1551.0735594186463
12-20 06:00:00,1564.041052519804
12-20 07:00:00,1543.5374947801502
12-20 08:00:00,1506.3619261104868
12-20 09:00:00,1467.374610741879
12-20 10:00:00,1421.54616615258
12-20 11:00:00,1373.9065552403954
12-20 12:00:00,1336.0989613534305
12-20 13:00:00,1335.4623393732866
12-20 14:00:00,1352.4626664405741
12-20 15:00:00,1382.6355153744923
12-20 16:00:00,1399.3739998942146
12-20 17:00:00,1391.896788788502
12-20 18:00:00,1430.3448039223035
12-20 19:00:00,1490.5690174467368
12-20 20:00:00,1482.1105431479368
12-20 21:00:00,1488.2921491594716
12-20 22:00:00,1514.948098537256
12-20 23:00:00,1517.4124384071815
12-21 00:00:00,1546.0659447256048
12-21 01:00:00,1560.206079535216
12-21 02:00:00,1629.8509032793572
12-21 03:00:00,1659.1240030343374
12-21 04:00:00,1654.378845297031
12-21 05:00:00,1615.2420118788154
12-21 06:00:00,1585.8087012090036
12-21 07:00:00,1537.0808729268651
12-21 08:00:00,1502.5432219719573
12-21 09:00:00,1487.1987374237888
12-21 10:00:00,1485.0311542267534
12-21 11:00:00,1487.9012276946487
12-21 12:00:00,1472.8513550202708
12-21 13:00:00,1462.265721966723
12-21 14:00:00,1461.5778941202109
12-21 15:00:00,1467.8788516775007
12-21 16:00:00,1468.6492820924846
12-21 17:00:00,1492.6943056132368
12-21 18:00:00,1493.5265531012838
12-21 19:00:00,1494.4962023189341
12-21 20:00:00,1513.8409735146408
12-21 21:00:00,1532.2181926974872
12-21 22:00:00,1553.892971263808
12-21 23:00:00,1575.413455964761
12-22 00:00:00,1580.8707478912806
12-22 01:00:00,1601.0701451013479
12-22 02:00:00,1612.9245029679835
12-22 03:00:00,1624.8842244479656
12-22 04:00:00,1637.603766656586
12-22 05:00:00,1664.0362469875847
12-22 06:00:00,1695.520713913587
12-22 07:00:00,1716.8200087851833
12-22 08:00:00,1740.9696416016718
12-22 09:00:00,1730.1838641851211
12-22 10:00:00,1697.8655006886802
12-22 11:00:00,1666.2717583152003
12-22 12:00:00,1608.7066962340023
12-22 13:00:00,1592.833518651966
12-22 14:00:00,1589.5595678587279
12-22 15:00:00,1625.6547955842357
12-22 16:00:00,1669.0243365162469
12-22 17:00:00,1712.9640790998712
12-22 18:00:00,1733.7264506936763
12-22 19:00:00,1761.1039155630892
12-22 20:00:00,1782.9403911187878
12-22 21:00:00,1771.0315688980631
12-22 22:00:00,1737.612969556969
12-22 23:00:00,1746.6777897178386
12-23 00:00:00,1747.9351793874964
12-23 01:00:00,1807.520806716742
12-23 02:00:00,1825.9456762103837
12-23 03:00:00,1779.3189559066732
12-23 04:00:00,1786.8369385505262
12-23 05:00:00,1749.2853836618597
12-23 06:00:00,1789.4051244079126
12-23 07:00:00,1815.7982356206164
12-23 08:00:00,1842.3965853625618
12-23 09:00:00,1768.1578603357664
12-23 10:00:00,1575.4207212478266
12-23 11:00:00,1366.7126795428178
12-23 12:00:00,1255.6516762200824
12-23 13:00:00,1162.570754802173
12-23 14:00:00,1143.6750873514472
12-23 15:00:00,1136.5564006895731
12-23 16:00:00,1168.5727479685977
12-23 17:00:00,1131.4408470596206
12-23 18:00:00,1108.6203126138728
12-23 19:00:00,1129.259085189618
12-23 20:00:00,1115.4076641814888
12-23 21:00:00,1093.1046768635001
12-23 22:00:00,1092.5107089699895
12-23 23:00:00,1077.5969362445428
12-24 00:00:00,1045.1685921800274
12-24 01:00:00,1072.0688442365679
12-24 02:00:00,1076.608094333549
12-24 03:00:00,1110.3189362778157
12-24 04:00:00,1117.0481014758186
12-24 05:00:00,1162.9667572405851
12-24 06:00:00,1128.804674039499
12-24 07:00:00,1161.5231105296375
12-24 08:00:00,1162.6943978527413
12-24 09:00:00,1100.1615562426373
12-24 10:00:00,1053.2038892980074
12-24 11:00:00,1032.8327982948565
12-24 12:00:00,1025.4710296938051
12-24 13:00:00,979.5108931798343
12-24 14:00:00,978.5978050003865
12-24 15:00:00,1012.5141563897986
12-24 16:00:00,999.3576366193304
12-24 17:00:00,1005.0823434769405
12-24 18:00:00,1009.4224734629597
12-24 19:00:00,996.9751790085442
12-24 20:00:00,995.1518085935899
12-24 21:00:00,1011.7381837918895
12-24 22:00:00,988.215047382083
12-24 23:00:00,983.3203489427561
12-25 00:00:00,986.7736854056277
12-25 01:00:00,1005.2062046542549
12-25 02:00:00,989.6866562745334
12-25 03:00:00,1062.0746744725807
12-25 04:00:00,1033.1504482615944
12-25 05:00:00,1046.0078731421868
12-25 06:00:00,1066.5472858684082
12-25 07:00:00,1050.2938534625089
12-25 08:00:00,1048.3810559087087
12-25 09:00:00,1008.4883420191609
12-25 10:00:00,1044.441351675076
12-25 11:00:00,988.7074425645847
12-25 12:00:00,964.63679884571
12-25 13:00:00,923.9889899566565
12-25 14:00:00,905.6911614088469
12-25 15:00:00,889.9397050480659
12-25 16:00:00,923.4590412801555
12-25 17:00:00,913.0527975767658
12-25 18:00:00,932.7549583974078
12-25 19:00:00,968.2863061040744
12-25 20:00:00,944.0146217576397
12-25 21:00:00,987.3388895071014
12-25 22:00:00,1003.8797043047069
12-25 23:00:00,971.0128758011291
12-26 00:00:00,992.3830820696544
12-26 01:00:00,980.1607378449224
12-26 02:00:00,990.679090329747
12-26 03:00:00,1010.1189149844629
12-26 04:00:00,1007.2334969985296
12-26 05:00:00,994.8117556949433
12-26 06:00:00,986.4308158567924
12-26 07:00:00,1010.0829696942662
12-26 08:00:00,1005.3402198274877
12-26 09:00:00,1011.5379879340869
12-26 10:00:00,991.7844504014691
12-26 11:00:00,970.2448786029026
12-26 12:00:00,889.8823491649721
12-26 13:00:00,831.2509784454703
12-26 14:00:00,843.8085491728455
12-26 15:00:00,858.1610749185195
12-26 16:00:00,893.6459313261489
12-26 17:00:00,894.8871384428389
12-26 18:00:00,910.7538440259832
12-26 19:00:00,934.5368255632446
12-26 20:00:00,963.1006667368672
12-26 21:00:00,965.3489485575025
12-26 22:00:00,951.1244912508284
12-26 23:00:00,982.8796089560401
12-27 00:00:00,974.4582989933625
12-27 01:00:00,981.5615599372862
12-27 02:00:00,1007.9067996418264
12-27 03:00:00,1029.5909804161015
12-27 04:00:00,1031.7492629407568
12-27 05:00:00,1051.3789979460257
12-27 06:00:00,1082.6112917631738
12-27 07:00:00,1106.2511636755694
12-27 08:00:00,1114.208267613935
12-27 09:00:00,1078.4840872288503
12-27 10:00:00,988.2512214754205
12-27 11:00:00,929.3653701692144
12-27 12:00:00,894.6796904758535
12-27 13:00:00,867.2576244178532
12-27 14:00:00,857.4008165030336
12-27 15:00:00,883.2535905005776
12-27 16:00:00,884.5456288011904
12-27 17:00:00,912.1333664326141
12-27 18:00:00,920.75380348878
12-27 19:00:00,929.8153152185341
12-27 20:00:00,960.7408388892578
12-27 21:00:00,951.8127746272171
12-27 22:00:00,952.8503186256349
12-27 23:00:00,977.5786874107193
12-28 00:00:00,1002.4205849526568
12-28 01:00:00,997.2938616816838
12-28 02:00:00,1032.36170303756
12-28 03:00:00,1031.0532748260257
12-28 04:00:00,993.3285551232292
12-28 05:00:00,966.9062959277477
12-28 06:00:00,947.1678365364984
12-28 07:00:00,962.3911704523639
12-28 08:00:00,988.0187636497484
12-28 09:00:00,942.5465684264934
12-28 10:00:00,886.7773403770213
12-28 11:00:00,845.4118005482485
12-28 12:00:00,786.4508422495555
12-28 13:00:00,763.6114500009862
12-28 14:00:00,751.5310472085592
12-28 15:00:00,620.9145319384697
12-28 16:00:00,622.1272058776125
12-28 17:00:00,664.1953821195823
12-28 18:00:00,717.1466487973622
12-28 19:00:00,809.5917751034854
12-28 20:00:00,772.0593476220664
12-28 21:00:00,712.6315798905518
12-28 22:00:00,718.2573939230343
12-28 23:00:00,699.6234209016262
12-29 00:00:00,707.2742226651762
12-29 01:00:00,668.5220407616666
12-29 02:00:00,652.9864226923203
12-29 03:00:00,692.7175861090205
12-29 04:00:00,764.6140023198378
12-29 05:00:00,780.9992366730079
12-29 06:00:00,779.8404663105135
12-29 07:00:00,794.5627952529584
12-29 08:00:00,769.5308148704938
12-29 09:00:00,793.9642462245075
12-29 10:00:00,776.9851178027927
12-29 11:00:00,810.9852947998081
12-29 12:00:00,867.9050406147974
12-29 13:00:00,869.4434528474055
12-29 14:00:00,864.8495772598014
12-29 15:00:00,880.7075660261037
12-29 16:00:00,899.7983107751791
12-29 17:00:00,916.6918997810405
12-29 18:00:00,898.9132865502582
12-29 19:00:00,891.3646110660278
12-29 20:00:00,891.5427437226916
12-29 21:00:00,886.2295636151791
12-29 22:00:00,879.9865868117922
12-29 23:00:00,868.9430353492394
12-30 00:00:00,854.918382605566
12-30 01:00:00,835.1449704463065
12-30 02:00:00,830.5557345467168
12-30 03:00:00,781.499275389355
12-30 04:00:00,719.5255343027026
12-30 05:00:00,758.1598179201507
12-30 06:00:00,753.9908362523919
12-30 07:00:00,768.8839245430411
12-30 08:00:00,735.2599174812314
12-30 09:00:00,722.2252575312158
12-30 10:00:00,688.5513478706421
12-30 11:00:00,651.5184171081722
12-30 12:00:00,609.3286326431112
12-30 13:00:00,544.9909299125878
12-30 14:00:00,521.6067110992853
12-30 15:00:00,536.4706934907273
12-30 16:00:00,558.6544156162403
12-30 17:00:00,588.5295760936832
12-30 18:00:00,600.9562970045307
12-30 19:00:00,595.4672211094742
12-30 20:00:00,617.9877951660686
12-30 21:00:00,609.5765295520064
12-30 22:00:00,638.328751908346
12-30 23:00:00,672.5039656672564
12-31 00:00:00,772.8408666854172
12-31 01:00:00,806.6187018189327
12-31 02:00:00,854.1322451284576
12-31 03:00:00,889.9393380045201
12-31 04:00:00,824.4658370194413
12-31 05:00:00,884.7576849662757
12-31 06:00:00,902.6493184442827
12-31 07:00:00,902.599366774572
12-31 08:00:00,924.8073481947033
12-31 09:00:00,910.8056873664888
12-31 10:00:00,833.9457033701129
12-31 11:00:00,715.4982708191664
12-31 12:00:00,645.2404900365551
12-31 13:00:00,614.7589437091416
12-31 14:00:00,613.3621684687496
12-31 15:00:00,586.1855450569776
12-31 16:00:00,625.5359300954859
12-31 17:00:00,659.035226119838
12-31 18:00:00,691.5512642933891
12-31 19:00:00,750.2066102725788
12-31 20:00:00,776.9274102904415
12-31 21:00:00,826.1690097193303
12-31 22:00:00,781.0855568885738
12-31 23:00:00,876.871659527773
