,value_kW
01-01 00:00:00,1174.9936392610898
01-01 01:00:00,1147.6442466370534
01-01 02:00:00,1146.8690004250034
01-01 03:00:00,1155.1178046783375
01-01 04:00:00,1153.6320850058123
01-01 05:00:00,1157.7261122963123
01-01 06:00:00,1174.5333548695985
01-01 07:00:00,1190.1943330942224
01-01 08:00:00,1141.9068057803343
01-01 09:00:00,1131.9120656291825
01-01 10:00:00,1060.1435219433852
01-01 11:00:00,1018.3238044353327
01-01 12:00:00,1005.3094200883634
01-01 13:00:00,986.6664165737923
01-01 14:00:00,980.0319167057469
01-01 15:00:00,1008.1732663608204
01-01 16:00:00,1036.5927912719726
01-01 17:00:00,1051.8210080078902
01-01 18:00:00,1047.0841583482566
01-01 19:00:00,1053.452687864279
01-01 20:00:00,1060.4690980831622
01-01 21:00:00,1072.6930039301478
01-01 22:00:00,1080.0540258861297
01-01 23:00:00,1082.6820333740532
01-02 00:00:00,1075.4973672287147
01-02 01:00:00,1069.8499254308433
01-02 02:00:00,1057.8000281887464
01-02 03:00:00,1059.151864461248
01-02 04:00:00,1052.5897319698847
01-02 05:00:00,1052.6816596485971
01-02 06:00:00,1054.1362188655355
01-02 07:00:00,1053.3184096595783
01-02 08:00:00,1061.4083097437158
01-02 09:00:00,1047.460782108322
01-02 10:00:00,1036.4462292433273
01-02 11:00:00,1014.7361236656732
01-02 12:00:00,1027.065698998496
01-02 13:00:00,1024.611559667853
01-02 14:00:00,1019.4321683020354
01-02 15:00:00,1029.658444882645
01-02 16:00:00,1052.7086158864015
01-02 17:00:00,1075.3047400302369
01-02 18:00:00,1091.2386215027884
01-02 19:00:00,1106.9810776688348
01-02 20:00:00,1114.6380892167049
01-02 21:00:00,1124.0865734828908
01-02 22:00:00,1138.6385671302203
01-02 23:00:00,1147.738818070214
01-03 00:00:00,1184.0961589671433
01-03 01:00:00,1196.5594391491195
01-03 02:00:00,1203.0910335428905
01-03 03:00:00,1203.4681831563926
01-03 04:00:00,1204.8726433555037
01-03 05:00:00,1210.4090368886239
01-03 06:00:00,1215.986176694401
01-03 07:00:00,1222.8664390403458
01-03 08:00:00,1222.6233062695906
01-03 09:00:00,1201.6088789156872
01-03 10:00:00,1186.2818203887216
01-03 11:00:00,1171.3200409051517
01-03 12:00:00,1152.9678634730603
01-03 13:00:00,1146.2794908142216
01-03 14:00:00,1138.7313884323453
01-03 15:00:00,1139.5569777113467
01-03 16:00:00,1145.804651845064
01-03 17:00:00,1147.363701780682
01-03 18:00:00,1156.6738900619348
01-03 19:00:00,1171.7599543331128
01-03 20:00:00,1191.0209794859672
01-03 21:00:00,1184.5768332812063
01-03 22:00:00,1178.8911356878968
01-03 23:00:00,1179.8307061605324
01-04 00:00:00,1179.6685205460954
01-04 01:00:00,1220.5262577431401
01-04 02:00:00,1248.355484615817
01-04 03:00:00,1222.4672368464403
01-04 04:00:00,1239.1601057775158
01-04 05:00:00,1237.8000623552964
01-04 06:00:00,1238.5821372403839
01-04 07:00:00,1238.691093809943
01-04 08:00:00,1233.3566359032914
01-04 09:00:00,1210.4938659268812
01-04 10:00:00,1195.28288461476
01-04 11:00:00,1177.5374471475236
01-04 12:00:00,1146.6831544355505
01-04 13:00:00,1127.264726646771
01-04 14:00:00,1122.4883815582446
01-04 15:00:00,1127.5279413451126
01-04 16:00:00,1153.713179011541
01-04 17:00:00,1176.4261226859383
01-04 18:00:00,1188.9078448421787
01-04 19:00:00,1202.0573351829107
01-04 20:00:00,1195.0509276725434
01-04 21:00:00,1204.703067236416
01-04 22:00:00,1220.8977642237494
01-04 23:00:00,1238.4202936588242
01-05 00:00:00,1255.0486763888096
01-05 01:00:00,1265.3969564009683
01-05 02:00:00,1271.9302813615593
01-05 03:00:00,1271.9383840621829
01-05 04:00:00,1253.0769500351194
01-05 05:00:00,1253.5321502358345
01-05 06:00:00,1260.2197235469512
01-05 07:00:00,1269.1386054420414
01-05 08:00:00,1274.3335384996706
01-05 09:00:00,1271.9638986598234
01-05 10:00:00,1246.1878972397517
01-05 11:00:00,1222.3602702821195
01-05 12:00:00,1210.6085821628135
01-05 13:00:00,1203.1072903765098
01-05 14:00:00,1213.6384055997748
01-05 15:00:00,1222.8468389801271
01-05 16:00:00,1224.6311299547644
01-05 17:00:00,1226.162983245905
01-05 18:00:00,1234.4094421380116
01-05 19:00:00,1249.2258215843776
01-05 20:00:00,1250.9828621659622
01-05 21:00:00,1257.8099423588117
01-05 22:00:00,1251.5393473673134
01-05 23:00:00,1259.003932039724
01-06 00:00:00,1259.9565953036613
01-06 01:00:00,1260.808698296549
01-06 02:00:00,1275.7935158932173
01-06 03:00:00,1284.419155357564
01-06 04:00:00,1305.274627507771
01-06 05:00:00,1339.8757900105456
01-06 06:00:00,1346.7494516596403
01-06 07:00:00,1347.95496488958
01-06 08:00:00,1346.0834530772772
01-06 09:00:00,1327.1515564714434
01-06 10:00:00,1313.575618398154
01-06 11:00:00,1284.1716422343143
01-06 12:00:00,1274.9676520312948
01-06 13:00:00,1269.6826984738689
01-06 14:00:00,1255.3488263915165
01-06 15:00:00,1245.1932919009212
01-06 16:00:00,1271.0156681657663
01-06 17:00:00,1286.0932121767262
01-06 18:00:00,1285.823541722973
01-06 19:00:00,1286.30061781048
01-06 20:00:00,1286.844179523147
01-06 21:00:00,1293.5905628490289
01-06 22:00:00,1293.5905628490289
01-06 23:00:00,1300.568145779735
01-07 00:00:00,1300.779320777027
01-07 01:00:00,1301.3296967394595
01-07 02:00:00,1303.4015589056314
01-07 03:00:00,1290.114650649533
01-07 04:00:00,1297.9172831732658
01-07 05:00:00,1308.8984837216349
01-07 06:00:00,1318.408459544195
01-07 07:00:00,1319.654771074755
01-07 08:00:00,1345.547816522361
01-07 09:00:00,1327.4382531385204
01-07 10:00:00,1279.0264100290715
01-07 11:00:00,1217.5243911267664
01-07 12:00:00,1185.7431390579209
01-07 13:00:00,1164.44571606408
01-07 14:00:00,1153.714531204661
01-07 15:00:00,1192.56637095469
01-07 16:00:00,1213.1267786421997
01-07 17:00:00,1256.8578282980627
01-07 18:00:00,1263.6371308854873
01-07 19:00:00,1284.7329802347017
01-07 20:00:00,1283.752072233967
01-07 21:00:00,1281.9685069724228
01-07 22:00:00,1319.9537631036255
01-07 23:00:00,1337.262806828593
01-08 00:00:00,1343.2694373428542
01-08 01:00:00,1365.8485909380972
01-08 02:00:00,1336.6994633956774
01-08 03:00:00,1343.7061922254416
01-08 04:00:00,1343.1717752696143
01-08 05:00:00,1358.211437180534
01-08 06:00:00,1376.7504762094732
01-08 07:00:00,1399.92929570845
01-08 08:00:00,1399.6003307008004
01-08 09:00:00,1385.9038132270562
01-08 10:00:00,1308.4540396446407
01-08 11:00:00,1238.3313738691613
01-08 12:00:00,1192.5894093160186
01-08 13:00:00,1141.5391450875004
01-08 14:00:00,1140.3318230420946
01-08 15:00:00,1194.6506688631105
01-08 16:00:00,1265.4011406492136
01-08 17:00:00,1323.6224997645447
01-08 18:00:00,1387.9022225743652
01-08 19:00:00,1436.7115572170558
01-08 20:00:00,1465.5898581906656
01-08 21:00:00,1517.9140463380315
01-08 22:00:00,1540.2850929103283
01-08 23:00:00,1589.3297852173982
01-09 00:00:00,1609.542822296092
01-09 01:00:00,1624.1240129310713
01-09 02:00:00,1652.2987203394407
01-09 03:00:00,1671.3002823164225
01-09 04:00:00,1690.5520037259214
01-09 05:00:00,1692.8976435370255
01-09 06:00:00,1705.750039133145
01-09 07:00:00,1696.0528164618445
01-09 08:00:00,1709.1877272067638
01-09 09:00:00,1661.030295442939
01-09 10:00:00,1545.2107176173856
01-09 11:00:00,1432.199996524765
01-09 12:00:00,1354.2741760714744
01-09 13:00:00,1313.8385634872766
01-09 14:00:00,1320.4638399082917
01-09 15:00:00,1303.3164186943293
01-09 16:00:00,1325.5132043369135
01-09 17:00:00,1355.2472523598742
01-09 18:00:00,1356.8014651130522
01-09 19:00:00,1391.541806395628
01-09 20:00:00,1444.7931199992058
01-09 21:00:00,1485.796986448553
01-09 22:00:00,1489.888364085458
01-09 23:00:00,1479.702298678299
01-10 00:00:00,1503.4758066788122
01-10 01:00:00,1498.4597309949318
01-10 02:00:00,1521.816731865661
01-10 03:00:00,1555.8037073834876
01-10 04:00:00,1588.4561014022022
01-10 05:00:00,1615.662402288196
01-10 06:00:00,1630.9770574534027
01-10 07:00:00,1646.888585643814
01-10 08:00:00,1640.4124570066058
01-10 09:00:00,1641.5849696968307
01-10 10:00:00,1542.361769218864
01-10 11:00:00,1479.3372039033925
01-10 12:00:00,1446.6146211905918
01-10 13:00:00,1394.9186160594663
01-10 14:00:00,1413.2572232348787
01-10 15:00:00,1448.1150732958033
01-10 16:00:00,1471.8207808502746
01-10 17:00:00,1486.9335963029112
01-10 18:00:00,1444.7947528893137
01-10 19:00:00,1477.9297265630903
01-10 20:00:00,1565.3645024267548
01-10 21:00:00,1602.0472264843506
01-10 22:00:00,1577.1036717643715
01-10 23:00:00,1611.9355421636078
01-11 00:00:00,1637.3593273324552
01-11 01:00:00,1652.3819974267046
01-11 02:00:00,1706.3037683903106
01-11 03:00:00,1718.1402007954036
01-11 04:00:00,1706.5667196480542
01-11 05:00:00,1722.35011868004
01-11 06:00:00,1747.9135578069795
01-11 07:00:00,1755.2881131105983
01-11 08:00:00,1735.3496037530506
01-11 09:00:00,1696.1030342038694
01-11 10:00:00,1662.0201763457994
01-11 11:00:00,1580.6488036271642
01-11 12:00:00,1510.3947938950882
01-11 13:00:00,1495.2749452591615
01-11 14:00:00,1498.4670255871222
01-11 15:00:00,1530.605218187137
01-11 16:00:00,1583.837012367676
01-11 17:00:00,1614.7890101972046
01-11 18:00:00,1644.87562379005
01-11 19:00:00,1657.0923644483955
01-11 20:00:00,1609.6057566773536
01-11 21:00:00,1621.6675426660552
01-11 22:00:00,1600.8752237059134
01-11 23:00:00,1583.5856093576535
01-12 00:00:00,1576.9796053393984
01-12 01:00:00,1536.902633383163
01-12 02:00:00,1561.1485986419714
01-12 03:00:00,1554.2984049414142
01-12 04:00:00,1532.2984165533646
01-12 05:00:00,1539.7445041075312
01-12 06:00:00,1467.5317223045538
01-12 07:00:00,1498.3792550421883
01-12 08:00:00,1406.0383473071208
01-12 09:00:00,1359.761613879922
01-12 10:00:00,1333.3421511151976
01-12 11:00:00,1252.105879104331
01-12 12:00:00,1265.9952631420724
01-12 13:00:00,1252.3022952596716
01-12 14:00:00,1203.883218703064
01-12 15:00:00,1252.5732166202915
01-12 16:00:00,1257.9198275105523
01-12 17:00:00,1220.8613419650778
01-12 18:00:00,1236.0791152399047
01-12 19:00:00,1230.0217876324057
01-12 20:00:00,1206.6973868132382
01-12 21:00:00,1184.1775171574316
01-12 22:00:00,1164.357105311521
01-12 23:00:00,1156.883502589131
01-13 00:00:00,1142.914291090674
01-13 01:00:00,1146.454193042338
01-13 02:00:00,1153.087097571694
01-13 03:00:00,1129.242187652627
01-13 04:00:00,1107.3329768118667
01-13 05:00:00,1107.8944209107347
01-13 06:00:00,1096.137647525839
01-13 07:00:00,1110.0893190443899
01-13 08:00:00,1114.2698018143394
01-13 09:00:00,1091.1004799416742
01-13 10:00:00,1082.0621880576666
01-13 11:00:00,1076.3755393943302
01-13 12:00:00,1065.9278289910076
01-13 13:00:00,1038.4380205129473
01-13 14:00:00,1035.1638442577582
01-13 15:00:00,1009.7015133352859
01-13 16:00:00,1003.7313835943976
01-13 17:00:00,1013.5908111047727
01-13 18:00:00,930.4404174510325
01-13 19:00:00,991.1647295982242
01-13 20:00:00,1103.5610983104839
01-13 21:00:00,1167.7421051918968
01-13 22:00:00,1183.3490187923971
01-13 23:00:00,1175.314061935744
01-14 00:00:00,1159.1077479966766
01-14 01:00:00,1121.1527035020783
01-14 02:00:00,1045.4635728672627
01-14 03:00:00,854.2382557971671
01-14 04:00:00,818.2655443166208
01-14 05:00:00,816.8859045649668
01-14 06:00:00,841.3795173646414
01-14 07:00:00,950.5781997660596
01-14 08:00:00,1129.2113500999621
01-14 09:00:00,1152.6958746652624
01-14 10:00:00,1162.509888454403
01-14 11:00:00,1167.0910658747919
01-14 12:00:00,1189.0676710099237
01-14 13:00:00,1177.7799761548652
01-14 14:00:00,1190.1171100544448
01-14 15:00:00,1199.1775350785113
01-14 16:00:00,1213.5968581749094
01-14 17:00:00,1218.7763728728405
01-14 18:00:00,1225.4525441106148
01-14 19:00:00,1225.4968263742385
01-14 20:00:00,1224.179411262122
01-14 21:00:00,1220.4662132448686
01-14 22:00:00,1209.2867749837326
01-14 23:00:00,1208.0010597239511
01-15 00:00:00,1202.8851752075086
01-15 01:00:00,1200.6804240482043
01-15 02:00:00,1201.931079774309
01-15 03:00:00,1209.4615919147946
01-15 04:00:00,1218.3836270518243
01-15 05:00:00,1220.9231627210202
01-15 06:00:00,1238.1570624603955
01-15 07:00:00,1253.1908091191854
01-15 08:00:00,1262.2184120899165
01-15 09:00:00,1261.186344520318
01-15 10:00:00,1261.131278562848
01-15 11:00:00,1261.5054201574094
01-15 12:00:00,1277.3769436524224
01-15 13:00:00,1294.422888825597
01-15 14:00:00,1323.714043966007
01-15 15:00:00,1364.883203039981
01-15 16:00:00,1387.4499353672757
01-15 17:00:00,1408.3212742282367
01-15 18:00:00,1424.6830141055304
01-15 19:00:00,1423.7671997251107
01-15 20:00:00,1436.2427850515423
01-15 21:00:00,1452.9404106959955
01-15 22:00:00,1473.7764481247916
01-15 23:00:00,1546.925714959154
01-16 00:00:00,1605.8774057226422
01-16 01:00:00,1606.238873564117
01-16 02:00:00,1619.5067923693355
01-16 03:00:00,1665.4345172489077
01-16 04:00:00,1708.1772130689483
01-16 05:00:00,1709.5917229711608
01-16 06:00:00,1723.1881554891424
01-16 07:00:00,1721.7141705120728
01-16 08:00:00,1724.60715068698
01-16 09:00:00,1641.912430866758
01-16 10:00:00,1555.2093659850157
01-16 11:00:00,1481.2912498560056
01-16 12:00:00,1486.178055475707
01-16 13:00:00,1466.280231333853
01-16 14:00:00,1464.3286122661616
01-16 15:00:00,1500.024730984405
01-16 16:00:00,1538.8147001665584
01-16 17:00:00,1583.4799968221155
01-16 18:00:00,1568.1195884646668
01-16 19:00:00,1549.772410124293
01-16 20:00:00,1586.526656434536
01-16 21:00:00,1591.3171775414198
01-16 22:00:00,1558.984980562082
01-16 23:00:00,1565.9145329905703
01-17 00:00:00,1585.0452380821116
01-17 01:00:00,1564.0012856735907
01-17 02:00:00,1503.065916076522
01-17 03:00:00,1476.4357053509823
01-17 04:00:00,1472.7825038209348
01-17 05:00:00,1461.4610589721133
01-17 06:00:00,1469.794322777671
01-17 07:00:00,1419.5696956248485
01-17 08:00:00,1285.0080942017623
01-17 09:00:00,1288.911238308509
01-17 10:00:00,1229.789149131076
01-17 11:00:00,1182.256526330137
01-17 12:00:00,1142.4921738201572
01-17 13:00:00,1137.2837636026138
01-17 14:00:00,1142.995151583545
01-17 15:00:00,1155.2797396486314
01-17 16:00:00,1163.191038458987
01-17 17:00:00,1159.9770889988356
01-17 18:00:00,1153.795895039631
01-17 19:00:00,1134.9152569092926
01-17 20:00:00,1128.5579558389736
01-17 21:00:00,1121.4066449698985
01-17 22:00:00,1120.5033266509577
01-17 23:00:00,1108.791307239936
01-18 00:00:00,1109.6855421028458
01-18 01:00:00,1122.4796859421422
01-18 02:00:00,1130.8614024333701
01-18 03:00:00,1131.8941700888763
01-18 04:00:00,1120.2771251055656
01-18 05:00:00,1142.009635750207
01-18 06:00:00,1153.9813997351778
01-18 07:00:00,1148.8824923253567
01-18 08:00:00,1122.2556659257639
01-18 09:00:00,1095.5076138949712
01-18 10:00:00,1098.60332548046
01-18 11:00:00,1089.1956507871203
01-18 12:00:00,1085.2222797181882
01-18 13:00:00,1065.7494827648363
01-18 14:00:00,1052.9165959378156
01-18 15:00:00,1060.8368243095379
01-18 16:00:00,1092.8286978834758
01-18 17:00:00,1126.9239579285793
01-18 18:00:00,1187.0775076621176
01-18 19:00:00,1259.9245083277212
01-18 20:00:00,1274.6627222903505
01-18 21:00:00,1307.3011010582486
01-18 22:00:00,1296.316231762698
01-18 23:00:00,1330.1900913121483
01-19 00:00:00,1400.4175334828326
01-19 01:00:00,1380.84096568533
01-19 02:00:00,1417.2405544508408
01-19 03:00:00,1486.824498947773
01-19 04:00:00,1501.374207002001
01-19 05:00:00,1515.489948476005
01-19 06:00:00,1492.2810050666583
01-19 07:00:00,1566.2140271139997
01-19 08:00:00,1505.144542151976
01-19 09:00:00,1466.8443611965863
01-19 10:00:00,1358.1113952688613
01-19 11:00:00,1302.404574877248
01-19 12:00:00,1243.0345228673905
01-19 13:00:00,1165.8290409058554
01-19 14:00:00,1117.7782635335711
01-19 15:00:00,1099.46085717243
01-19 16:00:00,1102.1159046410942
01-19 17:00:00,1125.0854747823757
01-19 18:00:00,1170.0476708143267
01-19 19:00:00,1159.6126533365616
01-19 20:00:00,1135.0016313794667
01-19 21:00:00,1109.6168206385887
01-19 22:00:00,1113.7293974465597
01-19 23:00:00,1151.032395329903
01-20 00:00:00,1174.0409929534453
01-20 01:00:00,1215.0618795806688
01-20 02:00:00,1221.636148149748
01-20 03:00:00,1186.6452323512192
01-20 04:00:00,1214.6435487836143
01-20 05:00:00,1232.74831045268
01-20 06:00:00,1248.8817196058803
01-20 07:00:00,1203.259308089758
01-20 08:00:00,1221.2400454214976
01-20 09:00:00,1169.518203058926
01-20 10:00:00,1082.3101892721577
01-20 11:00:00,1005.4735626599619
01-20 12:00:00,973.5899065552194
01-20 13:00:00,935.6506610839817
01-20 14:00:00,901.7644251710949
01-20 15:00:00,863.6464451558062
01-20 16:00:00,889.9725795421083
01-20 17:00:00,912.6166008938363
01-20 18:00:00,943.5265827023169
01-20 19:00:00,933.4608118229129
01-20 20:00:00,943.5787442843374
01-20 21:00:00,963.9388722192969
01-20 22:00:00,1000.1994629130006
01-20 23:00:00,1013.9999230717877
01-21 00:00:00,1001.2559349271685
01-21 01:00:00,966.6814012384375
01-21 02:00:00,930.4901205657566
01-21 03:00:00,909.5209615899137
01-21 04:00:00,843.6851609685037
01-21 05:00:00,804.2799428088821
01-21 06:00:00,762.1312949403612
01-21 07:00:00,803.2121695576557
01-21 08:00:00,823.0558068995035
01-21 09:00:00,789.9660474377297
01-21 10:00:00,766.9532104132905
01-21 11:00:00,732.773620441893
01-21 12:00:00,666.0794260505047
01-21 13:00:00,640.2506890806509
01-21 14:00:00,689.6739782463026
01-21 15:00:00,680.2109412983345
01-21 16:00:00,703.8444172313164
01-21 17:00:00,787.3397905333161
01-21 18:00:00,801.9895488945053
01-21 19:00:00,812.1691372889699
01-21 20:00:00,842.9222195553335
01-21 21:00:00,794.492303197694
01-21 22:00:00,767.3715040634403
01-21 23:00:00,754.9169232205683
01-22 00:00:00,766.8679961628374
01-22 01:00:00,783.8907124754415
01-22 02:00:00,846.3863418602044
01-22 03:00:00,834.6400981807789
01-22 04:00:00,809.8713466505236
01-22 05:00:00,864.3293264057339
01-22 06:00:00,820.5305833669394
01-22 07:00:00,843.128320517327
01-22 08:00:00,790.5786253562562
01-22 09:00:00,838.7750508049786
01-22 10:00:00,744.427345017573
01-22 11:00:00,690.8494956583577
01-22 12:00:00,698.55832038119
01-22 13:00:00,682.5026502933673
01-22 14:00:00,673.4190266908608
01-22 15:00:00,689.619073815078
01-22 16:00:00,737.8008779405209
01-22 17:00:00,768.75157025495
01-22 18:00:00,806.2605340547453
01-22 19:00:00,855.4162025488777
01-22 20:00:00,899.7332304762051
01-22 21:00:00,869.6267242667318
01-22 22:00:00,875.5603540422482
01-22 23:00:00,929.5724328538147
01-23 00:00:00,944.542925639209
01-23 01:00:00,1016.1585587456212
01-23 02:00:00,1015.1710421954373
01-23 03:00:00,1021.4837991018956
01-23 04:00:00,1029.7200987557258
01-23 05:00:00,1045.9332000213535
01-23 06:00:00,1097.8035656594345
01-23 07:00:00,1112.7954786102725
01-23 08:00:00,1103.3082883691798
01-23 09:00:00,1097.148862345124
01-23 10:00:00,1113.427732464242
01-23 11:00:00,1072.997991772331
01-23 12:00:00,1003.3851584597757
01-23 13:00:00,967.204929644707
01-23 14:00:00,976.831239885629
01-23 15:00:00,1013.528739783675
01-23 16:00:00,1021.9728057237471
01-23 17:00:00,1086.7065349268769
01-23 18:00:00,1053.2151764894952
01-23 19:00:00,1057.6964870002655
01-23 20:00:00,1113.5552399738492
01-23 21:00:00,1121.3929508433348
01-23 22:00:00,1100.604491366773
01-23 23:00:00,1080.817391358679
01-24 00:00:00,1061.4360183106758
01-24 01:00:00,1047.5486836303573
01-24 02:00:00,1014.8064685748068
01-24 03:00:00,960.4435749225516
01-24 04:00:00,1053.591419268939
01-24 05:00:00,1074.500609588217
01-24 06:00:00,1092.6891145978495
01-24 07:00:00,1118.8090498530626
01-24 08:00:00,1188.5618033482667
01-24 09:00:00,1157.8061765923148
01-24 10:00:00,1133.683726698453
01-24 11:00:00,1088.8562615284748
01-24 12:00:00,1067.9531337069545
01-24 13:00:00,1076.3527640035138
01-24 14:00:00,1100.6897338572892
01-24 15:00:00,1141.9792055430803
01-24 16:00:00,1234.4579764633422
01-24 17:00:00,1288.28089274503
01-24 18:00:00,1303.1984929385492
01-24 19:00:00,1360.6466642316914
01-24 20:00:00,1345.1076321854912
01-24 21:00:00,1320.715580336997
01-24 22:00:00,1330.2627685369798
01-24 23:00:00,1321.2661888471303
01-25 00:00:00,1288.6724355033648
01-25 01:00:00,1260.7362688630844
01-25 02:00:00,1257.8307245513445
01-25 03:00:00,1325.7129707021397
01-25 04:00:00,1350.5220092890063
01-25 05:00:00,1334.0303146641982
01-25 06:00:00,1337.6488425452992
01-25 07:00:00,1308.4311346678169
01-25 08:00:00,1299.075425789696
01-25 09:00:00,1280.9123911702534
01-25 10:00:00,1225.9398485296854
01-25 11:00:00,1229.807581744863
01-25 12:00:00,1191.2548155002582
01-25 13:00:00,1162.7492828893844
01-25 14:00:00,1188.8989076178043
01-25 15:00:00,1183.5151972292424
01-25 16:00:00,1189.058332718286
01-25 17:00:00,1265.0760067100439
01-25 18:00:00,1251.091133803493
01-25 19:00:00,1248.6015175717594
01-25 20:00:00,1212.8576289576522
01-25 21:00:00,1198.4822730385758
01-25 22:00:00,1174.1134153948608
01-25 23:00:00,1188.5838660850825
01-26 00:00:00,1195.6693979050403
01-26 01:00:00,1190.3100380843312
01-26 02:00:00,1220.3237640163877
01-26 03:00:00,1234.830805435127
01-26 04:00:00,1209.2591646686553
01-26 05:00:00,1270.005026183341
01-26 06:00:00,1257.6309075783847
01-26 07:00:00,1247.3154149893555
01-26 08:00:00,1256.913464052032
01-26 09:00:00,1228.03165138467
01-26 10:00:00,1184.2651964564116
01-26 11:00:00,1164.1014166657058
01-26 12:00:00,1122.4318500334068
01-26 13:00:00,1096.5706836198253
01-26 14:00:00,1131.5777325427202
01-26 15:00:00,1139.335530097742
01-26 16:00:00,1179.2455819392935
01-26 17:00:00,1204.0645283550518
01-26 18:00:00,1238.1848429782235
01-26 19:00:00,1267.4786745051483
01-26 20:00:00,1255.5271561764257
01-26 21:00:00,1280.6576180172533
01-26 22:00:00,1310.9823919431105
01-26 23:00:00,1333.9541604755298
01-27 00:00:00,1379.6628389707544
01-27 01:00:00,1431.458565288485
01-27 02:00:00,1436.9293406594377
01-27 03:00:00,1439.37746939139
01-27 04:00:00,1452.5881788897166
01-27 05:00:00,1432.3083895603606
01-27 06:00:00,1403.8701183522144
01-27 07:00:00,1423.3639629185768
01-27 08:00:00,1416.7292801665053
01-27 09:00:00,1398.5713948669327
01-27 10:00:00,1442.071985588156
01-27 11:00:00,1457.667231505212
01-27 12:00:00,1422.983296277644
01-27 13:00:00,1395.1487839162355
01-27 14:00:00,1371.759787725513
01-27 15:00:00,1378.3303831874955
01-27 16:00:00,1369.892442280954
01-27 17:00:00,1341.8963715069176
01-27 18:00:00,1313.9374009735777
01-27 19:00:00,1298.7468484259443
01-27 20:00:00,1278.7631095890158
01-27 21:00:00,1254.5823368054198
01-27 22:00:00,1246.0555817245142
01-27 23:00:00,1217.7672370774765
01-28 00:00:00,1212.8089022391596
01-28 01:00:00,1213.2274070523772
01-28 02:00:00,1197.2855873674227
01-28 03:00:00,1180.929623473174
01-28 04:00:00,1162.998942735718
01-28 05:00:00,1145.628419940077
01-28 06:00:00,1118.9820022845204
01-28 07:00:00,1097.9772255337095
01-28 08:00:00,1069.6325333030038
01-28 09:00:00,1063.951618786178
01-28 10:00:00,1030.8640691582584
01-28 11:00:00,1007.4950534856489
01-28 12:00:00,1009.4648951329009
01-28 13:00:00,1008.5900490091767
01-28 14:00:00,967.3949434709028
01-28 15:00:00,967.3949434709028
01-28 16:00:00,948.1758493883988
01-28 17:00:00,895.8670539337644
01-28 18:00:00,708.1625886283796
01-28 19:00:00,750.6378132222919
01-28 20:00:00,591.1385136849257
01-28 21:00:00,771.1467330968845
01-28 22:00:00,857.2254614534755
01-28 23:00:00,901.7456373940138
01-29 00:00:00,883.0913576364449
01-29 01:00:00,899.9457935697824
01-29 02:00:00,905.6234267516716
01-29 03:00:00,907.0284159069216
01-29 04:00:00,911.4912051686991
01-29 05:00:00,943.7072530292771
01-29 06:00:00,923.5613646699837
01-29 07:00:00,848.2634006531927
01-29 08:00:00,638.0628953498771
01-29 09:00:00,604.6805449088166
01-29 10:00:00,603.4543936247652
01-29 11:00:00,611.1185173527286
01-29 12:00:00,710.8076394948733
01-29 13:00:00,827.6571463917322
01-29 14:00:00,800.0381138953749
01-29 15:00:00,699.6258160892895
01-29 16:00:00,633.7788793789757
01-29 17:00:00,672.4012695569083
01-29 18:00:00,797.3486783797617
01-29 19:00:00,803.5900949115038
01-29 20:00:00,828.3019725377193
01-29 21:00:00,779.0198349893503
01-29 22:00:00,751.3094799345632
01-29 23:00:00,743.2782309021078
01-30 00:00:00,726.0782768829027
01-30 01:00:00,721.9561490382717
01-30 02:00:00,750.6570923292524
01-30 03:00:00,753.5517764549179
01-30 04:00:00,828.5248939610219
01-30 05:00:00,840.8224522755742
01-30 06:00:00,894.4431418715867
01-30 07:00:00,947.6190901922339
01-30 08:00:00,957.0746340147878
01-30 09:00:00,925.6222012620422
01-30 10:00:00,910.6597881245469
01-30 11:00:00,836.1524693464307
01-30 12:00:00,857.4019146864425
01-30 13:00:00,878.8412726580935
01-30 14:00:00,901.1782933675998
01-30 15:00:00,923.2615100646941
01-30 16:00:00,917.7293925189853
01-30 17:00:00,940.6901919086375
01-30 18:00:00,942.5169522572569
01-30 19:00:00,947.975628478315
01-30 20:00:00,945.5935790137396
01-30 21:00:00,953.377306821002
01-30 22:00:00,952.7184256113901
01-30 23:00:00,939.3354398684736
01-31 00:00:00,934.0202357157609
01-31 01:00:00,929.4416607877381
01-31 02:00:00,936.1660720778297
01-31 03:00:00,936.1962447673262
01-31 04:00:00,956.7095680841443
01-31 05:00:00,939.4144467151366
01-31 06:00:00,968.1632169141992
01-31 07:00:00,967.4890902363483
01-31 08:00:00,956.611473848063
01-31 09:00:00,975.8921538151586
01-31 10:00:00,956.2222278425292
01-31 11:00:00,931.8928128138419
01-31 12:00:00,900.8500279075105
01-31 13:00:00,862.0601302887629
01-31 14:00:00,832.5784697190604
01-31 15:00:00,804.0357266052035
01-31 16:00:00,794.3266437707895
01-31 17:00:00,827.8257786840874
01-31 18:00:00,863.888242947093
01-31 19:00:00,883.3312998376623
01-31 20:00:00,932.3108317218243
01-31 21:00:00,943.5019802415394
01-31 22:00:00,967.2940085754534
01-31 23:00:00,954.9899419409358
02-01 00:00:00,941.3369304574327
02-01 01:00:00,924.1719241344155
02-01 02:00:00,929.2338876345468
02-01 03:00:00,927.2825174985005
02-01 04:00:00,916.6686999406487
02-01 05:00:00,939.1225640292106
02-01 06:00:00,928.8266253537955
02-01 07:00:00,903.5688158451586
02-01 08:00:00,892.1180164063123
02-01 09:00:00,882.2279587476817
02-01 10:00:00,864.7819332238128
02-01 11:00:00,864.7620959181618
02-01 12:00:00,829.4092267674956
02-01 13:00:00,778.570604351567
02-01 14:00:00,801.8012858094856
02-01 15:00:00,823.7532730871479
02-01 16:00:00,852.8843213567482
02-01 17:00:00,853.2303080591894
02-01 18:00:00,863.0510516465365
02-01 19:00:00,862.2923110253585
02-01 20:00:00,869.2318404072736
02-01 21:00:00,861.8939434575998
02-01 22:00:00,858.5746813754874
02-01 23:00:00,874.8142085650866
02-02 00:00:00,880.4150988198505
02-02 01:00:00,879.3937691849848
02-02 02:00:00,849.5606044083477
02-02 03:00:00,809.7400026538378
02-02 04:00:00,855.1552131201083
02-02 05:00:00,886.2566528780386
02-02 06:00:00,910.4923472720121
02-02 07:00:00,892.0300980095709
02-02 08:00:00,877.0953031384958
02-02 09:00:00,849.7564991477163
02-02 10:00:00,818.744281588061
02-02 11:00:00,781.0897369871911
02-02 12:00:00,742.5805746193564
02-02 13:00:00,745.0671060938989
02-02 14:00:00,725.0885436538042
02-02 15:00:00,719.0502766555346
02-02 16:00:00,718.6837400564106
02-02 17:00:00,742.1365148411986
02-02 18:00:00,751.5709533187664
02-02 19:00:00,764.5035158179971
02-02 20:00:00,772.4786509992601
02-02 21:00:00,774.1643919580273
02-02 22:00:00,730.695640155533
02-02 23:00:00,783.4215322800302
02-03 00:00:00,788.6970674352078
02-03 01:00:00,776.5461890096278
02-03 02:00:00,788.3884669056476
02-03 03:00:00,796.5845772535922
02-03 04:00:00,796.0629549864058
02-03 05:00:00,812.7822706216986
02-03 06:00:00,782.6580556429395
02-03 07:00:00,798.5008603034964
02-03 08:00:00,796.2472168505043
02-03 09:00:00,779.1020341302994
02-03 10:00:00,695.252755167587
02-03 11:00:00,651.4161859049078
02-03 12:00:00,651.6377610074812
02-03 13:00:00,669.9615997817394
02-03 14:00:00,656.9499517769455
02-03 15:00:00,672.4404437349981
02-03 16:00:00,675.1082741969723
02-03 17:00:00,664.7758114823737
02-03 18:00:00,668.7808303758561
02-03 19:00:00,585.7174473804995
02-03 20:00:00,585.5807307931575
02-03 21:00:00,675.2083201757532
02-03 22:00:00,709.5083980666974
02-03 23:00:00,616.0458129959634
02-04 00:00:00,561.5301041503917
02-04 01:00:00,581.8624918977033
02-04 02:00:00,701.7404871256502
02-04 03:00:00,740.5405297691675
02-04 04:00:00,783.5562492343566
02-04 05:00:00,777.5550124117146
02-04 06:00:00,798.3410451875371
02-04 07:00:00,895.7737774347928
02-04 08:00:00,912.5572441082791
02-04 09:00:00,823.2506979783514
02-04 10:00:00,735.51823665316
02-04 11:00:00,637.2392595632142
02-04 12:00:00,571.6311309787772
02-04 13:00:00,570.0323042333072
02-04 14:00:00,580.2777932909204
02-04 15:00:00,581.5374566870058
02-04 16:00:00,628.5718604478706
02-04 17:00:00,679.5216047581337
02-04 18:00:00,744.2928872697742
02-04 19:00:00,783.2037112747732
02-04 20:00:00,767.9061951490722
02-04 21:00:00,803.2822551559196
02-04 22:00:00,808.0885084241721
02-04 23:00:00,807.4552210134893
02-05 00:00:00,829.5466653256244
02-05 01:00:00,845.005861877273
02-05 02:00:00,872.3982208270734
02-05 03:00:00,884.4577800834874
02-05 04:00:00,887.3087270337695
02-05 05:00:00,917.4925033110125
02-05 06:00:00,922.3626966941746
02-05 07:00:00,953.9400242374644
02-05 08:00:00,982.0336730961575
02-05 09:00:00,825.7233295354534
02-05 10:00:00,709.2524758444457
02-05 11:00:00,646.5344003083788
02-05 12:00:00,528.7804634001398
02-05 13:00:00,442.52101467385353
02-05 14:00:00,442.1900374712068
02-05 15:00:00,450.15695691892074
02-05 16:00:00,531.7915179218235
02-05 17:00:00,558.0601261396938
02-05 18:00:00,605.7559318518784
02-05 19:00:00,652.3807324122971
02-05 20:00:00,658.9955987464849
02-05 21:00:00,709.2004259625745
02-05 22:00:00,744.5579350999317
02-05 23:00:00,785.9402069533834
02-06 00:00:00,793.4201587014908
02-06 01:00:00,803.9648694250689
02-06 02:00:00,839.1741556323325
02-06 03:00:00,871.5901800315477
02-06 04:00:00,861.7629592386146
02-06 05:00:00,870.0715182012782
02-06 06:00:00,885.8169401498848
02-06 07:00:00,880.6297550749787
02-06 08:00:00,890.9470044993776
02-06 09:00:00,845.8339413186338
02-06 10:00:00,789.4960407801535
02-06 11:00:00,766.6805878810854
02-06 12:00:00,706.3416418120711
02-06 13:00:00,679.386638133172
02-06 14:00:00,700.0871824241096
02-06 15:00:00,675.8489556850196
02-06 16:00:00,693.5283580701877
02-06 17:00:00,739.0268304526272
02-06 18:00:00,750.0150122778147
02-06 19:00:00,775.1217505451187
02-06 20:00:00,785.3747785167844
02-06 21:00:00,773.625527605005
02-06 22:00:00,793.4574172164079
02-06 23:00:00,824.5163965017861
02-07 00:00:00,864.6625935578668
02-07 01:00:00,855.7468263718416
02-07 02:00:00,860.8461732358464
02-07 03:00:00,857.529528871292
02-07 04:00:00,879.184072398594
02-07 05:00:00,900.1073903687819
02-07 06:00:00,916.115740400281
02-07 07:00:00,903.2075854879923
02-07 08:00:00,919.8935365363537
02-07 09:00:00,832.1531080113954
02-07 10:00:00,791.0459603415624
02-07 11:00:00,818.6579971786738
02-07 12:00:00,773.6730093152083
02-07 13:00:00,781.7117609680163
02-07 14:00:00,800.9398961882596
02-07 15:00:00,827.7962222115295
02-07 16:00:00,854.769630289249
02-07 17:00:00,904.4989055403723
02-07 18:00:00,952.9056956252413
02-07 19:00:00,1019.492510913828
02-07 20:00:00,1045.7229573522304
02-07 21:00:00,1051.4583443615584
02-07 22:00:00,1057.9145064205918
02-07 23:00:00,1004.8915956955285
02-08 00:00:00,1043.2329709605747
02-08 01:00:00,1059.9091093977313
02-08 02:00:00,1082.5347810279811
02-08 03:00:00,1095.8274863722397
02-08 04:00:00,1110.7593712909656
02-08 05:00:00,1116.838407438368
02-08 06:00:00,1112.715454162665
02-08 07:00:00,1124.1132517828157
02-08 08:00:00,1116.7789855735302
02-08 09:00:00,1085.6019233315778
02-08 10:00:00,967.6215439218834
02-08 11:00:00,857.7760428347583
02-08 12:00:00,802.7779987034455
02-08 13:00:00,758.162382778929
02-08 14:00:00,758.0275454872669
02-08 15:00:00,778.2739170521565
02-08 16:00:00,958.4827663074176
02-08 17:00:00,1020.6922355379045
02-08 18:00:00,1052.534610110887
02-08 19:00:00,1075.5408285476828
02-08 20:00:00,1097.9078350603768
02-08 21:00:00,1114.3245657792609
02-08 22:00:00,1130.9210525424628
02-08 23:00:00,1142.191965751086
02-09 00:00:00,1151.796065145522
02-09 01:00:00,1146.8200214785581
02-09 02:00:00,1143.5547089715487
02-09 03:00:00,1158.461028006324
02-09 04:00:00,1171.2999166294628
02-09 05:00:00,1195.4212434446754
02-09 06:00:00,1194.186782122437
02-09 07:00:00,1198.6283392087198
02-09 08:00:00,1198.4220276208252
02-09 09:00:00,1182.5144422069668
02-09 10:00:00,1172.649853618993
02-09 11:00:00,1171.0570455534116
02-09 12:00:00,1150.6037979141956
02-09 13:00:00,1134.884503051562
02-09 14:00:00,1134.5275751195265
02-09 15:00:00,1125.9206742280512
02-09 16:00:00,1129.8409851814208
02-09 17:00:00,1147.1795591313867
02-09 18:00:00,1155.8593940438018
02-09 19:00:00,1205.6648229923067
02-09 20:00:00,1230.856146491832
02-09 21:00:00,1227.2544090908627
02-09 22:00:00,1211.7047246315785
02-09 23:00:00,1196.3938484999926
02-10 00:00:00,1210.740191186536
02-10 01:00:00,1223.259185880831
02-10 02:00:00,1205.6618511365584
02-10 03:00:00,1200.2954491354026
02-10 04:00:00,1198.871959164781
02-10 05:00:00,1188.0230392063506
02-10 06:00:00,1190.209947037144
02-10 07:00:00,1189.7461200039295
02-10 08:00:00,1187.3739934373305
02-10 09:00:00,1185.4844067862696
02-10 10:00:00,1160.9472292426874
02-10 11:00:00,1122.4941845807407
02-10 12:00:00,1107.0548696657793
02-10 13:00:00,1045.665685676839
02-10 14:00:00,1004.8712019935709
02-10 15:00:00,976.6681022135366
02-10 16:00:00,1022.7481476331742
02-10 17:00:00,1115.2740401507606
02-10 18:00:00,1202.699679824891
02-10 19:00:00,1326.060817819299
02-10 20:00:00,1403.477872459886
02-10 21:00:00,1454.094093739876
02-10 22:00:00,1491.8234678551323
02-10 23:00:00,1560.6874023898313
02-11 00:00:00,1615.8488324773484
02-11 01:00:00,1650.4996532897815
02-11 02:00:00,1683.1373364215417
02-11 03:00:00,1708.459280207087
02-11 04:00:00,1739.8446913844566
02-11 05:00:00,1759.5619979529308
02-11 06:00:00,1764.4647702282793
02-11 07:00:00,1759.9403532956496
02-11 08:00:00,1745.4069218901318
02-11 09:00:00,1731.9491093351537
02-11 10:00:00,1719.2824402377794
02-11 11:00:00,1709.0176542588017
02-11 12:00:00,1682.6516933057283
02-11 13:00:00,1656.371300315031
02-11 14:00:00,1639.6420675763156
02-11 15:00:00,1633.5455324768218
02-11 16:00:00,1642.1033795827234
02-11 17:00:00,1669.879122423573
02-11 18:00:00,1685.2398919678851
02-11 19:00:00,1692.6799765319065
02-11 20:00:00,1701.7858516154538
02-11 21:00:00,1701.6020452901723
02-11 22:00:00,1721.8393634711992
02-11 23:00:00,1738.8657899641382
02-12 00:00:00,1775.4985243638398
02-12 01:00:00,1800.0812788562023
02-12 02:00:00,1794.2956545486927
02-12 03:00:00,1769.4926490529035
02-12 04:00:00,1777.0691405344323
02-12 05:00:00,1795.5431754029842
02-12 06:00:00,1800.4264577217873
02-12 07:00:00,1808.0404677016943
02-12 08:00:00,1789.8663317902717
02-12 09:00:00,1780.1011081761499
02-12 10:00:00,1754.1965976316826
02-12 11:00:00,1717.4400991386053
02-12 12:00:00,1674.0210161267823
02-12 13:00:00,1648.5799173858084
02-12 14:00:00,1646.0697430258103
02-12 15:00:00,1647.749302120995
02-12 16:00:00,1662.2102641530912
02-12 17:00:00,1683.7456197281922
02-12 18:00:00,1703.4265681754187
02-12 19:00:00,1661.8645323374667
02-12 20:00:00,1635.3900955844997
02-12 21:00:00,1640.542998668037
02-12 22:00:00,1658.8597627861932
02-12 23:00:00,1686.5275556544527
02-13 00:00:00,1706.0290667576223
02-13 01:00:00,1724.033783514536
02-13 02:00:00,1737.0963800112727
02-13 03:00:00,1774.825474099453
02-13 04:00:00,1806.0731469465763
02-13 05:00:00,1827.828350485056
02-13 06:00:00,1856.8251357862137
02-13 07:00:00,1857.1457205864751
02-13 08:00:00,1857.0347004025032
02-13 09:00:00,1846.8648710718257
02-13 10:00:00,1800.9336787695458
02-13 11:00:00,1763.7217293462247
02-13 12:00:00,1755.1537845929174
02-13 13:00:00,1723.8810560462657
02-13 14:00:00,1689.132690982715
02-13 15:00:00,1676.356999943465
02-13 16:00:00,1672.8943319978735
02-13 17:00:00,1700.3684723134452
02-13 18:00:00,1801.3240776892267
02-13 19:00:00,1840.0264046477823
02-13 20:00:00,1817.6223520518986
02-13 21:00:00,1854.835198641049
02-13 22:00:00,1922.0213423187365
02-13 23:00:00,1996.7634602029186
02-14 00:00:00,2062.4101924025767
02-14 01:00:00,2091.08478395031
02-14 02:00:00,2105.536541895298
02-14 03:00:00,2141.6323198584805
02-14 04:00:00,2125.361250673086
02-14 05:00:00,2134.770139326575
02-14 06:00:00,2180.0277419275126
02-14 07:00:00,2186.3702925413404
02-14 08:00:00,2137.3201758777
02-14 09:00:00,2030.1813953254805
02-14 10:00:00,1833.321728697444
02-14 11:00:00,1700.682471259805
02-14 12:00:00,1607.22696381188
02-14 13:00:00,1526.8662208218466
02-14 14:00:00,1485.7107047405457
02-14 15:00:00,1468.8477495779234
02-14 16:00:00,1497.6139572600573
02-14 17:00:00,1560.7121171042809
02-14 18:00:00,1626.5345427745476
02-14 19:00:00,1643.1146770052112
02-14 20:00:00,1672.8261068164834
02-14 21:00:00,1675.3529493703402
02-14 22:00:00,1651.3975383142465
02-14 23:00:00,1625.633748694308
02-15 00:00:00,1599.9918037936684
02-15 01:00:00,1625.7843586516447
02-15 02:00:00,1661.219001646706
02-15 03:00:00,1670.8751992937084
02-15 04:00:00,1668.58764603444
02-15 05:00:00,1718.326911213918
02-15 06:00:00,1657.0213721978728
02-15 07:00:00,1670.8429996992015
02-15 08:00:00,1588.8706460405303
02-15 09:00:00,1377.147524088394
02-15 10:00:00,1243.3697513000673
02-15 11:00:00,1170.572198357189
02-15 12:00:00,1097.7041602505074
02-15 13:00:00,1034.4108689730742
02-15 14:00:00,1022.2992188827455
02-15 15:00:00,1021.061955183326
02-15 16:00:00,1039.1055314051284
02-15 17:00:00,1044.8213404895573
02-15 18:00:00,1035.5702292475069
02-15 19:00:00,1045.6429594508877
02-15 20:00:00,1032.9061396760117
02-15 21:00:00,998.4442416177809
02-15 22:00:00,1003.1119200932394
02-15 23:00:00,1028.7852225957408
02-16 00:00:00,1041.7208914100297
02-16 01:00:00,1063.3155018640946
02-16 02:00:00,1052.9653987603417
02-16 03:00:00,1027.2625309086359
02-16 04:00:00,1038.4086989903003
02-16 05:00:00,1010.031809321907
02-16 06:00:00,1008.8328790350193
02-16 07:00:00,1005.5334641844705
02-16 08:00:00,982.37599328583
02-16 09:00:00,898.5257942165044
02-16 10:00:00,858.3970591728796
02-16 11:00:00,808.3463237296685
02-16 12:00:00,774.665515949683
02-16 13:00:00,694.6232127638071
02-16 14:00:00,638.36238676465
02-16 15:00:00,656.7730378175172
02-16 16:00:00,710.1458642281697
02-16 17:00:00,740.1244658824127
02-16 18:00:00,751.4133889082062
02-16 19:00:00,798.7989787782883
02-16 20:00:00,836.9390532795253
02-16 21:00:00,839.9660605759786
02-16 22:00:00,835.9248613781192
02-16 23:00:00,873.4182833527681
02-17 00:00:00,819.8808473274711
02-17 01:00:00,831.9841886045253
02-17 02:00:00,849.8328890622786
02-17 03:00:00,785.3339531897254
02-17 04:00:00,776.1325523483014
02-17 05:00:00,795.420849076473
02-17 06:00:00,814.5130611677872
02-17 07:00:00,832.29640755109
02-17 08:00:00,819.6256227234173
02-17 09:00:00,795.9051759539541
02-17 10:00:00,723.4876874195157
02-17 11:00:00,678.344216964265
02-17 12:00:00,553.1588783261452
02-17 13:00:00,549.9924293837192
02-17 14:00:00,543.0070246409139
02-17 15:00:00,553.5037094632398
02-17 16:00:00,628.205064121943
02-17 17:00:00,705.1314158410715
02-17 18:00:00,759.0329617304791
02-17 19:00:00,765.3043904668829
02-17 20:00:00,856.2236822492861
02-17 21:00:00,900.0272257052919
02-17 22:00:00,940.5209870351199
02-17 23:00:00,962.7592413815082
02-18 00:00:00,976.3239547043079
02-18 01:00:00,976.1041168151347
02-18 02:00:00,995.408442245344
02-18 03:00:00,1018.6844536585079
02-18 04:00:00,1056.7929937641322
02-18 05:00:00,1078.5417146207967
02-18 06:00:00,1095.219717985982
02-18 07:00:00,1112.3943142216624
02-18 08:00:00,1067.2512583636662
02-18 09:00:00,959.5863747801881
02-18 10:00:00,843.8929235120662
02-18 11:00:00,737.2221805034297
02-18 12:00:00,653.0991252462405
02-18 13:00:00,572.8518494048558
02-18 14:00:00,524.538589123222
02-18 15:00:00,518.7561543945011
02-18 16:00:00,599.5411582488147
02-18 17:00:00,660.9920991241057
02-18 18:00:00,699.7486435430345
02-18 19:00:00,720.1856910237377
02-18 20:00:00,728.0332023006989
02-18 21:00:00,738.3950376888612
02-18 22:00:00,777.97696765096
02-18 23:00:00,725.5350763487522
02-19 00:00:00,745.9217198550887
02-19 01:00:00,803.2701497670857
02-19 02:00:00,782.9740220508901
02-19 03:00:00,802.3224549544566
02-19 04:00:00,796.7067348050474
02-19 05:00:00,773.1404573620466
02-19 06:00:00,789.5687571393098
02-19 07:00:00,781.7927703810465
02-19 08:00:00,775.4898829929381
02-19 09:00:00,738.8475371254357
02-19 10:00:00,640.1874244587354
02-19 11:00:00,518.1390572431266
02-19 12:00:00,419.5314011000558
02-19 13:00:00,368.30256324243106
02-19 14:00:00,346.95430436859607
02-19 15:00:00,363.5894030775679
02-19 16:00:00,446.53244996459375
02-19 17:00:00,493.0086727274599
02-19 18:00:00,581.5734763160526
02-19 19:00:00,624.8309872353093
02-19 20:00:00,650.6665852158376
02-19 21:00:00,701.5307276474557
02-19 22:00:00,718.1754956820588
02-19 23:00:00,745.3674045907131
02-20 00:00:00,736.8337720462448
02-20 01:00:00,749.2512692035015
02-20 02:00:00,795.1249314793877
02-20 03:00:00,822.5178366607367
02-20 04:00:00,893.6132042778596
02-20 05:00:00,892.9367836922297
02-20 06:00:00,884.2916722087452
02-20 07:00:00,922.2163578300903
02-20 08:00:00,892.94592972628
02-20 09:00:00,776.892934025239
02-20 10:00:00,640.7841594670017
02-20 11:00:00,514.9530832933877
02-20 12:00:00,424.48064695183115
02-20 13:00:00,371.33070140527457
02-20 14:00:00,341.4874442275632
02-20 15:00:00,351.64910718567234
02-20 16:00:00,423.1954884301604
02-20 17:00:00,477.1096997065049
02-20 18:00:00,549.9102548485072
02-20 19:00:00,636.8114527520233
02-20 20:00:00,661.8452236027371
02-20 21:00:00,681.5421803112044
02-20 22:00:00,731.5003841646239
02-20 23:00:00,769.7051800713729
02-21 00:00:00,764.7154198570666
02-21 01:00:00,800.3108555166165
02-21 02:00:00,824.6857668088087
02-21 03:00:00,846.4848275185352
02-21 04:00:00,910.4772083855363
02-21 05:00:00,902.085618175753
02-21 06:00:00,953.3698741118495
02-21 07:00:00,950.8756711596346
02-21 08:00:00,926.5032609876465
02-21 09:00:00,791.4229529793835
02-21 10:00:00,611.9678253891275
02-21 11:00:00,551.9262068240089
02-21 12:00:00,447.5614261534038
02-21 13:00:00,368.33332987986796
02-21 14:00:00,301.5421459270481
02-21 15:00:00,316.5487233660498
02-21 16:00:00,419.99755645407834
02-21 17:00:00,464.86061899088077
02-21 18:00:00,535.750046920936
02-21 19:00:00,563.3510444878973
02-21 20:00:00,658.5128369469472
02-21 21:00:00,718.6248512300152
02-21 22:00:00,695.3294696978204
02-21 23:00:00,725.3207788977429
02-22 00:00:00,733.8444436566949
02-22 01:00:00,767.8319352801907
02-22 02:00:00,780.8952741514006
02-22 03:00:00,852.7628477263772
02-22 04:00:00,869.0326175801151
02-22 05:00:00,893.5515997575823
02-22 06:00:00,865.7423644864839
02-22 07:00:00,872.3117848947079
02-22 08:00:00,773.5435541976731
02-22 09:00:00,619.1323184795965
02-22 10:00:00,460.6313789897752
02-22 11:00:00,415.4458808991575
02-22 12:00:00,352.08804801205724
02-22 13:00:00,290.38416388791194
02-22 14:00:00,279.35793365886184
02-22 15:00:00,280.48411044464166
02-22 16:00:00,318.7550354708338
02-22 17:00:00,399.56581575152745
02-22 18:00:00,425.2990065601531
02-22 19:00:00,500.84750826399306
02-22 20:00:00,507.96259395408293
02-22 21:00:00,553.8398383285855
02-22 22:00:00,622.1153062067465
02-22 23:00:00,648.8568521617848
02-23 00:00:00,644.985492347335
02-23 01:00:00,671.0598574876856
02-23 02:00:00,690.4833872604255
02-23 03:00:00,705.038380308015
02-23 04:00:00,805.7255327442815
02-23 05:00:00,769.30141810933
02-23 06:00:00,777.9395236941635
02-23 07:00:00,865.0361970079991
02-23 08:00:00,798.496005773959
02-23 09:00:00,690.7306358306774
02-23 10:00:00,595.2982404726134
02-23 11:00:00,481.23727935194586
02-23 12:00:00,393.66055807239894
02-23 13:00:00,338.9608838538696
02-23 14:00:00,289.4498648387347
02-23 15:00:00,291.111528242273
02-23 16:00:00,323.50838113276694
02-23 17:00:00,403.39125766501013
02-23 18:00:00,463.26514301702485
02-23 19:00:00,524.7206050380211
02-23 20:00:00,571.6103982498588
02-23 21:00:00,590.732069626358
02-23 22:00:00,635.4110431227973
02-23 23:00:00,641.4636853745732
02-24 00:00:00,645.4507988560016
02-24 01:00:00,644.9481408721475
02-24 02:00:00,658.0520549774724
02-24 03:00:00,681.6799506195483
02-24 04:00:00,721.9812214319948
02-24 05:00:00,733.3955545427871
02-24 06:00:00,779.4507606859434
02-24 07:00:00,794.0544537268783
02-24 08:00:00,713.0920839298979
02-24 09:00:00,648.0095445935247
02-24 10:00:00,527.6936647612848
02-24 11:00:00,433.92165321911824
02-24 12:00:00,354.43106009536507
02-24 13:00:00,281.4886432821886
02-24 14:00:00,225.76813532481555
02-24 15:00:00,222.93474180136894
02-24 16:00:00,289.3039798912643
02-24 17:00:00,344.4207821651518
02-24 18:00:00,410.13824132339755
02-24 19:00:00,444.7512827372948
02-24 20:00:00,516.8312157537586
02-24 21:00:00,552.1964801088221
02-24 22:00:00,581.7291888025242
02-24 23:00:00,625.9983941260695
02-25 00:00:00,629.3145639187122
02-25 01:00:00,680.658744885283
02-25 02:00:00,659.7655283728416
02-25 03:00:00,723.1161475309519
02-25 04:00:00,717.0054091760287
02-25 05:00:00,742.343269880154
02-25 06:00:00,784.4797972771426
02-25 07:00:00,800.4420826791456
02-25 08:00:00,786.332338379851
02-25 09:00:00,632.7182506121795
02-25 10:00:00,481.46443832489535
02-25 11:00:00,395.17834996055325
02-25 12:00:00,317.18123266736006
02-25 13:00:00,257.1688465704308
02-25 14:00:00,210.87489055798443
02-25 15:00:00,211.12564554686645
02-25 16:00:00,267.572949375746
02-25 17:00:00,337.42902258033877
02-25 18:00:00,412.5107547655582
02-25 19:00:00,483.9017484510688
02-25 20:00:00,509.62128383962965
02-25 21:00:00,546.574878477216
02-25 22:00:00,596.6270111897801
02-25 23:00:00,645.7914885328978
02-26 00:00:00,670.6954675650994
02-26 01:00:00,698.1892179663971
02-26 02:00:00,754.6465382374857
02-26 03:00:00,737.6272091251028
02-26 04:00:00,755.8286334145992
02-26 05:00:00,766.5578115981164
02-26 06:00:00,822.292872053005
02-26 07:00:00,816.2251779989301
02-26 08:00:00,744.9066397089683
02-26 09:00:00,613.2520991948415
02-26 10:00:00,522.7361004680554
02-26 11:00:00,394.488170189535
02-26 12:00:00,298.45470994482116
02-26 13:00:00,270.5590467457522
02-26 14:00:00,240.78031890928972
02-26 15:00:00,246.64974267591435
02-26 16:00:00,285.35796542166673
02-26 17:00:00,370.1377997504971
02-26 18:00:00,426.9775674878889
02-26 19:00:00,458.5362659775141
02-26 20:00:00,496.7653045298267
02-26 21:00:00,525.078136792951
02-26 22:00:00,575.9046137588441
02-26 23:00:00,568.9516057853243
02-27 00:00:00,573.1158655209478
02-27 01:00:00,592.5094407387516
02-27 02:00:00,658.973644598258
02-27 03:00:00,700.6011791507285
02-27 04:00:00,747.1698872874241
02-27 05:00:00,786.6121600012979
02-27 06:00:00,809.4603632381198
02-27 07:00:00,823.487733696309
02-27 08:00:00,831.3003846270536
02-27 09:00:00,836.6346062473664
02-27 10:00:00,824.7035584914111
02-27 11:00:00,823.8674526667461
02-27 12:00:00,822.6660789064052
02-27 13:00:00,818.7524900468273
02-27 14:00:00,809.1685754201544
02-27 15:00:00,793.8663521201639
02-27 16:00:00,790.8495296819654
02-27 17:00:00,792.931882429947
02-27 18:00:00,793.8272758411343
02-27 19:00:00,795.2382265046381
02-27 20:00:00,810.0873419970951
02-27 21:00:00,827.9376889322049
02-27 22:00:00,860.9561564553389
02-27 23:00:00,907.8603913774715
02-28 00:00:00,967.8672567744184
02-28 01:00:00,1015.2066328737415
02-28 02:00:00,1008.747734200861
02-28 03:00:00,1003.1723534166395
02-28 04:00:00,1006.9105862241405
02-28 05:00:00,1000.2574798820373
02-28 06:00:00,1006.2733786581556
02-28 07:00:00,1030.8543656576524
02-28 08:00:00,1042.1838178648625
02-28 09:00:00,1006.73050878307
02-28 10:00:00,949.6970915262435
02-28 11:00:00,908.1476271485179
02-28 12:00:00,865.3069210805852
02-28 13:00:00,811.9197649988567
02-28 14:00:00,793.604171337804
02-28 15:00:00,771.6133604149301
02-28 16:00:00,771.9292400159379
02-28 17:00:00,828.7170864361283
02-28 18:00:00,881.4077090024039
02-28 19:00:00,908.8341158536613
02-28 20:00:00,972.0910732723738
02-28 21:00:00,1019.2174785554862
02-28 22:00:00,1035.9645393965752
02-28 23:00:00,1036.8260826561364
03-01 00:00:00,1097.001656330825
03-01 01:00:00,1089.3849922388092
03-01 02:00:00,1131.9938464153504
03-01 03:00:00,1135.7851854502144
03-01 04:00:00,1186.540126366637
03-01 05:00:00,1203.8779449003146
03-01 06:00:00,1244.342409453355
03-01 07:00:00,1257.9311586675133
03-01 08:00:00,1193.9831816340557
03-01 09:00:00,1136.4996146757276
03-01 10:00:00,1065.3619781062118
03-01 11:00:00,941.4197792065571
03-01 12:00:00,772.8737086851409
03-01 13:00:00,666.912634365643
03-01 14:00:00,560.7302861143603
03-01 15:00:00,514.5128458453112
03-01 16:00:00,549.988941091887
03-01 17:00:00,646.1299483662158
03-01 18:00:00,696.2611159897021
03-01 19:00:00,728.9480535747086
03-01 20:00:00,822.8424047575256
03-01 21:00:00,872.655641822117
03-01 22:00:00,897.7410599935803
03-01 23:00:00,934.8982084158324
03-02 00:00:00,977.757404481573
03-02 01:00:00,1020.1106465531172
03-02 02:00:00,998.5011810677669
03-02 03:00:00,1033.9820005341803
03-02 04:00:00,1093.0728023691554
03-02 05:00:00,1115.1491081652862
03-02 06:00:00,1128.7637920387444
03-02 07:00:00,1137.5662193938235
03-02 08:00:00,1050.039457606813
03-02 09:00:00,884.2626056506974
03-02 10:00:00,733.3833251507114
03-02 11:00:00,611.4091436296675
03-02 12:00:00,540.9758674761114
03-02 13:00:00,429.24008625651425
03-02 14:00:00,357.52726278354874
03-02 15:00:00,344.4370306219907
03-02 16:00:00,419.86163457051504
03-02 17:00:00,463.5680320810195
03-02 18:00:00,556.1079160647336
03-02 19:00:00,586.9215202326673
03-02 20:00:00,695.2990688152348
03-02 21:00:00,730.1729500184515
03-02 22:00:00,756.5467927645822
03-02 23:00:00,764.9151104110426
03-03 00:00:00,817.5468083959603
03-03 01:00:00,811.3371243272917
03-03 02:00:00,800.0682413720924
03-03 03:00:00,868.427542515613
03-03 04:00:00,890.0817819747476
03-03 05:00:00,876.7396069978422
03-03 06:00:00,910.8092103032494
03-03 07:00:00,897.271869560144
03-03 08:00:00,863.6059022531713
03-03 09:00:00,827.9286653866804
03-03 10:00:00,750.3046072879025
03-03 11:00:00,656.6822377421291
03-03 12:00:00,589.5541322627084
03-03 13:00:00,533.0507621731176
03-03 14:00:00,509.8685044648383
03-03 15:00:00,530.7859491432906
03-03 16:00:00,556.6979631000303
03-03 17:00:00,589.8547054884623
03-03 18:00:00,632.8263576331107
03-03 19:00:00,659.863689894726
03-03 20:00:00,710.6182206579982
03-03 21:00:00,751.8565399298243
03-03 22:00:00,746.0249541522179
03-03 23:00:00,801.2129986829113
03-04 00:00:00,823.7783358595003
03-04 01:00:00,854.2922796183188
03-04 02:00:00,826.8545789078526
03-04 03:00:00,835.3259915120792
03-04 04:00:00,816.4271827782602
03-04 05:00:00,827.7483983471315
03-04 06:00:00,831.573970025143
03-04 07:00:00,800.2200183267107
03-04 08:00:00,760.3684915090272
03-04 09:00:00,689.2801765288904
03-04 10:00:00,603.1361751111561
03-04 11:00:00,501.14304827007743
03-04 12:00:00,425.5371376006983
03-04 13:00:00,367.3725754838536
03-04 14:00:00,367.9984984836833
03-04 15:00:00,383.73161368259866
03-04 16:00:00,399.43907524378045
03-04 17:00:00,434.8371921377364
03-04 18:00:00,532.5353147769379
03-04 19:00:00,566.2383901433681
03-04 20:00:00,611.0341501460198
03-04 21:00:00,710.3492220571135
03-04 22:00:00,759.2088545545321
03-04 23:00:00,758.2071068841939
03-05 00:00:00,795.6142436159068
03-05 01:00:00,804.9847612623566
03-05 02:00:00,810.1914602627837
03-05 03:00:00,816.9369599541362
03-05 04:00:00,822.8663808233957
03-05 05:00:00,826.4607679951132
03-05 06:00:00,828.815532956356
03-05 07:00:00,822.0018963308366
03-05 08:00:00,785.53533457815
03-05 09:00:00,772.7176739986638
03-05 10:00:00,805.0276728149215
03-05 11:00:00,822.8292469576023
03-05 12:00:00,808.265293933543
03-05 13:00:00,872.902477209079
03-05 14:00:00,901.1061226574325
03-05 15:00:00,880.2114058540303
03-05 16:00:00,885.2991840506622
03-05 17:00:00,913.390906406043
03-05 18:00:00,945.5737823018005
03-05 19:00:00,937.9326715131489
03-05 20:00:00,934.1700630840156
03-05 21:00:00,938.8543904638087
03-05 22:00:00,951.9242938891352
03-05 23:00:00,963.833979563192
03-06 00:00:00,984.0611417529567
03-06 01:00:00,1008.7386880281391
03-06 02:00:00,1037.2252121423535
03-06 03:00:00,1057.4073062396774
03-06 04:00:00,1086.555025193521
03-06 05:00:00,1112.8236964599546
03-06 06:00:00,1121.899329550676
03-06 07:00:00,1146.8638914903454
03-06 08:00:00,1120.0666674488725
03-06 09:00:00,1059.6283294868938
03-06 10:00:00,995.4300540339312
03-06 11:00:00,942.6274858909912
03-06 12:00:00,910.9904762106122
03-06 13:00:00,883.2758812273854
03-06 14:00:00,859.4654216978378
03-06 15:00:00,842.5867784080127
03-06 16:00:00,840.0586881107647
03-06 17:00:00,849.4554381326741
03-06 18:00:00,889.7122866199293
03-06 19:00:00,929.9215855621742
03-06 20:00:00,1009.118987082691
03-06 21:00:00,1044.2220304806299
03-06 22:00:00,1068.6864688437824
03-06 23:00:00,1108.0465777486997
03-07 00:00:00,1119.7287730976398
03-07 01:00:00,1153.1894391921037
03-07 02:00:00,1174.2158546869787
03-07 03:00:00,1198.8663070031675
03-07 04:00:00,1190.384493677971
03-07 05:00:00,1185.7936282278251
03-07 06:00:00,1161.5643341127895
03-07 07:00:00,1140.3990100388605
03-07 08:00:00,1091.8688375550755
03-07 09:00:00,1009.7612065685726
03-07 10:00:00,984.6245854123089
03-07 11:00:00,906.9061656688453
03-07 12:00:00,858.2654734929037
03-07 13:00:00,806.8759395279235
03-07 14:00:00,767.0727781252076
03-07 15:00:00,711.8764627726837
03-07 16:00:00,669.0788457642448
03-07 17:00:00,681.1773553697086
03-07 18:00:00,748.4764274036885
03-07 19:00:00,773.4477552623298
03-07 20:00:00,798.9172271356482
03-07 21:00:00,817.7130677078812
03-07 22:00:00,823.7626813336229
03-07 23:00:00,837.101891371289
03-08 00:00:00,867.5830126603016
03-08 01:00:00,868.9970836863143
03-08 02:00:00,868.9970836863143
03-08 03:00:00,862.6923143756746
03-08 04:00:00,883.7471362277018
03-08 05:00:00,885.5545839580861
03-08 06:00:00,896.9564421207863
03-08 07:00:00,918.8252786228257
03-08 08:00:00,905.574619994079
03-08 09:00:00,886.166685407887
03-08 10:00:00,842.0267099345468
03-08 11:00:00,744.6937990418792
03-08 12:00:00,666.3876031453033
03-08 13:00:00,655.1892399821263
03-08 14:00:00,595.4826342897613
03-08 15:00:00,601.5616580660515
03-08 16:00:00,630.0229733297402
03-08 17:00:00,716.6014846387781
03-08 18:00:00,811.5401502232618
03-08 19:00:00,863.031521838585
03-08 20:00:00,893.1294351895713
03-08 21:00:00,865.7386484202868
03-08 22:00:00,886.9379418366731
03-08 23:00:00,939.8355496963563
03-09 00:00:00,1022.060259717813
03-09 01:00:00,1076.797319414302
03-09 02:00:00,1107.9144746513257
03-09 03:00:00,1158.3588842751346
03-09 04:00:00,1183.7372782810714
03-09 05:00:00,1208.3890954099127
03-09 06:00:00,1244.6498461236813
03-09 07:00:00,1202.117717254668
03-09 08:00:00,1157.505886888381
03-09 09:00:00,1094.0269894715304
03-09 10:00:00,1040.8522475769844
03-09 11:00:00,963.2012696010753
03-09 12:00:00,898.5021180572941
03-09 13:00:00,818.5167393772466
03-09 14:00:00,752.8144649445543
03-09 15:00:00,723.5378410875297
03-09 16:00:00,722.6736797542274
03-09 17:00:00,754.0908031391698
03-09 18:00:00,838.3812406276061
03-09 19:00:00,873.7975022323301
03-09 20:00:00,897.919952799671
03-09 21:00:00,880.6620273506626
03-09 22:00:00,890.0473947864822
03-09 23:00:00,904.5761761003927
03-10 00:00:00,915.4417785360037
03-10 01:00:00,940.3251075128981
03-10 02:00:00,949.9470105124738
03-10 03:00:00,972.5123775314207
03-10 04:00:00,987.4035673287921
03-10 05:00:00,1005.910006662439
03-10 06:00:00,1004.7112518177862
03-10 07:00:00,1008.3313138209991
03-10 08:00:00,921.3947209886092
03-10 09:00:00,815.180114798215
03-10 10:00:00,739.1535052072949
03-10 11:00:00,700.561251682193
03-10 12:00:00,669.9296218811857
03-10 13:00:00,612.6358879975846
03-10 14:00:00,577.177091078122
03-10 15:00:00,559.5653702249385
03-10 16:00:00,583.2159838463878
03-10 17:00:00,660.9451380562423
03-10 18:00:00,752.6663261605149
03-10 19:00:00,768.804264119033
03-10 20:00:00,827.1212910580075
03-10 21:00:00,838.2906770242961
03-10 22:00:00,852.6664100481189
03-10 23:00:00,815.598927262893
03-11 00:00:00,806.1579049497932
03-11 01:00:00,788.9725339081514
03-11 02:00:00,782.4568339419169
03-11 03:00:00,776.433587928203
03-11 04:00:00,769.2042679067699
03-11 05:00:00,753.4784802844924
03-11 06:00:00,749.0975243012409
03-11 07:00:00,786.0188601491445
03-11 08:00:00,704.2531589284198
03-11 09:00:00,647.2556672751476
03-11 10:00:00,520.6892813755281
03-11 11:00:00,433.718829937318
03-11 12:00:00,319.4397901520873
03-11 13:00:00,290.4315426683918
03-11 14:00:00,271.1564338674346
03-11 15:00:00,274.2493543300392
03-11 16:00:00,285.1906149518202
03-11 17:00:00,285.8206075670956
03-11 18:00:00,399.73520832096295
03-11 19:00:00,512.3836659228319
03-11 20:00:00,527.3755490623209
03-11 21:00:00,503.53207751276
03-11 22:00:00,491.562937835407
03-11 23:00:00,507.36524903585325
03-12 00:00:00,525.2111271118861
03-12 01:00:00,669.8749857026927
03-12 02:00:00,751.1182077484445
03-12 03:00:00,759.6186449184765
03-12 04:00:00,805.0123469106593
03-12 05:00:00,783.4287291770644
03-12 06:00:00,808.1404366716156
03-12 07:00:00,824.8363703639358
03-12 08:00:00,773.105485174739
03-12 09:00:00,722.2961448674077
03-12 10:00:00,692.4443897230848
03-12 11:00:00,625.649252373583
03-12 12:00:00,580.7543121668152
03-12 13:00:00,543.0371163930556
03-12 14:00:00,524.8344837796711
03-12 15:00:00,487.9780362215464
03-12 16:00:00,507.34866665800496
03-12 17:00:00,597.4331796881078
03-12 18:00:00,701.5953983851089
03-12 19:00:00,763.6333646684335
03-12 20:00:00,777.1648490828368
03-12 21:00:00,810.3759088914986
03-12 22:00:00,826.4566538849098
03-12 23:00:00,799.2992797775579
03-13 00:00:00,808.7387372359217
03-13 01:00:00,776.436813714598
03-13 02:00:00,777.1172362630226
03-13 03:00:00,749.3301343642304
03-13 04:00:00,802.1806398651343
03-13 05:00:00,839.1935241064773
03-13 06:00:00,928.2741864978174
03-13 07:00:00,933.819041529932
03-13 08:00:00,843.4918672653205
03-13 09:00:00,690.9089967458794
03-13 10:00:00,596.7232039380278
03-13 11:00:00,489.0279324610202
03-13 12:00:00,387.0667220833837
03-13 13:00:00,348.23936026209793
03-13 14:00:00,340.7058678357694
03-13 15:00:00,360.69453979297816
03-13 16:00:00,399.3627373151443
03-13 17:00:00,630.7624776979761
03-13 18:00:00,775.1009740415545
03-13 19:00:00,831.8016615423553
03-13 20:00:00,878.9006014113926
03-13 21:00:00,815.7692381822161
03-13 22:00:00,725.6756425331718
03-13 23:00:00,736.6661274965224
03-14 00:00:00,694.6336354504209
03-14 01:00:00,858.3646264190484
03-14 02:00:00,1089.2830077056096
03-14 03:00:00,1143.0797155724292
03-14 04:00:00,1151.3375008339303
03-14 05:00:00,1085.2559210720162
03-14 06:00:00,1085.100743034703
03-14 07:00:00,1080.9707065189234
03-14 08:00:00,1043.629842517441
03-14 09:00:00,983.6509150642985
03-14 10:00:00,902.9520607680557
03-14 11:00:00,860.1294614557364
03-14 12:00:00,816.3784485598936
03-14 13:00:00,876.7551229278629
03-14 14:00:00,1058.1917028183107
03-14 15:00:00,1055.6039770036584
03-14 16:00:00,1047.7789520572985
03-14 17:00:00,1007.0066649124017
03-14 18:00:00,997.6109235977192
03-14 19:00:00,1006.7422916598582
03-14 20:00:00,956.6708295004482
03-14 21:00:00,928.9731941702701
03-14 22:00:00,1016.8170665692475
03-14 23:00:00,965.222921282902
03-15 00:00:00,983.5028743220263
03-15 01:00:00,1002.1208452717823
03-15 02:00:00,1034.8078703768329
03-15 03:00:00,1051.051118774676
03-15 04:00:00,1088.6242177963227
03-15 05:00:00,1097.6919313739604
03-15 06:00:00,1092.6314732916658
03-15 07:00:00,1094.0295439759411
03-15 08:00:00,1090.6735970798152
03-15 09:00:00,1094.4908802969308
03-15 10:00:00,1105.5983147325287
03-15 11:00:00,1058.029800018085
03-15 12:00:00,1018.8309125393635
03-15 13:00:00,1032.5416521860197
03-15 14:00:00,1073.601224098324
03-15 15:00:00,1040.4709180114148
03-15 16:00:00,978.2532832505204
03-15 17:00:00,1007.0566527272081
03-15 18:00:00,1088.9703172163495
03-15 19:00:00,1083.5101062980991
03-15 20:00:00,1104.0026274427428
03-15 21:00:00,1071.0944798303353
03-15 22:00:00,1070.1028759669605
03-15 23:00:00,1076.1989414852032
03-16 00:00:00,1082.7329144069604
03-16 01:00:00,1091.499447733942
03-16 02:00:00,1045.8456424517965
03-16 03:00:00,999.5992057703265
03-16 04:00:00,994.5794149562371
03-16 05:00:00,1066.8801326074279
03-16 06:00:00,1070.1625251547716
03-16 07:00:00,1038.0475695649498
03-16 08:00:00,1023.518055030905
03-16 09:00:00,971.9622052238875
03-16 10:00:00,932.5081319760167
03-16 11:00:00,918.8958216213109
03-16 12:00:00,961.7143683523527
03-16 13:00:00,980.2700277166495
03-16 14:00:00,930.9735839428178
03-16 15:00:00,1013.2764207657095
03-16 16:00:00,1023.2209434759218
03-16 17:00:00,1027.0494246154572
03-16 18:00:00,1041.1683041010274
03-16 19:00:00,1054.5371253691103
03-16 20:00:00,1043.705917453194
03-16 21:00:00,1035.2725670038908
03-16 22:00:00,1086.1232817966252
03-16 23:00:00,1095.8729376773736
03-17 00:00:00,1102.3218060218326
03-17 01:00:00,1114.185765630051
03-17 02:00:00,1120.7550599560113
03-17 03:00:00,1122.552398598993
03-17 04:00:00,1142.1349817431446
03-17 05:00:00,1168.1012333018014
03-17 06:00:00,1175.0945781248206
03-17 07:00:00,1179.7249101275145
03-17 08:00:00,1161.737395758944
03-17 09:00:00,1150.0162146879861
03-17 10:00:00,1110.6867366837837
03-17 11:00:00,1011.7694011718362
03-17 12:00:00,957.4831304651551
03-17 13:00:00,938.0448785260006
03-17 14:00:00,950.4420463346182
03-17 15:00:00,1149.8521655764382
03-17 16:00:00,1092.6708963200535
03-17 17:00:00,1114.8941892316504
03-17 18:00:00,1154.7486186901776
03-17 19:00:00,1133.9567364882791
03-17 20:00:00,1141.0844699473853
03-17 21:00:00,1145.0636305115152
03-17 22:00:00,1133.4164813259172
03-17 23:00:00,1127.7240411356865
03-18 00:00:00,1135.6848471353958
03-18 01:00:00,1139.4134179486664
03-18 02:00:00,1145.9362117379214
03-18 03:00:00,1167.9303097681072
03-18 04:00:00,1183.9177749403361
03-18 05:00:00,1203.2382688738053
03-18 06:00:00,1198.4594458216707
03-18 07:00:00,1223.8002684037374
03-18 08:00:00,1184.7625697322544
03-18 09:00:00,1106.085898170208
03-18 10:00:00,1050.3244486447434
03-18 11:00:00,1068.9361072512652
03-18 12:00:00,1010.6837375754747
03-18 13:00:00,946.9466258138797
03-18 14:00:00,910.3568494780212
03-18 15:00:00,931.5753117937959
03-18 16:00:00,958.4486847333732
03-18 17:00:00,1010.4298688223297
03-18 18:00:00,1083.7987493672217
03-18 19:00:00,1161.0728968316275
03-18 20:00:00,1210.4923581171583
03-18 21:00:00,1275.6041070899876
03-18 22:00:00,1315.7341540865805
03-18 23:00:00,1323.1177307108746
03-19 00:00:00,1343.0868164810647
03-19 01:00:00,1345.2026600414156
03-19 02:00:00,1376.1505206760398
03-19 03:00:00,1381.4854069647836
03-19 04:00:00,1380.5354701097503
03-19 05:00:00,1417.3165546126531
03-19 06:00:00,1443.4413019446454
03-19 07:00:00,1410.4338147599165
03-19 08:00:00,1304.465729544589
03-19 09:00:00,1160.032653481197
03-19 10:00:00,1029.864939834329
03-19 11:00:00,940.0427000551621
03-19 12:00:00,879.7345457220233
03-19 13:00:00,824.430863149426
03-19 14:00:00,824.3047894603443
03-19 15:00:00,803.9303327660183
03-19 16:00:00,813.6237454393906
03-19 17:00:00,896.4621332414645
03-19 18:00:00,989.9100258985898
03-19 19:00:00,1044.037537430813
03-19 20:00:00,1080.703813496987
03-19 21:00:00,1123.3775695903212
03-19 22:00:00,1188.7795975671208
03-19 23:00:00,1197.6085502018534
03-20 00:00:00,1200.5349277383066
03-20 01:00:00,1202.3824569083056
03-20 02:00:00,1215.968738843704
03-20 03:00:00,1224.9648348025835
03-20 04:00:00,1228.913001033065
03-20 05:00:00,1256.7198088818136
03-20 06:00:00,1288.2297515150199
03-20 07:00:00,1281.8067676433227
03-20 08:00:00,1241.048884349681
03-20 09:00:00,1193.054831568852
03-20 10:00:00,1169.0683990117832
03-20 11:00:00,1141.4700973884553
03-20 12:00:00,1094.1273224636811
03-20 13:00:00,1029.5458700382533
03-20 14:00:00,1025.729922870325
03-20 15:00:00,1004.0342040914188
03-20 16:00:00,1022.8513402411767
03-20 17:00:00,1090.9135774804345
03-20 18:00:00,1175.21492990543
03-20 19:00:00,1253.4844052073588
03-20 20:00:00,1321.534288271872
03-20 21:00:00,1352.039286804558
03-20 22:00:00,1389.9318409382913
03-20 23:00:00,1382.1719343331686
03-21 00:00:00,1360.3880003608326
03-21 01:00:00,1340.5490994713027
03-21 02:00:00,1329.1591498943062
03-21 03:00:00,1319.4132575636615
03-21 04:00:00,1324.4626374501709
03-21 05:00:00,1305.740146678684
03-21 06:00:00,1288.706003156859
03-21 07:00:00,1266.3204619329558
03-21 08:00:00,1204.4548134493373
03-21 09:00:00,1146.883557566655
03-21 10:00:00,1083.5927428275304
03-21 11:00:00,1051.8046980286215
03-21 12:00:00,1035.448323822383
03-21 13:00:00,1008.9604357995825
03-21 14:00:00,998.4335382017747
03-21 15:00:00,1011.879274168515
03-21 16:00:00,1039.9673662422003
03-21 17:00:00,1083.4868932269696
03-21 18:00:00,1098.112017042763
03-21 19:00:00,1091.6593721371814
03-21 20:00:00,1080.595888028122
03-21 21:00:00,1102.7598453277842
03-21 22:00:00,1084.0431004603759
03-21 23:00:00,1073.8816353330271
03-22 00:00:00,1089.5958897628052
03-22 01:00:00,1074.9403969853724
03-22 02:00:00,1070.605961376711
03-22 03:00:00,1089.2053383293185
03-22 04:00:00,1078.056476281553
03-22 05:00:00,1078.368678430692
03-22 06:00:00,1070.8411436829265
03-22 07:00:00,1047.9144941646828
03-22 08:00:00,1004.4006443447885
03-22 09:00:00,958.1642492156493
03-22 10:00:00,940.2141397081447
03-22 11:00:00,908.8435740293085
03-22 12:00:00,904.1671265519778
03-22 13:00:00,882.6822403936957
03-22 14:00:00,869.0873484659626
03-22 15:00:00,862.5384534675103
03-22 16:00:00,857.4540956669015
03-22 17:00:00,877.5124861714997
03-22 18:00:00,915.1691892993036
03-22 19:00:00,943.9297956555769
03-22 20:00:00,980.3303556208032
03-22 21:00:00,1001.146526576047
03-22 22:00:00,1042.4768284841584
03-22 23:00:00,1083.9478447998006
03-23 00:00:00,1120.5509114572758
03-23 01:00:00,1156.8965364243263
03-23 02:00:00,1175.5470568786038
03-23 03:00:00,1221.7385940045328
03-23 04:00:00,1245.1026098532984
03-23 05:00:00,1268.263053689804
03-23 06:00:00,1297.1046943971464
03-23 07:00:00,1192.867184878692
03-23 08:00:00,1067.0890393079992
03-23 09:00:00,914.8486694648727
03-23 10:00:00,797.5850568059278
03-23 11:00:00,735.2086974273926
03-23 12:00:00,668.1237597427463
03-23 13:00:00,618.6118155035335
03-23 14:00:00,582.0616466128631
03-23 15:00:00,554.0025804646665
03-23 16:00:00,574.3401372756193
03-23 17:00:00,664.9172982031861
03-23 18:00:00,740.22715036763
03-23 19:00:00,809.8425379665482
03-23 20:00:00,861.9023671061643
03-23 21:00:00,898.2124900059766
03-23 22:00:00,964.0487336385548
03-23 23:00:00,983.9666875978843
03-24 00:00:00,1013.6695019850132
03-24 01:00:00,1050.91144213404
03-24 02:00:00,1067.3450119070326
03-24 03:00:00,1085.0464595660442
03-24 04:00:00,1083.6273533573863
03-24 05:00:00,1114.848143987076
03-24 06:00:00,1128.8280651815112
03-24 07:00:00,1071.3288268088288
03-24 08:00:00,933.3466697810884
03-24 09:00:00,793.1391143303166
03-24 10:00:00,666.6258324959795
03-24 11:00:00,568.5559945484898
03-24 12:00:00,473.10342391386274
03-24 13:00:00,417.50864675578686
03-24 14:00:00,359.77545106055425
03-24 15:00:00,339.3497030867716
03-24 16:00:00,383.1948517502575
03-24 17:00:00,500.3481619748317
03-24 18:00:00,596.8353677367226
03-24 19:00:00,647.836824149871
03-24 20:00:00,704.2934678650597
03-24 21:00:00,746.575327305634
03-24 22:00:00,792.1297651840849
03-24 23:00:00,829.0621575486441
03-25 00:00:00,830.43394413185
03-25 01:00:00,864.0081938576342
03-25 02:00:00,891.5875266235267
03-25 03:00:00,891.2072128132506
03-25 04:00:00,900.036751067249
03-25 05:00:00,965.859180811611
03-25 06:00:00,951.7741001824686
03-25 07:00:00,909.9356065482679
03-25 08:00:00,774.8871242859823
03-25 09:00:00,623.6637065521031
03-25 10:00:00,500.0410323494963
03-25 11:00:00,395.4632452690918
03-25 12:00:00,326.4940755351875
03-25 13:00:00,275.0115401036237
03-25 14:00:00,242.3813397654577
03-25 15:00:00,251.04736761921905
03-25 16:00:00,265.3748659668594
03-25 17:00:00,370.17332751186774
03-25 18:00:00,477.83964401972855
03-25 19:00:00,548.283510431716
03-25 20:00:00,566.3269222264545
03-25 21:00:00,613.7728842400934
03-25 22:00:00,654.630793972352
03-25 23:00:00,687.4515120528857
03-26 00:00:00,741.3252280883573
03-26 01:00:00,774.4950040567239
03-26 02:00:00,815.2541474669005
03-26 03:00:00,826.9076630027519
03-26 04:00:00,872.1352609172197
03-26 05:00:00,926.3333116645761
03-26 06:00:00,923.5003077888806
03-26 07:00:00,813.0903959098413
03-26 08:00:00,699.0462869336944
03-26 09:00:00,587.4885648093959
03-26 10:00:00,468.4060928061285
03-26 11:00:00,363.4098447947525
03-26 12:00:00,291.593530107624
03-26 13:00:00,272.2334546201687
03-26 14:00:00,216.6397190907136
03-26 15:00:00,191.82255216182892
03-26 16:00:00,200.2671599314692
03-26 17:00:00,342.1667673966394
03-26 18:00:00,435.83437910952443
03-26 19:00:00,481.25568212045704
03-26 20:00:00,475.3605933128643
03-26 21:00:00,572.7263187772021
03-26 22:00:00,586.4994153582741
03-26 23:00:00,594.5607186111566
03-27 00:00:00,563.2672832602892
03-27 01:00:00,593.6871979674635
03-27 02:00:00,619.8643652658945
03-27 03:00:00,566.0196704821205
03-27 04:00:00,622.675727083979
03-27 05:00:00,647.1587575342352
03-27 06:00:00,634.9618333141489
03-27 07:00:00,722.1562746373877
03-27 08:00:00,786.025622300754
03-27 09:00:00,755.6022958930133
03-27 10:00:00,730.7599712145858
03-27 11:00:00,678.8200052915555
03-27 12:00:00,661.1112225127051
03-27 13:00:00,643.11874712407
03-27 14:00:00,625.8613483394181
03-27 15:00:00,578.2990691609714
03-27 16:00:00,556.7602448205608
03-27 17:00:00,568.1716381894942
03-27 18:00:00,616.6553796966772
03-27 19:00:00,697.2006984736395
03-27 20:00:00,752.8699923637918
03-27 21:00:00,763.5504392942498
03-27 22:00:00,782.6970779095044
03-27 23:00:00,815.006624721063
03-28 00:00:00,812.0337741769168
03-28 01:00:00,874.7010127081635
03-28 02:00:00,931.704617746526
03-28 03:00:00,985.4384849753598
03-28 04:00:00,1039.865117334425
03-28 05:00:00,1044.3928862484686
03-28 06:00:00,1018.727315847029
03-28 07:00:00,973.1594902956382
03-28 08:00:00,854.2789279947859
03-28 09:00:00,707.5334368348443
03-28 10:00:00,582.5595422815263
03-28 11:00:00,485.0408463962953
03-28 12:00:00,434.71361500140927
03-28 13:00:00,368.56808847918404
03-28 14:00:00,332.19613254184213
03-28 15:00:00,302.80892091385005
03-28 16:00:00,295.69238184818454
03-28 17:00:00,361.0983227053868
03-28 18:00:00,457.71800823121384
03-28 19:00:00,523.3584225532018
03-28 20:00:00,586.7734079279905
03-28 21:00:00,640.4955880585767
03-28 22:00:00,678.4598639153676
03-28 23:00:00,713.9971683941012
03-29 00:00:00,747.2136854231612
03-29 01:00:00,756.6842182318096
03-29 02:00:00,765.8992959348293
03-29 03:00:00,775.8354440473624
03-29 04:00:00,788.7378628820239
03-29 05:00:00,812.3531459445279
03-29 06:00:00,807.2148573495782
03-29 07:00:00,755.1539793376465
03-29 08:00:00,603.2323297183199
03-29 09:00:00,452.40364275289016
03-29 10:00:00,352.4643767013951
03-29 11:00:00,252.18677662309722
03-29 12:00:00,185.49266223745525
03-29 13:00:00,136.63204757169018
03-29 14:00:00,87.07721520605723
03-29 15:00:00,53.56110779737249
03-29 16:00:00,79.04004284719312
03-29 17:00:00,168.62583094094248
03-29 18:00:00,288.9726442492376
03-29 19:00:00,348.6219320575993
03-29 20:00:00,440.26121628387074
03-29 21:00:00,492.3236949269301
03-29 22:00:00,528.0653074858022
03-29 23:00:00,563.633761287083
03-30 00:00:00,620.2997204803371
03-30 01:00:00,605.8138516875457
03-30 02:00:00,641.1431435244546
03-30 03:00:00,664.121526961122
03-30 04:00:00,735.6080103449273
03-30 05:00:00,741.4331700809213
03-30 06:00:00,735.8259856863505
03-30 07:00:00,652.7615938493216
03-30 08:00:00,533.7200976184329
03-30 09:00:00,412.21656127315
03-30 10:00:00,307.54611976961087
03-30 11:00:00,209.28318130511593
03-30 12:00:00,148.85729491032512
03-30 13:00:00,93.01519130482112
03-30 14:00:00,39.91899402780907
03-30 15:00:00,12.511583013257702
03-30 16:00:00,16.865757269439666
03-30 17:00:00,100.61803151546411
03-30 18:00:00,199.40110305263354
03-30 19:00:00,256.1457297771523
03-30 20:00:00,340.55445717633927
03-30 21:00:00,386.05851443602893
03-30 22:00:00,435.8401796864349
03-30 23:00:00,479.3756063151612
03-31 00:00:00,515.7675174821976
03-31 01:00:00,534.2326472568615
03-31 02:00:00,563.9377211923704
03-31 03:00:00,578.6009857844352
03-31 04:00:00,622.4608486242768
03-31 05:00:00,635.5136532076347
03-31 06:00:00,652.885805225198
03-31 07:00:00,580.4637282695124
03-31 08:00:00,436.14052483169996
03-31 09:00:00,315.8373490134567
03-31 10:00:00,211.33607363723738
03-31 11:00:00,123.37217620471408
03-31 12:00:00,56.826398152063106
03-31 13:00:00,8.092385284272318
03-31 14:00:00,4.39776316179018
03-31 15:00:00,2.399679428762839
03-31 16:00:00,4.645806587754344
03-31 17:00:00,50.65271656280737
03-31 18:00:00,146.32570024955615
03-31 19:00:00,215.68758332238238
03-31 20:00:00,280.846745143443
03-31 21:00:00,342.0313437888715
03-31 22:00:00,389.04954297397
03-31 23:00:00,402.17085394585604
04-01 00:00:00,433.25094499048635
04-01 01:00:00,473.82887763617913
04-01 02:00:00,492.06859528302897
04-01 03:00:00,514.291590685789
04-01 04:00:00,533.860050764486
04-01 05:00:00,561.8154464034346
04-01 06:00:00,587.7413693866997
04-01 07:00:00,545.3050940850562
04-01 08:00:00,398.2052043943149
04-01 09:00:00,269.307143407527
04-01 10:00:00,168.5635005973551
04-01 11:00:00,64.73248578892547
04-01 12:00:00,6.831269628913541
04-01 13:00:00,3.7293897534396985
04-01 14:00:00,2.625632190287697
04-01 15:00:00,2.8233633844237107
04-01 16:00:00,2.79014487948883
04-01 17:00:00,24.571462841657123
04-01 18:00:00,123.9815375982362
04-01 19:00:00,163.8001995158321
04-01 20:00:00,197.82962427155562
04-01 21:00:00,187.62902873461968
04-01 22:00:00,291.08648412384326
04-01 23:00:00,348.8750648976118
04-02 00:00:00,375.31211094560166
04-02 01:00:00,386.4274083118846
04-02 02:00:00,413.96672960109396
04-02 03:00:00,454.40855528539134
04-02 04:00:00,484.80257362676787
04-02 05:00:00,533.9813559141608
04-02 06:00:00,563.7970626757941
04-02 07:00:00,484.3027005482249
04-02 08:00:00,390.65542148558467
04-02 09:00:00,317.53975687441283
04-02 10:00:00,241.48381434902194
04-02 11:00:00,194.86535817306086
04-02 12:00:00,135.61380677789984
04-02 13:00:00,87.72719613640669
04-02 14:00:00,57.60333262105922
04-02 15:00:00,64.35655420626372
04-02 16:00:00,106.18862077601405
04-02 17:00:00,228.3061163836254
04-02 18:00:00,318.32247944840435
04-02 19:00:00,339.9432602950694
04-02 20:00:00,351.31964319809293
04-02 21:00:00,393.0600339817567
04-02 22:00:00,470.81103523636034
04-02 23:00:00,570.9703325164849
04-03 00:00:00,623.9321690633323
04-03 01:00:00,648.7013759092342
04-03 02:00:00,688.2288428156862
04-03 03:00:00,709.8502304135852
04-03 04:00:00,792.0477693632686
04-03 05:00:00,837.8357235261677
04-03 06:00:00,848.6418560357982
04-03 07:00:00,849.3411958118294
04-03 08:00:00,834.1492676622349
04-03 09:00:00,792.4105094974504
04-03 10:00:00,704.2562531307536
04-03 11:00:00,653.7718348506454
04-03 12:00:00,671.351710107001
04-03 13:00:00,656.9654833947754
04-03 14:00:00,619.8709297272082
04-03 15:00:00,620.466582027953
04-03 16:00:00,635.9915553319385
04-03 17:00:00,673.3454692842757
04-03 18:00:00,695.488025809757
04-03 19:00:00,723.7563697547283
04-03 20:00:00,752.3674896841617
04-03 21:00:00,788.0917892844053
04-03 22:00:00,839.0818489199933
04-03 23:00:00,900.6268662413524
04-04 00:00:00,954.1129649404851
04-04 01:00:00,977.9075704954744
04-04 02:00:00,1012.5022911300468
04-04 03:00:00,1049.0247037037848
04-04 04:00:00,1082.7742554084396
04-04 05:00:00,1128.8039334893806
04-04 06:00:00,1068.3354530423344
04-04 07:00:00,952.7492496352248
04-04 08:00:00,847.4137667500429
04-04 09:00:00,729.4447934809888
04-04 10:00:00,631.5897275426566
04-04 11:00:00,543.186023997198
04-04 12:00:00,480.7963826027194
04-04 13:00:00,431.5709820629956
04-04 14:00:00,394.1053609119715
04-04 15:00:00,374.06359295685974
04-04 16:00:00,378.1448940448175
04-04 17:00:00,440.6278166113623
04-04 18:00:00,575.2571763224313
04-04 19:00:00,651.4961459990226
04-04 20:00:00,702.7649556517794
04-04 21:00:00,740.0114087045856
04-04 22:00:00,788.0852656152033
04-04 23:00:00,823.7016270907038
04-05 00:00:00,837.2625623644269
04-05 01:00:00,899.5852336199205
04-05 02:00:00,911.706354983894
04-05 03:00:00,935.4952829766476
04-05 04:00:00,937.5084130572113
04-05 05:00:00,955.4902195242506
04-05 06:00:00,945.0545577186051
04-05 07:00:00,833.6128006977337
04-05 08:00:00,708.1822070500285
04-05 09:00:00,590.9104318927731
04-05 10:00:00,491.77066559251847
04-05 11:00:00,429.71762797766297
04-05 12:00:00,357.63623504615623
04-05 13:00:00,263.72005185975127
04-05 14:00:00,225.68671677518995
04-05 15:00:00,264.49387911184823
04-05 16:00:00,300.83764660767866
04-05 17:00:00,360.70385978500696
04-05 18:00:00,437.21379742445447
04-05 19:00:00,569.7006155641031
04-05 20:00:00,777.8980157909168
04-05 21:00:00,1119.7314711188865
04-05 22:00:00,1152.8066501158178
04-05 23:00:00,1288.4735408968659
04-06 00:00:00,1344.4232867399628
04-06 01:00:00,1355.8267376915574
04-06 02:00:00,1360.635963493895
04-06 03:00:00,1376.4566340252081
04-06 04:00:00,1433.3762540065718
04-06 05:00:00,1535.524987093502
04-06 06:00:00,1524.8367829063202
04-06 07:00:00,1406.4466874159273
04-06 08:00:00,1305.4522828260829
04-06 09:00:00,1247.9557298854195
04-06 10:00:00,1186.834679592491
04-06 11:00:00,1072.093525057206
04-06 12:00:00,1066.3004650637283
04-06 13:00:00,1053.11652828076
04-06 14:00:00,1028.304575465879
04-06 15:00:00,1028.0063892445405
04-06 16:00:00,1097.693674641422
04-06 17:00:00,1229.4161935857396
04-06 18:00:00,1270.3291459325883
04-06 19:00:00,1320.1997004686937
04-06 20:00:00,1320.7336289270304
04-06 21:00:00,1303.821839062971
04-06 22:00:00,1268.3592787578614
04-06 23:00:00,1261.3973440759473
04-07 00:00:00,1283.589486535674
04-07 01:00:00,1330.1170637206574
04-07 02:00:00,1322.6691286318137
04-07 03:00:00,1370.2317853675063
04-07 04:00:00,1345.7237121713692
04-07 05:00:00,1383.9229268433066
04-07 06:00:00,1364.156878837266
04-07 07:00:00,1343.4264552039724
04-07 08:00:00,1298.8858747946963
04-07 09:00:00,1257.915043275255
04-07 10:00:00,1194.6256630716791
04-07 11:00:00,1194.302524893204
04-07 12:00:00,1108.3177930978825
04-07 13:00:00,1061.545606285044
04-07 14:00:00,1066.5713788501173
04-07 15:00:00,1066.9608048484763
04-07 16:00:00,1093.3962469813405
04-07 17:00:00,1133.3838892906135
04-07 18:00:00,1125.398690931989
04-07 19:00:00,1134.674610024681
04-07 20:00:00,1159.9613731507584
04-07 21:00:00,1147.39289449095
04-07 22:00:00,1174.0264434078488
04-07 23:00:00,1153.6662407123172
04-08 00:00:00,1175.131091652084
04-08 01:00:00,1170.8279929370685
04-08 02:00:00,1154.282309925145
04-08 03:00:00,1159.4026959945597
04-08 04:00:00,1209.7747029847592
04-08 05:00:00,1256.7451401187377
04-08 06:00:00,1216.981741780411
04-08 07:00:00,1130.7080232448632
04-08 08:00:00,1013.9396115475986
04-08 09:00:00,914.1970964789156
04-08 10:00:00,832.0789683827619
04-08 11:00:00,756.1331433698308
04-08 12:00:00,726.663138827186
04-08 13:00:00,670.2051902917805
04-08 14:00:00,648.521162553202
04-08 15:00:00,621.7159250444156
04-08 16:00:00,616.1522462805154
04-08 17:00:00,670.4283385084369
04-08 18:00:00,777.756045366553
04-08 19:00:00,836.904697802309
04-08 20:00:00,901.2363921354572
04-08 21:00:00,931.333098544707
04-08 22:00:00,948.8605752985478
04-08 23:00:00,983.3175532869008
04-09 00:00:00,1000.5991020292054
04-09 01:00:00,999.1498379156567
04-09 02:00:00,1004.9055161487992
04-09 03:00:00,985.131155954457
04-09 04:00:00,1003.343156348519
04-09 05:00:00,993.9443452785863
04-09 06:00:00,957.7164032308137
04-09 07:00:00,843.5823656586944
04-09 08:00:00,655.9280307091768
04-09 09:00:00,558.7947076278011
04-09 10:00:00,469.81342418228394
04-09 11:00:00,406.2850922268679
04-09 12:00:00,348.67047031707256
04-09 13:00:00,297.4893413596845
04-09 14:00:00,233.79403054214728
04-09 15:00:00,230.45719913416596
04-09 16:00:00,225.63852107048623
04-09 17:00:00,316.67647327303854
04-09 18:00:00,434.5119460013118
04-09 19:00:00,498.3508471905294
04-09 20:00:00,562.7102900800202
04-09 21:00:00,611.1353143131089
04-09 22:00:00,651.2305144197962
04-09 23:00:00,655.2163138908203
04-10 00:00:00,686.2620576015802
04-10 01:00:00,669.9414407591108
04-10 02:00:00,666.3436661118311
04-10 03:00:00,683.9152447826725
04-10 04:00:00,687.9356681288322
04-10 05:00:00,681.8259009652108
04-10 06:00:00,662.0307470004627
04-10 07:00:00,606.3555552541773
04-10 08:00:00,556.0393420425121
04-10 09:00:00,517.7304214379708
04-10 10:00:00,464.4237504982648
04-10 11:00:00,401.0413219549726
04-10 12:00:00,314.0818674638819
04-10 13:00:00,245.3970216457495
04-10 14:00:00,191.47450842968138
04-10 15:00:00,205.2057420867009
04-10 16:00:00,196.0930540413873
04-10 17:00:00,223.173683748831
04-10 18:00:00,319.54224422207847
04-10 19:00:00,420.6945027813738
04-10 20:00:00,455.2818521896695
04-10 21:00:00,489.84011344504194
04-10 22:00:00,524.2554873416209
04-10 23:00:00,542.9479621840954
04-11 00:00:00,552.0355457587236
04-11 01:00:00,567.7573578854524
04-11 02:00:00,570.8134849974936
04-11 03:00:00,580.4633455341852
04-11 04:00:00,606.9782245809048
04-11 05:00:00,620.4915731362456
04-11 06:00:00,616.4074333056303
04-11 07:00:00,577.6782874115906
04-11 08:00:00,445.1065684382594
04-11 09:00:00,345.43019981791144
04-11 10:00:00,290.2668788147185
04-11 11:00:00,215.0261149781637
04-11 12:00:00,147.04426935918303
04-11 13:00:00,87.57452377200639
04-11 14:00:00,54.16716952862247
04-11 15:00:00,40.624786797036954
04-11 16:00:00,50.55787416033941
04-11 17:00:00,166.00371064136294
04-11 18:00:00,312.41317728421785
04-11 19:00:00,386.8584968761356
04-11 20:00:00,435.58747169126764
04-11 21:00:00,468.682339716307
04-11 22:00:00,499.3747218729127
04-11 23:00:00,557.236230556593
04-12 00:00:00,602.5808503545229
04-12 01:00:00,639.0075216588104
04-12 02:00:00,755.0944653724953
04-12 03:00:00,835.573478153845
04-12 04:00:00,918.9314793357737
04-12 05:00:00,1019.1008918357106
04-12 06:00:00,1061.1758922049678
04-12 07:00:00,1072.4243331899097
04-12 08:00:00,1142.2982622413201
04-12 09:00:00,1165.294894628052
04-12 10:00:00,1134.5198578007453
04-12 11:00:00,1093.9269478655776
04-12 12:00:00,1036.4825165949308
04-12 13:00:00,975.1039425036784
04-12 14:00:00,946.5168614083799
04-12 15:00:00,983.3760873302617
04-12 16:00:00,1005.0022940285276
04-12 17:00:00,981.112857213735
04-12 18:00:00,977.3495130652616
04-12 19:00:00,1024.0791464399647
04-12 20:00:00,1063.6379023489585
04-12 21:00:00,1072.4262143504955
04-12 22:00:00,1086.8824007544792
04-12 23:00:00,1079.9762321493583
04-13 00:00:00,1069.5941582526423
04-13 01:00:00,1098.1768507431111
04-13 02:00:00,1108.5095898639775
04-13 03:00:00,1147.3879364253785
04-13 04:00:00,1159.8394384079888
04-13 05:00:00,1193.6565194298564
04-13 06:00:00,1177.0533401987834
04-13 07:00:00,1124.4411188600297
04-13 08:00:00,1003.7967508140276
04-13 09:00:00,894.6555634908963
04-13 10:00:00,874.7856757355967
04-13 11:00:00,819.3876003617672
04-13 12:00:00,761.9675201377186
04-13 13:00:00,760.2721330886015
04-13 14:00:00,843.4609995531855
04-13 15:00:00,835.2942309244816
04-13 16:00:00,796.3618575189548
04-13 17:00:00,837.3148122989807
04-13 18:00:00,913.1536275046834
04-13 19:00:00,964.7149182039005
04-13 20:00:00,1006.2360272198299
04-13 21:00:00,1013.8166589067879
04-13 22:00:00,1029.2046867266224
04-13 23:00:00,1082.3050979174905
04-14 00:00:00,1141.4453889461456
04-14 01:00:00,1162.5005393295983
04-14 02:00:00,1195.8309605652107
04-14 03:00:00,1234.840493694066
04-14 04:00:00,1251.4602010209371
04-14 05:00:00,1290.8595882343723
04-14 06:00:00,1232.9152237133833
04-14 07:00:00,1102.8517471459872
04-14 08:00:00,978.3683638399261
04-14 09:00:00,866.8599493795595
04-14 10:00:00,796.0195079814216
04-14 11:00:00,733.7741775996104
04-14 12:00:00,702.6827406996654
04-14 13:00:00,659.9473860747567
04-14 14:00:00,688.0603947584203
04-14 15:00:00,692.5961249909194
04-14 16:00:00,713.9903440256425
04-14 17:00:00,766.6830073517356
04-14 18:00:00,839.9659365864843
04-14 19:00:00,920.7324198709125
04-14 20:00:00,951.872067330403
04-14 21:00:00,960.6741938328265
04-14 22:00:00,987.4054070700171
04-14 23:00:00,1033.9839653759016
04-15 00:00:00,1055.6073614923068
04-15 01:00:00,1067.2319565653108
04-15 02:00:00,1089.9268909892244
04-15 03:00:00,1113.9064719848159
04-15 04:00:00,1101.832221388205
04-15 05:00:00,1138.7578954792366
04-15 06:00:00,1109.1975585098648
04-15 07:00:00,1012.0610672069411
04-15 08:00:00,953.4878554074295
04-15 09:00:00,908.172899624667
04-15 10:00:00,829.7624394108998
04-15 11:00:00,793.4886917683069
04-15 12:00:00,745.4222364246926
04-15 13:00:00,747.4183717303686
04-15 14:00:00,732.2275313483739
04-15 15:00:00,729.2031012451592
04-15 16:00:00,732.9535768856446
04-15 17:00:00,758.7736616530457
04-15 18:00:00,790.1876557639062
04-15 19:00:00,867.6601952299628
04-15 20:00:00,904.6535828996583
04-15 21:00:00,949.2893230648906
04-15 22:00:00,979.7147955668985
04-15 23:00:00,1029.5849314395898
04-16 00:00:00,1095.3193382027825
04-16 01:00:00,1123.5716815261835
04-16 02:00:00,1146.3590127706002
04-16 03:00:00,1182.367769298166
04-16 04:00:00,1201.600936983035
04-16 05:00:00,1230.1944378452774
04-16 06:00:00,1181.6162580402008
04-16 07:00:00,1079.7888662275343
04-16 08:00:00,966.547927838996
04-16 09:00:00,878.5936335180053
04-16 10:00:00,791.4031476139425
04-16 11:00:00,728.5705760316035
04-16 12:00:00,658.540082779281
04-16 13:00:00,610.8342187454408
04-16 14:00:00,589.6102102775824
04-16 15:00:00,607.714850965938
04-16 16:00:00,627.7963799197578
04-16 17:00:00,656.1353771358202
04-16 18:00:00,697.9168600448812
04-16 19:00:00,767.2084457549855
04-16 20:00:00,810.1554040826798
04-16 21:00:00,867.7131190993517
04-16 22:00:00,950.78457664589
04-16 23:00:00,1009.3516003734551
04-17 00:00:00,1044.2190234556135
04-17 01:00:00,1076.6348084853198
04-17 02:00:00,1134.7833654579542
04-17 03:00:00,1178.8084309392996
04-17 04:00:00,1220.5310391072826
04-17 05:00:00,1242.1638421238774
04-17 06:00:00,1190.5315424073424
04-17 07:00:00,1126.4988589009156
04-17 08:00:00,994.0044669319052
04-17 09:00:00,882.577442282995
04-17 10:00:00,785.3386823181229
04-17 11:00:00,690.498466687879
04-17 12:00:00,621.3368111406243
04-17 13:00:00,591.5376136868596
04-17 14:00:00,604.9892205939422
04-17 15:00:00,628.2891394730893
04-17 16:00:00,651.3931439101231
04-17 17:00:00,672.7213940105514
04-17 18:00:00,708.2837787822149
04-17 19:00:00,734.2988780585421
04-17 20:00:00,746.702475664452
04-17 21:00:00,771.8461281146458
04-17 22:00:00,766.6808590941392
04-17 23:00:00,775.5569686349709
04-18 00:00:00,797.4013180694437
04-18 01:00:00,819.4317605317237
04-18 02:00:00,851.6546480668068
04-18 03:00:00,868.7416209057368
04-18 04:00:00,875.5256802178947
04-18 05:00:00,888.1948627624475
04-18 06:00:00,879.1875778197356
04-18 07:00:00,852.1247804540684
04-18 08:00:00,812.030022198156
04-18 09:00:00,768.1520868760635
04-18 10:00:00,715.886819869559
04-18 11:00:00,635.2588083342796
04-18 12:00:00,595.5859637457422
04-18 13:00:00,587.6560892869416
04-18 14:00:00,597.455134172197
04-18 15:00:00,603.7613770967782
04-18 16:00:00,635.9025880326664
04-18 17:00:00,658.6866193418483
04-18 18:00:00,682.2730591154999
04-18 19:00:00,709.6661641627246
04-18 20:00:00,730.7732304959462
04-18 21:00:00,767.7710349638054
04-18 22:00:00,845.1926223603868
04-18 23:00:00,908.6263277372752
04-19 00:00:00,930.2230658179108
04-19 01:00:00,938.4488547380863
04-19 02:00:00,951.9475396834115
04-19 03:00:00,915.1098370267895
04-19 04:00:00,933.1010416083351
04-19 05:00:00,935.5583635261374
04-19 06:00:00,915.420180026658
04-19 07:00:00,883.9937905535177
04-19 08:00:00,772.9021955685574
04-19 09:00:00,666.2318709127892
04-19 10:00:00,563.3387880881637
04-19 11:00:00,485.83232412246247
04-19 12:00:00,458.84453720376575
04-19 13:00:00,438.8987029467797
04-19 14:00:00,436.14191920154826
04-19 15:00:00,422.13484121269795
04-19 16:00:00,424.3906596876856
04-19 17:00:00,448.42258220524036
04-19 18:00:00,494.626412284863
04-19 19:00:00,585.0028232100735
04-19 20:00:00,617.8303654487258
04-19 21:00:00,640.8353119093559
04-19 22:00:00,725.4240457106067
04-19 23:00:00,787.081041809587
04-20 00:00:00,817.6493219082482
04-20 01:00:00,861.7027535828714
04-20 02:00:00,882.4852040644339
04-20 03:00:00,929.0885926241211
04-20 04:00:00,927.9519006699702
04-20 05:00:00,982.2922803591852
04-20 06:00:00,924.1420949242838
04-20 07:00:00,778.8035968172713
04-20 08:00:00,652.95497530696
04-20 09:00:00,547.4639894852023
04-20 10:00:00,451.4717340674521
04-20 11:00:00,368.70871216153256
04-20 12:00:00,315.7521132131648
04-20 13:00:00,276.7676612729479
04-20 14:00:00,256.3808384306507
04-20 15:00:00,279.7297390178225
04-20 16:00:00,285.46118816700346
04-20 17:00:00,296.44160133834913
04-20 18:00:00,355.32165120985684
04-20 19:00:00,461.95239853283874
04-20 20:00:00,528.6972025515995
04-20 21:00:00,610.1877167584629
04-20 22:00:00,649.907002012241
04-20 23:00:00,704.0926499973841
04-21 00:00:00,732.3676869397111
04-21 01:00:00,767.6013144319568
04-21 02:00:00,780.9994286698633
04-21 03:00:00,796.6784437162468
04-21 04:00:00,837.2100504960973
04-21 05:00:00,845.2889159521515
04-21 06:00:00,785.5828307380357
04-21 07:00:00,660.7789233965565
04-21 08:00:00,558.8190664699734
04-21 09:00:00,461.0993040826095
04-21 10:00:00,345.4716788735399
04-21 11:00:00,271.1767511921894
04-21 12:00:00,220.6209000346748
04-21 13:00:00,180.3108572043696
04-21 14:00:00,150.22883657937385
04-21 15:00:00,143.8207413862285
04-21 16:00:00,196.14139121474676
04-21 17:00:00,256.91198277713926
04-21 18:00:00,291.4368718930323
04-21 19:00:00,380.3724917348252
04-21 20:00:00,417.01241447388094
04-21 21:00:00,449.11501002211764
04-21 22:00:00,509.2353240359497
04-21 23:00:00,564.5552060539167
04-22 00:00:00,611.9267134863295
04-22 01:00:00,643.4351869995006
04-22 02:00:00,700.7404437627191
04-22 03:00:00,689.2373101288638
04-22 04:00:00,697.0520668930002
04-22 05:00:00,728.4375282416777
04-22 06:00:00,698.6148015761
04-22 07:00:00,620.6830943693973
04-22 08:00:00,515.524383191779
04-22 09:00:00,379.18836695181807
04-22 10:00:00,323.5725757226618
04-22 11:00:00,281.40569996298177
04-22 12:00:00,220.73200194830048
04-22 13:00:00,293.35557857904683
04-22 14:00:00,267.3206216436032
04-22 15:00:00,279.87386891502456
04-22 16:00:00,374.8127098213352
04-22 17:00:00,390.56745986715674
04-22 18:00:00,417.21785447308775
04-22 19:00:00,450.7409720770876
04-22 20:00:00,493.15249059849657
04-22 21:00:00,535.6487651758988
04-22 22:00:00,551.830635203318
04-22 23:00:00,590.1873199023892
04-23 00:00:00,638.5363659827257
04-23 01:00:00,708.8748299498637
04-23 02:00:00,754.7285754633941
04-23 03:00:00,809.7520530667701
04-23 04:00:00,848.6035591797404
04-23 05:00:00,871.0093214497354
04-23 06:00:00,813.1148737187186
04-23 07:00:00,699.9151763101328
04-23 08:00:00,594.8808095844779
04-23 09:00:00,490.86257655585865
04-23 10:00:00,394.34134214186673
04-23 11:00:00,303.47656178212713
04-23 12:00:00,234.54213002449677
04-23 13:00:00,178.9206652745509
04-23 14:00:00,140.3672909559386
04-23 15:00:00,130.29869060243016
04-23 16:00:00,146.61373025877168
04-23 17:00:00,185.94214128170879
04-23 18:00:00,256.5646931922187
04-23 19:00:00,355.96687208119397
04-23 20:00:00,426.2674093306214
04-23 21:00:00,489.6353456149804
04-23 22:00:00,575.2935311903235
04-23 23:00:00,624.7872711474681
04-24 00:00:00,655.7205180669444
04-24 01:00:00,684.4489374407912
04-24 02:00:00,710.8276529136244
04-24 03:00:00,732.9070390863675
04-24 04:00:00,769.5727737051791
04-24 05:00:00,777.8949590679329
04-24 06:00:00,703.5573442278286
04-24 07:00:00,583.3208640721568
04-24 08:00:00,484.87022605754953
04-24 09:00:00,373.2657300485324
04-24 10:00:00,282.27016680736807
04-24 11:00:00,201.01202676634145
04-24 12:00:00,140.38940142838436
04-24 13:00:00,74.40433311154456
04-24 14:00:00,42.59747470211327
04-24 15:00:00,29.40019546486948
04-24 16:00:00,29.133903053635404
04-24 17:00:00,43.003787039977105
04-24 18:00:00,129.5469002019359
04-24 19:00:00,229.14573454560198
04-24 20:00:00,312.3239885861949
04-24 21:00:00,376.73388107369504
04-24 22:00:00,409.93898963850796
04-24 23:00:00,445.2329842838635
04-25 00:00:00,489.0756065323844
04-25 01:00:00,522.8370473076448
04-25 02:00:00,551.1578779291216
04-25 03:00:00,611.4206465713125
04-25 04:00:00,638.3115765993027
04-25 05:00:00,629.0020125519532
04-25 06:00:00,586.3611640614228
04-25 07:00:00,554.3054623147349
04-25 08:00:00,466.61243133715686
04-25 09:00:00,389.0662955581938
04-25 10:00:00,293.07761994918013
04-25 11:00:00,205.29971664712366
04-25 12:00:00,145.88094379185722
04-25 13:00:00,99.61122027903
04-25 14:00:00,78.68041973695114
04-25 15:00:00,76.04846609325662
04-25 16:00:00,84.31810886026003
04-25 17:00:00,129.10099684543368
04-25 18:00:00,217.5384721623659
04-25 19:00:00,299.16468990043796
04-25 20:00:00,357.69797603987234
04-25 21:00:00,396.8326758425752
04-25 22:00:00,449.39746099195764
04-25 23:00:00,504.02042778834993
04-26 00:00:00,539.9104925954425
04-26 01:00:00,581.8761403041397
04-26 02:00:00,643.2197823855962
04-26 03:00:00,694.4568006432686
04-26 04:00:00,734.1481683147734
04-26 05:00:00,747.7674050811189
04-26 06:00:00,699.6097685094803
04-26 07:00:00,630.385353081979
04-26 08:00:00,570.4863120981964
04-26 09:00:00,500.58371992956177
04-26 10:00:00,446.5032818977252
04-26 11:00:00,373.3074100066824
04-26 12:00:00,291.2661651929267
04-26 13:00:00,249.83286328780875
04-26 14:00:00,202.91815116213584
04-26 15:00:00,167.5812143196715
04-26 16:00:00,157.68557612414287
04-26 17:00:00,194.51779380679167
04-26 18:00:00,267.1716178326321
04-26 19:00:00,348.74952784606654
04-26 20:00:00,423.379809286105
04-26 21:00:00,460.1521669705142
04-26 22:00:00,521.4876857012639
04-26 23:00:00,579.8712477783965
04-27 00:00:00,619.592201175049
04-27 01:00:00,696.6621994564211
04-27 02:00:00,739.258683337801
04-27 03:00:00,768.1582316491106
04-27 04:00:00,816.1742348621881
04-27 05:00:00,813.8089912693246
04-27 06:00:00,744.3565575457657
04-27 07:00:00,644.1470820664094
04-27 08:00:00,561.454544984732
04-27 09:00:00,483.06868572486513
04-27 10:00:00,393.90452741159095
04-27 11:00:00,317.1539734916608
04-27 12:00:00,262.53547748870756
04-27 13:00:00,177.73974406933397
04-27 14:00:00,142.55951379261955
04-27 15:00:00,121.50049285369703
04-27 16:00:00,117.00647654599359
04-27 17:00:00,146.83295457817061
04-27 18:00:00,204.05365445355835
04-27 19:00:00,255.8268583615562
04-27 20:00:00,304.7334658443816
04-27 21:00:00,346.5756440068377
04-27 22:00:00,354.1131338640705
04-27 23:00:00,433.7232065321993
04-28 00:00:00,474.6729187487161
04-28 01:00:00,463.1338523710908
04-28 02:00:00,463.1060021150934
04-28 03:00:00,471.78340067879975
04-28 04:00:00,476.62916137477873
04-28 05:00:00,499.6992191054694
04-28 06:00:00,482.1222463674786
04-28 07:00:00,440.80725253680953
04-28 08:00:00,420.7738027314973
04-28 09:00:00,340.75793958526975
04-28 10:00:00,253.38725253201642
04-28 11:00:00,178.98790548538943
04-28 12:00:00,138.26279955394878
04-28 13:00:00,87.45697836831225
04-28 14:00:00,60.91177573878395
04-28 15:00:00,49.53201774793569
04-28 16:00:00,82.43198189609274
04-28 17:00:00,112.42353285028895
04-28 18:00:00,164.75274578401928
04-28 19:00:00,225.71910131359326
04-28 20:00:00,298.8459982469956
04-28 21:00:00,355.1580982945195
04-28 22:00:00,416.0593641398861
04-28 23:00:00,432.62181176426077
04-29 00:00:00,460.09685873461405
04-29 01:00:00,444.52238151547846
04-29 02:00:00,437.2334537573291
04-29 03:00:00,441.31891030274886
04-29 04:00:00,505.97701017796084
04-29 05:00:00,568.3035310034478
04-29 06:00:00,591.0861051677563
04-29 07:00:00,576.875655100103
04-29 08:00:00,523.8815724873433
04-29 09:00:00,485.24248647191416
04-29 10:00:00,453.9228839690421
04-29 11:00:00,454.0999326801382
04-29 12:00:00,440.9170009679746
04-29 13:00:00,390.15455793136766
04-29 14:00:00,389.7284061415447
04-29 15:00:00,380.2786964002649
04-29 16:00:00,389.97309334031263
04-29 17:00:00,457.5040411130103
04-29 18:00:00,487.5294106304162
04-29 19:00:00,509.5313844483596
04-29 20:00:00,531.7540078928337
04-29 21:00:00,535.3863183857356
04-29 22:00:00,561.8134677106325
04-29 23:00:00,568.9009248558442
04-30 00:00:00,566.5856090189492
04-30 01:00:00,579.7624488035817
04-30 02:00:00,620.9229184945372
04-30 03:00:00,630.0584380119388
04-30 04:00:00,623.1036093147175
04-30 05:00:00,643.303013707814
04-30 06:00:00,590.2605429880728
04-30 07:00:00,496.7324501189539
04-30 08:00:00,426.0273899652499
04-30 09:00:00,348.2171011184765
04-30 10:00:00,274.43377930800705
04-30 11:00:00,220.1960745704628
04-30 12:00:00,190.90647338816578
04-30 13:00:00,284.7013097995213
04-30 14:00:00,404.14975781085644
04-30 15:00:00,470.4641025950292
04-30 16:00:00,514.7717991219572
04-30 17:00:00,540.0210100633775
04-30 18:00:00,602.0176004753074
04-30 19:00:00,640.1977682472717
04-30 20:00:00,677.087760532106
04-30 21:00:00,690.7972799402322
04-30 22:00:00,692.3908825547265
04-30 23:00:00,694.4993758711198
05-01 00:00:00,698.4542064923788
05-01 01:00:00,697.6640524220641
05-01 02:00:00,699.3201069511367
05-01 03:00:00,699.3649780749313
05-01 04:00:00,696.4170775611748
05-01 05:00:00,683.8479129182376
05-01 06:00:00,676.5378048363349
05-01 07:00:00,674.2426399019384
05-01 08:00:00,652.0225342874028
05-01 09:00:00,617.2698525517088
05-01 10:00:00,605.531747614289
05-01 11:00:00,604.5235776055393
05-01 12:00:00,606.5563396182116
05-01 13:00:00,607.0285579505385
05-01 14:00:00,614.0715384035398
05-01 15:00:00,626.9255158775317
05-01 16:00:00,623.2185416661746
05-01 17:00:00,623.8956981125705
05-01 18:00:00,653.6548447781639
05-01 19:00:00,684.0754235999066
05-01 20:00:00,709.7371445610106
05-01 21:00:00,747.8317361453986
05-01 22:00:00,795.8921058688071
05-01 23:00:00,824.8647423726483
05-02 00:00:00,840.8736713115723
05-02 01:00:00,852.379938890676
05-02 02:00:00,861.0710375945338
05-02 03:00:00,865.1938285646303
05-02 04:00:00,885.5198093381633
05-02 05:00:00,892.7557366559524
05-02 06:00:00,884.6786411407172
05-02 07:00:00,871.4101609743711
05-02 08:00:00,838.3155192238222
05-02 09:00:00,806.2687980830094
05-02 10:00:00,776.8410248145293
05-02 11:00:00,727.0757889138283
05-02 12:00:00,673.3780431713514
05-02 13:00:00,573.1460734294028
05-02 14:00:00,636.350201910185
05-02 15:00:00,756.7366946979124
05-02 16:00:00,726.4378822764107
05-02 17:00:00,742.3582656872591
05-02 18:00:00,755.3127233309651
05-02 19:00:00,773.8941380457445
05-02 20:00:00,810.1001857723393
05-02 21:00:00,820.6042719177589
05-02 22:00:00,824.3080099847276
05-02 23:00:00,850.0294361511072
05-03 00:00:00,853.507684906968
05-03 01:00:00,844.4663743737718
05-03 02:00:00,865.1357375052066
05-03 03:00:00,885.0372500872289
05-03 04:00:00,893.3988781028474
05-03 05:00:00,916.8868332602714
05-03 06:00:00,864.4557925121068
05-03 07:00:00,731.1313466337051
05-03 08:00:00,630.2635375947566
05-03 09:00:00,547.5045171699384
05-03 10:00:00,504.13027547190217
05-03 11:00:00,450.9370410684592
05-03 12:00:00,411.8238998882955
05-03 13:00:00,367.66812150038925
05-03 14:00:00,351.1497538277337
05-03 15:00:00,330.4946760382306
05-03 16:00:00,325.12325568841237
05-03 17:00:00,331.86244094406777
05-03 18:00:00,408.9169905198248
05-03 19:00:00,505.8478445804411
05-03 20:00:00,553.7428533768939
05-03 21:00:00,639.7837188536198
05-03 22:00:00,679.9232316770275
05-03 23:00:00,688.5373278737143
05-04 00:00:00,717.109371764279
05-04 01:00:00,764.7783482809015
05-04 02:00:00,791.4684791972428
05-04 03:00:00,808.4713315347107
05-04 04:00:00,826.728448874667
05-04 05:00:00,838.7431713739408
05-04 06:00:00,683.6564773920411
05-04 07:00:00,582.3423212139255
05-04 08:00:00,485.4676332302539
05-04 09:00:00,367.27349713955505
05-04 10:00:00,292.0879013958696
05-04 11:00:00,239.04599027824258
05-04 12:00:00,150.97672739987632
05-04 13:00:00,118.59172859707694
05-04 14:00:00,115.75554215931413
05-04 15:00:00,133.81406145567118
05-04 16:00:00,163.37884991168775
05-04 17:00:00,195.42995082447075
05-04 18:00:00,223.5578303684254
05-04 19:00:00,221.75948391382911
05-04 20:00:00,355.5577298102796
05-04 21:00:00,408.9590847522135
05-04 22:00:00,444.704759988316
05-04 23:00:00,467.51250148261084
05-05 00:00:00,463.74845517437035
05-05 01:00:00,455.660565048857
05-05 02:00:00,455.9443681591385
05-05 03:00:00,481.501796040729
05-05 04:00:00,534.6196939099299
05-05 05:00:00,564.7092837931029
05-05 06:00:00,657.7124966738927
05-05 07:00:00,722.8777432108527
05-05 08:00:00,744.0856270427491
05-05 09:00:00,739.4409003486537
05-05 10:00:00,691.0366597646765
05-05 11:00:00,654.229033490399
05-05 12:00:00,581.0737534043088
05-05 13:00:00,488.25615238955857
05-05 14:00:00,475.14498362929095
05-05 15:00:00,585.2685464728544
05-05 16:00:00,570.3476473551849
05-05 17:00:00,556.1094463182776
05-05 18:00:00,581.5924726485998
05-05 19:00:00,607.710881647444
05-05 20:00:00,655.1014114256103
05-05 21:00:00,665.295375493852
05-05 22:00:00,677.0650643952893
05-05 23:00:00,721.9783107855196
05-06 00:00:00,758.3756228524308
05-06 01:00:00,829.6509774901874
05-06 02:00:00,807.0184584024249
05-06 03:00:00,780.3845679259744
05-06 04:00:00,760.6568748422482
05-06 05:00:00,767.1972826014495
05-06 06:00:00,713.0805458830927
05-06 07:00:00,626.2584946082692
05-06 08:00:00,553.0714553861304
05-06 09:00:00,480.5296514974744
05-06 10:00:00,476.33890589117544
05-06 11:00:00,490.87352251692704
05-06 12:00:00,509.0753685348588
05-06 13:00:00,568.5075684551728
05-06 14:00:00,616.5539027921567
05-06 15:00:00,634.1556263767461
05-06 16:00:00,642.7711127301146
05-06 17:00:00,647.9511324349608
05-06 18:00:00,653.143762778427
05-06 19:00:00,623.9176810888576
05-06 20:00:00,489.02600098015785
05-06 21:00:00,455.91594625488347
05-06 22:00:00,546.155411697825
05-06 23:00:00,493.51394757954193
05-07 00:00:00,465.82265901861496
05-07 01:00:00,485.6023146181965
05-07 02:00:00,517.9978917729285
05-07 03:00:00,526.7185520715495
05-07 04:00:00,516.9536335418495
05-07 05:00:00,545.25323205227
05-07 06:00:00,565.3095979291824
05-07 07:00:00,524.1156841411565
05-07 08:00:00,442.7589180566844
05-07 09:00:00,664.4694154628295
05-07 10:00:00,684.3117104239435
05-07 11:00:00,673.507201989254
05-07 12:00:00,665.5075828519007
05-07 13:00:00,685.6843600737776
05-07 14:00:00,663.0404843222586
05-07 15:00:00,509.64722238022443
05-07 16:00:00,497.49885754615764
05-07 17:00:00,504.34007271820667
05-07 18:00:00,566.283933665627
05-07 19:00:00,637.3869612566036
05-07 20:00:00,676.5695441745412
05-07 21:00:00,720.8199211873177
05-07 22:00:00,765.3196468721587
05-07 23:00:00,808.4115661803079
05-08 00:00:00,858.9131926711976
05-08 01:00:00,880.5983315774896
05-08 02:00:00,868.0465117643363
05-08 03:00:00,895.5299981301404
05-08 04:00:00,893.9650140715896
05-08 05:00:00,863.0175909200658
05-08 06:00:00,751.24372861446
05-08 07:00:00,614.4382360194941
05-08 08:00:00,539.9017585432882
05-08 09:00:00,435.10395898672715
05-08 10:00:00,327.03078181370455
05-08 11:00:00,250.54651878084087
05-08 12:00:00,179.1564442022439
05-08 13:00:00,129.72785150907785
05-08 14:00:00,88.81030788225694
05-08 15:00:00,63.12554647647379
05-08 16:00:00,66.60213845423107
05-08 17:00:00,65.84997900082347
05-08 18:00:00,156.55521742904537
05-08 19:00:00,209.30123128535212
05-08 20:00:00,262.1384516660559
05-08 21:00:00,341.7841050379833
05-08 22:00:00,395.1619126639147
05-08 23:00:00,418.1902396358597
05-09 00:00:00,432.9356259564689
05-09 01:00:00,434.68831865836734
05-09 02:00:00,419.97206544309165
05-09 03:00:00,431.7224814071116
05-09 04:00:00,463.2322846703123
05-09 05:00:00,439.5967933727474
05-09 06:00:00,347.5702431902789
05-09 07:00:00,221.66939678334816
05-09 08:00:00,130.70517824207948
05-09 09:00:00,55.735613807014765
05-09 10:00:00,2.2099845381671464
05-09 11:00:00,2.0855262801436294
05-09 12:00:00,1.9321744081810373
05-09 13:00:00,1.8715168022329443
05-09 14:00:00,1.9626489929519977
05-09 15:00:00,2.1164918622545708
05-09 16:00:00,2.272812683372185
05-09 17:00:00,2.431650118454369
05-09 18:00:00,2.6583251611820002
05-09 19:00:00,2.991053645710889
05-09 20:00:00,12.430378675870127
05-09 21:00:00,100.27251643768349
05-09 22:00:00,128.74884091474422
05-09 23:00:00,98.39577430407147
05-10 00:00:00,61.42570168416265
05-10 01:00:00,8.04734381647057
05-10 02:00:00,20.804649362387657
05-10 03:00:00,20.770026120809483
05-10 04:00:00,24.140683831373405
05-10 05:00:00,28.242534331864213
05-10 06:00:00,27.72588762123062
05-10 07:00:00,9.245418543378673
05-10 08:00:00,3.0588814881689155
05-10 09:00:00,2.957301469848277
05-10 10:00:00,2.991053645710889
05-10 11:00:00,3.0588814881689155
05-10 12:00:00,41.507262109801886
05-10 13:00:00,72.71421195592616
05-10 14:00:00,94.12653975906173
05-10 15:00:00,120.28091041449079
05-10 16:00:00,128.9400923837217
05-10 17:00:00,144.98714644598735
05-10 18:00:00,171.56137174009444
05-10 19:00:00,216.3101269240247
05-10 20:00:00,253.6502115973495
05-10 21:00:00,275.00119537255705
05-10 22:00:00,296.52535613669204
05-10 23:00:00,325.4688347655166
05-11 00:00:00,371.0228934603199
05-11 01:00:00,404.40678759723704
05-11 02:00:00,440.4073898473532
05-11 03:00:00,416.024685181033
05-11 04:00:00,422.03044159421444
05-11 05:00:00,417.1838524280016
05-11 06:00:00,422.0071978090505
05-11 07:00:00,388.6853064290569
05-11 08:00:00,335.4334057437144
05-11 09:00:00,287.07233264007783
05-11 10:00:00,260.95574547083777
05-11 11:00:00,213.1420524108182
05-11 12:00:00,298.3600832949843
05-11 13:00:00,397.9104742131665
05-11 14:00:00,418.6265211830224
05-11 15:00:00,424.1111882235227
05-11 16:00:00,458.18524484996783
05-11 17:00:00,470.9369270038228
05-11 18:00:00,490.72041529122
05-11 19:00:00,511.955714652599
05-11 20:00:00,529.0812001446538
05-11 21:00:00,540.6750634494597
05-11 22:00:00,561.5520627328426
05-11 23:00:00,594.5688959343518
05-12 00:00:00,597.0792127395614
05-12 01:00:00,609.3449325361468
05-12 02:00:00,609.7440013637026
05-12 03:00:00,597.6167956637028
05-12 04:00:00,602.7951512898212
05-12 05:00:00,610.71328254197
05-12 06:00:00,643.0760745188227
05-12 07:00:00,646.3944500405274
05-12 08:00:00,624.3148989501444
05-12 09:00:00,599.7373738954751
05-12 10:00:00,541.0461731307871
05-12 11:00:00,481.61372479957487
05-12 12:00:00,394.47077622787157
05-12 13:00:00,336.0056219407022
05-12 14:00:00,308.48098039075984
05-12 15:00:00,281.57464524962
05-12 16:00:00,329.52617178753684
05-12 17:00:00,366.7770844838248
05-12 18:00:00,396.8601827886555
05-12 19:00:00,446.0980973115639
05-12 20:00:00,484.41262353645334
05-12 21:00:00,504.7972719716811
05-12 22:00:00,565.5917992517655
05-12 23:00:00,621.2314904879598
05-13 00:00:00,656.7634594734861
05-13 01:00:00,685.2976079066977
05-13 02:00:00,711.3635470068278
05-13 03:00:00,745.5495334734148
05-13 04:00:00,760.5926049674024
05-13 05:00:00,732.6010929452702
05-13 06:00:00,652.5571711452429
05-13 07:00:00,552.46293435737
05-13 08:00:00,489.5380765754498
05-13 09:00:00,455.714861465009
05-13 10:00:00,401.65424401914817
05-13 11:00:00,373.1926810939706
05-13 12:00:00,538.1781686261274
05-13 13:00:00,576.7162097038258
05-13 14:00:00,529.6655015089726
05-13 15:00:00,482.35538512878304
05-13 16:00:00,444.37106533406114
05-13 17:00:00,424.6573949069009
05-13 18:00:00,440.5418237089909
05-13 19:00:00,514.2638766588242
05-13 20:00:00,568.4013769340152
05-13 21:00:00,586.2158440439254
05-13 22:00:00,621.6020214082297
05-13 23:00:00,621.1377444985743
05-14 00:00:00,692.2000490865476
05-14 01:00:00,731.5743531073583
05-14 02:00:00,745.3132261836492
05-14 03:00:00,769.0378180096575
05-14 04:00:00,809.7427327758465
05-14 05:00:00,766.4955015413593
05-14 06:00:00,719.334185883017
05-14 07:00:00,599.5566419892494
05-14 08:00:00,448.46943528513447
05-14 09:00:00,357.3327105015952
05-14 10:00:00,293.38514612950416
05-14 11:00:00,236.18879737329382
05-14 12:00:00,198.7741439488846
05-14 13:00:00,170.53815861823142
05-14 14:00:00,171.22384971971178
05-14 15:00:00,132.15245131213337
05-14 16:00:00,224.72276818322192
05-14 17:00:00,328.3746639033877
05-14 18:00:00,387.14062647142276
05-14 19:00:00,438.2135698393304
05-14 20:00:00,503.8058575392722
05-14 21:00:00,554.4879845574137
05-14 22:00:00,580.2583919656502
05-14 23:00:00,603.4589829935833
05-15 00:00:00,636.9168595804225
05-15 01:00:00,661.0571181140804
05-15 02:00:00,658.0866283139659
05-15 03:00:00,681.5073387230756
05-15 04:00:00,718.1200424027957
05-15 05:00:00,729.513753144757
05-15 06:00:00,618.8532774634584
05-15 07:00:00,534.712395793949
05-15 08:00:00,449.8533128014245
05-15 09:00:00,367.317596774697
05-15 10:00:00,305.6453713213772
05-15 11:00:00,283.37357035897895
05-15 12:00:00,274.9600376754648
05-15 13:00:00,308.2774169006031
05-15 14:00:00,330.7902339827286
05-15 15:00:00,408.3264569937611
05-15 16:00:00,475.21419012772583
05-15 17:00:00,531.3353613305878
05-15 18:00:00,559.2754803157443
05-15 19:00:00,574.8829813010763
05-15 20:00:00,588.1702778937366
05-15 21:00:00,604.0528449839979
05-15 22:00:00,629.0487657306799
05-15 23:00:00,635.5579284379484
05-16 00:00:00,655.0918766416837
05-16 01:00:00,676.3581026440056
05-16 02:00:00,690.2520067848187
05-16 03:00:00,729.2346287352858
05-16 04:00:00,765.5657214518889
05-16 05:00:00,706.2057842296065
05-16 06:00:00,647.0210423350616
05-16 07:00:00,593.0793029140201
05-16 08:00:00,519.2892313152429
05-16 09:00:00,436.0592488759964
05-16 10:00:00,368.42792465243286
05-16 11:00:00,342.46242686203334
05-16 12:00:00,405.2607051902015
05-16 13:00:00,367.1860856859719
05-16 14:00:00,426.77295153189016
05-16 15:00:00,497.49671860382915
05-16 16:00:00,498.3242986780696
05-16 17:00:00,476.7150739064806
05-16 18:00:00,494.17530358487716
05-16 19:00:00,521.1279684112502
05-16 20:00:00,461.4070312593376
05-16 21:00:00,476.00530605206245
05-16 22:00:00,540.4449194232135
05-16 23:00:00,535.1258052677086
05-17 00:00:00,556.2363768551031
05-17 01:00:00,587.6903079184744
05-17 02:00:00,619.7148998968214
05-17 03:00:00,598.3639244316693
05-17 04:00:00,621.8342677324188
05-17 05:00:00,622.2560061109514
05-17 06:00:00,633.290026735614
05-17 07:00:00,591.2267247657282
05-17 08:00:00,551.9919681514331
05-17 09:00:00,502.6734007491922
05-17 10:00:00,442.6533497310123
05-17 11:00:00,358.41352016025235
05-17 12:00:00,311.6793299313166
05-17 13:00:00,273.278954929093
05-17 14:00:00,263.3587958672788
05-17 15:00:00,344.4153027135521
05-17 16:00:00,289.4431172438559
05-17 17:00:00,329.67226316264765
05-17 18:00:00,359.4121208789133
05-17 19:00:00,392.71772693402283
05-17 20:00:00,414.3734993172002
05-17 21:00:00,418.2355957385529
05-17 22:00:00,502.2538565816531
05-17 23:00:00,554.9894775805748
05-18 00:00:00,588.2733311526302
05-18 01:00:00,589.0714726768222
05-18 02:00:00,620.1034764266316
05-18 03:00:00,627.4195305582698
05-18 04:00:00,628.8192524181353
05-18 05:00:00,625.5409622580751
05-18 06:00:00,602.9868272348534
05-18 07:00:00,582.6971317040887
05-18 08:00:00,537.5220865126443
05-18 09:00:00,494.18417421758824
05-18 10:00:00,540.048176208241
05-18 11:00:00,480.50054750174974
05-18 12:00:00,417.06965647481786
05-18 13:00:00,400.3321038708739
05-18 14:00:00,356.3478511336699
05-18 15:00:00,328.9654552120895
05-18 16:00:00,306.5609880395951
05-18 17:00:00,288.1363452010048
05-18 18:00:00,360.92164070713056
05-18 19:00:00,490.65093849343964
05-18 20:00:00,501.32093269007004
05-18 21:00:00,548.2210115659234
05-18 22:00:00,609.5407525378012
05-18 23:00:00,691.1169676168731
05-19 00:00:00,702.0495488499332
05-19 01:00:00,711.949683233107
05-19 02:00:00,724.020565435654
05-19 03:00:00,724.829248939111
05-19 04:00:00,730.1901105975608
05-19 05:00:00,719.7003547095445
05-19 06:00:00,702.2513652297451
05-19 07:00:00,683.354189528502
05-19 08:00:00,638.5195805016117
05-19 09:00:00,605.8929730752819
05-19 10:00:00,525.6966717328675
05-19 11:00:00,512.7661310554339
05-19 12:00:00,651.949897463757
05-19 13:00:00,509.4295227439924
05-19 14:00:00,407.43560305453764
05-19 15:00:00,503.72688159527513
05-19 16:00:00,535.9557469452477
05-19 17:00:00,528.1621804491011
05-19 18:00:00,558.1824125122698
05-19 19:00:00,618.6551528698425
05-19 20:00:00,676.7356987462207
05-19 21:00:00,704.849331031522
05-19 22:00:00,712.573965860581
05-19 23:00:00,699.7053182099289
05-20 00:00:00,698.1910157039486
05-20 01:00:00,703.3862013689147
05-20 02:00:00,725.049305197571
05-20 03:00:00,725.2972211465993
05-20 04:00:00,716.4446638116591
05-20 05:00:00,703.7644231879597
05-20 06:00:00,689.8827667859682
05-20 07:00:00,665.1683993185984
05-20 08:00:00,636.1448717422605
05-20 09:00:00,617.1544339976772
05-20 10:00:00,558.0990315649412
05-20 11:00:00,487.29731491671424
05-20 12:00:00,397.5987805374842
05-20 13:00:00,369.61859950342904
05-20 14:00:00,333.7960989400376
05-20 15:00:00,294.98021651686054
05-20 16:00:00,277.91848232763965
05-20 17:00:00,278.48818936986976
05-20 18:00:00,332.61347156758495
05-20 19:00:00,416.90037600273865
05-20 20:00:00,444.180961719309
05-20 21:00:00,481.6839643824443
05-20 22:00:00,537.2258909535764
05-20 23:00:00,555.6890750037111
05-21 00:00:00,574.6641428110543
05-21 01:00:00,594.6806285371019
05-21 02:00:00,578.1149896862756
05-21 03:00:00,575.6976716722672
05-21 04:00:00,567.978471466043
05-21 05:00:00,573.8791169372332
05-21 06:00:00,521.0508001265849
05-21 07:00:00,468.83003465008824
05-21 08:00:00,416.38246886321997
05-21 09:00:00,418.1627670413959
05-21 10:00:00,442.83596073115325
05-21 11:00:00,443.5418328070245
05-21 12:00:00,434.9706326743376
05-21 13:00:00,406.95528425677
05-21 14:00:00,408.17705604674
05-21 15:00:00,391.8217110590622
05-21 16:00:00,422.72278826182253
05-21 17:00:00,476.7495763584731
05-21 18:00:00,504.746281460727
05-21 19:00:00,521.6721723767997
05-21 20:00:00,544.0014030107093
05-21 21:00:00,597.2298240297202
05-21 22:00:00,640.305041974103
05-21 23:00:00,670.5601018918369
05-22 00:00:00,711.7886343296644
05-22 01:00:00,688.2470136362117
05-22 02:00:00,696.4375951684794
05-22 03:00:00,699.9070183893438
05-22 04:00:00,722.2000386402004
05-22 05:00:00,738.5934884979115
05-22 06:00:00,693.8984272785892
05-22 07:00:00,626.6290303681131
05-22 08:00:00,541.828041965593
05-22 09:00:00,437.6522238309659
05-22 10:00:00,362.1658240332043
05-22 11:00:00,309.152221076069
05-22 12:00:00,268.10837669079206
05-22 13:00:00,250.81955176755392
05-22 14:00:00,215.04538062825523
05-22 15:00:00,197.3473193368465
05-22 16:00:00,185.97385581951517
05-22 17:00:00,191.83465470356313
05-22 18:00:00,220.45172939565228
05-22 19:00:00,300.95092065949115
05-22 20:00:00,359.22365102356855
05-22 21:00:00,403.77985188826364
05-22 22:00:00,475.02871109240743
05-22 23:00:00,489.8208983557829
05-23 00:00:00,493.02020612403794
05-23 01:00:00,605.310593926435
05-23 02:00:00,668.9381749523841
05-23 03:00:00,700.2604367974042
05-23 04:00:00,720.3285742802087
05-23 05:00:00,686.5838435260101
05-23 06:00:00,684.1112127378898
05-23 07:00:00,635.0477098501582
05-23 08:00:00,549.300736883035
05-23 09:00:00,454.15752436118385
05-23 10:00:00,389.0382646109151
05-23 11:00:00,384.9599296703887
05-23 12:00:00,377.06978003846353
05-23 13:00:00,295.8551203614124
05-23 14:00:00,235.7251147658123
05-23 15:00:00,205.60724235420764
05-23 16:00:00,194.06054226263453
05-23 17:00:00,203.0203392497861
05-23 18:00:00,282.8427871259952
05-23 19:00:00,357.15318153831737
05-23 20:00:00,384.5945318778773
05-23 21:00:00,441.54963154419653
05-23 22:00:00,473.77637396069053
05-23 23:00:00,533.6854172143485
05-24 00:00:00,564.085728293717
05-24 01:00:00,576.9901411266393
05-24 02:00:00,572.6281462710552
05-24 03:00:00,593.9567469913993
05-24 04:00:00,607.5313437851569
05-24 05:00:00,610.2398406939965
05-24 06:00:00,565.1423778128742
05-24 07:00:00,487.7977985043509
05-24 08:00:00,481.9019087342042
05-24 09:00:00,417.3959906165716
05-24 10:00:00,369.4762773103397
05-24 11:00:00,304.6204267975756
05-24 12:00:00,269.99961646542215
05-24 13:00:00,304.7131317192847
05-24 14:00:00,311.51660361201107
05-24 15:00:00,308.41714574920786
05-24 16:00:00,311.11974712727397
05-24 17:00:00,330.6741942556011
05-24 18:00:00,364.42936746034826
05-24 19:00:00,390.31285203665294
05-24 20:00:00,407.63809640077255
05-24 21:00:00,418.0901193949724
05-24 22:00:00,424.1782115189192
05-24 23:00:00,488.97745486826426
05-25 00:00:00,505.0626875015247
05-25 01:00:00,568.4602529517364
05-25 02:00:00,585.7567993989234
05-25 03:00:00,575.8099888593633
05-25 04:00:00,572.9056054028013
05-25 05:00:00,593.5673147227419
05-25 06:00:00,567.7497805860206
05-25 07:00:00,557.8910925824844
05-25 08:00:00,536.4766927699524
05-25 09:00:00,499.1888689888541
05-25 10:00:00,413.2649554666274
05-25 11:00:00,370.57724727743704
05-25 12:00:00,305.2776351756684
05-25 13:00:00,295.32791387885607
05-25 14:00:00,273.33853454459364
05-25 15:00:00,249.7997953527329
05-25 16:00:00,248.961940477476
05-25 17:00:00,260.0829151466638
05-25 18:00:00,287.8529901243056
05-25 19:00:00,330.77587460077774
05-25 20:00:00,408.37465944788306
05-25 21:00:00,450.7902923301444
05-25 22:00:00,513.0155550767143
05-25 23:00:00,531.102226721235
05-26 00:00:00,561.6046986587305
05-26 01:00:00,602.8660043559055
05-26 02:00:00,646.8565612006636
05-26 03:00:00,631.2153313866376
05-26 04:00:00,629.4858920458928
05-26 05:00:00,619.7763824125161
05-26 06:00:00,570.0986784746794
05-26 07:00:00,493.69302196253665
05-26 08:00:00,451.44264643349385
05-26 09:00:00,352.90846348255417
05-26 10:00:00,283.8039199751971
05-26 11:00:00,282.8693857528381
05-26 12:00:00,260.53560874465853
05-26 13:00:00,241.0541767365739
05-26 14:00:00,227.2621057221995
05-26 15:00:00,204.3659374963412
05-26 16:00:00,235.938457686713
05-26 17:00:00,282.573931181637
05-26 18:00:00,336.1446474478703
05-26 19:00:00,387.17255129717773
05-26 20:00:00,417.51090860215373
05-26 21:00:00,431.4947068427791
05-26 22:00:00,456.09233531540497
05-26 23:00:00,470.3115923321095
05-27 00:00:00,462.11342545129986
05-27 01:00:00,480.80144229291926
05-27 02:00:00,477.73691145952284
05-27 03:00:00,526.1735689884499
05-27 04:00:00,591.8371335033696
05-27 05:00:00,610.4032551141431
05-27 06:00:00,615.2050555544047
05-27 07:00:00,593.4695264086539
05-27 08:00:00,596.1680982931941
05-27 09:00:00,610.1536616702797
05-27 10:00:00,595.810138768093
05-27 11:00:00,550.1920544620754
05-27 12:00:00,528.5077798745835
05-27 13:00:00,465.1829835578294
05-27 14:00:00,400.1053565572156
05-27 15:00:00,423.00642493981184
05-27 16:00:00,396.42349585064903
05-27 17:00:00,384.62229761427284
05-27 18:00:00,401.2177035513057
05-27 19:00:00,418.3255526844133
05-27 20:00:00,444.0187175226337
05-27 21:00:00,491.65386773885916
05-27 22:00:00,540.8443538607967
05-27 23:00:00,589.3334212171111
05-28 00:00:00,632.3423897737132
05-28 01:00:00,675.6899930656868
05-28 02:00:00,700.9808781421503
05-28 03:00:00,727.5979468080951
05-28 04:00:00,740.0841906097463
05-28 05:00:00,674.8508069030505
05-28 06:00:00,572.7431526769417
05-28 07:00:00,468.17218982418785
05-28 08:00:00,385.3929254287806
05-28 09:00:00,294.8057606226058
05-28 10:00:00,210.5070447434153
05-28 11:00:00,142.89363968247602
05-28 12:00:00,84.71077737112267
05-28 13:00:00,42.92487296868803
05-28 14:00:00,28.112870644734016
05-28 15:00:00,14.463309155976324
05-28 16:00:00,19.10404514375059
05-28 17:00:00,25.600184439805886
05-28 18:00:00,75.20618324136736
05-28 19:00:00,179.6743961580076
05-28 20:00:00,244.92382823479568
05-28 21:00:00,290.65381641733535
05-28 22:00:00,312.9568726780316
05-28 23:00:00,322.1955839244826
05-29 00:00:00,353.18420571018254
05-29 01:00:00,375.9251822674368
05-29 02:00:00,409.6367080867286
05-29 03:00:00,448.29765963131615
05-29 04:00:00,463.86441135995136
05-29 05:00:00,451.4107815387442
05-29 06:00:00,393.49701923956724
05-29 07:00:00,367.52816455340803
05-29 08:00:00,308.9222628408927
05-29 09:00:00,261.8225915614946
05-29 10:00:00,243.97729861677237
05-29 11:00:00,194.61407119237958
05-29 12:00:00,140.73534366764838
05-29 13:00:00,125.18341587186717
05-29 14:00:00,138.40825991032827
05-29 15:00:00,96.41769266918966
05-29 16:00:00,70.34393845053843
05-29 17:00:00,78.75840515072842
05-29 18:00:00,117.48113906644699
05-29 19:00:00,206.13941217076982
05-29 20:00:00,300.6300990115576
05-29 21:00:00,351.3478989046433
05-29 22:00:00,374.5944023029134
05-29 23:00:00,401.1564153389834
05-30 00:00:00,444.1739794888255
05-30 01:00:00,519.4725949706883
05-30 02:00:00,576.1631652835541
05-30 03:00:00,605.7944987345179
05-30 04:00:00,630.5893112545351
05-30 05:00:00,598.6764352763175
05-30 06:00:00,503.4558898962653
05-30 07:00:00,399.4224078633037
05-30 08:00:00,287.1837790605475
05-30 09:00:00,199.91372943245895
05-30 10:00:00,136.42564151843882
05-30 11:00:00,87.32244447701403
05-30 12:00:00,64.76544175463798
05-30 13:00:00,56.129984419570384
05-30 14:00:00,43.12964769859265
05-30 15:00:00,48.06173314166977
05-30 16:00:00,64.64259595782397
05-30 17:00:00,94.34841774170782
05-30 18:00:00,133.31681664929275
05-30 19:00:00,203.9847023202405
05-30 20:00:00,280.76438736876423
05-30 21:00:00,339.754538540627
05-30 22:00:00,386.05065023783624
05-30 23:00:00,434.2920053660297
05-31 00:00:00,493.0495331304039
05-31 01:00:00,526.6398837631037
05-31 02:00:00,588.0499048133925
05-31 03:00:00,629.7163616327864
05-31 04:00:00,643.3546134950765
05-31 05:00:00,594.0934014026332
05-31 06:00:00,499.01815702539125
05-31 07:00:00,417.17307807895776
05-31 08:00:00,331.75399592436384
05-31 09:00:00,261.59032533855094
05-31 10:00:00,176.07030164755167
05-31 11:00:00,103.2363905035273
05-31 12:00:00,45.515258034785106
05-31 13:00:00,4.361089495332473
05-31 14:00:00,4.361089495332473
05-31 15:00:00,4.2888049141438245
05-31 16:00:00,7.316078756514832
05-31 17:00:00,14.154032571616149
05-31 18:00:00,25.074526961932342
05-31 19:00:00,116.63087818008785
05-31 20:00:00,186.97332231828898
05-31 21:00:00,256.57932744783085
05-31 22:00:00,287.2077199888683
05-31 23:00:00,331.84370072011103
06-01 00:00:00,424.10731664933826
06-01 01:00:00,469.1679725761216
06-01 02:00:00,493.76062165337413
06-01 03:00:00,517.1564033433312
06-01 04:00:00,539.3457864522403
06-01 05:00:00,488.9473545961113
06-01 06:00:00,385.9987171877398
06-01 07:00:00,301.8829786720288
06-01 08:00:00,224.5743969381607
06-01 09:00:00,157.06704620541328
06-01 10:00:00,71.1940176342976
06-01 11:00:00,2.528176835855284
06-01 12:00:00,2.991053645710889
06-01 13:00:00,3.024913541611417
06-01 14:00:00,2.890118960050793
06-01 15:00:00,2.8233633844237107
06-01 16:00:00,2.6911225930694327
06-01 17:00:00,2.724024808002295
06-01 18:00:00,7.506751778106123
06-01 19:00:00,26.29604995347762
06-01 20:00:00,91.60510888786492
06-01 21:00:00,137.42954286683465
06-01 22:00:00,183.2017404024984
06-01 23:00:00,234.86635578036092
06-02 00:00:00,295.4775091437011
06-02 01:00:00,309.5260497818139
06-02 02:00:00,342.01968639676255
06-02 03:00:00,373.3635712741671
06-02 04:00:00,371.93308743160867
06-02 05:00:00,353.43323111334166
06-02 06:00:00,238.453590735672
06-02 07:00:00,170.62036600313252
06-02 08:00:00,63.299980346513586
06-02 09:00:00,2.054659507656307
06-02 10:00:00,2.0238912388733468
06-02 11:00:00,1.781254789072986
06-02 12:00:00,1.5447490647841247
06-02 13:00:00,1.6033090482734556
06-02 14:00:00,1.6918548748023403
06-02 15:00:00,1.993221168717365
06-02 16:00:00,2.3360434808803086
06-02 17:00:00,5.333825128160709
06-02 18:00:00,37.11759599440717
06-02 19:00:00,79.39501629919506
06-02 20:00:00,121.80784308637608
06-02 21:00:00,143.18675356479866
06-02 22:00:00,167.92706022713236
06-02 23:00:00,184.27194141751724
06-03 00:00:00,225.79058602019228
06-03 01:00:00,266.40115140211947
06-03 02:00:00,306.5025107140869
06-03 03:00:00,315.04317921818995
06-03 04:00:00,321.9240535891387
06-03 05:00:00,285.51539033842704
06-03 06:00:00,257.6762720049294
06-03 07:00:00,206.5151340269365
06-03 08:00:00,147.869938207459
06-03 09:00:00,79.30380338465835
06-03 10:00:00,1.9626489929519977
06-03 11:00:00,2.1475565607510942
06-03 12:00:00,2.2099845381671464
06-03 13:00:00,1.8715168022329443
06-03 14:00:00,2.2099845381671464
06-03 15:00:00,2.1164918622545708
06-03 16:00:00,2.0238912388733468
06-03 17:00:00,2.2099845381671464
06-03 18:00:00,2.1164918622545708
06-03 19:00:00,2.272812683372185
06-03 20:00:00,14.147492612664974
06-03 21:00:00,22.14525576244207
06-03 22:00:00,55.65577581013845
06-03 23:00:00,74.42907040316862
06-04 00:00:00,96.10898948683251
06-04 01:00:00,112.38197939861229
06-04 02:00:00,130.122599075561
06-04 03:00:00,195.81163005010444
06-04 04:00:00,194.32026990246746
06-04 05:00:00,180.44215458482108
06-04 06:00:00,110.90934249835844
06-04 07:00:00,65.99956400272106
06-04 08:00:00,10.083745187742933
06-04 09:00:00,6.999059953826589
06-04 10:00:00,4.014704340768596
06-04 11:00:00,2.272812683372185
06-04 12:00:00,1.4576090978872729
06-04 13:00:00,1.4287479499806892
06-04 14:00:00,1.8715168022329443
06-04 15:00:00,1.8715168022329443
06-04 16:00:00,1.9321744081810373
06-04 17:00:00,2.2413484348313886
06-04 18:00:00,2.2413484348313886
06-04 19:00:00,10.658334899888843
06-04 20:00:00,22.480849883888197
06-04 21:00:00,52.052070705880574
06-04 22:00:00,70.04632237082308
06-04 23:00:00,123.34457242579249
06-05 00:00:00,198.36062437541466
06-05 01:00:00,221.9426019052949
06-05 02:00:00,231.90322387796198
06-05 03:00:00,243.80394109901027
06-05 04:00:00,263.2004251124617
06-05 05:00:00,270.21365509204793
06-05 06:00:00,216.1980746297483
06-05 07:00:00,171.95131186042772
06-05 08:00:00,133.4471625839241
06-05 09:00:00,120.02511380479474
06-05 10:00:00,143.60817347276952
06-05 11:00:00,176.60889212531774
06-05 12:00:00,227.47547929754361
06-05 13:00:00,236.18709572483414
06-05 14:00:00,269.11346508365347
06-05 15:00:00,285.98841674398597
06-05 16:00:00,229.16909515780233
06-05 17:00:00,187.09307065996083
06-05 18:00:00,223.1121206419824
06-05 19:00:00,266.23505178818914
06-05 20:00:00,302.6859727061213
06-05 21:00:00,316.68647107793754
06-05 22:00:00,312.2870560720279
06-05 23:00:00,325.8787907178547
06-06 00:00:00,340.90166256729134
06-06 01:00:00,350.19769409000673
06-06 02:00:00,338.977046424066
06-06 03:00:00,332.3262166373801
06-06 04:00:00,330.20270561078775
06-06 05:00:00,333.1055171819067
06-06 06:00:00,316.2150416984749
06-06 07:00:00,295.68667748879847
06-06 08:00:00,235.1333164261122
06-06 09:00:00,201.34794468985913
06-06 10:00:00,166.62864127376503
06-06 11:00:00,159.5561550330492
06-06 12:00:00,157.7436820140337
06-06 13:00:00,148.77184694129693
06-06 14:00:00,147.75680762784276
06-06 15:00:00,175.20341481748608
06-06 16:00:00,154.36296355203035
06-06 17:00:00,194.7154907106528
06-06 18:00:00,207.61629634918967
06-06 19:00:00,227.36851506587362
06-06 20:00:00,236.45914099863532
06-06 21:00:00,227.16443983782662
06-06 22:00:00,227.36379091636223
06-06 23:00:00,235.66222307870322
06-07 00:00:00,240.07775538485726
06-07 01:00:00,241.0205978761583
06-07 02:00:00,245.69351577073218
06-07 03:00:00,250.40642617496428
06-07 04:00:00,259.54814612858644
06-07 05:00:00,267.723820596405
06-07 06:00:00,270.4295803878436
06-07 07:00:00,260.9363412071674
06-07 08:00:00,239.0469908694326
06-07 09:00:00,198.78197105097115
06-07 10:00:00,161.50759416190385
06-07 11:00:00,107.58132522287168
06-07 12:00:00,60.72078213163399
06-07 13:00:00,30.262158844405015
06-07 14:00:00,16.305603937282264
06-07 15:00:00,34.76596083203353
06-07 16:00:00,175.87870671060227
06-07 17:00:00,219.48049558887683
06-07 18:00:00,251.38543732806576
06-07 19:00:00,252.50026382782158
06-07 20:00:00,251.76304621383403
06-07 21:00:00,265.9820199493193
06-07 22:00:00,276.03822377031724
06-07 23:00:00,280.96470483909326
06-08 00:00:00,284.4491288023504
06-08 01:00:00,279.9067041015394
06-08 02:00:00,286.42463887750046
06-08 03:00:00,279.7914645839516
06-08 04:00:00,280.2401262758311
06-08 05:00:00,274.10748735239184
06-08 06:00:00,256.98565783183153
06-08 07:00:00,214.03898754123514
06-08 08:00:00,180.46408831040503
06-08 09:00:00,145.7006009429024
06-08 10:00:00,112.02662894616103
06-08 11:00:00,46.78730396337873
06-08 12:00:00,21.4954155506696
06-08 13:00:00,21.4954155506696
06-08 14:00:00,22.258421888390966
06-08 15:00:00,95.00435849622299
06-08 16:00:00,109.96477227282858
06-08 17:00:00,116.03760119898914
06-08 18:00:00,145.5698082952793
06-08 19:00:00,178.30110298642225
06-08 20:00:00,195.5353707074701
06-08 21:00:00,206.7882384882641
06-08 22:00:00,198.1354217694955
06-08 23:00:00,224.12890862311482
06-09 00:00:00,234.7933401829078
06-09 01:00:00,241.48891058935584
06-09 02:00:00,233.83659542388313
06-09 03:00:00,239.24469935382805
06-09 04:00:00,239.11757112760236
06-09 05:00:00,233.5816996479284
06-09 06:00:00,208.3763004727318
06-09 07:00:00,183.8092089698165
06-09 08:00:00,158.127473880419
06-09 09:00:00,99.38463357094847
06-09 10:00:00,40.89242769896293
06-09 11:00:00,15.057604874025456
06-09 12:00:00,4.9707267914394295
06-09 13:00:00,5.941221652906805
06-09 14:00:00,3.899352164903227
06-09 15:00:00,17.682592223044274
06-09 16:00:00,138.78484507706847
06-09 17:00:00,119.29603183463173
06-09 18:00:00,128.75213330508035
06-09 19:00:00,157.69971933609574
06-09 20:00:00,217.1308531683769
06-09 21:00:00,253.33892592001388
06-09 22:00:00,288.5722006511062
06-09 23:00:00,325.0489467660199
06-10 00:00:00,339.5490172096697
06-10 01:00:00,354.2557197910362
06-10 02:00:00,377.9643698211089
06-10 03:00:00,380.116029699644
06-10 04:00:00,394.8701458425044
06-10 05:00:00,360.3359721676194
06-10 06:00:00,285.9422244313893
06-10 07:00:00,193.87862051702032
06-10 08:00:00,112.26912203982917
06-10 09:00:00,51.24792229149279
06-10 10:00:00,2.1164918622545708
06-10 11:00:00,2.431650118454369
06-10 12:00:00,2.399679428762839
06-10 13:00:00,2.178720683238684
06-10 14:00:00,2.3360434808803086
06-10 15:00:00,2.59304335918873
06-10 16:00:00,2.625632190287697
06-10 17:00:00,3.5224835554671046
06-10 18:00:00,4.754835607939267
06-10 19:00:00,14.723336039547352
06-10 20:00:00,29.196405426887644
06-10 21:00:00,53.7570398615276
06-10 22:00:00,109.02377446606249
06-10 23:00:00,164.0009118794685
06-11 00:00:00,195.79155050713894
06-11 01:00:00,224.37090726298757
06-11 02:00:00,245.24363614707948
06-11 03:00:00,277.5257813273354
06-11 04:00:00,307.42268303415204
06-11 05:00:00,267.18663538652436
06-11 06:00:00,194.40668701898016
06-11 07:00:00,130.27951357732826
06-11 08:00:00,59.136097264273296
06-11 09:00:00,3.269055214906507
06-11 10:00:00,2.6583251611820002
06-11 11:00:00,2.724024808002295
06-11 12:00:00,2.724024808002295
06-11 13:00:00,2.4958985054933205
06-11 14:00:00,2.5605583475413387
06-11 15:00:00,2.59304335918873
06-11 16:00:00,2.431650118454369
06-11 17:00:00,2.2413484348313886
06-11 18:00:00,2.2099845381671464
06-11 19:00:00,15.220567212111304
06-11 20:00:00,30.31076737995553
06-11 21:00:00,40.80364175794645
06-11 22:00:00,114.97553594787274
06-11 23:00:00,140.2598565073877
06-12 00:00:00,177.94671635136189
06-12 01:00:00,222.52185536541688
06-12 02:00:00,242.3525172201907
06-12 03:00:00,263.643808590003
06-12 04:00:00,273.0103249486448
06-12 05:00:00,240.94934659092186
06-12 06:00:00,155.00488686522596
06-12 07:00:00,59.22256940696533
06-12 08:00:00,7.824989211923794
06-12 09:00:00,1.7513594258832212
06-12 10:00:00,1.7215595533623924
06-12 11:00:00,1.3142232107117493
06-12 12:00:00,1.3713021838834916
06-12 13:00:00,1.2858205570310983
06-12 14:00:00,1.515609365615892
06-12 15:00:00,1.4576090978872729
06-12 16:00:00,1.9626489929519977
06-12 17:00:00,2.054659507656307
06-12 18:00:00,2.304377594776919
06-12 19:00:00,2.59304335918873
06-12 20:00:00,4.594864682090279
06-12 21:00:00,12.090144023349875
06-12 22:00:00,13.417815308094383
06-12 23:00:00,14.220941752099938
06-13 00:00:00,20.993585001899312
06-13 01:00:00,52.90089123669213
06-13 02:00:00,83.38647436984226
06-13 03:00:00,82.32072323567701
06-13 04:00:00,102.07313388437544
06-13 05:00:00,97.44235569166595
06-13 06:00:00,51.75303589978886
06-13 07:00:00,26.42011764567446
06-13 08:00:00,10.349313497958514
06-13 09:00:00,2.79014487948883
06-13 10:00:00,2.625632190287697
06-13 11:00:00,2.59304335918873
06-13 12:00:00,2.528176835855284
06-13 13:00:00,2.528176835855284
06-13 14:00:00,2.399679428762839
06-13 15:00:00,2.0855262801436294
06-13 16:00:00,2.272812683372185
06-13 17:00:00,2.304377594776919
06-13 18:00:00,2.304377594776919
06-13 19:00:00,13.753010808945422
06-13 20:00:00,34.26904486223626
06-13 21:00:00,71.9680016931506
06-13 22:00:00,103.2148821730068
06-13 23:00:00,128.46500961925588
06-14 00:00:00,168.78263750829768
06-14 01:00:00,215.24098190264533
06-14 02:00:00,259.5488575818006
06-14 03:00:00,288.8055629320675
06-14 04:00:00,318.5116989717173
06-14 05:00:00,275.4770593377087
06-14 06:00:00,185.04493068564133
06-14 07:00:00,125.80149245981883
06-14 08:00:00,65.39891856494708
06-14 09:00:00,19.246559273566053
06-14 10:00:00,0.9247503358809179
06-14 11:00:00,0.7099187333645626
06-14 12:00:00,0.6570667836173121
06-14 13:00:00,0.8166454685380222
06-14 14:00:00,0.6045529340838159
06-14 15:00:00,1.006743844660524
06-14 16:00:00,1.2011565178802222
06-14 17:00:00,1.2858205570310983
06-14 18:00:00,1.4576090978872729
06-14 19:00:00,5.580943260999488
06-14 20:00:00,18.314488474354018
06-14 21:00:00,33.76227111727977
06-14 22:00:00,50.19365154964469
06-14 23:00:00,101.71703161739774
06-15 00:00:00,136.3596733484973
06-15 01:00:00,176.0353451184212
06-15 02:00:00,198.08926219722014
06-15 03:00:00,220.56307987060808
06-15 04:00:00,232.40660321872866
06-15 05:00:00,195.18541813525215
06-15 06:00:00,106.27513429319598
06-15 07:00:00,33.985166947138595
06-15 08:00:00,1.1173024329824126
06-15 09:00:00,0.8435418093054745
06-15 10:00:00,0.6307677289963705
06-15 11:00:00,0.5523750667003052
06-15 12:00:00,0.8435418093054745
06-15 13:00:00,1.2011565178802222
06-15 14:00:00,0.8166454685380222
06-15 15:00:00,1.0342507345917409
06-15 16:00:00,1.2575087458851635
06-15 17:00:00,1.2575087458851635
06-15 18:00:00,1.3142232107117493
06-15 19:00:00,1.5739821950919612
06-15 20:00:00,13.361849486961098
06-15 21:00:00,23.201586045786534
06-15 22:00:00,34.461140732476736
06-15 23:00:00,41.120685287601006
06-16 00:00:00,76.05891224521957
06-16 01:00:00,79.17677259567425
06-16 02:00:00,121.23435990878025
06-16 03:00:00,122.38462103500302
06-16 04:00:00,140.32734835567575
06-16 05:00:00,127.55360958211483
06-16 06:00:00,49.54509776480319
06-16 07:00:00,2.1536154786932036
06-16 08:00:00,0.9519939203577978
06-16 09:00:00,0.6045529340838159
06-16 10:00:00,0.3723681034837253
06-16 11:00:00,0.2212642568339113
06-16 12:00:00,0.24624644520438496
06-16 13:00:00,0.7631109139367211
06-16 14:00:00,0.8975939711168397
06-16 15:00:00,0.9519939203577978
06-16 16:00:00,0.8435418093054745
06-16 17:00:00,0.8705245530109591
06-16 18:00:00,1.006743844660524
06-16 19:00:00,1.0342507345917409
06-16 20:00:00,1.0895297512915432
06-16 21:00:00,7.257097128924301
06-16 22:00:00,15.633603975706366
06-16 23:00:00,19.538422057184036
06-17 00:00:00,26.923905078696805
06-17 01:00:00,31.15761287767098
06-17 02:00:00,33.466206294578356
06-17 03:00:00,46.55067106338032
06-17 04:00:00,41.55773607883429
06-17 05:00:00,30.88930180799423
06-17 06:00:00,5.046664816993931
06-17 07:00:00,1.2858205570310983
06-17 08:00:00,0.8705245530109591
06-17 09:00:00,0.7099187333645626
06-17 10:00:00,0.1963621912435442
06-17 11:00:00,0.3723681034837253
06-17 12:00:00,0.5523750667003052
06-17 13:00:00,0.7364721611429457
06-17 14:00:00,0.5784221345134265
06-17 15:00:00,0.6570667836173121
06-17 16:00:00,0.5005310759041861
06-17 17:00:00,0.6307677289963705
06-17 18:00:00,0.683450363095638
06-17 19:00:00,0.7364721611429457
06-17 20:00:00,0.7364721611429457
06-17 21:00:00,1.443183489448458
06-17 22:00:00,3.416912288558614
06-17 23:00:00,12.155644836526237
06-18 00:00:00,20.52894244648349
06-18 01:00:00,13.249252299662164
06-18 02:00:00,11.109977439940673
06-18 03:00:00,21.321825029895354
06-18 04:00:00,25.563356556926017
06-18 05:00:00,20.418079282843127
06-18 06:00:00,1.9423586714176584
06-18 07:00:00,1.1173024329824126
06-18 08:00:00,0.7099187333645626
06-18 09:00:00,0.47473362964489746
06-18 10:00:00,0.2713090091573001
06-18 11:00:00,0.07304490993869757
06-18 12:00:00,0.0
06-18 13:00:00,0.0
06-18 14:00:00,0.0
06-18 15:00:00,0.04861831456231904
06-18 16:00:00,0.5005310759041861
06-18 17:00:00,0.683450363095638
06-18 18:00:00,0.8435418093054745
06-18 19:00:00,1.2011565178802222
06-18 20:00:00,1.515609365615892
06-18 21:00:00,5.658029662453526
06-18 22:00:00,26.19266440978038
06-18 23:00:00,45.541618655969266
06-19 00:00:00,60.420743565373925
06-19 01:00:00,84.9225509029092
06-19 02:00:00,84.60357680549036
06-19 03:00:00,111.22439991568109
06-19 04:00:00,102.34055759402966
06-19 05:00:00,66.72890664431705
06-19 06:00:00,21.73549758373712
06-19 07:00:00,1.515609365615892
06-19 08:00:00,1.3427169912746757
06-19 09:00:00,1.0895297512915432
06-19 10:00:00,0.9247503358809179
06-19 11:00:00,0.683450363095638
06-19 12:00:00,0.07304490993869757
06-19 13:00:00,0.0
06-19 14:00:00,0.0
06-19 15:00:00,0.0
06-19 16:00:00,0.34698149394813793
06-19 17:00:00,0.24624644520438496
06-19 18:00:00,0.17153999638972173
06-19 19:00:00,0.3978363640490227
06-19 20:00:00,0.5523750667003052
06-19 21:00:00,0.3723681034837253
06-19 22:00:00,0.44901886858735157
06-19 23:00:00,0.44901886858735157
06-20 00:00:00,4.153326990353426
06-20 01:00:00,7.255570194181123
06-20 02:00:00,9.15123075425864
06-20 03:00:00,1.4287479499806892
06-20 04:00:00,1.841333178456123
06-20 05:00:00,5.010786137361551
06-20 06:00:00,4.980213961596184
06-20 07:00:00,1.841333178456123
06-20 08:00:00,1.7513594258832212
06-20 09:00:00,1.7215595533623924
06-20 10:00:00,1.3713021838834916
06-20 11:00:00,1.145164268191387
06-20 12:00:00,0.6570667836173121
06-20 13:00:00,0.7099187333645626
06-20 14:00:00,0.47473362964489746
06-20 15:00:00,0.5264114678394305
06-20 16:00:00,0.7099187333645626
06-20 17:00:00,1.515609365615892
06-20 18:00:00,2.202950728416439
06-20 19:00:00,12.423162831198105
06-20 20:00:00,45.026764327459844
06-20 21:00:00,98.07664589728827
06-20 22:00:00,97.06060904679939
06-20 23:00:00,112.15307190435587
06-21 00:00:00,126.0999389876741
06-21 01:00:00,148.820877944787
06-21 02:00:00,160.00048842925352
06-21 03:00:00,136.16298455190858
06-21 04:00:00,160.76211209554864
06-21 05:00:00,141.46763146233081
06-21 06:00:00,74.36979281305551
06-21 07:00:00,19.511670018835236
06-21 08:00:00,3.4740256009566
06-21 09:00:00,1.6327299168890241
06-21 10:00:00,1.7215595533623924
06-21 11:00:00,1.145164268191387
06-21 12:00:00,1.8715168022329443
06-21 13:00:00,2.0238912388733468
06-21 14:00:00,2.0855262801436294
06-21 15:00:00,1.993221168717365
06-21 16:00:00,1.9626489929519977
06-21 17:00:00,1.993221168717365
06-21 18:00:00,2.0238912388733468
06-21 19:00:00,92.82699675586781
06-21 20:00:00,126.35724509133404
06-21 21:00:00,136.46147478632838
06-21 22:00:00,111.27674780822645
06-21 23:00:00,141.80622273356235
06-22 00:00:00,185.48822785235754
06-22 01:00:00,207.45230874749384
06-22 02:00:00,197.97656545831433
06-22 03:00:00,198.94279871236412
06-22 04:00:00,189.78398218315166
06-22 05:00:00,178.07237000972307
06-22 06:00:00,155.17555331179653
06-22 07:00:00,117.54066567245366
06-22 08:00:00,90.08923705535823
06-22 09:00:00,104.63533552689563
06-22 10:00:00,134.9819938469888
06-22 11:00:00,109.18229537001787
06-22 12:00:00,72.7169728940372
06-22 13:00:00,57.99998434157262
06-22 14:00:00,41.97270023612546
06-22 15:00:00,78.54508831455595
06-22 16:00:00,40.33831348165864
06-22 17:00:00,10.499105761252956
06-22 18:00:00,49.90478491285826
06-22 19:00:00,70.49575251337072
06-22 20:00:00,114.28848189892821
06-22 21:00:00,169.6163648414492
06-22 22:00:00,201.364958443841
06-22 23:00:00,201.47851137683494
06-23 00:00:00,219.07296386145768
06-23 01:00:00,216.21337689801163
06-23 02:00:00,228.8627047997771
06-23 03:00:00,231.43855009570908
06-23 04:00:00,247.82508934640543
06-23 05:00:00,243.824303167795
06-23 06:00:00,186.32250181104632
06-23 07:00:00,110.32022631031788
06-23 08:00:00,60.64397358573949
06-23 09:00:00,17.056623469943933
06-23 10:00:00,2.178720683238684
06-23 11:00:00,2.3678106543651167
06-23 12:00:00,2.59304335918873
06-23 13:00:00,2.6583251611820002
06-23 14:00:00,2.6583251611820002
06-23 15:00:00,2.6583251611820002
06-23 16:00:00,2.625632190287697
06-23 17:00:00,2.6583251611820002
06-23 18:00:00,24.93047197886006
06-23 19:00:00,88.07612230853516
06-23 20:00:00,81.08885313396726
06-23 21:00:00,140.7596873575081
06-23 22:00:00,210.44275195403756
06-23 23:00:00,226.1249136471034
06-24 00:00:00,234.09708261540342
06-24 01:00:00,267.58008665221615
06-24 02:00:00,312.377112966759
06-24 03:00:00,333.42512926768296
06-24 04:00:00,327.82784930501464
06-24 05:00:00,271.62047189880093
06-24 06:00:00,207.15163581675168
06-24 07:00:00,159.71298806825058
06-24 08:00:00,181.07724825316245
06-24 09:00:00,153.86301863782435
06-24 10:00:00,103.4384200184445
06-24 11:00:00,26.624309396472828
06-24 12:00:00,3.5429784233448403
06-24 13:00:00,13.166141076250668
06-24 14:00:00,43.68765997755745
06-24 15:00:00,57.733540369849585
06-24 16:00:00,64.95460040331128
06-24 17:00:00,192.09874582392357
06-24 18:00:00,230.35763330357995
06-24 19:00:00,243.00203658081298
06-24 20:00:00,249.15359095100862
06-24 21:00:00,292.0747564738576
06-24 22:00:00,324.621529639105
06-24 23:00:00,328.5751530097355
06-25 00:00:00,322.8567779243198
06-25 01:00:00,319.2609408792757
06-25 02:00:00,320.1796773138686
06-25 03:00:00,322.70027950474105
06-25 04:00:00,317.8253271742669
06-25 05:00:00,313.158142258924
06-25 06:00:00,314.8814765629537
06-25 07:00:00,286.4552252339739
06-25 08:00:00,230.57092680517766
06-25 09:00:00,218.53313239254084
06-25 10:00:00,159.76460473292175
06-25 11:00:00,156.8484505028395
06-25 12:00:00,123.83924183251591
06-25 13:00:00,70.95216961501018
06-25 14:00:00,58.65196910359916
06-25 15:00:00,43.051761804582725
06-25 16:00:00,55.41085099237494
06-25 17:00:00,63.72159543539366
06-25 18:00:00,70.98232227823154
06-25 19:00:00,109.41355797701046
06-25 20:00:00,141.88312479386326
06-25 21:00:00,150.51047126991992
06-25 22:00:00,201.35316510090124
06-25 23:00:00,203.91975700618391
06-26 00:00:00,237.40174169917466
06-26 01:00:00,274.9852196190327
06-26 02:00:00,292.72531599919824
06-26 03:00:00,325.0074536269698
06-26 04:00:00,334.78054511092364
06-26 05:00:00,317.6264925578611
06-26 06:00:00,249.36892978811656
06-26 07:00:00,167.28989816126665
06-26 08:00:00,103.13415405601538
06-26 09:00:00,56.81488089219895
06-26 10:00:00,18.27237842597479
06-26 11:00:00,1.781254789072986
06-26 12:00:00,2.178720683238684
06-26 13:00:00,2.4637230386706546
06-26 14:00:00,2.4958985054933205
06-26 15:00:00,2.4958985054933205
06-26 16:00:00,2.3678106543651167
06-26 17:00:00,2.304377594776919
06-26 18:00:00,3.1602000276843243
06-26 19:00:00,14.45314437807437
06-26 20:00:00,32.01838388275537
06-26 21:00:00,39.993761379298235
06-26 22:00:00,64.09439075095258
06-26 23:00:00,116.34071500197734
06-27 00:00:00,147.9001731806555
06-27 01:00:00,164.56680062955027
06-27 02:00:00,165.6728281094434
06-27 03:00:00,187.39631901550044
06-27 04:00:00,184.95456755444556
06-27 05:00:00,181.97576710916746
06-27 06:00:00,115.88611381955808
06-27 07:00:00,39.49163440476591
06-27 08:00:00,1.4287479499806892
06-27 09:00:00,0.979324998400245
06-27 10:00:00,0.7898352600403085
06-27 11:00:00,0.5523750667003052
06-27 12:00:00,0.5523750667003052
06-27 13:00:00,0.5005310759041861
06-27 14:00:00,0.44901886858735157
06-27 15:00:00,0.6570667836173121
06-27 16:00:00,0.979324998400245
06-27 17:00:00,1.1173024329824126
06-27 18:00:00,1.1173024329824126
06-27 19:00:00,1.3427169912746757
06-27 20:00:00,7.599590958144744
06-27 21:00:00,57.71131857716081
06-27 22:00:00,92.07788215125233
06-27 23:00:00,110.65061595989592
06-28 00:00:00,102.24640032512879
06-28 01:00:00,113.23267997319758
06-28 02:00:00,111.20153766097843
06-28 03:00:00,137.06597734227984
06-28 04:00:00,143.45001518475686
06-28 05:00:00,138.00162699802723
06-28 06:00:00,65.69378955018507
06-28 07:00:00,11.237981883476625
06-28 08:00:00,1.0895297512915432
06-28 09:00:00,0.8705245530109591
06-28 10:00:00,0.5784221345134265
06-28 11:00:00,0.32167627882295297
06-28 12:00:00,0.2212642568339113
06-28 13:00:00,0.2212642568339113
06-28 14:00:00,0.34698149394813793
06-28 15:00:00,0.44901886858735157
06-28 16:00:00,0.47473362964489746
06-28 17:00:00,0.7364721611429457
06-28 18:00:00,113.11745275028984
06-28 19:00:00,182.49814559606565
06-28 20:00:00,178.31125589253162
06-28 21:00:00,172.6361806702459
06-28 22:00:00,173.23724799897658
06-28 23:00:00,165.36041359423658
06-29 00:00:00,175.27161964654024
06-29 01:00:00,175.65214395404163
06-29 02:00:00,178.26970756106854
06-29 03:00:00,191.9708060745985
06-29 04:00:00,203.92442881312368
06-29 05:00:00,235.92711693069555
06-29 06:00:00,154.78836227227347
06-29 07:00:00,74.1479756746816
06-29 08:00:00,18.026582439765644
06-29 09:00:00,3.6427778324757565
06-29 10:00:00,1.515609365615892
06-29 11:00:00,2.893067792386755
06-29 12:00:00,85.26092139821745
06-29 13:00:00,187.13841383253407
06-29 14:00:00,193.37239284119943
06-29 15:00:00,183.08247919304873
06-29 16:00:00,174.94341652106738
06-29 17:00:00,171.65496925391938
06-29 18:00:00,185.79480131854524
06-29 19:00:00,225.23221779660363
06-29 20:00:00,249.87232563828945
06-29 21:00:00,256.73914926995553
06-29 22:00:00,256.0599258878147
06-29 23:00:00,356.7828355378388
06-30 00:00:00,371.922313343939
06-30 01:00:00,387.4708378799674
06-30 02:00:00,411.71651178407205
06-30 03:00:00,411.72587728049706
06-30 04:00:00,406.6709587939026
06-30 05:00:00,403.83642485540145
06-30 06:00:00,374.1813257325099
06-30 07:00:00,309.65065158886074
06-30 08:00:00,241.74052588099548
06-30 09:00:00,167.019920274962
06-30 10:00:00,124.18863454954392
06-30 11:00:00,114.70190255390361
06-30 12:00:00,79.0823130969048
06-30 13:00:00,50.8087522060903
06-30 14:00:00,22.43214041882629
06-30 15:00:00,17.898909445755127
06-30 16:00:00,78.55485707102281
06-30 17:00:00,133.40455253007207
06-30 18:00:00,213.597754556053
06-30 19:00:00,232.48397478503236
06-30 20:00:00,285.00591159476716
06-30 21:00:00,316.15893742364335
06-30 22:00:00,330.8794881684853
06-30 23:00:00,358.4877480658561
07-01 00:00:00,368.3894162494413
07-01 01:00:00,375.11811894703396
07-01 02:00:00,386.98584759378014
07-01 03:00:00,378.74723660313265
07-01 04:00:00,384.0343170695543
07-01 05:00:00,385.8474308251955
07-01 06:00:00,362.4763126447105
07-01 07:00:00,329.45006363008633
07-01 08:00:00,308.15597542197077
07-01 09:00:00,283.0229638961582
07-01 10:00:00,283.68601537686527
07-01 11:00:00,262.3422930305403
07-01 12:00:00,252.2075421940957
07-01 13:00:00,236.21196769573106
07-01 14:00:00,180.73767630792966
07-01 15:00:00,127.02721177637562
07-01 16:00:00,191.967738385317
07-01 17:00:00,184.1919641622105
07-01 18:00:00,180.41524938407815
07-01 19:00:00,198.93629607994325
07-01 20:00:00,232.33696887838457
07-01 21:00:00,232.70772508323776
07-01 22:00:00,250.89269401557323
07-01 23:00:00,264.05000427492985
07-02 00:00:00,278.1688505028639
07-02 01:00:00,289.1384472022942
07-02 02:00:00,308.8801080213525
07-02 03:00:00,320.6918271045213
07-02 04:00:00,335.5155502624212
07-02 05:00:00,296.43279651171827
07-02 06:00:00,257.8255706677717
07-02 07:00:00,192.63594522977246
07-02 08:00:00,136.47367325852122
07-02 09:00:00,77.32497593626039
07-02 10:00:00,51.489670965769655
07-02 11:00:00,10.839496641289957
07-02 12:00:00,2.5605583475413387
07-02 13:00:00,2.4637230386706546
07-02 14:00:00,2.4637230386706546
07-02 15:00:00,2.4637230386706546
07-02 16:00:00,2.6911225930694327
07-02 17:00:00,2.79014487948883
07-02 18:00:00,8.260230714804383
07-02 19:00:00,36.79674351762285
07-02 20:00:00,66.67970783535023
07-02 21:00:00,116.98202038633768
07-02 22:00:00,191.19634085438355
07-02 23:00:00,196.59384170884502
07-03 00:00:00,254.45997533195094
07-03 01:00:00,270.14050021988476
07-03 02:00:00,277.9203767416456
07-03 03:00:00,303.4775299329361
07-03 04:00:00,321.7658951815242
07-03 05:00:00,285.8650746437642
07-03 06:00:00,209.2962930590912
07-03 07:00:00,154.26641324017692
07-03 08:00:00,79.74032472349282
07-03 09:00:00,27.405558656502585
07-03 10:00:00,1.841333178456123
07-03 11:00:00,1.781254789072986
07-03 12:00:00,2.2099845381671464
07-03 13:00:00,2.528176835855284
07-03 14:00:00,2.4637230386706546
07-03 15:00:00,2.6583251611820002
07-03 16:00:00,21.92866557335035
07-03 17:00:00,97.3364833839622
07-03 18:00:00,113.9797135333224
07-03 19:00:00,126.80685896368044
07-03 20:00:00,154.04718689690847
07-03 21:00:00,164.99359730798523
07-03 22:00:00,180.26043618548763
07-03 23:00:00,185.75459991779968
07-04 00:00:00,190.51579412892195
07-04 01:00:00,203.3932739134973
07-04 02:00:00,201.07258231342433
07-04 03:00:00,202.88109119943715
07-04 04:00:00,201.3896721065539
07-04 05:00:00,203.55691460263768
07-04 06:00:00,161.17377680676825
07-04 07:00:00,128.80140883814914
07-04 08:00:00,77.51741988540616
07-04 09:00:00,58.05418437568992
07-04 10:00:00,53.06433410104914
07-04 11:00:00,52.857457749808056
07-04 12:00:00,47.949147445467446
07-04 13:00:00,95.57343708564325
07-04 14:00:00,95.09691344709714
07-04 15:00:00,117.91017075086766
07-04 16:00:00,123.70996678666191
07-04 17:00:00,218.51691081035816
07-04 18:00:00,241.7240659864284
07-04 19:00:00,244.6274125479486
07-04 20:00:00,250.76056254018806
07-04 21:00:00,274.25549463071496
07-04 22:00:00,280.9573168115572
07-04 23:00:00,258.5516663913102
07-05 00:00:00,304.11714400325025
07-05 01:00:00,314.80264997476115
07-05 02:00:00,307.10875446403645
07-05 03:00:00,312.46223136333793
07-05 04:00:00,326.08318577269176
07-05 05:00:00,282.67700099990986
07-05 06:00:00,240.6003352308817
07-05 07:00:00,197.1263136433113
07-05 08:00:00,158.8085661400232
07-05 09:00:00,128.95850685247893
07-05 10:00:00,100.00025905074628
07-05 11:00:00,58.83595275483494
07-05 12:00:00,25.604006958947107
07-05 13:00:00,9.632830453334325
07-05 14:00:00,3.958245046472279
07-05 15:00:00,3.6649359562550696
07-05 16:00:00,2.317498163720953
07-05 17:00:00,2.534165538272566
07-05 18:00:00,5.676797241275762
07-05 19:00:00,23.120755739168754
07-05 20:00:00,90.41700060244135
07-05 21:00:00,137.3382118104924
07-05 22:00:00,171.0917486432808
07-05 23:00:00,182.04656582706858
07-06 00:00:00,201.85716324096828
07-06 01:00:00,216.0147751257532
07-06 02:00:00,202.88856894261596
07-06 03:00:00,221.4711444771148
07-06 04:00:00,237.85001279536502
07-06 05:00:00,178.61598612155888
07-06 06:00:00,78.55613395996279
07-06 07:00:00,6.63149894561876
07-06 08:00:00,1.2839417486736555
07-06 09:00:00,1.2858205570310983
07-06 10:00:00,1.4576090978872729
07-06 11:00:00,1.0342507345917409
07-06 12:00:00,0.8975939711168397
07-06 13:00:00,1.6033090482734556
07-06 14:00:00,15.057604874025456
07-06 15:00:00,33.552811707149736
07-06 16:00:00,8.788721407624447
07-06 17:00:00,21.213157906348496
07-06 18:00:00,107.51804093001219
07-06 19:00:00,165.94493493864778
07-06 20:00:00,181.02369655357458
07-06 21:00:00,187.93782967730982
07-06 22:00:00,185.03929236891443
07-06 23:00:00,194.4862838970686
07-07 00:00:00,196.61762323223363
07-07 01:00:00,204.56123812281982
07-07 02:00:00,205.17536894550432
07-07 03:00:00,199.0499053451673
07-07 04:00:00,212.05394184077315
07-07 05:00:00,233.89341670631768
07-07 06:00:00,234.3107979226511
07-07 07:00:00,215.6607671271556
07-07 08:00:00,210.60521807728816
07-07 09:00:00,193.4744014126833
07-07 10:00:00,198.09172595435226
07-07 11:00:00,189.91795728490612
07-07 12:00:00,186.16435840359998
07-07 13:00:00,177.63185511323744
07-07 14:00:00,149.22230733171534
07-07 15:00:00,105.23739001433952
07-07 16:00:00,104.11172625095115
07-07 17:00:00,103.28272773263853
07-07 18:00:00,131.6289583246479
07-07 19:00:00,158.2939776243572
07-07 20:00:00,157.70230047014456
07-07 21:00:00,175.48020057148693
07-07 22:00:00,192.62522497584268
07-07 23:00:00,188.47451832351902
07-08 00:00:00,190.56736969498078
07-08 01:00:00,202.7481643807894
07-08 02:00:00,203.66138030988915
07-08 03:00:00,209.1480369781968
07-08 04:00:00,218.088681198679
07-08 05:00:00,212.5143338779384
07-08 06:00:00,203.70934928398844
07-08 07:00:00,198.87066166764708
07-08 08:00:00,211.54550571276292
07-08 09:00:00,211.70379660685694
07-08 10:00:00,214.30202506478906
07-08 11:00:00,220.15319691960812
07-08 12:00:00,173.9880161917255
07-08 13:00:00,96.86748302775885
07-08 14:00:00,97.40731527250256
07-08 15:00:00,137.69597131545817
07-08 16:00:00,181.363994251087
07-08 17:00:00,234.47990581039147
07-08 18:00:00,277.68230684821737
07-08 19:00:00,310.75246002148197
07-08 20:00:00,368.9325880066461
07-08 21:00:00,362.99917433175074
07-08 22:00:00,374.3844002614094
07-08 23:00:00,377.9900193725929
07-09 00:00:00,387.05207816059345
07-09 01:00:00,382.3336626497942
07-09 02:00:00,387.1157934799643
07-09 03:00:00,390.38743895270943
07-09 04:00:00,387.88601303336213
07-09 05:00:00,380.7877729445717
07-09 06:00:00,366.130223949099
07-09 07:00:00,342.36405959086284
07-09 08:00:00,300.18669444499085
07-09 09:00:00,238.30926164772202
07-09 10:00:00,167.95578980522313
07-09 11:00:00,95.77354783070456
07-09 12:00:00,56.59701694251629
07-09 13:00:00,12.523190023566157
07-09 14:00:00,4.535767759478328
07-09 15:00:00,3.9287212174178854
07-09 16:00:00,5.188084905820485
07-09 17:00:00,7.047518044597982
07-09 18:00:00,20.19209528011147
07-09 19:00:00,72.63102850686006
07-09 20:00:00,137.48873705990135
07-09 21:00:00,194.66968545673762
07-09 22:00:00,219.35430380491184
07-09 23:00:00,263.61171106243245
07-10 00:00:00,297.5761011521264
07-10 01:00:00,327.2329872402779
07-10 02:00:00,332.6684493935981
07-10 03:00:00,375.3981539913522
07-10 04:00:00,383.16988001646405
07-10 05:00:00,342.8846906551238
07-10 06:00:00,263.079904232343
07-10 07:00:00,192.25600064445987
07-10 08:00:00,128.63675530037753
07-10 09:00:00,63.2323082836743
07-10 10:00:00,12.231841334926989
07-10 11:00:00,1.5739821950919612
07-10 12:00:00,1.3999790745190634
07-10 13:00:00,1.781254789072986
07-10 14:00:00,2.0855262801436294
07-10 15:00:00,2.054659507656307
07-10 16:00:00,1.5447490647841247
07-10 17:00:00,1.9626489929519977
07-10 18:00:00,2.178720683238684
07-10 19:00:00,6.54260386450173
07-10 20:00:00,109.20032133893014
07-10 21:00:00,196.245316390425
07-10 22:00:00,226.62758914310814
07-10 23:00:00,255.28669237831255
07-11 00:00:00,294.58561760545075
07-11 01:00:00,320.02204955400754
07-11 02:00:00,324.3419100894341
07-11 03:00:00,326.36342648417826
07-11 04:00:00,316.47300364078626
07-11 05:00:00,305.1212515140992
07-11 06:00:00,270.2638868479627
07-11 07:00:00,219.16916155877763
07-11 08:00:00,138.8640100326246
07-11 09:00:00,76.42296599059046
07-11 10:00:00,70.60228821112932
07-11 11:00:00,30.390624326624092
07-11 12:00:00,5.77459709753205
07-11 13:00:00,2.5605583475413387
07-11 14:00:00,2.3678106543651167
07-11 15:00:00,2.59304335918873
07-11 16:00:00,2.2413484348313886
07-11 17:00:00,3.968600606501636
07-11 18:00:00,11.451752648584012
07-11 19:00:00,27.960489404658798
07-11 20:00:00,77.6469779989307
07-11 21:00:00,120.47343729976471
07-11 22:00:00,182.2413485558426
07-11 23:00:00,227.62499264694304
07-12 00:00:00,246.6151991597635
07-12 01:00:00,264.3233707011678
07-12 02:00:00,286.12730968425564
07-12 03:00:00,291.42484526949534
07-12 04:00:00,302.9026979611024
07-12 05:00:00,267.0915225481308
07-12 06:00:00,198.29395583055305
07-12 07:00:00,127.6853233075972
07-12 08:00:00,40.39053424056566
07-12 09:00:00,4.784237421774293
07-12 10:00:00,0.7364721611429457
07-12 11:00:00,0.32167627882295297
07-12 12:00:00,0.29645220225531443
07-12 13:00:00,0.6307677289963705
07-12 14:00:00,0.7099187333645626
07-12 15:00:00,1.2011565178802222
07-12 16:00:00,1.1731155363954495
07-12 17:00:00,1.5739821950919612
07-12 18:00:00,1.4576090978872729
07-12 19:00:00,1.3427169912746757
07-12 20:00:00,11.68980133198734
07-12 21:00:00,15.018661715551236
07-12 22:00:00,19.113654703330404
07-12 23:00:00,34.663546499297546
07-13 00:00:00,55.519057708312886
07-13 01:00:00,97.97092804790759
07-13 02:00:00,159.9570182611886
07-13 03:00:00,173.65450156937814
07-13 04:00:00,184.39812686983564
07-13 05:00:00,198.4341118208201
07-13 06:00:00,243.04156384510227
07-13 07:00:00,286.5580354928649
07-13 08:00:00,318.02393238862174
07-13 09:00:00,341.89446276973706
07-13 10:00:00,312.79807347064735
07-13 11:00:00,285.5707703053032
07-13 12:00:00,285.3447644212743
07-13 13:00:00,309.7029814566581
07-13 14:00:00,342.4078442575489
07-13 15:00:00,312.06185192849813
07-13 16:00:00,292.769503035697
07-13 17:00:00,317.90655427894785
07-13 18:00:00,327.0159301081868
07-13 19:00:00,334.19465065741923
07-13 20:00:00,350.2602758242047
07-13 21:00:00,371.0476900362612
07-13 22:00:00,405.83337663285465
07-13 23:00:00,411.5947312372198
07-14 00:00:00,430.33220064998505
07-14 01:00:00,434.541173726597
07-14 02:00:00,408.82752545615585
07-14 03:00:00,412.90409043130535
07-14 04:00:00,399.77182927972433
07-14 05:00:00,399.7636977733343
07-14 06:00:00,378.3485879732583
07-14 07:00:00,368.2929560182389
07-14 08:00:00,348.47034932087075
07-14 09:00:00,334.0234630908983
07-14 10:00:00,281.2679834478749
07-14 11:00:00,235.2322964061752
07-14 12:00:00,201.42180964250403
07-14 13:00:00,126.18712124774211
07-14 14:00:00,96.0302116223974
07-14 15:00:00,96.34595423113
07-14 16:00:00,139.93439580092172
07-14 17:00:00,216.350037849987
07-14 18:00:00,233.19924747454348
07-14 19:00:00,247.90015062211225
07-14 20:00:00,268.43140798909496
07-14 21:00:00,278.564685366093
07-14 22:00:00,291.82501013171543
07-14 23:00:00,297.3221622448121
07-15 00:00:00,307.98120586174457
07-15 01:00:00,324.95867861879805
07-15 02:00:00,338.21028744726783
07-15 03:00:00,350.0646966188307
07-15 04:00:00,350.41352439556556
07-15 05:00:00,344.87829068843956
07-15 06:00:00,333.587758912586
07-15 07:00:00,311.24396894068354
07-15 08:00:00,299.98130158598946
07-15 09:00:00,285.4147680136558
07-15 10:00:00,270.0214102434518
07-15 11:00:00,258.25826540274426
07-15 12:00:00,252.8118515633267
07-15 13:00:00,244.26927863650604
07-15 14:00:00,188.7780097627895
07-15 15:00:00,189.0598612743748
07-15 16:00:00,191.26083399765704
07-15 17:00:00,190.6212149362448
07-15 18:00:00,192.0084541308892
07-15 19:00:00,208.01971785444837
07-15 20:00:00,213.20777320604913
07-15 21:00:00,221.67810874278624
07-15 22:00:00,237.6757803025284
07-15 23:00:00,242.71087355233962
07-16 00:00:00,239.9871719036589
07-16 01:00:00,245.91950860761645
07-16 02:00:00,268.1360138892083
07-16 03:00:00,296.049294888608
07-16 04:00:00,303.7284846582407
07-16 05:00:00,307.0813527397187
07-16 06:00:00,286.1693453112804
07-16 07:00:00,233.23402898954487
07-16 08:00:00,184.05101584715143
07-16 09:00:00,150.95218194865598
07-16 10:00:00,121.12555148858272
07-16 11:00:00,71.57757943353566
07-16 12:00:00,74.4630570679515
07-16 13:00:00,66.06779737982566
07-16 14:00:00,24.0691922806523
07-16 15:00:00,50.392145454095775
07-16 16:00:00,45.92414599839352
07-16 17:00:00,46.527948364315755
07-16 18:00:00,79.01365795552998
07-16 19:00:00,123.0541920138106
07-16 20:00:00,151.76791011121873
07-16 21:00:00,172.59132255158255
07-16 22:00:00,164.71174948680016
07-16 23:00:00,192.34265190043251
07-17 00:00:00,200.06839929567036
07-17 01:00:00,209.2612860985129
07-17 02:00:00,206.1124150850636
07-17 03:00:00,219.40438873191724
07-17 04:00:00,218.85796824479806
07-17 05:00:00,209.9106738439337
07-17 06:00:00,200.44275860470438
07-17 07:00:00,185.52691609832266
07-17 08:00:00,164.55396877733176
07-17 09:00:00,119.86510316342904
07-17 10:00:00,87.61704246116548
07-17 11:00:00,81.55024958914555
07-17 12:00:00,36.83147153919467
07-17 13:00:00,13.129472450218225
07-17 14:00:00,6.719873339374757
07-17 15:00:00,10.90490382525431
07-17 16:00:00,19.843041994221608
07-17 17:00:00,64.69760308909406
07-17 18:00:00,75.73350861170573
07-17 19:00:00,85.07959524601458
07-17 20:00:00,101.16223117175025
07-17 21:00:00,86.4370875250423
07-17 22:00:00,112.9481590753873
07-17 23:00:00,111.93205550435849
07-18 00:00:00,112.26629713407333
07-18 01:00:00,111.6808085123767
07-18 02:00:00,103.69009250520809
07-18 03:00:00,100.87426465245935
07-18 04:00:00,106.30696695444618
07-18 05:00:00,107.79526497519176
07-18 06:00:00,96.30018207641552
07-18 07:00:00,60.60657121983472
07-18 08:00:00,20.702412693270322
07-18 09:00:00,7.910384881244414
07-18 10:00:00,3.024913541611417
07-18 11:00:00,2.9236566842626184
07-18 12:00:00,2.9236566842626184
07-18 13:00:00,7.70819136224275
07-18 14:00:00,6.680320621049351
07-18 15:00:00,3.488512484335673
07-18 16:00:00,5.372309308804069
07-18 17:00:00,6.358895328924799
07-18 18:00:00,6.398723568162479
07-18 19:00:00,18.66560014906992
07-18 20:00:00,30.99330938573804
07-18 21:00:00,77.28363742350768
07-18 22:00:00,95.42352524561478
07-18 23:00:00,154.48870942878924
07-19 00:00:00,183.39685122926218
07-19 01:00:00,215.4709363689141
07-19 02:00:00,244.65903518510348
07-19 03:00:00,253.2490245541564
07-19 04:00:00,267.22336276809233
07-19 05:00:00,254.71584743658988
07-19 06:00:00,181.961733308211
07-19 07:00:00,111.28405019017643
07-19 08:00:00,52.972037967022565
07-19 09:00:00,2.3678106543651167
07-19 10:00:00,2.272812683372185
07-19 11:00:00,2.304377594776919
07-19 12:00:00,2.0855262801436294
07-19 13:00:00,2.1164918622545708
07-19 14:00:00,2.054659507656307
07-19 15:00:00,1.9321744081810373
07-19 16:00:00,1.9017971118475427
07-19 17:00:00,1.8715168022329443
07-19 18:00:00,2.0238912388733468
07-19 19:00:00,2.272812683372185
07-19 20:00:00,8.42002507340916
07-19 21:00:00,19.907483162603555
07-19 22:00:00,31.350702946363718
07-19 23:00:00,38.90390941359023
07-20 00:00:00,71.35588024894597
07-20 01:00:00,113.74657440999155
07-20 02:00:00,137.91652325614157
07-20 03:00:00,151.4585575065665
07-20 04:00:00,176.01378037727383
07-20 05:00:00,186.7172123305331
07-20 06:00:00,124.97907930905448
07-20 07:00:00,75.06122521305898
07-20 08:00:00,32.79878299802016
07-20 09:00:00,2.2413484348313886
07-20 10:00:00,2.304377594776919
07-20 11:00:00,2.054659507656307
07-20 12:00:00,2.1164918622545708
07-20 13:00:00,1.5447490647841247
07-20 14:00:00,1.515609365615892
07-20 15:00:00,1.5447490647841247
07-20 16:00:00,1.6033090482734556
07-20 17:00:00,1.8112459404724786
07-20 18:00:00,2.1475565607510942
07-20 19:00:00,6.54260386450173
07-20 20:00:00,20.595384494672196
07-20 21:00:00,32.885723875333355
07-20 22:00:00,54.90978421494089
07-20 23:00:00,72.24325939164277
07-21 00:00:00,111.90036229116642
07-21 01:00:00,156.60464832766266
07-21 02:00:00,163.51069315332552
07-21 03:00:00,185.5550977295488
07-21 04:00:00,211.33532748071886
07-21 05:00:00,216.92447492242783
07-21 06:00:00,155.63701682535984
07-21 07:00:00,98.84004040911455
07-21 08:00:00,40.37081535759827
07-21 09:00:00,1.8112459404724786
07-21 10:00:00,1.5447490647841247
07-21 11:00:00,1.1731155363954495
07-21 12:00:00,1.7513594258832212
07-21 13:00:00,1.7215595533623924
07-21 14:00:00,1.3142232107117493
07-21 15:00:00,1.6327299168890241
07-21 16:00:00,1.7215595533623924
07-21 17:00:00,1.7513594258832212
07-21 18:00:00,1.841333178456123
07-21 19:00:00,2.562290673094983
07-21 20:00:00,16.68538041588188
07-21 21:00:00,31.73671229146216
07-21 22:00:00,39.606781169387794
07-21 23:00:00,58.298415241993396
07-22 00:00:00,92.04101685414778
07-22 01:00:00,126.32730104777013
07-22 02:00:00,152.9225519698514
07-22 03:00:00,168.0026470716701
07-22 04:00:00,190.11256145233418
07-22 05:00:00,183.27818665564578
07-22 06:00:00,127.61549342153884
07-22 07:00:00,51.29650806595133
07-22 08:00:00,1.3713021838834916
07-22 09:00:00,1.1731155363954495
07-22 10:00:00,1.229287493741232
07-22 11:00:00,1.4576090978872729
07-22 12:00:00,1.229287493741232
07-22 13:00:00,1.145164268191387
07-22 14:00:00,1.5739821950919612
07-22 15:00:00,1.4287479499806892
07-22 16:00:00,1.3999790745190634
07-22 17:00:00,1.6033090482734556
07-22 18:00:00,1.6918548748023403
07-22 19:00:00,1.9017971118475427
07-22 20:00:00,18.196551525634277
07-22 21:00:00,30.18613964710404
07-22 22:00:00,35.0861548820515
07-22 23:00:00,59.09776467410264
07-23 00:00:00,67.80304358455136
07-23 01:00:00,112.51420126724429
07-23 02:00:00,132.34341006317518
07-23 03:00:00,152.8652699835758
07-23 04:00:00,172.54159690343272
07-23 05:00:00,176.06286808523896
07-23 06:00:00,117.91687412413503
07-23 07:00:00,41.324598167132216
07-23 08:00:00,1.7513594258832212
07-23 09:00:00,1.3142232107117493
07-23 10:00:00,1.1731155363954495
07-23 11:00:00,1.006743844660524
07-23 12:00:00,0.8166454685380222
07-23 13:00:00,0.6307677289963705
07-23 14:00:00,0.47473362964489746
07-23 15:00:00,0.3978363640490227
07-23 16:00:00,0.47473362964489746
07-23 17:00:00,0.6045529340838159
07-23 18:00:00,0.683450363095638
07-23 19:00:00,0.979324998400245
07-23 20:00:00,3.9151589397610262
07-23 21:00:00,6.150203457080259
07-23 22:00:00,10.619093278926446
07-23 23:00:00,17.82080887718626
07-24 00:00:00,20.344474962069334
07-24 01:00:00,24.627716335966525
07-24 02:00:00,26.88981854836777
07-24 03:00:00,25.587868699295452
07-24 04:00:00,24.351919526664215
07-24 05:00:00,13.822086542100193
07-24 06:00:00,11.143481229597887
07-24 07:00:00,5.49843232474694
07-24 08:00:00,2.2099845381671464
07-24 09:00:00,2.178720683238684
07-24 10:00:00,1.8112459404724786
07-24 11:00:00,1.3713021838834916
07-24 12:00:00,1.841333178456123
07-24 13:00:00,1.6918548748023403
07-24 14:00:00,1.3999790745190634
07-24 15:00:00,0.979324998400245
07-24 16:00:00,17.879988632790624
07-24 17:00:00,78.01966841587344
07-24 18:00:00,81.60170742791551
07-24 19:00:00,90.57099127016521
07-24 20:00:00,103.96107823488616
07-24 21:00:00,126.35953732676099
07-24 22:00:00,120.089178648782
07-24 23:00:00,117.45909494156487
07-25 00:00:00,115.02927062849287
07-25 01:00:00,114.6038067601439
07-25 02:00:00,141.78519853769134
07-25 03:00:00,132.12008902117375
07-25 04:00:00,137.0810288067158
07-25 05:00:00,137.46749545435816
07-25 06:00:00,117.90386519045735
07-25 07:00:00,79.18200330747452
07-25 08:00:00,21.829332292391772
07-25 09:00:00,6.385782830475906
07-25 10:00:00,11.347581624050179
07-25 11:00:00,12.965315694310018
07-25 12:00:00,110.24627008609629
07-25 13:00:00,90.8849670241485
07-25 14:00:00,94.07922773842753
07-25 15:00:00,118.22441025751993
07-25 16:00:00,104.65023045616788
07-25 17:00:00,126.11782063179083
07-25 18:00:00,149.11745750006042
07-25 19:00:00,176.38892451534645
07-25 20:00:00,190.3373665807822
07-25 21:00:00,200.35348683728517
07-25 22:00:00,186.21551834312984
07-25 23:00:00,214.6450412046424
07-26 00:00:00,216.54900407868305
07-26 01:00:00,215.59979495018
07-26 02:00:00,221.8846100116416
07-26 03:00:00,230.84937077490875
07-26 04:00:00,236.0211488852128
07-26 05:00:00,244.20410383506174
07-26 06:00:00,208.1968156083336
07-26 07:00:00,124.99735667635545
07-26 08:00:00,88.13800108277317
07-26 09:00:00,47.50257974880025
07-26 10:00:00,7.657963787620813
07-26 11:00:00,1.3713021838834916
07-26 12:00:00,1.7513594258832212
07-26 13:00:00,1.4576090978872729
07-26 14:00:00,8.107872831402199
07-26 15:00:00,54.20777318344905
07-26 16:00:00,100.70532771803634
07-26 17:00:00,129.4249260529463
07-26 18:00:00,99.22723183092586
07-26 19:00:00,128.74459593523807
07-26 20:00:00,159.19131842239153
07-26 21:00:00,179.38697434371278
07-26 22:00:00,172.22607120237043
07-26 23:00:00,194.6301063344519
07-27 00:00:00,218.82391598945262
07-27 01:00:00,248.62286719731244
07-27 02:00:00,262.1371768406172
07-27 03:00:00,280.5441357568478
07-27 04:00:00,294.32295458938006
07-27 05:00:00,274.4261976328933
07-27 06:00:00,226.33193872178668
07-27 07:00:00,162.0944002242395
07-27 08:00:00,67.37102879762014
07-27 09:00:00,5.557265751947151
07-27 10:00:00,1.9626489929519977
07-27 11:00:00,1.6622450943265283
07-27 12:00:00,1.781254789072986
07-27 13:00:00,1.6918548748023403
07-27 14:00:00,1.4287479499806892
07-27 15:00:00,1.229287493741232
07-27 16:00:00,1.4576090978872729
07-27 17:00:00,1.9626489929519977
07-27 18:00:00,4.7462119247783985
07-27 19:00:00,44.10874276036689
07-27 20:00:00,58.51923314588662
07-27 21:00:00,52.73339353263954
07-27 22:00:00,57.752515533728044
07-27 23:00:00,85.26100281116007
07-28 00:00:00,127.51026754806779
07-28 01:00:00,124.12751383549111
07-28 02:00:00,120.69465928376908
07-28 03:00:00,124.98210839250801
07-28 04:00:00,137.68476602289792
07-28 05:00:00,145.3620872612259
07-28 06:00:00,144.77343866671504
07-28 07:00:00,165.11167125519614
07-28 08:00:00,205.50955136950327
07-28 09:00:00,187.70708478690904
07-28 10:00:00,145.72105346349804
07-28 11:00:00,130.40711262747757
07-28 12:00:00,114.55890117069482
07-28 13:00:00,91.99164475601566
07-28 14:00:00,67.28568340364588
07-28 15:00:00,41.34233035394964
07-28 16:00:00,20.415861148347805
07-28 17:00:00,33.85952903918298
07-28 18:00:00,40.314533645937445
07-28 19:00:00,66.4252664685664
07-28 20:00:00,112.82013583526631
07-28 21:00:00,152.6054000588481
07-28 22:00:00,172.09977259893822
07-28 23:00:00,164.3488930137027
07-29 00:00:00,179.67823456941247
07-29 01:00:00,189.52808941512143
07-29 02:00:00,204.41409047973545
07-29 03:00:00,236.37441459073227
07-29 04:00:00,244.7793544062221
07-29 05:00:00,230.71983335348878
07-29 06:00:00,199.50919967129948
07-29 07:00:00,136.6644605104151
07-29 08:00:00,70.70183409594215
07-29 09:00:00,7.141860029208125
07-29 10:00:00,2.4958985054933205
07-29 11:00:00,2.304377594776919
07-29 12:00:00,1.8715168022329443
07-29 13:00:00,1.841333178456123
07-29 14:00:00,1.781254789072986
07-29 15:00:00,1.7513594258832212
07-29 16:00:00,1.6918548748023403
07-29 17:00:00,1.5739821950919612
07-29 18:00:00,1.6033090482734556
07-29 19:00:00,10.474605731592755
07-29 20:00:00,24.23104298820012
07-29 21:00:00,48.14465216180663
07-29 22:00:00,78.8746046216047
07-29 23:00:00,74.97219109312391
07-30 00:00:00,86.27876316812169
07-30 01:00:00,108.2887532930072
07-30 02:00:00,129.94382703694407
07-30 03:00:00,141.6663132578212
07-30 04:00:00,152.6049298486294
07-30 05:00:00,151.54782107531173
07-30 06:00:00,135.91205378419522
07-30 07:00:00,62.046357302977704
07-30 08:00:00,1.7513594258832212
07-30 09:00:00,1.4287479499806892
07-30 10:00:00,1.2575087458851635
07-30 11:00:00,1.3427169912746757
07-30 12:00:00,1.3713021838834916
07-30 13:00:00,1.0895297512915432
07-30 14:00:00,1.229287493741232
07-30 15:00:00,1.0618459444491646
07-30 16:00:00,47.410963217161715
07-30 17:00:00,54.98152407240262
07-30 18:00:00,74.76830468572464
07-30 19:00:00,104.73522665768424
07-30 20:00:00,117.54779980986282
07-30 21:00:00,113.80146817473488
07-30 22:00:00,128.324208975854
07-30 23:00:00,148.44491100053824
07-31 00:00:00,160.07954049913133
07-31 01:00:00,169.32261911602322
07-31 02:00:00,166.16968777487574
07-31 03:00:00,166.218930769047
07-31 04:00:00,158.63110442932208
07-31 05:00:00,163.32569920096464
07-31 06:00:00,146.39419452573117
07-31 07:00:00,118.289311292568
07-31 08:00:00,86.62767575684052
07-31 09:00:00,92.84073493227805
07-31 10:00:00,75.78414378987279
07-31 11:00:00,46.65446653702011
07-31 12:00:00,32.86519787959506
07-31 13:00:00,37.79640585565205
07-31 14:00:00,9.009731517329461
07-31 15:00:00,12.224938604910498
07-31 16:00:00,10.87125903966865
07-31 17:00:00,16.305382891898013
07-31 18:00:00,43.6974246516993
07-31 19:00:00,93.46391610766904
07-31 20:00:00,164.72560650082121
07-31 21:00:00,186.7107399140677
07-31 22:00:00,235.91106652771478
07-31 23:00:00,245.8864860159987
08-01 00:00:00,239.80279779212103
08-01 01:00:00,254.2450704397403
08-01 02:00:00,265.7314511694141
08-01 03:00:00,280.7541355025474
08-01 04:00:00,296.78121034783175
08-01 05:00:00,310.5047645077708
08-01 06:00:00,328.32287436515605
08-01 07:00:00,339.6244856240886
08-01 08:00:00,319.69732480030575
08-01 09:00:00,272.479103292572
08-01 10:00:00,262.7762909254731
08-01 11:00:00,247.67149243052384
08-01 12:00:00,226.4167501320078
08-01 13:00:00,211.53897950535162
08-01 14:00:00,191.3688039811847
08-01 15:00:00,205.535694327942
08-01 16:00:00,185.62578487403297
08-01 17:00:00,183.29147206551693
08-01 18:00:00,244.97821050617694
08-01 19:00:00,267.5237182644305
08-01 20:00:00,291.3291646591107
08-01 21:00:00,316.77479790039155
08-01 22:00:00,340.77556193827854
08-01 23:00:00,370.20876877885684
08-02 00:00:00,380.1680724747016
08-02 01:00:00,379.2071073093697
08-02 02:00:00,419.11705378265754
08-02 03:00:00,429.1456367707979
08-02 04:00:00,439.2781095689121
08-02 05:00:00,419.4259414925293
08-02 06:00:00,381.4941925548877
08-02 07:00:00,327.12376210228643
08-02 08:00:00,260.1605928156341
08-02 09:00:00,188.9419678353948
08-02 10:00:00,151.7626383904489
08-02 11:00:00,98.93403949518739
08-02 12:00:00,46.0831823459225
08-02 13:00:00,15.611225552520997
08-02 14:00:00,12.577010168250055
08-02 15:00:00,12.651813740796936
08-02 16:00:00,19.995057199385453
08-02 17:00:00,50.628695124755914
08-02 18:00:00,74.24288164047637
08-02 19:00:00,120.69843816965911
08-02 20:00:00,149.3733360822289
08-02 21:00:00,220.31657234722692
08-02 22:00:00,257.61949300860425
08-02 23:00:00,276.2904660292922
08-03 00:00:00,296.6660402713129
08-03 01:00:00,307.9530955696201
08-03 02:00:00,341.22805817151703
08-03 03:00:00,360.141408284351
08-03 04:00:00,364.066433214193
08-03 05:00:00,371.26368537125705
08-03 06:00:00,317.42270564430703
08-03 07:00:00,254.92329667966885
08-03 08:00:00,200.49257526817192
08-03 09:00:00,109.42429438485553
08-03 10:00:00,53.34987608078509
08-03 11:00:00,23.742970073093346
08-03 12:00:00,13.384170522508724
08-03 13:00:00,22.709493097322
08-03 14:00:00,145.18161497884554
08-03 15:00:00,181.44259296362154
08-03 16:00:00,174.5921461338607
08-03 17:00:00,197.09199994412637
08-03 18:00:00,246.25331976209443
08-03 19:00:00,274.5597014065574
08-03 20:00:00,301.5693010767294
08-03 21:00:00,313.9820548372455
08-03 22:00:00,326.89095572763785
08-03 23:00:00,338.81417862684117
08-04 00:00:00,350.6213348386021
08-04 01:00:00,361.10373347043287
08-04 02:00:00,366.99487006730396
08-04 03:00:00,366.05305074056923
08-04 04:00:00,370.749505570712
08-04 05:00:00,362.12397315363546
08-04 06:00:00,344.5393294919562
08-04 07:00:00,319.408790377745
08-04 08:00:00,277.9867104165771
08-04 09:00:00,240.91493692849332
08-04 10:00:00,207.5854810378317
08-04 11:00:00,192.40203259592573
08-04 12:00:00,181.32091038826778
08-04 13:00:00,188.4889686724423
08-04 14:00:00,223.9000359576529
08-04 15:00:00,233.66203380403567
08-04 16:00:00,233.73547556111907
08-04 17:00:00,234.5085742693134
08-04 18:00:00,257.80286600607184
08-04 19:00:00,267.8888077527992
08-04 20:00:00,273.8476376997174
08-04 21:00:00,278.7953918260629
08-04 22:00:00,278.96200441215547
08-04 23:00:00,274.84390373016674
08-05 00:00:00,270.5725847353146
08-05 01:00:00,275.3813604190948
08-05 02:00:00,285.1002156003244
08-05 03:00:00,281.5315156261052
08-05 04:00:00,289.68968052231935
08-05 05:00:00,285.8414137220499
08-05 06:00:00,283.3559487785311
08-05 07:00:00,267.1375152995169
08-05 08:00:00,227.19713492636455
08-05 09:00:00,209.0125771433886
08-05 10:00:00,162.7437171041157
08-05 11:00:00,128.65466078788668
08-05 12:00:00,67.11935283777214
08-05 13:00:00,82.24585456596397
08-05 14:00:00,137.36966591296004
08-05 15:00:00,160.0863485423733
08-05 16:00:00,176.41767655417885
08-05 17:00:00,167.3242061204445
08-05 18:00:00,162.69672619218298
08-05 19:00:00,223.25659955038105
08-05 20:00:00,263.59290433255086
08-05 21:00:00,274.99934802536774
08-05 22:00:00,297.2092829689147
08-05 23:00:00,306.8107971077078
08-06 00:00:00,315.1492515628268
08-06 01:00:00,301.75271042234414
08-06 02:00:00,291.41471959517094
08-06 03:00:00,289.69013713192476
08-06 04:00:00,275.0036670334786
08-06 05:00:00,270.0823815756391
08-06 06:00:00,246.45640416635612
08-06 07:00:00,210.5425143230801
08-06 08:00:00,160.64536651530264
08-06 09:00:00,115.25505360915656
08-06 10:00:00,66.10026213634815
08-06 11:00:00,61.98179782412485
08-06 12:00:00,63.16187342159714
08-06 13:00:00,12.156174823808055
08-06 14:00:00,2.724024808002295
08-06 15:00:00,3.0929578168607654
08-06 16:00:00,3.5150966849428595
08-06 17:00:00,3.89827375615037
08-06 18:00:00,14.720216643861074
08-06 19:00:00,63.54844510277482
08-06 20:00:00,111.80996784254977
08-06 21:00:00,124.86992583018821
08-06 22:00:00,139.44583481483323
08-06 23:00:00,177.1904332053521
08-07 00:00:00,210.72087269979303
08-07 01:00:00,216.76467673420143
08-07 02:00:00,230.87611100880122
08-07 03:00:00,241.60041146182854
08-07 04:00:00,242.701419370114
08-07 05:00:00,239.24331914516515
08-07 06:00:00,190.0880988876613
08-07 07:00:00,152.72478659003298
08-07 08:00:00,104.87655552895647
08-07 09:00:00,25.943499915310728
08-07 10:00:00,2.2099845381671464
08-07 11:00:00,1.993221168717365
08-07 12:00:00,16.287486606535143
08-07 13:00:00,40.092954077313934
08-07 14:00:00,184.32893412027062
08-07 15:00:00,236.00220380334477
08-07 16:00:00,241.33082515965788
08-07 17:00:00,255.09127074399348
08-07 18:00:00,251.5140989821349
08-07 19:00:00,251.9426821507659
08-07 20:00:00,267.92109512182395
08-07 21:00:00,271.0246571301916
08-07 22:00:00,281.6412869837382
08-07 23:00:00,281.58327388317036
08-08 00:00:00,281.7867555872972
08-08 01:00:00,275.66097454826127
08-08 02:00:00,270.7612101089808
08-08 03:00:00,275.2113708367973
08-08 04:00:00,276.7682392899661
08-08 05:00:00,269.4656727544981
08-08 06:00:00,267.6592091828586
08-08 07:00:00,250.10854616366777
08-08 08:00:00,226.08134369620004
08-08 09:00:00,240.78045272377943
08-08 10:00:00,265.6860434850936
08-08 11:00:00,285.0626975180452
08-08 12:00:00,251.7438330683597
08-08 13:00:00,210.14006743148192
08-08 14:00:00,176.9787025128437
08-08 15:00:00,130.23928344685592
08-08 16:00:00,81.6067846396075
08-08 17:00:00,112.01291168851884
08-08 18:00:00,126.85684721890507
08-08 19:00:00,181.17084471006638
08-08 20:00:00,214.32832183070732
08-08 21:00:00,218.5346794587026
08-08 22:00:00,240.82108855490984
08-08 23:00:00,234.00576253600042
08-09 00:00:00,243.19420352058424
08-09 01:00:00,259.80404227681976
08-09 02:00:00,268.91272447222747
08-09 03:00:00,275.9000037269906
08-09 04:00:00,288.9922083774323
08-09 05:00:00,289.38850782767616
08-09 06:00:00,268.85752313127864
08-09 07:00:00,196.59948863470572
08-09 08:00:00,171.27505956187534
08-09 09:00:00,110.12046902925456
08-09 10:00:00,40.35247912580201
08-09 11:00:00,2.79014487948883
08-09 12:00:00,3.489760640193778
08-09 13:00:00,2.991053645710889
08-09 14:00:00,2.399679428762839
08-09 15:00:00,2.399679428762839
08-09 16:00:00,2.528176835855284
08-09 17:00:00,6.285240683695992
08-09 18:00:00,18.218302319125836
08-09 19:00:00,55.50610588281363
08-09 20:00:00,96.64956000359726
08-09 21:00:00,145.35000962938804
08-09 22:00:00,160.516090672247
08-09 23:00:00,195.94138290572968
08-10 00:00:00,195.78012591506965
08-10 01:00:00,230.52094457723697
08-10 02:00:00,259.1495778664014
08-10 03:00:00,291.32768891123044
08-10 04:00:00,282.3121175631617
08-10 05:00:00,304.04900119911287
08-10 06:00:00,243.8747373164126
08-10 07:00:00,145.0803338592418
08-10 08:00:00,69.63562919332985
08-10 09:00:00,16.83071845971024
08-10 10:00:00,1.6033090482734556
08-10 11:00:00,1.3999790745190634
08-10 12:00:00,1.1173024329824126
08-10 13:00:00,1.4865628066784813
08-10 14:00:00,1.6622450943265283
08-10 15:00:00,1.9017971118475427
08-10 16:00:00,1.5447490647841247
08-10 17:00:00,1.515609365615892
08-10 18:00:00,1.4865628066784813
08-10 19:00:00,11.041358241755209
08-10 20:00:00,25.367750181569075
08-10 21:00:00,34.43213385431878
08-10 22:00:00,64.4061725918334
08-10 23:00:00,92.45230532407747
08-11 00:00:00,108.2868121692863
08-11 01:00:00,124.94196152679682
08-11 02:00:00,144.44428702633874
08-11 03:00:00,166.71056758246945
08-11 04:00:00,176.99612880897516
08-11 05:00:00,178.6832215555593
08-11 06:00:00,141.62205149722865
08-11 07:00:00,63.78563055019832
08-11 08:00:00,6.311520789200886
08-11 09:00:00,1.3713021838834916
08-11 10:00:00,1.145164268191387
08-11 11:00:00,0.8435418093054745
08-11 12:00:00,0.7364721611429457
08-11 13:00:00,0.9247503358809179
08-11 14:00:00,1.1173024329824126
08-11 15:00:00,0.8435418093054745
08-11 16:00:00,0.9247503358809179
08-11 17:00:00,1.1173024329824126
08-11 18:00:00,1.3713021838834916
08-11 19:00:00,1.3142232107117493
08-11 20:00:00,14.377195636405515
08-11 21:00:00,20.225146982289985
08-11 22:00:00,24.640916908334006
08-11 23:00:00,41.45199582545746
08-12 00:00:00,73.49718295095383
08-12 01:00:00,97.94151518087061
08-12 02:00:00,111.27723313808909
08-12 03:00:00,128.837959300357
08-12 04:00:00,144.15545450956736
08-12 05:00:00,143.34759348743728
08-12 06:00:00,96.10160449644023
08-12 07:00:00,31.546916949021185
08-12 08:00:00,0.8705245530109591
08-12 09:00:00,0.6045529340838159
08-12 10:00:00,0.3978363640490227
08-12 11:00:00,0.04861831456231904
08-12 12:00:00,0.0
08-12 13:00:00,0.0
08-12 14:00:00,0.12213421450202601
08-12 15:00:00,0.2713090091573001
08-12 16:00:00,0.12213421450202601
08-12 17:00:00,0.0
08-12 18:00:00,0.2212642568339113
08-12 19:00:00,0.6570667836173121
08-12 20:00:00,1.7276243854238469
08-12 21:00:00,4.1792905892143
08-12 22:00:00,5.993164561824052
08-12 23:00:00,1.3142232107117493
08-13 00:00:00,2.202950728416439
08-13 01:00:00,8.247944192264944
08-13 02:00:00,16.222302853060057
08-13 03:00:00,18.14324927025849
08-13 04:00:00,22.50043293369577
08-13 05:00:00,32.06435927032938
08-13 06:00:00,33.90179886265111
08-13 07:00:00,2.922022235583863
08-13 08:00:00,1.006743844660524
08-13 09:00:00,0.5264114678394305
08-13 10:00:00,0.34698149394813793
08-13 11:00:00,0.24624644520438496
08-13 12:00:00,0.24624644520438496
08-13 13:00:00,0.04861831456231904
08-13 14:00:00,0.0
08-13 15:00:00,0.09755012716090358
08-13 16:00:00,0.5264114678394305
08-13 17:00:00,0.5523750667003052
08-13 18:00:00,0.7364721611429457
08-13 19:00:00,0.8975939711168397
08-13 20:00:00,3.9695588890019837
08-13 21:00:00,6.954506145539812
08-13 22:00:00,8.845196326522874
08-13 23:00:00,13.903487423638863
08-14 00:00:00,15.888476216386756
08-14 01:00:00,19.724322579391867
08-14 02:00:00,25.45075116638677
08-14 03:00:00,39.59938678062866
08-14 04:00:00,46.41868774685166
08-14 05:00:00,52.051998219689814
08-14 06:00:00,24.701924035479603
08-14 07:00:00,0.9247503358809179
08-14 08:00:00,0.7898352600403085
08-14 09:00:00,0.5523750667003052
08-14 10:00:00,0.04861831456231904
08-14 11:00:00,0.0
08-14 12:00:00,0.0
08-14 13:00:00,0.0
08-14 14:00:00,0.0
08-14 15:00:00,0.17153999638972173
08-14 16:00:00,0.29645220225531443
08-14 17:00:00,0.34698149394813793
08-14 18:00:00,0.47473362964489746
08-14 19:00:00,0.683450363095638
08-14 20:00:00,0.7099187333645626
08-14 21:00:00,0.683450363095638
08-14 22:00:00,4.310365885609633
08-14 23:00:00,9.963135977235805
08-15 00:00:00,12.631007964491062
08-15 01:00:00,12.04579281243487
08-15 02:00:00,15.352732928880855
08-15 03:00:00,17.87197391224471
08-15 04:00:00,21.514782952152807
08-15 05:00:00,24.485939586763916
08-15 06:00:00,11.855341428745552
08-15 07:00:00,0.3723681034837253
08-15 08:00:00,0.1467974209861076
08-15 09:00:00,0.07304490993869757
08-15 10:00:00,0.1963621912435442
08-15 11:00:00,0.0
08-15 12:00:00,0.0
08-15 13:00:00,0.5523750667003052
08-15 14:00:00,0.0
08-15 15:00:00,0.32167627882295297
08-15 16:00:00,0.5523750667003052
08-15 17:00:00,0.7099187333645626
08-15 18:00:00,0.8166454685380222
08-15 19:00:00,1.0618459444491646
08-15 20:00:00,1.2575087458851635
08-15 21:00:00,1.4865628066784813
08-15 22:00:00,1.6033090482734556
08-15 23:00:00,3.5560792284846707
08-16 00:00:00,10.444325421978156
08-16 01:00:00,15.549156643515289
08-16 02:00:00,31.39623715931333
08-16 03:00:00,113.55022810045206
08-16 04:00:00,106.42250238624847
08-16 05:00:00,93.45436683513275
08-16 06:00:00,84.53543724609568
08-16 07:00:00,72.2574155882943
08-16 08:00:00,76.98677327094944
08-16 09:00:00,99.0001244551383
08-16 10:00:00,137.2944917852843
08-16 11:00:00,152.04510788192673
08-16 12:00:00,177.3282974512139
08-16 13:00:00,187.40450806897363
08-16 14:00:00,210.67641594502595
08-16 15:00:00,191.90222399654715
08-16 16:00:00,164.18870735715345
08-16 17:00:00,160.36021061253166
08-16 18:00:00,172.45230849725462
08-16 19:00:00,193.7786081885258
08-16 20:00:00,195.37305241026516
08-16 21:00:00,221.28524332101293
08-16 22:00:00,219.32260804459386
08-16 23:00:00,218.74932609333254
08-17 00:00:00,205.32081533559037
08-17 01:00:00,301.6384527260378
08-17 02:00:00,361.37294330488993
08-17 03:00:00,362.99777979655227
08-17 04:00:00,371.97479578597324
08-17 05:00:00,373.93783881481954
08-17 06:00:00,365.7340582198157
08-17 07:00:00,363.998511324506
08-17 08:00:00,339.9479874285641
08-17 09:00:00,266.27355987891303
08-17 10:00:00,201.11483296403426
08-17 11:00:00,151.94392638762955
08-17 12:00:00,116.57071502951894
08-17 13:00:00,93.8602193351263
08-17 14:00:00,62.88117523713217
08-17 15:00:00,58.066019334133195
08-17 16:00:00,53.53247456852521
08-17 17:00:00,97.07933784522348
08-17 18:00:00,127.09374348311306
08-17 19:00:00,152.59320915501894
08-17 20:00:00,166.51660042223057
08-17 21:00:00,193.44978816451464
08-17 22:00:00,217.02831149706236
08-17 23:00:00,246.30286129791148
08-18 00:00:00,291.7449809016012
08-18 01:00:00,299.1626540734483
08-18 02:00:00,308.6073598013947
08-18 03:00:00,315.72744133542216
08-18 04:00:00,312.5311445285092
08-18 05:00:00,299.8639230247249
08-18 06:00:00,293.23808036339585
08-18 07:00:00,250.62123586945444
08-18 08:00:00,210.95470017754351
08-18 09:00:00,171.50464725347078
08-18 10:00:00,135.51920978592608
08-18 11:00:00,102.52597474199935
08-18 12:00:00,57.07105338421181
08-18 13:00:00,19.218889329220357
08-18 14:00:00,11.50265792942013
08-18 15:00:00,8.856243291900897
08-18 16:00:00,6.540487704025308
08-18 17:00:00,12.62609499564342
08-18 18:00:00,64.46776739021094
08-18 19:00:00,111.78279456359164
08-18 20:00:00,147.31698114065352
08-18 21:00:00,188.41222423075706
08-18 22:00:00,186.74958878459205
08-18 23:00:00,172.33351684431244
08-19 00:00:00,179.34424233907626
08-19 01:00:00,180.90567170164547
08-19 02:00:00,185.3086660218958
08-19 03:00:00,193.49090348451992
08-19 04:00:00,206.8454479612668
08-19 05:00:00,212.64962769104213
08-19 06:00:00,208.15511762748721
08-19 07:00:00,148.5305580315524
08-19 08:00:00,100.17669786710971
08-19 09:00:00,51.93648066810444
08-19 10:00:00,36.66658218916842
08-19 11:00:00,14.160769688526443
08-19 12:00:00,2.625632190287697
08-19 13:00:00,8.841013721416717
08-19 14:00:00,11.924049871301378
08-19 15:00:00,12.191078709009972
08-19 16:00:00,12.820311664597023
08-19 17:00:00,12.88813950705505
08-19 18:00:00,45.69528168540542
08-19 19:00:00,52.59784266286281
08-19 20:00:00,75.95171260663946
08-19 21:00:00,89.63263344784562
08-19 22:00:00,119.80817005850832
08-19 23:00:00,133.54076529188433
08-20 00:00:00,151.56421617850785
08-20 01:00:00,144.71467178351307
08-20 02:00:00,156.73253805892648
08-20 03:00:00,191.43727555985242
08-20 04:00:00,192.6027839167961
08-20 05:00:00,180.43997539068363
08-20 06:00:00,161.5057631567123
08-20 07:00:00,114.85736239755992
08-20 08:00:00,56.20194417539084
08-20 09:00:00,3.5055905123613345
08-20 10:00:00,2.1164918622545708
08-20 11:00:00,1.993221168717365
08-20 12:00:00,2.304377594776919
08-20 13:00:00,1.6327299168890241
08-20 14:00:00,1.6622450943265283
08-20 15:00:00,1.6327299168890241
08-20 16:00:00,1.8112459404724786
08-20 17:00:00,2.0855262801436294
08-20 18:00:00,2.8724543635151703
08-20 19:00:00,20.88835379410283
08-20 20:00:00,34.06568579119665
08-20 21:00:00,54.01696065587742
08-20 22:00:00,97.261436649779
08-20 23:00:00,116.76553251974998
08-21 00:00:00,147.16145143283538
08-21 01:00:00,163.60061086216606
08-21 02:00:00,171.72835814304716
08-21 03:00:00,173.80018876825082
08-21 04:00:00,189.341018379178
08-21 05:00:00,215.99064671438242
08-21 06:00:00,173.05807540835002
08-21 07:00:00,84.18875640028004
08-21 08:00:00,27.61063694600021
08-21 09:00:00,1.4287479499806892
08-21 10:00:00,1.145164268191387
08-21 11:00:00,0.9519939203577978
08-21 12:00:00,0.7364721611429457
08-21 13:00:00,0.6570667836173121
08-21 14:00:00,0.7898352600403085
08-21 15:00:00,0.7631109139367211
08-21 16:00:00,0.8705245530109591
08-21 17:00:00,1.2575087458851635
08-21 18:00:00,1.4865628066784813
08-21 19:00:00,9.639457230208375
08-21 20:00:00,19.857950160235887
08-21 21:00:00,25.123691442505315
08-21 22:00:00,25.960183875903518
08-21 23:00:00,38.56347788018296
08-22 00:00:00,50.14424208933037
08-22 01:00:00,23.947995673300724
08-22 02:00:00,92.08065141116195
08-22 03:00:00,121.57854915917873
08-22 04:00:00,140.84887804588183
08-22 05:00:00,106.1909393221689
08-22 06:00:00,149.80639337663644
08-22 07:00:00,127.05444499133324
08-22 08:00:00,89.51459473335478
08-22 09:00:00,63.33584717095232
08-22 10:00:00,32.33518189081427
08-22 11:00:00,8.502484355635046
08-22 12:00:00,7.283153511529864
08-22 13:00:00,7.1283452297756025
08-22 14:00:00,5.941221652906805
08-22 15:00:00,88.53907522561788
08-22 16:00:00,105.21423328840609
08-22 17:00:00,128.96375764346826
08-22 18:00:00,169.12400822972484
08-22 19:00:00,195.577077610647
08-22 20:00:00,215.48016246892718
08-22 21:00:00,217.7744280691831
08-22 22:00:00,240.9905061607496
08-22 23:00:00,251.73462156862396
08-23 00:00:00,257.5309630693937
08-23 01:00:00,268.1371641408213
08-23 02:00:00,272.6107523596969
08-23 03:00:00,267.11491091025255
08-23 04:00:00,294.8177919051255
08-23 05:00:00,293.033719707527
08-23 06:00:00,273.6006133315941
08-23 07:00:00,231.48108628602654
08-23 08:00:00,178.15622619524387
08-23 09:00:00,112.81760734849556
08-23 10:00:00,71.55756885968104
08-23 11:00:00,59.56018671381677
08-23 12:00:00,43.89349020080836
08-23 13:00:00,10.10694946211231
08-23 14:00:00,12.534579905192999
08-23 15:00:00,15.73599254485528
08-23 16:00:00,16.61045163892195
08-23 17:00:00,50.14947761581024
08-23 18:00:00,75.98180309987839
08-23 19:00:00,101.96985228071743
08-23 20:00:00,122.09144900151121
08-23 21:00:00,153.87543080091433
08-23 22:00:00,158.05204008319816
08-23 23:00:00,195.09744865605236
08-24 00:00:00,183.1588909864212
08-24 01:00:00,205.630768415454
08-24 02:00:00,256.95917330430075
08-24 03:00:00,263.8033922074392
08-24 04:00:00,249.95756650919947
08-24 05:00:00,255.00012329366626
08-24 06:00:00,252.39951335177872
08-24 07:00:00,248.80454071845296
08-24 08:00:00,237.7106254367963
08-24 09:00:00,210.00505935034965
08-24 10:00:00,184.23186329281543
08-24 11:00:00,150.79263570850634
08-24 12:00:00,167.38733937125687
08-24 13:00:00,156.10879119578482
08-24 14:00:00,151.18703090566657
08-24 15:00:00,122.69906586091622
08-24 16:00:00,119.54101146717633
08-24 17:00:00,130.34419104740508
08-24 18:00:00,138.55263559970177
08-24 19:00:00,165.36283433301517
08-24 20:00:00,190.2055695518743
08-24 21:00:00,191.73074987850563
08-24 22:00:00,229.36250662243071
08-24 23:00:00,267.1112277382078
08-25 00:00:00,246.74819405101414
08-25 01:00:00,257.8429610430518
08-25 02:00:00,262.6373370932728
08-25 03:00:00,275.7888608158993
08-25 04:00:00,275.64110679538476
08-25 05:00:00,279.5168912866572
08-25 06:00:00,269.76890497661896
08-25 07:00:00,247.8904970123007
08-25 08:00:00,230.53476904436522
08-25 09:00:00,190.76550601091884
08-25 10:00:00,158.8774711304608
08-25 11:00:00,134.8522868264727
08-25 12:00:00,134.36327893166813
08-25 13:00:00,128.5678168964046
08-25 14:00:00,121.98344621195652
08-25 15:00:00,105.25414606653315
08-25 16:00:00,90.23952423047604
08-25 17:00:00,109.17064730738423
08-25 18:00:00,143.75932552803908
08-25 19:00:00,180.59575521138348
08-25 20:00:00,217.05738546881804
08-25 21:00:00,250.42616285567988
08-25 22:00:00,292.8481730073386
08-25 23:00:00,315.3200832444158
08-26 00:00:00,346.9667615576634
08-26 01:00:00,353.5158540838937
08-26 02:00:00,369.5312265551489
08-26 03:00:00,385.68739730153715
08-26 04:00:00,395.05225041195547
08-26 05:00:00,408.6630684472835
08-26 06:00:00,377.502655582856
08-26 07:00:00,277.4049415173187
08-26 08:00:00,181.10504043439042
08-26 09:00:00,144.8180165096868
08-26 10:00:00,67.79037917714993
08-26 11:00:00,31.347805876982996
08-26 12:00:00,14.077850474320547
08-26 13:00:00,14.149677072246947
08-26 14:00:00,15.454367672970076
08-26 15:00:00,24.228824432485926
08-26 16:00:00,79.57293457715565
08-26 17:00:00,74.41369795654461
08-26 18:00:00,123.49853759806567
08-26 19:00:00,167.62831858268987
08-26 20:00:00,192.24225563217428
08-26 21:00:00,227.28990942005274
08-26 22:00:00,235.1036521403218
08-26 23:00:00,243.60369967656038
08-27 00:00:00,248.27507218364445
08-27 01:00:00,268.46029637583746
08-27 02:00:00,287.2770225459996
08-27 03:00:00,299.7005188201524
08-27 04:00:00,321.6759978271457
08-27 05:00:00,345.84466184035756
08-27 06:00:00,340.1476625508912
08-27 07:00:00,298.1525849718548
08-27 08:00:00,234.24644891797206
08-27 09:00:00,194.8390666101998
08-27 10:00:00,139.59611536123705
08-27 11:00:00,110.39036762103198
08-27 12:00:00,87.2058123005852
08-27 13:00:00,84.73309198790568
08-27 14:00:00,89.48551678042922
08-27 15:00:00,96.55039237464015
08-27 16:00:00,106.2340041410044
08-27 17:00:00,125.4986908180159
08-27 18:00:00,174.75835617026223
08-27 19:00:00,216.06714132279905
08-27 20:00:00,243.01380925505032
08-27 21:00:00,289.5533742260824
08-27 22:00:00,331.43850382501455
08-27 23:00:00,352.8847241517858
08-28 00:00:00,360.31686487732355
08-28 01:00:00,373.8985499632655
08-28 02:00:00,381.7198953952956
08-28 03:00:00,407.3248501720665
08-28 04:00:00,425.8960614539696
08-28 05:00:00,427.69931359894514
08-28 06:00:00,421.2315838834276
08-28 07:00:00,373.82914930079346
08-28 08:00:00,344.9411320849035
08-28 09:00:00,333.247629131142
08-28 10:00:00,288.82249544540315
08-28 11:00:00,241.03749126619297
08-28 12:00:00,201.12729794901048
08-28 13:00:00,190.84183667019983
08-28 14:00:00,303.03923421012223
08-28 15:00:00,402.916776465702
08-28 16:00:00,386.24501101873494
08-28 17:00:00,394.612147854662
08-28 18:00:00,395.22074203668177
08-28 19:00:00,416.7309171435886
08-28 20:00:00,426.95081799812596
08-28 21:00:00,421.8234436711953
08-28 22:00:00,421.73982909558293
08-28 23:00:00,431.0554458855029
08-29 00:00:00,436.40499876131133
08-29 01:00:00,444.5905518411579
08-29 02:00:00,443.33919340737725
08-29 03:00:00,451.58136487956284
08-29 04:00:00,448.3732096196939
08-29 05:00:00,451.19848345585245
08-29 06:00:00,434.6133258374296
08-29 07:00:00,408.083866312346
08-29 08:00:00,385.54617100922053
08-29 09:00:00,377.6918557662922
08-29 10:00:00,343.4738029463061
08-29 11:00:00,317.5944907857121
08-29 12:00:00,278.4914935706018
08-29 13:00:00,303.21323968876396
08-29 14:00:00,304.1433227463207
08-29 15:00:00,305.01291244165685
08-29 16:00:00,282.78644993419346
08-29 17:00:00,281.5578872924098
08-29 18:00:00,274.27076227432883
08-29 19:00:00,280.0972006465095
08-29 20:00:00,288.4075488704521
08-29 21:00:00,301.30108045836226
08-29 22:00:00,315.10990453311
08-29 23:00:00,327.89810124030805
08-30 00:00:00,350.21390342271195
08-30 01:00:00,350.21390342271195
08-30 02:00:00,356.5092771276448
08-30 03:00:00,361.49482509010056
08-30 04:00:00,374.5213117533592
08-30 05:00:00,370.15985968382927
08-30 06:00:00,355.301753234287
08-30 07:00:00,308.2495883666955
08-30 08:00:00,290.10789302651204
08-30 09:00:00,262.51893658770183
08-30 10:00:00,245.01631086962925
08-30 11:00:00,240.5756229008999
08-30 12:00:00,242.57218392351257
08-30 13:00:00,218.8423238674846
08-30 14:00:00,158.84210433243175
08-30 15:00:00,168.57174876089402
08-30 16:00:00,161.31306727806472
08-30 17:00:00,188.28149591827406
08-30 18:00:00,235.39469616979267
08-30 19:00:00,272.9918355319363
08-30 20:00:00,296.455468398285
08-30 21:00:00,296.43434026793074
08-30 22:00:00,300.73396631922736
08-30 23:00:00,310.3401693335842
08-31 00:00:00,312.30691158983313
08-31 01:00:00,312.4783908402417
08-31 02:00:00,313.6002995568895
08-31 03:00:00,310.43564420328454
08-31 04:00:00,314.63196362496166
08-31 05:00:00,319.70325124650475
08-31 06:00:00,323.92674974359915
08-31 07:00:00,285.69357552016
08-31 08:00:00,261.41754981088536
08-31 09:00:00,217.9792259143608
08-31 10:00:00,182.0532258472303
08-31 11:00:00,130.6248933369081
08-31 12:00:00,97.5526752274509
08-31 13:00:00,84.31427522420839
08-31 14:00:00,48.876270733786875
08-31 15:00:00,70.10541894842876
08-31 16:00:00,101.51446647634074
08-31 17:00:00,132.05087077636838
08-31 18:00:00,172.7540940853169
08-31 19:00:00,225.73947093580696
08-31 20:00:00,255.32277251391793
08-31 21:00:00,280.4320997945917
08-31 22:00:00,328.51882652900105
08-31 23:00:00,343.45641507540614
09-01 00:00:00,359.73272294431456
09-01 01:00:00,370.7536163969366
09-01 02:00:00,396.43553822801516
09-01 03:00:00,409.9113725735406
09-01 04:00:00,414.31042042800846
09-01 05:00:00,461.56127914979436
09-01 06:00:00,423.0134048746578
09-01 07:00:00,341.685652275615
09-01 08:00:00,277.9638688978722
09-01 09:00:00,201.2015261490853
09-01 10:00:00,124.85770923341809
09-01 11:00:00,69.74384788113434
09-01 12:00:00,23.06545004126302
09-01 13:00:00,7.434066693119883
09-01 14:00:00,8.559710910845386
09-01 15:00:00,11.84032234694705
09-01 16:00:00,15.40185886890249
09-01 17:00:00,24.116619801754005
09-01 18:00:00,117.81193481737974
09-01 19:00:00,172.01746138851843
09-01 20:00:00,212.93190924610417
09-01 21:00:00,245.03073360801778
09-01 22:00:00,299.1618431601625
09-01 23:00:00,330.87684482460446
09-02 00:00:00,354.0250553659648
09-02 01:00:00,387.9381977477678
09-02 02:00:00,410.6016777874197
09-02 03:00:00,423.60788234585
09-02 04:00:00,454.6242922055788
09-02 05:00:00,457.14655419354597
09-02 06:00:00,439.94704792268476
09-02 07:00:00,355.6885356881354
09-02 08:00:00,271.6981337236252
09-02 09:00:00,211.47753896490246
09-02 10:00:00,128.38270914262608
09-02 11:00:00,63.27156067995241
09-02 12:00:00,18.731310802912784
09-02 13:00:00,1.2858205570310983
09-02 14:00:00,1.6033090482734556
09-02 15:00:00,1.7215595533623924
09-02 16:00:00,1.8715168022329443
09-02 17:00:00,9.849279942409947
09-02 18:00:00,37.24290811504043
09-02 19:00:00,88.51792338863916
09-02 20:00:00,110.90571309351199
09-02 21:00:00,180.2536968959595
09-02 22:00:00,222.12184205901178
09-02 23:00:00,249.42845099013897
09-03 00:00:00,261.50371338811715
09-03 01:00:00,286.33280950679494
09-03 02:00:00,308.0168415015601
09-03 03:00:00,316.1068221955351
09-03 04:00:00,319.2164613476122
09-03 05:00:00,332.33943355914465
09-03 06:00:00,307.2989755742974
09-03 07:00:00,244.51420055851472
09-03 08:00:00,199.00280342893583
09-03 09:00:00,116.034728900557
09-03 10:00:00,47.92951533298104
09-03 11:00:00,5.2237038307797965
09-03 12:00:00,2.2413484348313886
09-03 13:00:00,2.1164918622545708
09-03 14:00:00,2.1164918622545708
09-03 15:00:00,2.1164918622545708
09-03 16:00:00,2.3360434808803086
09-03 17:00:00,3.303115306652109
09-03 18:00:00,17.151711165289143
09-03 19:00:00,36.30415012259282
09-03 20:00:00,73.98370086702602
09-03 21:00:00,153.9942277739419
09-03 22:00:00,190.935798516193
09-03 23:00:00,224.24021786253292
09-04 00:00:00,256.66517012693123
09-04 01:00:00,272.918586731448
09-04 02:00:00,292.8561130984201
09-04 03:00:00,304.1956061852075
09-04 04:00:00,316.6628196491093
09-04 05:00:00,336.6494956617404
09-04 06:00:00,331.5860539036473
09-04 07:00:00,240.89229037662537
09-04 08:00:00,157.49567148159835
09-04 09:00:00,76.26286553712382
09-04 10:00:00,13.182407385525003
09-04 11:00:00,2.3678106543651167
09-04 12:00:00,2.4637230386706546
09-04 13:00:00,2.6911225930694327
09-04 14:00:00,2.5605583475413387
09-04 15:00:00,2.6583251611820002
09-04 16:00:00,2.625632190287697
09-04 17:00:00,2.677680997958457
09-04 18:00:00,22.817213632825524
09-04 19:00:00,52.47984651399454
09-04 20:00:00,97.43535799752159
09-04 21:00:00,163.0623870685075
09-04 22:00:00,190.53373296573957
09-04 23:00:00,232.07299682750252
09-05 00:00:00,265.65825795254085
09-05 01:00:00,272.7271337985681
09-05 02:00:00,301.42255528177486
09-05 03:00:00,312.9380562804906
09-05 04:00:00,312.1378501806595
09-05 05:00:00,329.53492677589645
09-05 06:00:00,318.48054975008495
09-05 07:00:00,230.06784113845853
09-05 08:00:00,140.20828097056898
09-05 09:00:00,60.529251496389826
09-05 10:00:00,9.01511785868974
09-05 11:00:00,1.781254789072986
09-05 12:00:00,1.9626489929519977
09-05 13:00:00,2.2413484348313886
09-05 14:00:00,2.3360434808803086
09-05 15:00:00,2.2413484348313886
09-05 16:00:00,2.272812683372185
09-05 17:00:00,2.2099845381671464
09-05 18:00:00,22.579428055480307
09-05 19:00:00,40.06505294070992
09-05 20:00:00,64.1050390239179
09-05 21:00:00,118.92621616612489
09-05 22:00:00,183.2650963985432
09-05 23:00:00,203.6954056459051
09-06 00:00:00,221.38845173544337
09-06 01:00:00,240.2807529199085
09-06 02:00:00,260.54542284756843
09-06 03:00:00,285.7036825742398
09-06 04:00:00,307.3927485439392
09-06 05:00:00,299.2481578790449
09-06 06:00:00,285.65416410273616
09-06 07:00:00,218.3618963429175
09-06 08:00:00,123.70148326432377
09-06 09:00:00,70.56460375643039
09-06 10:00:00,11.937149352532485
09-06 11:00:00,1.3427169912746757
09-06 12:00:00,2.1164918622545708
09-06 13:00:00,2.304377594776919
09-06 14:00:00,2.1164918622545708
09-06 15:00:00,2.1475565607510942
09-06 16:00:00,2.1475565607510942
09-06 17:00:00,2.210175977376655
09-06 18:00:00,18.443024920072695
09-06 19:00:00,36.4909205733038
09-06 20:00:00,53.259134734213205
09-06 21:00:00,93.02522434982038
09-06 22:00:00,168.431371246553
09-06 23:00:00,184.8787743619065
09-07 00:00:00,203.7952388355489
09-07 01:00:00,233.4114578740247
09-07 02:00:00,238.8232870818271
09-07 03:00:00,259.18968684206584
09-07 04:00:00,286.01044490820647
09-07 05:00:00,300.35898806074874
09-07 06:00:00,286.152952518542
09-07 07:00:00,218.2639454317571
09-07 08:00:00,155.45888282742303
09-07 09:00:00,105.35948981674039
09-07 10:00:00,52.24613738935216
09-07 11:00:00,1.6033090482734556
09-07 12:00:00,1.6622450943265283
09-07 13:00:00,1.9626489929519977
09-07 14:00:00,1.8715168022329443
09-07 15:00:00,1.7215595533623924
09-07 16:00:00,2.272812683372185
09-07 17:00:00,7.06148793124264
09-07 18:00:00,30.571505441749874
09-07 19:00:00,58.285400313338315
09-07 20:00:00,108.37531898889658
09-07 21:00:00,156.4432550869283
09-07 22:00:00,192.31513957796471
09-07 23:00:00,210.88505444771766
09-08 00:00:00,229.81826747520316
09-08 01:00:00,236.2788361463563
09-08 02:00:00,273.6375309964629
09-08 03:00:00,284.3684065718695
09-08 04:00:00,296.1124658034843
09-08 05:00:00,308.41219339864153
09-08 06:00:00,300.4701888054023
09-08 07:00:00,227.0156998285563
09-08 08:00:00,150.64334904298346
09-08 09:00:00,83.88631565215924
09-08 10:00:00,26.087024214431903
09-08 11:00:00,1.229287493741232
09-08 12:00:00,1.1731155363954495
09-08 13:00:00,0.8975939711168397
09-08 14:00:00,0.8705245530109591
09-08 15:00:00,0.7099187333645626
09-08 16:00:00,0.8705245530109591
09-08 17:00:00,1.3427169912746757
09-08 18:00:00,11.918138951513725
09-08 19:00:00,26.108314491184853
09-08 20:00:00,59.94084656666429
09-08 21:00:00,84.64700003040767
09-08 22:00:00,74.63974063689447
09-08 23:00:00,82.0398874833754
09-09 00:00:00,84.51529078334009
09-09 01:00:00,94.18830160344595
09-09 02:00:00,104.83033221766296
09-09 03:00:00,152.3894552187739
09-09 04:00:00,193.1431488920713
09-09 05:00:00,209.2726118434054
09-09 06:00:00,205.29940745252827
09-09 07:00:00,182.77371781530735
09-09 08:00:00,146.8581822094103
09-09 09:00:00,59.13236509930368
09-09 10:00:00,51.665579192541855
09-09 11:00:00,46.30215183357616
09-09 12:00:00,14.570171155156851
09-09 13:00:00,1.6327299168890241
09-09 14:00:00,1.5447490647841247
09-09 15:00:00,3.1122049513536396
09-09 16:00:00,3.951029208977358
09-09 17:00:00,12.357567366801428
09-09 18:00:00,55.31754349567985
09-09 19:00:00,68.67461196152409
09-09 20:00:00,101.85669046587998
09-09 21:00:00,116.19073895955393
09-09 22:00:00,156.74069223085073
09-09 23:00:00,180.88611118366052
09-10 00:00:00,191.8404184986133
09-10 01:00:00,216.54318099311362
09-10 02:00:00,225.63488008980954
09-10 03:00:00,236.17824137472593
09-10 04:00:00,249.11174020464225
09-10 05:00:00,257.9234035861428
09-10 06:00:00,250.25178005470798
09-10 07:00:00,169.77466155134007
09-10 08:00:00,97.51722807218727
09-10 09:00:00,46.00249188595462
09-10 10:00:00,22.314600924241986
09-10 11:00:00,2.272812683372185
09-10 12:00:00,2.3678106543651167
09-10 13:00:00,2.625632190287697
09-10 14:00:00,5.266856413065343
09-10 15:00:00,7.1283452297756025
09-10 16:00:00,9.04128306237713
09-10 17:00:00,31.694743809127555
09-10 18:00:00,111.26071461615814
09-10 19:00:00,162.21341744289856
09-10 20:00:00,189.30138751855594
09-10 21:00:00,198.04256492579907
09-10 22:00:00,205.96128458326197
09-10 23:00:00,212.91406382866927
09-11 00:00:00,235.0369340877774
09-11 01:00:00,256.9253706854515
09-11 02:00:00,251.6542154895168
09-11 03:00:00,249.25000772291386
09-11 04:00:00,257.15549142423544
09-11 05:00:00,250.98079865752578
09-11 06:00:00,241.0205978761583
09-11 07:00:00,208.7152507473128
09-11 08:00:00,133.92014453427413
09-11 09:00:00,61.52220739634136
09-11 10:00:00,5.207271085562359
09-11 11:00:00,2.431650118454369
09-11 12:00:00,2.3678106543651167
09-11 13:00:00,2.178720683238684
09-11 14:00:00,2.1164918622545708
09-11 15:00:00,1.9321744081810373
09-11 16:00:00,2.1475565607510942
09-11 17:00:00,5.216346848948992
09-11 18:00:00,76.73607653053179
09-11 19:00:00,95.678401236541
09-11 20:00:00,103.29002805232867
09-11 21:00:00,100.67887615134242
09-11 22:00:00,137.50517101778792
09-11 23:00:00,145.55003511171188
09-12 00:00:00,178.0502081272444
09-12 01:00:00,214.94301593407823
09-12 02:00:00,236.20804701814396
09-12 03:00:00,262.1274157413694
09-12 04:00:00,271.2859155135687
09-12 05:00:00,264.44180556746943
09-12 06:00:00,245.4229105828363
09-12 07:00:00,220.16962664030254
09-12 08:00:00,181.0370826366311
09-12 09:00:00,109.3250040543749
09-12 10:00:00,63.50940437608657
09-12 11:00:00,38.690012219676795
09-12 12:00:00,20.70887230936656
09-12 13:00:00,11.700774821119081
09-12 14:00:00,1.9626489929519977
09-12 15:00:00,4.620874016917641
09-12 16:00:00,6.632758182148479
09-12 17:00:00,22.99662666424374
09-12 18:00:00,56.37002338021904
09-12 19:00:00,83.88388190377272
09-12 20:00:00,124.09354818326274
09-12 21:00:00,161.43505107370808
09-12 22:00:00,190.80384766259422
09-12 23:00:00,206.78264256852117
09-13 00:00:00,231.914258089768
09-13 01:00:00,240.63421216192773
09-13 02:00:00,242.90924211869273
09-13 03:00:00,253.91092648051185
09-13 04:00:00,269.2816281793552
09-13 05:00:00,284.0071101914387
09-13 06:00:00,282.6880451745404
09-13 07:00:00,213.78774422851487
09-13 08:00:00,132.87890045160597
09-13 09:00:00,67.68274657722873
09-13 10:00:00,5.527003912552883
09-13 11:00:00,1.6033090482734556
09-13 12:00:00,1.2858205570310983
09-13 13:00:00,1.515609365615892
09-13 14:00:00,2.178720683238684
09-13 15:00:00,1.9626489929519977
09-13 16:00:00,2.178720683238684
09-13 17:00:00,2.272812683372185
09-13 18:00:00,16.270423045409643
09-13 19:00:00,23.306490012412493
09-13 20:00:00,29.908830787913026
09-13 21:00:00,102.12136301598173
09-13 22:00:00,128.51481604063667
09-13 23:00:00,131.43769763414988
09-14 00:00:00,154.16746804233506
09-14 01:00:00,164.94038637432882
09-14 02:00:00,186.26600020590294
09-14 03:00:00,180.10570521151143
09-14 04:00:00,187.77320977131293
09-14 05:00:00,211.59075681643054
09-14 06:00:00,201.05073142844546
09-14 07:00:00,145.03977144223856
09-14 08:00:00,69.95770304936934
09-14 09:00:00,2.8655729909262684
09-14 10:00:00,1.3142232107117493
09-14 11:00:00,1.0342507345917409
09-14 12:00:00,0.7364721611429457
09-14 13:00:00,0.8705245530109591
09-14 14:00:00,0.8975939711168397
09-14 15:00:00,1.3999790745190634
09-14 16:00:00,1.7215595533623924
09-14 17:00:00,1.9626489929519977
09-14 18:00:00,6.385782830475906
09-14 19:00:00,16.37641326457532
09-14 20:00:00,23.181234159483903
09-14 21:00:00,51.18341892633114
09-14 22:00:00,55.510187996663106
09-14 23:00:00,39.19852006813335
09-15 00:00:00,57.666470507583966
09-15 01:00:00,78.75479035054359
09-15 02:00:00,104.30551639083482
09-15 03:00:00,110.29926913638693
09-15 04:00:00,108.1552970430439
09-15 05:00:00,111.31524389759502
09-15 06:00:00,109.33553339534969
09-15 07:00:00,93.7525719508406
09-15 08:00:00,70.69377839182425
09-15 09:00:00,53.99952113402733
09-15 10:00:00,4.12292811947232
09-15 11:00:00,1.781254789072986
09-15 12:00:00,1.841333178456123
09-15 13:00:00,1.6622450943265283
09-15 14:00:00,8.635369535661857
09-15 15:00:00,29.116139196990652
09-15 16:00:00,24.51574959680639
09-15 17:00:00,42.15643844363519
09-15 18:00:00,59.86485949232546
09-15 19:00:00,77.19653493866198
09-15 20:00:00,74.99429942932836
09-15 21:00:00,105.58226234358779
09-15 22:00:00,121.22028014537064
09-15 23:00:00,136.35878305170706
09-16 00:00:00,126.63402669199286
09-16 01:00:00,133.79257707866861
09-16 02:00:00,129.8328328376647
09-16 03:00:00,130.73570396516126
09-16 04:00:00,137.9438799888607
09-16 05:00:00,125.33791190056903
09-16 06:00:00,132.0708078358247
09-16 07:00:00,108.94830284168745
09-16 08:00:00,76.0758542862277
09-16 09:00:00,83.19541393396293
09-16 10:00:00,49.95282557306494
09-16 11:00:00,22.720213761869736
09-16 12:00:00,14.220941752099938
09-16 13:00:00,29.762475708124214
09-16 14:00:00,51.54091969179432
09-16 15:00:00,83.96615016190886
09-16 16:00:00,109.91481322165397
09-16 17:00:00,143.18651713893385
09-16 18:00:00,148.99065496349354
09-16 19:00:00,164.02929130102456
09-16 20:00:00,179.8310520262637
09-16 21:00:00,203.91098089419197
09-16 22:00:00,205.38185637931934
09-16 23:00:00,215.10076408927856
09-17 00:00:00,231.87394804045107
09-17 01:00:00,240.79431581200853
09-17 02:00:00,260.886908015369
09-17 03:00:00,271.6978500668714
09-17 04:00:00,267.8977477975167
09-17 05:00:00,277.32477047438283
09-17 06:00:00,286.44055156525593
09-17 07:00:00,240.38473779523844
09-17 08:00:00,193.89967141568843
09-17 09:00:00,150.59642172948372
09-17 10:00:00,124.39055284962933
09-17 11:00:00,84.32803938435899
09-17 12:00:00,57.05233229752165
09-17 13:00:00,36.631361273972516
09-17 14:00:00,17.99536378419787
09-17 15:00:00,24.330009206480067
09-17 16:00:00,48.88485894839037
09-17 17:00:00,113.95397268013267
09-17 18:00:00,142.1821101329408
09-17 19:00:00,167.54190105986754
09-17 20:00:00,197.4963455350905
09-17 21:00:00,214.66197677486096
09-17 22:00:00,251.84354948031364
09-17 23:00:00,280.3476283218986
09-18 00:00:00,304.42836092002267
09-18 01:00:00,331.66910878328304
09-18 02:00:00,356.77602922257074
09-18 03:00:00,379.57831498825453
09-18 04:00:00,394.27397396508314
09-18 05:00:00,418.6689764642937
09-18 06:00:00,416.2091139464446
09-18 07:00:00,355.5113541157699
09-18 08:00:00,296.38354773665503
09-18 09:00:00,247.81381366627144
09-18 10:00:00,172.70966991168638
09-18 11:00:00,100.05998666571391
09-18 12:00:00,31.819336672669987
09-18 13:00:00,9.724079385109937
09-18 14:00:00,10.90490382525431
09-18 15:00:00,19.937309710162552
09-18 16:00:00,35.99484666441068
09-18 17:00:00,113.305465783863
09-18 18:00:00,147.36010243090078
09-18 19:00:00,190.18697124952564
09-18 20:00:00,201.3593581877293
09-18 21:00:00,220.01419003935644
09-18 22:00:00,288.9120023675612
09-18 23:00:00,320.6160553517035
09-19 00:00:00,336.7039058730043
09-19 01:00:00,341.9578601993704
09-19 02:00:00,363.9379121214365
09-19 03:00:00,379.27709630208165
09-19 04:00:00,394.16521359838697
09-19 05:00:00,399.33806419513303
09-19 06:00:00,376.05704263309593
09-19 07:00:00,357.3516415592497
09-19 08:00:00,340.9746603677247
09-19 09:00:00,355.68911093863056
09-19 10:00:00,346.89936087164654
09-19 11:00:00,342.0348412888238
09-19 12:00:00,359.16718611365894
09-19 13:00:00,381.3928134099747
09-19 14:00:00,405.5718508860446
09-19 15:00:00,412.6169996313072
09-19 16:00:00,423.5434047556463
09-19 17:00:00,458.19774063724753
09-19 18:00:00,473.6501457198869
09-19 19:00:00,473.98082695646184
09-19 20:00:00,468.20122039325463
09-19 21:00:00,472.38836844836334
09-19 22:00:00,476.65040049685865
09-19 23:00:00,471.2343597461269
09-20 00:00:00,470.56810303527857
09-20 01:00:00,469.9051504389326
09-20 02:00:00,473.677637826073
09-20 03:00:00,468.9738338725479
09-20 04:00:00,464.0980830457563
09-20 05:00:00,463.25360205047826
09-20 06:00:00,462.1837375600861
09-20 07:00:00,448.9966254645752
09-20 08:00:00,422.4907757860163
09-20 09:00:00,379.58298636144417
09-20 10:00:00,325.08318856523056
09-20 11:00:00,291.68104473184167
09-20 12:00:00,244.83175360071667
09-20 13:00:00,225.5209715764997
09-20 14:00:00,225.24280119786917
09-20 15:00:00,237.5943196176762
09-20 16:00:00,255.0231574072093
09-20 17:00:00,281.0547620443152
09-20 18:00:00,309.2958718783809
09-20 19:00:00,322.8136650913596
09-20 20:00:00,321.810809366585
09-20 21:00:00,331.9360250912767
09-20 22:00:00,347.64331585559177
09-20 23:00:00,345.54969180887997
09-21 00:00:00,353.8631372885121
09-21 01:00:00,361.94871183428484
09-21 02:00:00,364.3576256360296
09-21 03:00:00,365.6961252338712
09-21 04:00:00,393.9299709320064
09-21 05:00:00,406.35740923670005
09-21 06:00:00,432.8810948570044
09-21 07:00:00,413.53741399970386
09-21 08:00:00,326.6837338082663
09-21 09:00:00,248.79811685873293
09-21 10:00:00,191.71964159491702
09-21 11:00:00,145.52597764978418
09-21 12:00:00,117.54497751102328
09-21 13:00:00,86.77083557847577
09-21 14:00:00,93.83964354997875
09-21 15:00:00,104.41236967415236
09-21 16:00:00,123.5298919389072
09-21 17:00:00,188.72744498717626
09-21 18:00:00,236.76473534871673
09-21 19:00:00,242.02104535720122
09-21 20:00:00,264.339958880355
09-21 21:00:00,301.3471755619655
09-21 22:00:00,349.4455078529069
09-21 23:00:00,389.32472858252873
09-22 00:00:00,448.5014382923777
09-22 01:00:00,476.96684448887794
09-22 02:00:00,509.24497452748847
09-22 03:00:00,526.4032412374963
09-22 04:00:00,537.529845041226
09-22 05:00:00,548.849380041993
09-22 06:00:00,532.2790156771955
09-22 07:00:00,495.90317500365916
09-22 08:00:00,452.79792525083036
09-22 09:00:00,384.7659911886518
09-22 10:00:00,321.11025189587707
09-22 11:00:00,270.58466448787453
09-22 12:00:00,231.06883994762111
09-22 13:00:00,194.2261835224016
09-22 14:00:00,163.97990535045798
09-22 15:00:00,159.72809307312608
09-22 16:00:00,181.05694480998122
09-22 17:00:00,227.11940875128624
09-22 18:00:00,246.1022666226851
09-22 19:00:00,305.8388715504068
09-22 20:00:00,354.1889805134919
09-22 21:00:00,411.32667693992465
09-22 22:00:00,433.0897017516697
09-22 23:00:00,473.0545410685338
09-23 00:00:00,488.64896019856195
09-23 01:00:00,513.8237270833429
09-23 02:00:00,526.5703734709319
09-23 03:00:00,559.309367168481
09-23 04:00:00,557.6695896084241
09-23 05:00:00,531.4714039779783
09-23 06:00:00,504.85314487567126
09-23 07:00:00,494.36883445937195
09-23 08:00:00,404.7876720907013
09-23 09:00:00,323.4916333525334
09-23 10:00:00,289.3485482333212
09-23 11:00:00,258.4119778506261
09-23 12:00:00,198.0270088880138
09-23 13:00:00,145.90742300954722
09-23 14:00:00,107.55184000638829
09-23 15:00:00,83.67642777584214
09-23 16:00:00,109.30963515273055
09-23 17:00:00,150.8100411976144
09-23 18:00:00,187.01906361221472
09-23 19:00:00,210.88537382771182
09-23 20:00:00,275.0084728991719
09-23 21:00:00,305.0574697354913
09-23 22:00:00,331.34221543285827
09-23 23:00:00,345.9303237655658
09-24 00:00:00,372.3576844177131
09-24 01:00:00,400.2601383181613
09-24 02:00:00,406.31703708220334
09-24 03:00:00,414.353728934308
09-24 04:00:00,416.7817817683572
09-24 05:00:00,425.956820477686
09-24 06:00:00,413.6051344281949
09-24 07:00:00,403.9938680507777
09-24 08:00:00,313.976180530259
09-24 09:00:00,200.16336369259025
09-24 10:00:00,107.20902003897804
09-24 11:00:00,38.07156265052758
09-24 12:00:00,2.2914965549453234
09-24 13:00:00,1.6327299168890241
09-24 14:00:00,1.6622450943265283
09-24 15:00:00,3.1367109914452933
09-24 16:00:00,22.759557213376578
09-24 17:00:00,59.35698178154223
09-24 18:00:00,96.11323475136001
09-24 19:00:00,151.06510856449913
09-24 20:00:00,229.69540789883618
09-24 21:00:00,249.92776023188193
09-24 22:00:00,271.2622278908499
09-24 23:00:00,310.73147241174587
09-25 00:00:00,310.5856943069272
09-25 01:00:00,311.18885743381173
09-25 02:00:00,343.33499531163164
09-25 03:00:00,365.86911644657823
09-25 04:00:00,368.8169537035686
09-25 05:00:00,371.94901872402266
09-25 06:00:00,383.1164700666918
09-25 07:00:00,330.6815010863529
09-25 08:00:00,237.67299197241735
09-25 09:00:00,146.9882347261223
09-25 10:00:00,72.0192014178138
09-25 11:00:00,37.04918595965431
09-25 12:00:00,1.0895297512915432
09-25 13:00:00,0.8166454685380222
09-25 14:00:00,0.979324998400245
09-25 15:00:00,1.8714831412422925
09-25 16:00:00,2.2831682254093764
09-25 17:00:00,22.459054772822448
09-25 18:00:00,52.153834120379955
09-25 19:00:00,60.77480846601762
09-25 20:00:00,72.82119776075504
09-25 21:00:00,84.1852398127392
09-25 22:00:00,108.63652046501089
09-25 23:00:00,119.39178167974586
09-26 00:00:00,111.66834128922181
09-26 01:00:00,121.42475943286554
09-26 02:00:00,146.92934426998204
09-26 03:00:00,183.92148583764703
09-26 04:00:00,220.7889615643594
09-26 05:00:00,234.80932644977722
09-26 06:00:00,235.5224053374287
09-26 07:00:00,189.9666191777879
09-26 08:00:00,118.2684224337779
09-26 09:00:00,92.913528657669
09-26 10:00:00,78.98379813249181
09-26 11:00:00,56.70741257035773
09-26 12:00:00,81.16133304507856
09-26 13:00:00,68.29124827178745
09-26 14:00:00,26.559713000697826
09-26 15:00:00,31.595381986137852
09-26 16:00:00,72.4827323855877
09-26 17:00:00,102.40904149769312
09-26 18:00:00,115.10353923279574
09-26 19:00:00,150.34838644287484
09-26 20:00:00,199.06508728018943
09-26 21:00:00,272.04110706317005
09-26 22:00:00,263.9876666173711
09-26 23:00:00,308.3897481748053
09-27 00:00:00,325.81435912720974
09-27 01:00:00,320.9684717097945
09-27 02:00:00,308.5566347444981
09-27 03:00:00,301.61738913860285
09-27 04:00:00,302.1092882656223
09-27 05:00:00,323.60274101706204
09-27 06:00:00,333.91912773204916
09-27 07:00:00,303.5941797416084
09-27 08:00:00,223.90608858981312
09-27 09:00:00,134.05318912709632
09-27 10:00:00,76.17731966418567
09-27 11:00:00,31.643677644191076
09-27 12:00:00,8.059796453173352
09-27 13:00:00,3.632863036038784
09-27 14:00:00,12.090144023349875
09-27 15:00:00,13.621950789095928
09-27 16:00:00,16.865698008218686
09-27 17:00:00,49.01288518748439
09-27 18:00:00,75.29374847543329
09-27 19:00:00,131.4246429559884
09-27 20:00:00,172.81800091122594
09-27 21:00:00,176.5068654146393
09-27 22:00:00,201.46676268969347
09-27 23:00:00,201.2743854405437
09-28 00:00:00,223.5268263352954
09-28 01:00:00,208.88162402573644
09-28 02:00:00,215.67715753320834
09-28 03:00:00,287.4310107428442
09-28 04:00:00,309.47731180612385
09-28 05:00:00,320.9531974597986
09-28 06:00:00,331.76204761489
09-28 07:00:00,338.0577739922647
09-28 08:00:00,320.5515611929897
09-28 09:00:00,300.5415240838203
09-28 10:00:00,274.17211388526806
09-28 11:00:00,254.8972624719532
09-28 12:00:00,231.39145323104177
09-28 13:00:00,211.28872381633423
09-28 14:00:00,193.91077125287936
09-28 15:00:00,192.7708532565223
09-28 16:00:00,205.7592648474532
09-28 17:00:00,232.1975896347097
09-28 18:00:00,242.2419689886482
09-28 19:00:00,246.97456134996898
09-28 20:00:00,255.59824537569583
09-28 21:00:00,264.55102366068456
09-28 22:00:00,289.79701550733313
09-28 23:00:00,307.54874372790624
09-29 00:00:00,282.24915586425203
09-29 01:00:00,281.8148525512526
09-29 02:00:00,297.0816052330396
09-29 03:00:00,305.5457295456517
09-29 04:00:00,327.862353412494
09-29 05:00:00,327.6928991265095
09-29 06:00:00,336.74543248157335
09-29 07:00:00,342.9447339065547
09-29 08:00:00,326.03617073713036
09-29 09:00:00,274.0520879479912
09-29 10:00:00,195.55623891332291
09-29 11:00:00,159.84299436145915
09-29 12:00:00,137.18698906445724
09-29 13:00:00,145.0965477699092
09-29 14:00:00,98.51431384511491
09-29 15:00:00,116.69844354924138
09-29 16:00:00,195.5845053894285
09-29 17:00:00,248.77622790945003
09-29 18:00:00,302.39692524726263
09-29 19:00:00,385.36549156788965
09-29 20:00:00,413.73889269787
09-29 21:00:00,443.1122169724003
09-29 22:00:00,446.8289680310017
09-29 23:00:00,472.60148448969164
09-30 00:00:00,490.41249413321344
09-30 01:00:00,525.4193997570461
09-30 02:00:00,523.674553852564
09-30 03:00:00,525.4723241332869
09-30 04:00:00,514.2031502682223
09-30 05:00:00,535.013597690066
09-30 06:00:00,546.5503884499135
09-30 07:00:00,544.3544635131948
09-30 08:00:00,465.34755030759226
09-30 09:00:00,390.1022286064552
09-30 10:00:00,318.7946916961053
09-30 11:00:00,284.81320728131067
09-30 12:00:00,239.36670878223615
09-30 13:00:00,211.8012072516156
09-30 14:00:00,202.01986372099654
09-30 15:00:00,214.56867664459722
09-30 16:00:00,294.6007926101272
09-30 17:00:00,333.5390657871675
09-30 18:00:00,375.9307519108195
09-30 19:00:00,429.79719283446775
09-30 20:00:00,447.4059019666915
09-30 21:00:00,490.45363552292156
09-30 22:00:00,538.968026970317
09-30 23:00:00,541.1132310424741
10-01 00:00:00,539.6926934532529
10-01 01:00:00,571.463979709085
10-01 02:00:00,597.4716059812606
10-01 03:00:00,599.1704946736737
10-01 04:00:00,631.3215816942648
10-01 05:00:00,644.3076611864934
10-01 06:00:00,638.7206736308669
10-01 07:00:00,567.2726638972133
10-01 08:00:00,438.53497329410345
10-01 09:00:00,358.29470266902456
10-01 10:00:00,271.6937099057272
10-01 11:00:00,205.35645440937043
10-01 12:00:00,140.36617029745014
10-01 13:00:00,93.03201775996685
10-01 14:00:00,73.7182369172998
10-01 15:00:00,90.31231642804093
10-01 16:00:00,137.9160530635085
10-01 17:00:00,173.80235435161674
10-01 18:00:00,218.38039928574318
10-01 19:00:00,306.61805785981494
10-01 20:00:00,313.22609254893473
10-01 21:00:00,319.7541450359097
10-01 22:00:00,334.5072542989913
10-01 23:00:00,333.73453670239576
10-02 00:00:00,339.75767930587165
10-02 01:00:00,342.68940917592954
10-02 02:00:00,337.20175959914377
10-02 03:00:00,323.8554524026825
10-02 04:00:00,328.8407878720877
10-02 05:00:00,358.65664143768157
10-02 06:00:00,366.48534709525
10-02 07:00:00,322.7859595998772
10-02 08:00:00,276.190924655173
10-02 09:00:00,209.48734534954573
10-02 10:00:00,119.04398935109954
10-02 11:00:00,33.55257799581447
10-02 12:00:00,2.3801259153136574
10-02 13:00:00,2.3360434808803086
10-02 14:00:00,3.226544440702127
10-02 15:00:00,2.6583251611820002
10-02 16:00:00,45.90209585668094
10-02 17:00:00,80.16289123446764
10-02 18:00:00,148.93441653103352
10-02 19:00:00,207.23081667574465
10-02 20:00:00,203.46836999804682
10-02 21:00:00,198.33265039385833
10-02 22:00:00,174.89289213398288
10-02 23:00:00,182.36466343713107
10-03 00:00:00,178.44169108877298
10-03 01:00:00,170.93710036137213
10-03 02:00:00,258.41082516406067
10-03 03:00:00,258.41082516406067
10-03 04:00:00,269.79816155477187
10-03 05:00:00,254.27067945220654
10-03 06:00:00,270.0555716351303
10-03 07:00:00,242.72228928473015
10-03 08:00:00,176.71657132991885
10-03 09:00:00,125.11368906918678
10-03 10:00:00,48.518006332983134
10-03 11:00:00,26.689831710398874
10-03 12:00:00,2.2413484348313886
10-03 13:00:00,2.431650118454369
10-03 14:00:00,2.431650118454369
10-03 15:00:00,2.4637230386706546
10-03 16:00:00,9.355540929183974
10-03 17:00:00,48.154705570189364
10-03 18:00:00,117.3012963277012
10-03 19:00:00,168.3308040684729
10-03 20:00:00,184.88142245029712
10-03 21:00:00,218.73934717780716
10-03 22:00:00,320.6172208243072
10-03 23:00:00,376.6771951736135
10-04 00:00:00,399.5661655420687
10-04 01:00:00,402.85735853446533
10-04 02:00:00,399.7485425316517
10-04 03:00:00,413.2048842059994
10-04 04:00:00,422.50000542737297
10-04 05:00:00,469.1779033417491
10-04 06:00:00,480.85863792967814
10-04 07:00:00,482.25981821271034
10-04 08:00:00,462.78027992334637
10-04 09:00:00,450.6869644773171
10-04 10:00:00,438.4122680365835
10-04 11:00:00,420.6742615773569
10-04 12:00:00,395.8444983458628
10-04 13:00:00,344.1801608620491
10-04 14:00:00,329.2603966818801
10-04 15:00:00,318.72744337488155
10-04 16:00:00,346.70192096345363
10-04 17:00:00,358.39672747774966
10-04 18:00:00,373.83658136218224
10-04 19:00:00,364.9775432073397
10-04 20:00:00,374.269545660141
10-04 21:00:00,374.12405425982297
10-04 22:00:00,393.00607402524236
10-04 23:00:00,404.8032199598309
10-05 00:00:00,410.0523872195286
10-05 01:00:00,410.8577569893382
10-05 02:00:00,414.7456545091081
10-05 03:00:00,422.8851530287148
10-05 04:00:00,433.46774185643363
10-05 05:00:00,441.28730017791986
10-05 06:00:00,443.9543367501634
10-05 07:00:00,429.1702720322869
10-05 08:00:00,408.73334481294097
10-05 09:00:00,380.5896834626767
10-05 10:00:00,363.84607806078606
10-05 11:00:00,346.2773353502734
10-05 12:00:00,342.49728137010993
10-05 13:00:00,343.54149227602954
10-05 14:00:00,353.4759091243233
10-05 15:00:00,335.72732032320135
10-05 16:00:00,342.90125635815616
10-05 17:00:00,359.9323065774605
10-05 18:00:00,381.3621936750998
10-05 19:00:00,379.60359766416536
10-05 20:00:00,383.97823757363346
10-05 21:00:00,394.6137476298948
10-05 22:00:00,460.68377171115674
10-05 23:00:00,448.332953762438
10-06 00:00:00,445.21092658668266
10-06 01:00:00,457.12550680084706
10-06 02:00:00,477.00996522142356
10-06 03:00:00,507.9953671506727
10-06 04:00:00,508.7190746607015
10-06 05:00:00,505.3220320207659
10-06 06:00:00,525.4927589802799
10-06 07:00:00,541.6764562765837
10-06 08:00:00,576.3578706810673
10-06 09:00:00,536.2054625691676
10-06 10:00:00,479.67618322966996
10-06 11:00:00,404.08804154462257
10-06 12:00:00,488.15897775315614
10-06 13:00:00,442.4635991607504
10-06 14:00:00,531.0973917734968
10-06 15:00:00,503.91365047488443
10-06 16:00:00,536.7595066666912
10-06 17:00:00,542.8335126076086
10-06 18:00:00,550.9482970154652
10-06 19:00:00,551.3864887704128
10-06 20:00:00,566.5072451141256
10-06 21:00:00,571.6247630092768
10-06 22:00:00,579.5654309781712
10-06 23:00:00,595.2120015869968
10-07 00:00:00,625.3179739745809
10-07 01:00:00,615.0227737574077
10-07 02:00:00,613.150147451719
10-07 03:00:00,603.7653383590635
10-07 04:00:00,609.3071219755498
10-07 05:00:00,608.902944170469
10-07 06:00:00,619.216561599688
10-07 07:00:00,603.4129131706661
10-07 08:00:00,541.0137039324541
10-07 09:00:00,517.884890043271
10-07 10:00:00,477.0056823884978
10-07 11:00:00,442.90379263374496
10-07 12:00:00,424.52763155199744
10-07 13:00:00,404.31663771319023
10-07 14:00:00,373.9521705242606
10-07 15:00:00,399.9290775008759
10-07 16:00:00,427.95441235877445
10-07 17:00:00,431.6476080341385
10-07 18:00:00,439.422113886
10-07 19:00:00,447.514081461674
10-07 20:00:00,478.070463201399
10-07 21:00:00,543.4480749345817
10-07 22:00:00,561.4469520713532
10-07 23:00:00,584.5311532185411
10-08 00:00:00,612.3631392963345
10-08 01:00:00,636.0416080706647
10-08 02:00:00,638.9702726507242
10-08 03:00:00,657.7685080922813
10-08 04:00:00,679.0139037908893
10-08 05:00:00,661.6342727528148
10-08 06:00:00,654.4737648172838
10-08 07:00:00,634.8778569067513
10-08 08:00:00,553.5549035640785
10-08 09:00:00,489.3229595299438
10-08 10:00:00,428.0163951907359
10-08 11:00:00,373.67886918131984
10-08 12:00:00,331.57199268547123
10-08 13:00:00,289.7744146314107
10-08 14:00:00,265.6263177489193
10-08 15:00:00,298.60096015591256
10-08 16:00:00,312.2087430774349
10-08 17:00:00,322.3867112271649
10-08 18:00:00,314.83671965947946
10-08 19:00:00,339.60727756994976
10-08 20:00:00,395.8546883048937
10-08 21:00:00,429.0748314183159
10-08 22:00:00,442.39425255992654
10-08 23:00:00,470.5252232034503
10-09 00:00:00,521.2326080565693
10-09 01:00:00,567.8803486639963
10-09 02:00:00,574.5499149106472
10-09 03:00:00,564.8523441625634
10-09 04:00:00,555.1308456413897
10-09 05:00:00,552.3163997167586
10-09 06:00:00,544.4113942633825
10-09 07:00:00,533.1882897037539
10-09 08:00:00,510.3960512421452
10-09 09:00:00,503.27694788496404
10-09 10:00:00,491.0052226891555
10-09 11:00:00,470.1731052958691
10-09 12:00:00,457.8100169416414
10-09 13:00:00,434.178776909361
10-09 14:00:00,416.25715650184605
10-09 15:00:00,389.59851933603795
10-09 16:00:00,407.022361795719
10-09 17:00:00,430.34396927451667
10-09 18:00:00,475.5360584255859
10-09 19:00:00,500.22680623510433
10-09 20:00:00,523.6012023660122
10-09 21:00:00,572.4248374806498
10-09 22:00:00,624.6892138710496
10-09 23:00:00,682.7745739555503
10-10 00:00:00,708.8325464598178
10-10 01:00:00,731.7647757096836
10-10 02:00:00,736.8567784927296
10-10 03:00:00,720.0058342860162
10-10 04:00:00,705.0056249326566
10-10 05:00:00,697.2964693272372
10-10 06:00:00,698.4802712449957
10-10 07:00:00,702.2356925772921
10-10 08:00:00,672.435443074785
10-10 09:00:00,642.2307007153275
10-10 10:00:00,601.8424298889003
10-10 11:00:00,567.5016078026545
10-10 12:00:00,543.4795215767864
10-10 13:00:00,516.102115315199
10-10 14:00:00,479.10178305027455
10-10 15:00:00,479.47821969648226
10-10 16:00:00,558.3423264315626
10-10 17:00:00,608.3569862876732
10-10 18:00:00,642.0475993009886
10-10 19:00:00,691.6909915152733
10-10 20:00:00,771.9102228138206
10-10 21:00:00,781.3367791440227
10-10 22:00:00,841.2453743244314
10-10 23:00:00,863.5782850847534
10-11 00:00:00,900.4023951462846
10-11 01:00:00,926.3239627150817
10-11 02:00:00,937.5996497322786
10-11 03:00:00,951.650202494602
10-11 04:00:00,959.3275175448202
10-11 05:00:00,977.9415780024351
10-11 06:00:00,1016.8537671189305
10-11 07:00:00,964.4324307959113
10-11 08:00:00,832.1515138946742
10-11 09:00:00,707.4696942483281
10-11 10:00:00,640.9919715757707
10-11 11:00:00,542.7084480279713
10-11 12:00:00,500.83018040665036
10-11 13:00:00,450.633368555377
10-11 14:00:00,425.01229667061835
10-11 15:00:00,443.16132988914694
10-11 16:00:00,496.59980855007876
10-11 17:00:00,543.8501397104499
10-11 18:00:00,553.4643614291939
10-11 19:00:00,618.4022243784833
10-11 20:00:00,622.8916127949999
10-11 21:00:00,650.2658946860189
10-11 22:00:00,652.9847544353589
10-11 23:00:00,720.9548060375672
10-12 00:00:00,765.9423966415435
10-12 01:00:00,782.5356343507385
10-12 02:00:00,811.2725237636687
10-12 03:00:00,833.2795155109488
10-12 04:00:00,816.3093723703386
10-12 05:00:00,824.4356638848702
10-12 06:00:00,817.7844660126466
10-12 07:00:00,775.1655394705028
10-12 08:00:00,718.3979066661166
10-12 09:00:00,699.3897903275804
10-12 10:00:00,639.699524639326
10-12 11:00:00,582.0641322909429
10-12 12:00:00,548.8214508520475
10-12 13:00:00,520.0500517934881
10-12 14:00:00,507.73026481457396
10-12 15:00:00,496.2612210118845
10-12 16:00:00,523.1337331806523
10-12 17:00:00,557.9393961848697
10-12 18:00:00,580.3242484396061
10-12 19:00:00,602.7608172443861
10-12 20:00:00,602.9645183139373
10-12 21:00:00,613.2625529836474
10-12 22:00:00,624.9058130604949
10-12 23:00:00,634.7011010790422
10-13 00:00:00,643.3033048524629
10-13 01:00:00,642.4140240199833
10-13 02:00:00,653.9295581796832
10-13 03:00:00,664.3308006060187
10-13 04:00:00,666.8636612431586
10-13 05:00:00,677.3310824054187
10-13 06:00:00,673.3807869448384
10-13 07:00:00,686.1062214443684
10-13 08:00:00,668.0281344305706
10-13 09:00:00,621.9969380359954
10-13 10:00:00,573.8626383851997
10-13 11:00:00,552.9245984724478
10-13 12:00:00,486.3356688436274
10-13 13:00:00,447.2442827705279
10-13 14:00:00,458.05506329782787
10-13 15:00:00,494.0349090602865
10-13 16:00:00,545.8442316474204
10-13 17:00:00,597.1357260425073
10-13 18:00:00,667.6556323238324
10-13 19:00:00,693.4073870323805
10-13 20:00:00,790.8299776942661
10-13 21:00:00,797.0187856169856
10-13 22:00:00,858.2197830525427
10-13 23:00:00,882.0868101819501
10-14 00:00:00,892.2112163968402
10-14 01:00:00,954.4101616899945
10-14 02:00:00,972.4223824833022
10-14 03:00:00,976.9147571143153
10-14 04:00:00,980.4429554188937
10-14 05:00:00,999.5593700576972
10-14 06:00:00,1012.1013428193133
10-14 07:00:00,970.7736005303016
10-14 08:00:00,851.0842942062375
10-14 09:00:00,733.9898325213683
10-14 10:00:00,606.7544847857391
10-14 11:00:00,511.8235357802997
10-14 12:00:00,438.4297995753596
10-14 13:00:00,402.0625392561196
10-14 14:00:00,383.6849480853094
10-14 15:00:00,444.86349930388786
10-14 16:00:00,497.47603521779894
10-14 17:00:00,533.3167850267598
10-14 18:00:00,598.7876456982405
10-14 19:00:00,668.9854674271086
10-14 20:00:00,729.1566195493316
10-14 21:00:00,758.4196543756643
10-14 22:00:00,765.3788988072952
10-14 23:00:00,798.2218591263755
10-15 00:00:00,820.3172992876599
10-15 01:00:00,812.9587982069766
10-15 02:00:00,859.3191683231698
10-15 03:00:00,894.6997835863148
10-15 04:00:00,868.1523674113796
10-15 05:00:00,942.1427673223199
10-15 06:00:00,921.017969586835
10-15 07:00:00,891.157982752383
10-15 08:00:00,739.0939875809491
10-15 09:00:00,635.4208785856393
10-15 10:00:00,508.72078177016766
10-15 11:00:00,402.9218094307626
10-15 12:00:00,328.22740742825056
10-15 13:00:00,297.5064693938768
10-15 14:00:00,296.3403682522888
10-15 15:00:00,316.79947628060796
10-15 16:00:00,382.2101098513368
10-15 17:00:00,424.17562218050216
10-15 18:00:00,429.70891728939273
10-15 19:00:00,523.3553170482659
10-15 20:00:00,543.8734628037931
10-15 21:00:00,556.7185313306272
10-15 22:00:00,609.9394030729395
10-15 23:00:00,649.4189142558462
10-16 00:00:00,680.6436611170744
10-16 01:00:00,709.0704716644575
10-16 02:00:00,745.8225357738814
10-16 03:00:00,769.4344657426115
10-16 04:00:00,782.184143523126
10-16 05:00:00,793.8078994430541
10-16 06:00:00,825.7420846891675
10-16 07:00:00,787.4063630056806
10-16 08:00:00,680.8195766147966
10-16 09:00:00,632.8050489747488
10-16 10:00:00,538.4062444061825
10-16 11:00:00,457.0307260222025
10-16 12:00:00,424.1906884241322
10-16 13:00:00,391.7237498029804
10-16 14:00:00,365.80317161745523
10-16 15:00:00,389.65163208143724
10-16 16:00:00,466.0100031945815
10-16 17:00:00,489.19828037112137
10-16 18:00:00,510.2209208683803
10-16 19:00:00,546.1250462212172
10-16 20:00:00,601.0254666111587
10-16 21:00:00,650.4056131006075
10-16 22:00:00,684.4687467522348
10-16 23:00:00,679.4842710397417
10-17 00:00:00,693.9969511561009
10-17 01:00:00,722.7169633473474
10-17 02:00:00,750.1785722389291
10-17 03:00:00,770.0520631943256
10-17 04:00:00,776.5403196089297
10-17 05:00:00,798.8991091192092
10-17 06:00:00,842.6495393407286
10-17 07:00:00,824.9528415765083
10-17 08:00:00,741.9275374328824
10-17 09:00:00,626.988495618214
10-17 10:00:00,547.0416318265341
10-17 11:00:00,442.96810875805875
10-17 12:00:00,373.2801250870094
10-17 13:00:00,333.2314208291256
10-17 14:00:00,325.7826955854455
10-17 15:00:00,345.3589048959468
10-17 16:00:00,389.81218537792716
10-17 17:00:00,441.50039146188243
10-17 18:00:00,497.1699266550455
10-17 19:00:00,559.4909608252729
10-17 20:00:00,591.8460871869797
10-17 21:00:00,622.5960859896796
10-17 22:00:00,659.7970804523259
10-17 23:00:00,674.3927916898599
10-18 00:00:00,686.8706882661166
10-18 01:00:00,687.4908297306745
10-18 02:00:00,695.1888019623007
10-18 03:00:00,707.0508824164623
10-18 04:00:00,707.6150932874659
10-18 05:00:00,725.0019455681731
10-18 06:00:00,742.1982517062395
10-18 07:00:00,734.3275800081954
10-18 08:00:00,616.7520188861364
10-18 09:00:00,492.68284092965916
10-18 10:00:00,406.64052139535715
10-18 11:00:00,313.3114220114199
10-18 12:00:00,256.011895370425
10-18 13:00:00,234.30363983270954
10-18 14:00:00,233.8663476153056
10-18 15:00:00,249.4100155339654
10-18 16:00:00,307.6926565352622
10-18 17:00:00,363.57402425126577
10-18 18:00:00,461.0115589782954
10-18 19:00:00,495.7813585068232
10-18 20:00:00,528.998987764015
10-18 21:00:00,529.8759052507407
10-18 22:00:00,569.1745240635274
10-18 23:00:00,585.1766481095073
10-19 00:00:00,626.8740914779947
10-19 01:00:00,633.8224886702858
10-19 02:00:00,629.3444328902672
10-19 03:00:00,612.9276080107142
10-19 04:00:00,593.6321025543982
10-19 05:00:00,580.2041573365997
10-19 06:00:00,571.3867791260906
10-19 07:00:00,560.9797468327752
10-19 08:00:00,524.0418918888795
10-19 09:00:00,464.86382020587456
10-19 10:00:00,373.0234571047738
10-19 11:00:00,316.6914472546501
10-19 12:00:00,262.1089597052769
10-19 13:00:00,213.34464701693742
10-19 14:00:00,208.22541797184817
10-19 15:00:00,212.28317848104794
10-19 16:00:00,237.5320226312565
10-19 17:00:00,289.8831322245332
10-19 18:00:00,333.0240096655343
10-19 19:00:00,357.5006177392112
10-19 20:00:00,353.13068044671377
10-19 21:00:00,431.4768580259956
10-19 22:00:00,438.73643332893243
10-19 23:00:00,461.5773170216998
10-20 00:00:00,476.012272609982
10-20 01:00:00,508.8133047190607
10-20 02:00:00,519.6464102545402
10-20 03:00:00,548.6647581680886
10-20 04:00:00,578.9059171639195
10-20 05:00:00,577.3547545017742
10-20 06:00:00,579.5158229921697
10-20 07:00:00,521.9773917844974
10-20 08:00:00,467.1712918804543
10-20 09:00:00,344.8412198461714
10-20 10:00:00,232.00471908924374
10-20 11:00:00,163.65630809270695
10-20 12:00:00,144.3207618267856
10-20 13:00:00,119.60601164301677
10-20 14:00:00,138.403486728377
10-20 15:00:00,168.69886900152062
10-20 16:00:00,193.67249637350398
10-20 17:00:00,253.16956681833716
10-20 18:00:00,333.7169297942408
10-20 19:00:00,344.8204138073319
10-20 20:00:00,372.36627735841995
10-20 21:00:00,378.08875148647735
10-20 22:00:00,363.0565508352259
10-20 23:00:00,362.9549521343105
10-21 00:00:00,335.6176647384542
10-21 01:00:00,275.7053375348515
10-21 02:00:00,306.93860143131064
10-21 03:00:00,272.21543085797725
10-21 04:00:00,308.3041488331885
10-21 05:00:00,360.1662387131254
10-21 06:00:00,385.9936570291461
10-21 07:00:00,413.9239014109771
10-21 08:00:00,386.70091060336966
10-21 09:00:00,409.13905474116103
10-21 10:00:00,382.3518775131789
10-21 11:00:00,341.5422646082282
10-21 12:00:00,296.6699052854271
10-21 13:00:00,289.24552280102233
10-21 14:00:00,256.5143734607336
10-21 15:00:00,269.8147528736272
10-21 16:00:00,366.7363874916711
10-21 17:00:00,417.2094619290712
10-21 18:00:00,464.335628970029
10-21 19:00:00,484.57021118492924
10-21 20:00:00,509.2086019709062
10-21 21:00:00,512.3021563367239
10-21 22:00:00,535.3661192477623
10-21 23:00:00,559.109141999357
10-22 00:00:00,491.6982870371583
10-22 01:00:00,550.2707227468545
10-22 02:00:00,584.1559705080003
10-22 03:00:00,581.0335939887183
10-22 04:00:00,566.153149209266
10-22 05:00:00,588.9168827500667
10-22 06:00:00,583.1918426174208
10-22 07:00:00,558.5292798396238
10-22 08:00:00,543.0127559339359
10-22 09:00:00,540.4228376089567
10-22 10:00:00,611.1566117524546
10-22 11:00:00,638.8182353792017
10-22 12:00:00,643.2787974958738
10-22 13:00:00,650.3965564948634
10-22 14:00:00,627.928045794183
10-22 15:00:00,619.9514730774281
10-22 16:00:00,630.3100895246646
10-22 17:00:00,647.6297033095137
10-22 18:00:00,707.7572246770849
10-22 19:00:00,721.0444346821306
10-22 20:00:00,704.6055070619095
10-22 21:00:00,699.2883057248703
10-22 22:00:00,704.5699751482209
10-22 23:00:00,745.2295788282752
10-23 00:00:00,751.1448569366798
10-23 01:00:00,751.2033623126129
10-23 02:00:00,800.5290971032413
10-23 03:00:00,799.9219045263447
10-23 04:00:00,882.0820647347789
10-23 05:00:00,917.3453168214438
10-23 06:00:00,893.0628255122945
10-23 07:00:00,890.6907600052992
10-23 08:00:00,807.4844773825166
10-23 09:00:00,714.6265226889558
10-23 10:00:00,610.9258954637953
10-23 11:00:00,524.4759396828347
10-23 12:00:00,474.09103940957255
10-23 13:00:00,437.2795679377326
10-23 14:00:00,446.4251027312894
10-23 15:00:00,502.1804942343853
10-23 16:00:00,550.1629843796655
10-23 17:00:00,601.2530631622367
10-23 18:00:00,653.4602209672787
10-23 19:00:00,683.4666162798279
10-23 20:00:00,750.2700316586128
10-23 21:00:00,796.0956666767141
10-23 22:00:00,834.8115620740349
10-23 23:00:00,864.47374103694
10-24 00:00:00,884.4307862770406
10-24 01:00:00,917.9851770678075
10-24 02:00:00,932.9968285490472
10-24 03:00:00,932.4633030173673
10-24 04:00:00,955.006951690747
10-24 05:00:00,985.8662255589405
10-24 06:00:00,994.7309458105088
10-24 07:00:00,976.3415021861673
10-24 08:00:00,898.5245509438392
10-24 09:00:00,734.1676921129214
10-24 10:00:00,624.2627712463589
10-24 11:00:00,559.864459883075
10-24 12:00:00,465.0843499228391
10-24 13:00:00,407.0065996054996
10-24 14:00:00,398.56892075094544
10-24 15:00:00,449.71064573593446
10-24 16:00:00,508.8474441717313
10-24 17:00:00,544.4180828096282
10-24 18:00:00,594.8410167170415
10-24 19:00:00,661.8153518612789
10-24 20:00:00,688.4584436970692
10-24 21:00:00,736.5528181115894
10-24 22:00:00,728.6841200792861
10-24 23:00:00,724.886246249061
10-25 00:00:00,730.7996774149279
10-25 01:00:00,724.4230480510141
10-25 02:00:00,735.8469602311163
10-25 03:00:00,751.1729501867082
10-25 04:00:00,752.8957942823849
10-25 05:00:00,765.521400084683
10-25 06:00:00,797.1011906657853
10-25 07:00:00,795.6679345761877
10-25 08:00:00,735.6936228402994
10-25 09:00:00,627.1551756149021
10-25 10:00:00,544.4785679585049
10-25 11:00:00,497.77247648153497
10-25 12:00:00,450.28135067649293
10-25 13:00:00,383.23437812860726
10-25 14:00:00,345.1462505405443
10-25 15:00:00,351.3442220685662
10-25 16:00:00,389.32468137016383
10-25 17:00:00,458.16041945904806
10-25 18:00:00,554.0127340655904
10-25 19:00:00,601.0189218100419
10-25 20:00:00,621.9763329943148
10-25 21:00:00,660.0912118356326
10-25 22:00:00,676.3242164779527
10-25 23:00:00,703.6201897934012
10-26 00:00:00,722.9535062045743
10-26 01:00:00,720.3645709421143
10-26 02:00:00,709.0271248041628
10-26 03:00:00,667.4459577332632
10-26 04:00:00,653.425608153678
10-26 05:00:00,675.6912770129333
10-26 06:00:00,678.168750939835
10-26 07:00:00,695.3562735767979
10-26 08:00:00,681.6473437837801
10-26 09:00:00,639.4996555605363
10-26 10:00:00,551.2630596389223
10-26 11:00:00,495.5673140770717
10-26 12:00:00,448.36877050635513
10-26 13:00:00,404.1872006220993
10-26 14:00:00,353.8502432138513
10-26 15:00:00,367.3478293458334
10-26 16:00:00,403.77293238506655
10-26 17:00:00,442.57446985154917
10-26 18:00:00,468.4840157154659
10-26 19:00:00,513.5606292084127
10-26 20:00:00,580.2527637757976
10-26 21:00:00,593.7304101148478
10-26 22:00:00,650.7771566840348
10-26 23:00:00,666.9673109180234
10-27 00:00:00,693.9580398925677
10-27 01:00:00,711.2180510564426
10-27 02:00:00,708.5187467334837
10-27 03:00:00,749.7763623677641
10-27 04:00:00,748.8209629288068
10-27 05:00:00,757.7734589174908
10-27 06:00:00,810.0844816215864
10-27 07:00:00,783.1025008748733
10-27 08:00:00,742.3319601509737
10-27 09:00:00,668.5691327122763
10-27 10:00:00,562.5447571048554
10-27 11:00:00,491.56791090038894
10-27 12:00:00,463.2294620810692
10-27 13:00:00,461.61209804596837
10-27 14:00:00,448.44538397535524
10-27 15:00:00,496.0678651233535
10-27 16:00:00,551.3473255205714
10-27 17:00:00,567.3080455303252
10-27 18:00:00,601.5183520395316
10-27 19:00:00,651.7770792617026
10-27 20:00:00,692.4808578160087
10-27 21:00:00,734.0531210922265
10-27 22:00:00,761.3900017038
10-27 23:00:00,774.0547495057381
10-28 00:00:00,770.8797432171137
10-28 01:00:00,789.2989055553544
10-28 02:00:00,838.6617947598909
10-28 03:00:00,877.5820086053366
10-28 04:00:00,881.3459363796006
10-28 05:00:00,927.1957641509442
10-28 06:00:00,955.7392409277927
10-28 07:00:00,937.8329007713735
10-28 08:00:00,844.332330583385
10-28 09:00:00,758.6762061482364
10-28 10:00:00,689.766137479375
10-28 11:00:00,580.6370898693665
10-28 12:00:00,467.06641071402396
10-28 13:00:00,405.9199905295962
10-28 14:00:00,381.4607322648978
10-28 15:00:00,412.57313776954106
10-28 16:00:00,444.94172188828134
10-28 17:00:00,521.1908845201029
10-28 18:00:00,587.7822891499547
10-28 19:00:00,635.442281820917
10-28 20:00:00,670.4993521130592
10-28 21:00:00,704.2663949152995
10-28 22:00:00,725.8804162728825
10-28 23:00:00,760.8371066520231
10-29 00:00:00,788.9538665028826
10-29 01:00:00,807.2726555523885
10-29 02:00:00,831.1524269372767
10-29 03:00:00,871.8887593392956
10-29 04:00:00,827.6192369657075
10-29 05:00:00,872.7785201976567
10-29 06:00:00,896.3564374437991
10-29 07:00:00,881.6084627921377
10-29 08:00:00,814.3550498572902
10-29 09:00:00,684.5682697256226
10-29 10:00:00,641.0073311904551
10-29 11:00:00,619.9551129687178
10-29 12:00:00,599.2350002119299
10-29 13:00:00,574.1416808571561
10-29 14:00:00,541.2054919938862
10-29 15:00:00,499.1447736279599
10-29 16:00:00,536.4963169145269
10-29 17:00:00,597.2097908312055
10-29 18:00:00,606.5569608036242
10-29 19:00:00,650.1063136470423
10-29 20:00:00,683.3671243500875
10-29 21:00:00,731.1325894950822
10-29 22:00:00,756.3257381497012
10-29 23:00:00,756.3993381891848
10-30 00:00:00,776.56518479747
10-30 01:00:00,816.6428909134672
10-30 02:00:00,811.2602544836957
10-30 03:00:00,843.0576693978077
10-30 04:00:00,854.4796224339103
10-30 05:00:00,860.6489690798605
10-30 06:00:00,862.334683912788
10-30 07:00:00,854.9155224257067
10-30 08:00:00,723.8241815500661
10-30 09:00:00,673.2113132179821
10-30 10:00:00,672.3831655623616
10-30 11:00:00,656.0780834584589
10-30 12:00:00,632.244829523251
10-30 13:00:00,585.4416542938043
10-30 14:00:00,516.6286225126054
10-30 15:00:00,455.0788785573656
10-30 16:00:00,490.68273358587595
10-30 17:00:00,515.9227659908745
10-30 18:00:00,526.7621766352405
10-30 19:00:00,517.5759202492513
10-30 20:00:00,532.9518372695485
10-30 21:00:00,539.3946772196269
10-30 22:00:00,515.7988930876018
10-30 23:00:00,509.31494346479525
10-31 00:00:00,501.6257736539811
10-31 01:00:00,489.9050274393449
10-31 02:00:00,490.2333960308518
10-31 03:00:00,506.686475362911
10-31 04:00:00,545.2407601270517
10-31 05:00:00,569.4988278887996
10-31 06:00:00,608.2333666567515
10-31 07:00:00,595.5582516936818
10-31 08:00:00,510.88122351918304
10-31 09:00:00,438.44535741996106
10-31 10:00:00,358.88047569824016
10-31 11:00:00,257.6569655895531
10-31 12:00:00,213.45782274549157
10-31 13:00:00,161.89717053739088
10-31 14:00:00,173.48555562583044
10-31 15:00:00,212.93488839041865
10-31 16:00:00,284.902788485343
10-31 17:00:00,338.16951407262206
10-31 18:00:00,396.9253906563925
10-31 19:00:00,381.11985612763004
10-31 20:00:00,451.3020035645989
10-31 21:00:00,448.12640871293235
10-31 22:00:00,452.73430280632454
10-31 23:00:00,478.6990455390297
11-01 00:00:00,464.16201414165556
11-01 01:00:00,464.83928662192824
11-01 02:00:00,491.0976148091403
11-01 03:00:00,463.0215187965449
11-01 04:00:00,439.54168849178495
11-01 05:00:00,419.54639872539093
11-01 06:00:00,449.91136989601154
11-01 07:00:00,524.3724877674592
11-01 08:00:00,561.5392276108996
11-01 09:00:00,576.2222680438838
11-01 10:00:00,577.0247798024981
11-01 11:00:00,584.6478443567605
11-01 12:00:00,580.9129243889826
11-01 13:00:00,577.1978013638345
11-01 14:00:00,570.2802699726186
11-01 15:00:00,591.8181011144915
11-01 16:00:00,604.2548760280648
11-01 17:00:00,603.5115898270328
11-01 18:00:00,648.2205396491921
11-01 19:00:00,645.2786601862388
11-01 20:00:00,657.6535372176692
11-01 21:00:00,677.8815290908494
11-01 22:00:00,718.2613247972926
11-01 23:00:00,730.412459271049
11-02 00:00:00,739.0673671239691
11-02 01:00:00,741.3297646728404
11-02 02:00:00,699.4137570164473
11-02 03:00:00,711.0979492739942
11-02 04:00:00,718.2514268101671
11-02 05:00:00,758.7912709774334
11-02 06:00:00,780.7406848836386
11-02 07:00:00,741.1141323615897
11-02 08:00:00,715.6696613453595
11-02 09:00:00,685.6222297289378
11-02 10:00:00,647.7196961397932
11-02 11:00:00,605.9952625771914
11-02 12:00:00,559.0966126992416
11-02 13:00:00,544.4602964589764
11-02 14:00:00,645.0465698620422
11-02 15:00:00,657.9287242724904
11-02 16:00:00,677.7092568010039
11-02 17:00:00,717.3262194772107
11-02 18:00:00,768.840381472079
11-02 19:00:00,798.1166934761726
11-02 20:00:00,826.664447707761
11-02 21:00:00,870.6323852451127
11-02 22:00:00,882.0779592347527
11-02 23:00:00,877.2485478929998
11-03 00:00:00,856.2814668420156
11-03 01:00:00,892.0894906261101
11-03 02:00:00,872.9131818677973
11-03 03:00:00,859.3024115545721
11-03 04:00:00,882.589875131414
11-03 05:00:00,890.8686078612421
11-03 06:00:00,918.3077734438405
11-03 07:00:00,916.5395305001413
11-03 08:00:00,865.1434083996876
11-03 09:00:00,803.9666690071175
11-03 10:00:00,790.0418907232076
11-03 11:00:00,729.9434650842419
11-03 12:00:00,706.1324243940463
11-03 13:00:00,713.0799441527603
11-03 14:00:00,709.2914642472962
11-03 15:00:00,713.0313875580574
11-03 16:00:00,696.6382650358054
11-03 17:00:00,715.3594758278572
11-03 18:00:00,739.7153532073903
11-03 19:00:00,751.9280974002611
11-03 20:00:00,775.1911723523242
11-03 21:00:00,760.0543044086158
11-03 22:00:00,777.8726738217133
11-03 23:00:00,819.2357756930367
11-04 00:00:00,827.112679043434
11-04 01:00:00,831.2548154717244
11-04 02:00:00,834.9160662455241
11-04 03:00:00,831.2562160957983
11-04 04:00:00,828.3475359911148
11-04 05:00:00,823.6906030763444
11-04 06:00:00,797.0055295541239
11-04 07:00:00,782.9158654969069
11-04 08:00:00,799.7460453754285
11-04 09:00:00,811.1239661079968
11-04 10:00:00,814.8959502333281
11-04 11:00:00,760.2304067576899
11-04 12:00:00,689.2987112838324
11-04 13:00:00,659.2036197714357
11-04 14:00:00,764.9756148464704
11-04 15:00:00,755.5973176045034
11-04 16:00:00,773.3083762344534
11-04 17:00:00,804.4767560467044
11-04 18:00:00,838.0815738468742
11-04 19:00:00,833.1051697992629
11-04 20:00:00,868.3369774172858
11-04 21:00:00,874.8554436675862
11-04 22:00:00,889.8487399750707
11-04 23:00:00,895.762081708986
11-05 00:00:00,896.0983931382563
11-05 01:00:00,894.6626288139772
11-05 02:00:00,892.9543742381768
11-05 03:00:00,917.1495225599712
11-05 04:00:00,915.1513943472228
11-05 05:00:00,914.4205007890992
11-05 06:00:00,915.3519616880252
11-05 07:00:00,901.7394668641394
11-05 08:00:00,852.2765677726351
11-05 09:00:00,775.7963564454269
11-05 10:00:00,717.2315945500654
11-05 11:00:00,687.2255655911197
11-05 12:00:00,634.0042958881406
11-05 13:00:00,614.5195729054084
11-05 14:00:00,615.94670913679
11-05 15:00:00,646.1195048539305
11-05 16:00:00,711.8727693314473
11-05 17:00:00,776.1016352757614
11-05 18:00:00,790.7520744594823
11-05 19:00:00,836.8371099748688
11-05 20:00:00,860.1353035165278
11-05 21:00:00,936.0570997022611
11-05 22:00:00,967.8436282759748
11-05 23:00:00,991.9650137022489
11-06 00:00:00,1003.004082607043
11-06 01:00:00,1013.8235668204488
11-06 02:00:00,1067.1961657234178
11-06 03:00:00,1063.0121939720264
11-06 04:00:00,1097.0008818356043
11-06 05:00:00,1105.9539734733362
11-06 06:00:00,1100.077825499433
11-06 07:00:00,1115.0120309904012
11-06 08:00:00,1075.1673862907003
11-06 09:00:00,954.008810173402
11-06 10:00:00,850.0660529465297
11-06 11:00:00,777.6574113758651
11-06 12:00:00,716.2922889577202
11-06 13:00:00,696.1601604531642
11-06 14:00:00,699.5691544363054
11-06 15:00:00,753.4964197953332
11-06 16:00:00,806.2768031670464
11-06 17:00:00,833.4886496047121
11-06 18:00:00,873.8986984074875
11-06 19:00:00,971.72490614072
11-06 20:00:00,1004.7242953688984
11-06 21:00:00,1040.1627101841066
11-06 22:00:00,1073.0721031652376
11-06 23:00:00,1080.1077311222014
11-07 00:00:00,1101.3280741189792
11-07 01:00:00,1111.1040593100545
11-07 02:00:00,1149.092325874455
11-07 03:00:00,1199.5900344370111
11-07 04:00:00,1202.6492613143384
11-07 05:00:00,1181.985834201712
11-07 06:00:00,1189.985210999723
11-07 07:00:00,1204.3241656498715
11-07 08:00:00,1132.7395136583486
11-07 09:00:00,1031.025027823732
11-07 10:00:00,890.6690047353324
11-07 11:00:00,811.6586850772342
11-07 12:00:00,682.7082675940214
11-07 13:00:00,637.5793263070863
11-07 14:00:00,629.8976055958602
11-07 15:00:00,687.0111420618655
11-07 16:00:00,731.114861879675
11-07 17:00:00,704.5344613178917
11-07 18:00:00,747.6667106989497
11-07 19:00:00,720.4199249902148
11-07 20:00:00,746.1603544241352
11-07 21:00:00,780.06487603538
11-07 22:00:00,754.8063503681423
11-07 23:00:00,810.1368264077388
11-08 00:00:00,807.5894654427843
11-08 01:00:00,830.310183612701
11-08 02:00:00,858.5005721402397
11-08 03:00:00,905.7167171078032
11-08 04:00:00,911.4985610468387
11-08 05:00:00,906.9422234490718
11-08 06:00:00,922.5945918733388
11-08 07:00:00,909.1369495253823
11-08 08:00:00,892.3795642532606
11-08 09:00:00,847.8335438198039
11-08 10:00:00,784.4424876678623
11-08 11:00:00,732.8027728442056
11-08 12:00:00,683.2187326664776
11-08 13:00:00,641.1765846780672
11-08 14:00:00,607.3093105961196
11-08 15:00:00,614.6627628032775
11-08 16:00:00,648.1958480379515
11-08 17:00:00,667.9294389082592
11-08 18:00:00,675.6921115759608
11-08 19:00:00,693.4043437858824
11-08 20:00:00,773.457440994004
11-08 21:00:00,828.6386167597585
11-08 22:00:00,854.0305481669878
11-08 23:00:00,883.4297653649257
11-09 00:00:00,929.6557279025328
11-09 01:00:00,978.9638036170581
11-09 02:00:00,1004.8703786338332
11-09 03:00:00,993.7550270396971
11-09 04:00:00,998.3933078845164
11-09 05:00:00,1005.8550749957767
11-09 06:00:00,1068.4075215529629
11-09 07:00:00,1079.392001284989
11-09 08:00:00,1056.288791814858
11-09 09:00:00,907.5800707549649
11-09 10:00:00,846.3838766280987
11-09 11:00:00,764.5455048367476
11-09 12:00:00,726.5349339032377
11-09 13:00:00,707.6664054380448
11-09 14:00:00,717.7825325469922
11-09 15:00:00,764.1450879972904
11-09 16:00:00,783.4431882421137
11-09 17:00:00,797.8090870846603
11-09 18:00:00,816.5237412751167
11-09 19:00:00,881.0875212615714
11-09 20:00:00,910.0454999342236
11-09 21:00:00,875.3331766491572
11-09 22:00:00,912.5145630482624
11-09 23:00:00,909.4097571888844
11-10 00:00:00,944.7067766919255
11-10 01:00:00,952.2146372281759
11-10 02:00:00,958.8946019136844
11-10 03:00:00,963.153477100417
11-10 04:00:00,992.5822763627065
11-10 05:00:00,971.4100087407414
11-10 06:00:00,961.6543548375315
11-10 07:00:00,953.3647277702279
11-10 08:00:00,917.1639556561274
11-10 09:00:00,858.6043707703681
11-10 10:00:00,788.3959122742465
11-10 11:00:00,745.655219636972
11-10 12:00:00,720.0317240365168
11-10 13:00:00,723.4636988898847
11-10 14:00:00,710.0744398472273
11-10 15:00:00,730.0208966631303
11-10 16:00:00,746.5982250894469
11-10 17:00:00,778.1495377479008
11-10 18:00:00,827.9486098311099
11-10 19:00:00,838.4149455444553
11-10 20:00:00,859.3557977799637
11-10 21:00:00,879.0848200186819
11-10 22:00:00,898.3546822036445
11-10 23:00:00,908.0492777185923
11-11 00:00:00,880.8852854173067
11-11 01:00:00,910.3174325300869
11-11 02:00:00,907.8506168919777
11-11 03:00:00,902.6960307361272
11-11 04:00:00,912.2921266808133
11-11 05:00:00,916.5971294370745
11-11 06:00:00,919.6676322439331
11-11 07:00:00,927.9649387351462
11-11 08:00:00,902.51786060787
11-11 09:00:00,855.1793980425858
11-11 10:00:00,815.0983759162681
11-11 11:00:00,781.5660440412958
11-11 12:00:00,748.9483071114645
11-11 13:00:00,729.2258764685757
11-11 14:00:00,686.1102211592577
11-11 15:00:00,693.3180418346244
11-11 16:00:00,718.6291161847602
11-11 17:00:00,771.7110583421518
11-11 18:00:00,822.0294949394541
11-11 19:00:00,824.8541370790651
11-11 20:00:00,822.6135423939166
11-11 21:00:00,849.2730345591852
11-11 22:00:00,880.2203895505729
11-11 23:00:00,880.137903557264
11-12 00:00:00,884.7151443114223
11-12 01:00:00,884.705547000924
11-12 02:00:00,886.3483067156398
11-12 03:00:00,896.4783714731816
11-12 04:00:00,916.1513689144774
11-12 05:00:00,933.4052992917177
11-12 06:00:00,936.7988241576857
11-12 07:00:00,911.0551513979362
11-12 08:00:00,900.4096823128538
11-12 09:00:00,863.7584506767676
11-12 10:00:00,824.2350900743093
11-12 11:00:00,809.6674789241224
11-12 12:00:00,806.163672648156
11-12 13:00:00,783.1647944662914
11-12 14:00:00,783.3892323656294
11-12 15:00:00,794.0283159369712
11-12 16:00:00,823.3478897230938
11-12 17:00:00,857.0286465957961
11-12 18:00:00,871.3579173863549
11-12 19:00:00,883.3895868754769
11-12 20:00:00,915.1699288764424
11-12 21:00:00,936.0585622004211
11-12 22:00:00,928.5552206226398
11-12 23:00:00,928.6418440597254
11-13 00:00:00,920.9329531424964
11-13 01:00:00,923.566652844679
11-13 02:00:00,942.1521109048249
11-13 03:00:00,932.8313313826118
11-13 04:00:00,944.5471675219799
11-13 05:00:00,950.5650779345342
11-13 06:00:00,944.0025316560499
11-13 07:00:00,924.8571400293215
11-13 08:00:00,881.9370373751315
11-13 09:00:00,804.6732396555121
11-13 10:00:00,788.9203427027796
11-13 11:00:00,776.6841095352016
11-13 12:00:00,766.2489329830365
11-13 13:00:00,744.2829624779064
11-13 14:00:00,740.3720672857468
11-13 15:00:00,737.8271758769145
11-13 16:00:00,724.0485577913764
11-13 17:00:00,712.5849375577184
11-13 18:00:00,707.5966218400964
11-13 19:00:00,707.8102581310831
11-13 20:00:00,707.271615866253
11-13 21:00:00,705.2794650559464
11-13 22:00:00,700.8185025106984
11-13 23:00:00,702.4363449929599
11-14 00:00:00,699.803494791249
11-14 01:00:00,705.1599983690121
11-14 02:00:00,717.0415370861297
11-14 03:00:00,731.3440148030013
11-14 04:00:00,747.8862363395394
11-14 05:00:00,747.0040563517525
11-14 06:00:00,753.0020084951512
11-14 07:00:00,747.8862363395394
11-14 08:00:00,734.1990719087273
11-14 09:00:00,703.4336070670852
11-14 10:00:00,689.1495679802165
11-14 11:00:00,663.0569175460553
11-14 12:00:00,644.9880682040111
11-14 13:00:00,618.8842724083117
11-14 14:00:00,609.6662603778525
11-14 15:00:00,611.6619756587988
11-14 16:00:00,648.9740369575059
11-14 17:00:00,682.928409158846
11-14 18:00:00,732.6471860477833
11-14 19:00:00,736.3468847649206
11-14 20:00:00,712.6449024868544
11-14 21:00:00,698.5041565895446
11-14 22:00:00,685.159038926949
11-14 23:00:00,724.4875833714061
11-15 00:00:00,736.1499671889716
11-15 01:00:00,742.2680894556353
11-15 02:00:00,758.4630711012795
11-15 03:00:00,752.0885394057672
11-15 04:00:00,742.5684634674487
11-15 05:00:00,763.804442048989
11-15 06:00:00,785.056251781351
11-15 07:00:00,794.9564487559483
11-15 08:00:00,776.8923104356545
11-15 09:00:00,736.1650755039077
11-15 10:00:00,702.5340592819589
11-15 11:00:00,679.1068525476405
11-15 12:00:00,663.444950893187
11-15 13:00:00,667.367892317117
11-15 14:00:00,676.3530904061244
11-15 15:00:00,677.7204886962035
11-15 16:00:00,687.0568516532388
11-15 17:00:00,702.4165544801513
11-15 18:00:00,714.6519007857728
11-15 19:00:00,727.9867420784035
11-15 20:00:00,746.3408131241551
11-15 21:00:00,758.500332010901
11-15 22:00:00,771.5180940370569
11-15 23:00:00,787.5148625484717
11-16 00:00:00,799.8118755369808
11-16 01:00:00,815.7195757315243
11-16 02:00:00,822.144781308964
11-16 03:00:00,821.4174612734737
11-16 04:00:00,821.864497936913
11-16 05:00:00,816.0466873908115
11-16 06:00:00,812.1541010389052
11-16 07:00:00,813.345132402727
11-16 08:00:00,805.2018388442943
11-16 09:00:00,797.0765401643496
11-16 10:00:00,789.002364838366
11-16 11:00:00,782.7292335166193
11-16 12:00:00,772.6479312866707
11-16 13:00:00,769.2861389318944
11-16 14:00:00,769.1465990041504
11-16 15:00:00,775.6622565646938
11-16 16:00:00,792.4588622221086
11-16 17:00:00,793.0959819945191
11-16 18:00:00,806.3961067455367
11-16 19:00:00,806.715101801337
11-16 20:00:00,807.1656713072699
11-16 21:00:00,801.5830839839997
11-16 22:00:00,805.0803644238507
11-16 23:00:00,811.8311775013563
11-17 00:00:00,817.4908222993421
11-17 01:00:00,829.0456030541364
11-17 02:00:00,835.4944780623184
11-17 03:00:00,841.2381097556209
11-17 04:00:00,845.7048921358104
11-17 05:00:00,852.2785802638106
11-17 06:00:00,864.3549322811785
11-17 07:00:00,871.0953945458613
11-17 08:00:00,871.704193057169
11-17 09:00:00,864.6217689945083
11-17 10:00:00,856.0755193891066
11-17 11:00:00,844.5826262200793
11-17 12:00:00,845.0971449679305
11-17 13:00:00,850.1326182748047
11-17 14:00:00,846.4450076539202
11-17 15:00:00,859.9550804167962
11-17 16:00:00,881.5795934199938
11-17 17:00:00,882.3441582542549
11-17 18:00:00,889.0368950801243
11-17 19:00:00,896.1504342594462
11-17 20:00:00,896.1954462396537
11-17 21:00:00,892.1421736117475
11-17 22:00:00,885.9041565139984
11-17 23:00:00,886.3300599483531
11-18 00:00:00,875.8007616183152
11-18 01:00:00,900.1473802505064
11-18 02:00:00,931.0729778393858
11-18 03:00:00,912.0442969498343
11-18 04:00:00,923.4923491267668
11-18 05:00:00,921.1818588749895
11-18 06:00:00,919.0208369685508
11-18 07:00:00,914.9202539979258
11-18 08:00:00,928.291226268578
11-18 09:00:00,892.148261039171
11-18 10:00:00,813.5618692634202
11-18 11:00:00,740.1637800970113
11-18 12:00:00,710.6173423228231
11-18 13:00:00,681.0998705222471
11-18 14:00:00,692.6140146550008
11-18 15:00:00,701.1715088459956
11-18 16:00:00,704.4898535457548
11-18 17:00:00,720.1343638614604
11-18 18:00:00,735.4935047817702
11-18 19:00:00,754.1126309809677
11-18 20:00:00,796.7511861620092
11-18 21:00:00,828.743999231196
11-18 22:00:00,886.793882493718
11-18 23:00:00,927.101088370648
11-19 00:00:00,965.4492768258378
11-19 01:00:00,991.6814283381033
11-19 02:00:00,1005.9900573728447
11-19 03:00:00,1028.1011639112332
11-19 04:00:00,1038.7104225842381
11-19 05:00:00,1034.4974063527243
11-19 06:00:00,1056.301426355817
11-19 07:00:00,1047.8649195715047
11-19 08:00:00,1019.995523146048
11-19 09:00:00,961.4264453810567
11-19 10:00:00,903.7915254353863
11-19 11:00:00,864.2986558753312
11-19 12:00:00,836.3563233830364
11-19 13:00:00,830.4229506390798
11-19 14:00:00,831.7190882304399
11-19 15:00:00,833.926287714885
11-19 16:00:00,877.5683285944727
11-19 17:00:00,900.6208100637945
11-19 18:00:00,930.7623395725183
11-19 19:00:00,938.6525168288623
11-19 20:00:00,950.5047935716602
11-19 21:00:00,946.1028215829015
11-19 22:00:00,955.5736671527393
11-19 23:00:00,968.0788886945039
11-20 00:00:00,994.9917360159758
11-20 01:00:00,994.070130677704
11-20 02:00:00,998.0990966762741
11-20 03:00:00,1010.2517100073519
11-20 04:00:00,1023.256014839617
11-20 05:00:00,1024.506816477032
11-20 06:00:00,1045.8516893378778
11-20 07:00:00,1056.0686196213537
11-20 08:00:00,1049.4066028445584
11-20 09:00:00,1023.1521547648115
11-20 10:00:00,995.8348558239261
11-20 11:00:00,965.8948810653557
11-20 12:00:00,938.6954838557406
11-20 13:00:00,935.50087617486
11-20 14:00:00,939.3669247200345
11-20 15:00:00,952.6470203405664
11-20 16:00:00,972.5119474903313
11-20 17:00:00,996.3512129416215
11-20 18:00:00,1028.2737195983027
11-20 19:00:00,1053.6360286571712
11-20 20:00:00,1057.7547744698754
11-20 21:00:00,1064.6377553889686
11-20 22:00:00,1070.1007131943331
11-20 23:00:00,1067.6942344861852
11-21 00:00:00,1079.8162020511595
11-21 01:00:00,1064.5519297795856
11-21 02:00:00,1095.988874961266
11-21 03:00:00,1117.7995702396913
11-21 04:00:00,1113.825101858985
11-21 05:00:00,1118.8438163712592
11-21 06:00:00,1114.0234853412378
11-21 07:00:00,1109.1702866009616
11-21 08:00:00,1109.204171005994
11-21 09:00:00,1051.7839225597343
11-21 10:00:00,993.3121112947588
11-21 11:00:00,943.9584205735929
11-21 12:00:00,917.6251849974182
11-21 13:00:00,903.670112261599
11-21 14:00:00,886.2645787732351
11-21 15:00:00,915.9980115923757
11-21 16:00:00,972.58189349128
11-21 17:00:00,1042.219942947491
11-21 18:00:00,1005.3131726739016
11-21 19:00:00,923.8115104369024
11-21 20:00:00,898.8211833052962
11-21 21:00:00,932.9672228598711
11-21 22:00:00,908.8323596908967
11-21 23:00:00,885.8240636790225
11-22 00:00:00,892.4760307942034
11-22 01:00:00,893.7458888243963
11-22 02:00:00,886.5232194092599
11-22 03:00:00,881.3639131902479
11-22 04:00:00,873.2826788323297
11-22 05:00:00,866.0114012389012
11-22 06:00:00,881.0761988846538
11-22 07:00:00,893.6879679423909
11-22 08:00:00,904.1842244649517
11-22 09:00:00,902.3334937175057
11-22 10:00:00,882.8535538749766
11-22 11:00:00,870.0643297181006
11-22 12:00:00,864.8725605318375
11-22 13:00:00,863.2731688181703
11-22 14:00:00,855.5561312615393
11-22 15:00:00,848.9344186732218
11-22 16:00:00,842.641248258791
11-22 17:00:00,829.573476805445
11-22 18:00:00,823.4854497101936
11-22 19:00:00,823.8146213264255
11-22 20:00:00,829.6795694030062
11-22 21:00:00,829.9064511035458
11-22 22:00:00,828.7338899877282
11-22 23:00:00,829.8373247938628
11-23 00:00:00,829.6640692008395
11-23 01:00:00,830.2768278493568
11-23 02:00:00,836.0029862393005
11-23 03:00:00,836.9506734071853
11-23 04:00:00,851.5707624034362
11-23 05:00:00,850.0671413708332
11-23 06:00:00,852.1662754725357
11-23 07:00:00,859.8643008918834
11-23 08:00:00,858.1294287271028
11-23 09:00:00,845.2342373537164
11-23 10:00:00,849.1513007108554
11-23 11:00:00,851.1289227075372
11-23 12:00:00,848.4723752104752
11-23 13:00:00,841.5030925157009
11-23 14:00:00,847.3052835564351
11-23 15:00:00,848.2520790393366
11-23 16:00:00,862.7900040902724
11-23 17:00:00,871.0058152744981
11-23 18:00:00,877.1456849150102
11-23 19:00:00,881.2354148016999
11-23 20:00:00,874.8355611286566
11-23 21:00:00,874.1187237728552
11-23 22:00:00,875.8704913494917
11-23 23:00:00,880.5153840142871
11-24 00:00:00,881.3794334592963
11-24 01:00:00,888.0103239885898
11-24 02:00:00,891.5535210212297
11-24 03:00:00,906.6077445181722
11-24 04:00:00,912.9528767194339
11-24 05:00:00,919.6444813649712
11-24 06:00:00,920.4159464138644
11-24 07:00:00,935.3075486998079
11-24 08:00:00,938.277985538839
11-24 09:00:00,929.8983452765287
11-24 10:00:00,914.2134809257785
11-24 11:00:00,900.705806094208
11-24 12:00:00,888.4973161316564
11-24 13:00:00,882.8194446829615
11-24 14:00:00,888.9584160024294
11-24 15:00:00,890.0541464330911
11-24 16:00:00,912.5867583294282
11-24 17:00:00,932.7210899728501
11-24 18:00:00,940.3885344451463
11-24 19:00:00,980.4255055870553
11-24 20:00:00,993.8160131682843
11-24 21:00:00,987.2886124955825
11-24 22:00:00,996.2425026148035
11-24 23:00:00,1008.3988359930875
11-25 00:00:00,1010.4161706301004
11-25 01:00:00,1033.5021517567225
11-25 02:00:00,1048.5810146944607
11-25 03:00:00,1060.8405106884175
11-25 04:00:00,1079.2372895019867
11-25 05:00:00,1079.0281949417404
11-25 06:00:00,1090.9577715566843
11-25 07:00:00,1108.0757390069284
11-25 08:00:00,1099.7204818734815
11-25 09:00:00,1096.8547081928564
11-25 10:00:00,1079.8038955871439
11-25 11:00:00,1040.0729841297318
11-25 12:00:00,1011.5281789299214
11-25 13:00:00,997.9133342773922
11-25 14:00:00,990.0033018503099
11-25 15:00:00,982.8480413991481
11-25 16:00:00,972.1436662100954
11-25 17:00:00,966.3089772440694
11-25 18:00:00,965.6747221775322
11-25 19:00:00,964.5175033763046
11-25 20:00:00,963.5573045263129
11-25 21:00:00,970.6241000886314
11-25 22:00:00,982.3636637787588
11-25 23:00:00,1007.0831101279523
11-26 00:00:00,1026.7264375144532
11-26 01:00:00,1042.6465337822792
11-26 02:00:00,1058.221594008062
11-26 03:00:00,1060.138156724442
11-26 04:00:00,1075.5379678743736
11-26 05:00:00,1089.6926981673978
11-26 06:00:00,1129.298423597006
11-26 07:00:00,1163.6965356962494
11-26 08:00:00,1167.0235356850194
11-26 09:00:00,1163.1057616483877
11-26 10:00:00,1159.6833641327514
11-26 11:00:00,1147.5325897827804
11-26 12:00:00,1122.7783719485426
11-26 13:00:00,1123.424671736846
11-26 14:00:00,1129.1050161470985
11-26 15:00:00,1127.9874819145175
11-26 16:00:00,1136.4830435314325
11-26 17:00:00,1139.6463280448563
11-26 18:00:00,1131.5572403377444
11-26 19:00:00,1144.319868782041
11-26 20:00:00,1160.959993091955
11-26 21:00:00,1182.3787063560617
11-26 22:00:00,1205.4439619177103
11-26 23:00:00,1199.1032336272176
11-27 00:00:00,1199.0491607954955
11-27 01:00:00,1216.9469354106634
11-27 02:00:00,1229.7097826048716
11-27 03:00:00,1227.9839947897935
11-27 04:00:00,1248.6286052444575
11-27 05:00:00,1208.1651794218205
11-27 06:00:00,1202.1199082193725
11-27 07:00:00,1194.2148161307534
11-27 08:00:00,1163.3890815390455
11-27 09:00:00,1157.1068075010307
11-27 10:00:00,1099.878391714603
11-27 11:00:00,1019.8775726218566
11-27 12:00:00,945.1025072737705
11-27 13:00:00,977.1316477689122
11-27 14:00:00,983.3072627201774
11-27 15:00:00,1067.2048871889697
11-27 16:00:00,1084.3368405169992
11-27 17:00:00,1089.9176089293064
11-27 18:00:00,1080.0609394569178
11-27 19:00:00,1110.886332037472
11-27 20:00:00,1127.8477595406798
11-27 21:00:00,1123.7843925712375
11-27 22:00:00,1046.7756508265193
11-27 23:00:00,1086.3237511533614
11-28 00:00:00,1130.4005522955968
11-28 01:00:00,1162.6350294353792
11-28 02:00:00,1155.980440305191
11-28 03:00:00,1166.9251834871766
11-28 04:00:00,1186.5571449597078
11-28 05:00:00,1188.4497810017767
11-28 06:00:00,1196.3256699375668
11-28 07:00:00,1186.6949082644996
11-28 08:00:00,1163.8995772933656
11-28 09:00:00,1137.91166401028
11-28 10:00:00,1094.8859397092033
11-28 11:00:00,1040.870055186299
11-28 12:00:00,1038.5905209276584
11-28 13:00:00,1025.332935020791
11-28 14:00:00,1045.0229088939568
11-28 15:00:00,1051.6964452697337
11-28 16:00:00,1098.45944591266
11-28 17:00:00,1157.0789859321408
11-28 18:00:00,1176.193465698069
11-28 19:00:00,1189.5654292804184
11-28 20:00:00,1182.9467559185432
11-28 21:00:00,1150.5001827534056
11-28 22:00:00,1143.667625770242
11-28 23:00:00,1131.4883668573484
11-29 00:00:00,1151.6027685336123
11-29 01:00:00,1173.8031151566188
11-29 02:00:00,1176.2493028067681
11-29 03:00:00,1171.1937925828581
11-29 04:00:00,1172.5191650043305
11-29 05:00:00,1194.2349264699592
11-29 06:00:00,1207.7703735083055
11-29 07:00:00,1197.695681855749
11-29 08:00:00,1204.1938841422866
11-29 09:00:00,1187.683337440809
11-29 10:00:00,1174.7688394854092
11-29 11:00:00,1202.9550140348172
11-29 12:00:00,1175.7588261785997
11-29 13:00:00,1137.2243921068114
11-29 14:00:00,1149.7166296136095
11-29 15:00:00,1219.3001555168944
11-29 16:00:00,1280.9913788557747
11-29 17:00:00,1313.1359126119712
11-29 18:00:00,1261.4690385485035
11-29 19:00:00,1226.7609855156093
11-29 20:00:00,1214.8030766030636
11-29 21:00:00,1236.6424958896216
11-29 22:00:00,1284.5923797799646
11-29 23:00:00,1276.6365270184551
11-30 00:00:00,1263.7658172391411
11-30 01:00:00,1270.0935824629212
11-30 02:00:00,1274.4921431558996
11-30 03:00:00,1273.2522931033145
11-30 04:00:00,1273.1882368855001
11-30 05:00:00,1276.552455011201
11-30 06:00:00,1284.9774280436643
11-30 07:00:00,1258.0065860768043
11-30 08:00:00,1254.4398773444602
11-30 09:00:00,1237.5528290049099
11-30 10:00:00,1232.1624807014282
11-30 11:00:00,1240.4887783700788
11-30 12:00:00,1245.273632587599
11-30 13:00:00,1230.908214061485
11-30 14:00:00,1233.3583953197299
11-30 15:00:00,1243.7232640101256
11-30 16:00:00,1236.975984037594
11-30 17:00:00,1226.6964218094374
11-30 18:00:00,1201.1567245988122
11-30 19:00:00,1182.780783045525
11-30 20:00:00,1165.3737335962262
11-30 21:00:00,1147.7956168105209
11-30 22:00:00,1130.2486325680006
11-30 23:00:00,1120.2061835734205
12-01 00:00:00,1143.8736058802456
12-01 01:00:00,1150.4890124460555
12-01 02:00:00,1133.2459811091428
12-01 03:00:00,1120.3222425248725
12-01 04:00:00,1133.3521560380866
12-01 05:00:00,1141.045834556936
12-01 06:00:00,1126.4430417885674
12-01 07:00:00,1112.7430128426483
12-01 08:00:00,1127.564994387847
12-01 09:00:00,1084.886996351037
12-01 10:00:00,1022.9997124706372
12-01 11:00:00,976.8836639654653
12-01 12:00:00,924.1431332419775
12-01 13:00:00,925.359529864498
12-01 14:00:00,878.8509670829918
12-01 15:00:00,906.754582972578
12-01 16:00:00,923.3628091642983
12-01 17:00:00,934.2532410588374
12-01 18:00:00,912.3254788570638
12-01 19:00:00,923.7088183893289
12-01 20:00:00,938.3845950210222
12-01 21:00:00,902.7417059506727
12-01 22:00:00,903.7630185094023
12-01 23:00:00,889.7083324102543
12-02 00:00:00,899.4942042741365
12-02 01:00:00,888.4694151529447
12-02 02:00:00,851.4235014312042
12-02 03:00:00,862.5316188860693
12-02 04:00:00,904.8791582885221
12-02 05:00:00,911.8105546286591
12-02 06:00:00,922.0970785411837
12-02 07:00:00,941.9334592633555
12-02 08:00:00,940.0042979084087
12-02 09:00:00,903.1711625483794
12-02 10:00:00,839.9446815975659
12-02 11:00:00,872.2760542077528
12-02 12:00:00,930.1594013860974
12-02 13:00:00,963.0303667068353
12-02 14:00:00,993.6739522011774
12-02 15:00:00,1068.9474694588741
12-02 16:00:00,1117.7059704823992
12-02 17:00:00,1138.4605520482025
12-02 18:00:00,1141.6368045129652
12-02 19:00:00,1131.6092019947507
12-02 20:00:00,1120.8138444327476
12-02 21:00:00,1149.9305380828769
12-02 22:00:00,1151.4474079852155
12-02 23:00:00,1166.6841146940376
12-03 00:00:00,1174.3693305268303
12-03 01:00:00,1176.9796372015664
12-03 02:00:00,1187.9135376114368
12-03 03:00:00,1194.4979751459298
12-03 04:00:00,1207.7441997801368
12-03 05:00:00,1260.3704689814504
12-03 06:00:00,1258.4672904953045
12-03 07:00:00,1244.333051660627
12-03 08:00:00,1257.3004498470043
12-03 09:00:00,1219.4644379889653
12-03 10:00:00,1218.0693213883694
12-03 11:00:00,1206.138372955762
12-03 12:00:00,1179.1579437740868
12-03 13:00:00,1168.8414812417582
12-03 14:00:00,1194.527607854568
12-03 15:00:00,1210.001470822644
12-03 16:00:00,1230.9937326532959
12-03 17:00:00,1270.6218143910623
12-03 18:00:00,1251.8385044410159
12-03 19:00:00,1239.9325776877001
12-03 20:00:00,1239.557041311576
12-03 21:00:00,1215.6329210569643
12-03 22:00:00,1203.3408861042112
12-03 23:00:00,1189.816084729895
12-04 00:00:00,1162.8919967634176
12-04 01:00:00,1191.29957749044
12-04 02:00:00,1219.1369650623612
12-04 03:00:00,1203.4975395045697
12-04 04:00:00,1186.0072482618484
12-04 05:00:00,1167.8730381688242
12-04 06:00:00,1149.8318512589833
12-04 07:00:00,1133.4656380289587
12-04 08:00:00,1110.6447144905526
12-04 09:00:00,1081.5483875151158
12-04 10:00:00,1054.4349812375467
12-04 11:00:00,1017.5179220982501
12-04 12:00:00,968.9752387508165
12-04 13:00:00,957.3205337096464
12-04 14:00:00,952.1903649088172
12-04 15:00:00,974.6870328627159
12-04 16:00:00,921.4026906289404
12-04 17:00:00,902.7522050336336
12-04 18:00:00,893.2112726906753
12-04 19:00:00,874.4623795468733
12-04 20:00:00,764.5150851655723
12-04 21:00:00,889.875669027803
12-04 22:00:00,935.2526546216753
12-04 23:00:00,943.8253777633104
12-05 00:00:00,941.6973661689088
12-05 01:00:00,937.9705285608037
12-05 02:00:00,964.0524549430185
12-05 03:00:00,971.7502106349928
12-05 04:00:00,990.9998291189651
12-05 05:00:00,1017.6582334458462
12-05 06:00:00,1044.6347579277956
12-05 07:00:00,1053.3696178645553
12-05 08:00:00,1057.441258718694
12-05 09:00:00,1011.3753483061188
12-05 10:00:00,1003.9441349868364
12-05 11:00:00,943.1673145154534
12-05 12:00:00,919.4358186191286
12-05 13:00:00,902.6072736845849
12-05 14:00:00,955.0919227159206
12-05 15:00:00,973.8076294632209
12-05 16:00:00,1003.852479559806
12-05 17:00:00,1026.9690627110383
12-05 18:00:00,1036.1342903493198
12-05 19:00:00,1037.4874811561451
12-05 20:00:00,1061.0109561190782
12-05 21:00:00,1067.079574045122
12-05 22:00:00,1076.1312767078798
12-05 23:00:00,1074.822333924895
12-06 00:00:00,1089.1175862147513
12-06 01:00:00,1118.9333555689998
12-06 02:00:00,1147.2445174661743
12-06 03:00:00,1172.140398632758
12-06 04:00:00,1166.2740601075757
12-06 05:00:00,1141.6599802249027
12-06 06:00:00,1136.7728009924163
12-06 07:00:00,1132.8841666053745
12-06 08:00:00,1143.3805922295098
12-06 09:00:00,1122.5997938479854
12-06 10:00:00,1088.598214921131
12-06 11:00:00,1058.1772817471822
12-06 12:00:00,1034.5926703887003
12-06 13:00:00,996.5579954512865
12-06 14:00:00,984.256111719462
12-06 15:00:00,1024.099959133157
12-06 16:00:00,1114.027903512811
12-06 17:00:00,1127.1640785345926
12-06 18:00:00,1144.8158294052625
12-06 19:00:00,1197.3556249605917
12-06 20:00:00,1200.7868620251872
12-06 21:00:00,1176.3379442216715
12-06 22:00:00,1188.8446130200598
12-06 23:00:00,1214.4101369226435
12-07 00:00:00,1153.8544752556352
12-07 01:00:00,1185.9243251921703
12-07 02:00:00,1231.8031515279577
12-07 03:00:00,1253.1385757042303
12-07 04:00:00,1275.637075216814
12-07 05:00:00,1268.2012203298825
12-07 06:00:00,1246.0963114328933
12-07 07:00:00,1217.2836774454447
12-07 08:00:00,1145.3840644343968
12-07 09:00:00,1113.3478131080067
12-07 10:00:00,1075.868149455704
12-07 11:00:00,1056.9065962364741
12-07 12:00:00,1020.5748771664455
12-07 13:00:00,1000.4636008820769
12-07 14:00:00,1042.5672761920162
12-07 15:00:00,1074.110125181566
12-07 16:00:00,1152.1298260976084
12-07 17:00:00,1154.331343433097
12-07 18:00:00,1168.5354180257173
12-07 19:00:00,1161.3710772792042
12-07 20:00:00,1177.6520435871378
12-07 21:00:00,1179.5994182431325
12-07 22:00:00,1169.341708096098
12-07 23:00:00,1122.427787976627
12-08 00:00:00,1102.9232311633386
12-08 01:00:00,1074.7127312251434
12-08 02:00:00,1058.244807054375
12-08 03:00:00,1038.2078386451346
12-08 04:00:00,1059.766743381861
12-08 05:00:00,1040.2748330471204
12-08 06:00:00,1044.615545018193
12-08 07:00:00,1081.9273656585185
12-08 08:00:00,1121.493029641888
12-08 09:00:00,1158.4760099329162
12-08 10:00:00,1164.6414801437181
12-08 11:00:00,1173.945495955304
12-08 12:00:00,1171.7377681510677
12-08 13:00:00,1156.0495296395898
12-08 14:00:00,1149.4433746049222
12-08 15:00:00,1164.5583957919348
12-08 16:00:00,1176.0213513837293
12-08 17:00:00,1183.3712420205873
12-08 18:00:00,1182.5481776601694
12-08 19:00:00,1177.1695488192422
12-08 20:00:00,1177.430109957816
12-08 21:00:00,1178.3703458460652
12-08 22:00:00,1177.909134527474
12-08 23:00:00,1178.2835377148529
12-09 00:00:00,1179.5467875506322
12-09 01:00:00,1178.399709644668
12-09 02:00:00,1173.1069363584866
12-09 03:00:00,1178.399709644668
12-09 04:00:00,1181.851715711823
12-09 05:00:00,1189.5864998058319
12-09 06:00:00,1184.3466606412142
12-09 07:00:00,1150.3795411704568
12-09 08:00:00,1135.992194965952
12-09 09:00:00,1139.1647756869652
12-09 10:00:00,1134.598553226938
12-09 11:00:00,1087.481927114775
12-09 12:00:00,1075.7311759271531
12-09 13:00:00,1074.5389243990894
12-09 14:00:00,1076.9108264026177
12-09 15:00:00,1119.005159116058
12-09 16:00:00,1118.6383108381604
12-09 17:00:00,1135.3832691819546
12-09 18:00:00,1129.8120700031448
12-09 19:00:00,1162.3027233129687
12-09 20:00:00,1164.9465084834146
12-09 21:00:00,1201.546718569701
12-09 22:00:00,1230.7000876124223
12-09 23:00:00,1232.0881311590017
12-10 00:00:00,1291.045376231738
12-10 01:00:00,1327.1099511334667
12-10 02:00:00,1375.5085464314063
12-10 03:00:00,1383.3714570012878
12-10 04:00:00,1378.2916087402868
12-10 05:00:00,1354.5064257050724
12-10 06:00:00,1360.2144225500251
12-10 07:00:00,1347.4131564896852
12-10 08:00:00,1327.4973303188324
12-10 09:00:00,1278.7506516716926
12-10 10:00:00,1215.6963950734958
12-10 11:00:00,1225.0232212812114
12-10 12:00:00,1244.0940396872684
12-10 13:00:00,1222.889073608322
12-10 14:00:00,1213.7081087534932
12-10 15:00:00,1186.6772191798843
12-10 16:00:00,1172.1387238519442
12-10 17:00:00,1163.2226280468522
12-10 18:00:00,1162.4536308144136
12-10 19:00:00,1128.2667193315178
12-10 20:00:00,1034.624458673647
12-10 21:00:00,1021.2649183198246
12-10 22:00:00,1015.878158928364
12-10 23:00:00,980.4786381536211
12-11 00:00:00,969.9054027195249
12-11 01:00:00,959.458155873907
12-11 02:00:00,988.5904395424363
12-11 03:00:00,1017.9399895728974
12-11 04:00:00,1019.8953892957834
12-11 05:00:00,1028.2198643484533
12-11 06:00:00,979.4418372201108
12-11 07:00:00,997.4361614381892
12-11 08:00:00,1023.5999197112009
12-11 09:00:00,1065.8763251886176
12-11 10:00:00,1069.556154347327
12-11 11:00:00,1077.5782553422107
12-11 12:00:00,1068.001060517967
12-11 13:00:00,1058.7587932349782
12-11 14:00:00,1025.1789170253535
12-11 15:00:00,1001.9699068730827
12-11 16:00:00,1046.3882439900863
12-11 17:00:00,1044.8774539859849
12-11 18:00:00,1057.7096541689723
12-11 19:00:00,1065.1982832996748
12-11 20:00:00,1072.0735615306237
12-11 21:00:00,1072.268439718189
12-11 22:00:00,1072.0159153699265
12-11 23:00:00,1077.0792468001669
12-12 00:00:00,1090.7312432405126
12-12 01:00:00,1072.1893809937433
12-12 02:00:00,1092.4799947677384
12-12 03:00:00,1070.1180582502957
12-12 04:00:00,1075.1572101623087
12-12 05:00:00,1153.2622627177038
12-12 06:00:00,1200.4599063508795
12-12 07:00:00,1236.214410755434
12-12 08:00:00,1271.1035829874293
12-12 09:00:00,1261.5108152879043
12-12 10:00:00,1146.7656457271614
12-12 11:00:00,1070.8109947612597
12-12 12:00:00,1019.628718876714
12-12 13:00:00,994.2525306330307
12-12 14:00:00,997.9201132354357
12-12 15:00:00,1014.7870040379746
12-12 16:00:00,1028.7707333062062
12-12 17:00:00,1022.4904082180211
12-12 18:00:00,1032.724150924475
12-12 19:00:00,1031.4244651531774
12-12 20:00:00,1023.0669498781168
12-12 21:00:00,1035.6465137160162
12-12 22:00:00,1034.6081869704024
12-12 23:00:00,1021.2633359990979
12-13 00:00:00,1014.4743232628698
12-13 01:00:00,1007.8394614788601
12-13 02:00:00,1009.1080764268942
12-13 03:00:00,1020.3161480472561
12-13 04:00:00,1012.2519575218805
12-13 05:00:00,1046.2019992491691
12-13 06:00:00,1041.534623686382
12-13 07:00:00,1047.6891462997248
12-13 08:00:00,1046.280857078995
12-13 09:00:00,1008.2603055646158
12-13 10:00:00,956.2725012076007
12-13 11:00:00,923.6377997298525
12-13 12:00:00,922.8415233002229
12-13 13:00:00,904.5604131231755
12-13 14:00:00,934.5747814053393
12-13 15:00:00,943.8735080957846
12-13 16:00:00,957.0832903179042
12-13 17:00:00,1010.8653500547047
12-13 18:00:00,1028.9291594547608
12-13 19:00:00,1064.8998854742438
12-13 20:00:00,1061.4092399793756
12-13 21:00:00,1088.511328133886
12-13 22:00:00,1122.7090589507952
12-13 23:00:00,1153.7814712827587
12-14 00:00:00,1129.742709971894
12-14 01:00:00,1141.420167218998
12-14 02:00:00,1117.368855728181
12-14 03:00:00,1125.2710018685716
12-14 04:00:00,1128.9431692770272
12-14 05:00:00,1133.2465623250905
12-14 06:00:00,1144.8477838588242
12-14 07:00:00,1162.8222883085828
12-14 08:00:00,1160.0751872486098
12-14 09:00:00,1127.0885624244215
12-14 10:00:00,1096.683983018757
12-14 11:00:00,1061.9426732518173
12-14 12:00:00,1050.846183650778
12-14 13:00:00,1040.0250498022415
12-14 14:00:00,1028.5529726764582
12-14 15:00:00,1024.1016153027947
12-14 16:00:00,1061.2619036797869
12-14 17:00:00,1091.3471586493024
12-14 18:00:00,1102.3970752555952
12-14 19:00:00,1111.2740270478691
12-14 20:00:00,1095.4692353623448
12-14 21:00:00,1122.9483218717712
12-14 22:00:00,1139.2742392824875
12-14 23:00:00,1126.5306001221281
12-15 00:00:00,1109.672770936888
12-15 01:00:00,1126.252314239128
12-15 02:00:00,1149.7274909180583
12-15 03:00:00,1161.2604720758359
12-15 04:00:00,1181.3733840977247
12-15 05:00:00,1192.5512815405218
12-15 06:00:00,1180.2555883078035
12-15 07:00:00,1198.905671072088
12-15 08:00:00,1197.5149278401432
12-15 09:00:00,1204.255637012562
12-15 10:00:00,1187.9790641130417
12-15 11:00:00,1178.4335198837757
12-15 12:00:00,1150.2644189036077
12-15 13:00:00,1135.0178623196564
12-15 14:00:00,1139.2773911675508
12-15 15:00:00,1138.1511574737997
12-15 16:00:00,1140.4417360421148
12-15 17:00:00,1133.8671970196976
12-15 18:00:00,1136.5349931898459
12-15 19:00:00,1133.0729753493426
12-15 20:00:00,1151.1430707956827
12-15 21:00:00,1143.4887198748115
12-15 22:00:00,1144.4860533428428
12-15 23:00:00,1140.3909217047258
12-16 00:00:00,1130.3339066259446
12-16 01:00:00,1130.373843642169
12-16 02:00:00,1140.3506042948632
12-16 03:00:00,1141.7762651777068
12-16 04:00:00,1155.0386152380922
12-16 05:00:00,1154.3962634393113
12-16 06:00:00,1163.2447981284342
12-16 07:00:00,1155.3719054539101
12-16 08:00:00,1150.6883122967845
12-16 09:00:00,1143.0097160395944
12-16 10:00:00,1128.7854269444367
12-16 11:00:00,1111.5850473901517
12-16 12:00:00,1077.8647025340185
12-16 13:00:00,1088.9648233895869
12-16 14:00:00,1090.5155333927949
12-16 15:00:00,1097.8049096258628
12-16 16:00:00,1098.8740766169058
12-16 17:00:00,1103.0055526705437
12-16 18:00:00,1103.7505497395648
12-16 19:00:00,1092.4294680964338
12-16 20:00:00,1101.6232162408037
12-16 21:00:00,1098.1448782846571
12-16 22:00:00,1109.3545591829006
12-16 23:00:00,1111.632727058932
12-17 00:00:00,1101.194742614092
12-17 01:00:00,1126.7253194964285
12-17 02:00:00,1154.5834619667305
12-17 03:00:00,1159.8465078799818
12-17 04:00:00,1205.2211629837338
12-17 05:00:00,1226.1351144711848
12-17 06:00:00,1237.2358102985622
12-17 07:00:00,1253.39329299965
12-17 08:00:00,1279.0444507216957
12-17 09:00:00,1285.2768049400402
12-17 10:00:00,1215.9984215392103
12-17 11:00:00,1153.0772800500401
12-17 12:00:00,1105.258429367382
12-17 13:00:00,1077.6206744974047
12-17 14:00:00,1069.6067987756128
12-17 15:00:00,1083.5705650589423
12-17 16:00:00,1115.9582964392048
12-17 17:00:00,1132.0112417045452
12-17 18:00:00,1134.1592201069052
12-17 19:00:00,1137.0338231436863
12-17 20:00:00,1149.481002702928
12-17 21:00:00,1152.60167209726
12-17 22:00:00,1186.79917030061
12-17 23:00:00,1184.065081073926
12-18 00:00:00,1198.9754827367474
12-18 01:00:00,1187.878405674139
12-18 02:00:00,1190.2658875266677
12-18 03:00:00,1233.2265449969311
12-18 04:00:00,1238.492872823891
12-18 05:00:00,1226.7806649635775
12-18 06:00:00,1269.9557873778388
12-18 07:00:00,1316.4395548759564
12-18 08:00:00,1314.6818411879835
12-18 09:00:00,1285.8430864421948
12-18 10:00:00,1227.6492875020922
12-18 11:00:00,1169.8271188608926
12-18 12:00:00,1114.7806490439607
12-18 13:00:00,1084.804404682648
12-18 14:00:00,1094.4450263350143
12-18 15:00:00,1121.2915882208995
12-18 16:00:00,1118.8698864572023
12-18 17:00:00,1168.9108099424193
12-18 18:00:00,1209.0583715515972
12-18 19:00:00,1218.3231286946746
12-18 20:00:00,1201.1015410858813
12-18 21:00:00,1181.9515529169726
12-18 22:00:00,1174.7370324882877
12-18 23:00:00,1178.7053614721103
12-19 00:00:00,1196.514629866985
12-19 01:00:00,1209.8699205614025
12-19 02:00:00,1230.6197932370694
12-19 03:00:00,1236.3394299016923
12-19 04:00:00,1264.5311780435952
12-19 05:00:00,1276.7626918230146
12-19 06:00:00,1278.563238315788
12-19 07:00:00,1296.812293978071
12-19 08:00:00,1319.5718319262744
12-19 09:00:00,1329.411424847272
12-19 10:00:00,1309.9412850782728
12-19 11:00:00,1257.3708973557714
12-19 12:00:00,1222.4291653598223
12-19 13:00:00,1213.1703970010594
12-19 14:00:00,1203.222291405883
12-19 15:00:00,1231.5381726374599
12-19 16:00:00,1257.7480623161446
12-19 17:00:00,1291.873917672834
12-19 18:00:00,1322.2337580671312
12-19 19:00:00,1347.2073165671816
12-19 20:00:00,1354.061570093789
12-19 21:00:00,1360.389252152699
12-19 22:00:00,1358.1486523028489
12-19 23:00:00,1365.3145813449821
12-20 00:00:00,1374.8212422707352
12-20 01:00:00,1357.0125230988676
12-20 02:00:00,1358.2442694387641
12-20 03:00:00,1361.0103685644174
12-20 04:00:00,1380.5061654190608
12-20 05:00:00,1389.534966845264
12-20 06:00:00,1400.2504057619794
12-20 07:00:00,1382.3084866291977
12-20 08:00:00,1349.5013023689103
12-20 09:00:00,1314.3020298014605
12-20 10:00:00,1272.5420156658854
12-20 11:00:00,1228.2197712138395
12-20 12:00:00,1194.0401866893208
12-20 13:00:00,1192.787123671341
12-20 14:00:00,1208.019776816111
12-20 15:00:00,1235.3049529516918
12-20 16:00:00,1250.5419583657372
12-20 17:00:00,1243.9047113443462
12-20 18:00:00,1278.594977223851
12-20 19:00:00,1332.45966812896
12-20 20:00:00,1325.8342063192508
12-20 21:00:00,1330.6410157648397
12-20 22:00:00,1354.568718204629
12-20 23:00:00,1357.0397771316834
12-21 00:00:00,1382.9523815817797
12-21 01:00:00,1395.9784581990832
12-21 02:00:00,1458.4322836835813
12-21 03:00:00,1485.4018135640301
12-21 04:00:00,1480.6657407619516
12-21 05:00:00,1445.8511332884273
12-21 06:00:00,1419.7460670359064
12-21 07:00:00,1376.915698200939
12-21 08:00:00,1346.2665999182516
12-21 09:00:00,1332.7103932667296
12-21 10:00:00,1330.7709152090522
12-21 11:00:00,1332.7379868650046
12-21 12:00:00,1318.866532371931
12-21 13:00:00,1309.114566399288
12-21 14:00:00,1308.0862585776865
12-21 15:00:00,1313.807329248584
12-21 16:00:00,1314.6318572846212
12-21 17:00:00,1335.6322676123552
12-21 18:00:00,1336.1832329518418
12-21 19:00:00,1337.1922324642637
12-21 20:00:00,1354.6348730494583
12-21 21:00:00,1371.1148967658703
12-21 22:00:00,1390.858520616993
12-21 23:00:00,1410.3455128019134
12-22 00:00:00,1415.5873707349956
12-22 01:00:00,1433.6362768941785
12-22 02:00:00,1444.3692827433028
12-22 03:00:00,1455.498319356774
12-22 04:00:00,1467.5565709053246
12-22 05:00:00,1491.1688291445862
12-22 06:00:00,1520.116778070385
12-22 07:00:00,1539.1031960843252
12-22 08:00:00,1561.187661514754
12-22 09:00:00,1551.1544815641128
12-22 10:00:00,1521.3703609860918
12-22 11:00:00,1492.7889161422195
12-22 12:00:00,1438.9763070514903
12-22 13:00:00,1423.7653846224475
12-22 14:00:00,1421.3880346889655
12-22 15:00:00,1455.3139328836207
12-22 16:00:00,1495.476421859554
12-22 17:00:00,1536.031629974455
12-22 18:00:00,1555.913364644482
12-22 19:00:00,1581.0598981996936
12-22 20:00:00,1600.1349824073159
12-22 21:00:00,1589.1803617559976
12-22 22:00:00,1560.628808280294
12-22 23:00:00,1568.5912077533696
12-23 00:00:00,1570.4920202233504
12-23 01:00:00,1620.879715887624
12-23 02:00:00,1633.8575794622325
12-23 03:00:00,1591.645140006317
12-23 04:00:00,1599.3867678091829
12-23 05:00:00,1566.406372126355
12-23 06:00:00,1603.3970629952069
12-23 07:00:00,1623.9732889683269
12-23 08:00:00,1646.7472706443405
12-23 09:00:00,1579.1013279541687
12-23 10:00:00,1404.0214842712178
12-23 11:00:00,1216.7787122285229
12-23 12:00:00,1117.2097840376048
12-23 13:00:00,1036.034482795207
12-23 14:00:00,1020.1388270266045
12-23 15:00:00,1014.1726118320582
12-23 16:00:00,1042.9568673098904
12-23 17:00:00,1009.3001376723607
12-23 18:00:00,989.227828747374
12-23 19:00:00,1006.98005065251
12-23 20:00:00,995.1186399779301
12-23 21:00:00,976.0855078670652
12-23 22:00:00,975.4716389810168
12-23 23:00:00,962.3189539446022
12-24 00:00:00,932.9212067265548
12-24 01:00:00,957.3051605691683
12-24 02:00:00,961.304570191733
12-24 03:00:00,992.4997074606122
12-24 04:00:00,999.5623505497952
12-24 05:00:00,1039.5425533962475
12-24 06:00:00,1005.8001096415371
12-24 07:00:00,1036.158442007439
12-24 08:00:00,1035.3346237193655
12-24 09:00:00,979.353468569474
12-24 10:00:00,937.6520847866631
12-24 11:00:00,919.6783311819805
12-24 12:00:00,913.6079352952863
12-24 13:00:00,873.6112959964366
12-24 14:00:00,872.9640508999911
12-24 15:00:00,902.607137539254
12-24 16:00:00,890.6844880894673
12-24 17:00:00,896.6234557456957
12-24 18:00:00,900.8526625736899
12-24 19:00:00,889.6199313847304
12-24 20:00:00,887.8850392004064
12-24 21:00:00,903.3874864578688
12-24 22:00:00,882.0499746645685
12-24 23:00:00,877.8503430451443
12-25 00:00:00,881.1359604743234
12-25 01:00:00,897.9411810391381
12-25 02:00:00,883.7420972934757
12-25 03:00:00,948.4396116490278
12-25 04:00:00,923.3694324910908
12-25 05:00:00,934.5296492929804
12-25 06:00:00,953.4517261260811
12-25 07:00:00,939.6104391462991
12-25 08:00:00,935.9154434097602
12-25 09:00:00,900.1964581266058
12-25 10:00:00,931.3663074263823
12-25 11:00:00,881.9143955503926
12-25 12:00:00,859.59068219223
12-25 13:00:00,823.2987489643502
12-25 14:00:00,807.8950207034177
12-25 15:00:00,794.2701922792417
12-25 16:00:00,824.7664716573396
12-25 17:00:00,815.5737243319014
12-25 18:00:00,832.7069544183222
12-25 19:00:00,864.3829392336049
12-25 20:00:00,843.2576527169141
12-25 21:00:00,881.4045765617468
12-25 22:00:00,896.2000284812901
12-25 23:00:00,867.1128851307859
12-26 00:00:00,886.1285065175274
12-26 01:00:00,875.3004404973484
12-26 02:00:00,884.214589001395
12-26 03:00:00,901.7067521173444
12-26 04:00:00,899.5829173392586
12-26 05:00:00,887.7038627153664
12-26 06:00:00,879.8947652120338
12-26 07:00:00,901.2554320602186
12-26 08:00:00,897.4493055399198
12-26 09:00:00,901.9716932772559
12-26 10:00:00,884.8382106336769
12-26 11:00:00,865.6289166236079
12-26 12:00:00,794.4843753912015
12-26 13:00:00,741.8441943413363
12-26 14:00:00,752.8418244404401
12-26 15:00:00,766.1704859941517
12-26 16:00:00,798.0034552418065
12-26 17:00:00,799.1333084836468
12-26 18:00:00,812.8536010141829
12-26 19:00:00,834.6603209936035
12-26 20:00:00,859.9774984918158
12-26 21:00:00,862.0387601149162
12-26 22:00:00,849.641384044909
12-26 23:00:00,877.4910058414463
12-27 00:00:00,869.7702087619145
12-27 01:00:00,876.0810686133343
12-27 02:00:00,899.24197361132
12-27 03:00:00,918.6608913959789
12-27 04:00:00,920.4769429628553
12-27 05:00:00,937.5424762752995
12-27 06:00:00,966.0971036735998
12-27 07:00:00,987.3826738911188
12-27 08:00:00,994.6165278158421
12-27 09:00:00,963.0118552521844
12-27 10:00:00,881.3282031286556
12-27 11:00:00,828.0926450024934
12-27 12:00:00,798.8272894292467
12-27 13:00:00,775.4738138359974
12-27 14:00:00,765.7660475242899
12-27 15:00:00,788.8494672402982
12-27 16:00:00,790.1099150049154
12-27 17:00:00,813.943100950257
12-27 18:00:00,820.7714188433665
12-27 19:00:00,829.4661083635833
12-27 20:00:00,857.6558075929498
12-27 21:00:00,849.2794200972209
12-27 22:00:00,850.3169640956388
12-27 23:00:00,872.6220451812361
12-28 00:00:00,895.2139975787644
12-28 01:00:00,890.8152541780511
12-28 02:00:00,921.7461188273238
12-28 03:00:00,921.1231850164089
12-28 04:00:00,887.6882537094033
12-28 05:00:00,864.2224661704114
12-28 06:00:00,846.5435701299293
12-28 07:00:00,859.3143154443474
12-28 08:00:00,882.1699147507795
12-28 09:00:00,841.6393661158536
12-28 10:00:00,791.8278169481487
12-28 11:00:00,754.3065550427037
12-28 12:00:00,701.3757509470054
12-28 13:00:00,681.9030175425553
12-28 14:00:00,671.5187593153524
12-28 15:00:00,555.4100835696323
12-28 16:00:00,555.143851124743
12-28 17:00:00,592.4729510869232
12-28 18:00:00,639.6985514684038
12-28 19:00:00,721.68762950001
12-28 20:00:00,688.7087104763838
12-28 21:00:00,635.6259741613742
12-28 22:00:00,640.5132544408849
12-28 23:00:00,624.247087274775
12-29 00:00:00,631.3099665943173
12-29 01:00:00,596.9477716654906
12-29 02:00:00,583.1508183543599
12-29 03:00:00,617.9575844481776
12-29 04:00:00,682.0675880870564
12-29 05:00:00,696.9045061823309
12-29 06:00:00,695.520179183978
12-29 07:00:00,708.7777027302341
12-29 08:00:00,686.3694783375481
12-29 09:00:00,708.0834897926666
12-29 10:00:00,692.2751745857604
12-29 11:00:00,723.4787778304092
12-29 12:00:00,774.3130812944268
12-29 13:00:00,776.0736328193725
12-29 14:00:00,772.4107799192516
12-29 15:00:00,786.7529819638571
12-29 16:00:00,804.324460103092
12-29 17:00:00,818.7311407535392
12-29 18:00:00,802.4595558944276
12-29 19:00:00,795.1758574525049
12-29 20:00:00,794.799712109082
12-29 21:00:00,789.6999712909811
12-29 22:00:00,783.6110008332912
12-29 23:00:00,772.5994419798294
12-30 00:00:00,759.9131090502718
12-30 01:00:00,742.3638364382393
12-30 02:00:00,737.9462347922567
12-30 03:00:00,694.8382199792588
12-30 04:00:00,640.2356594097736
12-30 05:00:00,674.8112734155936
12-30 06:00:00,671.1629222077656
12-30 07:00:00,684.5070125981467
12-30 08:00:00,655.0414037203767
12-30 09:00:00,643.02210556328
12-30 10:00:00,613.0074150743528
12-30 11:00:00,580.2722387665636
12-30 12:00:00,542.4948266808315
12-30 13:00:00,485.43818005715826
12-30 14:00:00,465.3047846858762
12-30 15:00:00,478.71268022032694
12-30 16:00:00,498.57292372196855
12-30 17:00:00,525.2797885033453
12-30 18:00:00,536.7266168179598
12-30 19:00:00,532.1750384712582
12-30 20:00:00,552.0176805583112
12-30 21:00:00,544.6908256946213
12-30 22:00:00,570.5727404031104
12-30 23:00:00,602.2072481477518
12-31 00:00:00,692.1518379744554
12-31 01:00:00,722.2632283242166
12-31 02:00:00,764.7961900367147
12-31 03:00:00,797.2201737042603
12-31 04:00:00,739.3195192469631
12-31 05:00:00,793.0392443493502
12-31 06:00:00,809.5727428291643
12-31 07:00:00,809.2789465932581
12-31 08:00:00,829.8363342987038
12-31 09:00:00,816.6071687571066
12-31 10:00:00,745.5148928316846
12-31 11:00:00,637.5433137390041
12-31 12:00:00,574.1489207399849
12-31 13:00:00,546.8372439282365
12-31 14:00:00,545.8833470089357
12-31 15:00:00,522.9078170193485
12-31 16:00:00,558.5729530153994
12-31 17:00:00,589.7136539375663
12-31 18:00:00,618.7749248234638
12-31 19:00:00,669.9119886163022
12-31 20:00:00,693.9945277311083
12-31 21:00:00,737.5217334147387
12-31 22:00:00,697.497295449873
12-31 23:00:00,782.2238105186161
