,value_kW
01-01 00:00:00,138.84493124433763
01-01 01:00:00,136.19776365368128
01-01 02:00:00,135.562983012864
01-01 03:00:00,137.26774349799322
01-01 04:00:00,136.95679083328196
01-01 05:00:00,137.7247616882436
01-01 06:00:00,139.58368240830018
01-01 07:00:00,140.50224454209976
01-01 08:00:00,136.029822629119
01-01 09:00:00,136.5454309739199
01-01 10:00:00,127.463975413747
01-01 11:00:00,121.46839150946364
01-01 12:00:00,121.73398030637617
01-01 13:00:00,118.54927685420995
01-01 14:00:00,118.66991648845473
01-01 15:00:00,122.35301590466463
01-01 16:00:00,126.24285588621755
01-01 17:00:00,128.52682999393318
01-01 18:00:00,127.74503470525036
01-01 19:00:00,128.59551997672105
01-01 20:00:00,129.42306031336753
01-01 21:00:00,130.93909739079874
01-01 22:00:00,131.5447626397435
01-01 23:00:00,131.4252451426697
01-02 00:00:00,130.29518956843873
01-02 01:00:00,129.27745900258145
01-02 02:00:00,127.67284482932592
01-02 03:00:00,127.64688606660124
01-02 04:00:00,126.34675001357365
01-02 05:00:00,126.20376913424988
01-02 06:00:00,126.03967377873602
01-02 07:00:00,125.87444405764109
01-02 08:00:00,126.53887425332665
01-02 09:00:00,124.21956494884942
01-02 10:00:00,122.89789178488815
01-02 11:00:00,120.01429084710975
01-02 12:00:00,121.54614075781737
01-02 13:00:00,121.38194342641624
01-02 14:00:00,120.48885643605954
01-02 15:00:00,121.39348378491391
01-02 16:00:00,124.10202076537459
01-02 17:00:00,126.79010844970492
01-02 18:00:00,128.7984330224732
01-02 19:00:00,130.7305762142013
01-02 20:00:00,131.5431430463522
01-02 21:00:00,132.73270658485248
01-02 22:00:00,134.9700722275932
01-02 23:00:00,137.0330281429198
01-03 00:00:00,142.68544775920938
01-03 01:00:00,144.74702402294292
01-03 02:00:00,145.15628969219603
01-03 03:00:00,145.32333010254405
01-03 04:00:00,145.52129530713444
01-03 05:00:00,146.65696993522673
01-03 06:00:00,147.5647797862286
01-03 07:00:00,148.5426262988778
01-03 08:00:00,148.275063277345
01-03 09:00:00,145.46157429731244
01-03 10:00:00,142.72938909476431
01-03 11:00:00,140.56395076837774
01-03 12:00:00,138.53824943315013
01-03 13:00:00,137.5914800461735
01-03 14:00:00,136.74406126284885
01-03 15:00:00,136.58707157561068
01-03 16:00:00,137.31385072469055
01-03 17:00:00,137.4700986710265
01-03 18:00:00,138.66075071273096
01-03 19:00:00,140.45645341592638
01-03 20:00:00,142.91560058055595
01-03 21:00:00,141.84356955639413
01-03 22:00:00,141.09060700638122
01-03 23:00:00,140.78946786892817
01-04 00:00:00,140.6109902103235
01-04 01:00:00,145.37025497967755
01-04 02:00:00,148.1983170831627
01-04 03:00:00,144.95536988762365
01-04 04:00:00,147.11384643579567
01-04 05:00:00,146.99431213455648
01-04 06:00:00,146.98084868307978
01-04 07:00:00,147.10075045923725
01-04 08:00:00,145.96177682206235
01-04 09:00:00,142.78468514262784
01-04 10:00:00,140.71715020775656
01-04 11:00:00,138.74125682606447
01-04 12:00:00,135.0108702355912
01-04 13:00:00,132.50155429334274
01-04 14:00:00,132.1644345896946
01-04 15:00:00,132.9942055061495
01-04 16:00:00,136.09798350185616
01-04 17:00:00,138.8542156709603
01-04 18:00:00,140.66812832566887
01-04 19:00:00,142.62784576895052
01-04 20:00:00,141.6905210703936
01-04 21:00:00,142.8063234275552
01-04 22:00:00,144.8633655397466
01-04 23:00:00,146.87722263940552
01-05 00:00:00,148.8876671534306
01-05 01:00:00,149.98974770102114
01-05 02:00:00,150.75557934254624
01-05 03:00:00,150.73594430074755
01-05 04:00:00,148.54045187095986
01-05 05:00:00,148.69157632278797
01-05 06:00:00,149.90627196451373
01-05 07:00:00,150.75408385219578
01-05 08:00:00,151.94405714112912
01-05 09:00:00,151.2459090107684
01-05 10:00:00,148.21112214789946
01-05 11:00:00,144.83765845256667
01-05 12:00:00,142.57244963527884
01-05 13:00:00,141.97804706325897
01-05 14:00:00,143.18204751990254
01-05 15:00:00,145.37310448402536
01-05 16:00:00,145.71342323641744
01-05 17:00:00,146.02202844679337
01-05 18:00:00,147.12034654784136
01-05 19:00:00,149.03984504375316
01-05 20:00:00,149.33072492302114
01-05 21:00:00,150.1863616724241
01-05 22:00:00,149.68962832190545
01-05 23:00:00,151.50031934309305
01-06 00:00:00,152.29442399070751
01-06 01:00:00,152.7211858153887
01-06 02:00:00,154.79149204821897
01-06 03:00:00,155.90146237048384
01-06 04:00:00,158.8113220348697
01-06 05:00:00,163.42717207965669
01-06 06:00:00,164.34342880353734
01-06 07:00:00,164.27145203450192
01-06 08:00:00,163.87613590786847
01-06 09:00:00,161.54175618778027
01-06 10:00:00,160.26569700615383
01-06 11:00:00,156.55858232481236
01-06 12:00:00,155.24356911907452
01-06 13:00:00,154.8440916243615
01-06 14:00:00,153.68370636052657
01-06 15:00:00,152.1919897133094
01-06 16:00:00,155.10788488400678
01-06 17:00:00,156.83377277603427
01-06 18:00:00,156.7961013103938
01-06 19:00:00,156.80211319720584
01-06 20:00:00,156.87804617052288
01-06 21:00:00,157.7773348506119
01-06 22:00:00,157.7773348506119
01-06 23:00:00,158.64833485366938
01-07 00:00:00,158.61756406019705
01-07 01:00:00,158.69444963723384
01-07 02:00:00,158.81067944443097
01-07 03:00:00,157.274470843023
01-07 04:00:00,158.49399018232555
01-07 05:00:00,159.94129662593775
01-07 06:00:00,161.07206970756238
01-07 07:00:00,161.36945079786304
01-07 08:00:00,163.66168378127577
01-07 09:00:00,161.9124002432664
01-07 10:00:00,155.56452995995278
01-07 11:00:00,149.81406034282216
01-07 12:00:00,146.23077782436042
01-07 13:00:00,142.20414836642252
01-07 14:00:00,140.01420806393975
01-07 15:00:00,142.93147906322713
01-07 16:00:00,146.7943130256154
01-07 17:00:00,152.6773460472138
01-07 18:00:00,153.6527047912478
01-07 19:00:00,156.35836177599236
01-07 20:00:00,156.39615098403272
01-07 21:00:00,155.7257108195821
01-07 22:00:00,159.432789056628
01-07 23:00:00,162.02153950260893
01-08 00:00:00,162.74265358112908
01-08 01:00:00,166.4436072399206
01-08 02:00:00,163.57039388076043
01-08 03:00:00,164.3925086524874
01-08 04:00:00,164.07725920119788
01-08 05:00:00,165.91262848692185
01-08 06:00:00,167.8255308408638
01-08 07:00:00,170.50461707510902
01-08 08:00:00,170.14259006509235
01-08 09:00:00,168.86901116085227
01-08 10:00:00,161.1959872581232
01-08 11:00:00,151.06685307142956
01-08 12:00:00,144.8076381570344
01-08 13:00:00,138.52346956632755
01-08 14:00:00,138.90170195709632
01-08 15:00:00,146.08855032022228
01-08 16:00:00,153.30081875453854
01-08 17:00:00,158.633310428326
01-08 18:00:00,164.11229240646074
01-08 19:00:00,170.00375108960043
01-08 20:00:00,172.96901039974884
01-08 21:00:00,177.8663471889218
01-08 22:00:00,179.93675145288643
01-08 23:00:00,184.94210108615476
01-09 00:00:00,186.9619422272057
01-09 01:00:00,188.8719683415285
01-09 02:00:00,192.70945213050788
01-09 03:00:00,194.71292424362773
01-09 04:00:00,196.40944266984485
01-09 05:00:00,196.63922898301018
01-09 06:00:00,198.53304176050642
01-09 07:00:00,199.66924660419488
01-09 08:00:00,199.27934849954428
01-09 09:00:00,195.34743024734234
01-09 10:00:00,183.5185487151798
01-09 11:00:00,170.80702424340302
01-09 12:00:00,162.2770313255495
01-09 13:00:00,158.67062582227024
01-09 14:00:00,159.46892479477742
01-09 15:00:00,157.3188271822722
01-09 16:00:00,160.34969057965304
01-09 17:00:00,164.21349235450737
01-09 18:00:00,164.54244030384274
01-09 19:00:00,168.33276826520296
01-09 20:00:00,173.71214186037855
01-09 21:00:00,176.57429564832913
01-09 22:00:00,177.97186261331814
01-09 23:00:00,176.93200016006273
01-10 00:00:00,180.04003241318404
01-10 01:00:00,179.4253368633002
01-10 02:00:00,182.77888553430154
01-10 03:00:00,186.6569555885601
01-10 04:00:00,190.38348117446014
01-10 05:00:00,193.44330318353536
01-10 06:00:00,195.31658102116359
01-10 07:00:00,196.52031524730342
01-10 08:00:00,195.44111096549523
01-10 09:00:00,195.18851456665527
01-10 10:00:00,182.9645224177043
01-10 11:00:00,175.82447535684128
01-10 12:00:00,173.05293102764483
01-10 13:00:00,166.89746787300703
01-10 14:00:00,168.1520944260902
01-10 15:00:00,173.33890248843778
01-10 16:00:00,175.9998583794636
01-10 17:00:00,177.3751967668244
01-10 18:00:00,172.4430785851378
01-10 19:00:00,176.51667471078457
01-10 20:00:00,187.7092423592646
01-10 21:00:00,191.88351481823065
01-10 22:00:00,187.9040443132481
01-10 23:00:00,191.97159547775033
01-11 00:00:00,194.9345853628621
01-11 01:00:00,196.71848577234437
01-11 02:00:00,203.93865057216988
01-11 03:00:00,204.99252342939474
01-11 04:00:00,202.728077112527
01-11 05:00:00,204.0469931776376
01-11 06:00:00,206.90729537320087
01-11 07:00:00,207.28446236817473
01-11 08:00:00,203.87344661248983
01-11 09:00:00,199.40237361297818
01-11 10:00:00,195.74009026761007
01-11 11:00:00,186.54671590213005
01-11 12:00:00,179.1151396163569
01-11 13:00:00,177.5443842472567
01-11 14:00:00,177.30540577544429
01-11 15:00:00,182.47127505201104
01-11 16:00:00,185.54776496058778
01-11 17:00:00,189.1420090871956
01-11 18:00:00,189.64174566887039
01-11 19:00:00,191.88175889019902
01-11 20:00:00,187.85351733612316
01-11 21:00:00,192.54746857707806
01-11 22:00:00,191.07230105183217
01-11 23:00:00,188.2866056114422
01-12 00:00:00,187.6706271372413
01-12 01:00:00,184.58258088881786
01-12 02:00:00,187.91083447361862
01-12 03:00:00,186.41807994021653
01-12 04:00:00,183.7790288040079
01-12 05:00:00,184.07663315586012
01-12 06:00:00,176.2303047772396
01-12 07:00:00,181.57582925362482
01-12 08:00:00,170.83269789651453
01-12 09:00:00,166.10926854712855
01-12 10:00:00,162.78133601922855
01-12 11:00:00,152.00749488573877
01-12 12:00:00,154.37704652118367
01-12 13:00:00,153.05767046547922
01-12 14:00:00,146.8089013537899
01-12 15:00:00,153.7550905781755
01-12 16:00:00,154.61912624386042
01-12 17:00:00,148.39656239567887
01-12 18:00:00,150.992255765543
01-12 19:00:00,150.89470819588198
01-12 20:00:00,148.23860253410052
01-12 21:00:00,145.5329839947359
01-12 22:00:00,142.88925324276823
01-12 23:00:00,141.9392475659626
01-13 00:00:00,140.28225189351247
01-13 01:00:00,140.89187625208135
01-13 02:00:00,141.67427352347883
01-13 03:00:00,138.30095284334172
01-13 04:00:00,135.30326783795917
01-13 05:00:00,135.38710196717727
01-13 06:00:00,133.83159407110776
01-13 07:00:00,135.7636194033251
01-13 08:00:00,136.09133746567835
01-13 09:00:00,132.8533280821938
01-13 10:00:00,131.62254327981472
01-13 11:00:00,131.3578308971086
01-13 12:00:00,130.30262918983072
01-13 13:00:00,126.87041840669852
01-13 14:00:00,126.71627091774653
01-13 15:00:00,123.41518428670639
01-13 16:00:00,122.67412289847928
01-13 17:00:00,124.5450225350375
01-13 18:00:00,113.00128341261285
01-13 19:00:00,119.98350962261276
01-13 20:00:00,134.01514186149416
01-13 21:00:00,142.15844456509444
01-13 22:00:00,143.73275987157461
01-13 23:00:00,143.61720407453424
01-14 00:00:00,141.80363747507397
01-14 01:00:00,137.47666936014244
01-14 02:00:00,127.43450892604298
01-14 03:00:00,102.42522006309294
01-14 04:00:00,97.9129808214193
01-14 05:00:00,97.82008417070102
01-14 06:00:00,100.446852145322
01-14 07:00:00,114.22234491235528
01-14 08:00:00,138.0296730202512
01-14 09:00:00,141.35027989053336
01-14 10:00:00,142.41699235392088
01-14 11:00:00,142.41699235392088
01-14 12:00:00,145.20247445298074
01-14 13:00:00,142.6038584928569
01-14 14:00:00,143.34258729124448
01-14 15:00:00,144.1210661876783
01-14 16:00:00,145.77476756665237
01-14 17:00:00,146.46566506330578
01-14 18:00:00,147.19749000447533
01-14 19:00:00,146.99431213455648
01-14 20:00:00,146.87550987893633
01-14 21:00:00,146.7574358022485
01-14 22:00:00,145.79972106653076
01-14 23:00:00,145.68309177589651
01-15 00:00:00,144.84557947425333
01-15 01:00:00,143.7634824366247
01-15 02:00:00,143.82117123708485
01-15 03:00:00,144.71393584511435
01-15 04:00:00,145.5304376801804
01-15 05:00:00,145.90264900275034
01-15 06:00:00,148.07734177737206
01-15 07:00:00,150.18585999115368
01-15 08:00:00,150.9518677577685
01-15 09:00:00,150.92782553673166
01-15 10:00:00,150.8672278096809
01-15 11:00:00,151.02546571483106
01-15 12:00:00,152.8100731424389
01-15 13:00:00,155.02383778858547
01-15 14:00:00,157.80049401988094
01-15 15:00:00,163.1613881375782
01-15 16:00:00,166.58183997983218
01-15 17:00:00,170.33758964104527
01-15 18:00:00,172.7351104592265
01-15 19:00:00,172.9239040982833
01-15 20:00:00,173.03824546536794
01-15 21:00:00,173.03824546536794
01-15 22:00:00,174.36222664540188
01-15 23:00:00,183.47794422014763
01-16 00:00:00,192.8732103405206
01-16 01:00:00,193.19024883077236
01-16 02:00:00,193.35956188777325
01-16 03:00:00,195.5263213769286
01-16 04:00:00,198.76285690977673
01-16 05:00:00,197.87445116647072
01-16 06:00:00,199.17013023402347
01-16 07:00:00,198.28326514512227
01-16 08:00:00,200.5765001207343
01-16 09:00:00,193.60286961909821
01-16 10:00:00,187.4187736105115
01-16 11:00:00,183.87124926677487
01-16 12:00:00,180.57741668810144
01-16 13:00:00,177.52425711942644
01-16 14:00:00,176.69035588333384
01-16 15:00:00,181.6900729362917
01-16 16:00:00,186.58033163064087
01-16 17:00:00,189.7902843935895
01-16 18:00:00,187.47979717747407
01-16 19:00:00,186.72152919508954
01-16 20:00:00,191.55671918424574
01-16 21:00:00,191.99387296903421
01-16 22:00:00,187.98876535106905
01-16 23:00:00,189.25585259694068
01-17 00:00:00,191.80548173909546
01-17 01:00:00,188.43275293728186
01-17 02:00:00,181.3130005128051
01-17 03:00:00,178.00174836500327
01-17 04:00:00,178.2310726746408
01-17 05:00:00,178.00389086256075
01-17 06:00:00,179.65703723145245
01-17 07:00:00,174.89581097422464
01-17 08:00:00,158.16385561708228
01-17 09:00:00,158.77241669810383
01-17 10:00:00,151.2314739970235
01-17 11:00:00,145.27457693393285
01-17 12:00:00,140.02330676032884
01-17 13:00:00,139.50379956689994
01-17 14:00:00,140.36408032464908
01-17 15:00:00,141.94223230815322
01-17 16:00:00,142.90257460446503
01-17 17:00:00,142.0700759921217
01-17 18:00:00,141.19882690568133
01-17 19:00:00,138.7404568824198
01-17 20:00:00,137.89303809909512
01-17 21:00:00,136.87817483850768
01-17 22:00:00,136.9132286909449
01-17 23:00:00,135.19657046485383
01-18 00:00:00,135.38638968458167
01-18 01:00:00,137.26476590129982
01-18 02:00:00,138.11814857615474
01-18 03:00:00,138.2143640203027
01-18 04:00:00,136.62459929505565
01-18 05:00:00,139.32693550628773
01-18 06:00:00,141.1987069989587
01-18 07:00:00,140.48054916958475
01-18 08:00:00,137.02876826484686
01-18 09:00:00,133.61636559238485
01-18 10:00:00,134.27628546563975
01-18 11:00:00,133.97050782795583
01-18 12:00:00,134.10577176661204
01-18 13:00:00,131.72012659007362
01-18 14:00:00,130.00638606429183
01-18 15:00:00,130.75935993711283
01-18 16:00:00,133.7892542029981
01-18 17:00:00,136.9641429416085
01-18 18:00:00,142.32550599110323
01-18 19:00:00,150.2788258169918
01-18 20:00:00,151.32040832528133
01-18 21:00:00,155.54818673508032
01-18 22:00:00,154.5485087887766
01-18 23:00:00,158.24606067314687
01-19 00:00:00,166.7254342382981
01-19 01:00:00,163.7307155975211
01-19 02:00:00,166.81582742820893
01-19 03:00:00,174.41621505302868
01-19 04:00:00,175.27679613889433
01-19 05:00:00,178.77968488481073
01-19 06:00:00,177.34428210897423
01-19 07:00:00,186.3578082182509
01-19 08:00:00,178.0955921510077
01-19 09:00:00,176.20095715771043
01-19 10:00:00,166.48003927842845
01-19 11:00:00,158.5721201488825
01-19 12:00:00,151.75937713853187
01-19 13:00:00,141.99923112409613
01-19 14:00:00,135.7428796998418
01-19 15:00:00,133.8862112894582
01-19 16:00:00,133.07638916372997
01-19 17:00:00,134.99784063028355
01-19 18:00:00,139.27974656561116
01-19 19:00:00,136.90957484385686
01-19 20:00:00,132.62036918401833
01-19 21:00:00,129.18930122808737
01-19 22:00:00,129.83783876531095
01-19 23:00:00,134.64329719294167
01-20 00:00:00,136.3075285117223
01-20 01:00:00,140.64872823257195
01-20 02:00:00,142.45669582169813
01-20 03:00:00,137.37566449533864
01-20 04:00:00,140.0564808170318
01-20 05:00:00,143.43592378116182
01-20 06:00:00,145.16509407410973
01-20 07:00:00,140.56733293061257
01-20 08:00:00,143.67395466101112
01-20 09:00:00,137.15729690586232
01-20 10:00:00,128.054189529162
01-20 11:00:00,120.02009226548768
01-20 12:00:00,119.01637505148747
01-20 13:00:00,113.02834459466334
01-20 14:00:00,107.48029602985179
01-20 15:00:00,102.49922736039899
01-20 16:00:00,103.6085340536234
01-20 17:00:00,105.27683417553743
01-20 18:00:00,109.03612650853967
01-20 19:00:00,107.68171158669318
01-20 20:00:00,108.36880066076992
01-20 21:00:00,111.39703155855399
01-20 22:00:00,117.65248155489346
01-20 23:00:00,120.85415321324163
01-21 00:00:00,119.74953910008793
01-21 01:00:00,118.80896753094059
01-21 02:00:00,114.83374982254179
01-21 03:00:00,114.93871225082134
01-21 04:00:00,102.46022864944044
01-21 05:00:00,98.52887263203924
01-21 06:00:00,95.6515265846934
01-21 07:00:00,99.7854795258346
01-21 08:00:00,99.96894428536253
01-21 09:00:00,95.46801339355305
01-21 10:00:00,92.78395235430663
01-21 11:00:00,89.51114650880957
01-21 12:00:00,81.3475568384141
01-21 13:00:00,77.90405132092549
01-21 14:00:00,83.62063954026652
01-21 15:00:00,81.45519480730827
01-21 16:00:00,83.29584089533958
01-21 17:00:00,92.98107003005295
01-21 18:00:00,93.97603944823393
01-21 19:00:00,95.25773884647741
01-21 20:00:00,100.50011213538204
01-21 21:00:00,95.93568491766328
01-21 22:00:00,93.20853478433717
01-21 23:00:00,89.9401885536528
01-22 00:00:00,90.7218460233347
01-22 01:00:00,94.42914591677211
01-22 02:00:00,103.25014087185701
01-22 03:00:00,101.38244767151133
01-22 04:00:00,96.08807112951907
01-22 05:00:00,102.87389332075307
01-22 06:00:00,98.27304716370443
01-22 07:00:00,101.88046166283401
01-22 08:00:00,94.32640567405062
01-22 09:00:00,102.46599954973482
01-22 10:00:00,91.62454582468811
01-22 11:00:00,84.39160645152984
01-22 12:00:00,84.73139958199017
01-22 13:00:00,82.41193622604085
01-22 14:00:00,80.40675218295144
01-22 15:00:00,82.40090875451978
01-22 16:00:00,87.41742979602583
01-22 17:00:00,89.8141404946503
01-22 18:00:00,93.86406387635736
01-22 19:00:00,101.0593380375684
01-22 20:00:00,107.80666837317936
01-22 21:00:00,104.39884776344095
01-22 22:00:00,105.60969196405814
01-22 23:00:00,112.35584744648601
01-23 00:00:00,114.20364073927166
01-23 01:00:00,122.95456809702353
01-23 02:00:00,122.70765895627794
01-23 03:00:00,123.60748746509789
01-23 04:00:00,124.61432086736801
01-23 05:00:00,126.65652148531137
01-23 06:00:00,133.31746843215893
01-23 07:00:00,134.8863041627963
01-23 08:00:00,133.08444937513133
01-23 09:00:00,132.3212291564862
01-23 10:00:00,134.64245959660082
01-23 11:00:00,131.11641305938537
01-23 12:00:00,123.12441384056342
01-23 13:00:00,118.59582845861172
01-23 14:00:00,119.39915302665618
01-23 15:00:00,122.47254189267105
01-23 16:00:00,123.29117615914603
01-23 17:00:00,129.6912619860858
01-23 18:00:00,125.86015476233209
01-23 19:00:00,128.2084756519315
01-23 20:00:00,135.54233006297446
01-23 21:00:00,134.7028466238599
01-23 22:00:00,133.09539283624935
01-23 23:00:00,131.60244013722917
01-24 00:00:00,129.27781160960143
01-24 01:00:00,127.30534431213529
01-24 02:00:00,122.97074652040665
01-24 03:00:00,116.1479738764849
01-24 04:00:00,128.23023824463831
01-24 05:00:00,130.73044675440673
01-24 06:00:00,132.8874073828642
01-24 07:00:00,135.65470116878376
01-24 08:00:00,144.154949365069
01-24 09:00:00,140.00195648699116
01-24 10:00:00,137.08575959876003
01-24 11:00:00,131.44120062330262
01-24 12:00:00,129.6623553483056
01-24 13:00:00,130.58427753724897
01-24 14:00:00,134.71601000937378
01-24 15:00:00,139.578833561162
01-24 16:00:00,148.96217797985787
01-24 17:00:00,153.86544999402955
01-24 18:00:00,153.44792113541953
01-24 19:00:00,160.2036386501926
01-24 20:00:00,158.20970483475475
01-24 21:00:00,155.44504118571308
01-24 22:00:00,157.50497334845664
01-24 23:00:00,156.4201080597371
01-25 00:00:00,152.83908869770755
01-25 01:00:00,150.75337673461385
01-25 02:00:00,151.50281900259202
01-25 03:00:00,160.74076655254441
01-25 04:00:00,164.49578864402574
01-25 05:00:00,162.7410755456209
01-25 06:00:00,163.19668312653923
01-25 07:00:00,160.38823738165485
01-25 08:00:00,158.66424458598098
01-25 09:00:00,156.846949303644
01-25 10:00:00,150.478029440341
01-25 11:00:00,150.46673680182346
01-25 12:00:00,145.91734210517967
01-25 13:00:00,142.37348322925874
01-25 14:00:00,145.6338144433276
01-25 15:00:00,144.9839806647787
01-25 16:00:00,145.88376115634395
01-25 17:00:00,154.9154852045888
01-25 18:00:00,152.51354691319588
01-25 19:00:00,152.1549019928663
01-25 20:00:00,147.59366895053637
01-25 21:00:00,145.9603827533848
01-25 22:00:00,142.48996766588292
01-25 23:00:00,144.37957440024206
01-26 00:00:00,145.3400249422666
01-26 01:00:00,144.58379845363402
01-26 02:00:00,148.26469991434442
01-26 03:00:00,150.2693946214482
01-26 04:00:00,146.86419997209572
01-26 05:00:00,154.38656781544572
01-26 06:00:00,152.86706932250212
01-26 07:00:00,151.53583706566582
01-26 08:00:00,152.6717483905222
01-26 09:00:00,148.98217955440577
01-26 10:00:00,143.7722789863728
01-26 11:00:00,141.77779098741166
01-26 12:00:00,136.08428922057715
01-26 13:00:00,133.66838003098937
01-26 14:00:00,138.48625791197253
01-26 15:00:00,138.5578104217201
01-26 16:00:00,141.34317825856868
01-26 17:00:00,144.33677750956977
01-26 18:00:00,149.63531309603707
01-26 19:00:00,152.94677958192392
01-26 20:00:00,152.10089890395784
01-26 21:00:00,156.10816066997725
01-26 22:00:00,158.7247987148171
01-26 23:00:00,160.5693626100172
01-27 00:00:00,165.99293307462688
01-27 01:00:00,171.36509154995588
01-27 02:00:00,171.36045999177708
01-27 03:00:00,171.63500397366852
01-27 04:00:00,173.45406294104492
01-27 05:00:00,170.62887250595043
01-27 06:00:00,169.1148704006876
01-27 07:00:00,171.39042374457324
01-27 08:00:00,171.39042374457324
01-27 09:00:00,169.92533425481224
01-27 10:00:00,175.14964366881387
01-27 11:00:00,177.00056256864275
01-27 12:00:00,172.70577113760243
01-27 13:00:00,170.30713757950596
01-27 14:00:00,167.17988448633258
01-27 15:00:00,167.88869517394835
01-27 16:00:00,167.61874126299492
01-27 17:00:00,164.45552443901406
01-27 18:00:00,161.4997344646774
01-27 19:00:00,159.36598574419128
01-27 20:00:00,157.15072661849467
01-27 21:00:00,154.22327188979762
01-27 22:00:00,153.13128937368322
01-27 23:00:00,149.65722661690452
01-28 00:00:00,148.69497509710342
01-28 01:00:00,148.44603343081542
01-28 02:00:00,146.41797848304793
01-28 03:00:00,144.53568718303512
01-28 04:00:00,142.53440894449184
01-28 05:00:00,139.62777105625804
01-28 06:00:00,136.1172691517699
01-28 07:00:00,133.36275876548166
01-28 08:00:00,129.58618992002562
01-28 09:00:00,129.54990563606975
01-28 10:00:00,124.95120376158235
01-28 11:00:00,122.9223756775211
01-28 12:00:00,123.04142042484334
01-28 13:00:00,123.74845388466899
01-28 14:00:00,118.52695616350866
01-28 15:00:00,118.52695616350866
01-28 16:00:00,116.053715666186
01-28 17:00:00,110.53518107920056
01-28 18:00:00,84.8149092820988
01-28 19:00:00,90.90692029541356
01-28 20:00:00,70.4185928699861
01-28 21:00:00,94.36552522180872
01-28 22:00:00,104.57555708283817
01-28 23:00:00,110.73236957164686
01-29 00:00:00,107.94770320997532
01-29 01:00:00,109.57233530899887
01-29 02:00:00,109.74287667585678
01-29 03:00:00,110.87719472628318
01-29 04:00:00,111.7423881162953
01-29 05:00:00,115.36252334927872
01-29 06:00:00,112.76630295188652
01-29 07:00:00,103.57263270597544
01-29 08:00:00,75.5045614880056
01-29 09:00:00,71.35770585529481
01-29 10:00:00,71.48180841899654
01-29 11:00:00,73.32875570865298
01-29 12:00:00,86.13128888859974
01-29 13:00:00,100.57662698462056
01-29 14:00:00,96.89285077050003
01-29 15:00:00,83.5599387410351
01-29 16:00:00,75.6069297574191
01-29 17:00:00,80.35223570568085
01-29 18:00:00,96.50791395460858
01-29 19:00:00,97.39782367513848
01-29 20:00:00,99.36141798442719
01-29 21:00:00,93.34683620406419
01-29 22:00:00,89.79152154787087
01-29 23:00:00,89.04250392930128
01-30 00:00:00,86.93450995074349
01-30 01:00:00,86.29636327214318
01-30 02:00:00,89.99548049819978
01-30 03:00:00,90.40848882530639
01-30 04:00:00,99.69214072958465
01-30 05:00:00,101.59816334213971
01-30 06:00:00,109.21498875923511
01-30 07:00:00,116.35824866691931
01-30 08:00:00,116.4956292617554
01-30 09:00:00,113.24303806872526
01-30 10:00:00,112.25091176379061
01-30 11:00:00,102.7429040808783
01-30 12:00:00,104.89229591191953
01-30 13:00:00,106.09858090741082
01-30 14:00:00,108.52277053085653
01-30 15:00:00,110.90304694465291
01-30 16:00:00,111.11092397108395
01-30 17:00:00,114.21551371771963
01-30 18:00:00,114.37082127455727
01-30 19:00:00,115.14270843678526
01-30 20:00:00,114.25593086026251
01-30 21:00:00,115.25098959046957
01-30 22:00:00,116.25016242380345
01-30 23:00:00,114.79406823046882
01-31 00:00:00,113.94330783352783
01-31 01:00:00,112.95178739816839
01-31 02:00:00,113.75452174641384
01-31 03:00:00,113.75619310181102
01-31 04:00:00,116.1602746123194
01-31 05:00:00,114.05544565547822
01-31 06:00:00,117.47167113434338
01-31 07:00:00,117.67709632943365
01-31 08:00:00,115.98594803806014
01-31 09:00:00,118.6847842598736
01-31 10:00:00,116.66255923951017
01-31 11:00:00,113.67691923762126
01-31 12:00:00,109.03307699714605
01-31 13:00:00,104.31345414614776
01-31 14:00:00,101.05618933197951
01-31 15:00:00,97.16079912258175
01-31 16:00:00,95.66171506302771
01-31 17:00:00,99.41476903650596
01-31 18:00:00,104.1819155348658
01-31 19:00:00,106.59042036876122
01-31 20:00:00,112.88838356995898
01-31 21:00:00,113.86064895872367
01-31 22:00:00,117.03364910779302
01-31 23:00:00,115.39038628987151
02-01 00:00:00,113.86064895872367
02-01 01:00:00,111.62395318580896
02-01 02:00:00,112.29396418849264
02-01 03:00:00,112.27123115244146
02-01 04:00:00,110.6128160463044
02-01 05:00:00,113.55442661034408
02-01 06:00:00,111.84579627628331
02-01 07:00:00,108.51942283496783
02-01 08:00:00,107.798295855643
02-01 09:00:00,107.48933939783316
02-01 10:00:00,105.25873007905146
02-01 11:00:00,105.0140490465889
02-01 12:00:00,100.50052504991856
02-01 13:00:00,93.76476883000223
02-01 14:00:00,96.09160515711329
02-01 15:00:00,98.85018404486414
02-01 16:00:00,102.59514907752686
02-01 17:00:00,102.49671515874286
02-01 18:00:00,104.04259487628258
02-01 19:00:00,104.129502425675
02-01 20:00:00,104.91685983626125
02-01 21:00:00,104.80924985236852
02-01 22:00:00,104.1419647798868
02-01 23:00:00,106.44516954456944
02-02 00:00:00,107.28725234834832
02-02 01:00:00,107.28725234834832
02-02 02:00:00,103.49042510107547
02-02 03:00:00,98.08198432867286
02-02 04:00:00,103.99804961270699
02-02 05:00:00,107.97041398742955
02-02 06:00:00,110.37704889870795
02-02 07:00:00,108.15298553425524
02-02 08:00:00,106.43350057013387
02-02 09:00:00,102.36838307199247
02-02 10:00:00,98.36559227451414
02-02 11:00:00,94.19099076356247
02-02 12:00:00,89.44182430952378
02-02 13:00:00,89.5558529708188
02-02 14:00:00,86.53230543059728
02-02 15:00:00,85.86244998557433
02-02 16:00:00,85.90659220456678
02-02 17:00:00,88.95227419715097
02-02 18:00:00,88.96759937029242
02-02 19:00:00,90.37836203993999
02-02 20:00:00,92.39124821987565
02-02 21:00:00,93.35736772558931
02-02 22:00:00,87.51735188339971
02-02 23:00:00,94.11593458325729
02-03 00:00:00,94.86037498210656
02-03 01:00:00,92.66596477761948
02-03 02:00:00,94.06747844699328
02-03 03:00:00,94.89434899716616
02-03 04:00:00,94.75370836469861
02-03 05:00:00,96.73660292079501
02-03 06:00:00,92.96425754894987
02-03 07:00:00,95.23471216915459
02-03 08:00:00,94.95693354315083
02-03 09:00:00,92.21089731033238
02-03 10:00:00,81.58979749544474
02-03 11:00:00,76.26329498629391
02-03 12:00:00,76.07975200455104
02-03 13:00:00,79.54719818454993
02-03 14:00:00,78.95940873083849
02-03 15:00:00,80.11589027380218
02-03 16:00:00,81.65957254849653
02-03 17:00:00,80.04522885889182
02-03 18:00:00,80.18921931957338
02-03 19:00:00,69.92152353082605
02-03 20:00:00,69.53593747948231
02-03 21:00:00,80.49895931602762
02-03 22:00:00,85.43015061730544
02-03 23:00:00,73.7845789481512
02-04 00:00:00,67.78944581221187
02-04 01:00:00,70.46722792633312
02-04 02:00:00,86.48653035661835
02-04 03:00:00,90.44425087882094
02-04 04:00:00,94.31175632171889
02-04 05:00:00,92.41193414073047
02-04 06:00:00,94.76753720810171
02-04 07:00:00,106.70797015387524
02-04 08:00:00,108.82511169966693
02-04 09:00:00,100.24896007344418
02-04 10:00:00,89.81768640715309
02-04 11:00:00,77.72212127376822
02-04 12:00:00,69.88734964987175
02-04 13:00:00,69.32291775486186
02-04 14:00:00,70.04410021366658
02-04 15:00:00,70.22004111613006
02-04 16:00:00,74.00313955246209
02-04 17:00:00,80.59622552591591
02-04 18:00:00,87.85809704945542
02-04 19:00:00,91.63750582842407
02-04 20:00:00,89.52007597790126
02-04 21:00:00,94.5738724249105
02-04 22:00:00,94.53685911967425
02-04 23:00:00,95.34209183927007
02-05 00:00:00,97.48597716892104
02-05 01:00:00,97.49622672011128
02-05 02:00:00,101.2215841921848
02-05 03:00:00,103.70515069179959
02-05 04:00:00,104.59094013585802
02-05 05:00:00,107.80687296980855
02-05 06:00:00,108.97910838800439
02-05 07:00:00,111.73350986215974
02-05 08:00:00,116.20697228335636
02-05 09:00:00,99.64335318398498
02-05 10:00:00,86.9578813965866
02-05 11:00:00,79.87918797930968
02-05 12:00:00,65.7480104212449
02-05 13:00:00,53.304327605656425
02-05 14:00:00,51.83858987572317
02-05 15:00:00,52.559719064885726
02-05 16:00:00,62.184400289953516
02-05 17:00:00,63.80250983792078
02-05 18:00:00,69.7970327241172
02-05 19:00:00,75.57182596613083
02-05 20:00:00,76.52476317765334
02-05 21:00:00,83.95981839442197
02-05 22:00:00,87.02018272641683
02-05 23:00:00,91.24397315548637
02-06 00:00:00,91.52720975818619
02-06 01:00:00,91.9651849201039
02-06 02:00:00,97.23508049533329
02-06 03:00:00,101.06540463241407
02-06 04:00:00,100.76846816628641
02-06 05:00:00,102.18153954101854
02-06 06:00:00,104.53087682525837
02-06 07:00:00,103.88997517682344
02-06 08:00:00,105.28736783856264
02-06 09:00:00,101.11787129206678
02-06 10:00:00,94.63153606970315
02-06 11:00:00,92.43169826243316
02-06 12:00:00,84.92976496522604
02-06 13:00:00,80.5544925847778
02-06 14:00:00,83.69375769797287
02-06 15:00:00,80.57110219025964
02-06 16:00:00,82.00419740463424
02-06 17:00:00,87.13236201140853
02-06 18:00:00,88.04127512519662
02-06 19:00:00,91.34651994349483
02-06 20:00:00,93.9986079750127
02-06 21:00:00,96.96649697151705
02-06 22:00:00,95.80325157777096
02-06 23:00:00,97.78880752204611
02-07 00:00:00,102.25778521346795
02-07 01:00:00,101.00495826524241
02-07 02:00:00,102.73776521978685
02-07 03:00:00,100.85429259995998
02-07 04:00:00,103.947192169142
02-07 05:00:00,107.62020648615058
02-07 06:00:00,109.44837302216418
02-07 07:00:00,108.05116417652117
02-07 08:00:00,110.88509627022825
02-07 09:00:00,101.116455642757
02-07 10:00:00,96.82113541036836
02-07 11:00:00,101.0034095728195
02-07 12:00:00,93.92443570364708
02-07 13:00:00,94.87291836090625
02-07 14:00:00,96.87932114597031
02-07 15:00:00,100.10559622252327
02-07 16:00:00,103.64170913228557
02-07 17:00:00,109.39245924500761
02-07 18:00:00,115.5489929412046
02-07 19:00:00,123.90618828562737
02-07 20:00:00,127.26493366970149
02-07 21:00:00,128.36284851065403
02-07 22:00:00,129.05675147493318
02-07 23:00:00,122.00835527179935
02-08 00:00:00,127.20034490594084
02-08 01:00:00,128.1452485734876
02-08 02:00:00,131.2554037698671
02-08 03:00:00,132.91852271157296
02-08 04:00:00,134.7601925634229
02-08 05:00:00,135.0041873014718
02-08 06:00:00,134.1340112238941
02-08 07:00:00,135.8706864532893
02-08 08:00:00,134.93879500724628
02-08 09:00:00,130.1920931373969
02-08 10:00:00,116.31830247123966
02-08 11:00:00,103.46287884932028
02-08 12:00:00,98.2563314046499
02-08 13:00:00,93.5514857422562
02-08 14:00:00,93.54997847925966
02-08 15:00:00,94.61161557245595
02-08 16:00:00,117.93414837614162
02-08 17:00:00,125.24592485882849
02-08 18:00:00,128.17040372059608
02-08 19:00:00,130.62414384718045
02-08 20:00:00,133.14712418342464
02-08 21:00:00,135.03625865938346
02-08 22:00:00,137.00252356703618
02-08 23:00:00,138.0983182562543
02-09 00:00:00,139.1230316130297
02-09 01:00:00,138.59490930840894
02-09 02:00:00,138.35925853819023
02-09 03:00:00,139.8155784262818
02-09 04:00:00,141.4688492843254
02-09 05:00:00,144.46518116156076
02-09 06:00:00,144.40495381923324
02-09 07:00:00,144.6347880209143
02-09 08:00:00,144.6588735450545
02-09 09:00:00,142.8510714280143
02-09 10:00:00,141.84356955639413
02-09 11:00:00,141.6266120285618
02-09 12:00:00,138.52934123520268
02-09 13:00:00,136.638726328124
02-09 14:00:00,136.48704318505256
02-09 15:00:00,135.95673360769044
02-09 16:00:00,136.43635040374815
02-09 17:00:00,138.6065179637119
02-09 18:00:00,139.4521535862215
02-09 19:00:00,144.45410550876667
02-09 20:00:00,146.4143784349816
02-09 21:00:00,145.9478410869766
02-09 22:00:00,143.87903823366509
02-09 23:00:00,142.06521921411334
02-10 00:00:00,143.91589476366818
02-10 01:00:00,145.5304376801804
02-10 02:00:00,143.61720407453424
02-10 03:00:00,143.0101212211889
02-10 04:00:00,143.03142546620586
02-10 05:00:00,141.86097131938155
02-10 06:00:00,142.4262149754683
02-10 07:00:00,142.16457274782385
02-10 08:00:00,142.41079148980123
02-10 09:00:00,142.675831965609
02-10 10:00:00,140.9461330179613
02-10 11:00:00,136.61883397512364
02-10 12:00:00,134.85532066862947
02-10 13:00:00,127.20669965613367
02-10 14:00:00,122.2508520577149
02-10 15:00:00,118.24780482349392
02-10 16:00:00,123.90104669113434
02-10 17:00:00,135.95351423786428
02-10 18:00:00,147.19360147189172
02-10 19:00:00,161.42263730625905
02-10 20:00:00,168.89339527448521
02-10 21:00:00,175.70631946032745
02-10 22:00:00,180.40558596571412
02-10 23:00:00,188.71326362001793
02-11 00:00:00,195.35770273512412
02-11 01:00:00,199.25708553072838
02-11 02:00:00,202.93054776892976
02-11 03:00:00,205.42332991666467
02-11 04:00:00,208.63888826465134
02-11 05:00:00,210.94537751266648
02-11 06:00:00,211.13788016308644
02-11 07:00:00,210.2035550464421
02-11 08:00:00,208.06383939712597
02-11 09:00:00,205.34482621985694
02-11 10:00:00,202.59455114409639
02-11 11:00:00,202.18129080820373
02-11 12:00:00,199.65886901630134
02-11 13:00:00,196.48395001050497
02-11 14:00:00,193.34811846137637
02-11 15:00:00,191.4834348702142
02-11 16:00:00,192.13511348983315
02-11 17:00:00,197.95112179826586
02-11 18:00:00,200.8825731522059
02-11 19:00:00,201.61639596349826
02-11 20:00:00,202.71204227205234
02-11 21:00:00,201.96806346841265
02-11 22:00:00,204.00275067475724
02-11 23:00:00,206.00717965058584
02-12 00:00:00,210.2859597993614
02-12 01:00:00,213.8440577750895
02-12 02:00:00,213.0236201325069
02-12 03:00:00,209.64766144309857
02-12 04:00:00,210.65556018201323
02-12 05:00:00,212.58236561625364
02-12 06:00:00,212.71027929238278
02-12 07:00:00,213.8140712574922
02-12 08:00:00,210.0200001847056
02-12 09:00:00,208.76784045068234
02-12 10:00:00,205.37628317290103
02-12 11:00:00,200.59555208493282
02-12 12:00:00,194.6249436493813
02-12 13:00:00,191.8353357715566
02-12 14:00:00,192.5830609832126
02-12 15:00:00,193.31499932085674
02-12 16:00:00,196.55913739434004
02-12 17:00:00,199.99633096344928
02-12 18:00:00,202.45898846773343
02-12 19:00:00,198.32827149920072
02-12 20:00:00,194.2210388332236
02-12 21:00:00,193.76818565791493
02-12 22:00:00,195.70095345863268
02-12 23:00:00,199.03568262905856
02-13 00:00:00,201.12550763431148
02-13 01:00:00,203.0963118040319
02-13 02:00:00,204.35685877109285
02-13 03:00:00,208.45747776790074
02-13 04:00:00,212.10365494784486
02-13 05:00:00,214.50661747189557
02-13 06:00:00,218.02389093791942
02-13 07:00:00,218.0686808901507
02-13 08:00:00,217.63755434677046
02-13 09:00:00,216.31278989698518
02-13 10:00:00,213.15639047174162
02-13 11:00:00,207.86083168413967
02-13 12:00:00,209.88487702959975
02-13 13:00:00,207.14634642626953
02-13 14:00:00,203.81542520202078
02-13 15:00:00,202.94570018959377
02-13 16:00:00,201.58249909159474
02-13 17:00:00,202.84593731549526
02-13 18:00:00,214.56160221694813
02-13 19:00:00,217.81753031436128
02-13 20:00:00,213.5924954588586
02-13 21:00:00,217.06312665945873
02-13 22:00:00,221.86578627390844
02-13 23:00:00,230.85424572491888
02-14 00:00:00,238.65774572489818
02-14 01:00:00,242.12622347978512
02-14 02:00:00,242.28700255498413
02-14 03:00:00,245.58109232675667
02-14 04:00:00,245.57363058243482
02-14 05:00:00,246.83144410232552
02-14 06:00:00,251.24755677055524
02-14 07:00:00,251.2530234614945
02-14 08:00:00,245.25730295151263
02-14 09:00:00,237.61296723258837
02-14 10:00:00,216.11554581038132
02-14 11:00:00,203.10937578479286
02-14 12:00:00,194.3883964502112
02-14 13:00:00,185.25416190327093
02-14 14:00:00,179.7653159671579
02-14 15:00:00,176.20137421495753
02-14 16:00:00,178.99173345312383
02-14 17:00:00,184.48726167448172
02-14 18:00:00,191.25729687414037
02-14 19:00:00,192.90430891039588
02-14 20:00:00,195.71665906570234
02-14 21:00:00,195.22363830050676
02-14 22:00:00,192.22841013455655
02-14 23:00:00,189.64508111985532
02-15 00:00:00,186.71165681711514
02-15 01:00:00,190.97809324148673
02-15 02:00:00,194.01540595009493
02-15 03:00:00,194.86208731771063
02-15 04:00:00,193.7897147779682
02-15 05:00:00,199.66428397985467
02-15 06:00:00,193.18512478435534
02-15 07:00:00,196.47159733417368
02-15 08:00:00,188.97855097776664
02-15 09:00:00,164.3055947972704
02-15 10:00:00,152.0235416678427
02-15 11:00:00,144.04817293586825
02-15 12:00:00,134.0803256703027
02-15 13:00:00,125.34929738281079
02-15 14:00:00,123.86454424348062
02-15 15:00:00,123.88079294397623
02-15 16:00:00,125.36239665578631
02-15 17:00:00,126.17941121611187
02-15 18:00:00,125.58622675523515
02-15 19:00:00,127.89186660634584
02-15 20:00:00,125.09307559733327
02-15 21:00:00,120.17957460453553
02-15 22:00:00,121.6014738451474
02-15 23:00:00,125.72451373567777
02-16 00:00:00,126.59116916249448
02-16 01:00:00,128.76429407147742
02-16 02:00:00,126.38958260137505
02-16 03:00:00,123.10978991963279
02-16 04:00:00,124.98363731034999
02-16 05:00:00,120.8643912918379
02-16 06:00:00,121.00220465665147
02-16 07:00:00,120.95077738338587
02-16 08:00:00,118.38593093420573
02-16 09:00:00,109.4181851866857
02-16 10:00:00,106.02922040065488
02-16 11:00:00,100.22047705489018
02-16 12:00:00,95.07943873250343
02-16 13:00:00,86.78828587552727
02-16 14:00:00,77.48535885128716
02-16 15:00:00,79.23018159126302
02-16 16:00:00,84.0357335666812
02-16 17:00:00,87.32367891488452
02-16 18:00:00,88.59025145379091
02-16 19:00:00,94.45488097267653
02-16 20:00:00,98.90554649502991
02-16 21:00:00,99.84819745592233
02-16 22:00:00,98.79737987741925
02-16 23:00:00,104.43010462756965
02-17 00:00:00,98.0407072229224
02-17 01:00:00,101.06844585327627
02-17 02:00:00,104.20657942903013
02-17 03:00:00,95.53375828451513
02-17 04:00:00,94.17707267262224
02-17 05:00:00,96.24652305213493
02-17 06:00:00,98.61736228920854
02-17 07:00:00,100.94717758284817
02-17 08:00:00,99.53657282033652
02-17 09:00:00,96.94340297381405
02-17 10:00:00,88.36304150511592
02-17 11:00:00,83.10687711154435
02-17 12:00:00,67.92989047523707
02-17 13:00:00,67.55693892572575
02-17 14:00:00,66.72809893076277
02-17 15:00:00,69.01115606860765
02-17 16:00:00,76.78330142100145
02-17 17:00:00,85.45813105925676
02-17 18:00:00,89.45010678828623
02-17 19:00:00,89.39566451375572
02-17 20:00:00,100.57186700505942
02-17 21:00:00,105.25462548231022
02-17 22:00:00,110.36207246559256
02-17 23:00:00,113.20927012205696
02-18 00:00:00,114.03071880987989
02-18 01:00:00,113.85652698786382
02-18 02:00:00,116.15242358522298
02-18 03:00:00,117.82524271312039
02-18 04:00:00,122.83629685455497
02-18 05:00:00,125.30425387434317
02-18 06:00:00,127.05533674523501
02-18 07:00:00,129.41826885953301
02-18 08:00:00,124.66162046073102
02-18 09:00:00,115.27967849590173
02-18 10:00:00,102.55124366077881
02-18 11:00:00,90.92572674411574
02-18 12:00:00,81.38568602989216
02-18 13:00:00,70.72090427623255
02-18 14:00:00,63.38513179527645
02-18 15:00:00,63.04812529348456
02-18 16:00:00,71.72377901319356
02-18 17:00:00,77.57535955116062
02-18 18:00:00,82.02544637340768
02-18 19:00:00,83.6915545284281
02-18 20:00:00,86.98612977311846
02-18 21:00:00,88.27239535529156
02-18 22:00:00,92.23215804884569
02-18 23:00:00,85.39721998606188
02-19 00:00:00,88.35429043457233
02-19 01:00:00,96.26593659927482
02-19 02:00:00,94.2574786264167
02-19 03:00:00,99.09858546240108
02-19 04:00:00,96.1721918400331
02-19 05:00:00,93.04449979353106
02-19 06:00:00,96.42126787600392
02-19 07:00:00,95.32713552384394
02-19 08:00:00,93.5170412955676
02-19 09:00:00,89.40164327750125
02-19 10:00:00,78.45375073332944
02-19 11:00:00,64.776708253468
02-19 12:00:00,52.80240634925128
02-19 13:00:00,46.24940529113478
02-19 14:00:00,43.06218800527746
02-19 15:00:00,44.80452868788704
02-19 16:00:00,54.97270630881146
02-19 17:00:00,58.818897744904845
02-19 18:00:00,67.52864446069754
02-19 19:00:00,72.22768673519175
02-19 20:00:00,74.8381899517087
02-19 21:00:00,81.07850670277595
02-19 22:00:00,83.22337673885278
02-19 23:00:00,86.81351497510136
02-20 00:00:00,85.92551606527002
02-20 01:00:00,87.51346825339671
02-20 02:00:00,92.48755170341451
02-20 03:00:00,96.31310956748273
02-20 04:00:00,104.75078459549877
02-20 05:00:00,103.3703467672185
02-20 06:00:00,102.46255668129696
02-20 07:00:00,107.54021178715226
02-20 08:00:00,106.11352889386518
02-20 09:00:00,94.0544078069496
02-20 10:00:00,78.41869763786447
02-20 11:00:00,62.36166805612114
02-20 12:00:00,52.57084095273722
02-20 13:00:00,46.20214694621464
02-20 14:00:00,42.52569735085291
02-20 15:00:00,43.113037949187074
02-20 16:00:00,52.043499193598926
02-20 17:00:00,56.20225096642119
02-20 18:00:00,61.834096310326906
02-20 19:00:00,71.52160720466215
02-20 20:00:00,74.67934997324005
02-20 21:00:00,77.19124185654441
02-20 22:00:00,82.75419202749407
02-20 23:00:00,87.1189416747622
02-21 00:00:00,85.02135025521771
02-21 01:00:00,90.36045545604452
02-21 02:00:00,94.29455156407766
02-21 03:00:00,96.55365986456593
02-21 04:00:00,104.40485221666859
02-21 05:00:00,103.6109654626565
02-21 06:00:00,110.70986773313872
02-21 07:00:00,110.59333308019836
02-21 08:00:00,108.11948959736405
02-21 09:00:00,94.93841493203502
02-21 10:00:00,75.59325131951415
02-21 11:00:00,69.07857015633296
02-21 12:00:00,56.86212588638136
02-21 13:00:00,46.751966503455215
02-21 14:00:00,38.326681806820915
02-21 15:00:00,39.207889633101736
02-21 16:00:00,51.41331977830836
02-21 17:00:00,54.94876799281718
02-21 18:00:00,62.57301799657668
02-21 19:00:00,65.04027498486855
02-21 20:00:00,76.63387286364986
02-21 21:00:00,84.025274264932
02-21 22:00:00,80.59610301695307
02-21 23:00:00,84.37577416006049
02-22 00:00:00,84.94848052905212
02-22 01:00:00,90.45778889340235
02-22 02:00:00,92.17393708857558
02-22 03:00:00,101.80078766864713
02-22 04:00:00,102.38174955375862
02-22 05:00:00,105.66049013263762
02-22 06:00:00,101.99738171433862
02-22 07:00:00,104.18657221150505
02-22 08:00:00,91.78140474628653
02-22 09:00:00,77.34003934737699
02-22 10:00:00,59.77040292031727
02-22 11:00:00,54.71087128656355
02-22 12:00:00,47.6728886664242
02-22 13:00:00,39.43969028848915
02-22 14:00:00,38.36229836294954
02-22 15:00:00,35.356982916666446
02-22 16:00:00,38.524241601904855
02-22 17:00:00,46.26913637292868
02-22 18:00:00,48.67187876512685
02-22 19:00:00,56.770469974185815
02-22 20:00:00,56.650919381957735
02-22 21:00:00,62.10352313295705
02-22 22:00:00,70.13059552064946
02-22 23:00:00,74.77840867763157
02-23 00:00:00,73.86099984815601
02-23 01:00:00,77.03328842925768
02-23 02:00:00,80.06711400616327
02-23 03:00:00,82.27550143067047
02-23 04:00:00,94.1136315907461
02-23 05:00:00,90.60245253523269
02-23 06:00:00,91.57894315048401
02-23 07:00:00,103.4488251740031
02-23 08:00:00,94.9409594486774
02-23 09:00:00,85.02910627882531
02-23 10:00:00,75.03354439985993
02-23 11:00:00,61.05827263865412
02-23 12:00:00,49.21552458678583
02-23 13:00:00,42.31457060198599
02-23 14:00:00,35.94589876484213
02-23 15:00:00,35.56854451065162
02-23 16:00:00,38.82577163331577
02-23 17:00:00,46.27262360322177
02-23 18:00:00,51.6989881310044
02-23 19:00:00,58.2824231286629
02-23 20:00:00,64.76798497066947
02-23 21:00:00,67.93162193990906
02-23 22:00:00,74.18867164075684
02-23 23:00:00,74.32832927338714
02-24 00:00:00,74.87999651000601
02-24 01:00:00,74.75219764271095
02-24 02:00:00,76.91512433307761
02-24 03:00:00,80.03380944115838
02-24 04:00:00,85.26996481437808
02-24 05:00:00,86.73521091473921
02-24 06:00:00,91.68766315018459
02-24 07:00:00,94.04017129671863
02-24 08:00:00,85.66546604282857
02-24 09:00:00,79.56415926942685
02-24 10:00:00,66.35890873556616
02-24 11:00:00,56.12999321856518
02-24 12:00:00,47.410875102739595
02-24 13:00:00,37.598672321644564
02-24 14:00:00,30.669546521478818
02-24 15:00:00,29.97366388584415
02-24 16:00:00,36.349056567545595
02-24 17:00:00,40.35880508302753
02-24 18:00:00,45.911823460006865
02-24 19:00:00,49.561833869483344
02-24 20:00:00,58.571050579887476
02-24 21:00:00,62.29996767065529
02-24 22:00:00,65.63634707618476
02-24 23:00:00,71.26242490495025
02-25 00:00:00,69.99228397775039
02-25 01:00:00,75.65194533721538
02-25 02:00:00,74.43493361470789
02-25 03:00:00,83.65089148783856
02-25 04:00:00,81.6042894266432
02-25 05:00:00,85.08298930346874
02-25 06:00:00,90.33541876043321
02-25 07:00:00,91.67422734365383
02-25 08:00:00,91.38591703368209
02-25 09:00:00,76.19763879498461
02-25 10:00:00,60.20000434567317
02-25 11:00:00,49.96377651464646
02-25 12:00:00,39.498937523137144
02-25 13:00:00,32.3003120038455
02-25 14:00:00,26.410952108837595
02-25 15:00:00,26.88640123779986
02-25 16:00:00,33.65429052344895
02-25 17:00:00,40.35606429041707
02-25 18:00:00,45.82105585757258
02-25 19:00:00,54.524531811739664
02-25 20:00:00,56.25451510565124
02-25 21:00:00,61.77623729826825
02-25 22:00:00,68.1666843770673
02-25 23:00:00,74.38944460684743
02-26 00:00:00,76.45901395570799
02-26 01:00:00,81.12845495582337
02-26 02:00:00,88.81561703503213
02-26 03:00:00,85.637102162299
02-26 04:00:00,88.20328981251663
02-26 05:00:00,90.23089794343198
02-26 06:00:00,97.8273238941049
02-26 07:00:00,97.5022721490275
02-26 08:00:00,89.11773825196985
02-26 09:00:00,76.20996617175673
02-26 10:00:00,66.90901771470811
02-26 11:00:00,51.20938748815608
02-26 12:00:00,38.24053311719861
02-26 13:00:00,34.469023530087014
02-26 14:00:00,30.11606178125591
02-26 15:00:00,31.050478720171014
02-26 16:00:00,35.557716020347904
02-26 17:00:00,44.56713491145779
02-26 18:00:00,49.99853793690695
02-26 19:00:00,54.53974921750472
02-26 20:00:00,58.99664334745892
02-26 21:00:00,61.96389137058377
02-26 22:00:00,69.72043616292815
02-26 23:00:00,69.73836166867981
02-27 00:00:00,69.72678194134431
02-27 01:00:00,70.78364576084536
02-27 02:00:00,78.52940615622248
02-27 03:00:00,83.5979136375733
02-27 04:00:00,88.4872875122987
02-27 05:00:00,93.15157982361217
02-27 06:00:00,96.1575145713399
02-27 07:00:00,97.98303000050355
02-27 08:00:00,98.88241613324348
02-27 09:00:00,99.59206129426215
02-27 10:00:00,97.80840109157755
02-27 11:00:00,97.50603934548741
02-27 12:00:00,97.20056466010945
02-27 13:00:00,97.0087034701018
02-27 14:00:00,96.43002412428443
02-27 15:00:00,95.31822487732927
02-27 16:00:00,95.2122532433063
02-27 17:00:00,95.55261576732053
02-27 18:00:00,95.92412733393763
02-27 19:00:00,96.12553337020822
02-27 20:00:00,97.5909172173576
02-27 21:00:00,99.43766732246796
02-27 22:00:00,103.22928921084085
02-27 23:00:00,108.5254223408185
02-28 00:00:00,115.81544081337114
02-28 01:00:00,121.64819175728823
02-28 02:00:00,120.95267748764358
02-28 03:00:00,120.17938691199032
02-28 04:00:00,119.88918471423825
02-28 05:00:00,118.50258472896932
02-28 06:00:00,118.62073518743193
02-28 07:00:00,121.40286321077231
02-28 08:00:00,122.35346447024327
02-28 09:00:00,118.05308537622389
02-28 10:00:00,111.75458285095687
02-28 11:00:00,107.12554485399833
02-28 12:00:00,102.12628888560832
02-28 13:00:00,95.80866383696133
02-28 14:00:00,92.81402228625217
02-28 15:00:00,91.03359036822746
02-28 16:00:00,90.46218690834465
02-28 17:00:00,97.33184373738646
02-28 18:00:00,103.1602308215902
02-28 19:00:00,106.2045560771326
02-28 20:00:00,114.09319397280268
02-28 21:00:00,118.42711431875676
02-28 22:00:00,120.4898701861135
02-28 23:00:00,119.91581927800401
03-01 00:00:00,127.55617438985531
03-01 01:00:00,126.73982101373478
03-01 02:00:00,132.16146567858678
03-01 03:00:00,131.68030056636897
03-01 04:00:00,137.92867167935285
03-01 05:00:00,140.61217060327374
03-01 06:00:00,145.96962255445416
03-01 07:00:00,147.52697768815963
03-01 08:00:00,140.8616994052104
03-01 09:00:00,138.01711850282356
03-01 10:00:00,131.720099988607
03-01 11:00:00,118.11502661981115
03-01 12:00:00,95.86675388333535
03-01 13:00:00,83.1750795044972
03-01 14:00:00,69.31421144433567
03-01 15:00:00,63.088969138183984
03-01 16:00:00,67.86805857511041
03-01 17:00:00,78.41941299094805
03-01 18:00:00,81.1043770488704
03-01 19:00:00,84.21310165188856
03-01 20:00:00,95.53200559180246
03-01 21:00:00,100.72892482859089
03-01 22:00:00,103.81552696930143
03-01 23:00:00,108.67030256503823
03-02 00:00:00,113.45656360567384
03-02 01:00:00,118.38931100156826
03-02 02:00:00,115.60337979980658
03-02 03:00:00,120.48864582810297
03-02 04:00:00,127.82648839961485
03-02 05:00:00,129.44219915311254
03-02 06:00:00,130.50931839159304
03-02 07:00:00,132.2073624779481
03-02 08:00:00,124.74225313235534
03-02 09:00:00,107.5798556713091
03-02 10:00:00,91.47154307805054
03-02 11:00:00,77.12231410761325
03-02 12:00:00,67.63586101985504
03-02 13:00:00,53.22761854144482
03-02 14:00:00,44.83122583570662
03-02 15:00:00,44.23994647296121
03-02 16:00:00,53.19460433084511
03-02 17:00:00,57.42599416785778
03-02 18:00:00,65.17459274675487
03-02 19:00:00,66.69542746730244
03-02 20:00:00,81.02228703593421
03-02 21:00:00,84.8202099139863
03-02 22:00:00,87.69163502282848
03-02 23:00:00,89.2614700323979
03-03 00:00:00,95.89795107470556
03-03 01:00:00,93.7469357455055
03-03 02:00:00,93.08697334179772
03-03 03:00:00,101.32522459151886
03-03 04:00:00,104.49872528039097
03-03 05:00:00,101.51782003507742
03-03 06:00:00,106.3605292902792
03-03 07:00:00,104.73116242917891
03-03 08:00:00,103.04335620585512
03-03 09:00:00,100.72600881514342
03-03 10:00:00,93.38692341967322
03-03 11:00:00,82.73692738935684
03-03 12:00:00,74.06401798559484
03-03 13:00:00,66.87027846157562
03-03 14:00:00,63.787569188354716
03-03 15:00:00,65.84885653530431
03-03 16:00:00,68.22141606252364
03-03 17:00:00,71.56899767423008
03-03 18:00:00,74.235856959134
03-03 19:00:00,76.67163146965751
03-03 20:00:00,83.85063449016356
03-03 21:00:00,89.218163194429
03-03 22:00:00,87.31212436401827
03-03 23:00:00,94.80140924524841
03-04 00:00:00,98.57423932436302
03-04 01:00:00,101.23460293528616
03-04 02:00:00,98.36906547368743
03-04 03:00:00,100.03231549022021
03-04 04:00:00,98.83453158280292
03-04 05:00:00,100.7326578924455
03-04 06:00:00,101.13679332427643
03-04 07:00:00,97.7272388092984
03-04 08:00:00,94.32713980366091
03-04 09:00:00,85.95304640208997
03-04 10:00:00,76.00826591497423
03-04 11:00:00,63.23764346975192
03-04 12:00:00,53.353241118237285
03-04 13:00:00,46.43458861245321
03-04 14:00:00,46.41063992511165
03-04 15:00:00,48.47924600873407
03-04 16:00:00,49.983409415678956
03-04 17:00:00,53.50191014566067
03-04 18:00:00,64.83647959162221
03-04 19:00:00,68.93639344648831
03-04 20:00:00,75.55199270401204
03-04 21:00:00,86.86877331914121
03-04 22:00:00,91.92238865580248
03-04 23:00:00,91.38870779369209
03-05 00:00:00,96.32331570293364
03-05 01:00:00,97.847856130658
03-05 02:00:00,98.73065083077658
03-05 03:00:00,99.73504690831109
03-05 04:00:00,100.6752386347342
03-05 05:00:00,101.47427131704504
03-05 06:00:00,101.61944839599677
03-05 07:00:00,101.08630820831583
03-05 08:00:00,96.6751241653966
03-05 09:00:00,94.32588043448251
03-05 10:00:00,97.2161024456781
03-05 11:00:00,99.99950442672673
03-05 12:00:00,96.97824926188366
03-05 13:00:00,104.85449390456273
03-05 14:00:00,108.91855955638046
03-05 15:00:00,106.60921416551145
03-05 16:00:00,107.02811012901238
03-05 17:00:00,110.56568623864914
03-05 18:00:00,114.83706658886462
03-05 19:00:00,113.59684078665208
03-05 20:00:00,113.17326047175706
03-05 21:00:00,113.94679386521676
03-05 22:00:00,115.5974261426776
03-05 23:00:00,117.13034806269138
03-06 00:00:00,119.30723208549497
03-06 01:00:00,121.85165806821968
03-06 02:00:00,125.36004605096707
03-06 03:00:00,127.89999576516165
03-06 04:00:00,131.32407539438134
03-06 05:00:00,134.88984499017297
03-06 06:00:00,136.06571456789217
03-06 07:00:00,139.22203805268487
03-06 08:00:00,135.58274070540827
03-06 09:00:00,127.16911772099269
03-06 10:00:00,118.88086679319449
03-06 11:00:00,111.60768899942025
03-06 12:00:00,107.88516754160898
03-06 13:00:00,105.17493588470518
03-06 14:00:00,103.38255080043417
03-06 15:00:00,101.1878376354261
03-06 16:00:00,100.43343974196432
03-06 17:00:00,101.74700578418336
03-06 18:00:00,104.9401359480168
03-06 19:00:00,108.68293520517418
03-06 20:00:00,118.65192257995437
03-06 21:00:00,122.75770524951508
03-06 22:00:00,125.11173716319178
03-06 23:00:00,129.96338755639653
03-07 00:00:00,131.09432881511435
03-07 01:00:00,135.66196993234456
03-07 02:00:00,138.40197183791713
03-07 03:00:00,141.85057449516563
03-07 04:00:00,141.86728981576434
03-07 05:00:00,141.72192443583492
03-07 06:00:00,139.5020738903388
03-07 07:00:00,137.99926856667534
03-07 08:00:00,132.514745461119
03-07 09:00:00,123.72027002352053
03-07 10:00:00,120.71798494865233
03-07 11:00:00,113.26064988031467
03-07 12:00:00,104.53864820924963
03-07 13:00:00,99.44358351354808
03-07 14:00:00,95.24468097399418
03-07 15:00:00,88.54741800108206
03-07 16:00:00,83.46011110485495
03-07 17:00:00,84.29200611442057
03-07 18:00:00,91.58701678373697
03-07 19:00:00,93.74895675417307
03-07 20:00:00,96.64314426539539
03-07 21:00:00,99.16616896049653
03-07 22:00:00,99.43075857135085
03-07 23:00:00,101.28087368260833
03-08 00:00:00,105.16496051194895
03-08 01:00:00,105.11125261135248
03-08 02:00:00,105.11125261135248
03-08 03:00:00,104.36485653578853
03-08 04:00:00,106.69809982718564
03-08 05:00:00,107.05502599058849
03-08 06:00:00,108.11059390399052
03-08 07:00:00,110.8628746780615
03-08 08:00:00,109.90731211278755
03-08 09:00:00,107.55557017548789
03-08 10:00:00,103.19829287307097
03-08 11:00:00,92.6486825536292
03-08 12:00:00,82.7342742158115
03-08 13:00:00,80.379156442266
03-08 14:00:00,73.66075974256535
03-08 15:00:00,74.314890618786
03-08 16:00:00,77.45087364497996
03-08 17:00:00,88.2034754962315
03-08 18:00:00,99.33389884495344
03-08 19:00:00,103.63716280419251
03-08 20:00:00,106.7729675353421
03-08 21:00:00,103.12647766502835
03-08 22:00:00,105.56341002002246
03-08 23:00:00,111.91938404785594
03-09 00:00:00,122.1619486120344
03-09 01:00:00,128.20522367859587
03-09 02:00:00,130.7961239640365
03-09 03:00:00,137.4145506064197
03-09 04:00:00,140.79585234423206
03-09 05:00:00,143.4214025458475
03-09 06:00:00,147.87382308626513
03-09 07:00:00,143.4769506104543
03-09 08:00:00,140.32566985720615
03-09 09:00:00,132.90522836571466
03-09 10:00:00,126.9414618036035
03-09 11:00:00,117.87413135314785
03-09 12:00:00,110.99226887831799
03-09 13:00:00,101.66947388541658
03-09 14:00:00,93.77048639735085
03-09 15:00:00,89.69957476581398
03-09 16:00:00,90.24244706324329
03-09 17:00:00,93.57073603465349
03-09 18:00:00,102.27758202878213
03-09 19:00:00,105.450518138171
03-09 20:00:00,108.46618088382658
03-09 21:00:00,106.95185259213515
03-09 22:00:00,108.71530484699582
03-09 23:00:00,110.59079710713334
03-10 00:00:00,112.18763695671515
03-10 01:00:00,115.21013930218501
03-10 02:00:00,116.05533997929507
03-10 03:00:00,118.47260674264302
03-10 04:00:00,119.9953201413943
03-10 05:00:00,121.55033536502583
03-10 06:00:00,122.18760515180652
03-10 07:00:00,122.756936805794
03-10 08:00:00,113.4088313255846
03-10 09:00:00,100.88611474728296
03-10 10:00:00,92.44635824819642
03-10 11:00:00,88.35023458110578
03-10 12:00:00,85.42121790292289
03-10 13:00:00,78.01874335205854
03-10 14:00:00,73.01196632375868
03-10 15:00:00,70.38936549814366
03-10 16:00:00,73.7040232662755
03-10 17:00:00,82.39175804955025
03-10 18:00:00,91.22902420245461
03-10 19:00:00,90.4339895297486
03-10 20:00:00,97.67392921018745
03-10 21:00:00,98.60282031906479
03-10 22:00:00,102.32399847982782
03-10 23:00:00,97.70492049662208
03-11 00:00:00,97.25988692278901
03-11 01:00:00,95.15193006157332
03-11 02:00:00,95.03959154505738
03-11 03:00:00,93.43485682556059
03-11 04:00:00,92.25529707712263
03-11 05:00:00,91.07840192388176
03-11 06:00:00,90.13498347721277
03-11 07:00:00,94.7351792892895
03-11 08:00:00,85.09160157550897
03-11 09:00:00,78.49279176055936
03-11 10:00:00,64.17591937356642
03-11 11:00:00,54.23730051860484
03-11 12:00:00,40.58161972133935
03-11 13:00:00,37.27056091648517
03-11 14:00:00,34.77694064051573
03-11 15:00:00,34.663047701619206
03-11 16:00:00,35.21603148054095
03-11 17:00:00,34.78261527884896
03-11 18:00:00,49.41224934573281
03-11 19:00:00,63.096453436379804
03-11 20:00:00,64.42867968631765
03-11 21:00:00,61.268051316169036
03-11 22:00:00,59.91637590127679
03-11 23:00:00,62.2216436494281
03-12 00:00:00,64.38186425559822
03-12 01:00:00,81.94535589038458
03-12 02:00:00,91.544834264255
03-12 03:00:00,92.37333908277176
03-12 04:00:00,98.78873175955137
03-12 05:00:00,96.05544990104457
03-12 06:00:00,99.35314763594235
03-12 07:00:00,101.59341095872782
03-12 08:00:00,95.79912968582515
03-12 09:00:00,88.64110797259497
03-12 10:00:00,84.45605297437515
03-12 11:00:00,76.75461895522284
03-12 12:00:00,71.17257441848216
03-12 13:00:00,67.42283729283113
03-12 14:00:00,66.24274417149796
03-12 15:00:00,63.02037090686166
03-12 16:00:00,64.97797398418936
03-12 17:00:00,75.49243851523181
03-12 18:00:00,87.09312714021854
03-12 19:00:00,92.96560217453798
03-12 20:00:00,94.79942755267754
03-12 21:00:00,98.95212082836647
03-12 22:00:00,102.79482205054882
03-12 23:00:00,100.06369370500435
03-13 00:00:00,101.48028465614044
03-13 01:00:00,97.12607419452816
03-13 02:00:00,96.56681358139195
03-13 03:00:00,92.47258427394715
03-13 04:00:00,99.31686714401144
03-13 05:00:00,101.9249500439156
03-13 06:00:00,111.34396643510897
03-13 07:00:00,112.87068435718848
03-13 08:00:00,104.42552008791694
03-13 09:00:00,86.6129576382738
03-13 10:00:00,74.99668755982034
03-13 11:00:00,61.86161530935308
03-13 12:00:00,49.33838900571915
03-13 13:00:00,44.39124155123034
03-13 14:00:00,43.001741004367254
03-13 15:00:00,45.28883486903714
03-13 16:00:00,50.159191260207706
03-13 17:00:00,79.70215844009606
03-13 18:00:00,96.16121801701117
03-13 19:00:00,100.72618795881732
03-13 20:00:00,104.92686459135636
03-13 21:00:00,97.06042704240724
03-13 22:00:00,86.89406398718722
03-13 23:00:00,89.70802258889184
03-14 00:00:00,84.53550079561462
03-14 01:00:00,104.91991587181161
03-14 02:00:00,133.22691180143778
03-14 03:00:00,139.93972832909878
03-14 04:00:00,140.78732161723664
03-14 05:00:00,132.01243428103547
03-14 06:00:00,132.33072780846635
03-14 07:00:00,132.24809814349317
03-14 08:00:00,127.32565316525694
03-14 09:00:00,119.10054067297436
03-14 10:00:00,108.57139677066768
03-14 11:00:00,104.33945656205461
03-14 12:00:00,98.2411401341592
03-14 13:00:00,106.22935182699896
03-14 14:00:00,128.94521151117206
03-14 15:00:00,128.5103348905902
03-14 16:00:00,127.6076839033428
03-14 17:00:00,122.2952780004029
03-14 18:00:00,121.17143831765136
03-14 19:00:00,122.47254189267105
03-14 20:00:00,115.93822134277244
03-14 21:00:00,112.15348150116253
03-14 22:00:00,123.63659010650807
03-14 23:00:00,116.23014913875686
03-15 00:00:00,118.95115521788732
03-15 01:00:00,121.38929787584047
03-15 02:00:00,125.5482647475373
03-15 03:00:00,127.91470895138077
03-15 04:00:00,132.870680103535
03-15 05:00:00,134.15255692441582
03-15 06:00:00,133.65232481820368
03-15 07:00:00,133.41737174624262
03-15 08:00:00,133.21216866657005
03-15 09:00:00,133.85724124721366
03-15 10:00:00,135.16041248210388
03-15 11:00:00,128.99803991480144
03-15 12:00:00,124.27575707204923
03-15 13:00:00,125.90547012369073
03-15 14:00:00,131.56891606790646
03-15 15:00:00,127.18730960703837
03-15 16:00:00,119.03535942786841
03-15 17:00:00,122.23934968493066
03-15 18:00:00,132.5883120657076
03-15 19:00:00,132.08623163905463
03-15 20:00:00,135.31819560002225
03-15 21:00:00,131.07852734004274
03-15 22:00:00,130.9871799917789
03-15 23:00:00,131.58681752844257
03-16 00:00:00,132.42143468799117
03-16 01:00:00,133.88314611743067
03-16 02:00:00,128.0981729699944
03-16 03:00:00,121.576592820841
03-16 04:00:00,120.81136015112057
03-16 05:00:00,130.27923720558908
03-16 06:00:00,130.64511499213808
03-16 07:00:00,126.35465047176109
03-16 08:00:00,124.8371094638704
03-16 09:00:00,118.37348728683746
03-16 10:00:00,113.3440135161477
03-16 11:00:00,111.28673341020729
03-16 12:00:00,117.00196097558948
03-16 13:00:00,118.60826881773995
03-16 14:00:00,112.12342328284787
03-16 15:00:00,122.87837262384585
03-16 16:00:00,124.51014553551862
03-16 17:00:00,125.38102534533165
03-16 18:00:00,126.90091213938445
03-16 19:00:00,128.53052252081275
03-16 20:00:00,126.9354194977891
03-16 21:00:00,126.05964929489977
03-16 22:00:00,132.68869554934759
03-16 23:00:00,133.5851128204185
03-17 00:00:00,134.3893775847758
03-17 01:00:00,136.07110775640564
03-17 02:00:00,136.94839279563575
03-17 03:00:00,136.9259272619147
03-17 04:00:00,139.53951973343666
03-17 05:00:00,143.00242590339985
03-17 06:00:00,143.93792461931605
03-17 07:00:00,144.76050618170396
03-17 08:00:00,142.80302970968376
03-17 09:00:00,141.61776077131412
03-17 10:00:00,136.61926105660237
03-17 11:00:00,123.74505958634816
03-17 12:00:00,115.88595950551202
03-17 13:00:00,113.07745243561864
03-17 14:00:00,113.03331411673656
03-17 15:00:00,140.26230904848924
03-17 16:00:00,133.22691180143778
03-17 17:00:00,135.40538097959944
03-17 18:00:00,140.17383323348832
03-17 19:00:00,138.8911616308468
03-17 20:00:00,139.84607287033583
03-17 21:00:00,139.96357207509223
03-17 22:00:00,138.42701362659324
03-17 23:00:00,137.7405750268032
03-18 00:00:00,137.8708891993861
03-18 01:00:00,138.00588422564334
03-18 02:00:00,139.05467075944142
03-18 03:00:00,141.84605640174004
03-18 04:00:00,143.94790689883652
03-18 05:00:00,146.75321741481298
03-18 06:00:00,145.84747687238809
03-18 07:00:00,149.2204311742576
03-18 08:00:00,144.11368490088512
03-18 09:00:00,134.2788534656164
03-18 10:00:00,126.61500409839101
03-18 11:00:00,129.08302449410957
03-18 12:00:00,121.5979371506202
03-18 13:00:00,113.54642767648633
03-18 14:00:00,109.51127294225793
03-18 15:00:00,111.99257737594445
03-18 16:00:00,114.63623560764735
03-18 17:00:00,120.71579460893238
03-18 18:00:00,130.02841879949526
03-18 19:00:00,139.76209336361399
03-18 20:00:00,145.19246881582782
03-18 21:00:00,153.00301164531078
03-18 22:00:00,157.1469010092544
03-18 23:00:00,157.7432669056314
03-19 00:00:00,160.5939573887569
03-19 01:00:00,160.44273631133672
03-19 02:00:00,164.73506532809512
03-19 03:00:00,165.43372612392233
03-19 04:00:00,164.51797072664408
03-19 05:00:00,167.7014324834743
03-19 06:00:00,170.8840353381337
03-19 07:00:00,165.4801096960171
03-19 08:00:00,154.26189279652425
03-19 09:00:00,138.4705760575215
03-19 10:00:00,123.48590974160476
03-19 11:00:00,112.3863718059099
03-19 12:00:00,104.68795914674398
03-19 13:00:00,98.19824270814445
03-19 14:00:00,98.12534356842042
03-19 15:00:00,95.3740404663777
03-19 16:00:00,97.15119476107526
03-19 17:00:00,107.42421344934074
03-19 18:00:00,119.3984894255208
03-19 19:00:00,126.57730560463014
03-19 20:00:00,131.51630164486392
03-19 21:00:00,136.52830034124597
03-19 22:00:00,145.25605658696614
03-19 23:00:00,146.2922927978336
03-20 00:00:00,146.2545018400911
03-20 01:00:00,145.59585093956915
03-20 02:00:00,147.47170512560376
03-20 03:00:00,148.69748296556094
03-20 04:00:00,148.9108623647548
03-20 05:00:00,151.79342497296213
03-20 06:00:00,155.73900508428008
03-20 07:00:00,154.8844917183468
03-20 08:00:00,149.6093211242029
03-20 09:00:00,144.07829933337484
03-20 10:00:00,140.1523645059961
03-20 11:00:00,137.04819287479515
03-20 12:00:00,132.2415705992805
03-20 13:00:00,123.45191965269281
03-20 14:00:00,123.19360282345549
03-20 15:00:00,119.83998849002289
03-20 16:00:00,121.63239407822283
03-20 17:00:00,129.38929376748305
03-20 18:00:00,139.0369038548656
03-20 19:00:00,149.6225303423628
03-20 20:00:00,157.28104303028863
03-20 21:00:00,160.36838079573258
03-20 22:00:00,165.64105892448868
03-20 23:00:00,165.52446685908404
03-21 00:00:00,163.3903385211418
03-21 01:00:00,161.4579551710744
03-21 02:00:00,160.4025671593391
03-21 03:00:00,159.3881219621818
03-21 04:00:00,160.10385168620675
03-21 05:00:00,157.11246147991153
03-21 06:00:00,154.8628302384354
03-21 07:00:00,152.41116154565734
03-21 08:00:00,145.16529273408267
03-21 09:00:00,138.15863355418583
03-21 10:00:00,129.9418230783022
03-21 11:00:00,126.36412565492466
03-21 12:00:00,125.21413206955407
03-21 13:00:00,120.96367473241446
03-21 14:00:00,119.09038434964616
03-21 15:00:00,121.04641141023644
03-21 16:00:00,125.0294888198148
03-21 17:00:00,131.1075042146022
03-21 18:00:00,133.95459451866031
03-21 19:00:00,133.52548568597814
03-21 20:00:00,131.3030709619385
03-21 21:00:00,133.7901064554789
03-21 22:00:00,131.2380735060302
03-21 23:00:00,129.3992087237463
03-22 00:00:00,131.91261229507705
03-22 01:00:00,130.3265987201263
03-22 02:00:00,129.43448339992693
03-22 03:00:00,131.97035250497873
03-22 04:00:00,130.38472983889778
03-22 05:00:00,130.48491618013531
03-22 06:00:00,129.6932950951252
03-22 07:00:00,127.03959482963849
03-22 08:00:00,122.31088114108309
03-22 09:00:00,116.78405575163345
03-22 10:00:00,114.43338926122902
03-22 11:00:00,109.34112152070796
03-22 12:00:00,109.24988542002825
03-22 13:00:00,105.47160617137799
03-22 14:00:00,104.02502543136842
03-22 15:00:00,103.2479416866529
03-22 16:00:00,103.42126963488658
03-22 17:00:00,106.33153136272466
03-22 18:00:00,111.09331905151174
03-22 19:00:00,114.78625005805318
03-22 20:00:00,119.12285459291544
03-22 21:00:00,121.16603503399025
03-22 22:00:00,126.61547073597552
03-22 23:00:00,131.17931930140355
03-23 00:00:00,135.71020673129686
03-23 01:00:00,141.16311824158498
03-23 02:00:00,142.2708545901537
03-23 03:00:00,146.90122815784994
03-23 04:00:00,148.83489959306877
03-23 05:00:00,151.2233422042141
03-23 06:00:00,156.08061973612195
03-23 07:00:00,142.43826275194724
03-23 08:00:00,128.71637286454884
03-23 09:00:00,111.28189374706847
03-23 10:00:00,97.25928780171668
03-23 11:00:00,89.97104616096144
03-23 12:00:00,81.42908269237975
03-23 13:00:00,74.64266021598593
03-23 14:00:00,70.25473670056195
03-23 15:00:00,67.18912009620988
03-23 16:00:00,69.63375992018486
03-23 17:00:00,80.61145440718161
03-23 18:00:00,88.69380065078249
03-23 19:00:00,95.93527603798884
03-23 20:00:00,101.52674484144637
03-23 21:00:00,105.63285188021378
03-23 22:00:00,113.45252003797441
03-23 23:00:00,115.24853400664813
03-24 00:00:00,119.08292679801727
03-24 01:00:00,123.74750212816592
03-24 02:00:00,125.37632822873536
03-24 03:00:00,126.96372653284396
03-24 04:00:00,125.34722986742304
03-24 05:00:00,129.6365053940242
03-24 06:00:00,131.37224659593926
03-24 07:00:00,125.98183534852635
03-24 08:00:00,111.40096602202414
03-24 09:00:00,95.85873247145163
03-24 10:00:00,81.29495536697777
03-24 11:00:00,69.93158602086498
03-24 12:00:00,58.486842748706486
03-24 13:00:00,51.66435209219008
03-24 14:00:00,43.96294244278513
03-24 15:00:00,40.498403071895474
03-24 16:00:00,45.08154731751328
03-24 17:00:00,61.774277937662376
03-24 18:00:00,70.2194177364077
03-24 19:00:00,74.07320753159536
03-24 20:00:00,80.81511330545285
03-24 21:00:00,86.19063476082201
03-24 22:00:00,91.8009341688078
03-24 23:00:00,96.40555230403947
03-25 00:00:00,96.55459481439856
03-25 01:00:00,100.45650010197573
03-25 02:00:00,103.95948380879756
03-25 03:00:00,103.80372757984252
03-25 04:00:00,104.86180837476921
03-25 05:00:00,112.78832384217363
03-25 06:00:00,111.58639717000644
03-25 07:00:00,108.2529621725937
03-25 08:00:00,94.59087137962003
03-25 09:00:00,77.97069246140406
03-25 10:00:00,61.57093075520778
03-25 11:00:00,48.520638284987726
03-25 12:00:00,40.221635264416925
03-25 13:00:00,34.835938854284834
03-25 14:00:00,30.565875888157642
03-25 15:00:00,30.735045989104368
03-25 16:00:00,31.56095187735171
03-25 17:00:00,45.529464992732336
03-25 18:00:00,57.37373379723041
03-25 19:00:00,63.66090025699724
03-25 20:00:00,65.49605336267976
03-25 21:00:00,71.122715009984
03-25 22:00:00,75.58316081838473
03-25 23:00:00,80.50433988992435
03-26 00:00:00,86.84854485617609
03-26 01:00:00,90.85608185168046
03-26 02:00:00,95.54897394263128
03-26 03:00:00,96.83933660410268
03-26 04:00:00,101.06861577854653
03-26 05:00:00,109.43538622562384
03-26 06:00:00,108.55045436882605
03-26 07:00:00,96.11778390936941
03-26 08:00:00,83.962573930034
03-26 09:00:00,71.69112846543699
03-26 10:00:00,57.891402487020954
03-26 11:00:00,46.29843454730796
03-26 12:00:00,37.19432722222103
03-26 13:00:00,34.21496267211232
03-26 14:00:00,27.462852506034857
03-26 15:00:00,24.290556759735686
03-26 16:00:00,25.640763661553617
03-26 17:00:00,41.84469101829542
03-26 18:00:00,50.787740274855274
03-26 19:00:00,55.01165001539854
03-26 20:00:00,54.19486797924348
03-26 21:00:00,66.45956042843459
03-26 22:00:00,68.03564423210175
03-26 23:00:00,68.95248335876713
03-27 00:00:00,65.35336259157614
03-27 01:00:00,69.40469658435802
03-27 02:00:00,73.06082040778523
03-27 03:00:00,69.53039113672284
03-27 04:00:00,76.28711390758252
03-27 05:00:00,78.51827667726606
03-27 06:00:00,76.50467597286112
03-27 07:00:00,87.18137718506043
03-27 08:00:00,95.40222056325942
03-27 09:00:00,91.12061800360402
03-27 10:00:00,88.31867537989962
03-27 11:00:00,82.08395376252328
03-27 12:00:00,80.17533199531292
03-27 13:00:00,77.836995984726
03-27 14:00:00,76.49887715600721
03-27 15:00:00,71.22760679260386
03-27 16:00:00,68.55629474273326
03-27 17:00:00,69.87515865305784
03-27 18:00:00,74.87703796097865
03-27 19:00:00,83.19218110215925
03-27 20:00:00,89.78572805918125
03-27 21:00:00,91.70913420147993
03-27 22:00:00,94.1331586188652
03-27 23:00:00,98.08359737187374
03-28 00:00:00,96.57447412780148
03-28 01:00:00,103.99484729354931
03-28 02:00:00,110.29551407046335
03-28 03:00:00,117.01966711954415
03-28 04:00:00,123.50040668895085
03-28 05:00:00,123.26570621093501
03-28 06:00:00,120.02915022211445
03-28 07:00:00,116.34984213138458
03-28 08:00:00,103.63617482875634
03-28 09:00:00,87.96603205475223
03-28 10:00:00,72.55955911104869
03-28 11:00:00,61.35539288618472
03-28 12:00:00,55.33937373677547
03-28 13:00:00,47.07105569479708
03-28 14:00:00,42.16213395445202
03-28 15:00:00,38.67931281543231
03-28 16:00:00,37.912269892744
03-28 17:00:00,45.92265258116336
03-28 18:00:00,56.163035151697464
03-28 19:00:00,60.35465292576771
03-28 20:00:00,67.55472264558988
03-28 21:00:00,74.12757681429449
03-28 22:00:00,78.52728534127951
03-28 23:00:00,82.92403762187872
03-29 00:00:00,86.42710842399813
03-29 01:00:00,86.44626840674749
03-29 02:00:00,87.31942898645485
03-29 03:00:00,89.58045165605074
03-29 04:00:00,91.31388320177915
03-29 05:00:00,94.39402192643736
03-29 06:00:00,93.56303522042377
03-29 07:00:00,90.34530914039019
03-29 08:00:00,74.47807682599634
03-29 09:00:00,58.010222430254544
03-29 10:00:00,45.623446687424284
03-29 11:00:00,33.021110796599096
03-29 12:00:00,24.82765646667736
03-29 13:00:00,18.59422890348919
03-29 14:00:00,12.270229760649624
03-29 15:00:00,8.198796270370277
03-29 16:00:00,11.717571690215767
03-29 17:00:00,22.57994420690456
03-29 18:00:00,34.00553511726777
03-29 19:00:00,39.20154965291181
03-29 20:00:00,49.850709949566166
03-29 21:00:00,55.06358574406222
03-29 22:00:00,58.71485912035644
03-29 23:00:00,62.62694481267842
03-30 00:00:00,69.85956451032514
03-30 01:00:00,69.01228419827544
03-30 02:00:00,72.07629070880661
03-30 03:00:00,74.98408474684905
03-30 04:00:00,83.43963624882309
03-30 05:00:00,84.28591592714383
03-30 06:00:00,84.15663867428341
03-30 07:00:00,75.64846220832393
03-30 08:00:00,65.06790244311742
03-30 09:00:00,50.8630973615376
03-30 10:00:00,38.68077510153614
03-30 11:00:00,27.103399139344916
03-30 12:00:00,19.979190057351655
03-30 13:00:00,13.18212622417417
03-30 14:00:00,6.6169028144509685
03-30 15:00:00,3.0333279281024037
03-30 16:00:00,3.4414316837033754
03-30 17:00:00,13.522606591966468
03-30 18:00:00,23.065854206381804
03-30 19:00:00,27.7285103831543
03-30 20:00:00,37.786510471589565
03-30 21:00:00,42.33333436382173
03-30 22:00:00,48.02815490514173
03-30 23:00:00,53.94181098210437
03-31 00:00:00,56.96635545698544
03-31 01:00:00,59.98081449309967
03-31 02:00:00,63.74453114041423
03-31 03:00:00,65.26356431992195
03-31 04:00:00,70.145897677551
03-31 05:00:00,72.62630306233456
03-31 06:00:00,76.3016310091619
03-31 07:00:00,70.0123937707635
03-31 08:00:00,55.31677012282766
03-31 09:00:00,41.542405521103845
03-31 10:00:00,28.68871255032575
03-31 11:00:00,17.779985738101345
03-31 12:00:00,9.277768511232148
03-31 13:00:00,2.889149368999736
03-31 14:00:00,2.8532894187107662
03-31 15:00:00,2.640516709088771
03-31 16:00:00,2.847965735379873
03-31 17:00:00,8.332988457806998
03-31 18:00:00,17.962605418142488
03-31 19:00:00,23.3622116440894
03-31 20:00:00,30.623187793035438
03-31 21:00:00,38.07755652622636
03-31 22:00:00,43.67117193019119
03-31 23:00:00,44.8945564004397
04-01 00:00:00,48.5805858831089
04-01 01:00:00,53.83208146692472
04-01 02:00:00,56.42313358729026
04-01 03:00:00,58.645138945411084
04-01 04:00:00,60.73163256426408
04-01 05:00:00,64.71450312138754
04-01 06:00:00,68.18021625631579
04-01 07:00:00,65.26961038130813
04-01 08:00:00,51.36409280482337
04-01 09:00:00,35.991732324467435
04-01 10:00:00,23.469883153634544
04-01 11:00:00,9.943975708801513
04-01 12:00:00,2.8532894187107662
04-01 13:00:00,2.781911919024238
04-01 14:00:00,2.889149368999736
04-01 15:00:00,3.106728151259034
04-01 16:00:00,3.070175257890383
04-01 17:00:00,5.172057415673663
04-01 18:00:00,15.758177655733125
04-01 19:00:00,17.9952963137734
04-01 20:00:00,23.753913669642493
04-01 21:00:00,23.183225724794312
04-01 22:00:00,33.95815421241942
04-01 23:00:00,40.76614162261613
04-02 00:00:00,44.509043932498294
04-02 01:00:00,45.549787535842
04-02 02:00:00,48.238536883419314
04-02 03:00:00,52.81023824521642
04-02 04:00:00,55.89554261885575
04-02 05:00:00,61.184242867248464
04-02 06:00:00,65.9216628259338
04-02 07:00:00,57.990458030417045
04-02 08:00:00,48.44312029762151
04-02 09:00:00,40.27592257218299
04-02 10:00:00,30.890959300350026
04-02 11:00:00,25.7963665150524
04-02 12:00:00,18.86718756129596
04-02 13:00:00,13.780458553400056
04-02 14:00:00,9.960659530103419
04-02 15:00:00,9.567318099282776
04-02 16:00:00,13.571329341727974
04-02 17:00:00,28.52795025922042
04-02 18:00:00,39.05380215858132
04-02 19:00:00,41.954849660150145
04-02 20:00:00,43.86244548326273
04-02 21:00:00,48.302420102087154
04-02 22:00:00,56.90171711694419
04-02 23:00:00,68.58874412323354
04-03 00:00:00,74.99473922526396
04-03 01:00:00,76.78649172345322
04-03 02:00:00,83.54892533096695
04-03 03:00:00,85.3856189176841
04-03 04:00:00,95.72145752086404
04-03 05:00:00,101.44468912670763
04-03 06:00:00,102.2236801417327
04-03 07:00:00,102.57553583493345
04-03 08:00:00,101.5331836164003
04-03 09:00:00,96.99710257257165
04-03 10:00:00,87.51673257756283
04-03 11:00:00,81.0256410395862
04-03 12:00:00,82.24931827317084
04-03 13:00:00,81.32326733629463
04-03 14:00:00,77.88355068811259
04-03 15:00:00,78.24864018043937
04-03 16:00:00,79.38725504727972
04-03 17:00:00,83.76172528215618
04-03 18:00:00,86.25406256871062
04-03 19:00:00,89.3405233582389
04-03 20:00:00,92.7098805353565
04-03 21:00:00,96.48015991208823
04-03 22:00:00,101.56555152651427
04-03 23:00:00,108.7073594760415
04-04 00:00:00,114.6059570863106
04-04 01:00:00,116.5085240076545
04-04 02:00:00,119.86549793279586
04-04 03:00:00,124.1620214900095
04-04 04:00:00,128.45117339500487
04-04 05:00:00,133.4387718375703
04-04 06:00:00,126.8581435595612
04-04 07:00:00,114.87601046381054
04-04 08:00:00,104.51347843551389
04-04 09:00:00,91.19402965527033
04-04 10:00:00,79.89820012439449
04-04 11:00:00,69.30485204773996
04-04 12:00:00,61.49975936238043
04-04 13:00:00,54.61748792503714
04-04 14:00:00,50.74375486852767
04-04 15:00:00,47.97066392105029
04-04 16:00:00,48.194640033357175
04-04 17:00:00,55.383229633726955
04-04 18:00:00,71.15135835175795
04-04 19:00:00,78.72734260026633
04-04 20:00:00,83.07868229382572
04-04 21:00:00,86.94947546454506
04-04 22:00:00,92.5688696968387
04-04 23:00:00,96.93966077189621
04-05 00:00:00,97.74107254976917
04-05 01:00:00,105.46694983871436
04-05 02:00:00,106.15170231569552
04-05 03:00:00,109.41936382229002
04-05 04:00:00,112.196502575213
04-05 05:00:00,114.02978511191216
04-05 06:00:00,113.45557140107348
04-05 07:00:00,102.78969873245907
04-05 08:00:00,88.51472997433208
04-05 09:00:00,74.14123866542053
04-05 10:00:00,62.0632384999397
04-05 11:00:00,53.98336682547604
04-05 12:00:00,45.65228127836234
04-05 13:00:00,34.278991621925734
04-05 14:00:00,30.50084617983307
04-05 15:00:00,34.14762897458567
04-05 16:00:00,38.598384468342346
04-05 17:00:00,45.34038751916411
04-05 18:00:00,54.63435133826793
04-05 19:00:00,70.04196380669987
04-05 20:00:00,94.58829541098896
04-05 21:00:00,136.59541827437627
04-05 22:00:00,139.73662702752878
04-05 23:00:00,156.7761631443791
04-06 00:00:00,164.1447144182037
04-06 01:00:00,165.65688484982059
04-06 02:00:00,165.92001282305
04-06 03:00:00,167.5188403872431
04-06 04:00:00,173.1502725459985
04-06 05:00:00,183.51778632350073
04-06 06:00:00,181.7807311405803
04-06 07:00:00,169.6910939697197
04-06 08:00:00,160.44114084369798
04-06 09:00:00,153.99776390434812
04-06 10:00:00,146.38045404528134
04-06 11:00:00,130.28740912394747
04-06 12:00:00,130.67935339737306
04-06 13:00:00,127.8150950301037
04-06 14:00:00,125.04910645471841
04-06 15:00:00,124.46180532518139
04-06 16:00:00,133.40073498161354
04-06 17:00:00,150.62650525851353
04-06 18:00:00,154.7432612012414
04-06 19:00:00,159.59862805024744
04-06 20:00:00,161.2570839364147
04-06 21:00:00,159.33282221606981
04-06 22:00:00,155.06965701591815
04-06 23:00:00,153.36899130617627
04-07 00:00:00,156.29203252505548
04-07 01:00:00,161.88310412557462
04-07 02:00:00,161.24405223582514
04-07 03:00:00,167.58059501243827
04-07 04:00:00,163.97576703886602
04-07 05:00:00,168.924400783824
04-07 06:00:00,166.49162383628067
04-07 07:00:00,163.54670304419682
04-07 08:00:00,158.12561019081664
04-07 09:00:00,152.89112780255346
04-07 10:00:00,145.59603321900005
04-07 11:00:00,144.75906879389728
04-07 12:00:00,134.5328579737053
04-07 13:00:00,128.69352871764883
04-07 14:00:00,129.5384702470187
04-07 15:00:00,130.46110003578434
04-07 16:00:00,133.78963769167515
04-07 17:00:00,138.80295265851282
04-07 18:00:00,137.43388283384238
04-07 19:00:00,138.41515282060047
04-07 20:00:00,140.91382905833433
04-07 21:00:00,139.11563364373004
04-07 22:00:00,142.4401512697053
04-07 23:00:00,139.8899061176273
04-08 00:00:00,142.2997934439959
04-08 01:00:00,141.27191593033803
04-08 02:00:00,138.90881526758943
04-08 03:00:00,139.1604640641192
04-08 04:00:00,144.2293327799956
04-08 05:00:00,148.74352007225232
04-08 06:00:00,142.66604517874583
04-08 07:00:00,135.42085682597664
04-08 08:00:00,124.40308756009138
04-08 09:00:00,112.82531823687538
04-08 10:00:00,102.02808066250626
04-08 11:00:00,92.47818700599187
04-08 12:00:00,88.84508891206741
04-08 13:00:00,82.36258167280334
04-08 14:00:00,80.20892139665031
04-08 15:00:00,76.92521146074938
04-08 16:00:00,76.57670927680104
04-08 17:00:00,83.0365983575707
04-08 18:00:00,95.42271355809827
04-08 19:00:00,99.86902978369217
04-08 20:00:00,107.03113328094337
04-08 21:00:00,109.88667609634277
04-08 22:00:00,111.18326615994775
04-08 23:00:00,114.77378855386846
04-09 00:00:00,116.09731184716952
04-09 01:00:00,115.4122668220651
04-09 02:00:00,116.42050530423813
04-09 03:00:00,113.8754248033707
04-09 04:00:00,114.47570139295159
04-09 05:00:00,114.21241983454728
04-09 06:00:00,111.37806755089005
04-09 07:00:00,99.95708840607062
04-09 08:00:00,79.26347886605973
04-09 09:00:00,68.5770537827503
04-09 10:00:00,58.65415624355408
04-09 11:00:00,51.87110038796206
04-09 12:00:00,44.65766254322447
04-09 13:00:00,38.84392343837055
04-09 14:00:00,30.88263091974996
04-09 15:00:00,30.607126753551015
04-09 16:00:00,29.882818712061667
04-09 17:00:00,40.92297057903738
04-09 18:00:00,52.786196126235595
04-09 19:00:00,57.14443179626417
04-09 20:00:00,66.0476790077127
04-09 21:00:00,71.86888776383208
04-09 22:00:00,76.3830804956223
04-09 23:00:00,75.0434675167316
04-10 00:00:00,79.88353361464169
04-10 01:00:00,77.80185138017795
04-10 02:00:00,78.14660879178922
04-10 03:00:00,81.27574870842898
04-10 04:00:00,80.99489245009093
04-10 05:00:00,82.27956960893823
04-10 06:00:00,80.66012872143438
04-10 07:00:00,74.79369004051932
04-10 08:00:00,69.07336225669974
04-10 09:00:00,64.49888287004427
04-10 10:00:00,58.183247826839164
04-10 11:00:00,51.47606078932108
04-10 12:00:00,41.53251928669616
04-10 13:00:00,33.445968846586005
04-10 14:00:00,26.7506883653693
04-10 15:00:00,28.71279654690897
04-10 16:00:00,26.915544577434552
04-10 17:00:00,29.866055367988004
04-10 18:00:00,40.08262328566877
04-10 19:00:00,51.327416820113484
04-10 20:00:00,54.62779928355995
04-10 21:00:00,57.70320578723802
04-10 22:00:00,61.983621787303676
04-10 23:00:00,63.31032190543013
04-11 00:00:00,64.27156097427937
04-11 01:00:00,66.16011446093704
04-11 02:00:00,66.94571630636402
04-11 03:00:00,68.40553327330775
04-11 04:00:00,71.68543999533699
04-11 05:00:00,72.88931914384483
04-11 06:00:00,72.76405695003778
04-11 07:00:00,70.30281975011142
04-11 08:00:00,55.635763745506736
04-11 09:00:00,44.75600978471153
04-11 10:00:00,37.82208712460678
04-11 11:00:00,29.284400506869986
04-11 12:00:00,21.714098828194707
04-11 13:00:00,14.284583094280576
04-11 14:00:00,10.006530703291308
04-11 15:00:00,7.9058312079084345
04-11 16:00:00,8.781026855107097
04-11 17:00:00,22.779742462668125
04-11 18:00:00,40.152143501009874
04-11 19:00:00,48.366978110349876
04-11 20:00:00,54.2015484521511
04-11 21:00:00,58.4322317915853
04-11 22:00:00,61.86216644542204
04-11 23:00:00,68.84857165195547
04-12 00:00:00,73.39290520480449
04-12 01:00:00,78.0842807896077
04-12 02:00:00,92.56683279222854
04-12 03:00:00,102.19971866154742
04-12 04:00:00,112.00812373014628
04-12 05:00:00,124.11601202820412
04-12 06:00:00,129.1843775780624
04-12 07:00:00,130.4030869044019
04-12 08:00:00,140.05177364690314
04-12 09:00:00,143.64123064373945
04-12 10:00:00,139.86806363293556
04-12 11:00:00,134.43066196781876
04-12 12:00:00,126.643939460714
04-12 13:00:00,119.02764654911496
04-12 14:00:00,115.58992572857733
04-12 15:00:00,119.15586593621745
04-12 16:00:00,122.01835670756861
04-12 17:00:00,119.2094175724543
04-12 18:00:00,119.12296383202948
04-12 19:00:00,125.36819870485776
04-12 20:00:00,129.63556687497473
04-12 21:00:00,130.55713305619508
04-12 22:00:00,132.27580616670411
04-12 23:00:00,130.6245379034351
04-13 00:00:00,129.0865556263686
04-13 01:00:00,132.47784628651806
04-13 02:00:00,133.2046277495848
04-13 03:00:00,137.69444061049512
04-13 04:00:00,139.5253081286155
04-13 05:00:00,143.69828578854623
04-13 06:00:00,141.9793820789454
04-13 07:00:00,136.38228270320036
04-13 08:00:00,122.33848297026128
04-13 09:00:00,110.0492839803717
04-13 10:00:00,107.8114280732342
04-13 11:00:00,99.29104498992868
04-13 12:00:00,93.99639581985852
04-13 13:00:00,92.85424234633456
04-13 14:00:00,102.84694255595497
04-13 15:00:00,103.14167167820804
04-13 16:00:00,98.68859576267951
04-13 17:00:00,103.46409746145527
04-13 18:00:00,112.5300082349323
04-13 19:00:00,118.82603971338483
04-13 20:00:00,122.99126469408779
04-13 21:00:00,123.426443135046
04-13 22:00:00,125.13134539290337
04-13 23:00:00,131.30343010377993
04-14 00:00:00,138.52758364989518
04-14 01:00:00,140.71789999863236
04-14 02:00:00,144.5286231329012
04-14 03:00:00,148.2849938610457
04-14 04:00:00,150.28650864064088
04-14 05:00:00,155.77720730498692
04-14 06:00:00,149.38801179048232
04-14 07:00:00,134.9106508193901
04-14 08:00:00,120.72249982327976
04-14 09:00:00,108.90584602995469
04-14 10:00:00,99.7606619006489
04-14 11:00:00,92.09944622078541
04-14 12:00:00,88.06458739080374
04-14 13:00:00,83.07211508052214
04-14 14:00:00,87.34356699160226
04-14 15:00:00,87.55488698873837
04-14 16:00:00,88.97962871066323
04-14 17:00:00,95.24793713970698
04-14 18:00:00,102.90998097035641
04-14 19:00:00,112.50331644493602
04-14 20:00:00,115.98496829917215
04-14 21:00:00,116.86305619540363
04-14 22:00:00,120.14322005886635
04-14 23:00:00,125.46788244483042
04-15 00:00:00,129.15354693462027
04-15 01:00:00,130.20966542143125
04-15 02:00:00,132.26923686765846
04-15 03:00:00,136.56956796549366
04-15 04:00:00,134.8596645947668
04-15 05:00:00,139.05467075944142
04-15 06:00:00,135.62588916358305
04-15 07:00:00,122.99364744104336
04-15 08:00:00,114.84420827610181
04-15 09:00:00,111.4868889558021
04-15 10:00:00,102.45788655134298
04-15 11:00:00,99.65641662056409
04-15 12:00:00,92.6684665000353
04-15 13:00:00,93.00432748222912
04-15 14:00:00,91.14815117182921
04-15 15:00:00,91.81878502050064
04-15 16:00:00,91.14029565170132
04-15 17:00:00,94.49082562684153
04-15 18:00:00,97.70957455838766
04-15 19:00:00,106.29725538304425
04-15 20:00:00,110.84791651833393
04-15 21:00:00,115.14586590386057
04-15 22:00:00,118.17254044248054
04-15 23:00:00,124.10310055422036
04-16 00:00:00,131.71256618087315
04-16 01:00:00,134.80755522502844
04-16 02:00:00,137.35556041884604
04-16 03:00:00,141.952360543435
04-16 04:00:00,143.7992680811654
04-16 05:00:00,147.45119642428315
04-16 06:00:00,141.9626189752449
04-16 07:00:00,129.09585825261877
04-16 08:00:00,117.29712563013096
04-16 09:00:00,108.64487414608777
04-16 10:00:00,98.74089136193359
04-16 11:00:00,91.14689713282883
04-16 12:00:00,82.39690100603329
04-16 13:00:00,77.2175530832847
04-16 14:00:00,74.10372667708536
04-16 15:00:00,76.3565824528884
04-16 16:00:00,78.56746956025742
04-16 17:00:00,81.53868250287574
04-16 18:00:00,86.23105180500572
04-16 19:00:00,94.37393594371326
04-16 20:00:00,99.11178512237124
04-16 21:00:00,105.37420979679851
04-16 22:00:00,115.68183998005823
04-16 23:00:00,122.3108834390051
04-17 00:00:00,125.90850284923103
04-17 01:00:00,128.84525224437724
04-17 02:00:00,134.94861280666703
04-17 03:00:00,140.11143899954018
04-17 04:00:00,145.57197019527763
04-17 05:00:00,148.18588814754776
04-17 06:00:00,142.01274015296036
04-17 07:00:00,135.27636578529763
04-17 08:00:00,120.28637747541643
04-17 09:00:00,109.28390313879495
04-17 10:00:00,97.49519823592091
04-17 11:00:00,86.13940258510404
04-17 12:00:00,77.08522785738306
04-17 13:00:00,72.79133116442252
04-17 14:00:00,75.3837666371758
04-17 15:00:00,77.58197668728309
04-17 16:00:00,80.56490045203844
04-17 17:00:00,82.8676703422538
04-17 18:00:00,87.2739247889869
04-17 19:00:00,90.31909706264258
04-17 20:00:00,91.11320631065635
04-17 21:00:00,94.05652379572265
04-17 22:00:00,93.36937512217645
04-17 23:00:00,94.08628413167776
04-18 00:00:00,97.34269618071397
04-18 01:00:00,99.7832239773507
04-18 02:00:00,103.51523886548645
04-18 03:00:00,105.69793678513928
04-18 04:00:00,106.5127687240202
04-18 05:00:00,108.05979783338785
04-18 06:00:00,106.87467126760583
04-18 07:00:00,103.62487547970427
04-18 08:00:00,98.22290186538507
04-18 09:00:00,92.76622204963715
04-18 10:00:00,86.06978648664831
04-18 11:00:00,77.98699080079402
04-18 12:00:00,75.08506314358385
04-18 13:00:00,73.5100625852867
04-18 14:00:00,73.5862567531027
04-18 15:00:00,75.24290185493805
04-18 16:00:00,79.52603134941226
04-18 17:00:00,81.99455117215022
04-18 18:00:00,84.45746722069869
04-18 19:00:00,87.3836106292078
04-18 20:00:00,89.63957377413702
04-18 21:00:00,93.46367997116774
04-18 22:00:00,101.88654546534147
04-18 23:00:00,109.10205194988168
04-19 00:00:00,111.00179440413805
04-19 01:00:00,111.95412768622685
04-19 02:00:00,114.25643234891736
04-19 03:00:00,109.59425204667214
04-19 04:00:00,111.9968427906351
04-19 05:00:00,112.7703761840948
04-19 06:00:00,110.27268669302305
04-19 07:00:00,107.69574979530779
04-19 08:00:00,94.76374230398874
04-19 09:00:00,82.72483603529537
04-19 10:00:00,71.04646319565798
04-19 11:00:00,61.055434129623656
04-19 12:00:00,57.42396934904919
04-19 13:00:00,55.23394992710653
04-19 14:00:00,54.36365617422263
04-19 15:00:00,53.168531360882284
04-19 16:00:00,53.7650943809781
04-19 17:00:00,56.47708693891627
04-19 18:00:00,61.78304572524618
04-19 19:00:00,72.79764569876787
04-19 20:00:00,75.75271448909152
04-19 21:00:00,77.49878648802748
04-19 22:00:00,87.01563473664714
04-19 23:00:00,93.86099636405646
04-20 00:00:00,96.99532485848391
04-20 01:00:00,102.09894099223902
04-20 02:00:00,104.87861766838358
04-20 03:00:00,110.45491956534113
04-20 04:00:00,109.66497375228957
04-20 05:00:00,116.60280179973063
04-20 06:00:00,110.19861688740565
04-20 07:00:00,94.98119951459057
04-20 08:00:00,82.17220576008418
04-20 09:00:00,70.03784112494318
04-20 10:00:00,58.40328044409823
04-20 11:00:00,47.622797106609575
04-20 12:00:00,40.51445195771112
04-20 13:00:00,35.15286825361111
04-20 14:00:00,33.521730058804806
04-20 15:00:00,36.218266882309
04-20 16:00:00,36.92711636698907
04-20 17:00:00,38.72849986127966
04-20 18:00:00,44.79330909923148
04-20 19:00:00,55.40573883135214
04-20 20:00:00,62.22629739154407
04-20 21:00:00,71.49674806346523
04-20 22:00:00,75.91514087937976
04-20 23:00:00,82.87301663330932
04-21 00:00:00,86.2371538844847
04-21 01:00:00,90.01515898527283
04-21 02:00:00,91.67081864217498
04-21 03:00:00,92.7198271089877
04-21 04:00:00,97.98564547477751
04-21 05:00:00,98.92685984938885
04-21 06:00:00,93.40693972453539
04-21 07:00:00,81.58069060364048
04-21 08:00:00,70.92031240633783
04-21 09:00:00,58.74304026435086
04-21 10:00:00,44.801653552597365
04-21 11:00:00,35.768832280062966
04-21 12:00:00,29.357780195015454
04-21 13:00:00,24.971363601633804
04-21 14:00:00,21.921458923666982
04-21 15:00:00,20.44477384071284
04-21 16:00:00,26.119462902082226
04-21 17:00:00,33.25449689087596
04-21 18:00:00,37.22640690088677
04-21 19:00:00,48.4037213749251
04-21 20:00:00,52.67187529398382
04-21 21:00:00,55.53318355935391
04-21 22:00:00,61.454056242860695
04-21 23:00:00,67.52084461198078
04-22 00:00:00,71.83437359836964
04-22 01:00:00,75.90617408105916
04-22 02:00:00,83.01693051354218
04-22 03:00:00,81.0745244475496
04-22 04:00:00,82.87186447469844
04-22 05:00:00,86.95942553524004
04-22 06:00:00,84.08684391715938
04-22 07:00:00,77.67864875070973
04-22 08:00:00,65.68440855713072
04-22 09:00:00,49.27341659715966
04-22 10:00:00,40.49118322890695
04-22 11:00:00,34.84029775955119
04-22 12:00:00,29.15694367830782
04-22 13:00:00,35.6480918477139
04-22 14:00:00,32.840532072105965
04-22 15:00:00,34.471066959629
04-22 16:00:00,44.592743475702406
04-22 17:00:00,47.325792398812155
04-22 18:00:00,50.77828175082701
04-22 19:00:00,53.85423432929216
04-22 20:00:00,59.25020873218437
04-22 21:00:00,64.86595326043653
04-22 22:00:00,65.83561987811359
04-22 23:00:00,69.19333201331897
04-23 00:00:00,73.90668773098164
04-23 01:00:00,82.22562461143164
04-23 02:00:00,87.35651786420105
04-23 03:00:00,93.93297252700744
04-23 04:00:00,98.62305098968284
04-23 05:00:00,101.69879940951743
04-23 06:00:00,94.82368171950904
04-23 07:00:00,82.78060162019756
04-23 08:00:00,73.31983682376438
04-23 09:00:00,62.64828386862443
04-23 10:00:00,50.811842668676725
04-23 11:00:00,38.97340788778962
04-23 12:00:00,30.445581038143125
04-23 13:00:00,23.975737301010874
04-23 14:00:00,19.368811054441203
04-23 15:00:00,17.85566091181639
04-23 16:00:00,19.543659903705223
04-23 17:00:00,24.143590563320437
04-23 18:00:00,31.778679580441448
04-23 19:00:00,42.33817004918362
04-23 20:00:00,49.38739486483237
04-23 21:00:00,56.03774370059879
04-23 22:00:00,65.60299707907373
04-23 23:00:00,71.67443855831692
04-24 00:00:00,75.9037235044472
04-24 01:00:00,79.59346219365187
04-24 02:00:00,82.88964297965926
04-24 03:00:00,85.10056430531017
04-24 04:00:00,89.35991365172285
04-24 05:00:00,89.22427171163851
04-24 06:00:00,82.87267512502399
04-24 07:00:00,71.34817036531976
04-24 08:00:00,61.31298197932197
04-24 09:00:00,48.12518618976498
04-24 10:00:00,36.91746625501524
04-24 11:00:00,26.832554170090837
04-24 12:00:00,19.80119490037326
04-24 13:00:00,11.987876612082152
04-24 14:00:00,7.8544576510404065
04-24 15:00:00,5.840297224726283
04-24 16:00:00,6.153381249702178
04-24 17:00:00,7.776155622394594
04-24 18:00:00,17.498528946606058
04-24 19:00:00,27.247390251025845
04-24 20:00:00,36.01154965056148
04-24 21:00:00,43.496383032153375
04-24 22:00:00,46.53254319185907
04-24 23:00:00,50.91930758404324
04-25 00:00:00,56.60036422866908
04-25 01:00:00,60.085457884005464
04-25 02:00:00,63.5684619530746
04-25 03:00:00,72.89877592522554
04-25 04:00:00,75.07435313718082
04-25 05:00:00,73.25470576907261
04-25 06:00:00,69.35060548075543
04-25 07:00:00,68.68761911959794
04-25 08:00:00,58.799099259525875
04-25 09:00:00,49.79778016189313
04-25 10:00:00,37.87515995353207
04-25 11:00:00,27.29345035940208
04-25 12:00:00,20.234251303837
04-25 13:00:00,14.317868716685112
04-25 14:00:00,11.60960040002028
04-25 15:00:00,10.998775822843209
04-25 16:00:00,12.009938387140894
04-25 17:00:00,17.276967873575238
04-25 18:00:00,27.62392429147466
04-25 19:00:00,36.27453935098713
04-25 20:00:00,42.9535161167253
04-25 21:00:00,48.15179458547111
04-25 22:00:00,53.490623090655916
04-25 23:00:00,59.74082878614918
04-26 00:00:00,63.71356078562422
04-26 01:00:00,68.51091267233593
04-26 02:00:00,75.27063490410642
04-26 03:00:00,81.1747069365725
04-26 04:00:00,85.40090857523842
04-26 05:00:00,87.02814649440216
04-26 06:00:00,81.61879113660365
04-26 07:00:00,73.88639047480184
04-26 08:00:00,68.34273098353363
04-26 09:00:00,60.80697302507184
04-26 10:00:00,55.13869427154178
04-26 11:00:00,47.686064269206014
04-26 12:00:00,36.284630643855294
04-26 13:00:00,32.20562399860343
04-26 14:00:00,26.69640046984838
04-26 15:00:00,22.00193216820779
04-26 16:00:00,20.44134859562985
04-26 17:00:00,24.64007953565132
04-26 18:00:00,33.22203784776181
04-26 19:00:00,42.952536875564945
04-26 20:00:00,51.08880062057311
04-26 21:00:00,55.15185461708917
04-26 22:00:00,61.122923835618785
04-26 23:00:00,67.00872659400648
04-27 00:00:00,71.24349647922416
04-27 01:00:00,80.0791173289152
04-27 02:00:00,84.95767017573348
04-27 03:00:00,87.92227788198159
04-27 04:00:00,93.85819309788405
04-27 05:00:00,93.14468101325775
04-27 06:00:00,86.50452458541653
04-27 07:00:00,76.87306663150852
04-27 08:00:00,68.592404868353
04-27 09:00:00,59.65735889645023
04-27 10:00:00,49.059593060628046
04-27 11:00:00,40.33008812369427
04-27 12:00:00,34.438235006138356
04-27 13:00:00,24.422176109957014
04-27 14:00:00,20.22953620338685
04-27 15:00:00,16.46037469371814
04-27 16:00:00,16.558209026785505
04-27 17:00:00,19.872080188609345
04-27 18:00:00,25.362874175282386
04-27 19:00:00,30.309212942627425
04-27 20:00:00,35.710408472717916
04-27 21:00:00,40.38897592871167
04-27 22:00:00,40.02931099490841
04-27 23:00:00,50.498703335579314
04-28 00:00:00,55.49152849728868
04-28 01:00:00,54.75205068282454
04-28 02:00:00,54.418902033465685
04-28 03:00:00,56.24442434930367
04-28 04:00:00,56.97541417397068
04-28 05:00:00,59.97532065203118
04-28 06:00:00,59.15233257278025
04-28 07:00:00,55.33589001250466
04-28 08:00:00,53.09081717763303
04-28 09:00:00,43.01399634490582
04-28 10:00:00,32.92442789808952
04-28 11:00:00,24.204858752856033
04-28 12:00:00,19.04833573529219
04-28 13:00:00,13.30934061174605
04-28 14:00:00,9.930071547992727
04-28 15:00:00,7.981143052706226
04-28 16:00:00,11.536858717828864
04-28 17:00:00,15.128616214483008
04-28 18:00:00,21.103291974441035
04-28 19:00:00,28.835218767185587
04-28 20:00:00,37.853678019081585
04-28 21:00:00,44.17660678908089
04-28 22:00:00,50.49592478826871
04-28 23:00:00,51.0518806582605
04-29 00:00:00,54.87385208201295
04-29 01:00:00,54.70128008503805
04-29 02:00:00,54.230921726083274
04-29 03:00:00,54.25356730067455
04-29 04:00:00,62.31109123487013
04-29 05:00:00,69.52513351533673
04-29 06:00:00,72.41533449661685
04-29 07:00:00,71.09382972715765
04-29 08:00:00,64.92654538118498
04-29 09:00:00,60.17459173406788
04-29 10:00:00,56.7755722721367
04-29 11:00:00,56.800299132111995
04-29 12:00:00,54.840099767909166
04-29 13:00:00,49.29356888115292
04-29 14:00:00,49.32204680146988
04-29 15:00:00,47.97061559942052
04-29 16:00:00,49.09388174001997
04-29 17:00:00,56.69954612724493
04-29 18:00:00,60.151214429884476
04-29 19:00:00,62.69260640759203
04-29 20:00:00,65.39126580063274
04-29 21:00:00,65.52389733778682
04-29 22:00:00,68.89096668463814
04-29 23:00:00,69.63616174171847
04-30 00:00:00,69.04705108722209
04-30 01:00:00,70.18447121003157
04-30 02:00:00,75.85200977654418
04-30 03:00:00,76.9668769617885
04-30 04:00:00,74.60652055220578
04-30 05:00:00,77.63529347654244
04-30 06:00:00,71.09044129044675
04-30 07:00:00,59.94922715538586
04-30 08:00:00,53.07722386791535
04-30 09:00:00,43.778172593343776
04-30 10:00:00,34.42863419418613
04-30 11:00:00,28.742552115723303
04-30 12:00:00,24.230769940053328
04-30 13:00:00,36.39212267080699
04-30 14:00:00,50.96804764213603
04-30 15:00:00,57.867609055630496
04-30 16:00:00,62.6322968638857
04-30 17:00:00,65.71022989129716
04-30 18:00:00,74.0015195985259
04-30 19:00:00,78.98617608419198
04-30 20:00:00,83.25164280401715
04-30 21:00:00,84.75426561625665
04-30 22:00:00,84.89020476918199
04-30 23:00:00,84.74743018373022
05-01 00:00:00,84.72664961099271
05-01 01:00:00,84.7061165036236
05-01 02:00:00,84.62774064880236
05-01 03:00:00,84.6771176177469
05-01 04:00:00,84.57851825931473
05-01 05:00:00,83.15377653738986
05-01 06:00:00,82.16926667900995
05-01 07:00:00,81.89938269740588
05-01 08:00:00,79.10418743661393
05-01 09:00:00,74.83561252704517
05-01 10:00:00,73.224175803084
05-01 11:00:00,72.88158314025725
05-01 12:00:00,73.48278173740549
05-01 13:00:00,74.19139522044571
05-01 14:00:00,75.062214815466
05-01 15:00:00,77.15229327768918
05-01 16:00:00,76.58320551535277
05-01 17:00:00,76.1514628394641
05-01 18:00:00,79.80171885840889
05-01 19:00:00,83.53734611369087
05-01 20:00:00,86.68188632376109
05-01 21:00:00,91.35199090382567
05-01 22:00:00,96.84849856240652
05-01 23:00:00,100.28440959540961
05-02 00:00:00,101.91966676786086
05-02 01:00:00,102.9553503566039
05-02 02:00:00,103.88656432945992
05-02 03:00:00,104.87383397288532
05-02 04:00:00,107.2596186756722
05-02 05:00:00,108.08431764735745
05-02 06:00:00,107.29120921166776
05-02 07:00:00,105.50749733406975
05-02 08:00:00,101.35515632548356
05-02 09:00:00,97.15119476107526
05-02 10:00:00,92.88387683058667
05-02 11:00:00,87.01848060119016
05-02 12:00:00,81.83103706292428
05-02 13:00:00,71.13093475655764
05-02 14:00:00,79.81550185571254
05-02 15:00:00,92.89821863871231
05-02 16:00:00,89.21190432344783
05-02 17:00:00,90.91153274857268
05-02 18:00:00,92.28651879229729
05-02 19:00:00,94.93900514593008
05-02 20:00:00,99.26178472536868
05-02 21:00:00,100.12212359653087
05-02 22:00:00,100.35761973923793
05-02 23:00:00,103.42126963488658
05-03 00:00:00,104.11252539613858
05-03 01:00:00,103.51514625190795
05-03 02:00:00,105.76643598664394
05-03 03:00:00,108.19625037540202
05-03 04:00:00,107.71150034973783
05-03 05:00:00,110.32172699347312
05-03 06:00:00,106.26015184739386
05-03 07:00:00,91.18096329115076
05-03 08:00:00,79.3544276203228
05-03 09:00:00,69.57114514844886
05-03 10:00:00,65.04420115440588
05-03 11:00:00,57.95149313604701
05-03 12:00:00,52.556208706936104
05-03 13:00:00,48.290348381778955
05-03 14:00:00,45.89613821186733
05-03 15:00:00,43.33549136292449
05-03 16:00:00,42.37752203788586
05-03 17:00:00,42.90185785812601
05-03 18:00:00,51.58286770965483
05-03 19:00:00,61.71494358745399
05-03 20:00:00,65.05820243006654
05-03 21:00:00,74.69665072688024
05-03 22:00:00,79.20852091551589
05-03 23:00:00,79.41291308790726
05-04 00:00:00,82.87297110739955
05-04 01:00:00,89.53659621500418
05-04 02:00:00,92.81222637914125
05-04 03:00:00,95.14329297149618
05-04 04:00:00,97.37907887610517
05-04 05:00:00,99.42790008517768
05-04 06:00:00,83.03215940337076
05-04 07:00:00,72.7770277010405
05-04 08:00:00,60.67197416994154
05-04 09:00:00,46.36854550577914
05-04 10:00:00,37.738971784229065
05-04 11:00:00,31.38917444230999
05-04 12:00:00,20.643548290795245
05-04 13:00:00,16.625055084128242
05-04 14:00:00,15.634416177066576
05-04 15:00:00,17.66624795430209
05-04 16:00:00,21.32843776063366
05-04 17:00:00,25.594103211692804
05-04 18:00:00,28.89102164570226
05-04 19:00:00,29.1226437706564
05-04 20:00:00,44.85284185704663
05-04 21:00:00,49.832939512365094
05-04 22:00:00,54.00903986118188
05-04 23:00:00,56.36999130906851
05-05 00:00:00,55.9575579427618
05-05 01:00:00,55.18073282488819
05-05 02:00:00,54.7585912989795
05-05 03:00:00,58.14118201875034
05-05 04:00:00,65.78423992053172
05-05 05:00:00,69.5526880492165
05-05 06:00:00,80.41766348592583
05-05 07:00:00,87.47509295404244
05-05 08:00:00,90.49138860793005
05-05 09:00:00,89.83401958498158
05-05 10:00:00,83.62145472220479
05-05 11:00:00,79.8140171804595
05-05 12:00:00,71.23268908195318
05-05 13:00:00,60.210062330333066
05-05 14:00:00,58.089179520456746
05-05 15:00:00,71.84148036992919
05-05 16:00:00,70.21124481675196
05-05 17:00:00,68.8073524454174
05-05 18:00:00,72.13128227981237
05-05 19:00:00,74.73083493577536
05-05 20:00:00,80.52190651640235
05-05 21:00:00,81.23079180875436
05-05 22:00:00,82.0590286519513
05-05 23:00:00,87.06607390404498
05-06 00:00:00,91.47030067092365
05-06 01:00:00,100.47424902987215
05-06 02:00:00,98.58349491787615
05-06 03:00:00,96.28154882233756
05-06 04:00:00,93.99497119364145
05-06 05:00:00,94.44609632897573
05-06 06:00:00,87.54594503371713
05-06 07:00:00,77.86985351723311
05-06 08:00:00,69.90382222357266
05-06 09:00:00,60.26001493673182
05-06 10:00:00,59.32101240018023
05-06 11:00:00,60.84694771872887
05-06 12:00:00,62.81503594323492
05-06 13:00:00,70.0739001933469
05-06 14:00:00,75.51072002426855
05-06 15:00:00,77.52056442212006
05-06 16:00:00,78.52004811570254
05-06 17:00:00,79.34110593400723
05-06 18:00:00,79.90105654581484
05-06 19:00:00,76.45406722369587
05-06 20:00:00,59.349808195958175
05-06 21:00:00,55.482969484761476
05-06 22:00:00,67.35831671114487
05-06 23:00:00,59.955221782245104
05-07 00:00:00,56.95374064532117
05-07 01:00:00,59.51936649052274
05-07 02:00:00,64.00518080205865
05-07 03:00:00,65.16251219446761
05-07 04:00:00,64.02957806167194
05-07 05:00:00,67.32936557181227
05-07 06:00:00,69.80024081687942
05-07 07:00:00,64.96922219170303
05-07 08:00:00,54.9873543472183
05-07 09:00:00,81.48521541024898
05-07 10:00:00,83.86302711609774
05-07 11:00:00,82.37148476384819
05-07 12:00:00,81.46062004844487
05-07 13:00:00,84.32932247110082
05-07 14:00:00,81.51779430823902
05-07 15:00:00,62.68333932042975
05-07 16:00:00,62.59998292921004
05-07 17:00:00,64.36981845920661
05-07 18:00:00,71.11700908573843
05-07 19:00:00,77.37233388978922
05-07 20:00:00,80.4761010504553
05-07 21:00:00,85.55337219874573
05-07 22:00:00,90.59438707964364
05-07 23:00:00,95.82348876610646
05-08 00:00:00,101.63983845866377
05-08 01:00:00,104.53459362336434
05-08 02:00:00,102.75782366319977
05-08 03:00:00,105.83615606612469
05-08 04:00:00,105.2340955477394
05-08 05:00:00,102.24404273145008
05-08 06:00:00,91.16081754505781
05-08 07:00:00,77.57732259007378
05-08 08:00:00,69.85078715084
05-08 09:00:00,56.60335812531896
05-08 10:00:00,42.9527997609724
05-08 11:00:00,33.406221806944984
05-08 12:00:00,25.22675934979678
05-08 13:00:00,19.201455973220085
05-08 14:00:00,14.02671595034915
05-08 15:00:00,10.793978420324095
05-08 16:00:00,10.079894722682667
05-08 17:00:00,9.688762090184344
05-08 18:00:00,20.27575172716852
05-08 19:00:00,24.29651647150358
05-08 20:00:00,28.12437555155354
05-08 21:00:00,37.399449540014714
05-08 22:00:00,43.87154027929627
05-08 23:00:00,46.63232525919134
05-09 00:00:00,48.830232798026536
05-09 01:00:00,49.04176651056056
05-09 02:00:00,46.58850828166548
05-09 03:00:00,47.729548422268884
05-09 04:00:00,51.834166644837765
05-09 05:00:00,49.271870016411924
05-09 06:00:00,40.854718421698976
05-09 07:00:00,28.708318152788504
05-09 08:00:00,18.842724306458265
05-09 09:00:00,9.712108764967534
05-09 10:00:00,2.431781672972599
05-09 11:00:00,2.2948314213407275
05-09 12:00:00,2.1260876809430718
05-09 13:00:00,2.0593419563056554
05-09 14:00:00,2.1596209701797666
05-09 15:00:00,2.328905034386684
05-09 16:00:00,2.500915995743632
05-09 17:00:00,2.6756964106341248
05-09 18:00:00,2.9251239227641843
05-09 19:00:00,3.2912509009880777
05-09 20:00:00,3.5545719214854037
05-09 21:00:00,12.760838516287997
05-09 22:00:00,15.236446562430277
05-09 23:00:00,13.137761209541283
05-10 00:00:00,10.731946277656185
05-10 01:00:00,3.516594244568448
05-10 02:00:00,3.592670710310818
05-10 03:00:00,3.5545719214854037
05-10 04:00:00,3.6308909816054746
05-10 05:00:00,3.707697458578536
05-10 06:00:00,4.4817302567176975
05-10 07:00:00,3.4787373099456795
05-10 08:00:00,3.3658872778955424
05-10 09:00:00,3.254110711221182
05-10 10:00:00,3.2912509009880777
05-10 11:00:00,3.3658872778955424
05-10 12:00:00,8.135086330813266
05-10 13:00:00,10.65690505712592
05-10 14:00:00,12.58133115174747
05-10 15:00:00,15.68800970231657
05-10 16:00:00,15.849926675654165
05-10 17:00:00,17.53027675122878
05-10 18:00:00,20.41156315076081
05-10 19:00:00,25.926532593138656
05-10 20:00:00,30.042847579211085
05-10 21:00:00,32.69056720702682
05-10 22:00:00,35.39380198462894
05-10 23:00:00,38.90298862401681
05-11 00:00:00,44.389256110851804
05-11 01:00:00,48.9226344773808
05-11 02:00:00,53.2946398671159
05-11 03:00:00,49.40690613419406
05-11 04:00:00,49.9361313813492
05-11 05:00:00,49.54586168838931
05-11 06:00:00,50.80532646192114
05-11 07:00:00,46.973892129341166
05-11 08:00:00,41.48453110926052
05-11 09:00:00,35.963617255748744
05-11 10:00:00,31.763817348235655
05-11 11:00:00,26.978786238288667
05-11 12:00:00,37.238534185769474
05-11 13:00:00,48.56109254793063
05-11 14:00:00,51.60066576578124
05-11 15:00:00,52.3478310435786
05-11 16:00:00,56.925647081449675
05-11 17:00:00,58.28703038734628
05-11 18:00:00,60.22928424373477
05-11 19:00:00,62.87189740409792
05-11 20:00:00,65.01230321749475
05-11 21:00:00,66.32016262343278
05-11 22:00:00,69.16485749137524
05-11 23:00:00,73.34342944658383
05-12 00:00:00,73.52983165153154
05-12 01:00:00,74.96832190191365
05-12 02:00:00,75.02405954848336
05-12 03:00:00,73.08332215870826
05-12 04:00:00,73.42917297183101
05-12 05:00:00,74.47378899166418
05-12 06:00:00,78.44063839775457
05-12 07:00:00,78.81790541580187
05-12 08:00:00,75.90325701631508
05-12 09:00:00,73.60690729099974
05-12 10:00:00,66.91335391864041
05-12 11:00:00,59.83185169768752
05-12 12:00:00,49.3178259401201
05-12 13:00:00,43.68484718497871
05-12 14:00:00,40.416977966145
05-12 15:00:00,36.92711636698907
05-12 16:00:00,41.95337201677964
05-12 17:00:00,46.16877384072948
05-12 18:00:00,49.343882696763686
05-12 19:00:00,54.9645280669196
05-12 20:00:00,57.87679308403616
05-12 21:00:00,59.4051569015764
05-12 22:00:00,66.62669817561704
05-12 23:00:00,73.62913316361929
05-13 00:00:00,77.80338384634376
05-13 01:00:00,80.6756607269766
05-13 02:00:00,83.51331687380873
05-13 03:00:00,88.03184832264124
05-13 04:00:00,90.26515275851341
05-13 05:00:00,87.16179623936655
05-13 06:00:00,80.33973866447978
05-13 07:00:00,71.2256006734705
05-13 08:00:00,64.37804999982973
05-13 09:00:00,59.300522547795126
05-13 10:00:00,50.77322653623639
05-13 11:00:00,46.83446865881655
05-13 12:00:00,66.51895816584717
05-13 13:00:00,70.55767196657887
05-13 14:00:00,65.39539704771661
05-13 15:00:00,60.58826070135044
05-13 16:00:00,56.068869365326705
05-13 17:00:00,53.10262365372168
05-13 18:00:00,55.040660851455115
05-13 19:00:00,63.414613253260555
05-13 20:00:00,68.98501279361615
05-13 21:00:00,70.25301131402767
05-13 22:00:00,74.69789509820981
05-13 23:00:00,73.685240922303
05-14 00:00:00,82.95809285631498
05-14 01:00:00,87.40871798670872
05-14 02:00:00,88.42861083867047
05-14 03:00:00,90.56341319481992
05-14 04:00:00,95.51267259164595
05-14 05:00:00,90.81954253159785
05-14 06:00:00,87.38984912412042
05-14 07:00:00,74.98038360843674
05-14 08:00:00,58.34113342178786
05-14 09:00:00,46.91508529011013
05-14 10:00:00,39.34681334677458
05-14 11:00:00,33.05919747585701
05-14 12:00:00,27.67387940034167
05-14 13:00:00,24.250177758787693
05-14 14:00:00,24.99259801750425
05-14 15:00:00,19.792180069689287
05-14 16:00:00,31.38089109530709
05-14 17:00:00,42.97218603982023
05-14 18:00:00,48.91967017778932
05-14 19:00:00,54.756739438739515
05-14 20:00:00,62.3973410244642
05-14 21:00:00,67.78007107421587
05-14 22:00:00,70.9210089803324
05-14 23:00:00,73.60690729099974
05-15 00:00:00,77.78554311022408
05-15 01:00:00,80.175661054486
05-15 02:00:00,79.23709120712803
05-15 03:00:00,82.33080575618891
05-15 04:00:00,86.06984429486067
05-15 05:00:00,87.93717672695537
05-15 06:00:00,76.63439512837388
05-15 07:00:00,67.88220009471542
05-15 08:00:00,58.36193278085655
05-15 09:00:00,48.037544655890144
05-15 10:00:00,40.24659785648855
05-15 11:00:00,36.92748848997519
05-15 12:00:00,35.54382732393389
05-15 13:00:00,39.91654761315809
05-15 14:00:00,42.31299682677354
05-15 15:00:00,50.87660782104548
05-15 16:00:00,58.85481161042891
05-15 17:00:00,65.54516599843743
05-15 18:00:00,69.00849325283227
05-15 19:00:00,70.3681866371128
05-15 20:00:00,71.86623476225252
05-15 21:00:00,73.68985122208613
05-15 22:00:00,76.71133381695766
05-15 23:00:00,76.77190134084009
05-16 00:00:00,79.23277336146371
05-16 01:00:00,81.89110379695279
05-16 02:00:00,82.7473320786998
05-16 03:00:00,87.2425323872678
05-16 04:00:00,91.00047336918205
05-16 05:00:00,84.53656522120298
05-16 06:00:00,80.00457437569506
05-16 07:00:00,74.81210085786002
05-16 08:00:00,65.8558889171269
05-16 09:00:00,56.6947657601077
05-16 10:00:00,48.41157065280014
05-16 11:00:00,44.449860775567615
05-16 12:00:00,51.00039572282922
05-16 13:00:00,46.30778344486247
05-16 14:00:00,54.00530297481133
05-16 15:00:00,62.11595475104359
05-16 16:00:00,61.83606009290793
05-16 17:00:00,58.89008933916629
05-16 18:00:00,61.11503675591764
05-16 19:00:00,64.15830454903656
05-16 20:00:00,56.333657787057305
05-16 21:00:00,58.630794670154415
05-16 22:00:00,66.53820414031537
05-16 23:00:00,65.40628822758897
05-17 00:00:00,67.6757613098148
05-17 01:00:00,72.45503411788371
05-17 02:00:00,76.71133381695766
05-17 03:00:00,73.32577837749969
05-17 04:00:00,76.36499418805737
05-17 05:00:00,77.0897963484101
05-17 06:00:00,77.73209037891444
05-17 07:00:00,72.81754709037801
05-17 08:00:00,67.92957593212682
05-17 09:00:00,60.98895256280575
05-17 10:00:00,53.88729157113981
05-17 11:00:00,44.224254650146044
05-17 12:00:00,39.32433886495916
05-17 13:00:00,35.50726527459897
05-17 14:00:00,35.01218836662743
05-17 15:00:00,43.476570320480235
05-17 16:00:00,37.179096564549965
05-17 17:00:00,40.85829520875602
05-17 18:00:00,44.57031142954051
05-17 19:00:00,48.79199424191359
05-17 20:00:00,51.39172885653677
05-17 21:00:00,51.70548219825203
05-17 22:00:00,61.71494358745399
05-17 23:00:00,68.23816892545076
05-18 00:00:00,72.23504976845064
05-18 01:00:00,72.34652560284877
05-18 02:00:00,75.88191266671313
05-18 03:00:00,76.6092898053296
05-18 04:00:00,76.7190096822527
05-18 05:00:00,76.6092898053296
05-18 06:00:00,73.80168239350635
05-18 07:00:00,71.44223015924513
05-18 08:00:00,66.14342210069168
05-18 09:00:00,60.821330701857136
05-18 10:00:00,66.36605120049242
05-18 11:00:00,59.86057346903658
05-18 12:00:00,53.425679910912706
05-18 13:00:00,51.57590391222787
05-18 14:00:00,47.01602481547287
05-18 15:00:00,43.924307818247726
05-18 16:00:00,40.93143694478276
05-18 17:00:00,37.665407065642825
05-18 18:00:00,45.90660620143741
05-18 19:00:00,61.45860707166824
05-18 20:00:00,62.092925362555214
05-18 21:00:00,67.41028934153795
05-18 22:00:00,74.82340236862044
05-18 23:00:00,85.29795593586492
05-19 00:00:00,86.22158945446657
05-19 01:00:00,87.17373777697577
05-19 02:00:00,88.7515053206993
05-19 03:00:00,88.77603853266017
05-19 04:00:00,89.53872325365775
05-19 05:00:00,88.0457948651391
05-19 06:00:00,85.7978513058586
05-19 07:00:00,83.52212541525964
05-19 08:00:00,77.78269047335854
05-19 09:00:00,73.63653649156765
05-19 10:00:00,64.50259758236356
05-19 11:00:00,61.13280359059856
05-19 12:00:00,80.89369210720785
05-19 13:00:00,64.82027324830744
05-19 14:00:00,51.57811806246854
05-19 15:00:00,62.71298170228286
05-19 16:00:00,65.59084803140068
05-19 17:00:00,65.15970371082295
05-19 18:00:00,69.04255325081347
05-19 19:00:00,76.08856518470438
05-19 20:00:00,82.59019695876462
05-19 21:00:00,85.56656490469005
05-19 22:00:00,86.94205669359297
05-19 23:00:00,85.48332474219086
05-20 00:00:00,85.54178500730015
05-20 01:00:00,86.18692130629398
05-20 02:00:00,89.17208398851821
05-20 03:00:00,89.44489945810308
05-20 04:00:00,87.35731808752391
05-20 05:00:00,85.92748965556642
05-20 06:00:00,84.3676108562048
05-20 07:00:00,81.35674245294027
05-20 08:00:00,77.54438013769656
05-20 09:00:00,75.1538359164895
05-20 10:00:00,68.3790736381004
05-20 11:00:00,60.25099661887265
05-20 12:00:00,49.958918549784585
05-20 13:00:00,47.966101535648065
05-20 14:00:00,43.65842199254301
05-20 15:00:00,39.09623948045972
05-20 16:00:00,36.98272259156356
05-20 17:00:00,36.603954554409675
05-20 18:00:00,42.477379546639106
05-20 19:00:00,50.571456678262535
05-20 20:00:00,52.13035962256703
05-20 21:00:00,56.09626359322626
05-20 22:00:00,62.66319342091917
05-20 23:00:00,64.63930570681178
05-21 00:00:00,66.79770118811848
05-21 01:00:00,69.76015808261758
05-21 02:00:00,67.59399928638396
05-21 03:00:00,67.60058162846437
05-21 04:00:00,66.6585774663289
05-21 05:00:00,68.07125203108225
05-21 06:00:00,62.388964114831914
05-21 07:00:00,57.34563802989038
05-21 08:00:00,52.17634419315105
05-21 09:00:00,51.864535981726846
05-21 10:00:00,54.30630801328292
05-21 11:00:00,54.29631990933929
05-21 12:00:00,53.64080279419069
05-21 13:00:00,50.70349815326614
05-21 14:00:00,51.278241974442125
05-21 15:00:00,48.88663210507622
05-21 16:00:00,52.52848772871486
05-21 17:00:00,58.72836598735499
05-21 18:00:00,61.91915111521139
05-21 19:00:00,63.90515353874773
05-21 20:00:00,66.32175186953503
05-21 21:00:00,72.49619148667009
05-21 22:00:00,78.2731255520944
05-21 23:00:00,81.84812425701226
05-22 00:00:00,86.87956282959885
05-22 01:00:00,83.29680943257985
05-22 02:00:00,84.32579494472714
05-22 03:00:00,85.23516335421853
05-22 04:00:00,87.70436465192637
05-22 05:00:00,89.98322049520297
05-22 06:00:00,85.46901003302219
05-22 07:00:00,77.64817989073703
05-22 08:00:00,67.52403358659848
05-22 09:00:00,55.81013086460775
05-22 10:00:00,46.2263654931457
05-22 11:00:00,41.266279204887226
05-22 12:00:00,36.40615497929721
05-22 13:00:00,34.280699160001575
05-22 14:00:00,29.78329812729293
05-22 15:00:00,27.10223656363542
05-22 16:00:00,25.399559114342225
05-22 17:00:00,24.783174284337427
05-22 18:00:00,27.670092611887934
05-22 19:00:00,36.64699133068154
05-22 20:00:00,42.641418348541976
05-22 21:00:00,48.257436997269934
05-22 22:00:00,58.241290298881054
05-22 23:00:00,59.20421526181243
05-23 00:00:00,60.51516435392921
05-23 01:00:00,74.00311916044726
05-23 02:00:00,81.70888209414942
05-23 03:00:00,85.42523469581684
05-23 04:00:00,87.8126458056107
05-23 05:00:00,83.62064846938762
05-23 06:00:00,83.64239195676157
05-23 07:00:00,77.84535377854694
05-23 08:00:00,67.5032633573022
05-23 09:00:00,57.95714555559532
05-23 10:00:00,49.925922863500375
05-23 11:00:00,50.0462473826148
05-23 12:00:00,50.29999441741865
05-23 13:00:00,39.59525289507271
05-23 14:00:00,32.40390164957064
05-23 15:00:00,27.97515008706237
05-23 16:00:00,26.27580735206851
05-23 17:00:00,26.777049375680278
05-23 18:00:00,36.513708311986036
05-23 19:00:00,43.229832153313
05-23 20:00:00,45.056484429576166
05-23 21:00:00,51.75161386077225
05-23 22:00:00,54.63418218048937
05-23 23:00:00,61.64015967265628
05-24 00:00:00,65.20518989076359
05-24 01:00:00,67.65390109174437
05-24 02:00:00,66.33697220889914
05-24 03:00:00,69.02098693724713
05-24 04:00:00,70.10984769953032
05-24 05:00:00,71.33881867366046
05-24 06:00:00,67.25802402504144
05-24 07:00:00,59.18795317163729
05-24 08:00:00,59.14103477928579
05-24 09:00:00,52.672972327878995
05-24 10:00:00,47.446193833889716
05-24 11:00:00,40.01340070362348
05-24 12:00:00,34.99932772212476
05-24 13:00:00,38.770836024755255
05-24 14:00:00,39.514630458489265
05-24 15:00:00,39.1910234359769
05-24 16:00:00,38.945201443943795
05-24 17:00:00,41.20207036097045
05-24 18:00:00,45.23463316955554
05-24 19:00:00,48.072787980978326
05-24 20:00:00,50.43430496766481
05-24 21:00:00,51.63469486182498
05-24 22:00:00,52.475888196419184
05-24 23:00:00,59.91016447839585
05-25 00:00:00,61.786857218861186
05-25 01:00:00,70.00866462113261
05-25 02:00:00,71.91619445593068
05-25 03:00:00,70.63730261801066
05-25 04:00:00,70.55544827641211
05-25 05:00:00,73.10100429244734
05-25 06:00:00,69.81549641196246
05-25 07:00:00,68.85987551215163
05-25 08:00:00,65.94278015931795
05-25 09:00:00,60.83007656620988
05-25 10:00:00,52.25264837797876
05-25 11:00:00,47.92719865144717
05-25 12:00:00,41.00952473338748
05-25 13:00:00,39.48787272193837
05-25 14:00:00,36.753650084973316
05-25 15:00:00,33.83853420537615
05-25 16:00:00,32.97229480866561
05-25 17:00:00,34.13211297802948
05-25 18:00:00,37.61645556500726
05-25 19:00:00,42.35296914637401
05-25 20:00:00,51.59663664918403
05-25 21:00:00,55.622031488255516
05-25 22:00:00,63.72736720710702
05-25 23:00:00,66.16235872530335
05-26 00:00:00,67.14438572310442
05-26 01:00:00,70.95240914415473
05-26 02:00:00,77.08972147469329
05-26 03:00:00,75.27781551596905
05-26 04:00:00,75.30794032054081
05-26 05:00:00,75.81878303594034
05-26 06:00:00,71.23740316621216
05-26 07:00:00,62.922767574105116
05-26 08:00:00,57.38217475000877
05-26 09:00:00,45.228210803213685
05-26 10:00:00,36.582357552073475
05-26 11:00:00,36.227363770963564
05-26 12:00:00,33.19956681470326
05-26 13:00:00,30.941018694891337
05-26 14:00:00,29.41593092237195
05-26 15:00:00,26.345299738402815
05-26 16:00:00,29.97418468896134
05-26 17:00:00,36.054915276935176
05-26 18:00:00,42.48871621441465
05-26 19:00:00,47.57731813695743
05-26 20:00:00,50.94112394817197
05-26 21:00:00,52.485064499172324
05-26 22:00:00,55.738823421094764
05-26 23:00:00,57.59561676434335
05-27 00:00:00,56.43088740451373
05-27 01:00:00,59.04180237794765
05-27 02:00:00,57.86980054752867
05-27 03:00:00,62.94366541578843
05-27 04:00:00,70.92792554369947
05-27 05:00:00,73.37341528844111
05-27 06:00:00,74.26838422839454
05-27 07:00:00,71.70369580841037
05-27 08:00:00,71.60663116836946
05-27 09:00:00,73.93702512133888
05-27 10:00:00,73.26179583721103
05-27 11:00:00,67.99185773867646
05-27 12:00:00,64.93221573441701
05-27 13:00:00,58.39376427204134
05-27 14:00:00,50.537571153933214
05-27 15:00:00,53.237625371423775
05-27 16:00:00,49.4671134712824
05-27 17:00:00,49.365022642553214
05-27 18:00:00,51.3482632710635
05-27 19:00:00,50.70534152600789
05-27 20:00:00,52.20553795619074
05-27 21:00:00,57.953717341178944
05-27 22:00:00,63.007928874436686
05-27 23:00:00,68.82739693847083
05-28 00:00:00,73.55146375099554
05-28 01:00:00,78.7177130063624
05-28 02:00:00,80.95928449303442
05-28 03:00:00,84.18986303464067
05-28 04:00:00,85.5512245801106
05-28 05:00:00,78.58632708015384
05-28 06:00:00,68.71129096811617
05-28 07:00:00,58.350012645936104
05-28 08:00:00,49.48558796951184
05-28 09:00:00,38.24799748623142
05-28 10:00:00,28.178400744788625
05-28 11:00:00,19.350661202692557
05-28 12:00:00,12.448645036223372
05-28 13:00:00,8.559580463812388
05-28 14:00:00,4.9075600806802955
05-28 15:00:00,3.707697458578536
05-28 16:00:00,4.237264961567551
05-28 17:00:00,4.6826180542801055
05-28 18:00:00,9.910473818317392
05-28 19:00:00,21.52569514502612
05-28 20:00:00,28.87007293788198
05-28 21:00:00,34.811161796861
05-28 22:00:00,37.44487967954589
05-28 23:00:00,38.17625650101906
05-29 00:00:00,41.52898600126905
05-29 01:00:00,43.80139748772565
05-29 02:00:00,47.587866284846825
05-29 03:00:00,52.46503602547514
05-29 04:00:00,54.379439524535954
05-29 05:00:00,53.18135493177438
05-29 06:00:00,46.7863649882278
05-29 07:00:00,44.71027235777602
05-29 08:00:00,38.01172738016611
05-29 09:00:00,32.61693380003733
05-29 10:00:00,30.266683676658204
05-29 11:00:00,25.856589554906535
05-29 12:00:00,20.166737082614738
05-29 13:00:00,18.248211047142544
05-29 14:00:00,20.28454199337518
05-29 15:00:00,14.870867225877628
05-29 16:00:00,11.293992353003917
05-29 17:00:00,11.752487358598502
05-29 18:00:00,15.890393901434852
05-29 19:00:00,25.820248149536788
05-29 20:00:00,36.4984804919125
05-29 21:00:00,41.70715280554589
05-29 22:00:00,44.4860863201462
05-29 23:00:00,46.342787949366226
05-30 00:00:00,50.6500000250162
05-30 01:00:00,59.84182989762864
05-30 02:00:00,67.14456921728782
05-30 03:00:00,69.92251472449422
05-30 04:00:00,72.92250223685409
05-30 05:00:00,70.72247570470992
05-30 06:00:00,61.425988744342625
05-30 07:00:00,50.426144763224244
05-30 08:00:00,37.909047067300484
05-30 09:00:00,26.8481733716549
05-30 10:00:00,18.31853117901632
05-30 11:00:00,13.084433229542414
05-30 12:00:00,10.547543432143836
05-30 13:00:00,9.829848021976508
05-30 14:00:00,7.847524654657864
05-30 15:00:00,8.405198586865286
05-30 16:00:00,9.963546442304732
05-30 17:00:00,13.227371250878752
05-30 18:00:00,17.44812472675871
05-30 19:00:00,25.099199553043512
05-30 20:00:00,33.567553102125245
05-30 21:00:00,39.465924381445824
05-30 22:00:00,44.53913789161321
05-30 23:00:00,49.00093467805529
05-31 00:00:00,55.640003431887386
05-31 01:00:00,59.61530290377132
05-31 02:00:00,66.68337567146101
05-31 03:00:00,71.07342209177656
05-31 04:00:00,72.44927370012485
05-31 05:00:00,67.704494755404
05-31 06:00:00,58.97009440409617
05-31 07:00:00,50.751543235279435
05-31 08:00:00,42.27922250135749
05-31 09:00:00,34.56075842762871
05-31 10:00:00,24.203006602397263
05-31 11:00:00,14.653195839659661
05-31 12:00:00,8.637003171643913
05-31 13:00:00,4.138979740920499
05-31 14:00:00,4.138979740920499
05-31 15:00:00,4.059438736678926
05-31 16:00:00,4.059438736678926
05-31 17:00:00,4.098497050752765
05-31 18:00:00,4.378405738909866
05-31 19:00:00,14.992992069327043
05-31 20:00:00,22.30234139514881
05-31 21:00:00,29.008490454016822
05-31 22:00:00,31.496721064025436
05-31 23:00:00,36.17701711901752
06-01 00:00:00,46.985656154334436
06-01 01:00:00,52.57310495144481
06-01 02:00:00,55.292420465550705
06-01 03:00:00,58.304485660213885
06-01 04:00:00,60.70774537587565
06-01 05:00:00,56.344106013888926
06-01 06:00:00,46.109766396284826
06-01 07:00:00,38.19570336385735
06-01 08:00:00,30.868716480175856
06-01 09:00:00,22.988672092710154
06-01 10:00:00,12.254866217366445
06-01 11:00:00,2.781911919024238
06-01 12:00:00,3.2912509009880777
06-01 13:00:00,3.3285096352335333
06-01 14:00:00,3.180184514097365
06-01 15:00:00,3.106728151259034
06-01 16:00:00,2.9612134335636697
06-01 17:00:00,2.9974182558990417
06-01 18:00:00,3.1905367557256668
06-01 19:00:00,3.252971075607486
06-01 20:00:00,9.306284326550465
06-01 21:00:00,13.97522503698653
06-01 22:00:00,18.779976455928725
06-01 23:00:00,24.5762526311571
06-02 00:00:00,32.429773008437444
06-02 01:00:00,33.59256676133077
06-02 02:00:00,37.5818623083775
06-02 03:00:00,41.625136610377986
06-02 04:00:00,42.06113178113863
06-02 05:00:00,41.642314311207485
06-02 06:00:00,30.38524421156648
06-02 07:00:00,23.994132722789054
06-02 08:00:00,10.717089044792393
06-02 09:00:00,2.2608665446639886
06-02 10:00:00,2.227010067626004
06-02 11:00:00,1.9600205362116405
06-02 12:00:00,1.699777596419505
06-02 13:00:00,1.7642149829127718
06-02 14:00:00,1.861647817693321
06-02 15:00:00,2.193261654423562
06-02 16:00:00,2.570493424546957
06-02 17:00:00,3.217088702940164
06-02 18:00:00,4.142656641865086
06-02 19:00:00,8.793801181511729
06-02 20:00:00,13.795485697140025
06-02 21:00:00,16.421291576625787
06-02 22:00:00,19.33208957702771
06-02 23:00:00,21.087026192889173
06-03 00:00:00,25.71814868017306
06-03 01:00:00,30.709065704476238
06-03 02:00:00,35.391527375217194
06-03 03:00:00,35.61744404224284
06-03 04:00:00,36.469023805795956
06-03 05:00:00,33.21647636247255
06-03 06:00:00,31.46170138370921
06-03 07:00:00,26.598847971898245
06-03 08:00:00,20.452865065871215
06-03 09:00:00,11.611382240598736
06-03 10:00:00,2.1596209701797666
06-03 11:00:00,2.363087721460503
06-03 12:00:00,2.431781672972599
06-03 13:00:00,2.0593419563056554
06-03 14:00:00,2.431781672972599
06-03 15:00:00,2.328905034386684
06-03 16:00:00,2.227010067626004
06-03 17:00:00,2.431781672972599
06-03 18:00:00,2.328905034386684
06-03 19:00:00,2.500915995743632
06-03 20:00:00,2.824288806879728
06-03 21:00:00,2.9508153044331404
06-03 22:00:00,6.190171476387753
06-03 23:00:00,8.268486443374158
06-04 00:00:00,10.887018397262526
06-04 01:00:00,11.788981610159594
06-04 02:00:00,13.789611558520722
06-04 03:00:00,22.187641957118203
06-04 04:00:00,21.855516415152188
06-04 05:00:00,21.713852026119618
06-04 06:00:00,15.527309364411405
06-04 07:00:00,9.891385277420701
06-04 08:00:00,2.7774938304357413
06-04 09:00:00,2.363087721460503
06-04 10:00:00,2.431781672972599
06-04 11:00:00,2.500915995743632
06-04 12:00:00,1.603891840458674
06-04 13:00:00,1.5721340634070151
06-04 14:00:00,2.0593419563056554
06-04 15:00:00,2.0593419563056554
06-04 16:00:00,2.1260876809430718
06-04 17:00:00,2.466293617377103
06-04 18:00:00,2.466293617377103
06-04 19:00:00,2.2948314213407275
06-04 20:00:00,2.5356491503849066
06-04 21:00:00,5.191425255002766
06-04 22:00:00,7.41325648608248
06-04 23:00:00,15.798243546483164
06-05 00:00:00,24.39834710005472
06-05 01:00:00,27.29183113152915
06-05 02:00:00,28.389035444999298
06-05 03:00:00,29.733350929218958
06-05 04:00:00,31.989614186005962
06-05 05:00:00,32.59153712459767
06-05 06:00:00,25.98957807107321
06-05 07:00:00,21.67419924562433
06-05 08:00:00,17.538366941502545
06-05 09:00:00,16.14587640120916
06-05 10:00:00,18.702519590577992
06-05 11:00:00,22.27669281858502
06-05 12:00:00,28.787741199337162
06-05 13:00:00,29.260590414580868
06-05 14:00:00,34.3487504097051
06-05 15:00:00,36.05660839768074
06-05 16:00:00,28.398528960772335
06-05 17:00:00,23.66162188428658
06-05 18:00:00,28.020946374473503
06-05 19:00:00,31.643223771677018
06-05 20:00:00,35.249599579411
06-05 21:00:00,37.59639434846562
06-05 22:00:00,37.23631138837488
06-05 23:00:00,39.40452706801874
06-06 00:00:00,40.929948064730645
06-06 01:00:00,42.173340577412716
06-06 02:00:00,41.30235115207513
06-06 03:00:00,40.77386112896144
06-06 04:00:00,40.88539729584849
06-06 05:00:00,41.297308758457675
06-06 06:00:00,39.38073113383082
06-06 07:00:00,36.83245465300758
06-06 08:00:00,29.76245957689225
06-06 09:00:00,25.987006106367723
06-06 10:00:00,21.29081737334237
06-06 11:00:00,19.746714620718663
06-06 12:00:00,19.691202698745226
06-06 13:00:00,17.70195366139789
06-06 14:00:00,18.43873579784293
06-06 15:00:00,21.764401135880796
06-06 16:00:00,18.870509524932665
06-06 17:00:00,24.192997586622617
06-06 18:00:00,25.88408553808601
06-06 19:00:00,28.164288476158248
06-06 20:00:00,29.243523287234325
06-06 21:00:00,28.13392879595864
06-06 22:00:00,28.196769324584153
06-06 23:00:00,29.37473292170428
06-07 00:00:00,30.000952228185472
06-07 01:00:00,30.06459861373219
06-07 02:00:00,30.798365985610722
06-07 03:00:00,31.54392818957664
06-07 04:00:00,32.70095287134141
06-07 05:00:00,33.25424418927176
06-07 06:00:00,33.71166425062343
06-07 07:00:00,32.543811600676065
06-07 08:00:00,30.379031950603743
06-07 09:00:00,25.475239503051107
06-07 10:00:00,21.56548133613939
06-07 11:00:00,14.113804535129004
06-07 12:00:00,9.095557491836331
06-07 13:00:00,5.491183781315468
06-07 14:00:00,3.6308909816054746
06-07 15:00:00,4.522273240234372
06-07 16:00:00,21.342670367624912
06-07 17:00:00,27.111789561798737
06-07 18:00:00,31.429913665963262
06-07 19:00:00,31.344208238005383
06-07 20:00:00,30.884826746215815
06-07 21:00:00,32.65155089325563
06-07 22:00:00,33.684869393902325
06-07 23:00:00,34.45211308977604
06-08 00:00:00,35.12486106864547
06-08 01:00:00,34.48167194687321
06-08 02:00:00,35.58491221637365
06-08 03:00:00,34.712211471120256
06-08 04:00:00,34.70483746591246
06-08 05:00:00,33.94484453575016
06-08 06:00:00,32.15485350685886
06-08 07:00:00,26.896130398871286
06-08 08:00:00,23.04474718073664
06-08 09:00:00,18.315347727776555
06-08 10:00:00,14.710899366348327
06-08 11:00:00,7.208054612151127
06-08 12:00:00,3.6308909816054746
06-08 13:00:00,3.6308909816054746
06-08 14:00:00,3.746284410111445
06-08 15:00:00,12.264407984091328
06-08 16:00:00,14.518743421041902
06-08 17:00:00,15.027218403751489
06-08 18:00:00,17.992549232828466
06-08 19:00:00,21.78860721467844
06-08 20:00:00,23.892119090354075
06-08 21:00:00,25.660413822720358
06-08 22:00:00,24.74140034434874
06-08 23:00:00,27.84510415146176
06-09 00:00:00,29.043719039805552
06-09 01:00:00,29.57259886083874
06-09 02:00:00,28.659041957935067
06-09 03:00:00,29.21412659248029
06-09 04:00:00,29.23126114783421
06-09 05:00:00,28.69311107061327
06-09 06:00:00,25.955112750872914
06-09 07:00:00,23.017585663632808
06-09 08:00:00,20.441780107574726
06-09 09:00:00,13.691056566238629
06-09 10:00:00,5.683178700760438
06-09 11:00:00,2.9612134335636697
06-09 12:00:00,2.817543719278472
06-09 13:00:00,3.217088702940164
06-09 14:00:00,3.6308909816054746
06-09 15:00:00,3.63381405768454
06-09 16:00:00,20.11073185099981
06-09 17:00:00,17.144818047168627
06-09 18:00:00,17.09865139952079
06-09 19:00:00,20.32449396384021
06-09 20:00:00,25.978270213304356
06-09 21:00:00,29.353174146881543
06-09 22:00:00,32.9258858284402
06-09 23:00:00,37.099068604620214
06-10 00:00:00,38.960815810231324
06-10 01:00:00,40.616365138267206
06-10 02:00:00,43.7399765982978
06-10 03:00:00,43.9568796097433
06-10 04:00:00,45.73081655715486
06-10 05:00:00,42.470173813104005
06-10 06:00:00,34.78128469948548
06-10 07:00:00,24.83946631314952
06-10 08:00:00,16.581598736498343
06-10 09:00:00,9.418042958803879
06-10 10:00:00,2.328905034386684
06-10 11:00:00,2.6756964106341248
06-10 12:00:00,2.640516709088771
06-10 13:00:00,2.3973798211499098
06-10 14:00:00,2.570493424546957
06-10 15:00:00,2.8532894187107662
06-10 16:00:00,2.889149368999736
06-10 17:00:00,2.7973147196014776
06-10 18:00:00,3.1864908051671326
06-10 19:00:00,3.187395071006475
06-10 20:00:00,3.735600526065229
06-10 21:00:00,6.421882842935661
06-10 22:00:00,12.591853225015045
06-10 23:00:00,18.39313052871065
06-11 00:00:00,22.2692328371244
06-11 01:00:00,25.495439865894998
06-11 02:00:00,27.725917741352028
06-11 03:00:00,31.574118853157678
06-11 04:00:00,35.17218743653233
06-11 05:00:00,31.185269381715194
06-11 06:00:00,23.455146054102258
06-11 07:00:00,17.70159258560306
06-11 08:00:00,10.180682601907028
06-11 09:00:00,3.3300732976060403
06-11 10:00:00,2.9251239227641843
06-11 11:00:00,2.9974182558990417
06-11 12:00:00,2.9974182558990417
06-11 13:00:00,2.7463936672090545
06-11 14:00:00,2.817543719278472
06-11 15:00:00,2.8532894187107662
06-11 16:00:00,2.6756964106341248
06-11 17:00:00,2.466293617377103
06-11 18:00:00,2.431781672972599
06-11 19:00:00,2.912417810271537
06-11 20:00:00,3.407868801512702
06-11 21:00:00,3.4268999692627293
06-11 22:00:00,12.545146309262494
06-11 23:00:00,14.988046344607667
06-12 00:00:00,18.9073091989983
06-12 01:00:00,24.305257337737878
06-12 02:00:00,26.67202773098685
06-12 03:00:00,29.15740303934737
06-12 04:00:00,30.36448136669284
06-12 05:00:00,27.56757813773749
06-12 06:00:00,19.66567089289503
06-12 07:00:00,8.995035647288356
06-12 08:00:00,2.594011156209706
06-12 09:00:00,1.927124655729086
06-12 10:00:00,1.8943338584181373
06-12 11:00:00,1.4461152031042865
06-12 12:00:00,1.508922815471889
06-12 13:00:00,1.4148619738919923
06-12 14:00:00,1.6677132881273586
06-12 15:00:00,1.603891840458674
06-12 16:00:00,2.1596209701797666
06-12 17:00:00,2.2608665446639886
06-12 18:00:00,2.5356491503849066
06-12 19:00:00,2.8532894187107662
06-12 20:00:00,3.070175257890383
06-12 21:00:00,3.180184514097365
06-12 22:00:00,3.254110711221182
06-12 23:00:00,3.4410007489492602
06-13 00:00:00,4.01740642504085
06-13 01:00:00,7.3755324301386835
06-13 02:00:00,10.422160579092491
06-13 03:00:00,10.500198766249994
06-13 04:00:00,13.176215864591178
06-13 05:00:00,12.908297246334818
06-13 06:00:00,7.711215991577335
06-13 07:00:00,4.4817302567176975
06-13 08:00:00,3.3285096352335333
06-13 09:00:00,3.070175257890383
06-13 10:00:00,2.889149368999736
06-13 11:00:00,2.8532894187107662
06-13 12:00:00,2.781911919024238
06-13 13:00:00,2.781911919024238
06-13 14:00:00,2.640516709088771
06-13 15:00:00,2.2948314213407275
06-13 16:00:00,2.500915995743632
06-13 17:00:00,2.5356491503849066
06-13 18:00:00,2.5356491503849066
06-13 19:00:00,2.227010067626004
06-13 20:00:00,3.0083300502002994
06-13 21:00:00,6.8780569418998425
06-13 22:00:00,10.030412579928273
06-13 23:00:00,12.555650797820544
06-14 00:00:00,17.05050382441837
06-14 01:00:00,22.608210959017804
06-14 02:00:00,28.305467582766454
06-14 03:00:00,32.00729362060689
06-14 04:00:00,34.383508569212296
06-14 05:00:00,29.67703555836287
06-14 06:00:00,20.54474961485173
06-14 07:00:00,14.914214235706524
06-14 08:00:00,8.690431800234117
06-14 09:00:00,3.619958487755125
06-14 10:00:00,1.017554294562144
06-14 11:00:00,0.7811624710710349
06-14 12:00:00,0.7230064295567569
06-14 13:00:00,0.8986001126656089
06-14 14:00:00,0.6652224429154575
06-14 15:00:00,1.1077766722247884
06-14 16:00:00,1.3217008411578015
06-14 17:00:00,1.4148619738919923
06-14 18:00:00,1.603891840458674
06-14 19:00:00,1.4774687123404802
06-14 20:00:00,1.5721340634070151
06-14 21:00:00,1.7488167447218135
06-14 22:00:00,2.281995401218925
06-14 23:00:00,8.746495844888493
06-15 00:00:00,12.903137092813562
06-15 01:00:00,17.86288386383361
06-15 02:00:00,20.070468572106765
06-15 03:00:00,22.658804132712724
06-15 04:00:00,24.237461289220526
06-15 05:00:00,21.165505610086715
06-15 06:00:00,12.005307181999243
06-15 07:00:00,4.760266580138204
06-15 08:00:00,1.2294310153932375
06-15 09:00:00,0.9281957382580174
06-15 10:00:00,0.6940680754004304
06-15 11:00:00,0.6078081799437101
06-15 12:00:00,0.9281957382580174
06-15 13:00:00,1.3217008411578015
06-15 14:00:00,0.8986001126656089
06-15 15:00:00,1.1380441670771158
06-15 16:00:00,1.38370871173098
06-15 17:00:00,1.38370871173098
06-15 18:00:00,1.4461152031042865
06-15 19:00:00,1.7319447209788716
06-15 20:00:00,1.7965887042386086
06-15 21:00:00,1.926592093607447
06-15 22:00:00,1.7902720970460133
06-15 23:00:00,2.138717644539412
06-16 00:00:00,6.457191653957453
06-16 01:00:00,6.615470529974981
06-16 02:00:00,11.828167638289312
06-16 03:00:00,11.675393757296938
06-16 04:00:00,13.90489919501061
06-16 05:00:00,13.002784329191591
06-16 06:00:00,5.698567272149903
06-16 07:00:00,1.5633350162203783
06-16 08:00:00,1.0475320387040479
06-16 09:00:00,0.6652224429154575
06-16 10:00:00,0.4097364990386725
06-16 11:00:00,0.24346873485179218
06-16 12:00:00,0.2709579797123992
06-16 13:00:00,0.8396929124783067
06-16 14:00:00,0.987672529985233
06-16 15:00:00,1.0475320387040479
06-16 16:00:00,0.9281957382580174
06-16 17:00:00,0.9578864444368628
06-16 18:00:00,1.1077766722247884
06-16 19:00:00,1.1380441670771158
06-16 20:00:00,1.1988710332723622
06-16 21:00:00,1.2908456112818216
06-16 22:00:00,1.4774687123404802
06-16 23:00:00,1.4774687123404802
06-17 00:00:00,1.508922815471889
06-17 01:00:00,1.4968487159685762
06-17 02:00:00,1.7771992269072598
06-17 03:00:00,2.971314011123644
06-17 04:00:00,2.202632804692855
06-17 05:00:00,2.117879924956683
06-17 06:00:00,1.6856054967866874
06-17 07:00:00,1.4148619738919923
06-17 08:00:00,0.9578864444368628
06-17 09:00:00,0.7811624710710349
06-17 10:00:00,0.21606765848650977
06-17 11:00:00,0.4097364990386725
06-17 12:00:00,0.6078081799437101
06-17 13:00:00,0.810380744683202
06-17 14:00:00,0.6364692411327849
06-17 15:00:00,0.7230064295567569
06-17 16:00:00,0.5507613232036798
06-17 17:00:00,0.6940680754004304
06-17 18:00:00,0.7520377972154423
06-17 19:00:00,0.810380744683202
06-17 20:00:00,0.810380744683202
06-17 21:00:00,0.9281957382580174
06-17 22:00:00,1.1077766722247884
06-17 23:00:00,1.1684088524443559
06-18 00:00:00,1.307326155063911
06-18 01:00:00,1.5777673545730302
06-18 02:00:00,2.099459253316225
06-18 03:00:00,2.2734158262864943
06-18 04:00:00,2.0983692173307333
06-18 05:00:00,1.7013869607772474
06-18 06:00:00,1.4774687123404802
06-18 07:00:00,1.2294310153932375
06-18 08:00:00,0.7811624710710349
06-18 09:00:00,0.5223749517225958
06-18 10:00:00,0.2985356713042277
06-18 11:00:00,0.08037512422052107
06-18 12:00:00,0.0
06-18 13:00:00,0.0
06-18 14:00:00,0.0
06-18 15:00:00,0.053497262539552726
06-18 16:00:00,0.5507613232036798
06-18 17:00:00,0.7520377972154423
06-18 18:00:00,0.9281957382580174
06-18 19:00:00,1.3217008411578015
06-18 20:00:00,1.6677132881273586
06-18 21:00:00,1.773410282289383
06-18 22:00:00,3.9713194885572225
06-18 23:00:00,5.312556886661122
06-19 00:00:00,6.847972944649872
06-19 01:00:00,9.651885732134382
06-19 02:00:00,9.571225813248693
06-19 03:00:00,13.048947036065307
06-19 04:00:00,11.884193003310463
06-19 05:00:00,8.293359981503022
06-19 06:00:00,3.866041688909865
06-19 07:00:00,1.6677132881273586
06-19 08:00:00,1.4774687123404802
06-19 09:00:00,1.1988710332723622
06-19 10:00:00,1.017554294562144
06-19 11:00:00,0.7520377972154423
06-19 12:00:00,0.08037512422052107
06-19 13:00:00,0.0
06-19 14:00:00,0.0
06-19 15:00:00,0.0
06-19 16:00:00,0.3818022213939126
06-19 17:00:00,0.2709579797123992
06-19 18:00:00,0.18875447321612498
06-19 19:00:00,0.4377606271857562
06-19 20:00:00,0.6078081799437101
06-19 21:00:00,0.4097364990386725
06-19 22:00:00,0.49407956897160415
06-19 23:00:00,0.49407956897160415
06-20 00:00:00,0.5792389700982822
06-20 01:00:00,0.6078081799437101
06-20 02:00:00,0.6364692411327849
06-20 03:00:00,1.5721340634070151
06-20 04:00:00,2.0261288576196934
06-20 05:00:00,2.193261654423562
06-20 06:00:00,2.1596209701797666
06-20 07:00:00,2.0261288576196934
06-20 08:00:00,1.927124655729086
06-20 09:00:00,1.8943338584181373
06-20 10:00:00,1.508922815471889
06-20 11:00:00,1.2600891055267631
06-20 12:00:00,0.7230064295567569
06-20 13:00:00,0.7811624710710349
06-20 14:00:00,0.5223749517225958
06-20 15:00:00,0.5792389700982822
06-20 16:00:00,0.7811624710710349
06-20 17:00:00,1.6677132881273586
06-20 18:00:00,1.7642149829127718
06-20 19:00:00,2.1596209701797666
06-20 20:00:00,5.766485678013162
06-20 21:00:00,11.576544637379385
06-20 22:00:00,11.215636719187101
06-20 23:00:00,12.802256094905452
06-21 00:00:00,14.972183588300917
06-21 01:00:00,17.248304602306924
06-21 02:00:00,17.88138197457386
06-21 03:00:00,15.064196012373175
06-21 04:00:00,18.610621121653985
06-21 05:00:00,15.852125596646202
06-21 06:00:00,8.945490430119424
06-21 07:00:00,3.819498919526961
06-21 08:00:00,2.500915995743632
06-21 09:00:00,1.7965887042386086
06-21 10:00:00,1.8943338584181373
06-21 11:00:00,1.2600891055267631
06-21 12:00:00,2.0593419563056554
06-21 13:00:00,2.227010067626004
06-21 14:00:00,2.2948314213407275
06-21 15:00:00,2.193261654423562
06-21 16:00:00,2.1596209701797666
06-21 17:00:00,2.193261654423562
06-21 18:00:00,2.227010067626004
06-21 19:00:00,12.17489631553344
06-21 20:00:00,14.406945569411969
06-21 21:00:00,16.367450552036175
06-21 22:00:00,13.854762940682022
06-21 23:00:00,17.55670979675765
06-22 00:00:00,22.920203119966992
06-22 01:00:00,25.24594586376734
06-22 02:00:00,23.72645126377317
06-22 03:00:00,23.19672046026583
06-22 04:00:00,22.18283498970442
06-22 05:00:00,21.009841843543306
06-22 06:00:00,18.390897178995314
06-22 07:00:00,14.23871799771051
06-22 08:00:00,10.997093058220454
06-22 09:00:00,13.142721748111791
06-22 10:00:00,16.924515519499923
06-22 11:00:00,13.42271453026461
06-22 12:00:00,9.47782027853875
06-22 13:00:00,7.549221289838531
06-22 14:00:00,5.128346203729437
06-22 15:00:00,11.146526788595196
06-22 16:00:00,6.341457693906927
06-22 17:00:00,3.092066121280102
06-22 18:00:00,7.535934769656025
06-22 19:00:00,9.166225264457132
06-22 20:00:00,14.215257884516092
06-22 21:00:00,21.61035842261714
06-22 22:00:00,25.33919661064256
06-22 23:00:00,24.909752327387885
06-23 00:00:00,26.926443470825816
06-23 01:00:00,26.4826319712003
06-23 02:00:00,28.309746829649928
06-23 03:00:00,28.39361127293458
06-23 04:00:00,30.57883802217725
06-23 05:00:00,29.907345418270765
06-23 06:00:00,22.58903790855936
06-23 07:00:00,13.81740985821113
06-23 08:00:00,8.263883715597775
06-23 09:00:00,3.9984253580751594
06-23 10:00:00,2.3973798211499098
06-23 11:00:00,2.605449162409914
06-23 12:00:00,2.8532894187107662
06-23 13:00:00,2.9251239227641843
06-23 14:00:00,2.9251239227641843
06-23 15:00:00,2.9251239227641843
06-23 16:00:00,2.889149368999736
06-23 17:00:00,2.9251239227641843
06-23 18:00:00,3.6026086775329547
06-23 19:00:00,9.045637954971053
06-23 20:00:00,8.248852007766667
06-23 21:00:00,17.389292036596416
06-23 22:00:00,26.189806431558278
06-23 23:00:00,27.848631445950744
06-24 00:00:00,28.696478257952414
06-24 01:00:00,31.653498012587125
06-24 02:00:00,36.250010960195254
06-24 03:00:00,38.78462118785403
06-24 04:00:00,37.308523558381445
06-24 05:00:00,30.64259428656495
06-24 06:00:00,23.801939182098536
06-24 07:00:00,18.81628572104062
06-24 08:00:00,21.886016273477843
06-24 09:00:00,19.27662774451641
06-24 10:00:00,14.494504219726052
06-24 11:00:00,6.051084364555948
06-24 12:00:00,3.631493106928781
06-24 13:00:00,3.404709674513505
06-24 14:00:00,7.096199707711172
06-24 15:00:00,8.57809648665606
06-24 16:00:00,9.012233823926241
06-24 17:00:00,24.8448820844718
06-24 18:00:00,28.837406536036685
06-24 19:00:00,30.21175983733925
06-24 20:00:00,31.032619679787263
06-24 21:00:00,35.995406699187285
06-24 22:00:00,39.984727082836066
06-24 23:00:00,40.58195992195872
06-25 00:00:00,39.992226941993835
06-25 01:00:00,39.294626349154576
06-25 02:00:00,39.275573878795434
06-25 03:00:00,39.82001655919133
06-25 04:00:00,39.275573878795434
06-25 05:00:00,38.57634291382906
06-25 06:00:00,39.044608844360354
06-25 07:00:00,35.411243222650405
06-25 08:00:00,29.114625035082824
06-25 09:00:00,28.336442731636858
06-25 10:00:00,21.982293521034354
06-25 11:00:00,20.97127843031671
06-25 12:00:00,16.568794541993107
06-25 13:00:00,10.694142060855267
06-25 14:00:00,8.99551794127225
06-25 15:00:00,6.239172666839285
06-25 16:00:00,8.322826228299206
06-25 17:00:00,9.41581004456934
06-25 18:00:00,9.933970113150178
06-25 19:00:00,14.489241104213125
06-25 20:00:00,17.580495101563375
06-25 21:00:00,18.214856761496
06-25 22:00:00,23.775387570454118
06-25 23:00:00,23.053458072427283
06-26 00:00:00,26.881165170768178
06-26 01:00:00,31.238850434812683
06-26 02:00:00,33.49641269842537
06-26 03:00:00,37.36210787231177
06-26 04:00:00,38.086729123571025
06-26 05:00:00,35.83213486291865
06-26 06:00:00,28.800497183767373
06-26 07:00:00,20.843625453156626
06-26 08:00:00,13.664763703699315
06-26 09:00:00,7.158232922838003
06-26 10:00:00,3.2560633696189774
06-26 11:00:00,1.9600205362116405
06-26 12:00:00,2.3973798211499098
06-26 13:00:00,2.7109886140329027
06-26 14:00:00,2.7463936672090545
06-26 15:00:00,2.7463936672090545
06-26 16:00:00,2.605449162409914
06-26 17:00:00,2.5356491503849066
06-26 18:00:00,2.817543719278472
06-26 19:00:00,2.9974182558990417
06-26 20:00:00,3.072561141830923
06-26 21:00:00,3.3402954014320265
06-26 22:00:00,5.690007966933693
06-26 23:00:00,12.018261487669715
06-27 00:00:00,15.372531487751298
06-27 01:00:00,17.497736299296793
06-27 02:00:00,17.240429251638137
06-27 03:00:00,20.478393423602682
06-27 04:00:00,19.93481530943226
06-27 05:00:00,19.777489464006145
06-27 06:00:00,12.917735690021503
06-27 07:00:00,5.60769421916829
06-27 08:00:00,1.5721340634070151
06-27 09:00:00,1.0776060638263298
06-27 10:00:00,0.8690992697509666
06-27 11:00:00,0.6078081799437101
06-27 12:00:00,0.6078081799437101
06-27 13:00:00,0.5507613232036798
06-27 14:00:00,0.49407956897160415
06-27 15:00:00,0.7230064295567569
06-27 16:00:00,1.0776060638263298
06-27 17:00:00,1.2294310153932375
06-27 18:00:00,1.2294310153932375
06-27 19:00:00,1.4774687123404802
06-27 20:00:00,1.6677132881273586
06-27 21:00:00,7.231581021512671
06-27 22:00:00,10.745694623818503
06-27 23:00:00,12.859511553529643
06-28 00:00:00,11.42308539344782
06-28 01:00:00,12.794549170908251
06-28 02:00:00,12.932281699190433
06-28 03:00:00,15.900130557808486
06-28 04:00:00,16.51201509572207
06-28 05:00:00,16.19317406999826
06-28 06:00:00,6.92202583889742
06-28 07:00:00,1.7171605085846458
06-28 08:00:00,1.1988710332723622
06-28 09:00:00,0.9578864444368628
06-28 10:00:00,0.6364692411327849
06-28 11:00:00,0.353957511812739
06-28 12:00:00,0.24346873485179218
06-28 13:00:00,0.24346873485179218
06-28 14:00:00,0.3818022213939126
06-28 15:00:00,0.49407956897160415
06-28 16:00:00,0.5223749517225958
06-28 17:00:00,0.810380744683202
06-28 18:00:00,15.432359348346367
06-28 19:00:00,23.501898530756748
06-28 20:00:00,22.578307562427767
06-28 21:00:00,21.80342898037241
06-28 22:00:00,21.690218929661626
06-28 23:00:00,20.672379385612704
06-29 00:00:00,22.07614260873925
06-29 01:00:00,22.196986136284437
06-29 02:00:00,22.573853262245176
06-29 03:00:00,24.423572035940364
06-29 04:00:00,25.499700184578273
06-29 05:00:00,29.2752284383894
06-29 06:00:00,18.855464519281117
06-29 07:00:00,10.095852916336503
06-29 08:00:00,3.965933470376082
06-29 09:00:00,2.2853374436931455
06-29 10:00:00,1.6677132881273586
06-29 11:00:00,1.861647817693321
06-29 12:00:00,10.65690505712592
06-29 13:00:00,22.953340188233923
06-29 14:00:00,24.29330028654976
06-29 15:00:00,23.648606536459276
06-29 16:00:00,22.67088398975695
06-29 17:00:00,22.149639833584118
06-29 18:00:00,23.751213446207394
06-29 19:00:00,28.14722047938285
06-29 20:00:00,31.187894094675467
06-29 21:00:00,31.84179900470787
06-29 22:00:00,31.92548377910882
06-29 23:00:00,44.65519651915892
06-30 00:00:00,46.02606799396801
06-30 01:00:00,48.37011599030901
06-30 02:00:00,50.7558742289433
06-30 03:00:00,50.59499102664746
06-30 04:00:00,50.11450031628246
06-30 05:00:00,50.06464984348703
06-30 06:00:00,46.557434882199274
06-30 07:00:00,39.5397504436463
06-30 08:00:00,31.84556374008443
06-30 09:00:00,22.885543483789817
06-30 10:00:00,18.307982916434934
06-30 11:00:00,16.889338589536667
06-30 12:00:00,13.018826178709155
06-30 13:00:00,8.160870487307097
06-30 14:00:00,5.0686869431140344
06-30 15:00:00,4.59730174738792
06-30 16:00:00,11.873149973033177
06-30 17:00:00,17.708315967230256
06-30 18:00:00,26.75875870482705
06-30 19:00:00,28.64882349242849
06-30 20:00:00,35.35561821618649
06-30 21:00:00,38.74337425393124
06-30 22:00:00,40.72082840746552
06-30 23:00:00,44.965220278749875
07-01 00:00:00,46.044136711494495
07-01 01:00:00,46.56604964423547
07-01 02:00:00,48.05153409369584
07-01 03:00:00,46.64571930239997
07-01 04:00:00,47.124814122472046
07-01 05:00:00,47.690384834113495
07-01 06:00:00,45.35967674446825
07-01 07:00:00,41.746631120835595
07-01 08:00:00,39.37677219425086
07-01 09:00:00,35.7668515178869
07-01 10:00:00,36.11212457170876
07-01 11:00:00,34.88866362205498
07-01 12:00:00,32.66751465405029
07-01 13:00:00,31.244968025419205
07-01 14:00:00,24.05023054305243
07-01 15:00:00,17.49605917690882
07-01 16:00:00,25.149699436020295
07-01 17:00:00,23.7761678416783
07-01 18:00:00,23.237053851455023
07-01 19:00:00,25.28349718189444
07-01 20:00:00,29.118400783971683
07-01 21:00:00,28.673421970520913
07-01 22:00:00,30.89884608550277
07-01 23:00:00,32.516000487613255
07-02 00:00:00,34.23176989371607
07-02 01:00:00,35.388217846316415
07-02 02:00:00,37.226005175390945
07-02 03:00:00,37.836791712222755
07-02 04:00:00,39.082014387568506
07-02 05:00:00,35.22094251439902
07-02 06:00:00,32.135478186621256
07-02 07:00:00,25.134286201729182
07-02 08:00:00,18.928720634384995
07-02 09:00:00,11.637368107004502
07-02 10:00:00,8.57808685820039
07-02 11:00:00,3.3320058508918553
07-02 12:00:00,2.817543719278472
07-02 13:00:00,2.7109886140329027
07-02 14:00:00,2.7109886140329027
07-02 15:00:00,2.7109886140329027
07-02 16:00:00,2.9612134335636697
07-02 17:00:00,3.070175257890383
07-02 18:00:00,3.3495782770552194
07-02 19:00:00,5.2652263661969165
07-02 20:00:00,6.433791841421434
07-02 21:00:00,11.989203645571708
07-02 22:00:00,21.678295847667886
07-02 23:00:00,21.61155763094399
07-03 00:00:00,28.43722367377206
07-03 01:00:00,30.569517364869395
07-03 02:00:00,31.18903842632694
07-03 03:00:00,33.985622056904575
07-03 04:00:00,36.150181076524625
07-03 05:00:00,32.66721117253455
07-03 06:00:00,24.686073052166336
07-03 07:00:00,19.338358564574825
07-03 08:00:00,12.229389575039228
07-03 09:00:00,5.61551231675864
07-03 10:00:00,2.0261288576196934
07-03 11:00:00,1.9600205362116405
07-03 12:00:00,2.431781672972599
07-03 13:00:00,2.781911919024238
07-03 14:00:00,2.7109886140329027
07-03 15:00:00,2.9251239227641843
07-03 16:00:00,3.642957104741633
07-03 17:00:00,12.791797044546065
07-03 18:00:00,14.864477857328767
07-03 19:00:00,16.324436133790062
07-03 20:00:00,19.534129880132948
07-03 21:00:00,20.58354887144388
07-03 22:00:00,22.716501114401566
07-03 23:00:00,23.25943834144427
07-04 00:00:00,23.765285111654435
07-04 01:00:00,25.387801559345686
07-04 02:00:00,24.920764139978285
07-04 03:00:00,25.004004277991207
07-04 04:00:00,24.965047277096488
07-04 05:00:00,25.132507797714858
07-04 06:00:00,20.14024497597852
07-04 07:00:00,16.508638163118434
07-04 08:00:00,11.037471845516516
07-04 09:00:00,8.855076061017687
07-04 10:00:00,8.327424978056545
07-04 11:00:00,8.025733221524757
07-04 12:00:00,7.260721726019409
07-04 13:00:00,13.490367574630458
07-04 14:00:00,13.329792681724388
07-04 15:00:00,16.065630860014288
07-04 16:00:00,16.397348337943697
07-04 17:00:00,27.365558201399388
07-04 18:00:00,30.446421718709082
07-04 19:00:00,30.578017462668164
07-04 20:00:00,31.272127287407013
07-04 21:00:00,34.07441646082855
07-04 22:00:00,34.226669804131845
07-04 23:00:00,31.00058361059542
07-05 00:00:00,37.00115102941619
07-05 01:00:00,37.76304451183428
07-05 02:00:00,37.34570739480969
07-05 03:00:00,37.95618794933777
07-05 04:00:00,39.13520184855234
07-05 05:00:00,33.65656162542007
07-05 06:00:00,29.403307850897384
07-05 07:00:00,24.428246017781255
07-05 08:00:00,20.30330512793424
07-05 09:00:00,16.817257122154565
07-05 10:00:00,13.56569677614559
07-05 11:00:00,9.011158515592665
07-05 12:00:00,4.662758861297523
07-05 13:00:00,3.3691460406587512
07-05 14:00:00,3.0337387452129603
07-05 15:00:00,2.7109886140329027
07-05 16:00:00,2.4167598247780058
07-05 17:00:00,2.3872324104538256
07-05 18:00:00,2.5989470157231462
07-05 19:00:00,2.815094788005686
07-05 20:00:00,10.23686348771016
07-05 21:00:00,14.885273221923134
07-05 22:00:00,18.815935472575134
07-05 23:00:00,19.00722364979556
07-06 00:00:00,21.707631755501247
07-06 01:00:00,22.98660323465127
07-06 02:00:00,21.474600928241113
07-06 03:00:00,23.694781504906494
07-06 04:00:00,25.356591456681752
07-06 05:00:00,18.92093178988426
07-06 06:00:00,8.549222937621629
07-06 07:00:00,2.2984094200221095
07-06 08:00:00,1.2794691091548591
07-06 09:00:00,1.4148619738919923
07-06 10:00:00,1.603891840458674
07-06 11:00:00,1.1380441670771158
07-06 12:00:00,0.987672529985233
07-06 13:00:00,1.7642149829127718
07-06 14:00:00,2.9612134335636697
07-06 15:00:00,5.004809287107428
07-06 16:00:00,2.2948314213407275
07-06 17:00:00,3.709070254256532
07-06 18:00:00,14.509342541043509
07-06 19:00:00,21.02054872783951
07-06 20:00:00,22.622125493282248
07-06 21:00:00,23.738854574180543
07-06 22:00:00,23.25943834144427
07-06 23:00:00,24.328652224965957
07-07 00:00:00,24.289818949783033
07-07 01:00:00,25.38277554334516
07-07 02:00:00,25.605244299426307
07-07 03:00:00,24.910776706110422
07-07 04:00:00,26.620112508670363
07-07 05:00:00,29.021183766086406
07-07 06:00:00,28.976329271700212
07-07 07:00:00,26.88678826847542
07-07 08:00:00,26.480216974710206
07-07 09:00:00,24.676070831173973
07-07 10:00:00,24.426842971197882
07-07 11:00:00,23.159051932940734
07-07 12:00:00,23.217389911061588
07-07 13:00:00,21.9731237452427
07-07 14:00:00,18.68784008964942
07-07 15:00:00,14.217840416651045
07-07 16:00:00,14.027896189742792
07-07 17:00:00,13.84454623201559
07-07 18:00:00,17.10177085704368
07-07 19:00:00,20.33091473882439
07-07 20:00:00,19.88265753780996
07-07 21:00:00,21.70798835896963
07-07 22:00:00,23.70690361891303
07-07 23:00:00,23.578721988500725
07-08 00:00:00,23.671418373563803
07-08 01:00:00,25.129794241255517
07-08 02:00:00,25.189838913945152
07-08 03:00:00,25.829616721022546
07-08 04:00:00,26.992974859129447
07-08 05:00:00,26.476309528168372
07-08 06:00:00,25.431942971678957
07-08 07:00:00,24.881930864795365
07-08 08:00:00,26.509569591944214
07-08 09:00:00,26.5316756738223
07-08 10:00:00,26.69334466975851
07-08 11:00:00,27.349845814830466
07-08 12:00:00,21.58756417053996
07-08 13:00:00,13.025914379882622
07-08 14:00:00,13.508019083002452
07-08 15:00:00,18.080209105355674
07-08 16:00:00,23.412028749689423
07-08 17:00:00,29.315957633915314
07-08 18:00:00,34.4941846961115
07-08 19:00:00,38.46393482632466
07-08 20:00:00,45.17934065335163
07-08 21:00:00,43.95619063417002
07-08 22:00:00,45.374959723076614
07-08 23:00:00,46.15321641541658
07-09 00:00:00,47.4006419781055
07-09 01:00:00,47.001178597418416
07-09 02:00:00,47.64085196029653
07-09 03:00:00,47.837664601200544
07-09 04:00:00,47.75128688393168
07-09 05:00:00,47.0484610984315
07-09 06:00:00,45.30738445855425
07-09 07:00:00,42.309934472171435
07-09 08:00:00,37.61085500650587
07-09 09:00:00,30.643292694377514
07-09 10:00:00,22.350980972639086
07-09 11:00:00,14.330161021214954
07-09 12:00:00,9.013130737807636
07-09 13:00:00,4.405750248726688
07-09 14:00:00,3.669233106876728
07-09 15:00:00,3.652097807207778
07-09 16:00:00,3.663228714062939
07-09 17:00:00,3.7739957797365955
07-09 18:00:00,4.89742385787881
07-09 19:00:00,9.441612111820675
07-09 20:00:00,15.296146708616682
07-09 21:00:00,22.180459167120112
07-09 22:00:00,24.951187997614692
07-09 23:00:00,30.04280693723795
07-10 00:00:00,33.99721358195753
07-10 01:00:00,37.73729586399577
07-10 02:00:00,37.4791216816207
07-10 03:00:00,42.52011892689626
07-10 04:00:00,43.62236148111834
07-10 05:00:00,38.69600739965498
07-10 06:00:00,30.934137573115173
07-10 07:00:00,24.136309304282484
07-10 08:00:00,17.301938955480576
07-10 09:00:00,9.735156516838032
07-10 10:00:00,3.352996731876886
07-10 11:00:00,1.7319447209788716
07-10 12:00:00,1.5404778272698474
07-10 13:00:00,1.9600205362116405
07-10 14:00:00,2.2948314213407275
07-10 15:00:00,2.2608665446639886
07-10 16:00:00,1.699777596419505
07-10 17:00:00,2.1596209701797666
07-10 18:00:00,2.3973798211499098
07-10 19:00:00,2.5356491503849066
07-10 20:00:00,14.17992554423634
07-10 21:00:00,24.714148418579143
07-10 22:00:00,28.164288476158248
07-10 23:00:00,31.748058757711206
07-11 00:00:00,36.273231643507856
07-11 01:00:00,38.88467653858351
07-11 02:00:00,39.15335161137995
07-11 03:00:00,39.66856252197952
07-11 04:00:00,38.378709467544354
07-11 05:00:00,37.21439289967978
07-11 06:00:00,33.72117097640254
07-11 07:00:00,27.87434120272389
07-11 08:00:00,18.221246485787645
07-11 09:00:00,11.429498788671452
07-11 10:00:00,10.920801803109565
07-11 11:00:00,5.821969816847352
07-11 12:00:00,3.0337387452129603
07-11 13:00:00,2.817543719278472
07-11 14:00:00,2.605449162409914
07-11 15:00:00,2.8532894187107662
07-11 16:00:00,2.466293617377103
07-11 17:00:00,3.0141750543382684
07-11 18:00:00,3.264656797772756
07-11 19:00:00,3.3302293254175224
07-11 20:00:00,8.281863099419175
07-11 21:00:00,12.962912801556843
07-11 22:00:00,20.476565825239206
07-11 23:00:00,25.452543980394776
07-12 00:00:00,28.396934943799167
07-12 01:00:00,30.490515183924362
07-12 02:00:00,32.0278162626984
07-12 03:00:00,31.980603553369875
07-12 04:00:00,32.51744154660865
07-12 05:00:00,28.897793775413067
07-12 06:00:00,23.337065731542506
07-12 07:00:00,16.171627839099244
07-12 08:00:00,6.481924513445744
07-12 09:00:00,1.773060118465364
07-12 10:00:00,0.810380744683202
07-12 11:00:00,0.353957511812739
07-12 12:00:00,0.3262020887003542
07-12 13:00:00,0.6940680754004304
07-12 14:00:00,0.7811624710710349
07-12 15:00:00,1.3217008411578015
07-12 16:00:00,1.2908456112818216
07-12 17:00:00,1.7319447209788716
07-12 18:00:00,1.603891840458674
07-12 19:00:00,1.4774687123404802
07-12 20:00:00,1.3526551045459947
07-12 21:00:00,1.508922815471889
07-12 22:00:00,1.7319447209788716
07-12 23:00:00,3.833959056796422
07-13 00:00:00,6.41314452114322
07-13 01:00:00,12.143211639610719
07-13 02:00:00,20.21108850464923
07-13 03:00:00,21.519536997885346
07-13 04:00:00,23.00144685408549
07-13 05:00:00,24.85486951833966
07-13 06:00:00,30.075200752378947
07-13 07:00:00,35.35561821618649
07-13 08:00:00,39.04906759502021
07-13 09:00:00,42.06221514238113
07-13 10:00:00,39.03010333351018
07-13 11:00:00,36.32818437953243
07-13 12:00:00,36.190125906537595
07-13 13:00:00,38.43320467184741
07-13 14:00:00,42.28343820812485
07-13 15:00:00,38.497703192186464
07-13 16:00:00,36.78296963167836
07-13 17:00:00,39.47133059365756
07-13 18:00:00,40.43292358556994
07-13 19:00:00,41.42040194021335
07-13 20:00:00,43.287239810641154
07-13 21:00:00,45.06363320815156
07-13 22:00:00,49.38322283564736
07-13 23:00:00,49.976254897509364
07-14 00:00:00,52.18449571187022
07-14 01:00:00,53.27965782447704
07-14 02:00:00,50.140690323365355
07-14 03:00:00,50.83544810663692
07-14 04:00:00,49.01133358775587
07-14 05:00:00,49.046842562685924
07-14 06:00:00,46.58625121216684
07-14 07:00:00,46.368099977828166
07-14 08:00:00,44.86657017628351
07-14 09:00:00,41.50366371372873
07-14 10:00:00,35.2629886566709
07-14 11:00:00,30.183924569944438
07-14 12:00:00,26.102307060841024
07-14 13:00:00,17.30567391833734
07-14 14:00:00,14.366158925380475
07-14 15:00:00,14.373740447921149
07-14 16:00:00,19.093841986058464
07-14 17:00:00,26.74672047188185
07-14 18:00:00,28.855781838386143
07-14 19:00:00,31.08453406324852
07-14 20:00:00,33.35702648435479
07-14 21:00:00,34.5062455910446
07-14 22:00:00,36.31984371379197
07-14 23:00:00,37.14158283141517
07-15 00:00:00,38.4817659688504
07-15 01:00:00,40.411555404100056
07-15 02:00:00,42.25142838419406
07-15 03:00:00,43.44888224771793
07-15 04:00:00,43.23565643812557
07-15 05:00:00,42.59743077485099
07-15 06:00:00,41.29271270215582
07-15 07:00:00,38.70914962166765
07-15 08:00:00,37.36416266527632
07-15 09:00:00,35.513149719902074
07-15 10:00:00,33.61493512233072
07-15 11:00:00,32.23131643671957
07-15 12:00:00,31.4942531142217
07-15 13:00:00,30.52513477878925
07-15 14:00:00,23.445456348378425
07-15 15:00:00,23.764463660174375
07-15 16:00:00,24.28339305112302
07-15 17:00:00,23.885493305861807
07-15 18:00:00,23.804678819458182
07-15 19:00:00,25.87031414794054
07-15 20:00:00,26.46708836100656
07-15 21:00:00,27.59921477426287
07-15 22:00:00,29.765791893445048
07-15 23:00:00,30.41063794471495
07-16 00:00:00,30.059308931762583
07-16 01:00:00,31.04704668789259
07-16 02:00:00,33.385106095669215
07-16 03:00:00,36.22028060114208
07-16 04:00:00,37.238037028713336
07-16 05:00:00,37.89618618402622
07-16 06:00:00,35.691828729514874
07-16 07:00:00,30.26578020450268
07-16 08:00:00,24.58544920291414
07-16 09:00:00,20.131265510470776
07-16 10:00:00,15.904574939188342
07-16 11:00:00,9.151806190295261
07-16 12:00:00,10.470108943813614
07-16 13:00:00,10.169581145165733
07-16 14:00:00,3.882154987072624
07-16 15:00:00,8.501155215428675
07-16 16:00:00,7.547748527397522
07-16 17:00:00,7.195025548661898
07-16 18:00:00,11.022041518166473
07-16 19:00:00,16.108931186665437
07-16 20:00:00,19.009231547352197
07-16 21:00:00,21.49054794201002
07-16 22:00:00,20.23529195445395
07-16 23:00:00,23.88693467891552
07-17 00:00:00,24.915721010089573
07-17 01:00:00,25.91237559166573
07-17 02:00:00,25.531910302996703
07-17 03:00:00,27.176279176301843
07-17 04:00:00,27.066827538171637
07-17 05:00:00,26.070783084377005
07-17 06:00:00,24.89987518889862
07-17 07:00:00,23.19256286034912
07-17 08:00:00,20.8884812589379
07-17 09:00:00,15.629066886886815
07-17 10:00:00,11.565203028660868
07-17 11:00:00,11.083470454617892
07-17 12:00:00,5.700975205555973
07-17 13:00:00,3.4981173135737755
07-17 14:00:00,3.4033841938576663
07-17 15:00:00,3.254110711221182
07-17 16:00:00,3.254110711221182
07-17 17:00:00,8.936761733934535
07-17 18:00:00,10.46857199010849
07-17 19:00:00,11.543822561551377
07-17 20:00:00,13.004387739986392
07-17 21:00:00,11.00982221765609
07-17 22:00:00,14.453537764065121
07-17 23:00:00,14.531541450165115
07-18 00:00:00,14.6099299524072
07-18 01:00:00,14.55854010799709
07-18 02:00:00,13.551829684504817
07-18 03:00:00,13.151865005113764
07-18 04:00:00,13.923427884476885
07-18 05:00:00,14.07270136711337
07-18 06:00:00,12.570649833424213
07-18 07:00:00,8.043254770684328
07-18 08:00:00,3.8692392784596534
07-18 09:00:00,3.3658872778955424
07-18 10:00:00,3.3285096352335333
07-18 11:00:00,3.217088702940164
07-18 12:00:00,3.217088702940164
07-18 13:00:00,3.1433977835898443
07-18 14:00:00,3.223947964375126
07-18 15:00:00,3.1677011436127573
07-18 16:00:00,3.12610815488713
07-18 17:00:00,3.2754160790073055
07-18 18:00:00,3.1846232909297076
07-18 19:00:00,3.3233723249195766
07-18 20:00:00,4.018003677554768
07-18 21:00:00,9.381542193490954
07-18 22:00:00,10.962403628525575
07-18 23:00:00,18.203937251135784
07-19 00:00:00,21.507951562244827
07-19 01:00:00,25.259820690692216
07-19 02:00:00,28.68377931124589
07-19 03:00:00,29.35950841832302
07-19 04:00:00,31.05881947400946
07-19 05:00:00,29.627432213560844
07-19 06:00:00,21.637977755925398
07-19 07:00:00,13.873288604408781
07-19 08:00:00,8.019248482495055
07-19 09:00:00,2.605449162409914
07-19 10:00:00,2.500915995743632
07-19 11:00:00,2.5356491503849066
07-19 12:00:00,2.2948314213407275
07-19 13:00:00,2.328905034386684
07-19 14:00:00,2.2608665446639886
07-19 15:00:00,2.1260876809430718
07-19 16:00:00,2.092661453686301
07-19 17:00:00,2.0593419563056554
07-19 18:00:00,2.227010067626004
07-19 19:00:00,2.500915995743632
07-19 20:00:00,2.570493424546957
07-19 21:00:00,2.605449162409914
07-19 22:00:00,3.1101526348303157
07-19 23:00:00,3.948726042748113
07-20 00:00:00,7.68917129361408
07-20 01:00:00,12.74619222077653
07-20 02:00:00,15.521632145986183
07-20 03:00:00,16.672523582251472
07-20 04:00:00,19.378959033170343
07-20 05:00:00,21.2093052347734
07-20 06:00:00,14.532008350674278
07-20 07:00:00,9.50470306188108
07-20 08:00:00,5.255148366559804
07-20 09:00:00,2.466293617377103
07-20 10:00:00,2.5356491503849066
07-20 11:00:00,2.2608665446639886
07-20 12:00:00,2.328905034386684
07-20 13:00:00,1.699777596419505
07-20 14:00:00,1.6677132881273586
07-20 15:00:00,1.699777596419505
07-20 16:00:00,1.7642149829127718
07-20 17:00:00,1.9930218273683
07-20 18:00:00,2.363087721460503
07-20 19:00:00,2.5356491503849066
07-20 20:00:00,2.640516709088771
07-20 21:00:00,3.0083300502002994
07-20 22:00:00,5.047766423336835
07-20 23:00:00,7.009298246305965
07-21 00:00:00,11.493941126932702
07-21 01:00:00,16.75658451586517
07-21 02:00:00,17.40878233682782
07-21 03:00:00,19.856845158165317
07-21 04:00:00,22.921641072816186
07-21 05:00:00,23.856209254450533
07-21 06:00:00,17.874603369929062
07-21 07:00:00,12.727510093843836
07-21 08:00:00,6.443136559966505
07-21 09:00:00,1.9930218273683
07-21 10:00:00,1.699777596419505
07-21 11:00:00,1.2908456112818216
07-21 12:00:00,1.927124655729086
07-21 13:00:00,1.8943338584181373
07-21 14:00:00,1.4461152031042865
07-21 15:00:00,1.7965887042386086
07-21 16:00:00,1.8943338584181373
07-21 17:00:00,1.927124655729086
07-21 18:00:00,2.0261288576196934
07-21 19:00:00,2.1596209701797666
07-21 20:00:00,2.3677274310046466
07-21 21:00:00,2.574062502464708
07-21 22:00:00,2.6947212573173065
07-21 23:00:00,4.68525950602738
07-22 00:00:00,8.604523343200889
07-22 01:00:00,12.887572306404621
07-22 02:00:00,16.176020436617044
07-22 03:00:00,17.81802936944742
07-22 04:00:00,20.404494567384575
07-22 05:00:00,20.102365243397543
07-22 06:00:00,14.95079206631624
07-22 07:00:00,7.2881398505344706
07-22 08:00:00,1.508922815471889
07-22 09:00:00,1.2908456112818216
07-22 10:00:00,1.3526551045459947
07-22 11:00:00,1.603891840458674
07-22 12:00:00,1.3526551045459947
07-22 13:00:00,1.2600891055267631
07-22 14:00:00,1.7319447209788716
07-22 15:00:00,1.5721340634070151
07-22 16:00:00,1.5404778272698474
07-22 17:00:00,1.7642149829127718
07-22 18:00:00,1.861647817693321
07-22 19:00:00,2.092661453686301
07-22 20:00:00,2.1596209701797666
07-22 21:00:00,2.3049052072966774
07-22 22:00:00,2.7216360298578937
07-22 23:00:00,5.716430924109119
07-23 00:00:00,6.316930960958549
07-23 01:00:00,11.764049370903347
07-23 02:00:00,13.823302543075416
07-23 03:00:00,16.52633105170105
07-23 04:00:00,18.9288987152289
07-23 05:00:00,19.84596425076937
07-23 06:00:00,14.695738619379581
07-23 07:00:00,6.134644338386908
07-23 08:00:00,1.927124655729086
07-23 09:00:00,1.4461152031042865
07-23 10:00:00,1.2908456112818216
07-23 11:00:00,1.1077766722247884
07-23 12:00:00,0.8986001126656089
07-23 13:00:00,0.6940680754004304
07-23 14:00:00,0.5223749517225958
07-23 15:00:00,0.4377606271857562
07-23 16:00:00,0.5223749517225958
07-23 17:00:00,0.6652224429154575
07-23 18:00:00,0.7520377972154423
07-23 19:00:00,1.0776060638263298
07-23 20:00:00,0.987672529985233
07-23 21:00:00,0.7520377972154423
07-23 22:00:00,0.8690992697509666
07-23 23:00:00,0.7618288261747197
07-24 00:00:00,0.6466305765616729
07-24 01:00:00,0.6063678340984687
07-24 02:00:00,0.5906789114501514
07-24 03:00:00,0.6464578986760848
07-24 04:00:00,0.8039553601786764
07-24 05:00:00,0.6593520730695661
07-24 06:00:00,1.4461152031042865
07-24 07:00:00,2.0593419563056554
07-24 08:00:00,2.431781672972599
07-24 09:00:00,2.3973798211499098
07-24 10:00:00,1.9930218273683
07-24 11:00:00,1.508922815471889
07-24 12:00:00,2.0261288576196934
07-24 13:00:00,1.861647817693321
07-24 14:00:00,1.5404778272698474
07-24 15:00:00,1.0776060638263298
07-24 16:00:00,3.552597165845012
07-24 17:00:00,9.397575121465646
07-24 18:00:00,9.741212844357303
07-24 19:00:00,10.639056185449435
07-24 20:00:00,12.301018628777765
07-24 21:00:00,14.953594050803574
07-24 22:00:00,13.85555541647755
07-24 23:00:00,13.38665818891959
07-25 00:00:00,13.264425576204045
07-25 01:00:00,14.134269757579506
07-25 02:00:00,17.665649682551265
07-25 03:00:00,16.193094326538986
07-25 04:00:00,16.796121654915382
07-25 05:00:00,16.591703941267504
07-25 06:00:00,14.161781543203077
07-25 07:00:00,10.175462231448732
07-25 08:00:00,3.790356016815155
07-25 09:00:00,2.363087721460503
07-25 10:00:00,2.363087721460503
07-25 11:00:00,2.0593419563056554
07-25 12:00:00,14.739642568864747
07-25 13:00:00,11.769156314403244
07-25 14:00:00,12.999443991432278
07-25 15:00:00,16.491841950830462
07-25 16:00:00,14.304953755102487
07-25 17:00:00,16.861397814847805
07-25 18:00:00,18.74734427415766
07-25 19:00:00,21.734409574491952
07-25 20:00:00,22.75518972015217
07-25 21:00:00,22.7348567896751
07-25 22:00:00,20.374431422266653
07-25 23:00:00,24.672172741675183
07-26 00:00:00,25.151938578136107
07-26 01:00:00,25.443732915643018
07-26 02:00:00,27.097311981383406
07-26 03:00:00,28.360576067388614
07-26 04:00:00,28.818615272503344
07-26 05:00:00,29.350524067162738
07-26 06:00:00,25.239135423102727
07-26 07:00:00,15.20152155372163
07-26 08:00:00,11.229805767581642
07-26 09:00:00,6.2378709055798405
07-26 10:00:00,1.7319447209788716
07-26 11:00:00,1.508922815471889
07-26 12:00:00,1.927124655729086
07-26 13:00:00,1.603891840458674
07-26 14:00:00,2.227010067626004
07-26 15:00:00,7.614097355852646
07-26 16:00:00,13.548505914805142
07-26 17:00:00,16.987540668807675
07-26 18:00:00,12.956020791515602
07-26 19:00:00,16.33533835701295
07-26 20:00:00,19.33854663869259
07-26 21:00:00,21.465951595061938
07-26 22:00:00,20.4460026855185
07-26 23:00:00,23.24176460739243
07-27 00:00:00,25.844768297492003
07-27 01:00:00,29.350893486970854
07-27 02:00:00,30.68443572443939
07-27 03:00:00,32.966518000266234
07-27 04:00:00,34.2915998351585
07-27 05:00:00,31.895083008543505
07-27 06:00:00,26.731916800595734
07-27 07:00:00,20.194978096828514
07-27 08:00:00,9.339682764312451
07-27 09:00:00,2.1236547433420676
07-27 10:00:00,2.1596209701797666
07-27 11:00:00,1.8290662078850728
07-27 12:00:00,1.9600205362116405
07-27 13:00:00,1.861647817693321
07-27 14:00:00,1.5721340634070151
07-27 15:00:00,1.3526551045459947
07-27 16:00:00,1.603891840458674
07-27 17:00:00,2.1596209701797666
07-27 18:00:00,2.570493424546957
07-27 19:00:00,6.350090610943123
07-27 20:00:00,7.8727169824055085
07-27 21:00:00,6.988838983401103
07-27 22:00:00,7.258631566535403
07-27 23:00:00,10.680921467044795
07-28 00:00:00,15.845333337260755
07-28 01:00:00,15.618126984839398
07-28 02:00:00,15.323677853461323
07-28 03:00:00,15.833827378151692
07-28 04:00:00,17.343198913248077
07-28 05:00:00,18.43170697291484
07-28 06:00:00,18.543840265784425
07-28 07:00:00,21.26416805528539
07-28 08:00:00,26.26228100522182
07-28 09:00:00,24.44988177204851
07-28 10:00:00,19.11797464360922
07-28 11:00:00,16.938695407142973
07-28 12:00:00,15.33701783539857
07-28 13:00:00,12.511336986337845
07-28 14:00:00,10.040325234156445
07-28 15:00:00,6.8477562440878375
07-28 16:00:00,4.294476251886941
07-28 17:00:00,5.558156764778802
07-28 18:00:00,6.132178727227689
07-28 19:00:00,9.156288055816777
07-28 20:00:00,14.16946293234118
07-28 21:00:00,18.34898911637738
07-28 22:00:00,20.33104199049562
07-28 23:00:00,19.43291139016314
07-29 00:00:00,21.12141950095614
07-29 01:00:00,22.834766692737052
07-29 02:00:00,24.984625848014648
07-29 03:00:00,28.36199215258377
07-29 04:00:00,29.04786460303536
07-29 05:00:00,28.01174951232182
07-29 06:00:00,24.52572988472196
07-29 07:00:00,18.03622721239653
07-29 08:00:00,11.012688435495921
07-29 09:00:00,2.9279717656176985
07-29 10:00:00,2.7463936672090545
07-29 11:00:00,2.5356491503849066
07-29 12:00:00,2.0593419563056554
07-29 13:00:00,2.0261288576196934
07-29 14:00:00,1.9600205362116405
07-29 15:00:00,1.927124655729086
07-29 16:00:00,1.861647817693321
07-29 17:00:00,1.7319447209788716
07-29 18:00:00,1.7642149829127718
07-29 19:00:00,2.092661453686301
07-29 20:00:00,2.2608665446639886
07-29 21:00:00,4.760921419161002
07-29 22:00:00,8.410061307558312
07-29 23:00:00,8.112134181620537
07-30 00:00:00,10.0084288698456
07-30 01:00:00,11.80482923096446
07-30 02:00:00,14.441720229550281
07-30 03:00:00,15.831057417240745
07-30 04:00:00,16.907628962409106
07-30 05:00:00,16.935947888594853
07-30 06:00:00,16.260771019449102
07-30 07:00:00,8.530713097459483
07-30 08:00:00,1.927124655729086
07-30 09:00:00,1.5721340634070151
07-30 10:00:00,1.38370871173098
07-30 11:00:00,1.4774687123404802
07-30 12:00:00,1.508922815471889
07-30 13:00:00,1.1988710332723622
07-30 14:00:00,1.3526551045459947
07-30 15:00:00,1.1684088524443559
07-30 16:00:00,6.420337859167335
07-30 17:00:00,6.64377318067354
07-30 18:00:00,9.418042958803879
07-30 19:00:00,12.869896078891369
07-30 20:00:00,14.429480625905004
07-30 21:00:00,14.055834021484577
07-30 22:00:00,16.30895375054328
07-30 23:00:00,19.03225454089501
07-31 00:00:00,20.2881664077741
07-31 01:00:00,21.433931387384984
07-31 02:00:00,21.119638159632565
07-31 03:00:00,21.02512345390255
07-31 04:00:00,19.980904814330085
07-31 05:00:00,20.648395428994043
07-31 06:00:00,18.68058455641065
07-31 07:00:00,15.245424314070966
07-31 08:00:00,11.32819446415236
07-31 09:00:00,12.464049779443348
07-31 10:00:00,11.36894948937511
07-31 11:00:00,7.5495962909070995
07-31 12:00:00,5.657622511706837
07-31 13:00:00,6.43190823049883
07-31 14:00:00,3.631493106928781
07-31 15:00:00,3.3285096352335333
07-31 16:00:00,3.217088702940164
07-31 17:00:00,3.5451538088940757
07-31 18:00:00,6.856655287369627
07-31 19:00:00,12.774203500613392
07-31 20:00:00,21.731078713701734
07-31 21:00:00,23.93419261794837
07-31 22:00:00,29.589913106686296
07-31 23:00:00,30.58396769977788
08-01 00:00:00,29.82374254648624
08-01 01:00:00,31.625719765870922
08-01 02:00:00,33.00897966249123
08-01 03:00:00,34.85558734810442
08-01 04:00:00,36.65840598085827
08-01 05:00:00,38.497703192186464
08-01 06:00:00,40.73159602697301
08-01 07:00:00,41.92732745387935
08-01 08:00:00,39.39644997621483
08-01 09:00:00,33.7931033893658
08-01 10:00:00,33.10422898184842
08-01 11:00:00,30.924582897368364
08-01 12:00:00,27.715065994350056
08-01 13:00:00,26.21155140259155
08-01 14:00:00,23.81285160761803
08-01 15:00:00,25.900938763596947
08-01 16:00:00,23.45274920918439
08-01 17:00:00,22.65359297486454
08-01 18:00:00,30.07019558403164
08-01 19:00:00,32.87208437735561
08-01 20:00:00,36.2946077750987
08-01 21:00:00,39.09628030434874
08-01 22:00:00,41.44427413214554
08-01 23:00:00,44.65387089478406
08-02 00:00:00,45.7173830377223
08-02 01:00:00,44.30061790735842
08-02 02:00:00,49.164504417399186
08-02 03:00:00,50.553747028420915
08-02 04:00:00,52.59935392621554
08-02 05:00:00,50.779783516528596
08-02 06:00:00,46.84117268411009
08-02 07:00:00,41.03357628917483
08-02 08:00:00,33.138271288276215
08-02 09:00:00,24.571525479129626
08-02 10:00:00,20.3402682629821
08-02 11:00:00,14.558114670748397
08-02 12:00:00,8.025589132094535
08-02 13:00:00,4.423816179264667
08-02 14:00:00,4.110313063294515
08-02 15:00:00,3.5112552143081697
08-02 16:00:00,4.391066921328318
08-02 17:00:00,8.033458674036904
08-02 18:00:00,10.442324126727616
08-02 19:00:00,14.966480243642536
08-02 20:00:00,17.37690856730508
08-02 21:00:00,26.22744274151682
08-02 22:00:00,30.578018127390614
08-02 23:00:00,32.55242992290795
08-03 00:00:00,34.532972847131745
08-03 01:00:00,35.45424481463432
08-03 02:00:00,39.77031739555525
08-03 03:00:00,42.328816858409056
08-03 04:00:00,42.363164868432065
08-03 05:00:00,43.7102899065467
08-03 06:00:00,38.15378500671073
08-03 07:00:00,31.57932258057808
08-03 08:00:00,26.320120036464346
08-03 09:00:00,15.85948930122397
08-03 10:00:00,8.857438424191406
08-03 11:00:00,4.849129792401825
08-03 12:00:00,3.217088702940164
08-03 13:00:00,4.758863473560789
08-03 14:00:00,19.049899400864966
08-03 15:00:00,23.232730973907415
08-03 16:00:00,22.46801360345399
08-03 17:00:00,25.185195607450844
08-03 18:00:00,30.88571948609359
08-03 19:00:00,34.40916352578984
08-03 20:00:00,37.99580012416938
08-03 21:00:00,39.43673993664584
08-03 22:00:00,40.82830402212768
08-03 23:00:00,41.846922013634305
08-04 00:00:00,43.18394540555161
08-04 01:00:00,44.36870025106239
08-04 02:00:00,45.015000407227085
08-04 03:00:00,45.034751469842966
08-04 04:00:00,45.62423706982548
08-04 05:00:00,44.43699908036514
08-04 06:00:00,42.43269706081678
08-04 07:00:00,39.129402924038395
08-04 08:00:00,34.351998404072305
08-04 09:00:00,30.264904990986537
08-04 10:00:00,26.668805729075334
08-04 11:00:00,24.573227062925184
08-04 12:00:00,22.799037047998887
08-04 13:00:00,24.225125603129108
08-04 14:00:00,28.08864106636988
08-04 15:00:00,29.266130879513724
08-04 16:00:00,29.346945365917353
08-04 17:00:00,29.3875454691334
08-04 18:00:00,32.23618280560082
08-04 19:00:00,33.24211273255598
08-04 20:00:00,33.979561764208
08-04 21:00:00,34.5743010667553
08-04 22:00:00,34.597569795559465
08-04 23:00:00,34.08467772353991
08-05 00:00:00,33.550416915347185
08-05 01:00:00,34.16196347493895
08-05 02:00:00,35.28989175460707
08-05 03:00:00,34.711189597730424
08-05 04:00:00,35.97706286025564
08-05 05:00:00,35.4662382661577
08-05 06:00:00,35.4011188573315
08-05 07:00:00,33.7394714604621
08-05 08:00:00,28.66906221832159
08-05 09:00:00,26.982953987133104
08-05 10:00:00,21.121738906968716
08-05 11:00:00,18.406624724020187
08-05 12:00:00,11.384187491476514
08-05 13:00:00,13.74213641833901
08-05 14:00:00,19.18158503204381
08-05 15:00:00,20.09717453261821
08-05 16:00:00,23.29237539269516
08-05 17:00:00,22.195363519843056
08-05 18:00:00,21.208204221202493
08-05 19:00:00,27.618097451045386
08-05 20:00:00,31.988282374543136
08-05 21:00:00,33.78792011458658
08-05 22:00:00,36.20916208182268
08-05 23:00:00,36.48138425363373
08-06 00:00:00,37.280749303163226
08-06 01:00:00,35.60307470368049
08-06 02:00:00,34.752811574336306
08-06 03:00:00,35.179421836875555
08-06 04:00:00,33.28601990879798
08-06 05:00:00,32.87073058284527
08-06 06:00:00,30.480314031771112
08-06 07:00:00,26.923076886521986
08-06 08:00:00,21.612036210390823
08-06 09:00:00,15.944408263735431
08-06 10:00:00,9.5161355132609
08-06 11:00:00,9.32258400823743
08-06 12:00:00,9.982824512687122
08-06 13:00:00,3.9973335931226766
08-06 14:00:00,2.9974182558990417
08-06 15:00:00,3.4033841938576663
08-06 16:00:00,3.3320058508918553
08-06 17:00:00,3.483107091011634
08-06 18:00:00,3.7533156442058604
08-06 19:00:00,8.530204364742481
08-06 20:00:00,13.464907765593932
08-06 21:00:00,14.64317110179697
08-06 22:00:00,16.403331968354806
08-06 23:00:00,20.877459651154304
08-07 00:00:00,24.694178104690298
08-07 01:00:00,24.900277216734114
08-07 02:00:00,26.606562276517543
08-07 03:00:00,28.03796864825187
08-07 04:00:00,28.32081893370346
08-07 05:00:00,27.887130974854944
08-07 06:00:00,22.99324533563369
08-07 07:00:00,19.928334879079888
08-07 08:00:00,15.120940286132083
08-07 09:00:00,6.086260600893679
08-07 10:00:00,2.431781672972599
08-07 11:00:00,2.193261654423562
08-07 12:00:00,3.8247578686378443
08-07 13:00:00,5.942838952932597
08-07 14:00:00,23.57449934532767
08-07 15:00:00,29.713659731470376
08-07 16:00:00,30.21917994386798
08-07 17:00:00,31.890731091936495
08-07 18:00:00,31.239998750136944
08-07 19:00:00,31.19471102054819
08-07 20:00:00,33.03667269528602
08-07 21:00:00,33.01287671692685
08-07 22:00:00,34.194763084747805
08-07 23:00:00,34.290995824923314
08-08 00:00:00,34.67446356735698
08-08 01:00:00,34.31008969701761
08-08 02:00:00,33.757978799004185
08-08 03:00:00,34.649106884816874
08-08 04:00:00,34.69209114580345
08-08 05:00:00,33.65602282026732
08-08 06:00:00,33.503800902239846
08-08 07:00:00,31.18834133375246
08-08 08:00:00,28.165853539033986
08-08 09:00:00,30.183845140569208
08-08 10:00:00,33.07860342219391
08-08 11:00:00,35.50705223245872
08-08 12:00:00,31.130926268649674
08-08 13:00:00,27.029516204372964
08-08 14:00:00,22.77431741412156
08-08 15:00:00,17.473681422007402
08-08 16:00:00,10.640434183860338
08-08 17:00:00,15.034041952206454
08-08 18:00:00,16.97579184977303
08-08 19:00:00,23.039996833344446
08-08 20:00:00,26.8450434933541
08-08 21:00:00,26.911788470138905
08-08 22:00:00,29.75880259746892
08-08 23:00:00,28.752482111207346
08-09 00:00:00,29.914841993576616
08-09 01:00:00,32.13092381637878
08-09 02:00:00,33.20763211898764
08-09 03:00:00,33.72657044944701
08-09 04:00:00,34.851362579307676
08-09 05:00:00,34.98017681385156
08-09 06:00:00,33.017840419535034
08-09 07:00:00,24.65778531331651
08-09 08:00:00,22.497060052722652
08-09 09:00:00,14.875994188588216
08-09 10:00:00,7.110528726428752
08-09 11:00:00,3.070175257890383
08-09 12:00:00,3.180184514097365
08-09 13:00:00,3.2912509009880777
08-09 14:00:00,2.640516709088771
08-09 15:00:00,2.640516709088771
08-09 16:00:00,2.781911919024238
08-09 17:00:00,2.9251239227641843
08-09 18:00:00,3.075313395569715
08-09 19:00:00,6.708330166233459
08-09 20:00:00,11.100092137110979
08-09 21:00:00,16.206154689315333
08-09 22:00:00,17.0929755121714
08-09 23:00:00,21.59191411214384
08-10 00:00:00,21.87670944383887
08-10 01:00:00,25.74917960299095
08-10 02:00:00,28.579341871973625
08-10 03:00:00,32.5273177678789
08-10 04:00:00,30.981616511708033
08-10 05:00:00,34.276629578231976
08-10 06:00:00,27.779653174809432
08-10 07:00:00,17.393929320430562
08-10 08:00:00,9.694065482459255
08-10 09:00:00,3.9442154659517863
08-10 10:00:00,1.7642149829127718
08-10 11:00:00,1.5404778272698474
08-10 12:00:00,1.2294310153932375
08-10 13:00:00,1.635751475904005
08-10 14:00:00,1.8290662078850728
08-10 15:00:00,2.092661453686301
08-10 16:00:00,1.699777596419505
08-10 17:00:00,1.6677132881273586
08-10 18:00:00,1.635751475904005
08-10 19:00:00,2.0261288576196934
08-10 20:00:00,2.23751610985044
08-10 21:00:00,2.1596209701797666
08-10 22:00:00,5.507307073636999
08-10 23:00:00,9.264363911476917
08-11 00:00:00,11.570290650716636
08-11 01:00:00,13.530901108447436
08-11 02:00:00,15.802264310589575
08-11 03:00:00,18.572538252117347
08-11 04:00:00,19.798086910811254
08-11 05:00:00,19.90118450789985
08-11 06:00:00,16.15269888801025
08-11 07:00:00,8.478177834308266
08-11 08:00:00,2.3714619058491166
08-11 09:00:00,1.508922815471889
08-11 10:00:00,1.2600891055267631
08-11 11:00:00,0.9281957382580174
08-11 12:00:00,0.810380744683202
08-11 13:00:00,1.017554294562144
08-11 14:00:00,1.2294310153932375
08-11 15:00:00,0.9281957382580174
08-11 16:00:00,1.017554294562144
08-11 17:00:00,1.2294310153932375
08-11 18:00:00,1.508922815471889
08-11 19:00:00,1.4461152031042865
08-11 20:00:00,1.508922815471889
08-11 21:00:00,1.508922815471889
08-11 22:00:00,1.7065356847453215
08-11 23:00:00,3.419237792189995
08-12 00:00:00,6.835361195653272
08-12 01:00:00,9.885749683552602
08-12 02:00:00,11.269038140559477
08-12 03:00:00,13.45380147427086
08-12 04:00:00,15.46990009968751
08-12 05:00:00,15.194140708436226
08-12 06:00:00,10.706632084233739
08-12 07:00:00,4.276728890065803
08-12 08:00:00,0.9578864444368628
08-12 09:00:00,0.6652224429154575
08-12 10:00:00,0.4377606271857562
08-12 11:00:00,0.053497262539552726
08-12 12:00:00,0.0
08-12 13:00:00,0.0
08-12 14:00:00,0.13439067052543155
08-12 15:00:00,0.2985356713042277
08-12 16:00:00,0.13439067052543155
08-12 17:00:00,0.0
08-12 18:00:00,0.24346873485179218
08-12 19:00:00,0.7230064295567569
08-12 20:00:00,0.5792389700982822
08-12 21:00:00,0.6078081799437101
08-12 22:00:00,0.5792389700982822
08-12 23:00:00,1.4461152031042865
08-13 00:00:00,1.7642149829127718
08-13 01:00:00,1.699777596419505
08-13 02:00:00,1.4148619738919923
08-13 03:00:00,1.38370871173098
08-13 04:00:00,1.4784988516705082
08-13 05:00:00,2.7312146304888776
08-13 06:00:00,3.898412154679841
08-13 07:00:00,1.2294310153932375
08-13 08:00:00,1.1077766722247884
08-13 09:00:00,0.5792389700982822
08-13 10:00:00,0.3818022213939126
08-13 11:00:00,0.2709579797123992
08-13 12:00:00,0.2709579797123992
08-13 13:00:00,0.053497262539552726
08-13 14:00:00,0.0
08-13 15:00:00,0.10733950246618816
08-13 16:00:00,0.5792389700982822
08-13 17:00:00,0.6078081799437101
08-13 18:00:00,0.810380744683202
08-13 19:00:00,0.987672529985233
08-13 20:00:00,1.0475320387040479
08-13 21:00:00,0.9578864444368628
08-13 22:00:00,0.987672529985233
08-13 23:00:00,0.987672529985233
08-14 00:00:00,1.0475320387040479
08-14 01:00:00,1.3252068629570626
08-14 02:00:00,1.5574305416941598
08-14 03:00:00,3.0634871674762696
08-14 04:00:00,3.9178693124432633
08-14 05:00:00,4.769236083368478
08-14 06:00:00,2.403282973368567
08-14 07:00:00,1.017554294562144
08-14 08:00:00,0.8690992697509666
08-14 09:00:00,0.6078081799437101
08-14 10:00:00,0.053497262539552726
08-14 11:00:00,0.0
08-14 12:00:00,0.0
08-14 13:00:00,0.0
08-14 14:00:00,0.0
08-14 15:00:00,0.18875447321612498
08-14 16:00:00,0.3262020887003542
08-14 17:00:00,0.3818022213939126
08-14 18:00:00,0.5223749517225958
08-14 19:00:00,0.7520377972154423
08-14 20:00:00,0.7811624710710349
08-14 21:00:00,0.7520377972154423
08-14 22:00:00,0.7520377972154423
08-14 23:00:00,0.8396929124783067
08-15 00:00:00,0.8590729161064026
08-15 01:00:00,1.0475320387040479
08-15 02:00:00,1.1684088524443559
08-15 03:00:00,1.0270249183437445
08-15 04:00:00,1.0443044107838144
08-15 05:00:00,1.1324862855727065
08-15 06:00:00,0.7390191253831384
08-15 07:00:00,0.4097364990386725
08-15 08:00:00,0.16152890247397445
08-15 09:00:00,0.08037512422052107
08-15 10:00:00,0.21606765848650977
08-15 11:00:00,0.0
08-15 12:00:00,0.0
08-15 13:00:00,0.6078081799437101
08-15 14:00:00,0.0
08-15 15:00:00,0.353957511812739
08-15 16:00:00,0.6078081799437101
08-15 17:00:00,0.7811624710710349
08-15 18:00:00,0.8986001126656089
08-15 19:00:00,1.1684088524443559
08-15 20:00:00,1.38370871173098
08-15 21:00:00,1.635751475904005
08-15 22:00:00,1.7642149829127718
08-15 23:00:00,1.927124655729086
08-16 00:00:00,2.0593419563056554
08-16 01:00:00,2.092661453686301
08-16 02:00:00,4.213451597117863
08-16 03:00:00,14.142293393907323
08-16 04:00:00,13.352331904746439
08-16 05:00:00,11.89213752451225
08-16 06:00:00,11.062024087643266
08-16 07:00:00,9.540013583315435
08-16 08:00:00,10.36786188900089
08-16 09:00:00,13.052985573879086
08-16 10:00:00,17.843934269382764
08-16 11:00:00,19.315432338376695
08-16 12:00:00,22.569935600603863
08-16 13:00:00,23.59667246376573
08-16 14:00:00,26.2138813389778
08-16 15:00:00,24.033567581388574
08-16 16:00:00,21.888794546654868
08-16 17:00:00,21.24595458724185
08-16 18:00:00,22.611239082394917
08-16 19:00:00,25.010817896135265
08-16 20:00:00,24.617551344003505
08-16 21:00:00,27.8861895200911
08-16 22:00:00,28.06430721183413
08-16 23:00:00,28.087060121294357
08-17 00:00:00,25.712360279754424
08-17 01:00:00,37.2388178876897
08-17 02:00:00,44.44758196802147
08-17 03:00:00,44.67828358291454
08-17 04:00:00,45.915344320238376
08-17 05:00:00,46.12048487364178
08-17 06:00:00,44.83756284777896
08-17 07:00:00,44.82785608506756
08-17 08:00:00,42.16913231077122
08-17 09:00:00,34.24392316452596
08-17 10:00:00,27.3104648350257
08-17 11:00:00,20.9759617811987
08-17 12:00:00,16.891326078263205
08-17 13:00:00,13.921553296454258
08-17 14:00:00,10.27144797127087
08-17 15:00:00,9.710180367031494
08-17 16:00:00,8.495351720477698
08-17 17:00:00,13.6299199278582
08-17 18:00:00,16.97331503235536
08-17 19:00:00,19.808584089788674
08-17 20:00:00,21.490012029004507
08-17 21:00:00,24.92225518935885
08-17 22:00:00,27.75441620436832
08-17 23:00:00,31.437630691215787
08-18 00:00:00,36.173710238242236
08-18 01:00:00,36.892839768414646
08-18 02:00:00,38.12566863612962
08-18 03:00:00,39.137658277919606
08-18 04:00:00,38.685763511746586
08-18 05:00:00,36.95806665855211
08-18 06:00:00,36.86649911418354
08-18 07:00:00,31.752504085509646
08-18 08:00:00,27.174729126348833
08-18 09:00:00,22.797409942185908
08-18 10:00:00,17.67594467996755
08-18 11:00:00,13.727466418633337
08-18 12:00:00,9.043613434406504
08-18 13:00:00,4.7333685634559926
08-18 14:00:00,3.2409236693122185
08-18 15:00:00,3.058739319286044
08-18 16:00:00,2.804721043276196
08-18 17:00:00,3.6576449226098027
08-18 18:00:00,9.850396820469246
08-18 19:00:00,14.002784853489697
08-18 20:00:00,16.993311557889623
08-18 21:00:00,21.512724997250135
08-18 22:00:00,22.419784735024745
08-18 23:00:00,21.032455663729248
08-19 00:00:00,22.099982450719416
08-19 01:00:00,22.46589423017443
08-19 02:00:00,23.060259675641703
08-19 03:00:00,24.015229699270485
08-19 04:00:00,25.670424348534112
08-19 05:00:00,26.28431738052757
08-19 06:00:00,26.17235969087754
08-19 07:00:00,18.996075863215147
08-19 08:00:00,13.396086729820215
08-19 09:00:00,7.619783993010453
08-19 10:00:00,5.724565092106937
08-19 11:00:00,2.6756964106341248
08-19 12:00:00,2.889149368999736
08-19 13:00:00,3.0337387452129603
08-19 14:00:00,2.9974182558990417
08-19 15:00:00,3.2912509009880777
08-19 16:00:00,3.2912509009880777
08-19 17:00:00,3.3658872778955424
08-19 18:00:00,6.525393147237725
08-19 19:00:00,6.908914520025601
08-19 20:00:00,8.894935340153529
08-19 21:00:00,9.800960833934994
08-19 22:00:00,13.896753271137879
08-19 23:00:00,15.773651646868338
08-20 00:00:00,18.058762486115675
08-20 01:00:00,17.05145756533731
08-20 02:00:00,18.90111666822161
08-20 03:00:00,22.974029376402214
08-20 04:00:00,23.037956319400774
08-20 05:00:00,21.61507940129049
08-20 06:00:00,19.508746001702864
08-20 07:00:00,14.653865344369528
08-20 08:00:00,8.651398847514358
08-20 09:00:00,2.5356491503849066
08-20 10:00:00,2.328905034386684
08-20 11:00:00,2.193261654423562
08-20 12:00:00,2.5356491503849066
08-20 13:00:00,1.7965887042386086
08-20 14:00:00,1.8290662078850728
08-20 15:00:00,1.7965887042386086
08-20 16:00:00,1.9930218273683
08-20 17:00:00,2.2948314213407275
08-20 18:00:00,2.500915995743632
08-20 19:00:00,2.7424262837568842
08-20 20:00:00,2.984531130278271
08-20 21:00:00,4.906954657003293
08-20 22:00:00,10.107791367184877
08-20 23:00:00,12.23252818207151
08-21 00:00:00,15.948560283090828
08-21 01:00:00,17.879153941686297
08-21 02:00:00,18.373802152552805
08-21 03:00:00,18.36096319120822
08-21 04:00:00,20.55280210341379
08-21 05:00:00,24.37286592492334
08-21 06:00:00,19.716360380138184
08-21 07:00:00,10.610762877480612
08-21 08:00:00,4.983429041191389
08-21 09:00:00,1.5721340634070151
08-21 10:00:00,1.2600891055267631
08-21 11:00:00,1.0475320387040479
08-21 12:00:00,0.810380744683202
08-21 13:00:00,0.7230064295567569
08-21 14:00:00,0.8690992697509666
08-21 15:00:00,0.8396929124783067
08-21 16:00:00,0.9578864444368628
08-21 17:00:00,1.38370871173098
08-21 18:00:00,1.635751475904005
08-21 19:00:00,1.861647817693321
08-21 20:00:00,1.8290662078850728
08-21 21:00:00,1.7642149829127718
08-21 22:00:00,1.6745738725219679
08-21 23:00:00,3.329475191722163
08-22 00:00:00,4.396507821497382
08-22 01:00:00,2.382950897062621
08-22 02:00:00,12.353156375776518
08-22 03:00:00,15.127454839575302
08-22 04:00:00,17.172820736451275
08-22 05:00:00,12.661279993402161
08-22 06:00:00,18.565111795389
08-22 07:00:00,16.098772069809023
08-22 08:00:00,11.763109291903785
08-22 09:00:00,8.490860620737346
08-22 10:00:00,4.708072700610554
08-22 11:00:00,2.9387099295369445
08-22 12:00:00,2.6756964106341248
08-22 13:00:00,3.180184514097365
08-22 14:00:00,3.217088702940164
08-22 15:00:00,11.882848220590745
08-22 16:00:00,13.708953910217385
08-22 17:00:00,16.39973006021015
08-22 18:00:00,21.50758661861652
08-22 19:00:00,24.586157841494597
08-22 20:00:00,27.03383602370932
08-22 21:00:00,27.32683584747695
08-22 22:00:00,30.348060797225937
08-22 23:00:00,31.52080798968888
08-23 00:00:00,32.13092381637878
08-23 01:00:00,33.3528724299783
08-23 02:00:00,33.91910120293323
08-23 03:00:00,32.99473106469179
08-23 04:00:00,35.93461743221242
08-23 05:00:00,35.37896155766644
08-23 06:00:00,33.80954938550495
08-23 07:00:00,29.64808701580341
08-23 08:00:00,23.836187265579767
08-23 09:00:00,16.244261828982715
08-23 10:00:00,11.377934226858022
08-23 11:00:00,9.73543427309777
08-23 12:00:00,7.9807646157420224
08-23 13:00:00,3.612050713938914
08-23 14:00:00,3.669233106876728
08-23 15:00:00,3.707697458578536
08-23 16:00:00,3.8635042232275367
08-23 17:00:00,7.805190459176105
08-23 18:00:00,9.660690059315412
08-23 19:00:00,12.603059359935346
08-23 20:00:00,15.030783092906828
08-23 21:00:00,18.55435505062804
08-23 22:00:00,18.829420265910375
08-23 23:00:00,24.351841138306625
08-24 00:00:00,22.86176894508597
08-24 01:00:00,25.42632804512013
08-24 02:00:00,32.010546313035604
08-24 03:00:00,32.403070830830565
08-24 04:00:00,30.034009743862917
08-24 05:00:00,30.460022739031416
08-24 06:00:00,29.75928906988601
08-24 07:00:00,29.299958790117618
08-24 08:00:00,28.160048892758006
08-24 09:00:00,24.957536899968137
08-24 10:00:00,22.216621079379774
08-24 11:00:00,17.211079790579113
08-24 12:00:00,19.514290761065393
08-24 13:00:00,18.848148732468715
08-24 14:00:00,19.150440802115163
08-24 15:00:00,16.769638108297542
08-24 16:00:00,15.832691815890382
08-24 17:00:00,16.829229390780277
08-24 18:00:00,17.45374651699974
08-24 19:00:00,20.68447748413857
08-24 20:00:00,23.626641736131027
08-24 21:00:00,23.88229534957151
08-24 22:00:00,28.19889115989969
08-24 23:00:00,32.551099695361856
08-25 00:00:00,30.017610154210534
08-25 01:00:00,30.97455765793424
08-25 02:00:00,31.65431493740436
08-25 03:00:00,33.15841181783345
08-25 04:00:00,33.31957108350635
08-25 05:00:00,34.12852673313296
08-25 06:00:00,32.925906034206704
08-25 07:00:00,30.11379702433641
08-25 08:00:00,28.297812852348944
08-25 09:00:00,23.49131736503879
08-25 10:00:00,20.020854914186454
08-25 11:00:00,16.309246153701523
08-25 12:00:00,16.481336001926334
08-25 13:00:00,16.000331599095958
08-25 14:00:00,15.706376103418517
08-25 15:00:00,14.454670609127541
08-25 16:00:00,12.650886879918241
08-25 17:00:00,15.35453141584452
08-25 18:00:00,18.927650966146288
08-25 19:00:00,21.224269707287636
08-25 20:00:00,24.53410355502743
08-25 21:00:00,29.063129911854254
08-25 22:00:00,33.92808701656902
08-25 23:00:00,36.20807029860045
08-26 00:00:00,39.81156873948146
08-26 01:00:00,40.32375360563802
08-26 02:00:00,42.25967024134923
08-26 03:00:00,44.67837379313287
08-26 04:00:00,46.10681635921544
08-26 05:00:00,47.60014814625351
08-26 06:00:00,45.27618696466483
08-26 07:00:00,34.72878615325402
08-26 08:00:00,23.68867397104512
08-26 09:00:00,20.254150146624593
08-26 10:00:00,10.291455154405105
08-26 11:00:00,5.879378328519053
08-26 12:00:00,3.9804017454480016
08-26 13:00:00,4.059438736678926
08-26 14:00:00,4.099146045861842
08-26 15:00:00,4.722077487663147
08-26 16:00:00,11.70181518155412
08-26 17:00:00,10.439065523653934
08-26 18:00:00,16.433965312666295
08-26 19:00:00,21.4061704659223
08-26 20:00:00,24.3105569614733
08-26 21:00:00,28.36830505153622
08-26 22:00:00,29.437718605927408
08-26 23:00:00,30.467010318754
08-27 00:00:00,30.80620581120636
08-27 01:00:00,33.20400819124518
08-27 02:00:00,35.74539472046847
08-27 03:00:00,37.155798873946935
08-27 04:00:00,40.102215438333424
08-27 05:00:00,41.665622929043735
08-27 06:00:00,41.049609415206234
08-27 07:00:00,37.455782211380864
08-27 08:00:00,31.052122507178062
08-27 09:00:00,26.320262957535633
08-27 10:00:00,20.155826219869404
08-27 11:00:00,14.928810946906484
08-27 12:00:00,11.830753718129728
08-27 13:00:00,11.88099037370139
08-27 14:00:00,11.13330649578287
08-27 15:00:00,11.69916508874296
08-27 16:00:00,13.881269270432696
08-27 17:00:00,16.127226416958987
08-27 18:00:00,22.537719863441627
08-27 19:00:00,26.910066516915048
08-27 20:00:00,29.95006115632712
08-27 21:00:00,35.68156746691987
08-27 22:00:00,41.638204652318066
08-27 23:00:00,43.743300391359355
08-28 00:00:00,44.37562258721128
08-28 01:00:00,45.17240408080336
08-28 02:00:00,45.4366045697618
08-28 03:00:00,48.591289143698425
08-28 04:00:00,51.15357597079583
08-28 05:00:00,51.696710913101334
08-28 06:00:00,51.66490668174272
08-28 07:00:00,45.95626061038969
08-28 08:00:00,42.81676946060093
08-28 09:00:00,41.574605036814745
08-28 10:00:00,36.343921312592
08-28 11:00:00,31.02937787702659
08-28 12:00:00,26.61272291639843
08-28 13:00:00,24.68472602533714
08-28 14:00:00,37.43275675612219
08-28 15:00:00,50.296416794898185
08-28 16:00:00,47.925514500406905
08-28 17:00:00,49.11106174356282
08-28 18:00:00,48.87775060734066
08-28 19:00:00,51.625478890354294
08-28 20:00:00,52.64008005132818
08-28 21:00:00,51.94782337620843
08-28 22:00:00,51.85581336591808
08-28 23:00:00,52.58213771663709
08-29 00:00:00,52.65390829619728
08-29 01:00:00,54.42561917041568
08-29 02:00:00,54.32856397906445
08-29 03:00:00,55.6559210291839
08-29 04:00:00,55.11997940884136
08-29 05:00:00,55.79985431436182
08-29 06:00:00,53.959903109373144
08-29 07:00:00,50.81765582881497
08-29 08:00:00,48.076419507113414
08-29 09:00:00,47.415434200750994
08-29 10:00:00,42.668236475770534
08-29 11:00:00,39.13820827805456
08-29 12:00:00,33.948987229147434
08-29 13:00:00,37.503174143581774
08-29 14:00:00,37.85717571489485
08-29 15:00:00,37.793342224946535
08-29 16:00:00,34.48187650955588
08-29 17:00:00,34.52985061797972
08-29 18:00:00,33.4550183770837
08-29 19:00:00,33.9843916664349
08-29 20:00:00,35.13024351604148
08-29 21:00:00,36.889340249560256
08-29 22:00:00,38.66496382266725
08-29 23:00:00,40.40805019145017
08-30 00:00:00,43.27665692298483
08-30 01:00:00,43.27665692298483
08-30 02:00:00,43.90511812007162
08-30 03:00:00,44.461568367040016
08-30 04:00:00,46.235423479601195
08-30 05:00:00,45.69281375104742
08-30 06:00:00,43.963667875945056
08-30 07:00:00,38.10841443042024
08-30 08:00:00,36.08567773989283
08-30 09:00:00,32.37897834299228
08-30 10:00:00,30.335169856996217
08-30 11:00:00,29.88611547277241
08-30 12:00:00,30.38236674985589
08-30 13:00:00,27.847353339575186
08-30 14:00:00,20.427749890144153
08-30 15:00:00,22.388060339849055
08-30 16:00:00,20.849366853328856
08-30 17:00:00,24.137362084717683
08-30 18:00:00,30.206604707253796
08-30 19:00:00,34.69209114580345
08-30 20:00:00,37.48293005343971
08-30 21:00:00,37.011810842569695
08-30 22:00:00,37.51056168293199
08-30 23:00:00,38.72820209202679
08-31 00:00:00,38.861975002823144
08-31 01:00:00,38.88592369016469
08-31 02:00:00,38.93405150506843
08-31 03:00:00,38.52379880139005
08-31 04:00:00,39.04488257645112
08-31 05:00:00,39.65483859218078
08-31 06:00:00,40.17954544816272
08-31 07:00:00,35.82726307711778
08-31 08:00:00,33.614214418229665
08-31 09:00:00,28.01727822112705
08-31 10:00:00,23.507128603921572
08-31 11:00:00,18.40128880713381
08-31 12:00:00,13.88410868919119
08-31 13:00:00,12.592100331103758
08-31 14:00:00,8.750011980401432
08-31 15:00:00,10.065222192089566
08-31 16:00:00,14.031198824526816
08-31 17:00:00,17.43174819512692
08-31 18:00:00,21.29535735936736
08-31 19:00:00,27.441267858720117
08-31 20:00:00,31.507520247284468
08-31 21:00:00,34.48187650955588
08-31 22:00:00,39.58526318726966
08-31 23:00:00,40.820833162609205
09-01 00:00:00,42.62759969618812
09-01 01:00:00,43.98979432588743
09-01 02:00:00,46.69080012183038
09-01 03:00:00,48.450793115024865
09-01 04:00:00,48.62224838613709
09-01 05:00:00,54.468842302629696
09-01 06:00:00,49.78229544345005
09-01 07:00:00,40.02116587759997
09-01 08:00:00,33.225091921765184
09-01 09:00:00,25.825888841514995
09-01 10:00:00,17.132988828176448
09-01 11:00:00,11.101565588370992
09-01 12:00:00,5.188802434943526
09-01 13:00:00,3.516594244568448
09-01 14:00:00,3.4033841938576663
09-01 15:00:00,3.882154987072624
09-01 16:00:00,3.5311805380672725
09-01 17:00:00,3.7655689347922623
09-01 18:00:00,14.35472969996657
09-01 19:00:00,20.301135224955114
09-01 20:00:00,24.419626894262713
09-01 21:00:00,27.758230211837404
09-01 22:00:00,33.49200528981575
09-01 23:00:00,37.306446050511326
09-02 00:00:00,39.91420078556269
09-02 01:00:00,43.38446989107317
09-02 02:00:00,45.983851218439085
09-02 03:00:00,47.25255144475904
09-02 04:00:00,51.04143182063865
09-02 05:00:00,51.110814723852585
09-02 06:00:00,49.788449821730104
09-02 07:00:00,41.03532621299729
09-02 08:00:00,32.85778228736285
09-02 09:00:00,26.86640813426786
09-02 10:00:00,17.31487118506402
09-02 11:00:00,9.711969359756495
09-02 12:00:00,3.712821588204284
09-02 13:00:00,1.4148619738919923
09-02 14:00:00,1.7642149829127718
09-02 15:00:00,1.8943338584181373
09-02 16:00:00,2.0593419563056554
09-02 17:00:00,2.237090363057731
09-02 18:00:00,4.427460437070852
09-02 19:00:00,9.223371443765618
09-02 20:00:00,11.063925111963393
09-02 21:00:00,19.017829472412124
09-02 22:00:00,23.549536607253195
09-02 23:00:00,26.848347276356588
09-03 00:00:00,28.463368970978085
09-03 01:00:00,31.439182075865805
09-03 02:00:00,33.965310212557895
09-03 03:00:00,34.98703832239407
09-03 04:00:00,35.807439216722486
09-03 05:00:00,37.589943554546934
09-03 06:00:00,34.876744662927265
09-03 07:00:00,28.855248978726074
09-03 08:00:00,25.08312180208864
09-03 09:00:00,16.013792196045046
09-03 10:00:00,6.741123088788626
09-03 11:00:00,2.3899591592845324
09-03 12:00:00,2.466293617377103
09-03 13:00:00,2.328905034386684
09-03 14:00:00,2.328905034386684
09-03 15:00:00,2.328905034386684
09-03 16:00:00,2.570493424546957
09-03 17:00:00,2.8282084271489945
09-03 18:00:00,3.217225376175192
09-03 19:00:00,3.351028353856619
09-03 20:00:00,7.314674357799298
09-03 21:00:00,16.60331999969164
09-03 22:00:00,20.41311622040094
09-03 23:00:00,24.292066964672763
09-04 00:00:00,28.257827928533498
09-04 01:00:00,30.20613676243145
09-04 02:00:00,32.54323728197146
09-04 03:00:00,33.76007926158688
09-04 04:00:00,35.56920205886986
09-04 05:00:00,37.936832004026314
09-04 06:00:00,37.82647145234518
09-04 07:00:00,28.630870678818564
09-04 08:00:00,20.098316729147577
09-04 09:00:00,12.404169411566077
09-04 10:00:00,4.265645618004108
09-04 11:00:00,2.605449162409914
09-04 12:00:00,2.7109886140329027
09-04 13:00:00,2.9612134335636697
09-04 14:00:00,2.817543719278472
09-04 15:00:00,2.9251239227641843
09-04 16:00:00,2.889149368999736
09-04 17:00:00,2.6793391057067337
09-04 18:00:00,2.8282084271489945
09-04 19:00:00,4.693264793692235
09-04 20:00:00,9.266823221888629
09-04 21:00:00,17.377582725846814
09-04 22:00:00,20.178567003430235
09-04 23:00:00,25.477995974674588
09-05 00:00:00,29.493854083226676
09-05 01:00:00,30.389268732018316
09-05 02:00:00,33.99504158602599
09-05 03:00:00,35.60513334083044
09-05 04:00:00,35.208795773411474
09-05 05:00:00,37.043065387915206
09-05 06:00:00,36.794336171474676
09-05 07:00:00,27.744602833184295
09-05 08:00:00,17.85221205652124
09-05 09:00:00,9.777061829222792
09-05 10:00:00,2.9260012680618974
09-05 11:00:00,1.9600205362116405
09-05 12:00:00,2.1596209701797666
09-05 13:00:00,2.466293617377103
09-05 14:00:00,2.570493424546957
09-05 15:00:00,2.466293617377103
09-05 16:00:00,2.500915995743632
09-05 17:00:00,2.431781672972599
09-05 18:00:00,2.917586535934862
09-05 19:00:00,3.3912681690084954
09-05 20:00:00,5.5174840124880955
09-05 21:00:00,11.805942679197145
09-05 22:00:00,19.81414059258793
09-05 23:00:00,22.08969728995156
09-06 00:00:00,24.382596143959635
09-06 01:00:00,26.233304223859182
09-06 02:00:00,28.60550304158529
09-06 03:00:00,32.090994915937465
09-06 04:00:00,34.37908602214975
09-06 05:00:00,33.77564622388083
09-06 06:00:00,32.32169908805422
09-06 07:00:00,26.32124800542448
09-06 08:00:00,16.118733806818078
09-06 09:00:00,10.302713511546067
09-06 10:00:00,3.0287276715692504
09-06 11:00:00,1.4774687123404802
09-06 12:00:00,2.328905034386684
09-06 13:00:00,2.5356491503849066
09-06 14:00:00,2.328905034386684
09-06 15:00:00,2.363087721460503
09-06 16:00:00,2.363087721460503
09-06 17:00:00,2.1649100775610344
09-06 18:00:00,2.6429762986919014
09-06 19:00:00,3.217225376175192
09-06 20:00:00,4.454029566902434
09-06 21:00:00,8.715967718090996
09-06 22:00:00,17.920031958754183
09-06 23:00:00,20.11953627171068
09-07 00:00:00,22.041519833046994
09-07 01:00:00,25.923517362803498
09-07 02:00:00,26.221432063916183
09-07 03:00:00,28.34056057480865
09-07 04:00:00,31.703706169974346
09-07 05:00:00,33.33826913136442
09-07 06:00:00,31.933529714559658
09-07 07:00:00,25.311373831638356
09-07 08:00:00,19.193834415056983
09-07 09:00:00,13.714744421453332
09-07 10:00:00,7.744316094838636
09-07 11:00:00,1.7642149829127718
09-07 12:00:00,1.8290662078850728
09-07 13:00:00,2.1596209701797666
09-07 14:00:00,2.0593419563056554
09-07 15:00:00,1.8943338584181373
09-07 16:00:00,2.500915995743632
09-07 17:00:00,2.431781672972599
09-07 18:00:00,2.9147311182532634
09-07 19:00:00,5.096438094014659
09-07 20:00:00,11.066328003936997
09-07 21:00:00,16.57899150778853
09-07 22:00:00,20.751718386377796
09-07 23:00:00,22.967659950311706
09-08 00:00:00,25.12246194895984
09-08 01:00:00,25.607899061156363
09-08 02:00:00,30.21293573776334
09-08 03:00:00,31.464051267918595
09-08 04:00:00,32.626135802059025
09-08 05:00:00,34.2334820091866
09-08 06:00:00,33.68961308410135
09-08 07:00:00,27.32770875782343
09-08 08:00:00,19.76767202029653
09-08 09:00:00,12.241432580295442
09-08 10:00:00,4.971060032436049
09-08 11:00:00,1.3526551045459947
09-08 12:00:00,1.2908456112818216
09-08 13:00:00,0.987672529985233
09-08 14:00:00,0.9578864444368628
09-08 15:00:00,0.7811624710710349
09-08 16:00:00,0.9578864444368628
09-08 17:00:00,1.4774687123404802
09-08 18:00:00,2.32347029378709
09-08 19:00:00,2.7727559291756716
09-08 20:00:00,6.08900605246163
09-08 21:00:00,8.758952528842256
09-08 22:00:00,7.329721080125871
09-08 23:00:00,7.897155546378956
09-09 00:00:00,7.864182454008828
09-09 01:00:00,8.982535160172231
09-09 02:00:00,12.429225625896205
09-09 03:00:00,18.785801709580824
09-09 04:00:00,23.347908187893566
09-09 05:00:00,25.813644700913322
09-09 06:00:00,25.284044652592755
09-09 07:00:00,22.699569427646423
09-09 08:00:00,19.202065556948142
09-09 09:00:00,8.627184470687325
09-09 10:00:00,7.305362761768961
09-09 11:00:00,6.416211529179637
09-09 12:00:00,3.290246056692797
09-09 13:00:00,1.7965887042386086
09-09 14:00:00,1.699777596419505
09-09 15:00:00,2.6181358088597237
09-09 16:00:00,2.8571608827493136
09-09 17:00:00,3.1874736236268415
09-09 18:00:00,7.603320971406182
09-09 19:00:00,7.924385613027421
09-09 20:00:00,11.542246872685238
09-09 21:00:00,12.257401609721317
09-09 22:00:00,17.336828282854484
09-09 23:00:00,20.91169126044681
09-10 00:00:00,22.964330502421653
09-10 01:00:00,25.699711300548184
09-10 02:00:00,25.981052018864354
09-10 03:00:00,27.0234487432687
09-10 04:00:00,28.752870507784177
09-10 05:00:00,29.931849715342963
09-10 06:00:00,29.894827707061943
09-10 07:00:00,21.06113913999289
09-10 08:00:00,13.666198780870225
09-10 09:00:00,7.274301371803541
09-10 10:00:00,4.503269098401895
09-10 11:00:00,2.500915995743632
09-10 12:00:00,2.605449162409914
09-10 13:00:00,2.889149368999736
09-10 14:00:00,3.1433977835898443
09-10 15:00:00,3.180184514097365
09-10 16:00:00,3.254110711221182
09-10 17:00:00,5.770113625422564
09-10 18:00:00,15.31434170210095
09-10 19:00:00,20.62846392004281
09-10 20:00:00,23.839102663135222
09-10 21:00:00,24.907376678543045
09-10 22:00:00,25.82183504834702
09-10 23:00:00,26.253588648160715
09-11 00:00:00,29.11359868948592
09-11 01:00:00,31.580140947026507
09-11 02:00:00,31.08063284612347
09-11 03:00:00,30.560187404876622
09-11 04:00:00,31.717757980988566
09-11 05:00:00,31.195865409734118
09-11 06:00:00,30.06459861373219
09-11 07:00:00,26.48471279919348
09-11 08:00:00,17.880840409764332
09-11 09:00:00,9.477082678743972
09-11 10:00:00,2.9445039263922803
09-11 11:00:00,2.6756964106341248
09-11 12:00:00,2.605449162409914
09-11 13:00:00,2.3973798211499098
09-11 14:00:00,2.328905034386684
09-11 15:00:00,2.1260876809430718
09-11 16:00:00,2.363087721460503
09-11 17:00:00,2.8207343156422007
09-11 18:00:00,10.709984446085056
09-11 19:00:00,12.869958838714297
09-11 20:00:00,13.537442866438003
09-11 21:00:00,12.380538136518274
09-11 22:00:00,16.40173301103409
09-11 23:00:00,17.578464328065273
09-12 00:00:00,21.26752426026871
09-12 01:00:00,25.059148743950157
09-12 02:00:00,27.90212518395527
09-12 03:00:00,31.40062965469246
09-12 04:00:00,32.353696542695076
09-12 05:00:00,31.816311805940625
09-12 06:00:00,29.651076182225488
09-12 07:00:00,26.27190217533326
09-12 08:00:00,21.999401654655124
09-12 09:00:00,14.135387321251017
09-12 10:00:00,8.674109120003898
09-12 11:00:00,5.2313029722281845
09-12 12:00:00,3.1541684028582972
09-12 13:00:00,2.0593419563056554
09-12 14:00:00,2.1596209701797666
09-12 15:00:00,1.7642149829127718
09-12 16:00:00,1.9600205362116405
09-12 17:00:00,3.687807617005973
09-12 18:00:00,6.289915754678194
09-12 19:00:00,8.654036031897155
09-12 20:00:00,13.273957288301817
09-12 21:00:00,17.98475262795064
09-12 22:00:00,21.74560105764745
09-12 23:00:00,23.226069055561023
09-13 00:00:00,25.994894862490025
09-13 01:00:00,27.147043663782775
09-13 02:00:00,27.502476563398044
09-13 03:00:00,28.800430846275955
09-13 04:00:00,30.47480511597668
09-13 05:00:00,32.1672609799674
09-13 06:00:00,31.858006273429538
09-13 07:00:00,25.04096141727712
09-13 08:00:00,17.165083227772428
09-13 09:00:00,10.010158916346006
09-13 10:00:00,2.7237010482194353
09-13 11:00:00,1.7642149829127718
09-13 12:00:00,1.4148619738919923
09-13 13:00:00,1.6677132881273586
09-13 14:00:00,2.3973798211499098
09-13 15:00:00,2.1596209701797666
09-13 16:00:00,2.3973798211499098
09-13 17:00:00,2.500915995743632
09-13 18:00:00,2.943025002268851
09-13 19:00:00,2.773222296356499
09-13 20:00:00,2.5356491503849066
09-13 21:00:00,11.052562826912203
09-13 22:00:00,14.458177450232794
09-13 23:00:00,14.532008350674278
09-14 00:00:00,17.208158400882613
09-14 01:00:00,18.127007527713033
09-14 02:00:00,20.71280297461799
09-14 03:00:00,20.17401208989201
09-14 04:00:00,20.773116681195138
09-14 05:00:00,23.416142676740066
09-14 06:00:00,22.253415993267456
09-14 07:00:00,17.355555304246213
09-14 08:00:00,9.71213264502417
09-14 09:00:00,1.6627593767648292
09-14 10:00:00,1.4461152031042865
09-14 11:00:00,1.1380441670771158
09-14 12:00:00,0.810380744683202
09-14 13:00:00,0.9578864444368628
09-14 14:00:00,0.987672529985233
09-14 15:00:00,1.5404778272698474
09-14 16:00:00,1.8943338584181373
09-14 17:00:00,2.1596209701797666
09-14 18:00:00,2.363087721460503
09-14 19:00:00,2.2948314213407275
09-14 20:00:00,2.363987188972974
09-14 21:00:00,5.23613196636861
09-14 22:00:00,5.730306049218919
09-14 23:00:00,3.9859863820737886
09-15 00:00:00,6.504784431745622
09-15 01:00:00,9.277485436352288
09-15 02:00:00,12.112258136591326
09-15 03:00:00,12.917735690021503
09-15 04:00:00,12.292796189789915
09-15 05:00:00,12.807598261524976
09-15 06:00:00,12.761978626942003
09-15 07:00:00,11.255736765418025
09-15 08:00:00,8.91780603262841
09-15 09:00:00,7.1460567416708765
09-15 10:00:00,1.7513247246069676
09-15 11:00:00,1.9600205362116405
09-15 12:00:00,2.0261288576196934
09-15 13:00:00,1.8290662078850728
09-15 14:00:00,2.1260876809430718
09-15 15:00:00,4.06867260629937
09-15 16:00:00,3.9634696202122024
09-15 17:00:00,5.950621541723278
09-15 18:00:00,8.092761937620804
09-15 19:00:00,9.702717938851112
09-15 20:00:00,8.743361719708881
09-15 21:00:00,12.300838735106584
09-15 22:00:00,14.0139007946041
09-15 23:00:00,16.10073461724103
09-16 00:00:00,15.150572569444385
09-16 01:00:00,16.198240822911945
09-16 02:00:00,15.671748950029063
09-16 03:00:00,16.420835449592644
09-16 04:00:00,17.013901306693633
09-16 05:00:00,16.079010953765362
09-16 06:00:00,17.10010912075091
09-16 07:00:00,14.399000838671089
09-16 08:00:00,10.303995178422504
09-16 09:00:00,11.383145358227484
09-16 10:00:00,7.995601739414136
09-16 11:00:00,4.560972392916834
09-16 12:00:00,3.4410007489492602
09-16 13:00:00,5.377852506273636
09-16 14:00:00,6.949004584603216
09-16 15:00:00,10.988809493775735
09-16 16:00:00,14.54371060943037
09-16 17:00:00,18.7462825640528
09-16 18:00:00,19.34057837510948
09-16 19:00:00,21.080804884449645
09-16 20:00:00,22.214258257224934
09-16 21:00:00,24.772457310454136
09-16 22:00:00,24.97676691421059
09-16 23:00:00,26.2138813389778
09-17 00:00:00,27.954506321479737
09-17 01:00:00,29.360668617682396
09-17 02:00:00,31.74383619170503
09-17 03:00:00,32.98615375310705
09-17 04:00:00,32.627762053329164
09-17 05:00:00,33.85705262777642
09-17 06:00:00,35.00548741366098
09-17 07:00:00,29.51954139682289
09-17 08:00:00,23.654280742626216
09-17 09:00:00,18.915517617894558
09-17 10:00:00,16.733074512566944
09-17 11:00:00,11.528522145570804
09-17 12:00:00,8.80476387885507
09-17 13:00:00,5.546201579413467
09-17 14:00:00,3.3658872778955424
09-17 15:00:00,3.8910625258904945
09-17 16:00:00,6.572898630030751
09-17 17:00:00,13.937705934832234
09-17 18:00:00,16.963348794682844
09-17 19:00:00,20.498255977201246
09-17 20:00:00,23.881118378178627
09-17 21:00:00,25.535027932128138
09-17 22:00:00,28.85948198221771
09-17 23:00:00,32.87710418617802
09-18 00:00:00,36.2644108189805
09-18 01:00:00,39.21634795246539
09-18 02:00:00,42.350678440127524
09-18 03:00:00,44.7264708959608
09-18 04:00:00,45.939096723123214
09-18 05:00:00,48.328521761151805
09-18 06:00:00,48.39866926655801
09-18 07:00:00,41.772853998016046
09-18 08:00:00,36.26520782479234
09-18 09:00:00,32.465050626675556
09-18 10:00:00,23.31767067426771
09-18 11:00:00,14.56752423899553
09-18 12:00:00,5.67319255409501
09-18 13:00:00,2.640516709088771
09-18 14:00:00,3.254110711221182
09-18 15:00:00,3.71136993199811
09-18 16:00:00,5.11403863856918
09-18 17:00:00,14.345541850589878
09-18 18:00:00,17.256653932631117
09-18 19:00:00,20.88567704289288
09-18 20:00:00,21.99688131469692
09-18 21:00:00,23.740694285571017
09-18 22:00:00,32.462100208380406
09-18 23:00:00,36.47305538460676
09-19 00:00:00,37.87306754012094
09-19 01:00:00,38.18153782308753
09-19 02:00:00,41.04992647597158
09-19 03:00:00,43.306252102955156
09-19 04:00:00,44.71605646494843
09-19 05:00:00,44.71605646494843
09-19 06:00:00,43.004153088915416
09-19 07:00:00,42.837595497851275
09-19 08:00:00,41.1675367696122
09-19 09:00:00,43.60398238366213
09-19 10:00:00,42.63009984647503
09-19 11:00:00,42.33416282348071
09-19 12:00:00,43.9918293643871
09-19 13:00:00,46.725440020602775
09-19 14:00:00,50.30549371318031
09-19 15:00:00,50.780933697074204
09-19 16:00:00,52.13138874795564
09-19 17:00:00,56.41085360739258
09-19 18:00:00,58.31847644126224
09-19 19:00:00,58.322619849267966
09-19 20:00:00,57.5811632848829
09-19 21:00:00,58.053195787981124
09-19 22:00:00,58.413123381615854
09-19 23:00:00,57.72449412869505
09-20 00:00:00,57.75051731468124
09-20 01:00:00,57.77662366719535
09-20 02:00:00,58.35164751839423
09-20 03:00:00,57.684031931815255
09-20 04:00:00,56.992434009682086
09-20 05:00:00,56.992434009682086
09-20 06:00:00,56.92047832099465
09-20 07:00:00,55.56420060338743
09-20 08:00:00,52.11674634958644
09-20 09:00:00,46.64904034107672
09-20 10:00:00,40.71667718376527
09-20 11:00:00,36.62023632240846
09-20 12:00:00,31.116422406438684
09-20 13:00:00,28.67997491782888
09-20 14:00:00,28.679496294425178
09-20 15:00:00,30.289268381939994
09-20 16:00:00,32.43888026828732
09-20 17:00:00,35.50095252313476
09-20 18:00:00,38.37011145080538
09-20 19:00:00,39.88523513066748
09-20 20:00:00,39.59471886717314
09-20 21:00:00,40.72938173888474
09-20 22:00:00,42.99926169899352
09-20 23:00:00,42.430297597129794
09-21 00:00:00,42.91613327200011
09-21 01:00:00,43.98815874183943
09-21 02:00:00,43.97953640730615
09-21 03:00:00,43.97379166306876
09-21 04:00:00,47.71022530995765
09-21 05:00:00,49.076812786894024
09-21 06:00:00,51.80748832820035
09-21 07:00:00,49.75127942986795
09-21 08:00:00,41.458355903242605
09-21 09:00:00,33.087290318723696
09-21 10:00:00,26.01926000471689
09-21 11:00:00,20.60115544235385
09-21 12:00:00,17.0867493539682
09-21 13:00:00,12.838596482862743
09-21 14:00:00,13.429704400915453
09-21 15:00:00,13.860511895258977
09-21 16:00:00,16.363097920328247
09-21 17:00:00,23.833521633489774
09-21 18:00:00,29.664819910902384
09-21 19:00:00,30.04973096210321
09-21 20:00:00,32.78460675837374
09-21 21:00:00,36.89986531875449
09-21 22:00:00,41.736775717957485
09-21 23:00:00,45.59230426033121
09-22 00:00:00,53.40919581465171
09-22 01:00:00,56.74210543101326
09-22 02:00:00,59.576050100399186
09-22 03:00:00,61.21330653233403
09-22 04:00:00,63.649088649661344
09-22 05:00:00,65.06801103080082
09-22 06:00:00,62.80678727922041
09-22 07:00:00,58.06280782740701
09-22 08:00:00,53.083814611374926
09-22 09:00:00,45.4992640675662
09-22 10:00:00,37.8649861562608
09-22 11:00:00,31.8608128610694
09-22 12:00:00,28.640141409135744
09-22 13:00:00,23.789639341073695
09-22 14:00:00,20.512315644213903
09-22 15:00:00,19.73717150841348
09-22 16:00:00,22.114852534450364
09-22 17:00:00,26.976830177786898
09-22 18:00:00,28.948261647931552
09-22 19:00:00,35.76440673976233
09-22 20:00:00,40.84105808448126
09-22 21:00:00,47.41476518992435
09-22 22:00:00,49.99330658076642
09-22 23:00:00,54.85217621237916
09-23 00:00:00,56.0544659524414
09-23 01:00:00,58.48944380761783
09-23 02:00:00,59.36900493892111
09-23 03:00:00,62.429916504806215
09-23 04:00:00,61.95629201598718
09-23 05:00:00,61.54325743706308
09-23 06:00:00,58.948376848466076
09-23 07:00:00,57.717508328908885
09-23 08:00:00,46.66351143250541
09-23 09:00:00,38.56258639777228
09-23 10:00:00,35.374486841374875
09-23 11:00:00,32.16920158348066
09-23 12:00:00,25.36181581040261
09-23 13:00:00,19.31824267417287
09-23 14:00:00,14.996505784984297
09-23 15:00:00,11.855389045809423
09-23 16:00:00,15.120466893072045
09-23 17:00:00,19.072632933019918
09-23 18:00:00,21.33810913338135
09-23 19:00:00,23.153726244779516
09-23 20:00:00,30.66561004249472
09-23 21:00:00,34.344785203021885
09-23 22:00:00,38.03565240195124
09-23 23:00:00,39.53990920286911
09-24 00:00:00,42.8985996060972
09-24 01:00:00,46.62706905718555
09-24 02:00:00,47.561799620094575
09-24 03:00:00,48.18472144174524
09-24 04:00:00,48.05321739606191
09-24 05:00:00,48.89195766222336
09-24 06:00:00,47.13135371896924
09-24 07:00:00,47.519326301685496
09-24 08:00:00,39.063673198680775
09-24 09:00:00,26.68781410231836
09-24 10:00:00,14.821370393975062
09-24 11:00:00,6.262371209316749
09-24 12:00:00,1.861647817693321
09-24 13:00:00,1.7965887042386086
09-24 14:00:00,1.8290662078850728
09-24 15:00:00,2.236024637620454
09-24 16:00:00,4.761350469481406
09-24 17:00:00,7.546305583440276
09-24 18:00:00,9.972687151984893
09-24 19:00:00,14.884499021045054
09-24 20:00:00,24.89667040123663
09-24 21:00:00,27.705264443349506
09-24 22:00:00,29.77372577613617
09-24 23:00:00,34.69820071149494
09-25 00:00:00,34.30672031592313
09-25 01:00:00,33.983346484923615
09-25 02:00:00,38.049948213465
09-25 03:00:00,40.96791604371455
09-25 04:00:00,41.055279718523984
09-25 05:00:00,41.13435215998024
09-25 06:00:00,43.05718004837621
09-25 07:00:00,37.9723202101049
09-25 08:00:00,29.800135136856483
09-25 09:00:00,20.348282353648134
09-25 10:00:00,10.672359674507426
09-25 11:00:00,5.890757748070186
09-25 12:00:00,1.1988710332723622
09-25 13:00:00,0.8986001126656089
09-25 14:00:00,1.0776060638263298
09-25 15:00:00,1.3883714970041958
09-25 16:00:00,1.719157600047601
09-25 17:00:00,3.1631829728527476
09-25 18:00:00,5.934294610961306
09-25 19:00:00,7.121742385644178
09-25 20:00:00,8.246294212680983
09-25 21:00:00,10.594051213295755
09-25 22:00:00,13.297244717057211
09-25 23:00:00,15.108233710614371
09-26 00:00:00,14.299040961705312
09-26 01:00:00,15.105977607650477
09-26 02:00:00,17.81702814931983
09-26 03:00:00,20.716538684832443
09-26 04:00:00,25.017698536854553
09-26 05:00:00,26.686746225962743
09-26 06:00:00,27.784818934942557
09-26 07:00:00,22.259629883785266
09-26 08:00:00,15.236069662024077
09-26 09:00:00,12.647132636856707
09-26 10:00:00,11.380393870650076
09-26 11:00:00,8.786531916868167
09-26 12:00:00,11.966618039308834
09-26 13:00:00,9.571418457859219
09-26 14:00:00,4.645508863537011
09-26 15:00:00,5.00836319727105
09-26 16:00:00,9.76990604810069
09-26 17:00:00,13.122055821482906
09-26 18:00:00,14.263920615188006
09-26 19:00:00,18.74454965805119
09-26 20:00:00,24.530536926839183
09-26 21:00:00,32.784990658496454
09-26 22:00:00,30.63162731520643
09-26 23:00:00,36.120491096839814
09-27 00:00:00,37.90396615310862
09-27 01:00:00,37.526998107512554
09-27 02:00:00,36.48816359063434
09-27 03:00:00,35.87877053558234
09-27 04:00:00,36.32028356642249
09-27 05:00:00,39.15233241509271
09-27 06:00:00,39.756501439659985
09-27 07:00:00,36.4233311882972
09-27 08:00:00,27.916594992489216
09-27 09:00:00,17.847967894190248
09-27 10:00:00,10.584257934477328
09-27 11:00:00,5.50691171523668
09-27 12:00:00,2.8532894187107662
09-27 13:00:00,2.6756964106341248
09-27 14:00:00,3.180184514097365
09-27 15:00:00,3.4787373099456795
09-27 16:00:00,3.5762631956680537
09-27 17:00:00,7.125957151644149
09-27 18:00:00,8.859860042597425
09-27 19:00:00,15.12679390457689
09-27 20:00:00,19.4967817939213
09-27 21:00:00,20.22824567949523
09-27 22:00:00,24.098499070057365
09-27 23:00:00,24.24489124703061
09-28 00:00:00,26.946709273974644
09-28 01:00:00,25.500158200448624
09-28 02:00:00,27.096570423153928
09-28 03:00:00,35.37304604729688
09-28 04:00:00,37.842726076978664
09-28 05:00:00,39.02886369632924
09-28 06:00:00,40.264330136879565
09-28 07:00:00,40.322684100842835
09-28 08:00:00,38.05841635194962
09-28 09:00:00,36.34677911578474
09-28 10:00:00,33.77802118622703
09-28 11:00:00,31.261265778884233
09-28 12:00:00,27.90501537495345
09-28 13:00:00,24.88637407096797
09-28 14:00:00,22.276047902623436
09-28 15:00:00,21.73147363668528
09-28 16:00:00,23.364684724067835
09-28 17:00:00,26.787198779156004
09-28 18:00:00,28.052507127573957
09-28 19:00:00,28.882542215501903
09-28 20:00:00,30.035100510099987
09-28 21:00:00,30.883604635353578
09-28 22:00:00,33.65061317499391
09-28 23:00:00,35.94525836945873
09-29 00:00:00,33.34946044940016
09-29 01:00:00,34.20214522809275
09-29 02:00:00,36.552090229526726
09-29 03:00:00,38.19852264728302
09-29 04:00:00,41.613163696844296
09-29 05:00:00,41.34103536097799
09-29 06:00:00,41.986493880560275
09-29 07:00:00,42.722109856765385
09-29 08:00:00,41.43637208788291
09-29 09:00:00,35.934408308406496
09-29 10:00:00,26.404907805785225
09-29 11:00:00,22.236749168531666
09-29 12:00:00,19.258178898955897
09-29 13:00:00,19.341886469775215
09-29 14:00:00,13.245324055713276
09-29 15:00:00,15.803742436279045
09-29 16:00:00,25.638610031477096
09-29 17:00:00,31.981270967521745
09-29 18:00:00,37.91489794094859
09-29 19:00:00,48.072787980978326
09-29 20:00:00,51.54859662296212
09-29 21:00:00,54.7669156682645
09-29 22:00:00,55.14341236940322
09-29 23:00:00,58.26756375485738
09-30 00:00:00,60.13485931967453
09-30 01:00:00,64.36998309495826
09-30 02:00:00,64.42108997372887
09-30 03:00:00,64.68198577907765
09-30 04:00:00,62.91232841616898
09-30 05:00:00,65.21896447816113
09-30 06:00:00,66.42494143267135
09-30 07:00:00,66.45578674369989
09-30 08:00:00,56.76940916474119
09-30 09:00:00,49.16123178911509
09-30 10:00:00,40.34226398248417
09-30 11:00:00,36.905977238943834
09-30 12:00:00,32.17993666530133
09-30 13:00:00,27.612506457687083
09-30 14:00:00,25.61664420391945
09-30 15:00:00,27.341516693223785
09-30 16:00:00,37.76630590462704
09-30 17:00:00,41.09599959409796
09-30 18:00:00,43.92632981600437
09-30 19:00:00,49.041665770364645
09-30 20:00:00,50.3703928490248
09-30 21:00:00,56.082069389915816
09-30 22:00:00,61.86140316959186
09-30 23:00:00,61.473914615804084
10-01 00:00:00,60.89686478262455
10-01 01:00:00,64.60686770581675
10-01 02:00:00,67.63933147056787
10-01 03:00:00,67.94562123869827
10-01 04:00:00,71.90428825106588
10-01 05:00:00,73.4832102222478
10-01 06:00:00,72.52804385043946
10-01 07:00:00,65.18027241223486
10-01 08:00:00,52.411425690430164
10-01 09:00:00,44.82769394246917
10-01 10:00:00,35.02843635024934
10-01 11:00:00,26.55611078599192
10-01 12:00:00,19.323428034289563
10-01 13:00:00,13.73929684546326
10-01 14:00:00,10.41972038578784
10-01 15:00:00,12.738447882290805
10-01 16:00:00,18.67737661303677
10-01 17:00:00,21.42104213702844
10-01 18:00:00,24.566745523303045
10-01 19:00:00,35.347164058039496
10-01 20:00:00,36.23143943399779
10-01 21:00:00,36.60422400205781
10-01 22:00:00,38.38618536010454
10-01 23:00:00,38.68284391214495
10-02 00:00:00,40.82594459283627
10-02 01:00:00,41.990785500100706
10-02 02:00:00,41.65027523341229
10-02 03:00:00,39.94041289122911
10-02 04:00:00,40.60995523956441
10-02 05:00:00,44.17112744046433
10-02 06:00:00,44.86820199939711
10-02 07:00:00,39.791215915451
10-02 08:00:00,36.12776752015135
10-02 09:00:00,29.288811016823082
10-02 10:00:00,17.864044515392095
10-02 11:00:00,6.0831134005043275
10-02 12:00:00,2.485673621005199
10-02 13:00:00,2.570493424546957
10-02 14:00:00,2.8794378047466123
10-02 15:00:00,2.9251239227641843
10-02 16:00:00,7.693350127026807
10-02 17:00:00,9.132088211306382
10-02 18:00:00,16.27644934380455
10-02 19:00:00,22.65598295926443
10-02 20:00:00,21.642530774538184
10-02 21:00:00,20.97435528352545
10-02 22:00:00,17.698815480387744
10-02 23:00:00,18.6735755042616
10-03 00:00:00,17.774906527080766
10-03 01:00:00,16.513110235992773
10-03 02:00:00,28.465005587220375
10-03 03:00:00,28.465005587220375
10-03 04:00:00,30.025397233794532
10-03 05:00:00,28.35287229435079
10-03 06:00:00,31.124331868512005
10-03 07:00:00,28.78515048644129
10-03 08:00:00,23.138183973121773
10-03 09:00:00,18.97528881647876
10-03 10:00:00,8.880764394851358
10-03 11:00:00,5.634370157477047
10-03 12:00:00,2.466293617377103
10-03 13:00:00,2.6756964106341248
10-03 14:00:00,2.6756964106341248
10-03 15:00:00,2.7109886140329027
10-03 16:00:00,3.5676750443210645
10-03 17:00:00,7.4069204851606685
10-03 18:00:00,15.045452214358981
10-03 19:00:00,20.865734897581326
10-03 20:00:00,23.482540373825202
10-03 21:00:00,27.6103249496608
10-03 22:00:00,39.7496157106293
10-03 23:00:00,46.05750063856951
10-04 00:00:00,48.21698133434461
10-04 01:00:00,48.17440342758408
10-04 02:00:00,47.80081975774864
10-04 03:00:00,49.632368698764466
10-04 04:00:00,50.7979530200005
10-04 05:00:00,57.718469598615364
10-04 06:00:00,59.01495438748644
10-04 07:00:00,59.45024261069602
10-04 08:00:00,57.006913374653244
10-04 09:00:00,55.768897200182025
10-04 10:00:00,54.420864425295036
10-04 11:00:00,52.05623492820703
10-04 12:00:00,48.88133290988093
10-04 13:00:00,42.31259685257987
10-04 14:00:00,40.49140449701225
10-04 15:00:00,39.21983863705672
10-04 16:00:00,42.514288472895615
10-04 17:00:00,43.83141001635815
10-04 18:00:00,45.44928100921989
10-04 19:00:00,44.00509418819487
10-04 20:00:00,44.51854395734685
10-04 21:00:00,44.358447019100986
10-04 22:00:00,47.34373690817257
10-04 23:00:00,48.62579984662793
10-05 00:00:00,49.32405085853712
10-05 01:00:00,49.467975122129175
10-05 02:00:00,50.1355580536868
10-05 03:00:00,51.25621843025527
10-05 04:00:00,53.01304143995853
10-05 05:00:00,53.920340783371444
10-05 06:00:00,53.90114244076753
10-05 07:00:00,51.96380815024182
10-05 08:00:00,49.45913532116144
10-05 09:00:00,46.86808221700988
10-05 10:00:00,44.87417991247804
10-05 11:00:00,42.1540762298694
10-05 12:00:00,41.84247966381235
10-05 13:00:00,42.33110633424495
10-05 14:00:00,43.666315553092105
10-05 15:00:00,41.40868977885994
10-05 16:00:00,42.538545531862795
10-05 17:00:00,44.50551505006186
10-05 18:00:00,47.20948621063941
10-05 19:00:00,46.690790675629245
10-05 20:00:00,47.23429222448108
10-05 21:00:00,48.55273545844676
10-05 22:00:00,56.40374449645529
10-05 23:00:00,54.894972821105085
10-06 00:00:00,54.79260369247872
10-06 01:00:00,56.24361820136133
10-06 02:00:00,58.95936684405322
10-06 03:00:00,62.784031738134146
10-06 04:00:00,63.020654600955986
10-06 05:00:00,62.498042946578046
10-06 06:00:00,64.9457016246277
10-06 07:00:00,66.86413680395393
10-06 08:00:00,71.4104830230964
10-06 09:00:00,66.4854376234452
10-06 10:00:00,59.587981178520664
10-06 11:00:00,50.31619081546249
10-06 12:00:00,58.651700529724394
10-06 13:00:00,55.382921409446205
10-06 14:00:00,66.00739852896118
10-06 15:00:00,62.43858500981828
10-06 16:00:00,66.8594675003496
10-06 17:00:00,66.35143089470228
10-06 18:00:00,67.02133546795491
10-06 19:00:00,67.12857163029072
10-06 20:00:00,68.8804385172084
10-06 21:00:00,69.60987646017011
10-06 22:00:00,70.91557933355634
10-06 23:00:00,73.0524114929764
10-07 00:00:00,76.49319789809358
10-07 01:00:00,75.07328433019322
10-07 02:00:00,75.07328433019322
10-07 03:00:00,73.82615403732211
10-07 04:00:00,74.52251075625009
10-07 05:00:00,74.4660591770936
10-07 06:00:00,75.9346397789374
10-07 07:00:00,73.82296583515252
10-07 08:00:00,66.43432790274511
10-07 09:00:00,64.25346457081676
10-07 10:00:00,59.33933641410173
10-07 11:00:00,54.813077309655
10-07 12:00:00,53.12509149405746
10-07 13:00:00,51.20353038388706
10-07 14:00:00,47.703516377034134
10-07 15:00:00,50.184041681433555
10-07 16:00:00,53.24872701911109
10-07 17:00:00,53.45050903389948
10-07 18:00:00,54.3111376163533
10-07 19:00:00,55.04823955080912
10-07 20:00:00,58.395915796306404
10-07 21:00:00,66.15618084649215
10-07 22:00:00,68.1474409878051
10-07 23:00:00,70.8546005453004
10-08 00:00:00,73.69601089223119
10-08 01:00:00,76.16467137221156
10-08 02:00:00,76.3731567998293
10-08 03:00:00,78.0654833667411
10-08 04:00:00,80.42173018748946
10-08 05:00:00,78.976159824927
10-08 06:00:00,77.70606659784183
10-08 07:00:00,75.13854141179537
10-08 08:00:00,65.20719998866866
10-08 09:00:00,58.0362186452175
10-08 10:00:00,52.193091041957395
10-08 11:00:00,46.19147679657935
10-08 12:00:00,41.08313824075602
10-08 13:00:00,35.81616706989426
10-08 14:00:00,32.88930564559903
10-08 15:00:00,37.4896317525108
10-08 16:00:00,39.449529171373364
10-08 17:00:00,40.22350356894163
10-08 18:00:00,38.8834672756012
10-08 19:00:00,41.363112116708564
10-08 20:00:00,47.85953994292929
10-08 21:00:00,51.52786924407517
10-08 22:00:00,52.882138121006555
10-08 23:00:00,56.80000468514515
10-09 00:00:00,63.377712156262305
10-09 01:00:00,69.2427808517412
10-09 02:00:00,69.85150285862302
10-09 03:00:00,68.68384333118237
10-09 04:00:00,66.81303263029284
10-09 05:00:00,66.238559537691
10-09 06:00:00,64.07117032567068
10-09 07:00:00,62.39284810984962
10-09 08:00:00,59.82303377057074
10-09 09:00:00,59.26094903395772
10-09 10:00:00,57.706716083866056
10-09 11:00:00,55.36879069156201
10-09 12:00:00,54.102887293208575
10-09 13:00:00,52.65141339584942
10-09 14:00:00,51.74713823250508
10-09 15:00:00,49.63573990662553
10-09 16:00:00,51.37525376210258
10-09 17:00:00,53.429854938310704
10-09 18:00:00,59.28427819396954
10-09 19:00:00,61.733769130344974
10-09 20:00:00,61.69558901239907
10-09 21:00:00,66.45338968311601
10-09 22:00:00,72.18985552629832
10-09 23:00:00,78.93533997440608
10-10 00:00:00,81.7675173505789
10-10 01:00:00,84.46776870818434
10-10 02:00:00,84.7414917332369
10-10 03:00:00,82.11963498210159
10-10 04:00:00,81.04988887369356
10-10 05:00:00,81.1396999759059
10-10 06:00:00,81.5958186136663
10-10 07:00:00,82.02566904198888
10-10 08:00:00,78.13059113732686
10-10 09:00:00,74.65463769931667
10-10 10:00:00,69.90535622531057
10-10 11:00:00,66.22706656450546
10-10 12:00:00,64.19988216960573
10-10 13:00:00,61.521101257075884
10-10 14:00:00,57.06461786978531
10-10 15:00:00,57.609846413606796
10-10 16:00:00,67.79542476994438
10-10 17:00:00,71.72360656920256
10-10 18:00:00,74.30975798933048
10-10 19:00:00,79.25988121341902
10-10 20:00:00,89.02693791106756
10-10 21:00:00,90.0923682628538
10-10 22:00:00,97.23892363167806
10-10 23:00:00,99.67290262065367
10-11 00:00:00,103.6891184048275
10-11 01:00:00,106.59774127312785
10-11 02:00:00,107.40282677361378
10-11 03:00:00,108.8799227067596
10-11 04:00:00,109.38163432573263
10-11 05:00:00,111.66035339438852
10-11 06:00:00,116.9553857112903
10-11 07:00:00,110.95480984735435
10-11 08:00:00,99.01107005506088
10-11 09:00:00,85.59326903058249
10-11 10:00:00,78.70487339127422
10-11 11:00:00,67.97333598993922
10-11 12:00:00,62.4120249893936
10-11 13:00:00,56.25762311774384
10-11 14:00:00,52.70660406680305
10-11 15:00:00,55.07905904385207
10-11 16:00:00,61.398433662495826
10-11 17:00:00,65.27601893262606
10-11 18:00:00,65.12855068548879
10-11 19:00:00,72.88308547684144
10-11 20:00:00,72.37680118886692
10-11 21:00:00,76.17080466727509
10-11 22:00:00,76.13946724935799
10-11 23:00:00,84.61945769340925
10-12 00:00:00,89.59243603752014
10-12 01:00:00,91.6174789667554
10-12 02:00:00,95.11764554985051
10-12 03:00:00,97.70392577497269
10-12 04:00:00,96.63505729065803
10-12 05:00:00,97.84796708153588
10-12 06:00:00,97.9430391987955
10-12 07:00:00,93.57499649642492
10-12 08:00:00,88.07978819910039
10-12 09:00:00,86.50987344511661
10-12 10:00:00,79.72214702105143
10-12 11:00:00,72.82852554617155
10-12 12:00:00,68.88288523946088
10-12 13:00:00,65.89901797855678
10-12 14:00:00,63.49650732586588
10-12 15:00:00,61.8317648346885
10-12 16:00:00,64.84395777468765
10-12 17:00:00,68.71723813540578
10-12 18:00:00,71.24241059095577
10-12 19:00:00,73.99178485461277
10-12 20:00:00,74.02023593213323
10-12 21:00:00,75.30299013426999
10-12 22:00:00,76.74335965366167
10-12 23:00:00,78.17716338010908
10-13 00:00:00,79.04733618050318
10-13 01:00:00,79.10072425070429
10-13 02:00:00,80.46643020365002
10-13 03:00:00,81.09181455426017
10-13 04:00:00,81.36464195110345
10-13 05:00:00,82.7138805387205
10-13 06:00:00,82.29699015086408
10-13 07:00:00,83.69729437518215
10-13 08:00:00,82.42353500390298
10-13 09:00:00,77.38811660493809
10-13 10:00:00,71.9963579792816
10-13 11:00:00,69.5785368418174
10-13 12:00:00,59.54671487284797
10-13 13:00:00,54.387346088194775
10-13 14:00:00,56.422693506927686
10-13 15:00:00,60.99093158861169
10-13 16:00:00,67.07823844687837
10-13 17:00:00,71.91419887866249
10-13 18:00:00,79.60813968840964
10-13 19:00:00,82.24852900636378
10-13 20:00:00,93.98404603055994
10-13 21:00:00,93.70878743485326
10-13 22:00:00,101.48811866636635
10-13 23:00:00,104.134386674296
10-14 00:00:00,104.93073183966314
10-14 01:00:00,112.61683463230803
10-14 02:00:00,114.61064694017018
10-14 03:00:00,115.41597497899288
10-14 04:00:00,115.41597497899288
10-14 05:00:00,117.80797732299433
10-14 06:00:00,119.63934097610537
10-14 07:00:00,114.65605709433842
10-14 08:00:00,102.80887114380721
10-14 09:00:00,91.45518539939684
10-14 10:00:00,78.43770208054488
10-14 11:00:00,66.43127479550074
10-14 12:00:00,57.51649518467828
10-14 13:00:00,52.57786395700725
10-14 14:00:00,50.046089076788576
10-14 15:00:00,57.01944312364888
10-14 16:00:00,61.91101867466696
10-14 17:00:00,63.53841146958595
10-14 18:00:00,69.24351377026366
10-14 19:00:00,77.3719439094795
10-14 20:00:00,84.57452769042206
10-14 21:00:00,87.44160358790603
10-14 22:00:00,87.4214637857573
10-14 23:00:00,91.27660999735942
10-15 00:00:00,93.57631493530388
10-15 01:00:00,93.26984552917257
10-15 02:00:00,100.14622705357677
10-15 03:00:00,103.88551837913248
10-15 04:00:00,101.123658803968
10-15 05:00:00,111.2112236827752
10-15 06:00:00,108.3913436102581
10-15 07:00:00,105.10123691173746
10-15 08:00:00,89.6394593304083
10-15 09:00:00,77.1941029282996
10-15 10:00:00,63.0169676405978
10-15 11:00:00,50.98797699034019
10-15 12:00:00,41.95687736247894
10-15 13:00:00,38.06298548980198
10-15 14:00:00,37.68905220554964
10-15 15:00:00,40.1718749587898
10-15 16:00:00,47.588098063570854
10-15 17:00:00,50.39396597362598
10-15 18:00:00,48.625629789873614
10-15 19:00:00,60.057176726740394
10-15 20:00:00,62.8023468018694
10-15 21:00:00,63.89790558956961
10-15 22:00:00,69.90446921487606
10-15 23:00:00,74.37905798064011
10-16 00:00:00,77.84304685498566
10-16 01:00:00,81.31930359694893
10-16 02:00:00,85.59829332494942
10-16 03:00:00,88.12958578355244
10-16 04:00:00,89.73197056937201
10-16 05:00:00,91.13582338224748
10-16 06:00:00,94.69319225389364
10-16 07:00:00,90.33733467164558
10-16 08:00:00,80.86702464382569
10-16 09:00:00,78.05740142043706
10-16 10:00:00,67.10979913717668
10-16 11:00:00,56.88162980685001
10-16 12:00:00,52.66587370614661
10-16 13:00:00,48.775938313574606
10-16 14:00:00,45.326423501898645
10-16 15:00:00,48.212103854623386
10-16 16:00:00,57.75103779412942
10-16 17:00:00,58.391116027495706
10-16 18:00:00,59.16667112471504
10-16 19:00:00,63.247950055740255
10-16 20:00:00,70.10982695202438
10-16 21:00:00,75.22264356470538
10-16 22:00:00,79.8736962190213
10-16 23:00:00,78.7248161746619
10-17 00:00:00,79.63529934153135
10-17 01:00:00,82.69550048502323
10-17 02:00:00,86.6916658066659
10-17 03:00:00,90.15459729635067
10-17 04:00:00,90.23253837737812
10-17 05:00:00,92.43625627615751
10-17 06:00:00,97.50754047924468
10-17 07:00:00,96.03020893429249
10-17 08:00:00,90.51097723445682
10-17 09:00:00,79.03263071424627
10-17 10:00:00,69.48785560204055
10-17 11:00:00,56.32242989351832
10-17 12:00:00,47.10978551748186
10-17 13:00:00,41.07191307287973
10-17 14:00:00,40.421993064758
10-17 15:00:00,43.60162193577453
10-17 16:00:00,48.617888254232554
10-17 17:00:00,51.487484206147684
10-17 18:00:00,56.72278842073879
10-17 19:00:00,64.3463429115524
10-17 20:00:00,68.75536946230267
10-17 21:00:00,72.35415045075926
10-17 22:00:00,76.2848052729866
10-17 23:00:00,77.66328918107675
10-18 00:00:00,79.7640562934996
10-18 01:00:00,79.81290902037884
10-18 02:00:00,80.67834987340275
10-18 03:00:00,82.96423788927959
10-18 04:00:00,83.65223619587161
10-18 05:00:00,84.24685215923932
10-18 06:00:00,85.58457480550547
10-18 07:00:00,84.72782767801758
10-18 08:00:00,74.9485000968774
10-18 09:00:00,62.33961792725185
10-18 10:00:00,51.779669948309085
10-18 11:00:00,40.72194667674394
10-18 12:00:00,33.396049480355366
10-18 13:00:00,29.757831405511194
10-18 14:00:00,30.14422334375353
10-18 15:00:00,31.968539371381837
10-18 16:00:00,37.963761526862825
10-18 17:00:00,41.90985582479752
10-18 18:00:00,53.020222275992346
10-18 19:00:00,57.40727936856824
10-18 20:00:00,60.56094670660029
10-18 21:00:00,59.1727708335275
10-18 22:00:00,64.54759557003943
10-18 23:00:00,66.28673772566233
10-19 00:00:00,71.73023934969737
10-19 01:00:00,72.42693596792725
10-19 02:00:00,72.44061669642537
10-19 03:00:00,70.07487910071723
10-19 04:00:00,70.45499648875708
10-19 05:00:00,68.01162896629572
10-19 06:00:00,67.40593215533218
10-19 07:00:00,67.24788535901676
10-19 08:00:00,64.02950763229796
10-19 09:00:00,57.90421908576957
10-19 10:00:00,47.551403039397385
10-19 11:00:00,41.32531534353878
10-19 12:00:00,34.7317716694453
10-19 13:00:00,28.735594898980583
10-19 14:00:00,27.13019469813785
10-19 15:00:00,27.703293695663067
10-19 16:00:00,29.995392350104105
10-19 17:00:00,35.00636199389362
10-19 18:00:00,39.16572626207682
10-19 19:00:00,41.68143347859136
10-19 20:00:00,39.50610080796258
10-19 21:00:00,48.29153770112687
10-19 22:00:00,48.850723151834735
10-19 23:00:00,51.523946153610346
10-20 00:00:00,54.03911220992211
10-20 01:00:00,58.042818298744244
10-20 02:00:00,59.06404269334894
10-20 03:00:00,63.08720406844077
10-20 04:00:00,67.27732088749408
10-20 05:00:00,66.62299946218317
10-20 06:00:00,68.69810559714215
10-20 07:00:00,63.319648798121776
10-20 08:00:00,57.80024933445388
10-20 09:00:00,42.161777677824006
10-20 10:00:00,28.579595277612075
10-20 11:00:00,20.878805392275744
10-20 12:00:00,18.835984797985088
10-20 13:00:00,16.03211102568034
10-20 14:00:00,18.948118090854678
10-20 15:00:00,21.770858947577064
10-20 16:00:00,23.6361650794869
10-20 17:00:00,29.721859521167303
10-20 18:00:00,37.922442351240456
10-20 19:00:00,38.64715077019347
10-20 20:00:00,41.97587872216674
10-20 21:00:00,42.56620168915633
10-20 22:00:00,41.45875063294659
10-20 23:00:00,43.04956758743407
10-21 00:00:00,40.05664290297777
10-21 01:00:00,35.0860315621575
10-21 02:00:00,39.27125337348165
10-21 03:00:00,34.432858904711935
10-21 04:00:00,38.231610158390566
10-21 05:00:00,44.388095526340294
10-21 06:00:00,47.01737447946431
10-21 07:00:00,50.35161270131828
10-21 08:00:00,47.846732971764084
10-21 09:00:00,51.22336541963812
10-21 10:00:00,48.18911070859073
10-21 11:00:00,44.03515317283393
10-21 12:00:00,38.17234759898203
10-21 13:00:00,36.442023490890904
10-21 14:00:00,32.43572288404033
10-21 15:00:00,35.03933554047637
10-21 16:00:00,47.21117129104081
10-21 17:00:00,52.1828570389508
10-21 18:00:00,56.289800634549096
10-21 19:00:00,60.914549372637666
10-21 20:00:00,61.702104269481154
10-21 21:00:00,62.10125459007081
10-21 22:00:00,66.71018168737814
10-21 23:00:00,69.29732634566227
10-22 00:00:00,59.587270544738665
10-22 01:00:00,67.20260700934503
10-22 02:00:00,71.88405194380181
10-22 03:00:00,70.7129272989242
10-22 04:00:00,68.98380816948517
10-22 05:00:00,72.8218706282517
10-22 06:00:00,72.09830585807532
10-22 07:00:00,69.93852136631463
10-22 08:00:00,67.56625298373372
10-22 09:00:00,66.40317004065946
10-22 10:00:00,75.50653221774527
10-22 11:00:00,78.65763681906323
10-22 12:00:00,78.5963090124099
10-22 13:00:00,78.7889924161718
10-22 14:00:00,76.04004305989702
10-22 15:00:00,75.45807328009245
10-22 16:00:00,76.52667166878427
10-22 17:00:00,78.26480419851262
10-22 18:00:00,83.86399996866379
10-22 19:00:00,84.5326289495638
10-22 20:00:00,83.94012883670568
10-22 21:00:00,83.98899774013472
10-22 22:00:00,85.0636383658574
10-22 23:00:00,90.0890595562345
10-23 00:00:00,90.25769239464682
10-23 01:00:00,89.22630869471337
10-23 02:00:00,94.58270413946646
10-23 03:00:00,93.97390425650266
10-23 04:00:00,104.48537664812054
10-23 05:00:00,108.29250145970957
10-23 06:00:00,104.81572872624471
10-23 07:00:00,104.26456884895302
10-23 08:00:00,96.82009283106233
10-23 09:00:00,87.45757704563276
10-23 10:00:00,76.18616281166781
10-23 11:00:00,65.55262029262067
10-23 12:00:00,59.0425905912076
10-23 13:00:00,54.412783296363
10-23 14:00:00,55.04443219500618
10-23 15:00:00,61.63748276229379
10-23 16:00:00,66.86736830418553
10-23 17:00:00,71.84575156914443
10-23 18:00:00,75.97326150864843
10-23 19:00:00,78.55718358533206
10-23 20:00:00,85.37217209165831
10-23 21:00:00,91.35067143245988
10-23 22:00:00,95.54103037797651
10-23 23:00:00,98.51942641329494
10-24 00:00:00,99.65302342923657
10-24 01:00:00,103.50474927797822
10-24 02:00:00,105.45705210225498
10-24 03:00:00,105.09849929800879
10-24 04:00:00,107.40992773492641
10-24 05:00:00,111.53281431326985
10-24 06:00:00,112.5115395357009
10-24 07:00:00,110.88406118929862
10-24 08:00:00,105.43494988836372
10-24 09:00:00,89.77036849479437
10-24 10:00:00,77.31634549525816
10-24 11:00:00,69.27695210893445
10-24 12:00:00,57.59367645767807
10-24 13:00:00,50.555811123772315
10-24 14:00:00,50.953398477797414
10-24 15:00:00,57.963346968917534
10-24 16:00:00,63.15860572722118
10-24 17:00:00,63.04193657264913
10-24 18:00:00,68.73810053603309
10-24 19:00:00,76.85966445115226
10-24 20:00:00,79.30936838107978
10-24 21:00:00,84.94028360735189
10-24 22:00:00,84.05459029990237
10-24 23:00:00,83.62396922115767
10-25 00:00:00,83.95101958439736
10-25 01:00:00,83.167874646482
10-25 02:00:00,84.6275104170585
10-25 03:00:00,86.70043407405947
10-25 04:00:00,87.04288335538538
10-25 05:00:00,88.98895897417533
10-25 06:00:00,93.51596705510023
10-25 07:00:00,93.49357928034676
10-25 08:00:00,88.34686341027489
10-25 09:00:00,78.01381782872086
10-25 10:00:00,68.9064033784966
10-25 11:00:00,62.592985529591125
10-25 12:00:00,56.40203551787245
10-25 13:00:00,47.96204389980051
10-25 14:00:00,43.11555202215902
10-25 15:00:00,44.20333903540451
10-25 16:00:00,47.76483756501044
10-25 17:00:00,53.99270150861461
10-25 18:00:00,64.11545932696404
10-25 19:00:00,68.94840248267153
10-25 20:00:00,71.20331470821696
10-25 21:00:00,76.5016299746892
10-25 22:00:00,78.97259367519051
10-25 23:00:00,81.97033192241707
10-26 00:00:00,85.08658247256943
10-26 01:00:00,85.93093228200586
10-26 02:00:00,86.14144526254492
10-26 03:00:00,81.3930203295082
10-26 04:00:00,78.96936400332305
10-26 05:00:00,82.47871454212067
10-26 06:00:00,83.09205267946476
10-26 07:00:00,85.91469279519698
10-26 08:00:00,85.13047574440903
10-26 09:00:00,80.79066309503256
10-26 10:00:00,70.8356909752562
10-26 11:00:00,64.50092040342149
10-26 12:00:00,57.68642550195561
10-26 13:00:00,51.873751148862695
10-26 14:00:00,45.18111795410193
10-26 15:00:00,46.83206412369704
10-26 16:00:00,50.05829004165721
10-26 17:00:00,54.21943525483373
10-26 18:00:00,56.832678235689
10-26 19:00:00,61.64730596038942
10-26 20:00:00,68.2333188662981
10-26 21:00:00,69.45224772423964
10-26 22:00:00,76.41816364348047
10-26 23:00:00,77.87779279259259
10-27 00:00:00,81.20283766533083
10-27 01:00:00,83.10738594581997
10-27 02:00:00,82.33712010125609
10-27 03:00:00,87.65970035757566
10-27 04:00:00,87.20920781525402
10-27 05:00:00,88.03038258758824
10-27 06:00:00,94.4650502997578
10-27 07:00:00,90.56118110987364
10-27 08:00:00,88.19023147160428
10-27 09:00:00,81.5719238071552
10-27 10:00:00,70.51777595236726
10-27 11:00:00,62.72959977805648
10-27 12:00:00,58.27959201816945
10-27 13:00:00,57.65022387713798
10-27 14:00:00,55.59651674030498
10-27 15:00:00,60.89369303810508
10-27 16:00:00,66.41652863277638
10-27 17:00:00,65.69016223410992
10-27 18:00:00,68.51855253480329
10-27 19:00:00,74.42851539905993
10-27 20:00:00,79.2921662804248
10-27 21:00:00,84.26501970539732
10-27 22:00:00,87.3055097478159
10-27 23:00:00,88.0224979123816
10-28 00:00:00,87.83021702583439
10-28 01:00:00,90.40567410840008
10-28 02:00:00,96.42475314248126
10-28 03:00:00,101.64590495872852
10-28 04:00:00,101.79535801253698
10-28 05:00:00,107.41082430597318
10-28 06:00:00,111.70175944546284
10-28 07:00:00,109.05273031445682
10-28 08:00:00,100.33583103300792
10-28 09:00:00,94.46573726157587
10-28 10:00:00,87.24901102494168
10-28 11:00:00,73.5377696997259
10-28 12:00:00,57.908813213073714
10-28 13:00:00,51.203251250403504
10-28 14:00:00,48.77437567629727
10-28 15:00:00,52.630653257887204
10-28 16:00:00,54.59697722210319
10-28 17:00:00,60.20755069544663
10-28 18:00:00,67.45413076900017
10-28 19:00:00,72.54776703257951
10-28 20:00:00,76.25525925889812
10-28 21:00:00,79.85775051381786
10-28 22:00:00,81.37987192505199
10-28 23:00:00,86.3297577227491
10-29 00:00:00,89.18011879505192
10-29 01:00:00,91.76996433563662
10-29 02:00:00,94.93083733882564
10-29 03:00:00,100.96894696507869
10-29 04:00:00,95.79493300944262
10-29 05:00:00,101.91691226862534
10-29 06:00:00,104.76746070999167
10-29 07:00:00,103.82219442331152
10-29 08:00:00,97.06605721809737
10-29 09:00:00,84.36127239527428
10-29 10:00:00,80.34520696379995
10-29 11:00:00,76.92238048098872
10-29 12:00:00,73.99742834855874
10-29 13:00:00,71.19464989428602
10-29 14:00:00,67.72767959977811
10-29 15:00:00,62.091070597868374
10-29 16:00:00,66.14503557959988
10-29 17:00:00,70.73294155206511
10-29 18:00:00,70.40387697116768
10-29 19:00:00,75.22787642307688
10-29 20:00:00,78.92553753870524
10-29 21:00:00,84.9187386732034
10-29 22:00:00,88.79384312917811
10-29 23:00:00,88.35022941125435
10-30 00:00:00,90.67863031118405
10-30 01:00:00,95.39202187889373
10-30 02:00:00,94.85543373004727
10-30 03:00:00,98.86940472446263
10-30 04:00:00,100.31916986789845
10-30 05:00:00,101.76057311853774
10-30 06:00:00,102.02720365587103
10-30 07:00:00,103.4251179054888
10-30 08:00:00,94.90454860258974
10-30 09:00:00,88.51931269708966
10-30 10:00:00,88.54041867711378
10-30 11:00:00,86.40326171826644
10-30 12:00:00,83.75728773318812
10-30 13:00:00,77.63315157967435
10-30 14:00:00,68.07589657578701
10-30 15:00:00,60.59412839628091
10-30 16:00:00,62.29146568614853
10-30 17:00:00,63.48124408988108
10-30 18:00:00,64.38179263744009
10-30 19:00:00,63.4314956807843
10-30 20:00:00,64.27909610165996
10-30 21:00:00,63.820827755321204
10-30 22:00:00,61.51410429413559
10-30 23:00:00,61.2091307752748
10-31 00:00:00,60.84460281326725
10-31 01:00:00,60.24952142450653
10-31 02:00:00,58.87883911557833
10-31 03:00:00,60.22274044566561
10-31 04:00:00,63.90448032287193
10-31 05:00:00,66.61906305445628
10-31 06:00:00,71.08520061243568
10-31 07:00:00,69.13420327072575
10-31 08:00:00,60.67983220337797
10-31 09:00:00,54.608277865492624
10-31 10:00:00,45.86997520674611
10-31 11:00:00,34.42191413886457
10-31 12:00:00,30.39761322858606
10-31 13:00:00,23.151540877036105
10-31 14:00:00,23.30230191751096
10-31 15:00:00,27.700240937126864
10-31 16:00:00,35.068163412718604
10-31 17:00:00,39.64811812157353
10-31 18:00:00,45.694053170950355
10-31 19:00:00,43.16073866539621
10-31 20:00:00,52.55563074915525
10-31 21:00:00,51.464590476258195
10-31 22:00:00,50.99858882002505
10-31 23:00:00,54.70621969334283
11-01 00:00:00,53.77725817407282
11-01 01:00:00,54.372450800892146
11-01 02:00:00,57.89837329275062
11-01 03:00:00,54.31301401088546
11-01 04:00:00,51.482856631309595
11-01 05:00:00,51.300170980585534
11-01 06:00:00,55.92212276566215
11-01 07:00:00,64.45374287695253
11-01 08:00:00,69.10428835088021
11-01 09:00:00,71.07526848498894
11-01 10:00:00,71.15092433844941
11-01 11:00:00,72.02099967611147
11-01 12:00:00,71.49430368792477
11-01 13:00:00,70.97043673240915
11-01 14:00:00,69.85597846344913
11-01 15:00:00,72.56406494514606
11-01 16:00:00,74.02468307970312
11-01 17:00:00,72.66049932966092
11-01 18:00:00,78.06591445858515
11-01 19:00:00,78.0140031789326
11-01 20:00:00,80.00024588570645
11-01 21:00:00,82.96271460097928
11-01 22:00:00,87.28455898512604
11-01 23:00:00,89.51371319049383
11-02 00:00:00,90.4684733837621
11-02 01:00:00,90.60558867070804
11-02 02:00:00,85.66552098798536
11-02 03:00:00,87.09572698355203
11-02 04:00:00,87.23370149981419
11-02 05:00:00,92.28955419820933
11-02 06:00:00,94.50300374286459
11-02 07:00:00,90.10969520867411
11-02 08:00:00,87.84220255127536
11-02 09:00:00,84.1210970949072
11-02 10:00:00,79.09637294160625
11-02 11:00:00,74.27409255823162
11-02 12:00:00,69.70715267039766
11-02 13:00:00,67.49852503627768
11-02 14:00:00,78.94865616683188
11-02 15:00:00,80.45719208924577
11-02 16:00:00,82.76077561776043
11-02 17:00:00,85.32625710026102
11-02 18:00:00,90.98639048105488
11-02 19:00:00,94.66107553825259
11-02 20:00:00,98.00582677858884
11-02 21:00:00,103.54032314608386
11-02 22:00:00,104.49249155173364
11-02 23:00:00,103.6525949099682
11-03 00:00:00,102.2103933869373
11-03 01:00:00,106.69517074451397
11-03 02:00:00,103.7069883419568
11-03 03:00:00,102.23701082141969
11-03 04:00:00,104.85569388540621
11-03 05:00:00,105.1043197333964
11-03 06:00:00,109.11818135308647
11-03 07:00:00,108.277798649239
11-03 08:00:00,102.42153160200996
11-03 09:00:00,95.74607925427237
11-03 10:00:00,93.77092986721215
11-03 11:00:00,88.9491482284904
11-03 12:00:00,87.30302181817339
11-03 13:00:00,87.66274930446029
11-03 14:00:00,86.93765287597286
11-03 15:00:00,87.24339585869552
11-03 16:00:00,84.731367779853
11-03 17:00:00,87.16436095062238
11-03 18:00:00,90.01277521252138
11-03 19:00:00,91.60851361303241
11-03 20:00:00,94.62889994973868
11-03 21:00:00,92.56847563719663
11-03 22:00:00,94.76340003889732
11-03 23:00:00,100.06134396157944
11-04 00:00:00,100.88982246378718
11-04 01:00:00,101.62554889565536
11-04 02:00:00,101.26519070913216
11-04 03:00:00,101.16451431211357
11-04 04:00:00,100.55030309544543
11-04 05:00:00,99.88245634370881
11-04 06:00:00,96.27708799674275
11-04 07:00:00,94.71674261508622
11-04 08:00:00,96.81669352268966
11-04 09:00:00,97.98852525461412
11-04 10:00:00,97.8663333404926
11-04 11:00:00,92.03768549194908
11-04 12:00:00,83.53919974976537
11-04 13:00:00,79.66617744058541
11-04 14:00:00,92.51264192111738
11-04 15:00:00,91.32170114236426
11-04 16:00:00,93.79471351582082
11-04 17:00:00,97.83859680824821
11-04 18:00:00,101.7703106122999
11-04 19:00:00,100.2013913439867
11-04 20:00:00,103.88134760426769
11-04 21:00:00,104.06927997927367
11-04 22:00:00,106.52140815305833
11-04 23:00:00,107.31115299600489
11-05 00:00:00,107.83491748900587
11-05 01:00:00,107.99142610932171
11-05 02:00:00,107.3305336900105
11-05 03:00:00,109.82673590020582
11-05 04:00:00,109.32263625462832
11-05 05:00:00,110.12011221267835
11-05 06:00:00,110.92789810935778
11-05 07:00:00,109.4497510899321
11-05 08:00:00,103.42611435586637
11-05 09:00:00,95.37359679394669
11-05 10:00:00,88.97292474668859
11-05 11:00:00,85.03293579114006
11-05 12:00:00,77.8049161094826
11-05 13:00:00,75.47132885739578
11-05 14:00:00,76.19334141913743
11-05 15:00:00,80.87473831588888
11-05 16:00:00,86.80037953352812
11-05 17:00:00,93.24095658389255
11-05 18:00:00,94.31415119628457
11-05 19:00:00,99.38714085316947
11-05 20:00:00,101.10786382671836
11-05 21:00:00,110.47875354481886
11-05 22:00:00,114.78482004327017
11-05 23:00:00,117.38271668676352
11-06 00:00:00,118.44450729323165
11-06 01:00:00,120.21002288830424
11-06 02:00:00,127.3178209827359
11-06 03:00:00,126.87685900979739
11-06 04:00:00,130.5759573341367
11-06 05:00:00,131.22912494227836
11-06 06:00:00,130.50049666045584
11-06 07:00:00,132.28522639294135
11-06 08:00:00,128.39206684730652
11-06 09:00:00,116.40864441512261
11-06 10:00:00,105.95613638352795
11-06 11:00:00,97.5686594636179
11-06 12:00:00,90.31758829036093
11-06 13:00:00,87.57414768458015
11-06 14:00:00,87.32470059595445
11-06 15:00:00,92.68593186143337
11-06 16:00:00,98.07072822182717
11-06 17:00:00,98.25996236744996
11-06 18:00:00,101.06942113859144
11-06 19:00:00,112.35712042774125
11-06 20:00:00,115.5841129975996
11-06 21:00:00,119.63423851782387
11-06 22:00:00,123.53215296935485
11-06 23:00:00,123.91995501344964
11-07 00:00:00,126.5110817912083
11-07 01:00:00,128.0905426970176
11-07 02:00:00,133.45886445815455
11-07 03:00:00,140.18366906016195
11-07 04:00:00,139.92417209790284
11-07 05:00:00,136.99255212033287
11-07 06:00:00,137.63929738378994
11-07 07:00:00,139.31172351888682
11-07 08:00:00,133.5776255418995
11-07 09:00:00,124.99569218369479
11-07 10:00:00,108.43026348773459
11-07 11:00:00,99.03732662914166
11-07 12:00:00,84.24065535425053
11-07 13:00:00,78.32730439992702
11-07 14:00:00,77.74688453952174
11-07 15:00:00,83.89889679781184
11-07 16:00:00,88.63153978630675
11-07 17:00:00,85.37667322848074
11-07 18:00:00,90.01913157723672
11-07 19:00:00,87.07396983078064
11-07 20:00:00,90.3966354730727
11-07 21:00:00,95.48316840593148
11-07 22:00:00,92.21834729007232
11-07 23:00:00,99.7374570550925
11-08 00:00:00,98.71953146408704
11-08 01:00:00,101.37958481514323
11-08 02:00:00,105.09170153116216
11-08 03:00:00,111.29995269169913
11-08 04:00:00,112.45139355342195
11-08 05:00:00,111.95421849405585
11-08 06:00:00,113.64423595039841
11-08 07:00:00,111.9325674236938
11-08 08:00:00,110.08639372174066
11-08 09:00:00,103.96663138572742
11-08 10:00:00,96.34690551634597
11-08 11:00:00,90.50258241810056
11-08 12:00:00,84.41544783572607
11-08 13:00:00,79.10951627260046
11-08 14:00:00,74.69789509820981
11-08 15:00:00,75.49745489501379
11-08 16:00:00,79.74844998109035
11-08 17:00:00,82.33608043197037
11-08 18:00:00,83.16728514674527
11-08 19:00:00,84.75505026021612
11-08 20:00:00,92.86386234090799
11-08 21:00:00,99.0569574639039
11-08 22:00:00,102.77613189154246
11-08 23:00:00,106.46115306974191
11-09 00:00:00,110.84445234331642
11-09 01:00:00,117.64344249215264
11-09 02:00:00,120.02327114378413
11-09 03:00:00,118.6772296485852
11-09 04:00:00,117.7593245528813
11-09 05:00:00,117.34702476506989
11-09 06:00:00,125.69546959815253
11-09 07:00:00,127.26805198488843
11-09 08:00:00,124.54892952573309
11-09 09:00:00,106.09378088732774
11-09 10:00:00,98.6447550132354
11-09 11:00:00,90.30731523287494
11-09 12:00:00,86.10387424349491
11-09 13:00:00,83.87082887988677
11-09 14:00:00,84.74560206167276
11-09 15:00:00,90.981700763022
11-09 16:00:00,92.15034495269705
11-09 17:00:00,92.395889778771
11-09 18:00:00,93.88294433119702
11-09 19:00:00,101.46447967268195
11-09 20:00:00,104.53219259879505
11-09 21:00:00,100.92601463156292
11-09 22:00:00,106.56624785679176
11-09 23:00:00,105.11633730908906
11-10 00:00:00,109.1785182633696
11-10 01:00:00,109.79922044555803
11-10 02:00:00,111.04772706782194
11-10 03:00:00,112.67279031982709
11-10 04:00:00,115.9921515239206
11-10 05:00:00,114.42184944332448
11-10 06:00:00,112.43571200950062
11-10 07:00:00,111.62176567658983
11-10 08:00:00,107.16850512153684
11-10 09:00:00,101.70085382035606
11-10 10:00:00,95.48949403053251
11-10 11:00:00,89.31753433595443
11-10 12:00:00,86.25449025550844
11-10 13:00:00,86.02994272033384
11-10 14:00:00,84.48472680403258
11-10 15:00:00,86.06732036299584
11-10 16:00:00,87.84981799446584
11-10 17:00:00,91.30698006507498
11-10 18:00:00,96.83836289901
11-10 19:00:00,98.0108954643384
11-10 20:00:00,100.40127444632533
11-10 21:00:00,101.99519895724129
11-10 22:00:00,104.90944742671476
11-10 23:00:00,105.59784594067013
11-11 00:00:00,102.12548992280288
11-11 01:00:00,106.23523425279478
11-11 02:00:00,105.59780447633085
11-11 03:00:00,105.019620033003
11-11 04:00:00,106.32148110853035
11-11 05:00:00,106.85053511317523
11-11 06:00:00,107.61382788675829
11-11 07:00:00,108.54687249204915
11-11 08:00:00,106.66307902863818
11-11 09:00:00,105.3863610420715
11-11 10:00:00,102.61139357176606
11-11 11:00:00,99.86551890614862
11-11 12:00:00,94.94186170912018
11-11 13:00:00,91.52224792340122
11-11 14:00:00,85.7461051798432
11-11 15:00:00,86.18335554632053
11-11 16:00:00,87.76096528088036
11-11 17:00:00,92.96242124417694
11-11 18:00:00,97.74629381500255
11-11 19:00:00,97.24184360042695
11-11 20:00:00,97.20840564136373
11-11 21:00:00,100.40983075645673
11-11 22:00:00,104.29428265522856
11-11 23:00:00,103.71784856428833
11-12 00:00:00,103.75232059381634
11-12 01:00:00,103.25016531944159
11-12 02:00:00,102.48874749011873
11-12 03:00:00,103.97882782828798
11-12 04:00:00,106.80540609951669
11-12 05:00:00,108.41307440729776
11-12 06:00:00,108.38994960801608
11-12 07:00:00,105.6656293738726
11-12 08:00:00,106.3426371203773
11-12 09:00:00,105.45334249797179
11-12 10:00:00,102.82330059305852
11-12 11:00:00,100.59097539418677
11-12 12:00:00,100.38987084034872
11-12 13:00:00,97.88511103185502
11-12 14:00:00,97.20509167064439
11-12 15:00:00,97.4182864351348
11-12 16:00:00,100.11648689637028
11-12 17:00:00,102.73217886884773
11-12 18:00:00,103.54397200707956
11-12 19:00:00,103.74769149050204
11-12 20:00:00,107.95989749825644
11-12 21:00:00,110.51205959980658
11-12 22:00:00,110.00516035842736
11-12 23:00:00,110.90685321513072
11-13 00:00:00,108.8751593842893
11-13 01:00:00,109.96966247717577
11-13 02:00:00,112.82431474765278
11-13 03:00:00,111.92209869220127
11-13 04:00:00,112.77736586329172
11-13 05:00:00,113.88170857716914
11-13 06:00:00,116.7506317530071
11-13 07:00:00,114.28296155005819
11-13 08:00:00,109.68150222704702
11-13 09:00:00,101.54063665705654
11-13 10:00:00,98.48592881815203
11-13 11:00:00,95.93212925176815
11-13 12:00:00,95.285692486253
11-13 13:00:00,92.66826457614442
11-13 14:00:00,91.76852834985098
11-13 15:00:00,91.10053106588677
11-13 16:00:00,89.01538698218096
11-13 17:00:00,87.52451035361551
11-13 18:00:00,86.95091858382477
11-13 19:00:00,86.98075807484427
11-13 20:00:00,87.21736857762964
11-13 21:00:00,87.29174403275687
11-13 22:00:00,86.66339174287576
11-13 23:00:00,86.58108375798486
11-14 00:00:00,85.85018631599783
11-14 01:00:00,86.65672318708279
11-14 02:00:00,88.25473004171172
11-14 03:00:00,89.92306627706664
11-14 04:00:00,91.35024200661456
11-14 05:00:00,91.45818710931215
11-14 06:00:00,91.9835745332221
11-14 07:00:00,91.35024200661456
11-14 08:00:00,89.86934494838233
11-14 09:00:00,86.2809851224838
11-14 10:00:00,84.6597922751541
11-14 11:00:00,81.80674015322049
11-14 12:00:00,79.45686137659496
11-14 13:00:00,75.56897970647658
11-14 14:00:00,74.52692317521661
11-14 15:00:00,74.90527420876228
11-14 16:00:00,79.97565051265715
11-14 17:00:00,84.29819482642361
11-14 18:00:00,90.35902937553477
11-14 19:00:00,90.2563352533911
11-14 20:00:00,86.48951376578965
11-14 21:00:00,84.43522386704528
11-14 22:00:00,82.4467625283047
11-14 23:00:00,87.30263438337153
11-15 00:00:00,88.13002283403176
11-15 01:00:00,88.40260935286477
11-15 02:00:00,90.44135150250995
11-15 03:00:00,89.34351011702631
11-15 04:00:00,87.8633892991698
11-15 05:00:00,90.35644749497399
11-15 06:00:00,93.06457494389439
11-15 07:00:00,94.2591305103067
11-15 08:00:00,91.7622582608742
11-15 09:00:00,86.37599949047095
11-15 10:00:00,81.80291580421672
11-15 11:00:00,78.96524882010092
11-15 12:00:00,76.61145848601376
11-15 13:00:00,77.20172005752619
11-15 14:00:00,78.64271083544483
11-15 15:00:00,78.65759143937555
11-15 16:00:00,79.50060750721428
11-15 17:00:00,81.1887733813879
11-15 18:00:00,82.79422767099722
11-15 19:00:00,84.41964406357306
11-15 20:00:00,86.7779238681861
11-15 21:00:00,88.44564718148558
11-15 22:00:00,89.91143021962753
11-15 23:00:00,92.22193542232311
11-16 00:00:00,94.23129606319478
11-16 01:00:00,96.43616128229681
11-16 02:00:00,97.01422021142656
11-16 03:00:00,96.8740167227675
11-16 04:00:00,96.67869467974565
11-16 05:00:00,95.86337662247382
11-16 06:00:00,95.10644452650364
11-16 07:00:00,95.28251034949892
11-16 08:00:00,94.35237864823038
11-16 09:00:00,93.13044951271841
11-16 10:00:00,92.2106413011962
11-16 11:00:00,91.29047263344606
11-16 12:00:00,89.80999357846252
11-16 13:00:00,89.31068791659445
11-16 14:00:00,89.36566232734884
11-16 15:00:00,90.17304194045751
11-16 16:00:00,92.64254619336646
11-16 17:00:00,92.92459702615423
11-16 18:00:00,94.46366087354187
11-16 19:00:00,94.39164720102886
11-16 20:00:00,94.88745540287746
11-16 21:00:00,94.06295943104709
11-16 22:00:00,94.6457800714469
11-16 23:00:00,95.60795432733053
11-17 00:00:00,96.48347196207418
11-17 01:00:00,98.22950674402531
11-17 02:00:00,98.78790730716852
11-17 03:00:00,99.47381586045549
11-17 04:00:00,100.08593225547327
11-17 05:00:00,100.94405568122149
11-17 06:00:00,102.84281097567002
11-17 07:00:00,103.39980812473415
11-17 08:00:00,103.85382100770809
11-17 09:00:00,102.92120760636769
11-17 10:00:00,101.48714295230378
11-17 11:00:00,99.82501790965443
11-17 12:00:00,99.87272731562983
11-17 13:00:00,100.6845449037323
11-17 14:00:00,99.9008330282264
11-17 15:00:00,101.85247788100915
11-17 16:00:00,104.82385808603512
11-17 17:00:00,105.01539531225723
11-17 18:00:00,105.68215728575356
11-17 19:00:00,106.7908079585954
11-17 20:00:00,106.8403399518412
11-17 21:00:00,106.1199386356815
11-17 22:00:00,105.96085557263294
11-17 23:00:00,106.42953107104937
11-18 00:00:00,104.93009707995343
11-18 01:00:00,107.76168741128123
11-18 02:00:00,109.9070188505445
11-18 03:00:00,106.97779477268006
11-18 04:00:00,108.12842900234357
11-18 05:00:00,108.028898159527
11-18 06:00:00,108.07858562272797
11-18 07:00:00,108.6026220937332
11-18 08:00:00,110.72241160423363
11-18 09:00:00,105.90658775840062
11-18 10:00:00,97.05483355857095
11-18 11:00:00,88.90115126529338
11-18 12:00:00,85.13276107526379
11-18 13:00:00,80.33956924852842
11-18 14:00:00,81.85952622980263
11-18 15:00:00,83.29026962904977
11-18 16:00:00,83.80123746338992
11-18 17:00:00,85.49379245473519
11-18 18:00:00,86.67633851540924
11-18 19:00:00,88.21968754615958
11-18 20:00:00,91.98761722669933
11-18 21:00:00,96.58256072916977
11-18 22:00:00,102.43444261262943
11-18 23:00:00,106.48401998237586
11-19 00:00:00,111.33801482636596
11-19 01:00:00,113.72444190828904
11-19 02:00:00,115.60776976416139
11-19 03:00:00,117.93579507483871
11-19 04:00:00,119.42706342636436
11-19 05:00:00,118.7245633936967
11-19 06:00:00,121.24999098576012
11-19 07:00:00,120.07286188555427
11-19 08:00:00,116.76529161252594
11-19 09:00:00,112.24059905820133
11-19 10:00:00,108.54135886913943
11-19 11:00:00,104.5336765144843
11-19 12:00:00,100.5473408074372
11-19 13:00:00,98.21750505046857
11-19 14:00:00,98.39854321499085
11-19 15:00:00,98.29196002932377
11-19 16:00:00,101.46654626112185
11-19 17:00:00,103.13566543594575
11-19 18:00:00,107.27960839634898
11-19 19:00:00,107.45432958051879
11-19 20:00:00,107.52498982420968
11-19 21:00:00,107.744321463559
11-19 22:00:00,108.78356981680861
11-19 23:00:00,110.77195225561424
11-20 00:00:00,113.99028769555392
11-20 01:00:00,113.45467020488068
11-20 02:00:00,112.55020081002462
11-20 03:00:00,113.67280601480213
11-20 04:00:00,114.47486656114978
11-20 05:00:00,114.6495877453196
11-20 06:00:00,116.31388840929954
11-20 07:00:00,117.49730987121369
11-20 08:00:00,117.00930678365694
11-20 09:00:00,114.94020811913039
11-20 10:00:00,112.83491071082096
11-20 11:00:00,111.17388728129195
11-20 12:00:00,109.54199509888132
11-20 13:00:00,108.72671904585829
11-20 14:00:00,108.54678670662449
11-20 15:00:00,110.3378804900351
11-20 16:00:00,112.66376863929011
11-20 17:00:00,115.24931414711294
11-20 18:00:00,117.9466972581422
11-20 19:00:00,120.26032008402134
11-20 20:00:00,121.53122831712264
11-20 21:00:00,121.96495359112475
11-20 22:00:00,123.07425841795929
11-20 23:00:00,124.22901877339969
11-21 00:00:00,126.0773678121815
11-21 01:00:00,124.53698319547856
11-21 02:00:00,128.2874446971958
11-21 03:00:00,131.4824771968997
11-21 04:00:00,131.60296826399485
11-21 05:00:00,132.69846645871635
11-21 06:00:00,133.00648270413757
11-21 07:00:00,131.9439964921321
11-21 08:00:00,133.08036558105806
11-21 09:00:00,131.1164656823918
11-21 10:00:00,127.19842233817933
11-21 11:00:00,121.851417139054
11-21 12:00:00,117.95451499471069
11-21 13:00:00,114.72835272107572
11-21 14:00:00,111.40417327175282
11-21 15:00:00,114.2092992069764
11-21 16:00:00,118.50560334273976
11-21 17:00:00,125.76479025156425
11-21 18:00:00,120.97217237598608
11-21 19:00:00,110.78395605650897
11-21 20:00:00,108.62139904195985
11-21 21:00:00,113.2581278804318
11-21 22:00:00,109.99097721344529
11-21 23:00:00,107.01542451745249
11-22 00:00:00,107.85431009202117
11-22 01:00:00,107.8863027011123
11-22 02:00:00,106.64208960328159
11-22 03:00:00,105.76360108660941
11-22 04:00:00,104.35490580175265
11-22 05:00:00,102.76357265104944
11-22 06:00:00,104.38669677664987
11-22 07:00:00,106.06400103033178
11-22 08:00:00,107.75242623690107
11-22 09:00:00,107.89395258502773
11-22 10:00:00,105.63287334086525
11-22 11:00:00,103.92551878501354
11-22 12:00:00,103.1336253017242
11-22 13:00:00,103.20496821217858
11-22 14:00:00,102.51090325533892
11-22 15:00:00,101.81937653428324
11-22 16:00:00,101.46859097952043
11-22 17:00:00,99.96051832346234
11-22 18:00:00,99.34228700877787
11-22 19:00:00,99.48791565458504
11-22 20:00:00,100.37207081945424
11-22 21:00:00,100.40376142582107
11-22 22:00:00,100.48762661649461
11-22 23:00:00,100.54567228857101
11-23 00:00:00,100.57230658002356
11-23 01:00:00,100.81134194302597
11-23 02:00:00,101.52442560594478
11-23 03:00:00,101.40743656298594
11-23 04:00:00,102.98489087140327
11-23 05:00:00,102.72045726986138
11-23 06:00:00,102.4656773014475
11-23 07:00:00,103.1559866753378
11-23 08:00:00,102.86683264303834
11-23 09:00:00,100.79839854740622
11-23 10:00:00,100.9784750198903
11-23 11:00:00,100.4332135934543
11-23 12:00:00,100.09210283096994
11-23 13:00:00,99.21494450747959
11-23 14:00:00,99.98972910332127
11-23 15:00:00,99.98894744733718
11-23 16:00:00,101.91471700656342
11-23 17:00:00,102.90488965852295
11-23 18:00:00,103.54538138457943
11-23 19:00:00,103.96454457366521
11-23 20:00:00,103.16982098227156
11-23 21:00:00,103.13274598306873
11-23 22:00:00,102.90271564206624
11-23 23:00:00,103.3867647007191
11-24 00:00:00,103.1444818198657
11-24 01:00:00,104.28857205769906
11-24 02:00:00,104.36913107487864
11-24 03:00:00,106.13464815190756
11-24 04:00:00,107.11397988074597
11-24 05:00:00,107.68482670951016
11-24 06:00:00,107.94690890078908
11-24 07:00:00,109.77321156383691
11-24 08:00:00,109.94648725768769
11-24 09:00:00,108.5029630873128
11-24 10:00:00,106.54872116963841
11-24 11:00:00,104.87536282352578
11-24 12:00:00,103.61530646440815
11-24 13:00:00,103.59854651784843
11-24 14:00:00,104.78760817709556
11-24 15:00:00,104.54494371168063
11-24 16:00:00,107.04816605487946
11-24 17:00:00,109.4350178062916
11-24 18:00:00,110.31549911052274
11-24 19:00:00,115.10571669382422
11-24 20:00:00,115.43784436657918
11-24 21:00:00,115.52175308909663
11-24 22:00:00,116.61863881896372
11-24 23:00:00,117.44049382960195
11-25 00:00:00,116.46041254052624
11-25 01:00:00,118.27600491462321
11-25 02:00:00,119.19743165985088
11-25 03:00:00,120.75015358738109
11-25 04:00:00,123.031202701479
11-25 05:00:00,123.56604139065148
11-25 06:00:00,125.36484776939196
11-25 07:00:00,127.80664735934718
11-25 08:00:00,126.72559902882547
11-25 09:00:00,126.41260829629066
11-25 10:00:00,124.57170050407527
11-25 11:00:00,120.20769604211011
11-25 12:00:00,117.70900669702554
11-25 13:00:00,116.71271680788152
11-25 14:00:00,115.96451607253195
11-25 15:00:00,115.32319267383906
11-25 16:00:00,114.04052013747321
11-25 17:00:00,114.33592053371731
11-25 18:00:00,114.62993981169654
11-25 19:00:00,114.80752893133482
11-25 20:00:00,114.7352299506909
11-25 21:00:00,115.57643181272846
11-25 22:00:00,117.23315382119955
11-25 23:00:00,120.4713940334048
11-26 00:00:00,123.03771593863121
11-26 01:00:00,124.8091509705809
11-26 02:00:00,126.6386688246718
11-26 03:00:00,126.7957815248219
11-26 04:00:00,128.79028258758623
11-26 05:00:00,130.82164704425657
11-26 06:00:00,136.30135229437184
11-26 07:00:00,140.89263896140886
11-26 08:00:00,141.0344042964718
11-26 09:00:00,140.40830737295707
11-26 10:00:00,139.79968364956656
11-26 11:00:00,138.01996102266747
11-26 12:00:00,134.76888995782133
11-26 13:00:00,135.72273688456036
11-26 14:00:00,136.9192585889908
11-26 15:00:00,136.98366747181637
11-26 16:00:00,138.42167338563513
11-26 17:00:00,138.48336689857553
11-26 18:00:00,137.5017740820321
11-26 19:00:00,138.92222572414843
11-26 20:00:00,140.32475785906138
11-26 21:00:00,142.38719089919437
11-26 22:00:00,144.26094998838158
11-26 23:00:00,142.7553898377812
11-27 00:00:00,143.3573755441135
11-27 01:00:00,145.45430276448042
11-27 02:00:00,145.6079143226338
11-27 03:00:00,145.1054055240657
11-27 04:00:00,148.3716168292828
11-27 05:00:00,143.76612192114902
11-27 06:00:00,144.25500800857884
11-27 07:00:00,144.2673445497688
11-27 08:00:00,141.5101203613046
11-27 09:00:00,142.14237114809424
11-27 10:00:00,134.57256181692503
11-27 11:00:00,123.97057379300469
11-27 12:00:00,114.40055943410152
11-27 13:00:00,119.05693407436578
11-27 14:00:00,119.89341356902464
11-27 15:00:00,130.33511081394104
11-27 16:00:00,132.27124597623373
11-27 17:00:00,133.17180780294578
11-27 18:00:00,131.5523336494528
11-27 19:00:00,133.93187179054183
11-27 20:00:00,135.6624384016502
11-27 21:00:00,135.65736860847878
11-27 22:00:00,125.98897750692666
11-27 23:00:00,131.96764009170835
11-28 00:00:00,137.61251565318466
11-28 01:00:00,141.1812120708569
11-28 02:00:00,140.2925200244276
11-28 03:00:00,142.0726926498859
11-28 04:00:00,144.6912633795893
11-28 05:00:00,144.96371205147943
11-28 06:00:00,146.03149547412096
11-28 07:00:00,144.2653984459035
11-28 08:00:00,141.8264734837338
11-28 09:00:00,138.35900719066512
11-28 10:00:00,133.7968756540656
11-28 11:00:00,126.99269361840518
11-28 12:00:00,126.95215713953405
11-28 13:00:00,125.33785260642561
11-28 14:00:00,127.59241078087307
11-28 15:00:00,127.49112849858386
11-28 16:00:00,132.68521895955996
11-28 17:00:00,141.1956824388776
11-28 18:00:00,143.95530500124818
11-28 19:00:00,145.62385411075792
11-28 20:00:00,144.625075510988
11-28 21:00:00,140.29833466413314
11-28 22:00:00,139.44244085939982
11-28 23:00:00,137.82225853984033
11-29 00:00:00,140.4614414635207
11-29 01:00:00,143.16673607781382
11-29 02:00:00,143.23372738606548
11-29 03:00:00,142.57780950129944
11-29 04:00:00,142.71361877926154
11-29 05:00:00,145.4650971172223
11-29 06:00:00,147.27267196618584
11-29 07:00:00,145.85050247186413
11-29 08:00:00,146.71670521190242
11-29 09:00:00,145.01574676659953
11-29 10:00:00,143.90952083418765
11-29 11:00:00,147.27267196618584
11-29 12:00:00,143.5085981738954
11-29 13:00:00,138.6684339024597
11-29 14:00:00,140.6345991949024
11-29 15:00:00,148.76948547386775
11-29 16:00:00,155.5996130336245
11-29 17:00:00,160.35214737343108
11-29 18:00:00,154.0083387476726
11-29 19:00:00,149.35723658176153
11-29 20:00:00,147.7214735593052
11-29 21:00:00,150.29884438685414
11-29 22:00:00,156.4627315193293
11-29 23:00:00,155.56903553822454
11-30 00:00:00,153.7943236900769
11-30 01:00:00,154.57375434838445
11-30 02:00:00,155.43175100912364
11-30 03:00:00,155.43175100912364
11-30 04:00:00,155.3612574384793
11-30 05:00:00,155.54582841405903
11-30 06:00:00,156.74160727989602
11-30 07:00:00,153.14463522868655
11-30 08:00:00,152.69684527783915
11-30 09:00:00,150.4028039196183
11-30 10:00:00,149.8056652344564
11-30 11:00:00,149.88521270141845
11-30 12:00:00,149.84443658599412
11-30 13:00:00,147.33127037500273
11-30 14:00:00,147.67402900220463
11-30 15:00:00,149.1712794174658
11-30 16:00:00,148.1700008060448
11-30 17:00:00,147.22970705794032
11-30 18:00:00,144.20305531040907
11-30 19:00:00,142.27695969493317
11-30 20:00:00,140.5271511334346
11-30 21:00:00,138.69620781395037
11-30 22:00:00,137.00779997342386
11-30 23:00:00,136.06573005367488
12-01 00:00:00,139.5181433095275
12-01 01:00:00,140.3037637474717
12-01 02:00:00,137.56370438352928
12-01 03:00:00,135.69668068337484
12-01 04:00:00,136.9500514670231
12-01 05:00:00,138.60947140626908
12-01 06:00:00,137.14688324993358
12-01 07:00:00,135.1614095036391
12-01 08:00:00,137.24059568170017
12-01 09:00:00,131.98985883953358
12-01 10:00:00,124.91537820976282
12-01 11:00:00,119.26330822609486
12-01 12:00:00,112.86698563320894
12-01 13:00:00,112.84271996079244
12-01 14:00:00,105.86159392715359
12-01 15:00:00,109.31132558082165
12-01 16:00:00,111.66031203848506
12-01 17:00:00,113.49075703223774
12-01 18:00:00,110.8834785681518
12-01 19:00:00,112.04107261076751
12-01 20:00:00,113.86518146827137
12-01 21:00:00,109.55106151266723
12-01 22:00:00,109.74288358330573
12-01 23:00:00,108.39400506246368
12-02 00:00:00,110.12993820529512
12-02 01:00:00,108.86566409520441
12-02 02:00:00,103.40878011553511
12-02 03:00:00,104.38219809531999
12-02 04:00:00,110.20434673929891
12-02 05:00:00,111.0904910618853
12-02 06:00:00,112.65618899461168
12-02 07:00:00,115.22689417523159
12-02 08:00:00,114.44136203649589
12-02 09:00:00,109.82201984144422
12-02 10:00:00,101.22565566530915
12-02 11:00:00,105.62658866331893
12-02 12:00:00,112.31342252321876
12-02 13:00:00,116.7228797641969
12-02 14:00:00,120.8138578320828
12-02 15:00:00,130.71097487485963
12-02 16:00:00,136.18362831333388
12-02 17:00:00,139.6020376531772
12-02 18:00:00,139.5447736932339
12-02 19:00:00,137.95523513622965
12-02 20:00:00,136.47986687825167
12-02 21:00:00,140.12364711498049
12-02 22:00:00,140.22805186160792
12-02 23:00:00,141.9990894416556
12-03 00:00:00,142.92292860256265
12-03 01:00:00,143.1294124692879
12-03 02:00:00,144.0535264981985
12-03 03:00:00,145.05384589757028
12-03 04:00:00,147.17695888761807
12-03 05:00:00,152.10777880627273
12-03 06:00:00,151.76741413144913
12-03 07:00:00,150.60837015490472
12-03 08:00:00,152.44990052070762
12-03 09:00:00,148.92453559991165
12-03 10:00:00,149.38018007407433
12-03 11:00:00,147.1232987679474
12-03 12:00:00,143.40407808163687
12-03 13:00:00,141.65835922536726
12-03 14:00:00,143.986902867975
12-03 15:00:00,145.4081658177146
12-03 16:00:00,148.1655299722587
12-03 17:00:00,153.62600498965872
12-03 18:00:00,150.7685861386828
12-03 19:00:00,149.25781170951706
12-03 20:00:00,149.62546792870677
12-03 21:00:00,145.5704773468065
12-03 22:00:00,143.01523105846903
12-03 23:00:00,140.64250209561737
12-04 00:00:00,137.73168706315045
12-04 01:00:00,140.98315110175128
12-04 02:00:00,144.97900066987583
12-04 03:00:00,144.0673008331518
12-04 04:00:00,142.35780516590734
12-04 05:00:00,140.54977512991246
12-04 06:00:00,138.69963835412238
12-04 07:00:00,136.82693867059498
12-04 08:00:00,134.13534571391963
12-04 09:00:00,130.64794516429828
12-04 10:00:00,128.7545479093992
12-04 11:00:00,123.50714744575131
12-04 12:00:00,117.03490612941971
12-04 13:00:00,114.6274495239922
12-04 14:00:00,113.97787383225959
12-04 15:00:00,118.05483889330992
12-04 16:00:00,112.56406521641222
12-04 17:00:00,109.72207697797086
12-04 18:00:00,109.09531229225797
12-04 19:00:00,106.91851243954258
12-04 20:00:00,91.8718888108572
12-04 21:00:00,107.76932660315848
12-04 22:00:00,112.56191604671793
12-04 23:00:00,113.82927836416614
12-05 00:00:00,114.1227009526583
12-05 01:00:00,113.70412023281897
12-05 02:00:00,117.43527632562773
12-05 03:00:00,118.21492013755287
12-05 04:00:00,120.51857233335616
12-05 05:00:00,124.27392086635135
12-05 06:00:00,126.75415342622956
12-05 07:00:00,127.32837166381066
12-05 08:00:00,128.0138690246488
12-05 09:00:00,122.8757859297911
12-05 10:00:00,122.3486426409919
12-05 11:00:00,114.70185455424412
12-05 12:00:00,112.37487602903639
12-05 13:00:00,109.24920437362246
12-05 14:00:00,115.97436671149472
12-05 15:00:00,118.11628759312902
12-05 16:00:00,121.80680160568718
12-05 17:00:00,124.60975901504796
12-05 18:00:00,125.58533922537359
12-05 19:00:00,125.55519844843164
12-05 20:00:00,128.9045591722957
12-05 21:00:00,129.8848227866972
12-05 22:00:00,130.84248277864663
12-05 23:00:00,130.26548084246963
12-06 00:00:00,132.01870470626352
12-06 01:00:00,136.2070421573168
12-06 02:00:00,140.28735550581035
12-06 03:00:00,142.81802361894097
12-06 04:00:00,142.0978343947576
12-06 05:00:00,138.6564461627169
12-06 06:00:00,137.84740028471202
12-06 07:00:00,137.74509151291625
12-06 08:00:00,139.2955110057196
12-06 09:00:00,137.39694200757089
12-06 10:00:00,132.88368840836233
12-06 11:00:00,128.50022910549012
12-06 12:00:00,126.02125272743453
12-06 13:00:00,121.0416404360388
12-06 14:00:00,119.2304587749532
12-06 15:00:00,124.36971779633666
12-06 16:00:00,134.1533358417728
12-06 17:00:00,134.62435706982836
12-06 18:00:00,137.20232126512323
12-06 19:00:00,143.32399259072662
12-06 20:00:00,143.56770782052996
12-06 21:00:00,139.70096930952693
12-06 22:00:00,143.82249894467253
12-06 23:00:00,147.10895300191552
12-07 00:00:00,139.53342290513694
12-07 01:00:00,144.5531043478942
12-07 02:00:00,150.2081469958551
12-07 03:00:00,152.88726986748475
12-07 04:00:00,155.27784794884786
12-07 05:00:00,155.01903625364957
12-07 06:00:00,152.99935755084056
12-07 07:00:00,149.5801841265245
12-07 08:00:00,140.96848916886606
12-07 09:00:00,136.48170311606054
12-07 10:00:00,131.7072722116904
12-07 11:00:00,129.43391337426772
12-07 12:00:00,125.5119538877407
12-07 13:00:00,122.60762074598804
12-07 14:00:00,127.85799229129927
12-07 15:00:00,131.06614784803483
12-07 16:00:00,138.65105141127162
12-07 17:00:00,138.1411295381189
12-07 18:00:00,138.52008987544096
12-07 19:00:00,136.37491071666312
12-07 20:00:00,137.6636203096222
12-07 21:00:00,137.33090163239356
12-07 22:00:00,136.16822761509525
12-07 23:00:00,131.1765891473799
12-08 00:00:00,129.29471821142536
12-08 01:00:00,127.35159758654655
12-08 02:00:00,125.97283366754303
12-08 03:00:00,124.06301976655567
12-08 04:00:00,127.3917685399432
12-08 05:00:00,125.20340167735387
12-08 06:00:00,125.5708378023323
12-08 07:00:00,130.34449623617485
12-08 08:00:00,135.36151970556935
12-08 09:00:00,140.7094586046078
12-08 10:00:00,141.2363637777123
12-08 11:00:00,143.45241931455547
12-08 12:00:00,143.51227821281014
12-08 13:00:00,141.77016704661622
12-08 14:00:00,140.99395161372743
12-08 15:00:00,143.13648289751944
12-08 16:00:00,144.2253841197046
12-08 17:00:00,145.2651441102501
12-08 18:00:00,145.36428933884406
12-08 19:00:00,144.49537232636786
12-08 20:00:00,144.53177040693765
12-08 21:00:00,144.5584250478709
12-08 22:00:00,144.54921493951105
12-08 23:00:00,144.71245448787903
12-09 00:00:00,144.8402981718475
12-09 01:00:00,144.8402981718475
12-09 02:00:00,144.0383091056765
12-09 03:00:00,144.8402981718475
12-09 04:00:00,144.8402981718475
12-09 05:00:00,145.77342885819098
12-09 06:00:00,145.03352531127751
12-09 07:00:00,140.6572712625068
12-09 08:00:00,138.94746848156615
12-09 09:00:00,139.78552890646233
12-09 10:00:00,139.7412407958746
12-09 11:00:00,133.87421659939665
12-09 12:00:00,131.98182398982962
12-09 13:00:00,131.9164316956041
12-09 14:00:00,132.08951339460847
12-09 15:00:00,137.30865720779377
12-09 16:00:00,136.66390405976307
12-09 17:00:00,137.8784698291504
12-09 18:00:00,137.03223511149073
12-09 19:00:00,141.30920119230672
12-09 20:00:00,140.5952224827475
12-09 21:00:00,144.2205101587939
12-09 22:00:00,147.1641592041338
12-09 23:00:00,145.86357457924316
12-10 00:00:00,152.49289842760555
12-10 01:00:00,156.46827808212254
12-10 02:00:00,161.01868427733584
12-10 03:00:00,161.95341215100854
12-10 04:00:00,160.85196447924065
12-10 05:00:00,158.34778147658437
12-10 06:00:00,159.70264415249483
12-10 07:00:00,157.45348510432453
12-10 08:00:00,156.58009346992105
12-10 09:00:00,151.9863681164303
12-10 10:00:00,145.7691215950503
12-10 11:00:00,149.18221486948397
12-10 12:00:00,152.33713348253264
12-10 13:00:00,149.27639490656603
12-10 14:00:00,147.64949555620262
12-10 15:00:00,144.86673044757384
12-10 16:00:00,142.97282513152265
12-10 17:00:00,142.19565939100096
12-10 18:00:00,142.35508295607474
12-10 19:00:00,138.2642266419167
12-10 20:00:00,125.94381192133943
12-10 21:00:00,124.38567232486741
12-10 22:00:00,123.51298135793985
12-10 23:00:00,118.90927890175979
12-11 00:00:00,117.40489489334047
12-11 01:00:00,116.02029695016437
12-11 02:00:00,119.9019469584162
12-11 03:00:00,123.81097092907922
12-11 04:00:00,123.98113026092895
12-11 05:00:00,124.78448019921777
12-11 06:00:00,118.4931637124987
12-11 07:00:00,120.89337630261508
12-11 08:00:00,124.0164049371096
12-11 09:00:00,129.59302296303628
12-11 10:00:00,130.22044169715446
12-11 11:00:00,131.57344971219527
12-11 12:00:00,130.48128860683414
12-11 13:00:00,129.71141541799267
12-11 14:00:00,125.5293605298128
12-11 15:00:00,122.34125075229427
12-11 16:00:00,128.23019932766277
12-11 17:00:00,127.58503090162802
12-11 18:00:00,129.13097991500294
12-11 19:00:00,129.92322246337721
12-11 20:00:00,130.78857091763928
12-11 21:00:00,130.76040784921028
12-11 22:00:00,130.72513317302963
12-11 23:00:00,131.55154285226195
12-12 00:00:00,133.2756064111797
12-12 01:00:00,130.91602663714895
12-12 02:00:00,133.65011027632679
12-12 03:00:00,130.53543458732477
12-12 04:00:00,130.85910300347174
12-12 05:00:00,140.23901242459308
12-12 06:00:00,145.0020811980536
12-12 07:00:00,148.0181381299313
12-12 08:00:00,150.67338629534402
12-12 09:00:00,150.09016459643036
12-12 10:00:00,139.5822245357576
12-12 11:00:00,131.3362593570975
12-12 12:00:00,125.32918278465178
12-12 13:00:00,121.72482166170423
12-12 14:00:00,121.892426498615
12-12 15:00:00,124.17923095556039
12-12 16:00:00,124.89976787880428
12-12 17:00:00,123.32732498994648
12-12 18:00:00,124.83932695063751
12-12 19:00:00,124.16328452250535
12-12 20:00:00,122.57999067271717
12-12 21:00:00,123.66457131760123
12-12 22:00:00,123.23037202062946
12-12 23:00:00,121.55509017441517
12-13 00:00:00,120.45053705993892
12-13 01:00:00,119.47627712557801
12-13 02:00:00,119.41312861287794
12-13 03:00:00,121.01361575277062
12-13 04:00:00,119.45619534919398
12-13 05:00:00,124.1495478276928
12-13 06:00:00,123.22573007572333
12-13 07:00:00,124.07665446409524
12-13 08:00:00,123.99371775670336
12-13 09:00:00,119.64694064850515
12-13 10:00:00,114.4355411165943
12-13 11:00:00,111.53239392163161
12-13 12:00:00,111.12114647483759
12-13 13:00:00,108.44482461485696
12-13 14:00:00,110.93745105895213
12-13 15:00:00,111.43121021045954
12-13 16:00:00,111.0342779923576
12-13 17:00:00,117.13836972014498
12-13 18:00:00,118.98783063086735
12-13 19:00:00,123.25519382728874
12-13 20:00:00,122.80684951147036
12-13 21:00:00,125.1582446722492
12-13 22:00:00,130.19316861111344
12-13 23:00:00,133.82289253332374
12-14 00:00:00,133.23408648417836
12-14 01:00:00,133.16918567878088
12-14 02:00:00,129.37271257458553
12-14 03:00:00,130.13561797001563
12-14 04:00:00,130.44623858162822
12-14 05:00:00,132.42360614960216
12-14 06:00:00,132.0510978966744
12-14 07:00:00,135.04989843211735
12-14 08:00:00,134.28271258638577
12-14 09:00:00,131.89665375093995
12-14 10:00:00,129.74201627001617
12-14 11:00:00,127.24688940746142
12-14 12:00:00,125.59049171089859
12-14 13:00:00,125.69871432315111
12-14 14:00:00,124.43519548986738
12-14 15:00:00,123.12110817752514
12-14 16:00:00,128.4213375084751
12-14 17:00:00,131.56534370138087
12-14 18:00:00,132.15464712356317
12-14 19:00:00,133.36055064694392
12-14 20:00:00,130.41416101082424
12-14 21:00:00,133.15450617156444
12-14 22:00:00,136.5884415971041
12-14 23:00:00,135.33817997120894
12-15 00:00:00,133.4770124654205
12-15 01:00:00,134.73842723715057
12-15 02:00:00,135.7784113431309
12-15 03:00:00,135.92453281706878
12-15 04:00:00,137.4033064959334
12-15 05:00:00,138.41492272398864
12-15 06:00:00,137.83120845859355
12-15 07:00:00,139.72120774981812
12-15 08:00:00,138.8470455778323
12-15 09:00:00,139.4153729877865
12-15 10:00:00,137.94311460381803
12-15 11:00:00,137.60931524651897
12-15 12:00:00,134.81780091318925
12-15 13:00:00,132.97779033427997
12-15 14:00:00,134.00660336100077
12-15 15:00:00,133.77916846704096
12-15 16:00:00,133.77916846704096
12-15 17:00:00,132.97779033427997
12-15 18:00:00,133.3770906918729
12-15 19:00:00,132.68907392573956
12-15 20:00:00,134.32041081782432
12-15 21:00:00,133.37851142690386
12-15 22:00:00,133.43137933014293
12-15 23:00:00,132.49214797792018
12-16 00:00:00,131.4681060133467
12-16 01:00:00,131.51205269636856
12-16 02:00:00,132.4477826562583
12-16 03:00:00,131.89668228661233
12-16 04:00:00,133.31551313885188
12-16 05:00:00,133.4294655086764
12-16 06:00:00,134.32719744502305
12-16 07:00:00,133.4358296888933
12-16 08:00:00,132.6550849934746
12-16 09:00:00,131.93953069115938
12-16 10:00:00,130.12583966259535
12-16 11:00:00,128.61590143161172
12-16 12:00:00,124.50860028114053
12-16 13:00:00,126.48947554473696
12-16 14:00:00,127.5109542286248
12-16 15:00:00,128.20954352341437
12-16 16:00:00,128.35529993217403
12-16 17:00:00,129.05528704854302
12-16 18:00:00,128.5849645720869
12-16 19:00:00,126.91911683986936
12-16 20:00:00,127.91449956350095
12-16 21:00:00,127.25891863497385
12-16 22:00:00,128.032489839704
12-16 23:00:00,128.77888061528623
12-17 00:00:00,127.36057923780443
12-17 01:00:00,130.4012019777291
12-17 02:00:00,134.16167291696047
12-17 03:00:00,134.1536283592353
12-17 04:00:00,139.4464015081818
12-17 05:00:00,143.01161201074092
12-17 06:00:00,144.25951546597432
12-17 07:00:00,145.74858686124128
12-17 08:00:00,148.3182872724554
12-17 09:00:00,149.1892858067346
12-17 10:00:00,141.4242013393835
12-17 11:00:00,133.8911563095113
12-17 12:00:00,128.27363039757788
12-17 13:00:00,124.51293854402671
12-17 14:00:00,123.75608817302276
12-17 15:00:00,125.36651923554457
12-17 16:00:00,129.37859302211865
12-17 17:00:00,132.2073269348104
12-17 18:00:00,132.2554821187462
12-17 19:00:00,132.53075696567407
12-17 20:00:00,133.72530830560856
12-17 21:00:00,133.69458087654016
12-17 22:00:00,138.4372271827612
12-17 23:00:00,138.18139233470478
12-18 00:00:00,140.437402059546
12-18 01:00:00,138.84303932147265
12-18 02:00:00,139.21982126172082
12-18 03:00:00,143.9412574769391
12-18 04:00:00,144.89703670348968
12-18 05:00:00,142.91273818153192
12-18 06:00:00,148.43299413816786
12-18 07:00:00,153.8445507973049
12-18 08:00:00,153.38156152985243
12-18 09:00:00,148.955061188141
12-18 10:00:00,141.67893367067643
12-18 11:00:00,135.58432758916905
12-18 12:00:00,129.85049493902048
12-18 13:00:00,125.92490365839804
12-18 14:00:00,127.03146811789179
12-18 15:00:00,129.93156108535203
12-18 16:00:00,128.69926962288264
12-18 17:00:00,134.746843409589
12-18 18:00:00,139.7866820360681
12-18 19:00:00,140.4873054509603
12-18 20:00:00,136.78114184578453
12-18 21:00:00,135.53896034476278
12-18 22:00:00,136.21720106245266
12-18 23:00:00,135.738375270433
12-19 00:00:00,137.02809958853075
12-19 01:00:00,138.18313825801647
12-19 02:00:00,140.5600439928878
12-19 03:00:00,140.8762066087266
12-19 04:00:00,143.85280072036474
12-19 05:00:00,145.70188514490923
12-19 06:00:00,146.50129732668614
12-19 07:00:00,147.0934418266628
12-19 08:00:00,148.46720138179225
12-19 09:00:00,149.89740934672807
12-19 10:00:00,151.36754902503776
12-19 11:00:00,148.258932739739
12-19 12:00:00,145.97108546356685
12-19 13:00:00,145.01735561420642
12-19 14:00:00,144.8214165146543
12-19 15:00:00,145.25345914527526
12-19 16:00:00,147.78670357437915
12-19 17:00:00,150.76170395453212
12-19 18:00:00,154.5372773842509
12-19 19:00:00,156.53311336531812
12-19 20:00:00,157.40729660051727
12-19 21:00:00,158.50313130180712
12-19 22:00:00,157.87875926983392
12-19 23:00:00,157.00730884283405
12-20 00:00:00,155.93970513522845
12-20 01:00:00,155.57559327378937
12-20 02:00:00,157.13119643645055
12-20 03:00:00,158.30201841017907
12-20 04:00:00,160.3365987886556
12-20 05:00:00,161.53859257338215
12-20 06:00:00,163.79064675782467
12-20 07:00:00,161.2290081509526
12-20 08:00:00,156.86062374157646
12-20 09:00:00,153.07258094041856
12-20 10:00:00,149.00415048669475
12-20 11:00:00,145.68678402655587
12-20 12:00:00,142.0587746641097
12-20 13:00:00,142.67521570194558
12-20 14:00:00,144.44288962446313
12-20 15:00:00,147.33056242280043
12-20 16:00:00,148.83204152847765
12-20 17:00:00,147.992077444156
12-20 18:00:00,151.74982669845232
12-20 19:00:00,158.1093493177769
12-20 20:00:00,156.2763368286859
12-20 21:00:00,157.65113339463207
12-20 22:00:00,160.37938033262716
12-20 23:00:00,160.37266127549805
12-21 00:00:00,163.11356314382533
12-21 01:00:00,164.2276213361328
12-21 02:00:00,171.41861959577614
12-21 03:00:00,173.72218947030728
12-21 04:00:00,173.71310453507937
12-21 05:00:00,169.390878590388
12-21 06:00:00,166.06263417309734
12-21 07:00:00,160.16517472592574
12-21 08:00:00,156.27662205370572
12-21 09:00:00,154.48834415705906
12-21 10:00:00,154.2602390177011
12-21 11:00:00,155.1632408296441
12-21 12:00:00,153.98482264833967
12-21 13:00:00,153.15115556743507
12-21 14:00:00,153.49163554252414
12-21 15:00:00,154.07152242891675
12-21 16:00:00,154.01742480786308
12-21 17:00:00,157.06203800088167
12-21 18:00:00,157.3433201494422
12-21 19:00:00,157.3039698546707
12-21 20:00:00,159.20610046518277
12-21 21:00:00,161.10329593161674
12-21 22:00:00,163.03445064681523
12-21 23:00:00,165.06794316284754
12-22 00:00:00,165.28337715628516
12-22 01:00:00,167.4338682071689
12-22 02:00:00,168.55522022468062
12-22 03:00:00,169.38590509119177
12-22 04:00:00,170.04719575126126
12-22 05:00:00,172.86741784299846
12-22 06:00:00,175.40393584320216
12-22 07:00:00,177.71681270085813
12-22 08:00:00,179.78198008691788
12-22 09:00:00,179.0293826210082
12-22 10:00:00,176.49513970258846
12-22 11:00:00,173.482842172981
12-22 12:00:00,169.73038918251203
12-22 13:00:00,169.06813402951823
12-22 14:00:00,168.17153316976237
12-22 15:00:00,170.34086270061516
12-22 16:00:00,173.54791465669305
12-22 17:00:00,176.9324491254161
12-22 18:00:00,177.81308604919423
12-22 19:00:00,180.0440173633954
12-22 20:00:00,182.80540871147218
12-22 21:00:00,181.85120714206548
12-22 22:00:00,176.98416127667494
12-22 23:00:00,178.08658196446896
12-23 00:00:00,177.44315916414587
12-23 01:00:00,186.6410908291184
12-23 02:00:00,192.08809674815154
12-23 03:00:00,187.67381590035615
12-23 04:00:00,187.45017074134347
12-23 05:00:00,182.8790115355049
12-23 06:00:00,186.00806141270564
12-23 07:00:00,191.8249466522895
12-23 08:00:00,195.64931471822095
12-23 09:00:00,189.05653238159772
12-23 10:00:00,171.3992369766086
12-23 11:00:00,149.9339673142951
12-23 12:00:00,138.44189218247772
12-23 13:00:00,126.53627200696604
12-23 14:00:00,123.53626032484271
12-23 15:00:00,122.38378885751493
12-23 16:00:00,125.61588065870741
12-23 17:00:00,122.14070938725996
12-23 18:00:00,119.39248386649871
12-23 19:00:00,122.2790345371079
12-23 20:00:00,120.28902420355884
12-23 21:00:00,117.01916899643486
12-23 22:00:00,117.03906998897293
12-23 23:00:00,115.27798229994067
12-24 00:00:00,112.2473854534727
12-24 01:00:00,114.76368366739962
12-24 02:00:00,115.30352414181618
12-24 03:00:00,117.8192288172037
12-24 04:00:00,117.48575092602343
12-24 05:00:00,123.42420384433763
12-24 06:00:00,123.00456439796207
12-24 07:00:00,125.36466852219841
12-24 08:00:00,127.35977413337547
12-24 09:00:00,120.80808767316323
12-24 10:00:00,115.55180451134417
12-24 11:00:00,113.15446711287589
12-24 12:00:00,111.86309439851871
12-24 13:00:00,105.8995971833977
12-24 14:00:00,105.63375410039538
12-24 15:00:00,109.9070188505445
12-24 16:00:00,108.6731485298632
12-24 17:00:00,108.45888773124503
12-24 18:00:00,108.5698108892698
12-24 19:00:00,107.35524762381355
12-24 20:00:00,107.26676939318327
12-24 21:00:00,108.35069733402065
12-24 22:00:00,106.16507271751443
12-24 23:00:00,105.47000589761178
12-25 00:00:00,105.63772493130455
12-25 01:00:00,107.2650236151167
12-25 02:00:00,105.94455898105768
12-25 03:00:00,113.63506282355277
12-25 04:00:00,109.78101577050352
12-25 05:00:00,111.47822384920646
12-25 06:00:00,113.0955597423272
12-25 07:00:00,110.68341431620976
12-25 08:00:00,112.46561249894842
12-25 09:00:00,108.29188389255503
12-25 10:00:00,113.07504424869376
12-25 11:00:00,106.79304701419213
12-25 12:00:00,105.04611665347994
12-25 13:00:00,100.69024099230626
12-25 14:00:00,97.79614070542924
12-25 15:00:00,95.66951276882416
12-25 16:00:00,98.692569622816
12-25 17:00:00,97.47907324486428
12-25 18:00:00,100.04800397908566
12-25 19:00:00,103.90336687046938
12-25 20:00:00,100.75696904072555
12-25 21:00:00,105.9343129453545
12-25 22:00:00,107.67967582341684
12-25 23:00:00,103.89999067034316
12-26 00:00:00,106.25457555212695
12-26 01:00:00,104.86029734757406
12-26 02:00:00,106.4645013283522
12-26 03:00:00,108.41216286711851
12-26 04:00:00,107.65057965927089
12-26 05:00:00,107.10789297957683
12-26 06:00:00,106.53605064475857
12-26 07:00:00,108.82753763404762
12-26 08:00:00,107.89091428756792
12-26 09:00:00,109.56629465683099
12-26 10:00:00,106.94623976779212
12-26 11:00:00,104.61596197929482
12-26 12:00:00,95.39797377377053
12-26 13:00:00,89.4067841041338
12-26 14:00:00,90.96672473240531
12-26 15:00:00,91.99058892436784
12-26 16:00:00,95.64247608434243
12-26 17:00:00,95.75382995919207
12-26 18:00:00,97.90024301180028
12-26 19:00:00,99.87650456964121
12-26 20:00:00,103.12316824505146
12-26 21:00:00,103.31018844258628
12-26 22:00:00,101.48310720591927
12-26 23:00:00,105.38860311459398
12-27 00:00:00,104.6880902314481
12-27 01:00:00,105.48049132395185
12-27 02:00:00,108.66482603050635
12-27 03:00:00,110.93008902012272
12-27 04:00:00,111.27231997790153
12-27 05:00:00,113.83652167072637
12-27 06:00:00,116.51418808957393
12-27 07:00:00,118.86848978445066
12-27 08:00:00,119.59173979809299
12-27 09:00:00,115.47223197666602
12-27 10:00:00,106.9230183467649
12-27 11:00:00,101.27272516672093
12-27 12:00:00,95.85240104660683
12-27 13:00:00,91.7838105818559
12-27 14:00:00,91.63476897874374
12-27 15:00:00,94.40412326027956
12-27 16:00:00,94.43571379627511
12-27 17:00:00,98.19026548235718
12-27 18:00:00,99.98238464541356
12-27 19:00:00,100.34920685495075
12-27 20:00:00,103.08503129630809
12-27 21:00:00,102.53335452999623
12-27 22:00:00,102.53335452999623
12-27 23:00:00,104.95664222948332
12-28 00:00:00,107.2065873738923
12-28 01:00:00,106.47860750363265
12-28 02:00:00,110.6155842102363
12-28 03:00:00,109.93008980961685
12-28 04:00:00,105.64030141382587
12-28 05:00:00,102.68382975733635
12-28 06:00:00,100.62426640656889
12-28 07:00:00,103.07685500801657
12-28 08:00:00,105.84884889896892
12-28 09:00:00,100.90720231063995
12-28 10:00:00,94.94952342887255
12-28 11:00:00,91.10524550554479
12-28 12:00:00,85.07509130255015
12-28 13:00:00,81.70843245843076
12-28 14:00:00,80.01228789320672
12-28 15:00:00,65.50444836883736
12-28 16:00:00,66.98335475286956
12-28 17:00:00,71.72243103265909
12-28 18:00:00,77.44809732895847
12-28 19:00:00,87.90414560347548
12-28 20:00:00,83.35063714568273
12-28 21:00:00,77.00560572917766
12-28 22:00:00,77.74413948214945
12-28 23:00:00,75.37633362685122
12-29 00:00:00,75.96425607085885
12-29 01:00:00,71.57426909617614
12-29 02:00:00,69.8356043379603
12-29 03:00:00,74.7600016608429
12-29 04:00:00,82.5464142327815
12-29 05:00:00,84.09473049067691
12-29 06:00:00,84.32028712653546
12-29 07:00:00,85.78509252272428
12-29 08:00:00,83.16133653294568
12-29 09:00:00,85.88075643184094
12-29 10:00:00,84.70994321703219
12-29 11:00:00,87.50651696939906
12-29 12:00:00,93.59195932037056
12-29 13:00:00,93.36982002803305
12-29 14:00:00,92.43879734054974
12-29 15:00:00,93.95458406224645
12-29 16:00:00,95.47385067208705
12-29 17:00:00,97.96075902750141
12-29 18:00:00,96.45373065583078
12-29 19:00:00,96.18875361352286
12-29 20:00:00,96.7430316136095
12-29 21:00:00,96.52959232419798
12-29 22:00:00,96.37558597850118
12-29 23:00:00,96.34359336941006
12-30 00:00:00,95.00527355529417
12-30 01:00:00,92.78113400806707
12-30 02:00:00,92.60949975446016
12-30 03:00:00,86.66105541009625
12-30 04:00:00,79.28987489292888
12-30 05:00:00,83.34854450455711
12-30 06:00:00,82.8279140446262
12-30 07:00:00,84.37691194489426
12-30 08:00:00,80.21851376085462
12-30 09:00:00,79.2031519679358
12-30 10:00:00,75.54393279628923
12-30 11:00:00,71.24617834160861
12-30 12:00:00,66.83380596227984
12-30 13:00:00,59.55274985542967
12-30 14:00:00,56.30192641340913
12-30 15:00:00,57.75801327040024
12-30 16:00:00,60.08149189427176
12-30 17:00:00,63.24978759033776
12-30 18:00:00,64.22968018657087
12-30 19:00:00,63.292182638216055
12-30 20:00:00,65.97011460775754
12-30 21:00:00,64.88570385738524
12-30 22:00:00,67.75601150523556
12-30 23:00:00,70.29671751950457
12-31 00:00:00,80.68902871096182
12-31 01:00:00,84.35547349471618
12-31 02:00:00,89.3360550917429
12-31 03:00:00,92.7191643002599
12-31 04:00:00,85.14631777247834
12-31 05:00:00,91.71844061692558
12-31 06:00:00,93.07657561511843
12-31 07:00:00,93.32042018131395
12-31 08:00:00,94.97101389599959
12-31 09:00:00,94.19851860938232
12-31 10:00:00,88.43081053842825
12-31 11:00:00,77.95495708016222
12-31 12:00:00,71.09156929657021
12-31 13:00:00,67.9216997809051
12-31 14:00:00,67.47882145981384
12-31 15:00:00,63.27772803762921
12-31 16:00:00,66.96297708008657
12-31 17:00:00,69.32157218227172
12-31 18:00:00,72.77633946992522
12-31 19:00:00,80.29462165627649
12-31 20:00:00,82.9328825593332
12-31 21:00:00,88.64727630459151
12-31 22:00:00,83.58826143870078
12-31 23:00:00,94.64784900915683
