,value_kW
01-01 00:00:00,3708.676303989777
01-01 01:00:00,3563.459558461481
01-01 02:00:00,3510.617996306606
01-01 03:00:00,3520.169313645956
01-01 04:00:00,3547.433709231443
01-01 05:00:00,3841.723796296497
01-01 06:00:00,6089.781775974918
01-01 07:00:00,5408.3373081307045
01-01 08:00:00,4194.143112352371
01-01 09:00:00,3539.0996566349195
01-01 10:00:00,2870.6733365534214
01-01 11:00:00,2429.7746016815145
01-01 12:00:00,3976.5004069004362
01-01 13:00:00,3507.628607588875
01-01 14:00:00,3533.9193322008714
01-01 15:00:00,4341.039985805042
01-01 16:00:00,5035.435598334389
01-01 17:00:00,5424.496676880997
01-01 18:00:00,6132.190684471236
01-01 19:00:00,6244.697409504755
01-01 20:00:00,4440.916692978504
01-01 21:00:00,4389.566785324079
01-01 22:00:00,3735.5869075524065
01-01 23:00:00,3738.1976146216043
01-02 00:00:00,3693.9945568731405
01-02 01:00:00,3547.986465424905
01-02 02:00:00,3486.5881601629403
01-02 03:00:00,3491.4560154303
01-02 04:00:00,3501.5130939649057
01-02 05:00:00,3806.2264154862796
01-02 06:00:00,6068.072556655352
01-02 07:00:00,5412.364410160588
01-02 08:00:00,4332.890781325367
01-02 09:00:00,3656.452470422699
01-02 10:00:00,3067.5782972350503
01-02 11:00:00,2560.170396742222
01-02 12:00:00,4273.58798564689
01-02 13:00:00,3757.3900095426507
01-02 14:00:00,3804.2191681102236
01-02 15:00:00,4544.326904785538
01-02 16:00:00,5247.496386117406
01-02 17:00:00,5576.749446142527
01-02 18:00:00,6355.821171903028
01-02 19:00:00,6197.70710307654
01-02 20:00:00,4849.751778188347
01-02 21:00:00,4420.90589494698
01-02 22:00:00,3836.6297364233938
01-02 23:00:00,3894.082020124503
01-03 00:00:00,3853.66799995179
01-03 01:00:00,3732.267162191189
01-03 02:00:00,3676.6822244959526
01-03 03:00:00,3674.4370964336977
01-03 04:00:00,3694.4051104999608
01-03 05:00:00,4007.4574788755763
01-03 06:00:00,6164.91343788163
01-03 07:00:00,5716.416715802249
01-03 08:00:00,4597.220361553211
01-03 09:00:00,3910.0761947537408
01-03 10:00:00,3310.116570132288
01-03 11:00:00,2915.9383032980736
01-03 12:00:00,4504.504167513435
01-03 13:00:00,3986.3614568204225
01-03 14:00:00,3958.447693467443
01-03 15:00:00,4749.067256738755
01-03 16:00:00,5423.401245411717
01-03 17:00:00,5734.911333339143
01-03 18:00:00,6695.389018714573
01-03 19:00:00,6469.860557420186
01-03 20:00:00,4744.923287537947
01-03 21:00:00,4641.308672250188
01-03 22:00:00,4087.9817965605625
01-03 23:00:00,3946.509999059935
01-04 00:00:00,3871.163117180935
01-04 01:00:00,3767.656855353763
01-04 02:00:00,3743.7870631994465
01-04 03:00:00,3714.401762187959
01-04 04:00:00,3747.485767953937
01-04 05:00:00,3865.927131043318
01-04 06:00:00,6366.193510099946
01-04 07:00:00,5716.737505210698
01-04 08:00:00,4631.139296167319
01-04 09:00:00,3975.108341115326
01-04 10:00:00,3367.7795851818737
01-04 11:00:00,2954.5828730424823
01-04 12:00:00,4556.154914703229
01-04 13:00:00,4000.302227087155
01-04 14:00:00,4018.2809180709996
01-04 15:00:00,4776.74554384131
01-04 16:00:00,5446.415704105732
01-04 17:00:00,5767.423508775044
01-04 18:00:00,6506.085084670642
01-04 19:00:00,6431.593541863687
01-04 20:00:00,5005.844992608867
01-04 21:00:00,4585.405390045979
01-04 22:00:00,4110.002617082014
01-04 23:00:00,3964.628551285471
01-05 00:00:00,3953.0199267531193
01-05 01:00:00,3814.43674540896
01-05 02:00:00,3774.670233006069
01-05 03:00:00,3780.4458668131556
01-05 04:00:00,3764.2040124917166
01-05 05:00:00,4047.2147056522813
01-05 06:00:00,6453.440318170991
01-05 07:00:00,5820.495977768811
01-05 08:00:00,4686.2262741869945
01-05 09:00:00,4016.9948449627796
01-05 10:00:00,3379.784642633574
01-05 11:00:00,2952.733963548173
01-05 12:00:00,4586.250897923822
01-05 13:00:00,4066.1115863194113
01-05 14:00:00,4093.724156810602
01-05 15:00:00,4821.596044343622
01-05 16:00:00,5483.549480194738
01-05 17:00:00,5957.478584425677
01-05 18:00:00,6619.892859148247
01-05 19:00:00,6432.556840099238
01-05 20:00:00,4844.651480574275
01-05 21:00:00,4773.257377371935
01-05 22:00:00,4131.0955217642995
01-05 23:00:00,4025.882655284492
01-06 00:00:00,3855.052722839429
01-06 01:00:00,3669.0275973428675
01-06 02:00:00,3607.7103285061585
01-06 03:00:00,3597.4762025315654
01-06 04:00:00,3625.729294736793
01-06 05:00:00,3898.479422014906
01-06 06:00:00,5762.653126581629
01-06 07:00:00,5022.987827950597
01-06 08:00:00,3578.4262532000225
01-06 09:00:00,2866.2260981307977
01-06 10:00:00,2312.4987245171187
01-06 11:00:00,1876.641015899986
01-06 12:00:00,3471.560085625817
01-06 13:00:00,2981.3650998874145
01-06 14:00:00,2986.291227595295
01-06 15:00:00,3717.3198146483433
01-06 16:00:00,4447.800283940988
01-06 17:00:00,5095.076692122955
01-06 18:00:00,6080.407699369323
01-06 19:00:00,6088.3853199112555
01-06 20:00:00,4553.014846042603
01-06 21:00:00,4469.222913451998
01-06 22:00:00,3856.6319623059953
01-06 23:00:00,3843.3065125254093
01-07 00:00:00,3690.901393871231
01-07 01:00:00,3512.291044113297
01-07 02:00:00,3445.7230947255043
01-07 03:00:00,3421.425833487924
01-07 04:00:00,3428.764196136772
01-07 05:00:00,3667.933223885003
01-07 06:00:00,5587.668864275729
01-07 07:00:00,4689.027823956719
01-07 08:00:00,3188.736130025632
01-07 09:00:00,2444.0618119653545
01-07 10:00:00,1852.707138188318
01-07 11:00:00,1389.585881610995
01-07 12:00:00,3023.7818252440593
01-07 13:00:00,2512.5418241470998
01-07 14:00:00,2559.643233885215
01-07 15:00:00,3304.892508258777
01-07 16:00:00,4077.7995431926415
01-07 17:00:00,4793.436587563352
01-07 18:00:00,5771.313058655882
01-07 19:00:00,5849.842593353236
01-07 20:00:00,4442.0117485435485
01-07 21:00:00,4399.31330197137
01-07 22:00:00,3860.525130598824
01-07 23:00:00,3737.048655143115
01-08 00:00:00,3967.3150835193746
01-08 01:00:00,3852.0349994555054
01-08 02:00:00,3781.7799923781618
01-08 03:00:00,3788.114894220007
01-08 04:00:00,3829.4735969677176
01-08 05:00:00,4053.492744207884
01-08 06:00:00,6393.154848225758
01-08 07:00:00,6093.609321866987
01-08 08:00:00,4878.921162766451
01-08 09:00:00,4200.909735814704
01-08 10:00:00,3547.7949245759796
01-08 11:00:00,3023.7849323159385
01-08 12:00:00,4629.69773587007
01-08 13:00:00,4056.70078455256
01-08 14:00:00,4073.979290913551
01-08 15:00:00,4852.799037318914
01-08 16:00:00,5610.822623459015
01-08 17:00:00,6168.942505450638
01-08 18:00:00,6792.659173726219
01-08 19:00:00,6681.623194544451
01-08 20:00:00,5143.147711750235
01-08 21:00:00,4946.797416378991
01-08 22:00:00,4484.688216450612
01-08 23:00:00,4380.225057837755
01-09 00:00:00,4366.575335666624
01-09 01:00:00,4241.04682883032
01-09 02:00:00,4221.078642703116
01-09 03:00:00,4241.36178447521
01-09 04:00:00,4272.672657714162
01-09 05:00:00,4523.715733758521
01-09 06:00:00,6926.837605554176
01-09 07:00:00,6333.536632566206
01-09 08:00:00,5252.883518941851
01-09 09:00:00,4517.514057797643
01-09 10:00:00,3786.296814473262
01-09 11:00:00,3268.290325904228
01-09 12:00:00,4817.241725819442
01-09 13:00:00,4257.115148982994
01-09 14:00:00,4267.693626569963
01-09 15:00:00,4985.851309054197
01-09 16:00:00,5679.135861686931
01-09 17:00:00,6296.214741779025
01-09 18:00:00,6769.86420124627
01-09 19:00:00,6672.799881043048
01-09 20:00:00,5114.73843059806
01-09 21:00:00,4954.2987232024025
01-09 22:00:00,4468.403317654226
01-09 23:00:00,4292.178781559051
01-10 00:00:00,4266.135404798739
01-10 01:00:00,4123.699801129193
01-10 02:00:00,4092.6883429896957
01-10 03:00:00,4121.187169652778
01-10 04:00:00,4172.194704405248
01-10 05:00:00,4481.050880935817
01-10 06:00:00,6812.82669452164
01-10 07:00:00,6307.950932376153
01-10 08:00:00,5139.176394002269
01-10 09:00:00,4506.1810764287875
01-10 10:00:00,3847.225977299592
01-10 11:00:00,3383.900798259694
01-10 12:00:00,4945.861733364197
01-10 13:00:00,4360.097855783512
01-10 14:00:00,4413.442143292338
01-10 15:00:00,5182.9001045994955
01-10 16:00:00,5841.033536291064
01-10 17:00:00,6199.457291946659
01-10 18:00:00,6896.496108081513
01-10 19:00:00,6964.029823925334
01-10 20:00:00,5239.867202930258
01-10 21:00:00,5195.041113072566
01-10 22:00:00,4577.080023779296
01-10 23:00:00,4457.7221133749545
01-11 00:00:00,4437.281080778817
01-11 01:00:00,4302.067546613565
01-11 02:00:00,4301.385241328542
01-11 03:00:00,4312.034481417951
01-11 04:00:00,4307.95166320266
01-11 05:00:00,4433.232637495209
01-11 06:00:00,6771.988079628389
01-11 07:00:00,6587.586378378989
01-11 08:00:00,5257.033802497128
01-11 09:00:00,4572.053788248923
01-11 10:00:00,3939.899607199159
01-11 11:00:00,3430.3221500566833
01-11 12:00:00,4981.329507488011
01-11 13:00:00,4467.831920885637
01-11 14:00:00,4520.18679855324
01-11 15:00:00,5240.7861394485635
01-11 16:00:00,5998.977972915086
01-11 17:00:00,6352.22796411033
01-11 18:00:00,7120.378729153373
01-11 19:00:00,6942.195551423382
01-11 20:00:00,5508.381746639965
01-11 21:00:00,5130.553515270514
01-11 22:00:00,4585.354046732277
01-11 23:00:00,4387.287392752123
01-12 00:00:00,4345.003587159817
01-12 01:00:00,4162.340691133967
01-12 02:00:00,4131.3494278968055
01-12 03:00:00,4116.004403040395
01-12 04:00:00,4111.924015778475
01-12 05:00:00,4368.021783863118
01-12 06:00:00,6643.677932079436
01-12 07:00:00,6084.0178290018675
01-12 08:00:00,4902.916045600708
01-12 09:00:00,4166.302558346655
01-12 10:00:00,3565.611522367568
01-12 11:00:00,3028.6297730022434
01-12 12:00:00,4655.337658431922
01-12 13:00:00,4106.194608723614
01-12 14:00:00,4109.175689055282
01-12 15:00:00,4879.763191633896
01-12 16:00:00,5518.292218636287
01-12 17:00:00,5722.512055798168
01-12 18:00:00,6534.344074040395
01-12 19:00:00,6429.353283425105
01-12 20:00:00,5081.315582396261
01-12 21:00:00,4639.452273521454
01-12 22:00:00,3971.153269956186
01-12 23:00:00,3943.7421554768093
01-13 00:00:00,3756.3491218789727
01-13 01:00:00,3571.2199546689103
01-13 02:00:00,3504.31339960593
01-13 03:00:00,3440.837575390835
01-13 04:00:00,3418.2821001546126
01-13 05:00:00,3573.022176234233
01-13 06:00:00,5507.549108529138
01-13 07:00:00,4750.912926646058
01-13 08:00:00,3305.454609131359
01-13 09:00:00,2605.2072335726457
01-13 10:00:00,2084.065560385158
01-13 11:00:00,1632.7208118872554
01-13 12:00:00,3283.863149656482
01-13 13:00:00,2723.406337595394
01-13 14:00:00,2776.062170359619
01-13 15:00:00,3472.9818570032057
01-13 16:00:00,4149.301691079168
01-13 17:00:00,4824.956817178761
01-13 18:00:00,5706.990661389244
01-13 19:00:00,5775.874801181862
01-13 20:00:00,4407.631475746606
01-13 21:00:00,4387.3416440409255
01-13 22:00:00,3843.6425798615874
01-13 23:00:00,3704.201104810449
01-14 00:00:00,3559.334359885703
01-14 01:00:00,3339.7388171473194
01-14 02:00:00,3179.4350356285113
01-14 03:00:00,2938.924942349551
01-14 04:00:00,2888.9117446330956
01-14 05:00:00,3100.723579131629
01-14 06:00:00,5040.174384556067
01-14 07:00:00,4280.441112713164
01-14 08:00:00,2961.9700246326834
01-14 09:00:00,2274.178713926286
01-14 10:00:00,1728.8479597401129
01-14 11:00:00,1348.881692658349
01-14 12:00:00,3051.3393389464686
01-14 13:00:00,2568.665706442096
01-14 14:00:00,2632.5988789672797
01-14 15:00:00,3384.148787269485
01-14 16:00:00,4097.649733198336
01-14 17:00:00,4790.414388257332
01-14 18:00:00,5784.790512452808
01-14 19:00:00,5819.567653863576
01-14 20:00:00,4364.069482582814
01-14 21:00:00,4334.866771109579
01-14 22:00:00,3752.2236784163233
01-14 23:00:00,3658.7458374511803
01-15 00:00:00,3840.993084872922
01-15 01:00:00,3701.0019927107555
01-15 02:00:00,3656.8709721010828
01-15 03:00:00,3667.4402234145405
01-15 04:00:00,3704.0246859581434
01-15 05:00:00,3997.5313108893442
01-15 06:00:00,6207.435557564105
01-15 07:00:00,5999.797295568329
01-15 08:00:00,4737.708831677511
01-15 09:00:00,4103.250519039553
01-15 10:00:00,3510.865514575334
01-15 11:00:00,3116.558382457045
01-15 12:00:00,4725.262788719671
01-15 13:00:00,4238.560622233586
01-15 14:00:00,4313.842540049956
01-15 15:00:00,5112.813880818002
01-15 16:00:00,5818.880191936651
01-15 17:00:00,6291.559906862284
01-15 18:00:00,6876.670786435807
01-15 19:00:00,6793.873485087341
01-15 20:00:00,5107.137502667851
01-15 21:00:00,4977.551862391143
01-15 22:00:00,4522.873607583057
01-15 23:00:00,4433.034956402133
01-16 00:00:00,4417.677711256826
01-16 01:00:00,4256.805698022513
01-16 02:00:00,4205.1943204996505
01-16 03:00:00,4249.803955651081
01-16 04:00:00,4304.121332312816
01-16 05:00:00,4459.758743913902
01-16 06:00:00,6933.952913518847
01-16 07:00:00,6414.6358691299065
01-16 08:00:00,5289.766424988275
01-16 09:00:00,4541.18302528864
01-16 10:00:00,3887.3725039462242
01-16 11:00:00,3429.6815685211513
01-16 12:00:00,5044.179115476546
01-16 13:00:00,4443.518995570039
01-16 14:00:00,4544.699702437724
01-16 15:00:00,5302.415890845376
01-16 16:00:00,6018.239870319001
01-16 17:00:00,6390.296950641407
01-16 18:00:00,7027.714463049491
01-16 19:00:00,6933.1633190926
01-16 20:00:00,5558.810990981585
01-16 21:00:00,5144.717514099866
01-16 22:00:00,4562.567683697846
01-16 23:00:00,4447.777918493751
01-17 00:00:00,4395.447327797589
01-17 01:00:00,4228.507728956698
01-17 02:00:00,4091.515326426102
01-17 03:00:00,4050.1439812779654
01-17 04:00:00,4067.6696666272937
01-17 05:00:00,4347.949906815343
01-17 06:00:00,6550.396712433586
01-17 07:00:00,6294.337185907074
01-17 08:00:00,4829.327909975396
01-17 09:00:00,4157.53143746687
01-17 10:00:00,3549.871622742676
01-17 11:00:00,3037.433630291158
01-17 12:00:00,4618.268115436093
01-17 13:00:00,4115.600544481709
01-17 14:00:00,4140.530708115176
01-17 15:00:00,4845.489414019787
01-17 16:00:00,5574.88839854214
01-17 17:00:00,5837.565014840751
01-17 18:00:00,6586.961684144321
01-17 19:00:00,6698.9628693859595
01-17 20:00:00,4815.21641456427
01-17 21:00:00,4605.074980246353
01-17 22:00:00,4043.2328019799183
01-17 23:00:00,3955.9312712329865
01-18 00:00:00,3876.5132840003585
01-18 01:00:00,3730.392405915615
01-18 02:00:00,3673.698874743869
01-18 03:00:00,3671.727699166839
01-18 04:00:00,3675.4738573572595
01-18 05:00:00,3858.574104245868
01-18 06:00:00,6377.197617726701
01-18 07:00:00,5775.58776712329
01-18 08:00:00,4627.632067858764
01-18 09:00:00,3963.37824905015
01-18 10:00:00,3370.336380636123
01-18 11:00:00,2992.8662567356487
01-18 12:00:00,4556.533675384009
01-18 13:00:00,4061.3380034607526
01-18 14:00:00,4092.178866345844
01-18 15:00:00,4784.017742572921
01-18 16:00:00,5476.8277221144235
01-18 17:00:00,5833.573019767857
01-18 18:00:00,6667.600423427703
01-18 19:00:00,6624.784023638084
01-18 20:00:00,5238.054268665094
01-18 21:00:00,4898.35427407321
01-18 22:00:00,4315.732662025494
01-18 23:00:00,4183.705522796194
01-19 00:00:00,4188.327229698132
01-19 01:00:00,4012.5818333842976
01-19 02:00:00,3994.793662771977
01-19 03:00:00,4064.332455795557
01-19 04:00:00,4095.5676494821346
01-19 05:00:00,4349.790539319074
01-19 06:00:00,6561.270231290902
01-19 07:00:00,6264.458207952938
01-19 08:00:00,5069.071714421272
01-19 09:00:00,4319.394746132636
01-19 10:00:00,3656.4755089549712
01-19 11:00:00,3167.2649016590976
01-19 12:00:00,4685.710502339243
01-19 13:00:00,4097.929457353598
01-19 14:00:00,4073.82597801959
01-19 15:00:00,4759.194517600386
01-19 16:00:00,5430.963743423258
01-19 17:00:00,5736.178218164931
01-19 18:00:00,6535.01124966659
01-19 19:00:00,6494.081897912541
01-19 20:00:00,4984.226996901628
01-19 21:00:00,4486.163765469279
01-19 22:00:00,3950.123557825789
01-19 23:00:00,3958.6759755532385
01-20 00:00:00,3812.1384764253053
01-20 01:00:00,3649.6043710185045
01-20 02:00:00,3585.866608127479
01-20 03:00:00,3521.0939351307
01-20 04:00:00,3543.6265346403225
01-20 05:00:00,3814.3844532738804
01-20 06:00:00,5668.266614191298
01-20 07:00:00,4907.721788687755
01-20 08:00:00,3474.4382825338416
01-20 09:00:00,2732.880061316589
01-20 10:00:00,2111.8384705159415
01-20 11:00:00,1605.8077146340843
01-20 12:00:00,3175.4025663079524
01-20 13:00:00,2643.8688793180495
01-20 14:00:00,2639.140934449127
01-20 15:00:00,3319.9398233465754
01-20 16:00:00,4029.2302146543466
01-20 17:00:00,4732.901761681849
01-20 18:00:00,5750.857655101271
01-20 19:00:00,5781.249860828736
01-20 20:00:00,4241.589328923727
01-20 21:00:00,4226.146900612321
01-20 22:00:00,3683.086995246259
01-20 23:00:00,3536.8891394260595
01-21 00:00:00,3417.0064077265756
01-21 01:00:00,3181.640786391306
01-21 02:00:00,3063.1735826393306
01-21 03:00:00,3024.0238785477704
01-21 04:00:00,2942.306104562412
01-21 05:00:00,3135.0498806489986
01-21 06:00:00,4957.9496557785715
01-21 07:00:00,4126.245737178791
01-21 08:00:00,2616.8845056130353
01-21 09:00:00,1878.984101622887
01-21 10:00:00,1324.2182336801457
01-21 11:00:00,864.3334076011229
01-21 12:00:00,2440.1239530253024
01-21 13:00:00,1927.7229707779659
01-21 14:00:00,2015.3334651102373
01-21 15:00:00,2779.4283814969635
01-21 16:00:00,3499.5986641897034
01-21 17:00:00,4267.469764476153
01-21 18:00:00,5281.96348937621
01-21 19:00:00,5358.324840546822
01-21 20:00:00,3936.9799691061016
01-21 21:00:00,3873.2294826970056
01-21 22:00:00,3284.1959451688513
01-21 23:00:00,3174.672022837633
01-22 00:00:00,3371.9791751324547
01-22 01:00:00,3245.0351470677306
01-22 02:00:00,3268.32287222764
01-22 03:00:00,3261.4030219399615
01-22 04:00:00,3267.32839244716
01-22 05:00:00,3473.5261775932277
01-22 06:00:00,5709.76436649841
01-22 07:00:00,5566.381723999856
01-22 08:00:00,4229.008046573654
01-22 09:00:00,3576.2783673362014
01-22 10:00:00,2942.918925490589
01-22 11:00:00,2440.758144562129
01-22 12:00:00,4101.636875102568
01-22 13:00:00,3558.1741512085277
01-22 14:00:00,3598.133672052832
01-22 15:00:00,4316.548851683069
01-22 16:00:00,5064.406994799813
01-22 17:00:00,5400.044335202957
01-22 18:00:00,6166.382448975982
01-22 19:00:00,6327.806995168422
01-22 20:00:00,4489.960684892294
01-22 21:00:00,4339.649721271155
01-22 22:00:00,3733.1509210639297
01-22 23:00:00,3679.437449543505
01-23 00:00:00,3656.1474232093105
01-23 01:00:00,3585.1719026091496
01-23 02:00:00,3526.917349913386
01-23 03:00:00,3523.231428839228
01-23 04:00:00,3551.4186422406924
01-23 05:00:00,3891.228349078748
01-23 06:00:00,6149.480423396969
01-23 07:00:00,5701.403755105019
01-23 08:00:00,4604.461868056632
01-23 09:00:00,3921.290943145867
01-23 10:00:00,3401.6899574956333
01-23 11:00:00,2933.0999829626007
01-23 12:00:00,4414.531348550507
01-23 13:00:00,3918.2743096618988
01-23 14:00:00,3927.60281831632
01-23 15:00:00,4674.571362324677
01-23 16:00:00,5352.594483039528
01-23 17:00:00,5791.565684872163
01-23 18:00:00,6673.18396470659
01-23 19:00:00,6341.043667142552
01-23 20:00:00,4802.895254879761
01-23 21:00:00,4769.2645125274985
01-23 22:00:00,4015.7155159826343
01-23 23:00:00,3877.988000150005
01-24 00:00:00,3839.328386719154
01-24 01:00:00,3675.9168811653158
01-24 02:00:00,3551.0709469795247
01-24 03:00:00,3474.465032995851
01-24 04:00:00,3597.4733643167647
01-24 05:00:00,3913.612094308703
01-24 06:00:00,6295.10715009426
01-24 07:00:00,5719.936103385809
01-24 08:00:00,4717.561133275186
01-24 09:00:00,4013.2385940201757
01-24 10:00:00,3366.283117681091
01-24 11:00:00,2911.8795565569935
01-24 12:00:00,4534.9925365355775
01-24 13:00:00,4016.51340507421
01-24 14:00:00,4090.5750009373046
01-24 15:00:00,4795.2427688016505
01-24 16:00:00,5608.560688822773
01-24 17:00:00,5990.320176126269
01-24 18:00:00,6974.689405226509
01-24 19:00:00,6682.474510979385
01-24 20:00:00,5116.026459335086
01-24 21:00:00,4837.519375063526
01-24 22:00:00,4383.137477565697
01-24 23:00:00,4179.333543838857
01-25 00:00:00,4085.918023159281
01-25 01:00:00,3898.163953137936
01-25 02:00:00,3830.910822667039
01-25 03:00:00,3874.394541086765
01-25 04:00:00,3931.0487861614447
01-25 05:00:00,4176.580543103908
01-25 06:00:00,6478.10208783957
01-25 07:00:00,5890.976587618088
01-25 08:00:00,4803.195278701636
01-25 09:00:00,4156.171956897053
01-25 10:00:00,3527.027296572743
01-25 11:00:00,3071.0979471180435
01-25 12:00:00,4663.7227099773745
01-25 13:00:00,4110.954904498756
01-25 14:00:00,4176.023387936171
01-25 15:00:00,4858.304207135345
01-25 16:00:00,5561.987427827363
01-25 17:00:00,5991.258129490103
01-25 18:00:00,6690.074208602907
01-25 19:00:00,6800.39782507226
01-25 20:00:00,4942.270664441383
01-25 21:00:00,4760.031368252972
01-25 22:00:00,4053.172991684345
01-25 23:00:00,4035.7541757698377
01-26 00:00:00,3983.276174180007
01-26 01:00:00,3816.9015596604886
01-26 02:00:00,3778.958001113075
01-26 03:00:00,3783.48418115089
01-26 04:00:00,3769.2388211832385
01-26 05:00:00,3974.061225697147
01-26 06:00:00,6257.329301077966
01-26 07:00:00,5994.672564595218
01-26 08:00:00,4734.909903655145
01-26 09:00:00,4051.6768405457397
01-26 10:00:00,3432.385140235332
01-26 11:00:00,2964.1815008861677
01-26 12:00:00,4504.696181334489
01-26 13:00:00,3946.980479619025
01-26 14:00:00,4014.5734326114484
01-26 15:00:00,4740.758281316276
01-26 16:00:00,5476.73654816411
01-26 17:00:00,5812.614120704691
01-26 18:00:00,6821.959241917391
01-26 19:00:00,6535.855668091265
01-26 20:00:00,4834.5778165167785
01-26 21:00:00,4716.354059619871
01-26 22:00:00,4269.51122143768
01-26 23:00:00,4161.20963474159
01-27 00:00:00,4020.057322123494
01-27 01:00:00,3882.3201539701126
01-27 02:00:00,3809.6984718652666
01-27 03:00:00,3780.8685517164045
01-27 04:00:00,3791.6251543093504
01-27 05:00:00,4014.9253557100046
01-27 06:00:00,5812.159768037597
01-27 07:00:00,5118.275855720913
01-27 08:00:00,3660.7204420285334
01-27 09:00:00,2951.303164021793
01-27 10:00:00,2442.7157561557297
01-27 11:00:00,2035.6413150058936
01-27 12:00:00,3656.759686568205
01-27 13:00:00,3152.568574667118
01-27 14:00:00,3138.6296911339537
01-27 15:00:00,3842.223875313616
01-27 16:00:00,4539.454939832035
01-27 17:00:00,5178.062842636093
01-27 18:00:00,6123.457310627417
01-27 19:00:00,6105.461526602074
01-27 20:00:00,4579.568926213994
01-27 21:00:00,4511.3306271977035
01-27 22:00:00,3955.013741243449
01-27 23:00:00,3730.5295094849394
01-28 00:00:00,3614.238565505766
01-28 01:00:00,3433.4471670192115
01-28 02:00:00,3346.8885035429757
01-28 03:00:00,3299.987603254567
01-28 04:00:00,3281.90461403951
01-28 05:00:00,3460.1538568226074
01-28 06:00:00,5363.767802022107
01-28 07:00:00,4439.324254521738
01-28 08:00:00,2902.055154783102
01-28 09:00:00,2177.8710534312863
01-28 10:00:00,1604.4111544918399
01-28 11:00:00,1170.7403193389566
01-28 12:00:00,2809.139087323252
01-28 13:00:00,2312.2742270942845
01-28 14:00:00,2336.698593709272
01-28 15:00:00,3076.4021086182447
01-28 16:00:00,3750.208588746986
01-28 17:00:00,4363.892657793052
01-28 18:00:00,5148.917217997363
01-28 19:00:00,5246.698829671995
01-28 20:00:00,3635.3005515304376
01-28 21:00:00,3809.841027330103
01-28 22:00:00,3332.9705873666007
01-28 23:00:00,3295.217472283993
01-29 00:00:00,3473.233932093221
01-29 01:00:00,3359.7879324644077
01-29 02:00:00,3319.54340455628
01-29 03:00:00,3325.0976961178053
01-29 04:00:00,3363.665585523546
01-29 05:00:00,3588.0242204699566
01-29 06:00:00,5953.386116263198
01-29 07:00:00,5360.333619211918
01-29 08:00:00,4013.0211397212665
01-29 09:00:00,3319.163873710564
01-29 10:00:00,2695.9242577563487
01-29 11:00:00,2349.946773795625
01-29 12:00:00,4090.180704450132
01-29 13:00:00,3652.186498793741
01-29 14:00:00,3689.7816008624254
01-29 15:00:00,4304.213896139087
01-29 16:00:00,4881.280986006918
01-29 17:00:00,5459.1540570986535
01-29 18:00:00,6173.322392012704
01-29 19:00:00,5998.148629175443
01-29 20:00:00,4362.916300607642
01-29 21:00:00,4171.872515723743
01-29 22:00:00,3617.1849827359347
01-29 23:00:00,3470.415700472325
01-30 00:00:00,3396.4092582837443
01-30 01:00:00,3248.0183362222156
01-30 02:00:00,3227.8472033047456
01-30 03:00:00,3226.6297556074437
01-30 04:00:00,3313.86138600221
01-30 05:00:00,3534.944640504832
01-30 06:00:00,5864.31565948198
01-30 07:00:00,5651.214420176106
01-30 08:00:00,4393.445755865189
01-30 09:00:00,3709.6335989843433
01-30 10:00:00,3102.7048638836636
01-30 11:00:00,2612.0635144088737
01-30 12:00:00,4191.008799186725
01-30 13:00:00,3801.742976981283
01-30 14:00:00,3841.7692100461454
01-30 15:00:00,4583.227993077549
01-30 16:00:00,5259.8901044525965
01-30 17:00:00,5635.082114964843
01-30 18:00:00,6347.884982381935
01-30 19:00:00,6409.2482275233515
01-30 20:00:00,4596.806646601505
01-30 21:00:00,4336.024997858459
01-30 22:00:00,3812.14635074352
01-30 23:00:00,3692.4022985200418
01-31 00:00:00,3632.5927552023263
01-31 01:00:00,3484.547628292605
01-31 02:00:00,3447.857171324578
01-31 03:00:00,3438.4210490590185
01-31 04:00:00,3471.140721320218
01-31 05:00:00,3684.450094020031
01-31 06:00:00,5944.387626751809
01-31 07:00:00,5649.987894889267
01-31 08:00:00,4410.183612508224
01-31 09:00:00,3739.1011270479535
01-31 10:00:00,3169.6533717123693
01-31 11:00:00,2729.30205337678
01-31 12:00:00,4281.357390706723
01-31 13:00:00,3733.284824082772
01-31 14:00:00,3701.0525083659754
01-31 15:00:00,4420.632565367288
01-31 16:00:00,5095.921840369775
01-31 17:00:00,5424.798201156145
01-31 18:00:00,6225.041652500482
01-31 19:00:00,6411.692542429532
01-31 20:00:00,4567.630833626789
01-31 21:00:00,4479.984763111664
01-31 22:00:00,3955.6547802459218
01-31 23:00:00,3741.865257678928
02-01 00:00:00,3627.9071919227354
02-01 01:00:00,3471.0599993362093
02-01 02:00:00,3404.98425961241
02-01 03:00:00,3397.7708114761963
02-01 04:00:00,3401.442671422029
02-01 05:00:00,3727.8363980426725
02-01 06:00:00,5864.488184780976
02-01 07:00:00,4933.093105591929
02-01 08:00:00,3522.819056283127
02-01 09:00:00,2514.0157845479102
02-01 10:00:00,1647.743175439471
02-01 11:00:00,1173.7309209595976
02-01 12:00:00,2792.1885116285116
02-01 13:00:00,2195.769897254674
02-01 14:00:00,2443.9563371456725
02-01 15:00:00,3479.712179515542
02-01 16:00:00,4381.98348905499
02-01 17:00:00,5558.559604640417
02-01 18:00:00,6229.79072841223
02-01 19:00:00,6111.109183987914
02-01 20:00:00,4486.8701012234815
02-01 21:00:00,4358.152009798237
02-01 22:00:00,3800.8661279677904
02-01 23:00:00,3607.091592729164
02-02 00:00:00,3571.6299266100245
02-02 01:00:00,3416.303955830757
02-02 02:00:00,3315.2857999379235
02-02 03:00:00,3263.1303491020763
02-02 04:00:00,3328.4062330531196
02-02 05:00:00,3630.120390190227
02-02 06:00:00,5884.040965093321
02-02 07:00:00,4899.582569067263
02-02 08:00:00,3512.2641710551
02-02 09:00:00,2443.9483524370253
02-02 10:00:00,1591.4018832256966
02-02 11:00:00,994.4516540547586
02-02 12:00:00,2614.269682532448
02-02 13:00:00,2052.4331694315524
02-02 14:00:00,2259.4815468627116
02-02 15:00:00,3251.9893083737147
02-02 16:00:00,4145.58694684013
02-02 17:00:00,5336.1064822110875
02-02 18:00:00,5988.876307553415
02-02 19:00:00,5995.813675825162
02-02 20:00:00,4302.44328530166
02-02 21:00:00,4195.004430251141
02-02 22:00:00,3521.0170598861355
02-02 23:00:00,3489.793561052034
02-03 00:00:00,3333.6753719496114
02-03 01:00:00,3126.311033761887
02-03 02:00:00,3063.6498135867982
02-03 03:00:00,3056.3161580332708
02-03 04:00:00,3053.02947099076
02-03 05:00:00,3286.919638280308
02-03 06:00:00,5203.378883873019
02-03 07:00:00,3788.102774245268
02-03 08:00:00,2206.1162260690035
02-03 09:00:00,1143.6845229860007
02-03 10:00:00,285.7756132864533
02-03 11:00:00,-262.1904107013043
02-03 12:00:00,1401.2354104206522
02-03 13:00:00,911.1855857227861
02-03 14:00:00,1124.9972170553885
02-03 15:00:00,2168.722870387751
02-03 16:00:00,3087.6522188565405
02-03 17:00:00,4392.466561753962
02-03 18:00:00,5401.725731604878
02-03 19:00:00,5310.254137915749
02-03 20:00:00,3787.393600143053
02-03 21:00:00,3784.298741786937
02-03 22:00:00,3282.569823605716
02-03 23:00:00,3080.6913737223017
02-04 00:00:00,2871.195997236405
02-04 01:00:00,2717.7685533379936
02-04 02:00:00,2781.004258741814
02-04 03:00:00,2809.667950817808
02-04 04:00:00,2856.4251287054017
02-04 05:00:00,3063.1126058877217
02-04 06:00:00,5002.239791216589
02-04 07:00:00,3574.59614281672
02-04 08:00:00,1985.4722581307512
02-04 09:00:00,826.9550454900423
02-04 10:00:00,-53.417728835434644
02-04 11:00:00,-653.1262752985109
02-04 12:00:00,916.1783762339888
02-04 13:00:00,431.54502083146406
02-04 14:00:00,727.6104554919619
02-04 15:00:00,1744.6017503758421
02-04 16:00:00,2743.317251330083
02-04 17:00:00,4092.9348765696855
02-04 18:00:00,5192.129708308931
02-04 19:00:00,5336.465132662822
02-04 20:00:00,3825.295578958246
02-04 21:00:00,3871.3166970924203
02-04 22:00:00,3275.0056847524475
02-04 23:00:00,3150.38152789575
02-05 00:00:00,3379.318550550937
02-05 01:00:00,3256.937416817016
02-05 02:00:00,3244.664841786349
02-05 03:00:00,3264.523207052977
02-05 04:00:00,3303.2535597452033
02-05 05:00:00,3596.806490170687
02-05 06:00:00,5898.813578849594
02-05 07:00:00,4742.817792621091
02-05 08:00:00,3564.331902572821
02-05 09:00:00,2368.856650364969
02-05 10:00:00,1425.9351768844651
02-05 11:00:00,852.6791372860584
02-05 12:00:00,2365.0354807434437
02-05 13:00:00,1745.227278478072
02-05 14:00:00,1995.8760586135554
02-05 15:00:00,2995.4959564213405
02-05 16:00:00,3978.0507250639725
02-05 17:00:00,5045.442531456678
02-05 18:00:00,5897.1618454884
02-05 19:00:00,5825.710097762572
02-05 20:00:00,4378.523981704021
02-05 21:00:00,4123.5794325468605
02-05 22:00:00,3605.2579845187092
02-05 23:00:00,3526.9717478350167
02-06 00:00:00,3439.723149501864
02-06 01:00:00,3304.072685195301
02-06 02:00:00,3287.5987986591063
02-06 03:00:00,3317.074884239208
02-06 04:00:00,3323.135583720936
02-06 05:00:00,3608.0871299222085
02-06 06:00:00,5839.653833533048
02-06 07:00:00,4912.920220402014
02-06 08:00:00,3493.8485927492466
02-06 09:00:00,2446.851178713447
02-06 10:00:00,1547.5579268310728
02-06 11:00:00,1005.4159223614226
02-06 12:00:00,2604.917366147937
02-06 13:00:00,2048.2331063511424
02-06 14:00:00,2294.2644807367833
02-06 15:00:00,3289.1982697134813
02-06 16:00:00,4192.215930804558
02-06 17:00:00,5488.354183150123
02-06 18:00:00,6150.236438945022
02-06 19:00:00,6054.173519613301
02-06 20:00:00,4485.640704671361
02-06 21:00:00,4256.1227464934
02-06 22:00:00,3712.740930799598
02-06 23:00:00,3616.6986363986325
02-07 00:00:00,3539.54729177736
02-07 01:00:00,3377.7073768261844
02-07 02:00:00,3345.3584039939933
02-07 03:00:00,3330.9988425408515
02-07 04:00:00,3368.606305256746
02-07 05:00:00,3657.2084676747204
02-07 06:00:00,5849.29813882302
02-07 07:00:00,4946.0607262670455
02-07 08:00:00,3523.706359100706
02-07 09:00:00,2458.3845303952053
02-07 10:00:00,1586.2164273858218
02-07 11:00:00,1137.047145520629
02-07 12:00:00,2702.6167597957874
02-07 13:00:00,2194.836102239117
02-07 14:00:00,2451.096887512333
02-07 15:00:00,3511.302418453665
02-07 16:00:00,4433.559149434714
02-07 17:00:00,5477.119786790735
02-07 18:00:00,6496.820418009255
02-07 19:00:00,6335.1785659240595
02-07 20:00:00,4751.588802147519
02-07 21:00:00,4589.108304540968
02-07 22:00:00,4132.665989009601
02-07 23:00:00,3808.698689684184
02-08 00:00:00,3774.24227842062
02-08 01:00:00,3630.3841760631394
02-08 02:00:00,3608.4231868372704
02-08 03:00:00,3612.4810882408597
02-08 04:00:00,3651.8514597995268
02-08 05:00:00,3847.665679567527
02-08 06:00:00,6141.7358652742005
02-08 07:00:00,5184.7166540652825
02-08 08:00:00,3796.4855955072157
02-08 09:00:00,2750.229428157798
02-08 10:00:00,1801.6557594516762
02-08 11:00:00,1162.4285655746833
02-08 12:00:00,2734.7046527277075
02-08 13:00:00,2132.878914159082
02-08 14:00:00,2369.472044996427
02-08 15:00:00,3418.3938359984204
02-08 16:00:00,4527.674531270207
02-08 17:00:00,5652.84271942518
02-08 18:00:00,6399.984554598705
02-08 19:00:00,6531.457335722447
02-08 20:00:00,4731.52027579505
02-08 21:00:00,4567.439706818185
02-08 22:00:00,4036.852269453801
02-08 23:00:00,3909.998397971348
02-09 00:00:00,3878.6363271545993
02-09 01:00:00,3723.7160115453726
02-09 02:00:00,3657.9464394723163
02-09 03:00:00,3670.384150227797
02-09 04:00:00,3692.234612112215
02-09 05:00:00,3930.8988383605883
02-09 06:00:00,6349.694964928641
02-09 07:00:00,5162.513924152833
02-09 08:00:00,3884.5534349161617
02-09 09:00:00,2842.132148686015
02-09 10:00:00,2003.4941341600415
02-09 11:00:00,1472.1905626895789
02-09 12:00:00,3032.432195345279
02-09 13:00:00,2533.518250861381
02-09 14:00:00,2737.568733640478
02-09 15:00:00,3695.341550565303
02-09 16:00:00,4601.512743020816
02-09 17:00:00,5617.534756442392
02-09 18:00:00,6499.84382857159
02-09 19:00:00,6402.716282220141
02-09 20:00:00,4957.790593079107
02-09 21:00:00,4685.565553933871
02-09 22:00:00,4167.154089766037
02-09 23:00:00,3970.969321202837
02-10 00:00:00,3839.62857220939
02-10 01:00:00,3655.512463801387
02-10 02:00:00,3551.104465199881
02-10 03:00:00,3520.2313243048543
02-10 04:00:00,3521.3864626645177
02-10 05:00:00,3760.073387321796
02-10 06:00:00,5610.7021222036
02-10 07:00:00,4230.41533673464
02-10 08:00:00,2677.7897094537607
02-10 09:00:00,1654.0806157503987
02-10 10:00:00,847.6903287254902
02-10 11:00:00,290.7846481534401
02-10 12:00:00,1930.970569920118
02-10 13:00:00,1307.0119338402537
02-10 14:00:00,1497.8268249136831
02-10 15:00:00,2427.9364246840437
02-10 16:00:00,3450.1542717579855
02-10 17:00:00,4881.862180005765
02-10 18:00:00,5983.202034702441
02-10 19:00:00,6139.3712198182175
02-10 20:00:00,4706.1868472330725
02-10 21:00:00,4727.189264831146
02-10 22:00:00,4148.699867318929
02-10 23:00:00,4157.9786810014475
02-11 00:00:00,4057.719445430392
02-11 01:00:00,3910.3572295466065
02-11 02:00:00,3879.3415651776386
02-11 03:00:00,3879.2559371732245
02-11 04:00:00,3912.602075331947
02-11 05:00:00,4169.12552523932
02-11 06:00:00,6080.542432890216
02-11 07:00:00,4565.391224835259
02-11 08:00:00,2915.916299598512
02-11 09:00:00,1799.7355019840752
02-11 10:00:00,1033.3390401718011
02-11 11:00:00,520.9892784082992
02-11 12:00:00,2179.799665162111
02-11 13:00:00,1636.779976626821
02-11 14:00:00,1859.6402802541686
02-11 15:00:00,2881.2333789879426
02-11 16:00:00,3836.559925077188
02-11 17:00:00,5198.305769228024
02-11 18:00:00,6223.372607888241
02-11 19:00:00,6304.656371549246
02-11 20:00:00,4845.3224829205965
02-11 21:00:00,4855.798483501799
02-11 22:00:00,4350.909647202431
02-11 23:00:00,4168.897348995289
02-12 00:00:00,4399.246391257308
02-12 01:00:00,4303.016552190298
02-12 02:00:00,4249.588573532505
02-12 03:00:00,4234.587343899288
02-12 04:00:00,4276.250728979674
02-12 05:00:00,4623.859298292676
02-12 06:00:00,6794.179370236239
02-12 07:00:00,5882.454006190991
02-12 08:00:00,4461.387153075401
02-12 09:00:00,3414.2718798722476
02-12 10:00:00,2578.5642430673897
02-12 11:00:00,2044.4521045961296
02-12 12:00:00,3652.9273402231092
02-12 13:00:00,3104.52450346693
02-12 14:00:00,3338.2278126911306
02-12 15:00:00,4359.142907746535
02-12 16:00:00,5286.808336044093
02-12 17:00:00,6473.125120544017
02-12 18:00:00,7064.582029956333
02-12 19:00:00,6919.116700196412
02-12 20:00:00,5304.849670885508
02-12 21:00:00,5165.583733592433
02-12 22:00:00,4611.030460130062
02-12 23:00:00,4467.186595602657
02-13 00:00:00,4447.427584797758
02-13 01:00:00,4319.136414245238
02-13 02:00:00,4267.818580309792
02-13 03:00:00,4308.281547673034
02-13 04:00:00,4363.056980673938
02-13 05:00:00,4524.153154530161
02-13 06:00:00,6865.319231404568
02-13 07:00:00,6015.509678743094
02-13 08:00:00,4567.826890577884
02-13 09:00:00,3554.213246786141
02-13 10:00:00,2684.814295879631
02-13 11:00:00,2106.6880710646624
02-13 12:00:00,3783.8004243242563
02-13 13:00:00,3180.7656480295404
02-13 14:00:00,3408.7003007477383
02-13 15:00:00,4386.320327299001
02-13 16:00:00,5306.780581104711
02-13 17:00:00,6315.006212463044
02-13 18:00:00,7265.356118092348
02-13 19:00:00,7162.759181917227
02-13 20:00:00,5688.157300154731
02-13 21:00:00,5404.845717195853
02-13 22:00:00,4979.815112677844
02-13 23:00:00,4886.721641862102
02-14 00:00:00,4857.679957940317
02-14 01:00:00,4741.42431871369
02-14 02:00:00,4715.583868944919
02-14 03:00:00,4733.083526747565
02-14 04:00:00,4741.875769082873
02-14 05:00:00,4929.531654571911
02-14 06:00:00,7241.282109181397
02-14 07:00:00,6375.562959314435
02-14 08:00:00,4883.937784749626
02-14 09:00:00,3765.0191018860087
02-14 10:00:00,2742.9546865528614
02-14 11:00:00,2093.4253930835303
02-14 12:00:00,3619.6118528343736
02-14 13:00:00,2948.6869952434167
02-14 14:00:00,3112.6957552459407
02-14 15:00:00,4129.152424774562
02-14 16:00:00,5093.697052639193
02-14 17:00:00,6145.761941985088
02-14 18:00:00,7089.40143161116
02-14 19:00:00,6943.597666670279
02-14 20:00:00,5502.338747090107
02-14 21:00:00,5396.840031160174
02-14 22:00:00,4674.88074241911
02-14 23:00:00,4439.4797959423695
02-15 00:00:00,4362.742951838745
02-15 01:00:00,4217.66614353436
02-15 02:00:00,4206.662450632979
02-15 03:00:00,4221.6599603161485
02-15 04:00:00,4239.8163280602375
02-15 05:00:00,4594.21416052585
02-15 06:00:00,6717.629249709648
02-15 07:00:00,5760.286704835952
02-15 08:00:00,4274.281330844653
02-15 09:00:00,3022.678093321607
02-15 10:00:00,2057.1775245650097
02-15 11:00:00,1429.7027168262946
02-15 12:00:00,3016.959136825062
02-15 13:00:00,2383.490760898866
02-15 14:00:00,2617.8831210431626
02-15 15:00:00,3612.442817686157
02-15 16:00:00,4531.063436311961
02-15 17:00:00,5743.376484734137
02-15 18:00:00,6353.670047996705
02-15 19:00:00,6311.603088340196
02-15 20:00:00,4627.464370299803
02-15 21:00:00,4378.450138008239
02-15 22:00:00,3915.309742600997
02-15 23:00:00,3787.1228952757137
02-16 00:00:00,3730.8395607079765
02-16 01:00:00,3583.0650309230627
02-16 02:00:00,3520.4195797150755
02-16 03:00:00,3483.045406964341
02-16 04:00:00,3515.06394302849
02-16 05:00:00,3642.7303155729555
02-16 06:00:00,6117.945153822824
02-16 07:00:00,4844.949125354769
02-16 08:00:00,3551.746403884919
02-16 09:00:00,2455.7275113644214
02-16 10:00:00,1592.3307682589214
02-16 11:00:00,1049.4240560186145
02-16 12:00:00,2622.5876927459585
02-16 13:00:00,1960.7807712583185
02-16 14:00:00,2127.1164259577827
02-16 15:00:00,3157.958830265734
02-16 16:00:00,4112.5507869698295
02-16 17:00:00,5102.720294235231
02-16 18:00:00,5948.587288837753
02-16 19:00:00,6054.349479534649
02-16 20:00:00,4370.738500505365
02-16 21:00:00,4145.926404034792
02-16 22:00:00,3624.252000848028
02-16 23:00:00,3558.693530230477
02-17 00:00:00,3373.653943309231
02-17 01:00:00,3184.6472758314007
02-17 02:00:00,3123.108523470616
02-17 03:00:00,3031.7729968643434
02-17 04:00:00,3023.259471720502
02-17 05:00:00,3248.1363844408484
02-17 06:00:00,5178.522655859602
02-17 07:00:00,3776.428277877705
02-17 08:00:00,2233.3337155518384
02-17 09:00:00,1175.96660743458
02-17 10:00:00,328.7193412694956
02-17 11:00:00,-235.46336028226239
02-17 12:00:00,1241.473893708629
02-17 13:00:00,740.5177030173111
02-17 14:00:00,992.605731639467
02-17 15:00:00,2014.5135332756897
02-17 16:00:00,3029.390005765049
02-17 17:00:00,4406.3116480375065
02-17 18:00:00,5483.170765649161
02-17 19:00:00,5479.716897715718
02-17 20:00:00,4059.643766976268
02-17 21:00:00,4063.023219904212
02-17 22:00:00,3540.067169547845
02-17 23:00:00,3421.7353195084274
02-18 00:00:00,3320.469822861518
02-18 01:00:00,3125.8582342395903
02-18 02:00:00,3085.523370047812
02-18 03:00:00,3088.512186803402
02-18 04:00:00,3133.364686843432
02-18 05:00:00,3369.8384141780352
02-18 06:00:00,5313.946817066144
02-18 07:00:00,3786.7556724337815
02-18 08:00:00,2091.677148169087
02-18 09:00:00,964.2862387427884
02-18 10:00:00,21.22936175469531
02-18 11:00:00,-603.9134779889382
02-18 12:00:00,1012.6979794095905
02-18 13:00:00,390.0515942422087
02-18 14:00:00,601.8757707289307
02-18 15:00:00,1638.1753589491075
02-18 16:00:00,2653.2344523291804
02-18 17:00:00,4028.9268093362234
02-18 18:00:00,5087.969619574091
02-18 19:00:00,5184.094894798729
02-18 20:00:00,3727.058851068195
02-18 21:00:00,3754.3427231021114
02-18 22:00:00,3222.4913837387203
02-18 23:00:00,3038.2606267547367
02-19 00:00:00,3234.1663600731326
02-19 01:00:00,3175.615755815016
02-19 02:00:00,3108.8962776391186
02-19 03:00:00,3138.8234326784113
02-19 04:00:00,3167.5233895294273
02-19 05:00:00,3429.6910459112487
02-19 06:00:00,5765.853009523306
02-19 07:00:00,4564.532467516028
02-19 08:00:00,3296.50892194371
02-19 09:00:00,2223.5823902818875
02-19 10:00:00,1301.4808612632874
02-19 11:00:00,638.438757605071
02-19 12:00:00,2213.582065450983
02-19 13:00:00,1615.4480587251505
02-19 14:00:00,1825.169573228195
02-19 15:00:00,2846.678194068704
02-19 16:00:00,3881.27508975976
02-19 17:00:00,5119.612881168419
02-19 18:00:00,5900.758289336611
02-19 19:00:00,5792.8633760427565
02-19 20:00:00,4170.0422543619325
02-19 21:00:00,4057.2416335617004
02-19 22:00:00,3500.7483456893156
02-19 23:00:00,3440.782265132294
02-20 00:00:00,3334.9281830546747
02-20 01:00:00,3203.0879080219397
02-20 02:00:00,3198.5317497964884
02-20 03:00:00,3235.1895471781554
02-20 04:00:00,3325.41941293183
02-20 05:00:00,3412.7048264374616
02-20 06:00:00,5767.993538446127
02-20 07:00:00,4890.903041451739
02-20 08:00:00,3429.9912364015
02-20 09:00:00,2308.19625379806
02-20 10:00:00,1287.193656328122
02-20 11:00:00,662.7871391866336
02-20 12:00:00,2225.438753708836
02-20 13:00:00,1675.6058742932944
02-20 14:00:00,1882.867264707572
02-20 15:00:00,2904.11259409478
02-20 16:00:00,3914.6674450889977
02-20 17:00:00,5115.310460007102
02-20 18:00:00,5863.644804411321
02-20 19:00:00,5852.746744992333
02-20 20:00:00,4304.237610710866
02-20 21:00:00,4248.06100649685
02-20 22:00:00,3683.1240138527764
02-20 23:00:00,3477.164617058679
02-21 00:00:00,3395.0000939123256
02-21 01:00:00,3304.072431596707
02-21 02:00:00,3280.04589825428
02-21 03:00:00,3276.8523989794453
02-21 04:00:00,3365.225125808813
02-21 05:00:00,3618.414892467634
02-21 06:00:00,6025.819843448853
02-21 07:00:00,4863.019143389311
02-21 08:00:00,3541.793480223156
02-21 09:00:00,2363.971059673567
02-21 10:00:00,1306.2555939741094
02-21 11:00:00,747.5666673584723
02-21 12:00:00,2301.063064726439
02-21 13:00:00,1632.547578232891
02-21 14:00:00,1772.0505582679946
02-21 15:00:00,2819.5043982057846
02-21 16:00:00,3874.216214015709
02-21 17:00:00,5072.7132745967765
02-21 18:00:00,5825.043019585202
02-21 19:00:00,5772.548319726376
02-21 20:00:00,4209.76228437976
02-21 21:00:00,4134.57658260469
02-21 22:00:00,3483.26080854732
02-21 23:00:00,3443.4327437855623
02-22 00:00:00,3406.5582046238137
02-22 01:00:00,3264.36508171619
02-22 02:00:00,3222.9972268693705
02-22 03:00:00,3294.6987240149074
02-22 04:00:00,3330.4813971588296
02-22 05:00:00,3495.2475929950097
02-22 06:00:00,5930.970016066819
02-22 07:00:00,4740.231785916892
02-22 08:00:00,3354.913021600321
02-22 09:00:00,2170.129587090875
02-22 10:00:00,1154.1466798252893
02-22 11:00:00,577.1269918776871
02-22 12:00:00,2194.242762782377
02-22 13:00:00,1574.779896893328
02-22 14:00:00,1814.5529204971385
02-22 15:00:00,2815.1759742771496
02-22 16:00:00,3772.055724173785
02-22 17:00:00,4800.939712542767
02-22 18:00:00,5690.791090459155
02-22 19:00:00,5691.15832796296
02-22 20:00:00,4143.722102743372
02-22 21:00:00,3968.8626089786812
02-22 22:00:00,3352.5905384139337
02-22 23:00:00,3311.7017646945555
02-23 00:00:00,3257.457955235476
02-23 01:00:00,3141.518879823588
02-23 02:00:00,3112.038493553972
02-23 03:00:00,3115.4776254782446
02-23 04:00:00,3252.2742970736026
02-23 05:00:00,3528.0456599793906
02-23 06:00:00,5713.920819492185
02-23 07:00:00,4832.500298016525
02-23 08:00:00,3369.571855418187
02-23 09:00:00,2230.806068189933
02-23 10:00:00,1322.3454626157047
02-23 11:00:00,696.2521346024853
02-23 12:00:00,2215.8497507845295
02-23 13:00:00,1612.3485452922407
02-23 14:00:00,1774.5680751255843
02-23 15:00:00,2777.4299582706108
02-23 16:00:00,3715.411700709813
02-23 17:00:00,4802.071573500909
02-23 18:00:00,5646.625638371785
02-23 19:00:00,5661.5193378662925
02-23 20:00:00,4197.493611516568
02-23 21:00:00,4093.687382795275
02-23 22:00:00,3490.078524277296
02-23 23:00:00,3311.524620348416
02-24 00:00:00,3150.417735322315
02-24 01:00:00,2973.234380063731
02-24 02:00:00,2922.877849536884
02-24 03:00:00,2925.86021997137
02-24 04:00:00,2964.2192133189583
02-24 05:00:00,3153.857731847425
02-24 06:00:00,5148.866438899391
02-24 07:00:00,3741.0753403885847
02-24 08:00:00,2125.029059310703
02-24 09:00:00,1028.316878634286
02-24 10:00:00,113.86085028952422
02-24 11:00:00,-487.3506922429238
02-24 12:00:00,1071.242272814576
02-24 13:00:00,455.6996266779886
02-24 14:00:00,622.4350391218874
02-24 15:00:00,1605.4227117990924
02-24 16:00:00,2647.6104281587113
02-24 17:00:00,4010.7353853013883
02-24 18:00:00,5082.087882748202
02-24 19:00:00,5158.097259233266
02-24 20:00:00,3734.6190788130775
02-24 21:00:00,3648.7791595569965
02-24 22:00:00,3101.689057777731
02-24 23:00:00,3043.443305338614
02-25 00:00:00,2936.1858665612453
02-25 01:00:00,2813.3288126284033
02-25 02:00:00,2729.0829991717897
02-25 03:00:00,2775.6422159184544
02-25 04:00:00,2767.2605633810012
02-25 05:00:00,3026.771856958365
02-25 06:00:00,4975.0421253655695
02-25 07:00:00,3482.0337810039487
02-25 08:00:00,1850.8898583412983
02-25 09:00:00,609.521928040826
02-25 10:00:00,-351.79399234255527
02-25 11:00:00,-948.3520778308191
02-25 12:00:00,657.3761118366473
02-25 13:00:00,37.728951425529395
02-25 14:00:00,262.02299135503705
02-25 15:00:00,1299.8682003378296
02-25 16:00:00,2309.229232513188
02-25 17:00:00,3702.5304134334465
02-25 18:00:00,4789.101214004438
02-25 19:00:00,4945.343387729931
02-25 20:00:00,3536.5345914014642
02-25 21:00:00,3577.7634026910932
02-25 22:00:00,3067.3804774009855
02-25 23:00:00,2996.3440176363
02-26 00:00:00,3179.466198758197
02-26 01:00:00,3078.994001652476
02-26 02:00:00,3088.988108452146
02-26 03:00:00,3076.6641136019643
02-26 04:00:00,3126.035290180695
02-26 05:00:00,3332.4445188590153
02-26 06:00:00,5844.385727035383
02-26 07:00:00,4585.632361675989
02-26 08:00:00,3290.090179643705
02-26 09:00:00,2117.2009649862243
02-26 10:00:00,1239.1940930550945
02-26 11:00:00,587.6310932036221
02-26 12:00:00,2155.620310181185
02-26 13:00:00,1587.9573320862776
02-26 14:00:00,1789.7329403608767
02-26 15:00:00,2783.5961076866556
02-26 16:00:00,3798.6788655264777
02-26 17:00:00,4890.761438648788
02-26 18:00:00,5796.5068269285675
02-26 19:00:00,5713.414438735686
02-26 20:00:00,4238.240381806429
02-26 21:00:00,3902.7392095740593
02-26 22:00:00,3428.3926646304194
02-26 23:00:00,3258.745262955207
02-27 00:00:00,3212.1480096201158
02-27 01:00:00,3056.954759091266
02-27 02:00:00,3081.8236555517315
02-27 03:00:00,3120.0767564505413
02-27 04:00:00,3193.733855922568
02-27 05:00:00,3420.968442693194
02-27 06:00:00,5718.418257763108
02-27 07:00:00,4852.233640299297
02-27 08:00:00,3417.9726178762007
02-27 09:00:00,2452.211080172474
02-27 10:00:00,1585.0661839722704
02-27 11:00:00,1068.7568316957104
02-27 12:00:00,2742.1882326282935
02-27 13:00:00,2183.0021532414257
02-27 14:00:00,2428.8640322035726
02-27 15:00:00,3416.9100007467796
02-27 16:00:00,4351.149504960979
02-27 17:00:00,5369.7705253083595
02-27 18:00:00,6154.71855991775
02-27 19:00:00,6053.446867771704
02-27 20:00:00,4600.650503327515
02-27 21:00:00,4424.531745009476
02-27 22:00:00,3790.7738716994127
02-27 23:00:00,3683.0974897502624
02-28 00:00:00,3654.3736506797336
02-28 01:00:00,3557.4229329241034
02-28 02:00:00,3489.7689377510287
02-28 03:00:00,3475.8278064434803
02-28 04:00:00,3499.706806516779
02-28 05:00:00,3743.8497784195233
02-28 06:00:00,6077.380928379783
02-28 07:00:00,4957.102712944824
02-28 08:00:00,3683.176950700907
02-28 09:00:00,2610.251621837089
02-28 10:00:00,1687.5331867014186
02-28 11:00:00,1196.668813765754
02-28 12:00:00,2780.451351392342
02-28 13:00:00,2193.0159833819916
02-28 14:00:00,2343.806867813928
02-28 15:00:00,3372.2275983142663
02-28 16:00:00,4339.718362325973
02-28 17:00:00,5441.749338636798
02-28 18:00:00,6262.756173079985
02-28 19:00:00,6200.228665590596
02-28 20:00:00,4763.498441553062
02-28 21:00:00,4568.342891786373
02-28 22:00:00,3885.8324904935675
02-28 23:00:00,3810.060469436954
03-01 00:00:00,3829.3080831874377
03-01 01:00:00,3676.6982124866963
03-01 02:00:00,3665.5311223753342
03-01 03:00:00,3662.432998916005
03-01 04:00:00,3730.6166254054515
03-01 05:00:00,3890.82774886908
03-01 06:00:00,5595.934681617235
03-01 07:00:00,4660.847963714498
03-01 08:00:00,2864.210847667987
03-01 09:00:00,1578.8584198933277
03-01 10:00:00,684.3898341429983
03-01 11:00:00,168.8362964579027
03-01 12:00:00,1758.352799188553
03-01 13:00:00,1149.4085071099678
03-01 14:00:00,1332.2572398220293
03-01 15:00:00,2468.1549225444223
03-01 16:00:00,3635.148896641366
03-01 17:00:00,4838.627347928899
03-01 18:00:00,6077.087578027614
03-01 19:00:00,6086.52379429368
03-01 20:00:00,4718.981881730738
03-01 21:00:00,4361.13451062888
03-01 22:00:00,3842.5505139547613
03-01 23:00:00,3753.74379396013
03-02 00:00:00,3719.529326550839
03-02 01:00:00,3591.4001053098827
03-02 02:00:00,3505.4961814388457
03-02 03:00:00,3539.6568970226685
03-02 04:00:00,3621.3793907041254
03-02 05:00:00,3967.529645763739
03-02 06:00:00,5649.948532075404
03-02 07:00:00,4474.538775175936
03-02 08:00:00,2686.3129691228655
03-02 09:00:00,1273.8148010751356
03-02 10:00:00,308.0053064911309
03-02 11:00:00,-260.7355362595123
03-02 12:00:00,1412.7826517085175
03-02 13:00:00,839.8018704977645
03-02 14:00:00,1018.9760082330089
03-02 15:00:00,2188.1669120108936
03-02 16:00:00,3409.73358348779
03-02 17:00:00,4557.373207129724
03-02 18:00:00,6026.637128897413
03-02 19:00:00,5843.228063969521
03-02 20:00:00,4264.663245928068
03-02 21:00:00,4104.879419660128
03-02 22:00:00,3709.1123087858455
03-02 23:00:00,3525.535532063208
03-03 00:00:00,3379.222967793058
03-03 01:00:00,3169.786060265341
03-03 02:00:00,3069.5049595612786
03-03 03:00:00,3120.3591380720986
03-03 04:00:00,3148.498435133047
03-03 05:00:00,3325.7944954019204
03-03 06:00:00,4752.882314007186
03-03 07:00:00,3096.7163559779888
03-03 08:00:00,1195.2729713584922
03-03 09:00:00,-101.80613372172873
03-03 10:00:00,-975.348230004274
03-03 11:00:00,-1434.787593864284
03-03 12:00:00,238.92512128882254
03-03 13:00:00,-283.1793389029219
03-03 14:00:00,-5.882011175667969
03-03 15:00:00,1182.2562051828324
03-03 16:00:00,2355.6669402263615
03-03 17:00:00,3857.970078880043
03-03 18:00:00,5296.374730027278
03-03 19:00:00,5384.714458848297
03-03 20:00:00,3902.041101505043
03-03 21:00:00,3921.532961057495
03-03 22:00:00,3374.079583972108
03-03 23:00:00,3223.371653771879
03-04 00:00:00,3155.6065038320357
03-04 01:00:00,3008.206400720683
03-04 02:00:00,2912.239207399844
03-04 03:00:00,2893.672430653117
03-04 04:00:00,2876.0009132151854
03-04 05:00:00,3114.656512257839
03-04 06:00:00,4480.7787184592535
03-04 07:00:00,2688.5789230805526
03-04 08:00:00,712.951374737921
03-04 09:00:00,-676.1260737375555
03-04 10:00:00,-1557.1718060704013
03-04 11:00:00,-2037.7950702235444
03-04 12:00:00,-348.47710427392434
03-04 13:00:00,-883.975701250554
03-04 14:00:00,-502.88460482177675
03-04 15:00:00,680.9332304642326
03-04 16:00:00,1834.5835813952729
03-04 17:00:00,3343.854763446919
03-04 18:00:00,4897.469773906024
03-04 19:00:00,5008.179174347956
03-04 20:00:00,3627.5485881052946
03-04 21:00:00,3774.5161002023674
03-04 22:00:00,3229.8069835583856
03-04 23:00:00,3070.4688273538377
03-05 00:00:00,3356.8439017920623
03-05 01:00:00,3230.609886749406
03-05 02:00:00,3187.8799890950518
03-05 03:00:00,3196.809387966603
03-05 04:00:00,3238.399700696565
03-05 05:00:00,3439.92045237974
03-05 06:00:00,5206.503164914014
03-05 07:00:00,4086.75674219227
03-05 08:00:00,2365.6504756614186
03-05 09:00:00,1112.3276777763622
03-05 10:00:00,311.65229991471887
03-05 11:00:00,-46.39137241465329
03-05 12:00:00,1696.2898549847116
03-05 13:00:00,1355.5537176698235
03-05 14:00:00,1706.256145348933
03-05 15:00:00,2874.242592498007
03-05 16:00:00,3965.5522578181085
03-05 17:00:00,5082.23855149262
03-05 18:00:00,6514.806684466732
03-05 19:00:00,6215.287086709886
03-05 20:00:00,4596.808959260584
03-05 21:00:00,4430.010655196084
03-05 22:00:00,3944.3125782945217
03-05 23:00:00,3768.8326932367772
03-06 00:00:00,3697.496554188276
03-06 01:00:00,3566.873906973484
03-06 02:00:00,3539.2075348249646
03-06 03:00:00,3569.3427119070066
03-06 04:00:00,3608.143283847987
03-06 05:00:00,3804.992752145552
03-06 06:00:00,5639.254529800586
03-06 07:00:00,4535.798170351909
03-06 08:00:00,2762.9052072221557
03-06 09:00:00,1456.5009400366855
03-06 10:00:00,599.8745481981414
03-06 11:00:00,157.99306820507366
03-06 12:00:00,1875.8279704508252
03-06 13:00:00,1391.2322258184454
03-06 14:00:00,1614.7564403282793
03-06 15:00:00,2785.1138919064624
03-06 16:00:00,3900.196026814674
03-06 17:00:00,5231.406079080724
03-06 18:00:00,6211.600441481648
03-06 19:00:00,6229.985637185031
03-06 20:00:00,4632.117176652686
03-06 21:00:00,4614.5605768471
03-06 22:00:00,4016.800694975261
03-06 23:00:00,3874.5000124475364
03-07 00:00:00,3844.6611113976633
03-07 01:00:00,3727.8359919685818
03-07 02:00:00,3702.515377120861
03-07 03:00:00,3714.773477733689
03-07 04:00:00,3728.6107354255314
03-07 05:00:00,3924.2305442488064
03-07 06:00:00,5589.689026561885
03-07 07:00:00,4396.949743496993
03-07 08:00:00,2718.630603425065
03-07 09:00:00,1379.2491183411064
03-07 10:00:00,551.4411320081132
03-07 11:00:00,97.37159560383269
03-07 12:00:00,1797.44810154334
03-07 13:00:00,1267.303419530709
03-07 14:00:00,1488.800439077853
03-07 15:00:00,2599.3827298399374
03-07 16:00:00,3665.595138103363
03-07 17:00:00,4806.402349028064
03-07 18:00:00,6170.232939319383
03-07 19:00:00,6191.021165994485
03-07 20:00:00,4391.036836251985
03-07 21:00:00,4309.49088801237
03-07 22:00:00,3750.7370319096644
03-07 23:00:00,3600.7765934418353
03-08 00:00:00,3564.370831661641
03-08 01:00:00,3413.937373546157
03-08 02:00:00,3358.8226574781056
03-08 03:00:00,3348.9012733621594
03-08 04:00:00,3390.505196524902
03-08 05:00:00,3551.704173829464
03-08 06:00:00,5369.356128525771
03-08 07:00:00,4220.138782715049
03-08 08:00:00,2506.2360561336427
03-08 09:00:00,1216.2860982783404
03-08 10:00:00,372.0954676550456
03-08 11:00:00,-105.24023021688568
03-08 12:00:00,1529.7541567695093
03-08 13:00:00,1060.904336474498
03-08 14:00:00,1312.2446139733202
03-08 15:00:00,2474.0076312191936
03-08 16:00:00,3644.508742178684
03-08 17:00:00,4792.344311531323
03-08 18:00:00,6111.110513748649
03-08 19:00:00,6112.98454015468
03-08 20:00:00,4713.521557770273
03-08 21:00:00,4399.630468735331
03-08 22:00:00,3715.267258833955
03-08 23:00:00,3640.4646467800394
03-09 00:00:00,3696.8425231397364
03-09 01:00:00,3626.113277788993
03-09 02:00:00,3599.138765914606
03-09 03:00:00,3657.5716056234082
03-09 04:00:00,3707.8337776428807
03-09 05:00:00,3931.035837574101
03-09 06:00:00,5889.464406528114
03-09 07:00:00,4337.643345324105
03-09 08:00:00,2767.4197631361694
03-09 09:00:00,1457.1912956046126
03-09 10:00:00,588.0621575741458
03-09 11:00:00,96.29405104008498
03-09 12:00:00,1743.7385247232535
03-09 13:00:00,1214.6529504354107
03-09 14:00:00,1474.0072735683975
03-09 15:00:00,2549.1034239534524
03-09 16:00:00,3645.4709222081888
03-09 17:00:00,4755.018357754959
03-09 18:00:00,6073.336563675445
03-09 19:00:00,6015.476769264908
03-09 20:00:00,4636.875059771142
03-09 21:00:00,4388.041671620163
03-09 22:00:00,3748.181639056059
03-09 23:00:00,3655.755661491845
03-10 00:00:00,3442.2599991614106
03-10 01:00:00,3286.456772082755
03-10 02:00:00,3233.798860834662
03-10 03:00:00,3235.001084580496
03-10 04:00:00,3248.8512027638203
03-10 05:00:00,3475.088539544718
03-10 06:00:00,4852.274982028904
03-10 07:00:00,3224.7041051183005
03-10 08:00:00,1255.547110483396
03-10 09:00:00,-118.63769495454991
03-10 10:00:00,-1002.3465368757328
03-10 11:00:00,-1414.5023857858673
03-10 12:00:00,311.7854328868162
03-10 13:00:00,-207.3636750056439
03-10 14:00:00,60.398181105678994
03-10 15:00:00,1218.012932415401
03-10 16:00:00,2372.220898089411
03-10 17:00:00,3888.401255466651
03-10 18:00:00,5428.295212237185
03-10 19:00:00,5479.539670537016
03-10 20:00:00,4035.037897769487
03-10 21:00:00,3940.6384041898764
03-10 22:00:00,3370.1034034266936
03-10 23:00:00,3223.1553838558107
03-11 00:00:00,3112.623733827521
03-11 01:00:00,2922.4338375820384
03-11 02:00:00,2836.1468638675096
03-11 03:00:00,2806.5330959081284
03-11 04:00:00,2808.5785070824386
03-11 05:00:00,3040.5385256837667
03-11 06:00:00,4388.349443360762
03-11 07:00:00,2613.803592732498
03-11 08:00:00,655.6461278645404
03-11 09:00:00,-718.5804146420493
03-11 10:00:00,-1640.8738672203592
03-11 11:00:00,-2118.708420930817
03-11 12:00:00,-445.3039372915448
03-11 13:00:00,-921.3268164391649
03-11 14:00:00,-615.6189774602773
03-11 15:00:00,565.2254136384798
03-11 16:00:00,1738.958117651564
03-11 17:00:00,3188.278455439436
03-11 18:00:00,4748.015277664158
03-11 19:00:00,4945.331844780142
03-11 20:00:00,3538.5285779775995
03-11 21:00:00,3484.1380379928332
03-11 22:00:00,2909.295648009384
03-11 23:00:00,2813.8971006370334
03-12 00:00:00,3037.3914157241875
03-12 01:00:00,3061.191870756466
03-12 02:00:00,3114.2430616686806
03-12 03:00:00,3132.2837954861525
03-12 04:00:00,3213.979079086268
03-12 05:00:00,3518.8993911929456
03-12 06:00:00,5151.8485959578165
03-12 07:00:00,4122.4693374308445
03-12 08:00:00,2320.745728992142
03-12 09:00:00,1029.4171023574154
03-12 10:00:00,124.33082035648276
03-12 11:00:00,-277.91702099864483
03-12 12:00:00,1411.1534186284025
03-12 13:00:00,938.9912713728202
03-12 14:00:00,1223.0043697612534
03-12 15:00:00,2346.8247089447595
03-12 16:00:00,3441.099879670894
03-12 17:00:00,4799.065007925272
03-12 18:00:00,5938.66503039619
03-12 19:00:00,5895.409566096031
03-12 20:00:00,4350.195732674579
03-12 21:00:00,4146.471761256287
03-12 22:00:00,3721.506706144039
03-12 23:00:00,3509.7947223106607
03-13 00:00:00,3466.352623012001
03-13 01:00:00,3292.1528202346694
03-13 02:00:00,3232.762573256087
03-13 03:00:00,3205.2527569724125
03-13 04:00:00,3271.238673736765
03-13 05:00:00,3503.265535542587
03-13 06:00:00,5497.20063607103
03-13 07:00:00,4065.5386251596933
03-13 08:00:00,2412.884927506122
03-13 09:00:00,994.7111902002338
03-13 10:00:00,77.1553918600803
03-13 11:00:00,-417.55923801616683
03-13 12:00:00,1228.0491529222988
03-13 13:00:00,729.496401394498
03-13 14:00:00,1014.5382790260155
03-13 15:00:00,2189.196666902402
03-13 16:00:00,3408.1415671770774
03-13 17:00:00,4741.664452844999
03-13 18:00:00,6175.471001437244
03-13 19:00:00,6219.202512567206
03-13 20:00:00,4477.677364287901
03-13 21:00:00,4217.4909481346685
03-13 22:00:00,3500.656951139848
03-13 23:00:00,3499.556106261439
03-14 00:00:00,3357.5619042333374
03-14 01:00:00,3396.694056395018
03-14 02:00:00,3613.423459300903
03-14 03:00:00,3650.7628966039915
03-14 04:00:00,3673.448761136444
03-14 05:00:00,3688.2494736531644
03-14 06:00:00,5692.239863827102
03-14 07:00:00,4205.156758495629
03-14 08:00:00,2659.03138392499
03-14 09:00:00,1326.6715097752892
03-14 10:00:00,412.5024235607916
03-14 11:00:00,-62.711417717790354
03-14 12:00:00,1694.1434104671027
03-14 13:00:00,1278.592818090332
03-14 14:00:00,1772.9436218613787
03-14 15:00:00,2988.2748524646645
03-14 16:00:00,4063.519813465916
03-14 17:00:00,5269.730280708553
03-14 18:00:00,6322.532230693744
03-14 19:00:00,6180.4503256934795
03-14 20:00:00,4563.605151528779
03-14 21:00:00,4367.498406972483
03-14 22:00:00,3806.452675965956
03-14 23:00:00,3708.9291574287176
03-15 00:00:00,3676.225280177952
03-15 01:00:00,3550.985220600608
03-15 02:00:00,3528.2616156637164
03-15 03:00:00,3553.2102576504367
03-15 04:00:00,3602.0931759765303
03-15 05:00:00,3887.4741347311233
03-15 06:00:00,5652.777677662323
03-15 07:00:00,4152.858167010268
03-15 08:00:00,2669.4372620933505
03-15 09:00:00,1361.4281563429051
03-15 10:00:00,614.8602282438388
03-15 11:00:00,170.50030057451443
03-15 12:00:00,1905.2723170474212
03-15 13:00:00,1422.7733448321164
03-15 14:00:00,1794.4863771075297
03-15 15:00:00,2902.512122257396
03-15 16:00:00,3951.1373962292014
03-15 17:00:00,5061.35177720938
03-15 18:00:00,6404.656437413133
03-15 19:00:00,6505.125053134712
03-15 20:00:00,4740.655641672515
03-15 21:00:00,4523.432481335718
03-15 22:00:00,3896.472647426448
03-15 23:00:00,3794.667989417516
03-16 00:00:00,3769.58055070852
03-16 01:00:00,3637.336657395582
03-16 02:00:00,3526.174205241788
03-16 03:00:00,3470.933912204056
03-16 04:00:00,3473.0696423893714
03-16 05:00:00,3681.8473477925895
03-16 06:00:00,5647.274246572597
03-16 07:00:00,4177.388961319053
03-16 08:00:00,2583.952469187727
03-16 09:00:00,1272.1845264865162
03-16 10:00:00,400.3173801292835
03-16 11:00:00,-29.361637465403845
03-16 12:00:00,1747.6522639605512
03-16 13:00:00,1326.672581643883
03-16 14:00:00,1585.6915697242255
03-16 15:00:00,2824.760203482794
03-16 16:00:00,3929.160423829428
03-16 17:00:00,5069.184231276956
03-16 18:00:00,6208.391661909174
03-16 19:00:00,6158.11175950152
03-16 20:00:00,4784.87260407994
03-16 21:00:00,4419.051676524334
03-16 22:00:00,3824.4715974155156
03-16 23:00:00,3873.932815093014
03-17 00:00:00,3661.9503594603934
03-17 01:00:00,3475.594742222413
03-17 02:00:00,3419.851205420299
03-17 03:00:00,3395.2148317835827
03-17 04:00:00,3414.229206254205
03-17 05:00:00,3647.5076414615232
03-17 06:00:00,5012.997364260946
03-17 07:00:00,3409.0777056240495
03-17 08:00:00,1517.5913679741398
03-17 09:00:00,249.4234086800529
03-17 10:00:00,-591.950949933115
03-17 11:00:00,-1126.8980070011653
03-17 12:00:00,633.6835561500172
03-17 13:00:00,141.08942639432487
03-17 14:00:00,492.56902482613697
03-17 15:00:00,1877.0633269485966
03-17 16:00:00,2940.201603769213
03-17 17:00:00,4411.126234200529
03-17 18:00:00,5870.913984710628
03-17 19:00:00,5890.3529182014645
03-17 20:00:00,4378.146372154556
03-17 21:00:00,4344.230330206396
03-17 22:00:00,3732.5447832567056
03-17 23:00:00,3592.290194493016
03-18 00:00:00,3492.319425852644
03-18 01:00:00,3317.5159625051688
03-18 02:00:00,3230.7694900510414
03-18 03:00:00,3239.036126102533
03-18 04:00:00,3277.378236381337
03-18 05:00:00,3530.502272401682
03-18 06:00:00,4923.09094054915
03-18 07:00:00,3163.21053613688
03-18 08:00:00,1183.826087538794
03-18 09:00:00,-192.338999143767
03-18 10:00:00,-1042.190589105095
03-18 11:00:00,-1402.3638651689098
03-18 12:00:00,342.63818715926027
03-18 13:00:00,-203.73660477952868
03-18 14:00:00,109.60422063400068
03-18 15:00:00,1320.1979354689101
03-18 16:00:00,2488.725626733023
03-18 17:00:00,3988.694779774029
03-18 18:00:00,5509.01072539162
03-18 19:00:00,5681.74806221377
03-18 20:00:00,4334.004937847323
03-18 21:00:00,4366.950389610648
03-18 22:00:00,3849.5900735812643
03-18 23:00:00,3690.3120515227765
03-19 00:00:00,3958.092049247339
03-19 01:00:00,3823.1141289343145
03-19 02:00:00,3812.3200423547496
03-19 03:00:00,3829.729931287904
03-19 04:00:00,3858.8579929262596
03-19 05:00:00,3987.717784312383
03-19 06:00:00,6042.82360393182
03-19 07:00:00,4483.106381000073
03-19 08:00:00,2879.609078285737
03-19 09:00:00,1464.7304620283355
03-19 10:00:00,505.2945999464216
03-19 11:00:00,48.7824726700111
03-19 12:00:00,1743.2360176184204
03-19 13:00:00,1191.79908957669
03-19 14:00:00,1537.722055744937
03-19 15:00:00,2613.0746539991123
03-19 16:00:00,3749.06552460989
03-19 17:00:00,4948.918282208836
03-19 18:00:00,6233.342626749399
03-19 19:00:00,6320.252042226632
03-19 20:00:00,4837.455013924676
03-19 21:00:00,4518.784150900021
03-19 22:00:00,4199.338684693432
03-19 23:00:00,3953.0904018084225
03-20 00:00:00,3887.971151274244
03-20 01:00:00,3745.880923346841
03-20 02:00:00,3711.6701615359884
03-20 03:00:00,3720.737006778244
03-20 04:00:00,3741.192394372055
03-20 05:00:00,4030.8506802298953
03-20 06:00:00,5749.804028616742
03-20 07:00:00,4360.05453411877
03-20 08:00:00,2831.9215732895427
03-20 09:00:00,1525.4677988764238
03-20 10:00:00,653.770080542711
03-20 11:00:00,251.14488535239417
03-20 12:00:00,1888.1158109892
03-20 13:00:00,1434.6917648006897
03-20 14:00:00,1710.9261640226985
03-20 15:00:00,2849.9838290951593
03-20 16:00:00,3970.489651248272
03-20 17:00:00,5140.839211428527
03-20 18:00:00,6450.304906201416
03-20 19:00:00,6699.750364576003
03-20 20:00:00,4940.749117075245
03-20 21:00:00,4797.0632195858
03-20 22:00:00,4213.46673872459
03-20 23:00:00,4165.704013641317
03-21 00:00:00,4082.439629133442
03-21 01:00:00,3920.0401356791035
03-21 02:00:00,3864.1085255041694
03-21 03:00:00,3841.1932018772873
03-21 04:00:00,3851.9522742091895
03-21 05:00:00,4052.6054799893004
03-21 06:00:00,5865.8151729609035
03-21 07:00:00,4404.079173592832
03-21 08:00:00,2773.4787218444126
03-21 09:00:00,1471.9894154788763
03-21 10:00:00,542.2037952484327
03-21 11:00:00,147.95987558081305
03-21 12:00:00,1911.014437969568
03-21 13:00:00,1403.544637632062
03-21 14:00:00,1678.5648561957787
03-21 15:00:00,2896.025449559181
03-21 16:00:00,4041.7410349189054
03-21 17:00:00,5320.075097192131
03-21 18:00:00,6410.547067955911
03-21 19:00:00,6317.5920956096925
03-21 20:00:00,4633.297829827137
03-21 21:00:00,4670.620816891753
03-21 22:00:00,4050.9513304891125
03-21 23:00:00,3846.170439138514
03-22 00:00:00,3804.60896203535
03-22 01:00:00,3629.804581145914
03-22 02:00:00,3571.3236169059824
03-22 03:00:00,3590.072910599156
03-22 04:00:00,3590.310483713818
03-22 05:00:00,3819.441244690849
03-22 06:00:00,5493.530556026738
03-22 07:00:00,4331.434509285987
03-22 08:00:00,2559.1677853644164
03-22 09:00:00,1257.013670914749
03-22 10:00:00,384.082663635544
03-22 11:00:00,-63.91594135170415
03-22 12:00:00,1706.695817615382
03-22 13:00:00,1227.6750062984704
03-22 14:00:00,1499.2705054212727
03-22 15:00:00,2671.9779550731987
03-22 16:00:00,3786.511117442004
03-22 17:00:00,4906.389675868818
03-22 18:00:00,6323.3357459689405
03-22 19:00:00,6037.276349203278
03-22 20:00:00,4460.858669399707
03-22 21:00:00,4312.016435705565
03-22 22:00:00,3908.3082787344374
03-22 23:00:00,3779.4425473571428
03-23 00:00:00,3791.728766168584
03-23 01:00:00,3693.208962795371
03-23 02:00:00,3654.192860638598
03-23 03:00:00,3702.8231000325395
03-23 04:00:00,3743.298576559473
03-23 05:00:00,4061.141322268126
03-23 06:00:00,5838.2815600048
03-23 07:00:00,4180.394884365476
03-23 08:00:00,2478.6957914608975
03-23 09:00:00,1032.131142520941
03-23 10:00:00,41.03426729999492
03-23 11:00:00,-359.9219804860213
03-23 12:00:00,1275.6427541479013
03-23 13:00:00,803.6125539285038
03-23 14:00:00,1074.5637875645448
03-23 15:00:00,2169.3063877258155
03-23 16:00:00,3299.4489252835415
03-23 17:00:00,4557.9392905943305
03-23 18:00:00,5760.437993007578
03-23 19:00:00,6011.837569971004
03-23 20:00:00,4279.011932137355
03-23 21:00:00,4320.596637987561
03-23 22:00:00,3813.0250120800138
03-23 23:00:00,3690.9801517142987
03-24 00:00:00,3508.9011604724487
03-24 01:00:00,3378.0162781009954
03-24 02:00:00,3344.7373176992787
03-24 03:00:00,3345.6288116591336
03-24 04:00:00,3330.4976114707515
03-24 05:00:00,3530.4916248034974
03-24 06:00:00,4965.562261119693
03-24 07:00:00,3238.2013809640503
03-24 08:00:00,1191.6802692093563
03-24 09:00:00,-228.84416335362494
03-24 10:00:00,-1162.7026212817575
03-24 11:00:00,-1671.4091583779284
03-24 12:00:00,17.789718617374625
03-24 13:00:00,-505.05008457622057
03-24 14:00:00,-270.09275164413816
03-24 15:00:00,867.2235044330422
03-24 16:00:00,2056.9905122088517
03-24 17:00:00,3631.88231571058
03-24 18:00:00,5162.9298809013835
03-24 19:00:00,5297.629349512263
03-24 20:00:00,3817.6479725408603
03-24 21:00:00,3884.8118972324437
03-24 22:00:00,3325.1474413575042
03-24 23:00:00,3231.304005135903
03-25 00:00:00,3121.478190098451
03-25 01:00:00,2989.00331945809
03-25 02:00:00,2954.008577856628
03-25 03:00:00,2956.7469930599646
03-25 04:00:00,3067.4967285910816
03-25 05:00:00,3316.2152947865416
03-25 06:00:00,4653.326395949719
03-25 07:00:00,2791.465798138013
03-25 08:00:00,697.6062532285835
03-25 09:00:00,-743.836814445607
03-25 10:00:00,-1720.1815248044268
03-25 11:00:00,-2218.402964440116
03-25 12:00:00,-527.1966247299921
03-25 13:00:00,-1004.8537765130646
03-25 14:00:00,-679.5340455256161
03-25 15:00:00,519.9846866040293
03-25 16:00:00,1660.2366264436903
03-25 17:00:00,3215.1580009930926
03-25 18:00:00,4782.660406199251
03-25 19:00:00,4949.854541146396
03-25 20:00:00,3518.9907476127937
03-25 21:00:00,3582.0492981546613
03-25 22:00:00,3096.035008498179
03-25 23:00:00,2952.7883628332625
03-26 00:00:00,3128.5615424683006
03-26 01:00:00,3134.392649603731
03-26 02:00:00,3183.406320722244
03-26 03:00:00,3219.3461621167066
03-26 04:00:00,3453.780616292388
03-26 05:00:00,3852.060255184512
03-26 06:00:00,5620.026087489237
03-26 07:00:00,3887.408813627127
03-26 08:00:00,2077.7182468439205
03-26 09:00:00,656.7791697184877
03-26 10:00:00,-273.14676291909234
03-26 11:00:00,-791.8588488739456
03-26 12:00:00,860.4334148187253
03-26 13:00:00,397.50480402333943
03-26 14:00:00,674.0692546220173
03-26 15:00:00,1793.0587043638468
03-26 16:00:00,2825.5653028650368
03-26 17:00:00,4010.655320133194
03-26 18:00:00,5525.853680141994
03-26 19:00:00,5305.9366336846415
03-26 20:00:00,3758.2591434498163
03-26 21:00:00,3856.3045140156487
03-26 22:00:00,3315.2908299467967
03-26 23:00:00,3175.1898505570252
03-27 00:00:00,2990.308972752838
03-27 01:00:00,2984.580772566366
03-27 02:00:00,3012.4139490520047
03-27 03:00:00,2974.8474503208818
03-27 04:00:00,3217.9824285732734
03-27 05:00:00,3594.230722290424
03-27 06:00:00,5205.665087799562
03-27 07:00:00,4134.555465357116
03-27 08:00:00,2281.8199018126084
03-27 09:00:00,1017.1571384992562
03-27 10:00:00,128.02194938262312
03-27 11:00:00,-328.047242658571
03-27 12:00:00,1395.8156479486897
03-27 13:00:00,919.3677734206699
03-27 14:00:00,1203.837805946575
03-27 15:00:00,2294.0457174418634
03-27 16:00:00,3364.2834053529227
03-27 17:00:00,4609.504805993938
03-27 18:00:00,5750.450155412927
03-27 19:00:00,5599.824172170166
03-27 20:00:00,4062.5735964712394
03-27 21:00:00,4011.5216303196885
03-27 22:00:00,3609.265634818164
03-27 23:00:00,3436.559726128655
03-28 00:00:00,3291.016088285156
03-28 01:00:00,3325.173196362185
03-28 02:00:00,3372.597589991851
03-28 03:00:00,3445.273126801988
03-28 04:00:00,3681.003071515993
03-28 05:00:00,4009.2450573252277
03-28 06:00:00,5875.130667647355
03-28 07:00:00,4210.1837614347705
03-28 08:00:00,2418.6953270595827
03-28 09:00:00,955.3080478663937
03-28 10:00:00,-11.887284404481775
03-28 11:00:00,-516.861705476739
03-28 12:00:00,1163.9644923892738
03-28 13:00:00,617.1991676366126
03-28 14:00:00,899.0976452153035
03-28 15:00:00,2058.420312950131
03-28 16:00:00,3067.184874319057
03-28 17:00:00,4186.524276237543
03-28 18:00:00,5463.7033662094855
03-28 19:00:00,5664.731691874956
03-28 20:00:00,3867.166922484296
03-28 21:00:00,3837.9741799352514
03-28 22:00:00,3299.0247393342443
03-28 23:00:00,3339.3063218584334
03-29 00:00:00,3228.489905645316
03-29 01:00:00,3174.093500341722
03-29 02:00:00,3180.361171785987
03-29 03:00:00,3215.0673649662767
03-29 04:00:00,3407.5837392617877
03-29 05:00:00,3863.6373148650755
03-29 06:00:00,5537.997490873948
03-29 07:00:00,3869.4097973463645
03-29 08:00:00,2120.7105935716436
03-29 09:00:00,687.2614441691462
03-29 10:00:00,-279.28925525090887
03-29 11:00:00,-760.9651171715888
03-29 12:00:00,912.0344707361654
03-29 13:00:00,388.33881234817386
03-29 14:00:00,611.4287922043466
03-29 15:00:00,1746.9281982683367
03-29 16:00:00,2811.5316389397462
03-29 17:00:00,4010.0765182338896
03-29 18:00:00,5254.521474892407
03-29 19:00:00,5365.46268058831
03-29 20:00:00,3649.6061165371957
03-29 21:00:00,3672.121709938913
03-29 22:00:00,3200.5634474036588
03-29 23:00:00,3147.642722666121
03-30 00:00:00,3039.248457035299
03-30 01:00:00,2975.849879966706
03-30 02:00:00,2998.220322957599
03-30 03:00:00,3044.6174335242467
03-30 04:00:00,3280.687515892918
03-30 05:00:00,3578.636868576265
03-30 06:00:00,5292.812286519554
03-30 07:00:00,3485.8552703761334
03-30 08:00:00,1656.116186265846
03-30 09:00:00,284.7342918330187
03-30 10:00:00,-704.2572572760276
03-30 11:00:00,-1191.1375996420165
03-30 12:00:00,509.4667139280011
03-30 13:00:00,-22.128316747688224
03-30 14:00:00,244.95145013654007
03-30 15:00:00,1350.3492841400391
03-30 16:00:00,2442.9966340723495
03-30 17:00:00,3594.6276524781465
03-30 18:00:00,5153.978251340932
03-30 19:00:00,4921.6823933110845
03-30 20:00:00,3440.379869108081
03-30 21:00:00,3517.6535710811477
03-30 22:00:00,2978.2282628640314
03-30 23:00:00,3052.7041498373
03-31 00:00:00,2740.380793378543
03-31 01:00:00,2689.633519343074
03-31 02:00:00,2709.516847023843
03-31 03:00:00,2725.881435572489
03-31 04:00:00,2882.334936725575
03-31 05:00:00,3060.2726096484143
03-31 06:00:00,4465.290838116832
03-31 07:00:00,2723.42147144
03-31 08:00:00,646.5301216531469
03-31 09:00:00,-699.4304477672307
03-31 10:00:00,-1679.4305098063255
03-31 11:00:00,-2158.1578102581834
03-31 12:00:00,-461.95255194984185
03-31 13:00:00,-971.191185199609
03-31 14:00:00,-689.726175231135
03-31 15:00:00,500.27393872034355
03-31 16:00:00,1638.603936466807
03-31 17:00:00,3127.227460835802
03-31 18:00:00,4638.440033386363
03-31 19:00:00,4719.1787822397055
03-31 20:00:00,3269.593417422117
03-31 21:00:00,3327.5705710795855
03-31 22:00:00,2784.8010739808265
03-31 23:00:00,2734.8130238465337
04-01 00:00:00,2455.631976696823
04-01 01:00:00,2456.0174212314905
04-01 02:00:00,2452.6320497497272
04-01 03:00:00,2482.6320615718446
04-01 04:00:00,2612.621713738734
04-01 05:00:00,2467.93477757824
04-01 06:00:00,3597.3565699066207
04-01 07:00:00,1331.571656781885
04-01 08:00:00,-941.3473693792414
04-01 09:00:00,-2155.4625808069636
04-01 10:00:00,-3001.03519024577
04-01 11:00:00,-3400.189014968313
04-01 12:00:00,-1537.3387680004214
04-01 13:00:00,-1863.1583609676877
04-01 14:00:00,-1571.056002014899
04-01 15:00:00,-359.81770356293464
04-01 16:00:00,807.4531401733391
04-01 17:00:00,2456.8035178386963
04-01 18:00:00,4140.667061982466
04-01 19:00:00,4458.626070903623
04-01 20:00:00,3072.0929132890924
04-01 21:00:00,3090.99963442524
04-01 22:00:00,2604.628277442303
04-01 23:00:00,2545.734114771424
04-02 00:00:00,2643.289872264735
04-02 01:00:00,2618.2941759939295
04-02 02:00:00,2641.921755303747
04-02 03:00:00,2708.5978633164577
04-02 04:00:00,2907.623666384248
04-02 05:00:00,2889.4279035501777
04-02 06:00:00,4190.809322090014
04-02 07:00:00,2301.3865119988714
04-02 08:00:00,139.78765895301004
04-02 09:00:00,-1067.9078723683847
04-02 10:00:00,-1822.2937983294028
04-02 11:00:00,-2156.671667624005
04-02 12:00:00,-332.3796069417263
04-02 13:00:00,-724.3181618241539
04-02 14:00:00,-475.1302572984232
04-02 15:00:00,717.4549543440298
04-02 16:00:00,1887.8106521833713
04-02 17:00:00,3382.029241330806
04-02 18:00:00,4902.172556413452
04-02 19:00:00,5201.850661223928
04-02 20:00:00,3490.7727372583754
04-02 21:00:00,3553.256141923781
04-02 22:00:00,2990.3014889895035
04-02 23:00:00,3087.0042241941046
04-03 00:00:00,3013.7373612322594
04-03 01:00:00,2981.102321280514
04-03 02:00:00,3021.619614668712
04-03 03:00:00,3058.490947508341
04-03 04:00:00,3325.2175429046
04-03 05:00:00,3532.5928543281216
04-03 06:00:00,4939.336449871963
04-03 07:00:00,2916.210689928733
04-03 08:00:00,989.5786420060522
04-03 09:00:00,-135.60548670302336
04-03 10:00:00,-916.60386706061
04-03 11:00:00,-1303.5155888389688
04-03 12:00:00,603.4596540570421
04-03 13:00:00,265.2478574594409
04-03 14:00:00,499.2781603127319
04-03 15:00:00,1691.7965515803635
04-03 16:00:00,2769.3537278995877
04-03 17:00:00,4150.365676264859
04-03 18:00:00,5703.094772281073
04-03 19:00:00,5670.204709825476
04-03 20:00:00,4100.136702869133
04-03 21:00:00,4118.1160319160235
04-03 22:00:00,3633.213225435826
04-03 23:00:00,3564.162467347448
04-04 00:00:00,3431.664796439108
04-04 01:00:00,3398.9850029219915
04-04 02:00:00,3422.1779736567087
04-04 03:00:00,3473.6010521071667
04-04 04:00:00,3684.980702503473
04-04 05:00:00,3798.2351050878365
04-04 06:00:00,5124.185839835489
04-04 07:00:00,3209.7928930656985
04-04 08:00:00,1049.2259956871733
04-04 09:00:00,-180.17132072474553
04-04 10:00:00,-991.4631909976396
04-04 11:00:00,-1424.4123996055541
04-04 12:00:00,387.55127687270345
04-04 13:00:00,-18.102471068193772
04-04 14:00:00,256.7901816741553
04-04 15:00:00,1391.9616756340804
04-04 16:00:00,2510.2578034143658
04-04 17:00:00,3898.9365319380468
04-04 18:00:00,5392.311945643872
04-04 19:00:00,5624.9619727668905
04-04 20:00:00,4135.308609401744
04-04 21:00:00,3993.130775826024
04-04 22:00:00,3498.2251980313927
04-04 23:00:00,3414.878386375256
04-05 00:00:00,3289.348929433401
04-05 01:00:00,3307.2361447641088
04-05 02:00:00,3321.723869326552
04-05 03:00:00,3352.7153270234667
04-05 04:00:00,3530.7197189853546
04-05 05:00:00,3696.767121429751
04-05 06:00:00,4984.598849118692
04-05 07:00:00,2933.34424066169
04-05 08:00:00,870.8903308557223
04-05 09:00:00,-342.2236759883831
04-05 10:00:00,-1159.6502209619077
04-05 11:00:00,-1559.0199846748837
04-05 12:00:00,249.94397349176282
04-05 13:00:00,-211.89403002144167
04-05 14:00:00,32.96084401790334
04-05 15:00:00,1251.5069766089316
04-05 16:00:00,2409.3690694619777
04-05 17:00:00,3809.1308849059496
04-05 18:00:00,5396.544073994839
04-05 19:00:00,5491.281358461945
04-05 20:00:00,4076.031625121883
04-05 21:00:00,4358.485413684797
04-05 22:00:00,3851.6481092382955
04-05 23:00:00,3929.2054769657516
04-06 00:00:00,3845.625493723543
04-06 01:00:00,3804.4961194929533
04-06 02:00:00,3801.726638012786
04-06 03:00:00,3819.9174796582756
04-06 04:00:00,4057.082107844593
04-06 05:00:00,4278.738763807029
04-06 06:00:00,5655.114923245456
04-06 07:00:00,3414.36350390574
04-06 08:00:00,1382.0706865331445
04-06 09:00:00,257.86266206350933
04-06 10:00:00,-553.2342450506885
04-06 11:00:00,-1013.5494331713617
04-06 12:00:00,877.2360902468789
04-06 13:00:00,519.1510786864969
04-06 14:00:00,786.8762185607299
04-06 15:00:00,1978.82553229171
04-06 16:00:00,3152.4733546586385
04-06 17:00:00,4628.354607751507
04-06 18:00:00,6028.177171008653
04-06 19:00:00,6227.574794394332
04-06 20:00:00,4734.725709629309
04-06 21:00:00,4615.542440044066
04-06 22:00:00,4003.6161868108707
04-06 23:00:00,3882.515112350116
04-07 00:00:00,3617.1733581405665
04-07 01:00:00,3604.8367498479556
04-07 02:00:00,3570.1872605117937
04-07 03:00:00,3612.2290378644575
04-07 04:00:00,3706.815360400292
04-07 05:00:00,3591.9293585238383
04-07 06:00:00,4697.227634195828
04-07 07:00:00,2584.1536795131433
04-07 08:00:00,410.8648214266645
04-07 09:00:00,-693.0654498517584
04-07 10:00:00,-1466.3718809249688
04-07 11:00:00,-1778.0296555131813
04-07 12:00:00,31.006107105128173
04-07 13:00:00,-360.79535278814416
04-07 14:00:00,-68.14313960961192
04-07 15:00:00,1138.3308230749356
04-07 16:00:00,2323.61556716177
04-07 17:00:00,3971.2669616942158
04-07 18:00:00,5514.608033804558
04-07 19:00:00,5738.826536769685
04-07 20:00:00,4242.144775585978
04-07 21:00:00,4184.899319264579
04-07 22:00:00,3649.2685497807165
04-07 23:00:00,3536.7607561744626
04-08 00:00:00,3310.688399006993
04-08 01:00:00,3251.6292835274526
04-08 02:00:00,3217.144182985526
04-08 03:00:00,3218.824464831182
04-08 04:00:00,3375.0767002787957
04-08 05:00:00,3241.223000090934
04-08 06:00:00,4298.640621867293
04-08 07:00:00,1985.5224558875861
04-08 08:00:00,-306.46422255769204
04-08 09:00:00,-1467.576342505811
04-08 10:00:00,-2240.946520083396
04-08 11:00:00,-2609.459336803288
04-08 12:00:00,-756.855364555026
04-08 13:00:00,-1132.709579236389
04-08 14:00:00,-834.2836254027784
04-08 15:00:00,343.3704262988601
04-08 16:00:00,1529.0047055432235
04-08 17:00:00,3216.7711998165673
04-08 18:00:00,4882.42696561582
04-08 19:00:00,5243.1851258830575
04-08 20:00:00,3876.5127751569735
04-08 21:00:00,3900.0163193175076
04-08 22:00:00,3315.3793994389466
04-08 23:00:00,3229.9631410204083
04-09 00:00:00,3350.1267125843647
04-09 01:00:00,3313.682374254455
04-09 02:00:00,3317.7931635636064
04-09 03:00:00,3311.1106994141064
04-09 04:00:00,3503.305244484781
04-09 05:00:00,3526.3932582342327
04-09 06:00:00,4797.135844149246
04-09 07:00:00,2866.656390562824
04-09 08:00:00,557.8040981179054
04-09 09:00:00,-619.2943583231644
04-09 10:00:00,-1391.160090785871
04-09 11:00:00,-1773.560506069163
04-09 12:00:00,59.88873865967132
04-09 13:00:00,-359.64453233753255
04-09 14:00:00,-122.44594419003798
04-09 15:00:00,1071.9134903217894
04-09 16:00:00,2174.8461719010593
04-09 17:00:00,3639.407862503825
04-09 18:00:00,5095.797265283848
04-09 19:00:00,5433.528007502402
04-09 20:00:00,3764.277826352606
04-09 21:00:00,3859.1938965999275
04-09 22:00:00,3270.82760774736
04-09 23:00:00,3182.519265556029
04-10 00:00:00,3067.0922805686555
04-10 01:00:00,3003.228603961896
04-10 02:00:00,2994.2837464490885
04-10 03:00:00,3028.8652868366617
04-10 04:00:00,3202.460490156993
04-10 05:00:00,3329.9784359237883
04-10 06:00:00,4663.205770132692
04-10 07:00:00,2762.7155023431064
04-10 08:00:00,689.0155227542144
04-10 09:00:00,-458.96876919348506
04-10 10:00:00,-1229.0512591863285
04-10 11:00:00,-1599.2291592271456
04-10 12:00:00,167.5926552642705
04-10 13:00:00,-200.41293715974143
04-10 14:00:00,16.716616641639376
04-10 15:00:00,1275.3048866492488
04-10 16:00:00,2351.894306861289
04-10 17:00:00,3690.5853972045875
04-10 18:00:00,5126.558078952509
04-10 19:00:00,5342.29723243615
04-10 20:00:00,3838.6936318177927
04-10 21:00:00,3660.8916998392347
04-10 22:00:00,3172.316651913209
04-10 23:00:00,3117.867863668437
04-11 00:00:00,2981.7870279366066
04-11 01:00:00,2938.306655310333
04-11 02:00:00,2920.6165418001515
04-11 03:00:00,2942.746242427199
04-11 04:00:00,3133.254558932001
04-11 05:00:00,3247.2444792874962
04-11 06:00:00,4604.5875532877235
04-11 07:00:00,2600.820548185889
04-11 08:00:00,556.3367721734788
04-11 09:00:00,-680.162792410475
04-11 10:00:00,-1419.3121278314723
04-11 11:00:00,-1796.2394739315969
04-11 12:00:00,17.148946539172144
04-11 13:00:00,-430.57831580542546
04-11 14:00:00,-146.1249388028877
04-11 15:00:00,1063.053183598222
04-11 16:00:00,2133.6434283341177
04-11 17:00:00,3611.344523873113
04-11 18:00:00,5134.929836757919
04-11 19:00:00,5262.0694909915555
04-11 20:00:00,3793.1821553860677
04-11 21:00:00,3668.8457075604147
04-11 22:00:00,3181.0264529958285
04-11 23:00:00,3151.1264944149384
04-12 00:00:00,3039.549904289888
04-12 01:00:00,3025.5590516439934
04-12 02:00:00,3145.7703480045393
04-12 03:00:00,3248.9154014779747
04-12 04:00:00,3509.196373243632
04-12 05:00:00,3710.652027667755
04-12 06:00:00,5020.6804779873055
04-12 07:00:00,3287.967651548608
04-12 08:00:00,1321.324925637294
04-12 09:00:00,243.92609974438471
04-12 10:00:00,-454.2579995829542
04-12 11:00:00,-800.9700995051037
04-12 12:00:00,982.3558908731947
04-12 13:00:00,553.5984601017016
04-12 14:00:00,822.1856735974999
04-12 15:00:00,2027.5203707162877
04-12 16:00:00,3157.509717406348
04-12 17:00:00,4450.624973023518
04-12 18:00:00,5812.469607320804
04-12 19:00:00,6114.007789302957
04-12 20:00:00,4362.302955622468
04-12 21:00:00,4269.550419861813
04-12 22:00:00,3741.193000317511
04-12 23:00:00,3643.221808557785
04-13 00:00:00,3506.2249398200975
04-13 01:00:00,3489.9633304333315
04-13 02:00:00,3489.326246798001
04-13 03:00:00,3540.3436825232016
04-13 04:00:00,3693.6816948072556
04-13 05:00:00,3665.7150316198185
04-13 06:00:00,4922.875975834138
04-13 07:00:00,2899.960532666974
04-13 08:00:00,832.979263923525
04-13 09:00:00,-387.9303725190321
04-13 10:00:00,-1075.6450183568256
04-13 11:00:00,-1459.7122499124196
04-13 12:00:00,377.41789198775996
04-13 13:00:00,23.268921513994528
04-13 14:00:00,358.6444773164437
04-13 15:00:00,1575.3175513296078
04-13 16:00:00,2638.465444906261
04-13 17:00:00,4219.980955191323
04-13 18:00:00,5547.909083091788
04-13 19:00:00,5764.748105595902
04-13 20:00:00,4177.818286729335
04-13 21:00:00,4322.884652189637
04-13 22:00:00,3721.66756332562
04-13 23:00:00,3649.383713741826
04-14 00:00:00,3438.28968961497
04-14 01:00:00,3411.5240839325947
04-14 02:00:00,3413.128346694841
04-14 03:00:00,3437.8738648582976
04-14 04:00:00,3568.5391752571168
04-14 05:00:00,3362.7449598455723
04-14 06:00:00,4483.32897657536
04-14 07:00:00,2233.4860806464985
04-14 08:00:00,-15.660422793696164
04-14 09:00:00,-1201.7429871577324
04-14 10:00:00,-1986.9031914117961
04-14 11:00:00,-2339.411980808123
04-14 12:00:00,-471.0399654563945
04-14 13:00:00,-859.287803641898
04-14 14:00:00,-537.831420789811
04-14 15:00:00,677.918352382085
04-14 16:00:00,1868.9011956775503
04-14 17:00:00,3559.0282634360947
04-14 18:00:00,5177.159248564023
04-14 19:00:00,5474.461473798618
04-14 20:00:00,3990.2518323471986
04-14 21:00:00,3999.343354317089
04-14 22:00:00,3453.8972526989387
04-14 23:00:00,3421.2515253773213
04-15 00:00:00,3172.711555504647
04-15 01:00:00,3125.2371640821557
04-15 02:00:00,3139.2088212653766
04-15 03:00:00,3163.8190049927443
04-15 04:00:00,3246.1542690410465
04-15 05:00:00,3095.2837477633866
04-15 06:00:00,4132.345401594972
04-15 07:00:00,1830.775179415808
04-15 08:00:00,-374.9316308926012
04-15 09:00:00,-1471.2594072561062
04-15 10:00:00,-2257.3793581819655
04-15 11:00:00,-2586.738204960869
04-15 12:00:00,-739.8221790432714
04-15 13:00:00,-1063.7450438237927
04-15 14:00:00,-798.1559918771068
04-15 15:00:00,447.6445573020723
04-15 16:00:00,1626.1452267031748
04-15 17:00:00,3271.5241281353055
04-15 18:00:00,4879.747730112068
04-15 19:00:00,5260.41332080717
04-15 20:00:00,3845.9686328890525
04-15 21:00:00,3906.4276091325514
04-15 22:00:00,3337.023596918315
04-15 23:00:00,3265.5239724360545
04-16 00:00:00,3423.598397674361
04-16 01:00:00,3414.8642327898024
04-16 02:00:00,3442.185699406501
04-16 03:00:00,3495.2724457187032
04-16 04:00:00,3666.29686371529
04-16 05:00:00,3624.8255283366875
04-16 06:00:00,4813.35235684422
04-16 07:00:00,2885.9072561331964
04-16 08:00:00,691.0359915547718
04-16 09:00:00,-484.773807690102
04-16 10:00:00,-1293.6705996945066
04-16 11:00:00,-1678.8130898458476
04-16 12:00:00,140.49822117441076
04-16 13:00:00,-289.5589759795869
04-16 14:00:00,-26.77054881353444
04-16 15:00:00,1232.559183156798
04-16 16:00:00,2396.0379327061128
04-16 17:00:00,3800.723484906434
04-16 18:00:00,5253.651312503202
04-16 19:00:00,5617.250514799459
04-16 20:00:00,3936.495880448652
04-16 21:00:00,3985.716629110031
04-16 22:00:00,3554.260307079657
04-16 23:00:00,3555.8150867060363
04-17 00:00:00,3452.187702405151
04-17 01:00:00,3440.9631313324926
04-17 02:00:00,3492.7952212102036
04-17 03:00:00,3569.6452401371885
04-17 04:00:00,3787.5722781903437
04-17 05:00:00,3909.7010769253793
04-17 06:00:00,5206.975381742026
04-17 07:00:00,3341.633110624783
04-17 08:00:00,1123.8386937320458
04-17 09:00:00,-69.50334346553933
04-17 10:00:00,-880.3707995630909
04-17 11:00:00,-1277.5069640135857
04-17 12:00:00,490.66719189564
04-17 13:00:00,134.78353058831277
04-17 14:00:00,420.41074201996594
04-17 15:00:00,1681.154167205352
04-17 16:00:00,2788.335031692661
04-17 17:00:00,4106.036377883171
04-17 18:00:00,5519.048922341485
04-17 19:00:00,5633.288805668844
04-17 20:00:00,4117.254245833994
04-17 21:00:00,4051.163876823918
04-17 22:00:00,3477.5025863412147
04-17 23:00:00,3335.772873861341
04-18 00:00:00,3230.932221225282
04-18 01:00:00,3213.24415065753
04-18 02:00:00,3230.675286710607
04-18 03:00:00,3256.622863443203
04-18 04:00:00,3437.6434320224994
04-18 05:00:00,3522.687536929691
04-18 06:00:00,4793.173030667342
04-18 07:00:00,3027.870777695054
04-18 08:00:00,923.7655740752455
04-18 09:00:00,-203.1392706776449
04-18 10:00:00,-942.0400605976608
04-18 11:00:00,-1316.8993310928638
04-18 12:00:00,528.7626690626258
04-18 13:00:00,181.41373256744347
04-18 14:00:00,460.4608852691912
04-18 15:00:00,1650.5287358205187
04-18 16:00:00,2788.546882293658
04-18 17:00:00,4133.081390542365
04-18 18:00:00,5676.155044848793
04-18 19:00:00,5611.284016616825
04-18 20:00:00,4083.4271213654106
04-18 21:00:00,3970.5962426015894
04-18 22:00:00,3592.5933561200873
04-18 23:00:00,3487.2053510736782
04-19 00:00:00,3376.151980790507
04-19 01:00:00,3350.933732169472
04-19 02:00:00,3356.4277591059436
04-19 03:00:00,3329.88660326165
04-19 04:00:00,3521.6234279956107
04-19 05:00:00,3657.5593757188735
04-19 06:00:00,5025.624522568741
04-19 07:00:00,2941.562643904062
04-19 08:00:00,907.7490823261252
04-19 09:00:00,-306.252253960194
04-19 10:00:00,-1126.5779415147601
04-19 11:00:00,-1508.6018678439002
04-19 12:00:00,365.96456512282697
04-19 13:00:00,15.958577356769467
04-19 14:00:00,298.03094432711185
04-19 15:00:00,1473.304668359309
04-19 16:00:00,2560.095839305235
04-19 17:00:00,3881.63515168543
04-19 18:00:00,5408.032267726437
04-19 19:00:00,5490.900935768266
04-19 20:00:00,3894.263583484798
04-19 21:00:00,3854.8873308325024
04-19 22:00:00,3341.155884833441
04-19 23:00:00,3363.5451578614266
04-20 00:00:00,3254.535623101385
04-20 01:00:00,3258.840322021826
04-20 02:00:00,3269.716189000391
04-20 03:00:00,3328.047859045241
04-20 04:00:00,3498.25192538785
04-20 05:00:00,3716.292178862272
04-20 06:00:00,4924.296247447492
04-20 07:00:00,2772.390299722973
04-20 08:00:00,756.6912995449553
04-20 09:00:00,-454.1502960252955
04-20 10:00:00,-1285.485902165663
04-20 11:00:00,-1678.6897533684503
04-20 12:00:00,166.63112268751837
04-20 13:00:00,-219.40625039636484
04-20 14:00:00,24.679431301968386
04-20 15:00:00,1185.9812664347867
04-20 16:00:00,2273.431915898243
04-20 17:00:00,3701.9082665993988
04-20 18:00:00,5057.933216904802
04-20 19:00:00,5248.210299515228
04-20 20:00:00,3738.256684508187
04-20 21:00:00,3751.3444772088415
04-20 22:00:00,3151.6454010524208
04-20 23:00:00,3236.5251592910568
04-21 00:00:00,2991.6771426822484
04-21 01:00:00,2974.1547294081906
04-21 02:00:00,2964.844881741137
04-21 03:00:00,2963.3265380408357
04-21 04:00:00,3116.9935904814333
04-21 05:00:00,2971.3867611243327
04-21 06:00:00,4057.3658380781603
04-21 07:00:00,1772.1563190129848
04-21 08:00:00,-437.6068217619188
04-21 09:00:00,-1608.9966273055884
04-21 10:00:00,-2420.8561992140085
04-21 11:00:00,-2803.6329703940814
04-21 12:00:00,-990.2592134391969
04-21 13:00:00,-1374.1561513296922
04-21 14:00:00,-1094.5240473879985
04-21 15:00:00,86.44425701106377
04-21 16:00:00,1327.033769500694
04-21 17:00:00,3027.9386155295697
04-21 18:00:00,4616.091419423728
04-21 19:00:00,4880.340852431503
04-21 20:00:00,3373.336203176626
04-21 21:00:00,3439.4904283089118
04-21 22:00:00,2909.4951911764456
04-21 23:00:00,2902.98112341313
04-22 00:00:00,2680.9695991805465
04-22 01:00:00,2656.1746738902616
04-22 02:00:00,2693.729154432198
04-22 03:00:00,2673.036245547753
04-22 04:00:00,2774.879505034932
04-22 05:00:00,2637.3087171720535
04-22 06:00:00,3682.937593026869
04-22 07:00:00,1391.1681890242426
04-22 08:00:00,-856.905084876314
04-22 09:00:00,-2073.923699800849
04-22 10:00:00,-2848.3722946007892
04-22 11:00:00,-3198.522840945653
04-22 12:00:00,-1331.59109872573
04-22 13:00:00,-1561.6280734516629
04-22 14:00:00,-1275.36620892213
04-22 15:00:00,-49.31330019253593
04-22 16:00:00,1225.1307776986307
04-22 17:00:00,2879.9656802101863
04-22 18:00:00,4481.075039497808
04-22 19:00:00,4791.268125923878
04-22 20:00:00,3428.635956422859
04-22 21:00:00,3472.3329104444956
04-22 22:00:00,2886.8100925876197
04-22 23:00:00,2812.674691540263
04-23 00:00:00,2945.234432022609
04-23 01:00:00,2983.524278890287
04-23 02:00:00,3030.969505633735
04-23 03:00:00,3110.5023136174864
04-23 04:00:00,3331.4664448060244
04-23 05:00:00,3431.064643890767
04-23 06:00:00,4646.283207332684
04-23 07:00:00,2784.7735709869626
04-23 08:00:00,610.2476208509602
04-23 09:00:00,-575.9850673909888
04-23 10:00:00,-1402.4500339520139
04-23 11:00:00,-1766.550951305818
04-23 12:00:00,10.390500207320322
04-23 13:00:00,-402.2825637448032
04-23 14:00:00,-109.39124516523114
04-23 15:00:00,1048.0253873382321
04-23 16:00:00,2135.2000646448055
04-23 17:00:00,3541.789847579088
04-23 18:00:00,4917.338496345709
04-23 19:00:00,5143.1263103808715
04-23 20:00:00,3773.6556818226
04-23 21:00:00,3583.652071693645
04-23 22:00:00,3113.8020693075187
04-23 23:00:00,3139.434068807887
04-24 00:00:00,3028.386367385024
04-24 01:00:00,3013.5413166574062
04-24 02:00:00,3035.018968726864
04-24 03:00:00,3076.8510056192454
04-24 04:00:00,3282.9772483575052
04-24 05:00:00,3299.6693182495646
04-24 06:00:00,4727.067125485901
04-24 07:00:00,2595.8571318312156
04-24 08:00:00,612.4773580070351
04-24 09:00:00,-602.3106658059262
04-24 10:00:00,-1390.9590349599298
04-24 11:00:00,-1781.535607631565
04-24 12:00:00,1.7888364971572344
04-24 13:00:00,-386.3283315714176
04-24 14:00:00,-119.41916011796951
04-24 15:00:00,1075.3171326214954
04-24 16:00:00,2128.4018747438113
04-24 17:00:00,3456.0846696286403
04-24 18:00:00,4880.2869140664225
04-24 19:00:00,5186.194325531422
04-24 20:00:00,3541.6497196055157
04-24 21:00:00,3619.926658802581
04-24 22:00:00,3112.410442424726
04-24 23:00:00,2985.8163051786773
04-25 00:00:00,2874.852564861752
04-25 01:00:00,2857.3967270875532
04-25 02:00:00,2870.1667257631248
04-25 03:00:00,2948.0623400463255
04-25 04:00:00,3151.0983856377297
04-25 05:00:00,3181.584995121207
04-25 06:00:00,4501.014611331712
04-25 07:00:00,2573.7446750522
04-25 08:00:00,487.5950448009999
04-25 09:00:00,-706.3355887236776
04-25 10:00:00,-1500.0663622608172
04-25 11:00:00,-1889.8984805826813
04-25 12:00:00,-96.87960231433422
04-25 13:00:00,-554.9385768081463
04-25 14:00:00,-241.45141381417986
04-25 15:00:00,949.0101964682967
04-25 16:00:00,2058.682547321145
04-25 17:00:00,3453.543707207202
04-25 18:00:00,5032.109006805392
04-25 19:00:00,5064.444305950892
04-25 20:00:00,3571.3123744214345
04-25 21:00:00,3664.2241711414204
04-25 22:00:00,3087.421918343856
04-25 23:00:00,3045.0265103343504
04-26 00:00:00,2920.494913017036
04-26 01:00:00,2919.546647351375
04-26 02:00:00,2986.090948565858
04-26 03:00:00,3061.128574967962
04-26 04:00:00,3273.7831781299583
04-26 05:00:00,3382.7969373458654
04-26 06:00:00,4679.6926998728295
04-26 07:00:00,2800.8849184632295
04-26 08:00:00,700.1096089570547
04-26 09:00:00,-510.41788072971013
04-26 10:00:00,-1247.7782937180152
04-26 11:00:00,-1635.6638272863427
04-26 12:00:00,126.75701477356705
04-26 13:00:00,-265.90219814788804
04-26 14:00:00,-32.7614665003224
04-26 15:00:00,1130.8125585799994
04-26 16:00:00,2200.480736613397
04-26 17:00:00,3684.101723189999
04-26 18:00:00,5014.79503959339
04-26 19:00:00,5145.261280784274
04-26 20:00:00,3614.966695500006
04-26 21:00:00,3676.8039029081388
04-26 22:00:00,3067.190734559338
04-26 23:00:00,3098.9431985978554
04-27 00:00:00,3002.165320888879
04-27 01:00:00,3032.900345532439
04-27 02:00:00,3074.6245267976033
04-27 03:00:00,3105.9994832092802
04-27 04:00:00,3336.621338722511
04-27 05:00:00,3295.939752450822
04-27 06:00:00,4706.493898298109
04-27 07:00:00,2490.596506322175
04-27 08:00:00,488.79808733858835
04-27 09:00:00,-664.0050552691049
04-27 10:00:00,-1476.4260806930533
04-27 11:00:00,-1871.1707731440324
04-27 12:00:00,-62.652669662964875
04-27 13:00:00,-540.57372092645
04-27 14:00:00,-241.5686534579561
04-27 15:00:00,902.3480784137578
04-27 16:00:00,1991.459578916717
04-27 17:00:00,3525.955514033959
04-27 18:00:00,4768.897693647164
04-27 19:00:00,4953.011984135174
04-27 20:00:00,3427.0944248701326
04-27 21:00:00,3491.8026563720537
04-27 22:00:00,2887.378504193899
04-27 23:00:00,2962.376578393243
04-28 00:00:00,2694.2154726081167
04-28 01:00:00,2626.8063294660633
04-28 02:00:00,2596.7185896947894
04-28 03:00:00,2592.4187237171823
04-28 04:00:00,2707.733920471388
04-28 05:00:00,2596.395904505318
04-28 06:00:00,3644.4008675156433
04-28 07:00:00,1497.3394598793832
04-28 08:00:00,-633.8628593978115
04-28 09:00:00,-1777.8338993577959
04-28 10:00:00,-2594.5261859198554
04-28 11:00:00,-2979.3087536449384
04-28 12:00:00,-1142.401186811971
04-28 13:00:00,-1498.795483438847
04-28 14:00:00,-1224.703578557874
04-28 15:00:00,-60.38723522734612
04-28 16:00:00,1161.4829583357455
04-28 17:00:00,2848.567443456492
04-28 18:00:00,4437.791590130357
04-28 19:00:00,4685.592359499194
04-28 20:00:00,3267.0763312409704
04-28 21:00:00,3338.3635655047638
04-28 22:00:00,2785.9455859930695
04-28 23:00:00,2707.462566001631
04-29 00:00:00,2485.577471185986
04-29 01:00:00,2410.633890038167
04-29 02:00:00,2376.7226356704646
04-29 03:00:00,2380.0604006987523
04-29 04:00:00,2548.7423086121744
04-29 05:00:00,2447.8893803301326
04-29 06:00:00,3554.4274769433873
04-29 07:00:00,1330.3297276734834
04-29 08:00:00,-844.2328034683004
04-29 09:00:00,-1966.8314360963086
04-29 10:00:00,-2699.9323045630163
04-29 11:00:00,-2999.1774037444197
04-29 12:00:00,-1072.267643255968
04-29 13:00:00,-1456.8634535930792
04-29 14:00:00,-1150.9559286042318
04-29 15:00:00,53.76875408130597
04-29 16:00:00,1238.2635804451875
04-29 17:00:00,2958.678098773295
04-29 18:00:00,4512.549585598186
04-29 19:00:00,4827.697187433013
04-29 20:00:00,3427.2241322601444
04-29 21:00:00,3428.8993569006166
04-29 22:00:00,2852.3823156140484
04-29 23:00:00,2787.263204009879
04-30 00:00:00,2832.9222797731077
04-30 01:00:00,2811.596955930585
04-30 02:00:00,2857.249309703699
04-30 03:00:00,2894.4788173473867
04-30 04:00:00,3053.5188381176044
04-30 05:00:00,3090.1078858723668
04-30 06:00:00,4314.875687728261
04-30 07:00:00,2400.8762963737427
04-30 08:00:00,265.5733926209557
04-30 09:00:00,-906.1739558192859
04-30 10:00:00,-1694.350192032505
04-30 11:00:00,-2041.387578347314
04-30 12:00:00,-169.74410243378352
04-30 13:00:00,-393.7286071956868
04-30 14:00:00,40.510058306819275
04-30 15:00:00,1304.2852576553587
04-30 16:00:00,2457.2919343725216
04-30 17:00:00,3816.893502320722
04-30 18:00:00,5342.674210225519
04-30 19:00:00,5429.840581796979
04-30 20:00:00,3838.6641664270323
04-30 21:00:00,3949.3330361900994
04-30 22:00:00,3341.0015770338077
04-30 23:00:00,3226.1222570139234
05-01 00:00:00,3112.0505348895554
05-01 01:00:00,3060.5549261595534
05-01 02:00:00,3070.145580260458
05-01 03:00:00,3078.4861820039546
05-01 04:00:00,3230.2474032276987
05-01 05:00:00,3002.2552286231426
05-01 06:00:00,4360.909022763223
05-01 07:00:00,2171.411278885454
05-01 08:00:00,549.991285480648
05-01 09:00:00,-257.5846898133834
05-01 10:00:00,-804.9682539003124
05-01 11:00:00,-1036.3488747332938
05-01 12:00:00,853.2753526337741
05-01 13:00:00,458.8187029830144
05-01 14:00:00,716.3211159251099
05-01 15:00:00,1754.327227538008
05-01 16:00:00,2652.884494219574
05-01 17:00:00,3832.043775379641
05-01 18:00:00,5507.00398272505
05-01 19:00:00,5499.687081919372
05-01 20:00:00,3957.6150007630613
05-01 21:00:00,3898.425218330482
05-01 22:00:00,3469.6060002626705
05-01 23:00:00,3407.9077397445685
05-02 00:00:00,3305.919304160697
05-02 01:00:00,3270.837864999096
05-02 02:00:00,3264.6479818907255
05-02 03:00:00,3283.9857075632067
05-02 04:00:00,3475.7281195067826
05-02 05:00:00,3301.3577498684617
05-02 06:00:00,4428.366349470716
05-02 07:00:00,2781.826764609576
05-02 08:00:00,931.3876504655341
05-02 09:00:00,69.15437545515758
05-02 10:00:00,-530.5626228381859
05-02 11:00:00,-776.5506088923553
05-02 12:00:00,1016.9384991793817
05-02 13:00:00,479.5001015732964
05-02 14:00:00,781.0683933815723
05-02 15:00:00,1939.4332795505572
05-02 16:00:00,2814.295535966506
05-02 17:00:00,3983.3821104679955
05-02 18:00:00,5425.208051683869
05-02 19:00:00,5742.568368432387
05-02 20:00:00,4294.67619391589
05-02 21:00:00,4042.156332665168
05-02 22:00:00,3461.007143966452
05-02 23:00:00,3441.359054730078
05-03 00:00:00,3307.850359542737
05-03 01:00:00,3259.6563133208138
05-03 02:00:00,3269.3118744190474
05-03 03:00:00,3314.3981949548042
05-03 04:00:00,3475.655468479116
05-03 05:00:00,3231.0830110579473
05-03 06:00:00,4386.89137843856
05-03 07:00:00,2518.2088535303583
05-03 08:00:00,560.204478346851
05-03 09:00:00,-316.1690854977625
05-03 10:00:00,-947.998496911903
05-03 11:00:00,-1187.0142373627375
05-03 12:00:00,651.4871165399067
05-03 13:00:00,167.1873547262618
05-03 14:00:00,384.6449113518818
05-03 15:00:00,1388.263958135181
05-03 16:00:00,2320.0711176313152
05-03 17:00:00,3484.277631064806
05-03 18:00:00,5023.41691541372
05-03 19:00:00,5618.458764947111
05-03 20:00:00,3736.229131226408
05-03 21:00:00,3778.538325116173
05-03 22:00:00,3349.393561961628
05-03 23:00:00,3260.205990922197
05-04 00:00:00,3156.2194968359495
05-04 01:00:00,3171.228878040945
05-04 02:00:00,3183.090924816395
05-04 03:00:00,3216.3733783993375
05-04 04:00:00,3405.45582963326
05-04 05:00:00,3172.6610857695146
05-04 06:00:00,4370.521537063973
05-04 07:00:00,2130.8777599966106
05-04 08:00:00,486.08158668360426
05-04 09:00:00,-459.7236254362584
05-04 10:00:00,-1084.0120142239819
05-04 11:00:00,-1369.95509661187
05-04 12:00:00,433.9953407981848
05-04 13:00:00,-35.382288314704816
05-04 14:00:00,163.12873569790884
05-04 15:00:00,1194.8323916493225
05-04 16:00:00,2168.020439239427
05-04 17:00:00,3345.4160258282673
05-04 18:00:00,4812.570661066598
05-04 19:00:00,5005.525216708921
05-04 20:00:00,3783.692265963686
05-04 21:00:00,3549.0274542021443
05-04 22:00:00,3127.792486938057
05-04 23:00:00,3030.9297564447047
05-05 00:00:00,2723.4929631490922
05-05 01:00:00,2646.8482686712355
05-05 02:00:00,2619.492537517955
05-05 03:00:00,2644.6167895168933
05-05 04:00:00,2797.0427600656003
05-05 05:00:00,2368.233680558203
05-05 06:00:00,3447.6692371384993
05-05 07:00:00,1393.2906147160647
05-05 08:00:00,-453.12905811299294
05-05 09:00:00,-1236.918088980012
05-05 10:00:00,-1860.0432728733376
05-05 11:00:00,-2073.6153731253657
05-05 12:00:00,-297.1719136995818
05-05 13:00:00,-786.4868410156914
05-05 14:00:00,-527.2901027025321
05-05 15:00:00,643.0547135557689
05-05 16:00:00,1646.2260282220761
05-05 17:00:00,3222.5426336967735
05-05 18:00:00,4875.771576876575
05-05 19:00:00,5208.4468474771675
05-05 20:00:00,3693.2640213467116
05-05 21:00:00,3701.0894259364973
05-05 22:00:00,3113.059189107033
05-05 23:00:00,3072.775335317749
05-06 00:00:00,2862.0286090377444
05-06 01:00:00,2881.288505052162
05-06 02:00:00,2831.4901339395283
05-06 03:00:00,2792.500215510837
05-06 04:00:00,2856.285711025963
05-06 05:00:00,2393.6500456012504
05-06 06:00:00,3209.6980131785303
05-06 07:00:00,937.6533952570882
05-06 08:00:00,-1041.1291958970733
05-06 09:00:00,-1926.129892812958
05-06 10:00:00,-2444.6267281597916
05-06 11:00:00,-2626.475641438202
05-06 12:00:00,-692.1697444683475
05-06 13:00:00,-1013.9403258190071
05-06 14:00:00,-704.1377844223731
05-06 15:00:00,386.0478313687454
05-06 16:00:00,1418.4909221739151
05-06 17:00:00,3021.518311662369
05-06 18:00:00,4655.569689279775
05-06 19:00:00,4993.758262785385
05-06 20:00:00,3399.443954229117
05-06 21:00:00,3431.324987598392
05-06 22:00:00,2877.468557848611
05-06 23:00:00,2708.9724279157904
05-07 00:00:00,2808.3338305923176
05-07 01:00:00,2780.2369306642427
05-07 02:00:00,2808.895425816869
05-07 03:00:00,2836.4014679678594
05-07 04:00:00,3000.205217822648
05-07 05:00:00,2814.8645762548845
05-07 06:00:00,4189.221904648024
05-07 07:00:00,2102.0403480848063
05-07 08:00:00,407.7954547377111
05-07 09:00:00,-139.45043956087625
05-07 10:00:00,-675.5822859606676
05-07 11:00:00,-850.4187012629958
05-07 12:00:00,1041.9993021608236
05-07 13:00:00,622.5633417950038
05-07 14:00:00,835.0882767114831
05-07 15:00:00,1729.190920654633
05-07 16:00:00,2665.5671547966226
05-07 17:00:00,3876.6377115453906
05-07 18:00:00,5362.834442160594
05-07 19:00:00,5751.31727900674
05-07 20:00:00,3925.234173697238
05-07 21:00:00,3914.805185061766
05-07 22:00:00,3366.1577312670693
05-07 23:00:00,3441.5336879045844
05-08 00:00:00,3332.0656613451824
05-08 01:00:00,3305.3421182925345
05-08 02:00:00,3280.3991497929583
05-08 03:00:00,3313.5241064603574
05-08 04:00:00,3473.075528574512
05-08 05:00:00,3297.0780759434656
05-08 06:00:00,4245.650297885299
05-08 07:00:00,2460.7675958989985
05-08 08:00:00,568.0738539718011
05-08 09:00:00,-322.7561377259317
05-08 10:00:00,-989.436975456905
05-08 11:00:00,-1279.687712898694
05-08 12:00:00,527.5187550380575
05-08 13:00:00,72.11128795082108
05-08 14:00:00,282.03363958473193
05-08 15:00:00,1269.7144018827214
05-08 16:00:00,2217.0021583746466
05-08 17:00:00,3400.108483497693
05-08 18:00:00,5093.104032051491
05-08 19:00:00,5114.3057399643385
05-08 20:00:00,3508.333046914676
05-08 21:00:00,3575.263767129821
05-08 22:00:00,3004.072960289405
05-08 23:00:00,2990.059213945134
05-09 00:00:00,2891.288633849036
05-09 01:00:00,2842.734146701186
05-09 02:00:00,2812.710802066287
05-09 03:00:00,2820.288606227162
05-09 04:00:00,3016.4589548742083
05-09 05:00:00,2808.1727092237193
05-09 06:00:00,3876.1310318926094
05-09 07:00:00,1851.44781041559
05-09 08:00:00,123.11401388613731
05-09 09:00:00,-745.1825338663017
05-09 10:00:00,-1356.9510991309667
05-09 11:00:00,-1537.4493853328406
05-09 12:00:00,305.5424965894619
05-09 13:00:00,-86.58755098517484
05-09 14:00:00,137.33901489224965
05-09 15:00:00,1145.031939082493
05-09 16:00:00,2117.266539706124
05-09 17:00:00,3489.7715550727257
05-09 18:00:00,4703.543094458221
05-09 19:00:00,4799.223864698786
05-09 20:00:00,3215.3129505346765
05-09 21:00:00,3342.5275651645097
05-09 22:00:00,2741.8331070585955
05-09 23:00:00,2609.89348714221
05-10 00:00:00,2441.9297367988693
05-10 01:00:00,2329.6079255073246
05-10 02:00:00,2342.9184221807955
05-10 03:00:00,2343.0490040681934
05-10 04:00:00,2475.5879537518613
05-10 05:00:00,2114.845007023583
05-10 06:00:00,3464.966896042606
05-10 07:00:00,1255.9004567998625
05-10 08:00:00,-310.9433885001821
05-10 09:00:00,-1112.9247826056246
05-10 10:00:00,-1641.3706007668832
05-10 11:00:00,-1825.406608982836
05-10 12:00:00,85.48176330414222
05-10 13:00:00,-310.17042224219006
05-10 14:00:00,-25.42910988640869
05-10 15:00:00,1024.7336854459684
05-10 16:00:00,2024.9186931150327
05-10 17:00:00,3287.110947226036
05-10 18:00:00,4697.838037208174
05-10 19:00:00,4990.565166139123
05-10 20:00:00,3672.2473846995686
05-10 21:00:00,3349.504352804699
05-10 22:00:00,2906.774676695028
05-10 23:00:00,2835.555128903115
05-11 00:00:00,2768.969791381041
05-11 01:00:00,2758.009889589828
05-11 02:00:00,2785.38979575888
05-11 03:00:00,2764.1065137140517
05-11 04:00:00,2934.036977159172
05-11 05:00:00,2766.040994736325
05-11 06:00:00,4058.518079595829
05-11 07:00:00,1931.6454681141931
05-11 08:00:00,263.9694721368802
05-11 09:00:00,-596.0399613490965
05-11 10:00:00,-1177.2745062798706
05-11 11:00:00,-1434.138564819494
05-11 12:00:00,550.5077444917164
05-11 13:00:00,233.0940684934648
05-11 14:00:00,487.86078363440834
05-11 15:00:00,1527.8600453672966
05-11 16:00:00,2462.663151383391
05-11 17:00:00,3684.3315269047225
05-11 18:00:00,5420.808905691411
05-11 19:00:00,5337.719996635995
05-11 20:00:00,3712.458516097477
05-11 21:00:00,3779.941714392777
05-11 22:00:00,3300.3191295735573
05-11 23:00:00,3163.6775374709255
05-12 00:00:00,2855.227520782215
05-12 01:00:00,2809.0635428676046
05-12 02:00:00,2778.7143268161285
05-12 03:00:00,2750.274884457125
05-12 04:00:00,2854.391093007753
05-12 05:00:00,2392.7247426194413
05-12 06:00:00,3339.821775949515
05-12 07:00:00,1309.5688011885272
05-12 08:00:00,-586.0895097363762
05-12 09:00:00,-1416.3425607479537
05-12 10:00:00,-2024.6445410858228
05-12 11:00:00,-2280.077297168975
05-12 12:00:00,-486.06713924526827
05-12 13:00:00,-962.9254203664733
05-12 14:00:00,-771.7196950637282
05-12 15:00:00,278.22814879168794
05-12 16:00:00,1339.4127560732097
05-12 17:00:00,2967.6464078230815
05-12 18:00:00,4616.969938239553
05-12 19:00:00,4917.976585251784
05-12 20:00:00,3461.3418993521977
05-12 21:00:00,3456.202472167592
05-12 22:00:00,2945.365527473792
05-12 23:00:00,2907.3424146666284
05-13 00:00:00,2710.1168748174773
05-13 01:00:00,2691.702626932914
05-13 02:00:00,2696.012042005155
05-13 03:00:00,2723.1724421946187
05-13 04:00:00,2819.3119421577903
05-13 05:00:00,2328.8543337515757
05-13 06:00:00,3136.9760286741057
05-13 07:00:00,825.037051043013
05-13 08:00:00,-1159.7884669291318
05-13 09:00:00,-1964.0013770604185
05-13 10:00:00,-2585.0967591555172
05-13 11:00:00,-2805.3273448913505
05-13 12:00:00,-693.1447408691806
05-13 13:00:00,-1030.7575766530833
05-13 14:00:00,-855.5754636601474
05-13 15:00:00,184.11379746570185
05-13 16:00:00,1187.367951550556
05-13 17:00:00,2731.4284708300956
05-13 18:00:00,4410.271890017358
05-13 19:00:00,4845.622823096106
05-13 20:00:00,3482.652554940523
05-13 21:00:00,3538.8872262225714
05-13 22:00:00,2988.92576066837
05-13 23:00:00,2834.9186778687354
05-14 00:00:00,3052.303694208868
05-14 01:00:00,3060.114836706384
05-14 02:00:00,3068.6285758173126
05-14 03:00:00,3116.2805670739936
05-14 04:00:00,3315.8812191635084
05-14 05:00:00,3046.381084743723
05-14 06:00:00,4190.647382108405
05-14 07:00:00,2271.8788709974265
05-14 08:00:00,333.071709916631
05-14 09:00:00,-556.2784947579322
05-14 10:00:00,-1164.1033926000086
05-14 11:00:00,-1405.806355848681
05-14 12:00:00,450.32028341189493
05-14 13:00:00,-39.8179654793898
05-14 14:00:00,188.1305492291018
05-14 15:00:00,1234.115994022442
05-14 16:00:00,2294.643887735397
05-14 17:00:00,3804.959386317584
05-14 18:00:00,5046.357205582738
05-14 19:00:00,5272.793753390683
05-14 20:00:00,3764.1506270076525
05-14 21:00:00,3809.3735043605466
05-14 22:00:00,3229.5737157378303
05-14 23:00:00,3198.1205041454577
05-15 00:00:00,3098.441305038619
05-15 01:00:00,3065.3909906675885
05-15 02:00:00,3047.0646204805803
05-15 03:00:00,3087.05170402186
05-15 04:00:00,3289.3206550504337
05-15 05:00:00,3161.8892466901916
05-15 06:00:00,4327.912540798517
05-15 07:00:00,2194.357021801511
05-15 08:00:00,503.9799753209161
05-15 09:00:00,-398.92895143922556
05-15 10:00:00,-976.0401868327111
05-15 11:00:00,-1220.8502403608677
05-15 12:00:00,660.0978834406142
05-15 13:00:00,276.6967300458052
05-15 14:00:00,559.5241894967604
05-15 15:00:00,1657.4104027679084
05-15 16:00:00,2676.376012985284
05-15 17:00:00,4117.831856969395
05-15 18:00:00,5311.589200542653
05-15 19:00:00,5521.573149850389
05-15 20:00:00,3930.615600399819
05-15 21:00:00,4018.448604121857
05-15 22:00:00,3414.8265793961805
05-15 23:00:00,3232.9189159651737
05-16 00:00:00,3121.9102353279677
05-16 01:00:00,3095.4713140504655
05-16 02:00:00,3088.3242173036333
05-16 03:00:00,3140.744794287711
05-16 04:00:00,3348.250448207658
05-16 05:00:00,3008.8172247281113
05-16 06:00:00,4179.665712876557
05-16 07:00:00,2440.061750210608
05-16 08:00:00,552.4897498952412
05-16 09:00:00,-318.9014351926303
05-16 10:00:00,-927.2100874013397
05-16 11:00:00,-1165.0471417242443
05-16 12:00:00,803.5149116129812
05-16 13:00:00,336.94382648467865
05-16 14:00:00,654.9648351762678
05-16 15:00:00,1767.2042562421066
05-16 16:00:00,2685.359516022818
05-16 17:00:00,3833.2162746458703
05-16 18:00:00,5268.389874037943
05-16 19:00:00,5720.36714264212
05-16 20:00:00,3746.8693937698927
05-16 21:00:00,3837.889461640197
05-16 22:00:00,3228.8330691037872
05-16 23:00:00,3118.6334637870714
05-17 00:00:00,3015.4655266360496
05-17 01:00:00,3000.7173413908213
05-17 02:00:00,3026.608514413973
05-17 03:00:00,3002.4400396763035
05-17 04:00:00,3173.1786446353076
05-17 05:00:00,2968.208381976962
05-17 06:00:00,4112.376966345994
05-17 07:00:00,2276.1125312983827
05-17 08:00:00,451.3935807507833
05-17 09:00:00,-394.9151433029939
05-17 10:00:00,-1006.1594267301741
05-17 11:00:00,-1271.9060039574078
05-17 12:00:00,545.4467065026388
05-17 13:00:00,100.27768113197418
05-17 14:00:00,357.5799855510804
05-17 15:00:00,1464.7407757912492
05-17 16:00:00,2329.7472187997364
05-17 17:00:00,3778.611312910764
05-17 18:00:00,4979.775722417438
05-17 19:00:00,5227.850900824139
05-17 20:00:00,3616.432804974832
05-17 21:00:00,3559.506859178164
05-17 22:00:00,3170.695272299847
05-17 23:00:00,3169.8668570576133
05-18 00:00:00,3060.041377960619
05-18 01:00:00,2992.0463374192877
05-18 02:00:00,3012.306893241389
05-18 03:00:00,3026.621858058025
05-18 04:00:00,3191.543737230517
05-18 05:00:00,2969.2138264718437
05-18 06:00:00,4061.376268181057
05-18 07:00:00,2333.7360837527362
05-18 08:00:00,531.5084980615172
05-18 09:00:00,-305.3760920228289
05-18 10:00:00,-858.8635052054782
05-18 11:00:00,-1089.988889451721
05-18 12:00:00,735.3133224913352
05-18 13:00:00,280.1457319806218
05-18 14:00:00,451.60412911875613
05-18 15:00:00,1459.3367642232172
05-18 16:00:00,2382.429287170212
05-18 17:00:00,3516.05143034073
05-18 18:00:00,5050.240452688235
05-18 19:00:00,5570.196783043269
05-18 20:00:00,3677.354574782626
05-18 21:00:00,3675.9869447964033
05-18 22:00:00,3188.044200052937
05-18 23:00:00,3330.862739424433
05-19 00:00:00,2989.0206865586597
05-19 01:00:00,2942.0114569370376
05-19 02:00:00,2923.795785477544
05-19 03:00:00,2915.735387737228
05-19 04:00:00,3010.521303175647
05-19 05:00:00,2567.4619697112303
05-19 06:00:00,3447.625448553548
05-19 07:00:00,1323.1553775886298
05-19 08:00:00,-614.3120307810042
05-19 09:00:00,-1417.9226631943995
05-19 10:00:00,-2067.2333410966494
05-19 11:00:00,-2269.1903500093385
05-19 12:00:00,-200.14986501562248
05-19 13:00:00,-789.3990217824409
05-19 14:00:00,-663.7533228071884
05-19 15:00:00,517.4430535004926
05-19 16:00:00,1562.6143354729954
05-19 17:00:00,3129.601409072084
05-19 18:00:00,4810.575747586081
05-19 19:00:00,5153.007236912071
05-19 20:00:00,3654.4782719356676
05-19 21:00:00,3763.197747120951
05-19 22:00:00,3120.2339234088936
05-19 23:00:00,3021.9289825896813
05-20 00:00:00,2778.610638932437
05-20 01:00:00,2723.162249911991
05-20 02:00:00,2732.006767940287
05-20 03:00:00,2720.4287350872696
05-20 04:00:00,2783.475644068355
05-20 05:00:00,2292.7585473887666
05-20 06:00:00,3213.392230361155
05-20 07:00:00,941.8031054341304
05-20 08:00:00,-953.9354978719986
05-20 09:00:00,-1803.8853244993252
05-20 10:00:00,-2411.775303504863
05-20 11:00:00,-2640.261407724881
05-20 12:00:00,-822.9348483592489
05-20 13:00:00,-1266.8281404992488
05-20 14:00:00,-1041.401598585211
05-20 15:00:00,-26.32842819586338
05-20 16:00:00,992.4542565238141
05-20 17:00:00,2564.8709787596995
05-20 18:00:00,4255.773600644109
05-20 19:00:00,4708.8295359019085
05-20 20:00:00,3298.3691369920657
05-20 21:00:00,3363.7274487631807
05-20 22:00:00,2828.940170214938
05-20 23:00:00,2747.1472228538
05-21 00:00:00,2884.934982071597
05-21 01:00:00,2867.765289451925
05-21 02:00:00,2844.1909616486446
05-21 03:00:00,2863.536589108426
05-21 04:00:00,2989.78842722519
05-21 05:00:00,2719.942899356256
05-21 06:00:00,3737.6477392580027
05-21 07:00:00,1734.676563534717
05-21 08:00:00,82.30445192316851
05-21 09:00:00,-734.3267886150245
05-21 10:00:00,-1226.789547392355
05-21 11:00:00,-1374.963761643637
05-21 12:00:00,517.2197615177743
05-21 13:00:00,85.75642200044358
05-21 14:00:00,312.2175298543623
05-21 15:00:00,1335.403324423627
05-21 16:00:00,2320.736831194658
05-21 17:00:00,3837.2653610603825
05-21 18:00:00,5047.106926464754
05-21 19:00:00,5253.387962983213
05-21 20:00:00,3677.9508505367617
05-21 21:00:00,3662.924645924013
05-21 22:00:00,3231.4891728395132
05-21 23:00:00,3246.4132535347544
05-22 00:00:00,3149.451056873022
05-22 01:00:00,3071.075735297746
05-22 02:00:00,3072.653251424158
05-22 03:00:00,3080.774850958045
05-22 04:00:00,3268.922711284477
05-22 05:00:00,3071.7849803074528
05-22 06:00:00,4171.752158092615
05-22 07:00:00,2511.64008619157
05-22 08:00:00,572.4196336237185
05-22 09:00:00,-329.14685328184447
05-22 10:00:00,-961.7058875299028
05-22 11:00:00,-1232.8560749391
05-22 12:00:00,650.46319866391
05-22 13:00:00,182.085892687973
05-22 14:00:00,406.5777505874387
05-22 15:00:00,1416.1466595286017
05-22 16:00:00,2333.3400288641096
05-22 17:00:00,3704.4167170357955
05-22 18:00:00,4975.7822094660605
05-22 19:00:00,5109.586723601799
05-22 20:00:00,3540.765975603878
05-22 21:00:00,3670.9143670754634
05-22 22:00:00,3191.4621804953485
05-22 23:00:00,3081.054106220378
05-23 00:00:00,2957.2268612541848
05-23 01:00:00,3038.5601313430316
05-23 02:00:00,3082.5905248552335
05-23 03:00:00,3119.0979084417545
05-23 04:00:00,3307.942902249914
05-23 05:00:00,3049.3789297964345
05-23 06:00:00,4235.339204337738
05-23 07:00:00,2418.3011240334436
05-23 08:00:00,581.3072972180928
05-23 09:00:00,-344.28993222577907
05-23 10:00:00,-956.7819150703945
05-23 11:00:00,-1132.6533290578361
05-23 12:00:00,685.4791740094423
05-23 13:00:00,164.97633154431637
05-23 14:00:00,402.20565935950737
05-23 15:00:00,1385.888962780724
05-23 16:00:00,2275.4297985227977
05-23 17:00:00,3480.194699457166
05-23 18:00:00,5175.563744661823
05-23 19:00:00,5181.53014358096
05-23 20:00:00,3559.3929872736503
05-23 21:00:00,3537.77751145511
05-23 22:00:00,3049.7713503750674
05-23 23:00:00,3070.0415451491112
05-24 00:00:00,2992.844351157892
05-24 01:00:00,2959.3607957696972
05-24 02:00:00,2927.6968032366335
05-24 03:00:00,2950.7968600209515
05-24 04:00:00,3091.3361638462075
05-24 05:00:00,2728.4991074723152
05-24 06:00:00,4003.7530078267346
05-24 07:00:00,1733.1977414742728
05-24 08:00:00,190.36561443400052
05-24 09:00:00,-705.7624972407224
05-24 10:00:00,-1260.1073877116078
05-24 11:00:00,-1502.3341715495835
05-24 12:00:00,328.6716115799982
05-24 13:00:00,-25.81519707929695
05-24 14:00:00,226.05286463998863
05-24 15:00:00,1251.6132681740464
05-24 16:00:00,2213.05611279619
05-24 17:00:00,3425.6109026630065
05-24 18:00:00,4997.388945024438
05-24 19:00:00,5360.971782856724
05-24 20:00:00,3594.715793790511
05-24 21:00:00,3608.941559352338
05-24 22:00:00,3105.6610680369927
05-24 23:00:00,3030.381638872094
05-25 00:00:00,2925.338459122269
05-25 01:00:00,2948.109536167724
05-25 02:00:00,2955.4636762918058
05-25 03:00:00,2941.101469691939
05-25 04:00:00,3097.596189059531
05-25 05:00:00,2751.096121003555
05-25 06:00:00,3988.4768241583765
05-25 07:00:00,2225.123404899966
05-25 08:00:00,459.8213133303651
05-25 09:00:00,-389.4964130862147
05-25 10:00:00,-987.1458500068121
05-25 11:00:00,-1249.2672648726048
05-25 12:00:00,604.0702733873475
05-25 13:00:00,138.61801259884254
05-25 14:00:00,392.3405971599693
05-25 15:00:00,1384.7834786650853
05-25 16:00:00,2298.183935026606
05-25 17:00:00,3553.037447512917
05-25 18:00:00,4931.137498752535
05-25 19:00:00,5128.787451198208
05-25 20:00:00,3819.0770546417834
05-25 21:00:00,3528.275990005352
05-25 22:00:00,3097.172614731069
05-25 23:00:00,3096.648336655305
05-26 00:00:00,2835.210016168089
05-26 01:00:00,2824.8697848943266
05-26 02:00:00,2845.3606367679845
05-26 03:00:00,2800.1672675322443
05-26 04:00:00,2882.2015702548606
05-26 05:00:00,2405.147523484916
05-26 06:00:00,3296.950516101208
05-26 07:00:00,1111.1079190013672
05-26 08:00:00,-819.3463577974574
05-26 09:00:00,-1701.6730322465298
05-26 10:00:00,-2339.7158401753127
05-26 11:00:00,-2497.0535821325243
05-26 12:00:00,-614.3311686861507
05-26 13:00:00,-1048.8148469768498
05-26 14:00:00,-823.4847070794318
05-26 15:00:00,204.08696358292255
05-26 16:00:00,1238.6744835528089
05-26 17:00:00,2876.9313297979756
05-26 18:00:00,4585.802344011782
05-26 19:00:00,4976.822419960231
05-26 20:00:00,3392.027970133003
05-26 21:00:00,3433.139991048931
05-26 22:00:00,2853.881674915472
05-26 23:00:00,2771.712154923558
05-27 00:00:00,2539.2777824521945
05-27 01:00:00,2495.167144808045
05-27 02:00:00,2462.8950590905883
05-27 03:00:00,2499.378868031909
05-27 04:00:00,2648.94294483712
05-27 05:00:00,2203.0261003101405
05-27 06:00:00,3083.1195367780624
05-27 07:00:00,886.0036186765634
05-27 08:00:00,-984.9804090455186
05-27 09:00:00,-1769.3116240015477
05-27 10:00:00,-2315.8375316701963
05-27 11:00:00,-2564.880653722438
05-27 12:00:00,-648.0618713931643
05-27 13:00:00,-1111.987870880308
05-27 14:00:00,-923.0122513048896
05-27 15:00:00,137.41180474476488
05-27 16:00:00,1156.9424278636484
05-27 17:00:00,2717.9542274081386
05-27 18:00:00,4379.3833695947405
05-27 19:00:00,4781.5039404250765
05-27 20:00:00,3366.579951462496
05-27 21:00:00,3415.027626553854
05-27 22:00:00,2884.9319311296167
05-27 23:00:00,2841.8131927848494
05-28 00:00:00,3001.185382013994
05-28 01:00:00,3004.108444668321
05-28 02:00:00,3022.0505548588085
05-28 03:00:00,3069.9830719636243
05-28 04:00:00,3233.3792416056663
05-28 05:00:00,2849.453870650938
05-28 06:00:00,3864.2881610088225
05-28 07:00:00,2113.34955209246
05-28 08:00:00,218.37612928911108
05-28 09:00:00,-660.8394957680802
05-28 10:00:00,-1262.777393670289
05-28 11:00:00,-1545.4127032861966
05-28 12:00:00,300.6970970347949
05-28 13:00:00,-168.82408200187126
05-28 14:00:00,53.8036395861407
05-28 15:00:00,1092.7967501027126
05-28 16:00:00,2071.0073993713054
05-28 17:00:00,3201.272348557419
05-28 18:00:00,4972.677770920646
05-28 19:00:00,4969.845738986583
05-28 20:00:00,3468.737743010105
05-28 21:00:00,3450.1826081919203
05-28 22:00:00,2993.443061221851
05-28 23:00:00,2881.970151248097
05-29 00:00:00,2810.499106155097
05-29 01:00:00,2783.627340364054
05-29 02:00:00,2793.93086340327
05-29 03:00:00,2835.0227494608466
05-29 04:00:00,3001.9678054844003
05-29 05:00:00,2788.068948323301
05-29 06:00:00,3851.635591820419
05-29 07:00:00,1947.313909905027
05-29 08:00:00,318.81124196053753
05-29 09:00:00,-532.2771688580823
05-29 10:00:00,-1083.1696558198773
05-29 11:00:00,-1291.1884364659165
05-29 12:00:00,551.8407156732433
05-29 13:00:00,130.21482821349002
05-29 14:00:00,407.80631320179367
05-29 15:00:00,1388.9206265912137
05-29 16:00:00,2318.093801776083
05-29 17:00:00,3439.0047803954926
05-29 18:00:00,4891.653646022402
05-29 19:00:00,5383.884358198507
05-29 20:00:00,3620.8459508526603
05-29 21:00:00,3718.917174393574
05-29 22:00:00,3139.3559319279225
05-29 23:00:00,3046.7669320395266
05-30 00:00:00,2943.04187160824
05-30 01:00:00,2977.662385562849
05-30 02:00:00,3015.7215099319556
05-30 03:00:00,3047.1882677864137
05-30 04:00:00,3208.4129330694823
05-30 05:00:00,2848.212784243494
05-30 06:00:00,3931.387422614337
05-30 07:00:00,2149.6530025389106
05-30 08:00:00,304.9776957010468
05-30 09:00:00,-604.3895531744287
05-30 10:00:00,-1102.7910367276024
05-30 11:00:00,-1317.9058678453375
05-30 12:00:00,540.5430106579047
05-30 13:00:00,94.99480043513485
05-30 14:00:00,318.96292962614734
05-30 15:00:00,1372.077191700763
05-30 16:00:00,2325.3303035623776
05-30 17:00:00,3787.7556554939993
05-30 18:00:00,4949.606626160454
05-30 19:00:00,5103.449205383922
05-30 20:00:00,3527.30025571942
05-30 21:00:00,3767.72615391498
05-30 22:00:00,3127.4775416964403
05-30 23:00:00,3047.9266322813796
05-31 00:00:00,2997.4081594286736
05-31 01:00:00,2979.4853232412374
05-31 02:00:00,3038.770497985133
05-31 03:00:00,3080.7281986147987
05-31 04:00:00,3243.0120917532827
05-31 05:00:00,2751.676813644308
05-31 06:00:00,4212.333212334724
05-31 07:00:00,1979.1944888954115
05-31 08:00:00,387.645019396036
05-31 09:00:00,-490.17781287649325
05-31 10:00:00,-1114.874199755986
05-31 11:00:00,-1389.978518492258
05-31 12:00:00,484.12846998174086
05-31 13:00:00,11.7720985153139
05-31 14:00:00,283.79179854189863
05-31 15:00:00,1271.3144700588925
05-31 16:00:00,2233.0841789689007
05-31 17:00:00,3360.565077619216
05-31 18:00:00,5048.0761442878875
05-31 19:00:00,5059.023134940561
05-31 20:00:00,3437.8473642173653
05-31 21:00:00,3502.8225755765716
05-31 22:00:00,3050.1075405510437
05-31 23:00:00,2934.85329361862
06-01 00:00:00,2926.4481502071167
06-01 01:00:00,2922.424720584758
06-01 02:00:00,2924.7102948805464
06-01 03:00:00,2959.051020763695
06-01 04:00:00,2917.0530804964797
06-01 05:00:00,2646.772012383725
06-01 06:00:00,3661.1908290413885
06-01 07:00:00,1884.1404794019065
06-01 08:00:00,112.38432397027695
06-01 09:00:00,-770.076501405991
06-01 10:00:00,-1367.8179495396375
06-01 11:00:00,-1643.4286004194425
06-01 12:00:00,246.9739516662624
06-01 13:00:00,-204.20188766108197
06-01 14:00:00,-27.532875093951276
06-01 15:00:00,959.2892663443055
06-01 16:00:00,1926.5052919730695
06-01 17:00:00,3365.898033741708
06-01 18:00:00,4567.5899636919385
06-01 19:00:00,4836.239421395228
06-01 20:00:00,3273.3177389852904
06-01 21:00:00,3232.489148998887
06-01 22:00:00,2740.687948617771
06-01 23:00:00,2860.0671665976474
06-02 00:00:00,2578.0196689301683
06-02 01:00:00,2527.0386317213756
06-02 02:00:00,2524.20392009262
06-02 03:00:00,2536.5694498550924
06-02 04:00:00,2398.4824324102465
06-02 05:00:00,1969.1194318818573
06-02 06:00:00,2725.339056179485
06-02 07:00:00,540.4946768634564
06-02 08:00:00,-1412.6713516068608
06-02 09:00:00,-2256.1665207059104
06-02 10:00:00,-2760.419792610978
06-02 11:00:00,-2928.6675148610807
06-02 12:00:00,-1026.9666825462234
06-02 13:00:00,-1518.573518096304
06-02 14:00:00,-1259.4005431184003
06-02 15:00:00,-232.60089763082578
06-02 16:00:00,823.94418395347
06-02 17:00:00,2411.9951208670727
06-02 18:00:00,4125.208955796606
06-02 19:00:00,4552.39544310829
06-02 20:00:00,3117.500047618454
06-02 21:00:00,3190.620193544062
06-02 22:00:00,2607.521058406629
06-02 23:00:00,2508.169211262994
06-03 00:00:00,2312.6046247041304
06-03 01:00:00,2298.3720109427536
06-03 02:00:00,2310.9030321149858
06-03 03:00:00,2297.3264591857096
06-03 04:00:00,2159.9365280170905
06-03 05:00:00,1669.136851053593
06-03 06:00:00,2512.0712119748296
06-03 07:00:00,262.8331171534871
06-03 08:00:00,-1646.5144194343789
06-03 09:00:00,-2551.659705084488
06-03 10:00:00,-3147.340555884286
06-03 11:00:00,-3334.6273262164514
06-03 12:00:00,-1385.7627047260532
06-03 13:00:00,-1839.6354930402902
06-03 14:00:00,-1656.943600505349
06-03 15:00:00,-578.0552931777329
06-03 16:00:00,481.5431226158604
06-03 17:00:00,2098.960221792473
06-03 18:00:00,3809.9266818671467
06-03 19:00:00,4257.564865965501
06-03 20:00:00,2881.5764536788815
06-03 21:00:00,2918.8370260780766
06-03 22:00:00,2358.2172398905345
06-03 23:00:00,2224.5887922933334
06-04 00:00:00,2397.604372407676
06-04 01:00:00,2375.644831617145
06-04 02:00:00,2400.706613934137
06-04 03:00:00,2492.6204392529944
06-04 04:00:00,2408.559535417625
06-04 05:00:00,2046.469966111072
06-04 06:00:00,3288.790511310802
06-04 07:00:00,1104.6580598032529
06-04 08:00:00,-485.0076125126491
06-04 09:00:00,-1308.5617311201463
06-04 10:00:00,-1793.1768288723324
06-04 11:00:00,-2001.7478538482487
06-04 12:00:00,-95.96019958223883
06-04 13:00:00,-540.9272435477736
06-04 14:00:00,-309.5055196217474
06-04 15:00:00,690.9252997483105
06-04 16:00:00,1661.9773414733077
06-04 17:00:00,2897.768306074644
06-04 18:00:00,4328.367429683291
06-04 19:00:00,4618.858841641264
06-04 20:00:00,3340.6967775068065
06-04 21:00:00,3163.661689074377
06-04 22:00:00,2709.999780818337
06-04 23:00:00,2617.906242568646
06-05 00:00:00,2585.2688770122422
06-05 01:00:00,2559.5071301352673
06-05 02:00:00,2561.247297985693
06-05 03:00:00,2582.728224692108
06-05 04:00:00,2547.9102985140084
06-05 05:00:00,2466.905489321663
06-05 06:00:00,3678.2595484147078
06-05 07:00:00,1459.4109899407285
06-05 08:00:00,-35.844535157093446
06-05 09:00:00,-855.748553364992
06-05 10:00:00,-1324.0289043630064
06-05 11:00:00,-1476.7433091783494
06-05 12:00:00,436.48687153770516
06-05 13:00:00,28.873752196366098
06-05 14:00:00,286.64703624536554
06-05 15:00:00,1306.5035072289168
06-05 16:00:00,2166.520702677993
06-05 17:00:00,3360.4862721901873
06-05 18:00:00,4845.796745941555
06-05 19:00:00,5119.666387465936
06-05 20:00:00,3798.425940568859
06-05 21:00:00,3433.025957379309
06-05 22:00:00,2861.130256297768
06-05 23:00:00,2903.2482938385174
06-06 00:00:00,2794.2559963820945
06-06 01:00:00,2758.0749449339573
06-06 02:00:00,2733.238092171148
06-06 03:00:00,2727.7640025089063
06-06 04:00:00,2664.82947308882
06-06 05:00:00,2335.869342495552
06-06 06:00:00,3503.6217006794745
06-06 07:00:00,1865.3495362380195
06-06 08:00:00,67.23895042938553
06-06 09:00:00,-748.7519003105964
06-06 10:00:00,-1279.440133045309
06-06 11:00:00,-1500.4173134307127
06-06 12:00:00,321.8143561128774
06-06 13:00:00,-99.86054995920206
06-06 14:00:00,122.4257958673467
06-06 15:00:00,1170.9626230220397
06-06 16:00:00,2093.8813656950483
06-06 17:00:00,3283.5973847945397
06-06 18:00:00,4800.718787959498
06-06 19:00:00,5098.371425615387
06-06 20:00:00,3676.5061167202934
06-06 21:00:00,3406.9762830271
06-06 22:00:00,2821.4953752265733
06-06 23:00:00,2807.1592184023934
06-07 00:00:00,2694.711787561542
06-07 01:00:00,2645.0197033198074
06-07 02:00:00,2648.7637237949166
06-07 03:00:00,2665.15885410725
06-07 04:00:00,2610.543425911193
06-07 05:00:00,2437.047270541762
06-07 06:00:00,3527.6685063575087
06-07 07:00:00,1868.3473998329057
06-07 08:00:00,103.54893777128575
06-07 09:00:00,-786.7418718946232
06-07 10:00:00,-1300.4380323766975
06-07 11:00:00,-1531.6129212633668
06-07 12:00:00,284.75078754541903
06-07 13:00:00,-160.7627269442852
06-07 14:00:00,6.413530725493544
06-07 15:00:00,1061.8295870539919
06-07 16:00:00,2164.963175014705
06-07 17:00:00,3607.7986433486954
06-07 18:00:00,4886.406710111507
06-07 19:00:00,5173.703415231683
06-07 20:00:00,3514.78924923999
06-07 21:00:00,3448.1186722291714
06-07 22:00:00,2823.1463444983474
06-07 23:00:00,2876.603619531634
06-08 00:00:00,2771.609227901407
06-08 01:00:00,2712.926281922397
06-08 02:00:00,2702.926324521422
06-08 03:00:00,2700.9602033747797
06-08 04:00:00,2640.306037546455
06-08 05:00:00,2444.924531325617
06-08 06:00:00,3543.7552497160896
06-08 07:00:00,1723.678672287855
06-08 08:00:00,16.10205372839286
06-08 09:00:00,-820.1392076878301
06-08 10:00:00,-1376.9233333957682
06-08 11:00:00,-1600.5029040938884
06-08 12:00:00,245.879405535376
06-08 13:00:00,-186.96941290464963
06-08 14:00:00,-12.749404250534326
06-08 15:00:00,1098.3513463684246
06-08 16:00:00,2051.056202659241
06-08 17:00:00,3290.299361794258
06-08 18:00:00,4691.121441487315
06-08 19:00:00,5186.236857664763
06-08 20:00:00,3435.243838548885
06-08 21:00:00,3487.6551928560893
06-08 22:00:00,2924.60447221175
06-08 23:00:00,2813.5725713014203
06-09 00:00:00,2513.1390931817314
06-09 01:00:00,2455.028137669981
06-09 02:00:00,2418.8647893703733
06-09 03:00:00,2405.194812141739
06-09 04:00:00,2287.658015133996
06-09 05:00:00,1796.4816316645615
06-09 06:00:00,2694.7010438328775
06-09 07:00:00,621.8419225137789
06-09 08:00:00,-1211.950937424001
06-09 09:00:00,-2103.342716009915
06-09 10:00:00,-2654.946385924806
06-09 11:00:00,-2893.067529647846
06-09 12:00:00,-1005.4814611328283
06-09 13:00:00,-1448.8122200109199
06-09 14:00:00,-1236.4504414954076
06-09 15:00:00,-167.75889361736802
06-09 16:00:00,1038.243912859428
06-09 17:00:00,2606.039972465368
06-09 18:00:00,4264.572639115963
06-09 19:00:00,4699.8578816062645
06-09 20:00:00,3282.4909153995613
06-09 21:00:00,3257.3966175258274
06-09 22:00:00,2694.3587137276186
06-09 23:00:00,2658.432745807563
06-10 00:00:00,2436.9852192905682
06-10 01:00:00,2386.4826943272574
06-10 02:00:00,2385.683236275225
06-10 03:00:00,2375.0730583801137
06-10 04:00:00,2254.681205311667
06-10 05:00:00,1783.7487240338958
06-10 06:00:00,2514.825892557074
06-10 07:00:00,239.32343959267527
06-10 08:00:00,-1660.3982998733384
06-10 09:00:00,-2562.9617894579005
06-10 10:00:00,-3107.117815895224
06-10 11:00:00,-3301.8797026056423
06-10 12:00:00,-1364.1689259665065
06-10 13:00:00,-1792.3939559397672
06-10 14:00:00,-1562.9499235177964
06-10 15:00:00,-522.3570589091265
06-10 16:00:00,528.6823882753827
06-10 17:00:00,2154.36324044759
06-10 18:00:00,3850.6692572983643
06-10 19:00:00,4331.002776253626
06-10 20:00:00,2962.5297403566924
06-10 21:00:00,3046.5279523865747
06-10 22:00:00,2475.5235166109687
06-10 23:00:00,2391.6246448168604
06-11 00:00:00,2574.8151183833124
06-11 01:00:00,2564.3172230363766
06-11 02:00:00,2576.6830777631135
06-11 03:00:00,2635.3902030241766
06-11 04:00:00,2612.831593916392
06-11 05:00:00,2317.108467610713
06-11 06:00:00,3413.3868799775164
06-11 07:00:00,1747.1751601664776
06-11 08:00:00,-77.46299048596703
06-11 09:00:00,-1008.7970583907118
06-11 10:00:00,-1481.9624581387673
06-11 11:00:00,-1652.0779105334625
06-11 12:00:00,256.80711196387733
06-11 13:00:00,-207.4886050673115
06-11 14:00:00,13.631418893884316
06-11 15:00:00,1003.5105911768279
06-11 16:00:00,1948.201377859676
06-11 17:00:00,3320.1738806627086
06-11 18:00:00,4552.525039957814
06-11 19:00:00,4808.263572791113
06-11 20:00:00,3298.8025673666116
06-11 21:00:00,3270.849923538823
06-11 22:00:00,2860.341754580966
06-11 23:00:00,2713.9787660802212
06-12 00:00:00,2628.539028953595
06-12 01:00:00,2615.591470618568
06-12 02:00:00,2629.4668298175234
06-12 03:00:00,2656.996178167203
06-12 04:00:00,2600.9292363547197
06-12 05:00:00,2402.051574616215
06-12 06:00:00,3599.837377007384
06-12 07:00:00,1446.314786746996
06-12 08:00:00,-155.47768329975688
06-12 09:00:00,-972.1417268242028
06-12 10:00:00,-1469.5323773424307
06-12 11:00:00,-1630.3534203284942
06-12 12:00:00,264.5616495953289
06-12 13:00:00,-173.33903227955213
06-12 14:00:00,-0.7386270264776442
06-12 15:00:00,1081.436992247847
06-12 16:00:00,2054.546177777894
06-12 17:00:00,3248.4133631045074
06-12 18:00:00,4666.688245527997
06-12 19:00:00,4854.577368919483
06-12 20:00:00,3530.180375684591
06-12 21:00:00,3306.0231013877205
06-12 22:00:00,2670.9930942535993
06-12 23:00:00,2621.8410378672884
06-13 00:00:00,2470.55518239656
06-13 01:00:00,2473.6518187438282
06-13 02:00:00,2477.2059892402904
06-13 03:00:00,2479.244610207324
06-13 04:00:00,2418.0543485039325
06-13 05:00:00,2153.1020036176265
06-13 06:00:00,3372.0018403877093
06-13 07:00:00,1394.5008225114332
06-13 08:00:00,-146.63479959200134
06-13 09:00:00,-945.0105261991408
06-13 10:00:00,-1440.8536760004874
06-13 11:00:00,-1638.463891799834
06-13 12:00:00,264.0423770014421
06-13 13:00:00,-186.2028433872863
06-13 14:00:00,36.11137892660004
06-13 15:00:00,1069.334913129359
06-13 16:00:00,2015.1945956658146
06-13 17:00:00,3433.968543457892
06-13 18:00:00,4741.821699090355
06-13 19:00:00,4920.640011178919
06-13 20:00:00,3315.215061840475
06-13 21:00:00,3410.692740064801
06-13 22:00:00,2951.040592303417
06-13 23:00:00,2745.8799713935528
06-14 00:00:00,2664.755438773094
06-14 01:00:00,2657.406961833726
06-14 02:00:00,2688.5727186570675
06-14 03:00:00,2723.6342015647524
06-14 04:00:00,2692.829370653775
06-14 05:00:00,2464.615211608027
06-14 06:00:00,3431.9523284212733
06-14 07:00:00,1527.8772987407385
06-14 08:00:00,-42.86924233780955
06-14 09:00:00,-900.3895001306704
06-14 10:00:00,-1420.59458020888
06-14 11:00:00,-1612.0003371906862
06-14 12:00:00,270.05835592803226
06-14 13:00:00,-143.39261059274577
06-14 14:00:00,11.822517048324286
06-14 15:00:00,1052.4776507659103
06-14 16:00:00,1998.8314012537269
06-14 17:00:00,3234.406787787869
06-14 18:00:00,4624.2742553990765
06-14 19:00:00,5153.668137980957
06-14 20:00:00,3326.9261404618283
06-14 21:00:00,3284.462176565309
06-14 22:00:00,2645.9521533921175
06-14 23:00:00,2727.7442943721853
06-15 00:00:00,2613.861108109843
06-15 01:00:00,2612.0964382134343
06-15 02:00:00,2623.3031410045505
06-15 03:00:00,2648.6249039113873
06-15 04:00:00,2596.4775634330354
06-15 05:00:00,2394.5538714555123
06-15 06:00:00,3565.5345130310284
06-15 07:00:00,1352.6541528694895
06-15 08:00:00,-163.1530248069487
06-15 09:00:00,-938.2300418464599
06-15 10:00:00,-1463.4264203136406
06-15 11:00:00,-1717.3355842322717
06-15 12:00:00,227.39462176341476
06-15 13:00:00,-236.22225863931413
06-15 14:00:00,-45.27996511009236
06-15 15:00:00,973.3978570065829
06-15 16:00:00,1917.0076644559201
06-15 17:00:00,3403.44152120939
06-15 18:00:00,4567.11930351232
06-15 19:00:00,4854.190762474702
06-15 20:00:00,3236.4150537236665
06-15 21:00:00,3271.4443605228835
06-15 22:00:00,2692.240061111379
06-15 23:00:00,2619.101144633236
06-16 00:00:00,2344.0674105962
06-16 01:00:00,2280.368878684692
06-16 02:00:00,2289.765696477095
06-16 03:00:00,2280.2391526887745
06-16 04:00:00,2169.6864081214176
06-16 05:00:00,1756.494829510028
06-16 06:00:00,2522.9070640873297
06-16 07:00:00,391.32603254459445
06-16 08:00:00,-1399.866705124549
06-16 09:00:00,-2238.6219613958433
06-16 10:00:00,-2738.0016330453304
06-16 11:00:00,-2901.8354922017656
06-16 12:00:00,-1002.6510991730242
06-16 13:00:00,-1474.823374063326
06-16 14:00:00,-1265.8115704929394
06-16 15:00:00,-241.81244725455497
06-16 16:00:00,817.4297567254166
06-16 17:00:00,2427.713911460047
06-16 18:00:00,4048.74944696269
06-16 19:00:00,4488.038689468517
06-16 20:00:00,3018.805196311205
06-16 21:00:00,2948.1086165835404
06-16 22:00:00,2392.1178894624345
06-16 23:00:00,2323.8287294710867
06-17 00:00:00,2100.111223801956
06-17 01:00:00,2050.8459847719273
06-17 02:00:00,2022.4456749588908
06-17 03:00:00,2016.9034665818665
06-17 04:00:00,1872.1454834131284
06-17 05:00:00,1415.3548711262335
06-17 06:00:00,2217.1987139007115
06-17 07:00:00,35.20977416128746
06-17 08:00:00,-1804.4411868761913
06-17 09:00:00,-2625.6331442706187
06-17 10:00:00,-3123.404990337291
06-17 11:00:00,-3297.8895695410065
06-17 12:00:00,-1405.0567746484173
06-17 13:00:00,-1806.654068888054
06-17 14:00:00,-1579.5211532729616
06-17 15:00:00,-529.3118736426802
06-17 16:00:00,527.9762257826279
06-17 17:00:00,2121.3167115384003
06-17 18:00:00,3826.1320545359595
06-17 19:00:00,4314.874476998882
06-17 20:00:00,2894.3288679156713
06-17 21:00:00,2942.258993588296
06-17 22:00:00,2360.6268052296714
06-17 23:00:00,2242.382204686719
06-18 00:00:00,2403.601896084356
06-18 01:00:00,2352.881700469229
06-18 02:00:00,2348.7789461797224
06-18 03:00:00,2362.898133622247
06-18 04:00:00,2313.0121071159374
06-18 05:00:00,2054.423802154784
06-18 06:00:00,3434.911200388156
06-18 07:00:00,1339.401546216201
06-18 08:00:00,-162.69292331945041
06-18 09:00:00,-944.8180968751736
06-18 10:00:00,-1416.467300783886
06-18 11:00:00,-1581.3886658176154
06-18 12:00:00,303.11343852787354
06-18 13:00:00,-122.43052243798162
06-18 14:00:00,83.21835819869418
06-18 15:00:00,1109.106618569655
06-18 16:00:00,2044.6837202377158
06-18 17:00:00,3317.452000304368
06-18 18:00:00,4855.079677100661
06-18 19:00:00,4945.298188328801
06-18 20:00:00,3345.022961999386
06-18 21:00:00,3317.0718469769054
06-18 22:00:00,2742.4519158952958
06-18 23:00:00,2659.80821254816
06-19 00:00:00,2551.886285486715
06-19 01:00:00,2530.645467528724
06-19 02:00:00,2516.2789249064704
06-19 03:00:00,2549.2471973162524
06-19 04:00:00,2463.0712867893885
06-19 05:00:00,2240.665662788095
06-19 06:00:00,3466.197166622926
06-19 07:00:00,1484.8621816982995
06-19 08:00:00,-63.35037907936581
06-19 09:00:00,-848.2899607356968
06-19 10:00:00,-1369.0660257019235
06-19 11:00:00,-1525.7298512384561
06-19 12:00:00,368.6189388719187
06-19 13:00:00,-76.35663624712203
06-19 14:00:00,167.8247589173601
06-19 15:00:00,1204.5618841726491
06-19 16:00:00,2143.544375742241
06-19 17:00:00,3348.714942768351
06-19 18:00:00,5009.201240764948
06-19 19:00:00,4984.08367874768
06-19 20:00:00,3439.8815644677466
06-19 21:00:00,3428.6601756095138
06-19 22:00:00,2865.208345627947
06-19 23:00:00,2667.2225874315177
06-20 00:00:00,2546.7462067019255
06-20 01:00:00,2504.9449576013003
06-20 02:00:00,2490.9438701401477
06-20 03:00:00,2478.737483457314
06-20 04:00:00,2424.087393617224
06-20 05:00:00,2153.229766886458
06-20 06:00:00,3264.5823007901117
06-20 07:00:00,1719.6348887401848
06-20 08:00:00,-1.5262546733007412
06-20 09:00:00,-833.2113734062559
06-20 10:00:00,-1297.7089758113189
06-20 11:00:00,-1465.4216801341493
06-20 12:00:00,410.6707627869824
06-20 13:00:00,-25.549821672131515
06-20 14:00:00,211.32927320730062
06-20 15:00:00,1184.9743177903636
06-20 16:00:00,2167.0474281790084
06-20 17:00:00,3386.3712188161526
06-20 18:00:00,4814.6879228327025
06-20 19:00:00,5303.006911836934
06-20 20:00:00,3482.050779334146
06-20 21:00:00,3538.536744044237
06-20 22:00:00,2951.127031898731
06-20 23:00:00,2816.1430163141836
06-21 00:00:00,2686.5371235954813
06-21 01:00:00,2660.7513881989735
06-21 02:00:00,2657.2328158590753
06-21 03:00:00,2635.802279377286
06-21 04:00:00,2585.740624121951
06-21 05:00:00,2374.966467878685
06-21 06:00:00,3554.069324673213
06-21 07:00:00,1491.0533279099552
06-21 08:00:00,20.12116500886168
06-21 09:00:00,-802.2063743695894
06-21 10:00:00,-1259.2300714251994
06-21 11:00:00,-1444.1226062816208
06-21 12:00:00,460.7927501295693
06-21 13:00:00,26.611065614886243
06-21 14:00:00,245.6259738685264
06-21 15:00:00,1280.1084997971575
06-21 16:00:00,2182.511184924813
06-21 17:00:00,3638.2802907472815
06-21 18:00:00,4840.970026157227
06-21 19:00:00,5188.034247540953
06-21 20:00:00,3597.7630989422432
06-21 21:00:00,3456.8880319779237
06-21 22:00:00,2939.3649445915994
06-21 23:00:00,2916.5453570179216
06-22 00:00:00,2774.6851205269054
06-22 01:00:00,2745.224187931797
06-22 02:00:00,2707.8653202672645
06-22 03:00:00,2704.926663726181
06-22 04:00:00,2621.5374127258506
06-22 05:00:00,2359.0706109470025
06-22 06:00:00,3414.1405228190774
06-22 07:00:00,1822.9577036615945
06-22 08:00:00,15.949176192302644
06-22 09:00:00,-740.1153812918568
06-22 10:00:00,-1196.7901005695321
06-22 11:00:00,-1433.8629741766456
06-22 12:00:00,358.5692938696687
06-22 13:00:00,-87.05528920121104
06-22 14:00:00,117.21065121878193
06-22 15:00:00,1122.373866076738
06-22 16:00:00,2035.6482430248516
06-22 17:00:00,3099.073826553054
06-22 18:00:00,4879.471959931313
06-22 19:00:00,5038.6856068629395
06-22 20:00:00,3361.9946924317815
06-22 21:00:00,3533.022756579676
06-22 22:00:00,3015.173879225159
06-22 23:00:00,2846.869943349672
06-23 00:00:00,2544.863641430657
06-23 01:00:00,2480.238288542538
06-23 02:00:00,2453.365329801301
06-23 03:00:00,2449.0535613730376
06-23 04:00:00,2327.059171395655
06-23 05:00:00,1810.218275857155
06-23 06:00:00,2685.5020824927933
06-23 07:00:00,533.725550418454
06-23 08:00:00,-1331.951051124068
06-23 09:00:00,-2195.855501327815
06-23 10:00:00,-2695.4601145770216
06-23 11:00:00,-2901.1493527741777
06-23 12:00:00,-987.4152167262264
06-23 13:00:00,-1435.7420006452312
06-23 14:00:00,-1191.7496909393162
06-23 15:00:00,-161.2934534791163
06-23 16:00:00,889.1668635705419
06-23 17:00:00,2494.223765926265
06-23 18:00:00,4159.042541696626
06-23 19:00:00,4619.515181257817
06-23 20:00:00,3144.9088835285183
06-23 21:00:00,3145.6731726358526
06-23 22:00:00,2671.3996301041093
06-23 23:00:00,2567.695693532773
06-24 00:00:00,2351.874561592565
06-24 01:00:00,2324.193673334873
06-24 02:00:00,2350.836999813044
06-24 03:00:00,2362.365152777105
06-24 04:00:00,2210.0709671351174
06-24 05:00:00,1680.8868170596938
06-24 06:00:00,2490.7102577705086
06-24 07:00:00,241.88181073405732
06-24 08:00:00,-1585.8903587138464
06-24 09:00:00,-2431.304135694914
06-24 10:00:00,-2956.919344161448
06-24 11:00:00,-3235.3251674521525
06-24 12:00:00,-1321.5295964781449
06-24 13:00:00,-1740.2176547540607
06-24 14:00:00,-1524.354475407684
06-24 15:00:00,-425.83710786865834
06-24 16:00:00,653.8129253734829
06-24 17:00:00,2419.836487355118
06-24 18:00:00,4152.6740128252395
06-24 19:00:00,4641.947275625475
06-24 20:00:00,3279.7769692845313
06-24 21:00:00,3329.6645095610597
06-24 22:00:00,2774.26031170009
06-24 23:00:00,2638.71571264808
06-25 00:00:00,2777.7937441255567
06-25 01:00:00,2739.3674093273553
06-25 02:00:00,2730.9831223040983
06-25 03:00:00,2742.670543993739
06-25 04:00:00,2675.7976434869424
06-25 05:00:00,2420.8900704949097
06-25 06:00:00,3694.958760259402
06-25 07:00:00,1667.4313749627704
06-25 08:00:00,109.58340364590518
06-25 09:00:00,-689.8698283257855
06-25 10:00:00,-1222.2910482567295
06-25 11:00:00,-1399.5135149033215
06-25 12:00:00,433.43322986283465
06-25 13:00:00,-31.109797270236115
06-25 14:00:00,143.1275440129213
06-25 15:00:00,1150.7215352841984
06-25 16:00:00,2144.59391374971
06-25 17:00:00,3342.7182563447777
06-25 18:00:00,4724.54377691215
06-25 19:00:00,5006.495030805633
06-25 20:00:00,3720.0114534525223
06-25 21:00:00,3546.3382436755046
06-25 22:00:00,2945.6532573639993
06-25 23:00:00,2853.5805733313664
06-26 00:00:00,2767.685119928811
06-26 01:00:00,2741.4026033838004
06-26 02:00:00,2750.5570616653754
06-26 03:00:00,2791.0248420062053
06-26 04:00:00,2726.908982432778
06-26 05:00:00,2565.248469291649
06-26 06:00:00,3567.372519255004
06-26 07:00:00,1550.0366956885373
06-26 08:00:00,-17.674345598902207
06-26 09:00:00,-885.9128708921087
06-26 10:00:00,-1373.9344676016394
06-26 11:00:00,-1585.762861807681
06-26 12:00:00,288.79731973687024
06-26 13:00:00,-131.11288453275333
06-26 14:00:00,62.03531990084288
06-26 15:00:00,1107.9479337518908
06-26 16:00:00,2044.9044081336074
06-26 17:00:00,3214.1297595641613
06-26 18:00:00,4676.956316965995
06-26 19:00:00,5121.922291706262
06-26 20:00:00,3341.5646134138788
06-26 21:00:00,3269.719650470315
06-26 22:00:00,2627.1384911079094
06-26 23:00:00,2757.812447479036
06-27 00:00:00,2652.393839452412
06-27 01:00:00,2625.5876676525945
06-27 02:00:00,2601.2390775846056
06-27 03:00:00,2634.6400401699225
06-27 04:00:00,2547.096159272296
06-27 05:00:00,2385.5724028264417
06-27 06:00:00,3412.0544088944357
06-27 07:00:00,1588.7112918002276
06-27 08:00:00,-134.93953211382654
06-27 09:00:00,-911.4700908175786
06-27 10:00:00,-1412.8240581074217
06-27 11:00:00,-1606.3699724238736
06-27 12:00:00,292.45728138497316
06-27 13:00:00,-107.75489463200798
06-27 14:00:00,105.84978058880142
06-27 15:00:00,1108.469405892867
06-27 16:00:00,2088.4314132080735
06-27 17:00:00,3267.768641345624
06-27 18:00:00,4904.171165285488
06-27 19:00:00,4944.49467199477
06-27 20:00:00,3449.0386680936954
06-27 21:00:00,3379.164926496789
06-27 22:00:00,2887.199554593364
06-27 23:00:00,2768.620355767546
06-28 00:00:00,2622.543650943253
06-28 01:00:00,2564.5702044829845
06-28 02:00:00,2559.0963150596613
06-28 03:00:00,2586.759232698136
06-28 04:00:00,2519.4296111384047
06-28 05:00:00,2344.765410172553
06-28 06:00:00,3347.986631775672
06-28 07:00:00,1334.102781520411
06-28 08:00:00,-117.61387269242609
06-28 09:00:00,-896.0389254907866
06-28 10:00:00,-1385.5332224490862
06-28 11:00:00,-1576.8057939607318
06-28 12:00:00,317.8121314398978
06-28 13:00:00,-106.74176504656012
06-28 14:00:00,67.17074266596393
06-28 15:00:00,1057.707316066726
06-28 16:00:00,2049.1371144694263
06-28 17:00:00,3228.474482304151
06-28 18:00:00,5034.029112334083
06-28 19:00:00,5155.642317728973
06-28 20:00:00,3488.8192173451644
06-28 21:00:00,3477.8579686698026
06-28 22:00:00,2889.4951558632893
06-28 23:00:00,2818.438591001175
06-29 00:00:00,2716.824058200852
06-29 01:00:00,2651.3311940637514
06-29 02:00:00,2637.7450327464635
06-29 03:00:00,2653.3482064487953
06-29 04:00:00,2609.63785697304
06-29 05:00:00,2350.5053990836104
06-29 06:00:00,3654.016875603538
06-29 07:00:00,1466.9642677061015
06-29 08:00:00,-114.91911013325397
06-29 09:00:00,-938.5069727469623
06-29 10:00:00,-1492.825816195584
06-29 11:00:00,-1630.8468794230955
06-29 12:00:00,306.5110689100926
06-29 13:00:00,10.026048970043178
06-29 14:00:00,203.57307364947968
06-29 15:00:00,1181.2878558027287
06-29 16:00:00,2133.522234400179
06-29 17:00:00,3536.3080828644747
06-29 18:00:00,4858.054128050198
06-29 19:00:00,5056.200914591382
06-29 20:00:00,3540.304328192843
06-29 21:00:00,3494.5803105614027
06-29 22:00:00,3011.618764135097
06-29 23:00:00,3030.211326091791
06-30 00:00:00,2749.677489941699
06-30 01:00:00,2700.382038066222
06-30 02:00:00,2680.2452183430187
06-30 03:00:00,2665.6569696857637
06-30 04:00:00,2511.929288219827
06-30 05:00:00,2068.294777101456
06-30 06:00:00,2950.2443107633335
06-30 07:00:00,736.2637697985648
06-30 08:00:00,-1137.7748815196555
06-30 09:00:00,-2009.0166657860757
06-30 10:00:00,-2557.9125625378692
06-30 11:00:00,-2766.8614407009127
06-30 12:00:00,-940.3766715051827
06-30 13:00:00,-1367.7563914217058
06-30 14:00:00,-1200.2473154357497
06-30 15:00:00,-162.74542598183152
06-30 16:00:00,956.1059223646411
06-30 17:00:00,2606.7406695418385
06-30 18:00:00,4383.212880435407
06-30 19:00:00,4780.437823831179
06-30 20:00:00,3341.537487509277
06-30 21:00:00,3364.784493042265
06-30 22:00:00,2764.9480712619948
06-30 23:00:00,2750.456952578832
07-01 00:00:00,2567.464659283261
07-01 01:00:00,2511.991274775792
07-01 02:00:00,2479.3833669300157
07-01 03:00:00,2453.8587449524084
07-01 04:00:00,2509.31576233556
07-01 05:00:00,2009.6137466642235
07-01 06:00:00,2881.9588605140098
07-01 07:00:00,625.6090448924334
07-01 08:00:00,-1340.2092323271377
07-01 09:00:00,-2275.137477555183
07-01 10:00:00,-2857.5074611617783
07-01 11:00:00,-3082.4484245299573
07-01 12:00:00,-1223.064708166375
07-01 13:00:00,-1691.0326507354366
07-01 14:00:00,-1569.011105222526
07-01 15:00:00,-578.6877158675164
07-01 16:00:00,611.8535660434378
07-01 17:00:00,2328.8644714395355
07-01 18:00:00,4071.9752802026055
07-01 19:00:00,4594.367424216781
07-01 20:00:00,3218.2811770520634
07-01 21:00:00,3254.423420260887
07-01 22:00:00,2694.41974310267
07-01 23:00:00,2548.621407329968
07-02 00:00:00,2607.2008891797236
07-02 01:00:00,2565.131450797051
07-02 02:00:00,2577.6814498940385
07-02 03:00:00,2606.283973001947
07-02 04:00:00,2773.8053768890527
07-02 05:00:00,2559.8928883487524
07-02 06:00:00,3634.06167711136
07-02 07:00:00,1561.2936280344284
07-02 08:00:00,-381.37833791308367
07-02 09:00:00,-1349.8578914650154
07-02 10:00:00,-1933.1387919186175
07-02 11:00:00,-2194.163308199072
07-02 12:00:00,-335.92641232068195
07-02 13:00:00,-803.1772122429394
07-02 14:00:00,-684.3913593451066
07-02 15:00:00,376.09503713399323
07-02 16:00:00,1405.5378964478393
07-02 17:00:00,3006.8108916854735
07-02 18:00:00,4607.716730956622
07-02 19:00:00,4898.517595669413
07-02 20:00:00,3387.5366987942143
07-02 21:00:00,3450.73200828729
07-02 22:00:00,2925.7093599272466
07-02 23:00:00,2742.9059789051284
07-03 00:00:00,2673.9206045840597
07-03 01:00:00,2632.2015658452983
07-03 02:00:00,2620.039999958779
07-03 03:00:00,2655.0532041336737
07-03 04:00:00,2807.0958123662704
07-03 05:00:00,2529.9883405385
07-03 06:00:00,3563.6862855844756
07-03 07:00:00,1538.6956237012978
07-03 08:00:00,-397.36286604039566
07-03 09:00:00,-1343.4692127063886
07-03 10:00:00,-1919.769981397761
07-03 11:00:00,-2188.571889828454
07-03 12:00:00,-269.1277561696654
07-03 13:00:00,-727.9023128248474
07-03 14:00:00,-590.2528068755721
07-03 15:00:00,440.58466020308623
07-03 16:00:00,1492.081911151061
07-03 17:00:00,3178.2810978903963
07-03 18:00:00,4769.305671147165
07-03 19:00:00,5020.43914571027
07-03 20:00:00,3474.2963113856486
07-03 21:00:00,3443.3833141497535
07-03 22:00:00,2889.575970969707
07-03 23:00:00,2739.626379550843
07-04 00:00:00,2599.2928648190973
07-04 01:00:00,2564.8959402037462
07-04 02:00:00,2539.0212242989264
07-04 03:00:00,2539.16300199044
07-04 04:00:00,2670.480915600999
07-04 05:00:00,2455.3220555365274
07-04 06:00:00,3512.122449443769
07-04 07:00:00,1502.886979196482
07-04 08:00:00,-399.2592367454855
07-04 09:00:00,-1323.3471508111807
07-04 10:00:00,-1905.1963985895088
07-04 11:00:00,-2119.4802743672444
07-04 12:00:00,-269.42965670898445
07-04 13:00:00,-736.2295661954594
07-04 14:00:00,-519.4395391723916
07-04 15:00:00,503.5639960622293
07-04 16:00:00,1553.9482757009216
07-04 17:00:00,3260.9120952244375
07-04 18:00:00,4869.543878189857
07-04 19:00:00,5150.312086132761
07-04 20:00:00,3621.281092464688
07-04 21:00:00,3599.8315615118954
07-04 22:00:00,2963.0011152437455
07-04 23:00:00,2789.3329734329923
07-05 00:00:00,2708.5192918332464
07-05 01:00:00,2668.9951662630556
07-05 02:00:00,2656.0759841660597
07-05 03:00:00,2662.5982374142973
07-05 04:00:00,2806.214505582916
07-05 05:00:00,2424.4384111418517
07-05 06:00:00,3568.405111294399
07-05 07:00:00,1525.783890855179
07-05 08:00:00,-315.77576234866336
07-05 09:00:00,-1260.9941219931459
07-05 10:00:00,-1878.3591456121103
07-05 11:00:00,-2100.552780307699
07-05 12:00:00,-266.4875296986827
07-05 13:00:00,-766.5278819499588
07-05 14:00:00,-619.8996896753853
07-05 15:00:00,411.51703091771475
07-05 16:00:00,1415.7766559061206
07-05 17:00:00,3008.7089523912896
07-05 18:00:00,4627.142259610233
07-05 19:00:00,4891.043578351646
07-05 20:00:00,3378.040604280417
07-05 21:00:00,3439.83972509075
07-05 22:00:00,2817.2042412321275
07-05 23:00:00,2699.251994978691
07-06 00:00:00,2620.6281857994
07-06 01:00:00,2576.710446437697
07-06 02:00:00,2543.067140649021
07-06 03:00:00,2567.6032015904225
07-06 04:00:00,2718.211347179169
07-06 05:00:00,2411.088555901835
07-06 06:00:00,3439.3525204781536
07-06 07:00:00,1370.3310647911076
07-06 08:00:00,-504.9152601957773
07-06 09:00:00,-1405.5887622682267
07-06 10:00:00,-1959.343977672291
07-06 11:00:00,-2202.080394535268
07-06 12:00:00,-323.72201592586475
07-06 13:00:00,-808.9565601778918
07-06 14:00:00,-644.8226835237881
07-06 15:00:00,366.93828130179276
07-06 16:00:00,1350.965147590902
07-06 17:00:00,2990.3700617220034
07-06 18:00:00,4670.82032244333
07-06 19:00:00,5113.631956600934
07-06 20:00:00,3470.25732073962
07-06 21:00:00,3396.0667982269383
07-06 22:00:00,2752.242199613148
07-06 23:00:00,2736.748446247634
07-07 00:00:00,2529.928267891895
07-07 01:00:00,2466.7280257128027
07-07 02:00:00,2432.9436307180504
07-07 03:00:00,2414.7238458745624
07-07 04:00:00,2493.7696481543344
07-07 05:00:00,2024.741350555096
07-07 06:00:00,2979.331439744996
07-07 07:00:00,784.5920185714804
07-07 08:00:00,-1089.4320995623746
07-07 09:00:00,-2002.5800935432233
07-07 10:00:00,-2576.7485783749457
07-07 11:00:00,-2840.4202836083955
07-07 12:00:00,-915.0635546116217
07-07 13:00:00,-1433.6472064890347
07-07 14:00:00,-1290.3797603149662
07-07 15:00:00,-321.5618183150681
07-07 16:00:00,768.4166869770569
07-07 17:00:00,2506.0926414220135
07-07 18:00:00,4243.66363652044
07-07 19:00:00,4675.3655304623135
07-07 20:00:00,3215.1719736622167
07-07 21:00:00,3241.4800384105833
07-07 22:00:00,2665.642958727936
07-07 23:00:00,2536.2707201404482
07-08 00:00:00,2314.955882389089
07-08 01:00:00,2257.5676073473237
07-08 02:00:00,2226.906551864009
07-08 03:00:00,2217.1959825464564
07-08 04:00:00,2295.6650273248
07-08 05:00:00,1783.7887295494888
07-08 06:00:00,2687.1895818891912
07-08 07:00:00,455.3253650883104
07-08 08:00:00,-1468.1364381646188
07-08 09:00:00,-2392.520497679858
07-08 10:00:00,-2968.778511737523
07-08 11:00:00,-3140.4622575262683
07-08 12:00:00,-1272.6499498371797
07-08 13:00:00,-1853.4538527915067
07-08 14:00:00,-1669.730664215991
07-08 15:00:00,-585.1989346316976
07-08 16:00:00,578.7241266781706
07-08 17:00:00,2356.0290919683985
07-08 18:00:00,4171.344903879625
07-08 19:00:00,4689.7285352386225
07-08 20:00:00,3396.976840965201
07-08 21:00:00,3372.450762055707
07-08 22:00:00,2794.2739689673017
07-08 23:00:00,2663.201472849833
07-09 00:00:00,2705.241983149871
07-09 01:00:00,2653.427102146265
07-09 02:00:00,2659.7916487966627
07-09 03:00:00,2680.8173249631095
07-09 04:00:00,2832.4727074060356
07-09 05:00:00,2590.3531153137824
07-09 06:00:00,3712.8097038637825
07-09 07:00:00,1703.3654443353973
07-09 08:00:00,-232.67472247654956
07-09 09:00:00,-1172.69004496227
07-09 10:00:00,-1802.7308891012835
07-09 11:00:00,-2076.633959209477
07-09 12:00:00,-245.45277065439348
07-09 13:00:00,-768.4737744947968
07-09 14:00:00,-625.1432118099059
07-09 15:00:00,391.62964786495974
07-09 16:00:00,1419.7583268456308
07-09 17:00:00,3034.9813799620074
07-09 18:00:00,4635.048505339078
07-09 19:00:00,4954.768985321751
07-09 20:00:00,3420.207576483742
07-09 21:00:00,3406.430359954329
07-09 22:00:00,2898.6121999262173
07-09 23:00:00,2826.417666896877
07-10 00:00:00,2705.1275918767697
07-10 01:00:00,2658.8825848960437
07-10 02:00:00,2652.7643075420556
07-10 03:00:00,2704.987734438213
07-10 04:00:00,2849.1575550239527
07-10 05:00:00,2499.1902264329638
07-10 06:00:00,3618.829034502021
07-10 07:00:00,1564.9300413966894
07-10 08:00:00,-368.46383957255364
07-10 09:00:00,-1329.0372613059967
07-10 10:00:00,-1930.66192133487
07-10 11:00:00,-2199.1381309320996
07-10 12:00:00,-287.2911176427629
07-10 13:00:00,-749.067222862902
07-10 14:00:00,-611.7989409337445
07-10 15:00:00,426.56886603018296
07-10 16:00:00,1441.4496756246044
07-10 17:00:00,3003.412443805733
07-10 18:00:00,4592.508176265865
07-10 19:00:00,4929.62769909555
07-10 20:00:00,3431.2416725065627
07-10 21:00:00,3501.0463093710027
07-10 22:00:00,2853.3629994385947
07-10 23:00:00,2801.377738749068
07-11 00:00:00,2712.7046355664006
07-11 01:00:00,2682.654692439509
07-11 02:00:00,2679.2609994714794
07-11 03:00:00,2675.770699315837
07-11 04:00:00,2807.7685315034773
07-11 05:00:00,2577.464517618127
07-11 06:00:00,3621.5137552979572
07-11 07:00:00,1604.3499952996638
07-11 08:00:00,-356.261053725273
07-11 09:00:00,-1319.1408030624589
07-11 10:00:00,-1898.1342641259073
07-11 11:00:00,-2161.474280343712
07-11 12:00:00,-310.03759465674517
07-11 13:00:00,-841.1814394352883
07-11 14:00:00,-646.3659583434453
07-11 15:00:00,381.7571797081973
07-11 16:00:00,1402.9297186878152
07-11 17:00:00,3005.502487809781
07-11 18:00:00,4585.83536075211
07-11 19:00:00,4895.265783382721
07-11 20:00:00,3354.0258144880895
07-11 21:00:00,3371.9666316710877
07-11 22:00:00,2779.0903367395986
07-11 23:00:00,2793.1406493482805
07-12 00:00:00,2652.692770777174
07-12 01:00:00,2618.1832038339253
07-12 02:00:00,2633.7124133925927
07-12 03:00:00,2643.354779943997
07-12 04:00:00,2801.490441928991
07-12 05:00:00,2453.739430056421
07-12 06:00:00,3572.785334139981
07-12 07:00:00,1512.2950538132482
07-12 08:00:00,-456.7471449906884
07-12 09:00:00,-1389.261971215136
07-12 10:00:00,-1960.997311593754
07-12 11:00:00,-2193.755085036057
07-12 12:00:00,-304.30037936963134
07-12 13:00:00,-862.8124917192891
07-12 14:00:00,-650.4668278794057
07-12 15:00:00,340.9387125965552
07-12 16:00:00,1350.9503201492237
07-12 17:00:00,2963.2489117326795
07-12 18:00:00,4556.9219948257705
07-12 19:00:00,4844.88024244332
07-12 20:00:00,3255.643269339322
07-12 21:00:00,3303.677191059153
07-12 22:00:00,2616.954579960932
07-12 23:00:00,2537.292168054567
07-13 00:00:00,2430.4765890921635
07-13 01:00:00,2421.358367076079
07-13 02:00:00,2482.250986273443
07-13 03:00:00,2500.8306974796164
07-13 04:00:00,2658.993083048991
07-13 05:00:00,2414.773543818494
07-13 06:00:00,3657.640322235716
07-13 07:00:00,1640.603579658706
07-13 08:00:00,-184.2023845406246
07-13 09:00:00,-1051.6761988096216
07-13 10:00:00,-1652.5104841658124
07-13 11:00:00,-1933.471270110962
07-13 12:00:00,-39.20335691259409
07-13 13:00:00,-523.1918001417682
07-13 14:00:00,-335.31815844428513
07-13 15:00:00,629.6918219930822
07-13 16:00:00,1590.5660689004208
07-13 17:00:00,3277.2275547303257
07-13 18:00:00,4859.116986074334
07-13 19:00:00,5203.876935257961
07-13 20:00:00,3596.7625954492237
07-13 21:00:00,3591.2973389030817
07-13 22:00:00,3013.0125948625305
07-13 23:00:00,2964.7407190861286
07-14 00:00:00,2772.9210728073576
07-14 01:00:00,2706.913218101913
07-14 02:00:00,2643.2479945025125
07-14 03:00:00,2634.3275758250256
07-14 04:00:00,2693.5997339161745
07-14 05:00:00,2237.814106177002
07-14 06:00:00,3099.289812668971
07-14 07:00:00,970.4008395171446
07-14 08:00:00,-930.832787642274
07-14 09:00:00,-1835.476885921984
07-14 10:00:00,-2495.6912911800555
07-14 11:00:00,-2760.8220491616007
07-14 12:00:00,-905.9177846398768
07-14 13:00:00,-1487.3737330834836
07-14 14:00:00,-1371.857710223128
07-14 15:00:00,-354.59993994053184
07-14 16:00:00,804.7584812717776
07-14 17:00:00,2635.6656971665925
07-14 18:00:00,4395.409497197919
07-14 19:00:00,4794.787958794085
07-14 20:00:00,3344.671179369508
07-14 21:00:00,3331.146236443844
07-14 22:00:00,2806.0582479370687
07-14 23:00:00,2670.145539523563
07-15 00:00:00,2450.3766075671742
07-15 01:00:00,2404.7975249641677
07-15 02:00:00,2392.133188043371
07-15 03:00:00,2385.1088652796557
07-15 04:00:00,2454.824233283751
07-15 05:00:00,1959.5311620286623
07-15 06:00:00,2840.111476907786
07-15 07:00:00,578.135726877267
07-15 08:00:00,-1354.143739652865
07-15 09:00:00,-2282.656909321651
07-15 10:00:00,-2906.066737537296
07-15 11:00:00,-3100.15663052686
07-15 12:00:00,-1192.721598358216
07-15 13:00:00,-1690.4614476869683
07-15 14:00:00,-1572.6429895331914
07-15 15:00:00,-525.1051944807632
07-15 16:00:00,599.2549320272009
07-15 17:00:00,2328.421464887162
07-15 18:00:00,4088.9712820630507
07-15 19:00:00,4598.601403574623
07-15 20:00:00,3212.511714352466
07-15 21:00:00,3259.3475996906154
07-15 22:00:00,2646.4420030018146
07-15 23:00:00,2521.2331754670354
07-16 00:00:00,2542.224724882478
07-16 01:00:00,2507.8872210412947
07-16 02:00:00,2529.3788138484047
07-16 03:00:00,2584.920246408804
07-16 04:00:00,2734.031001901827
07-16 05:00:00,2412.4695734339844
07-16 06:00:00,3585.4719168215843
07-16 07:00:00,1564.1734811738456
07-16 08:00:00,-340.49811993739485
07-16 09:00:00,-1253.2479669563943
07-16 10:00:00,-1838.5128231368262
07-16 11:00:00,-2100.1141622346286
07-16 12:00:00,-198.807478015653
07-16 13:00:00,-697.3918561196067
07-16 14:00:00,-578.6928671199975
07-16 15:00:00,466.90588000428113
07-16 16:00:00,1480.6463741542586
07-16 17:00:00,3070.395926961763
07-16 18:00:00,4709.398839631644
07-16 19:00:00,5051.6860234440755
07-16 20:00:00,3546.2480392314565
07-16 21:00:00,3440.213077949907
07-16 22:00:00,2759.4788586655864
07-16 23:00:00,2776.9105842734716
07-17 00:00:00,2645.844085650135
07-17 01:00:00,2595.912334251003
07-17 02:00:00,2575.4123734704135
07-17 03:00:00,2590.750480933498
07-17 04:00:00,2729.694231090031
07-17 05:00:00,2511.0715802406
07-17 06:00:00,3540.6466805699647
07-17 07:00:00,1571.4996689897387
07-17 08:00:00,-284.8746147366584
07-17 09:00:00,-1235.8489857811069
07-17 10:00:00,-1785.5022853309808
07-17 11:00:00,-2000.8268652724175
07-17 12:00:00,-175.45140232318602
07-17 13:00:00,-671.2852603376559
07-17 14:00:00,-541.7693670327293
07-17 15:00:00,503.3382208804414
07-17 16:00:00,1528.8953095900952
07-17 17:00:00,3209.977677524224
07-17 18:00:00,4829.917751116577
07-17 19:00:00,5134.112790850721
07-17 20:00:00,3503.2334008454536
07-17 21:00:00,3425.2161855986988
07-17 22:00:00,2914.742348576869
07-17 23:00:00,2718.173481419343
07-18 00:00:00,2591.4960916236096
07-18 01:00:00,2531.1157027915706
07-18 02:00:00,2502.48227659858
07-18 03:00:00,2485.2229474746837
07-18 04:00:00,2631.349765619988
07-18 05:00:00,2377.0460728853614
07-18 06:00:00,3504.029178950648
07-18 07:00:00,1489.6255719659282
07-18 08:00:00,-449.3375868533508
07-18 09:00:00,-1284.6289480982862
07-18 10:00:00,-1843.707986114439
07-18 11:00:00,-2047.9952825362288
07-18 12:00:00,-195.76664137635933
07-18 13:00:00,-694.7817531964765
07-18 14:00:00,-496.85852707394827
07-18 15:00:00,521.3978081150175
07-18 16:00:00,1559.73575055703
07-18 17:00:00,3185.1480484519357
07-18 18:00:00,4739.760235523929
07-18 19:00:00,5065.539615233007
07-18 20:00:00,3456.6025257841707
07-18 21:00:00,3386.4291140274117
07-18 22:00:00,2853.350457514412
07-18 23:00:00,2762.617304001262
07-19 00:00:00,2668.959362966061
07-19 01:00:00,2637.8985121051055
07-19 02:00:00,2657.0548856982396
07-19 03:00:00,2672.4576435416643
07-19 04:00:00,2819.830649907911
07-19 05:00:00,2591.196682396333
07-19 06:00:00,3633.454824076222
07-19 07:00:00,1527.1210246396033
07-19 08:00:00,-404.65923946175076
07-19 09:00:00,-1368.6175778863067
07-19 10:00:00,-1895.1144533024246
07-19 11:00:00,-2128.2849258603264
07-19 12:00:00,-219.2730429182362
07-19 13:00:00,-731.7701775372982
07-19 14:00:00,-588.8869679686034
07-19 15:00:00,435.3126790349472
07-19 16:00:00,1435.245152974826
07-19 17:00:00,3082.379991288096
07-19 18:00:00,4642.819139144575
07-19 19:00:00,4916.782017349196
07-19 20:00:00,3336.0214787930654
07-19 21:00:00,3327.4713066714894
07-19 22:00:00,2741.7982758015273
07-19 23:00:00,2613.905760904297
07-20 00:00:00,2486.4768414389205
07-20 01:00:00,2486.256219850666
07-20 02:00:00,2498.3696038182266
07-20 03:00:00,2512.353975247136
07-20 04:00:00,2680.0705660832127
07-20 05:00:00,2488.891995817902
07-20 06:00:00,3515.6571505286825
07-20 07:00:00,1432.7663874363268
07-20 08:00:00,-461.0371077008707
07-20 09:00:00,-1406.3212365562904
07-20 10:00:00,-1940.4376597004734
07-20 11:00:00,-2158.678936814177
07-20 12:00:00,-284.18777540589036
07-20 13:00:00,-787.2483455839384
07-20 14:00:00,-642.8348032280142
07-20 15:00:00,361.0175521599845
07-20 16:00:00,1356.0368653003814
07-20 17:00:00,2953.554474442968
07-20 18:00:00,4554.084876645168
07-20 19:00:00,4867.608205365996
07-20 20:00:00,3232.2195557696455
07-20 21:00:00,3271.0348636472622
07-20 22:00:00,2715.746691872706
07-20 23:00:00,2598.1130491041695
07-21 00:00:00,2427.211601022542
07-21 01:00:00,2412.997223799312
07-21 02:00:00,2382.561611096464
07-21 03:00:00,2392.89906839075
07-21 04:00:00,2491.653246286987
07-21 05:00:00,2027.0251319266358
07-21 06:00:00,2940.305276385538
07-21 07:00:00,724.1407637497393
07-21 08:00:00,-1234.4883763509404
07-21 09:00:00,-2228.759714915846
07-21 10:00:00,-2786.2455077901586
07-21 11:00:00,-3009.6349377184915
07-21 12:00:00,-1121.802721218184
07-21 13:00:00,-1641.8307820255864
07-21 14:00:00,-1489.812610910376
07-21 15:00:00,-428.2499128853218
07-21 16:00:00,650.2166348996169
07-21 17:00:00,2356.7007669009895
07-21 18:00:00,4097.930390130295
07-21 19:00:00,4511.365706647775
07-21 20:00:00,3037.1226875507
07-21 21:00:00,3058.1442919823726
07-21 22:00:00,2463.931378352707
07-21 23:00:00,2354.8382313112793
07-22 00:00:00,2158.8958492358934
07-22 01:00:00,2146.8611728541623
07-22 02:00:00,2151.610227807499
07-22 03:00:00,2162.9431115612356
07-22 04:00:00,2266.1060270514145
07-22 05:00:00,1784.4645240120335
07-22 06:00:00,2567.0936605435813
07-22 07:00:00,303.44360245550985
07-22 08:00:00,-1683.2365278943548
07-22 09:00:00,-2597.637283412795
07-22 10:00:00,-3174.433437849702
07-22 11:00:00,-3396.5100949546368
07-22 12:00:00,-1482.546334882277
07-22 13:00:00,-2000.2058186808608
07-22 14:00:00,-1820.2313072241473
07-22 15:00:00,-768.3048043215159
07-22 16:00:00,339.081940896225
07-22 17:00:00,2070.9810546773083
07-22 18:00:00,3814.4797166089065
07-22 19:00:00,4298.024438123711
07-22 20:00:00,2932.694454997219
07-22 21:00:00,2946.159786059256
07-22 22:00:00,2337.3982148331943
07-22 23:00:00,2290.603732690981
07-23 00:00:00,2301.1706951834312
07-23 01:00:00,2310.601123097312
07-23 02:00:00,2334.1491889549193
07-23 03:00:00,2380.165101441594
07-23 04:00:00,2548.708616790087
07-23 05:00:00,2382.3288800457503
07-23 06:00:00,3392.5935888940585
07-23 07:00:00,1320.9974032583953
07-23 08:00:00,-601.8676190376722
07-23 09:00:00,-1544.7368382543377
07-23 10:00:00,-2073.0577421221983
07-23 11:00:00,-2260.368224640201
07-23 12:00:00,-374.89038416828043
07-23 13:00:00,-911.6963270899122
07-23 14:00:00,-731.1628246650286
07-23 15:00:00,290.5550616708996
07-23 16:00:00,1319.370704726619
07-23 17:00:00,2903.651500146499
07-23 18:00:00,4508.528781982127
07-23 19:00:00,4770.43679615365
07-23 20:00:00,3210.4177909344817
07-23 21:00:00,3139.5751391381
07-23 22:00:00,2506.336326644693
07-23 23:00:00,2518.840178792147
07-24 00:00:00,2357.061987550684
07-24 01:00:00,2312.6923363350597
07-24 02:00:00,2305.63648149422
07-24 03:00:00,2313.093464417359
07-24 04:00:00,2451.895514232007
07-24 05:00:00,2132.027522003178
07-24 06:00:00,3334.4086962291726
07-24 07:00:00,1315.8857132944297
07-24 08:00:00,-623.5807706310045
07-24 09:00:00,-1481.2648544708468
07-24 10:00:00,-2045.490963309951
07-24 11:00:00,-2241.3961542617735
07-24 12:00:00,-370.0815594659563
07-24 13:00:00,-879.5005379478685
07-24 14:00:00,-722.8515981281741
07-24 15:00:00,334.2995132533844
07-24 16:00:00,1368.8714875706328
07-24 17:00:00,3061.5010642179745
07-24 18:00:00,4632.732179654073
07-24 19:00:00,4930.426842086058
07-24 20:00:00,3315.9197811351128
07-24 21:00:00,3393.331307812876
07-24 22:00:00,2688.0616359961164
07-24 23:00:00,2579.7198310221293
07-25 00:00:00,2449.3858884053984
07-25 01:00:00,2401.4761773862106
07-25 02:00:00,2414.83586410916
07-25 03:00:00,2407.05926316596
07-25 04:00:00,2558.5474846383217
07-25 05:00:00,2359.2744691749317
07-25 06:00:00,3419.0459945398334
07-25 07:00:00,1359.3579971874028
07-25 08:00:00,-567.3166063170338
07-25 09:00:00,-1493.7580881156096
07-25 10:00:00,-2074.9837754182113
07-25 11:00:00,-2282.2715376653605
07-25 12:00:00,-301.5361996524671
07-25 13:00:00,-840.5808901475309
07-25 14:00:00,-646.4594409283177
07-25 15:00:00,386.09539404910606
07-25 16:00:00,1365.3737748148803
07-25 17:00:00,2990.100620043686
07-25 18:00:00,4618.133501600569
07-25 19:00:00,4945.618352972609
07-25 20:00:00,3414.0328144059863
07-25 21:00:00,3395.349407116988
07-25 22:00:00,2733.275699300572
07-25 23:00:00,2648.337786001056
07-26 00:00:00,2536.586632813963
07-26 01:00:00,2497.3038283250685
07-26 02:00:00,2487.593153995295
07-26 03:00:00,2500.6932656431254
07-26 04:00:00,2641.572903086821
07-26 05:00:00,2333.2128589126833
07-26 06:00:00,3399.5189374329075
07-26 07:00:00,1297.9404517211344
07-26 08:00:00,-620.1495387228862
07-26 09:00:00,-1601.5325976709455
07-26 10:00:00,-2163.3530055082915
07-26 11:00:00,-2408.2007559975314
07-26 12:00:00,-484.6774774502725
07-26 13:00:00,-987.6603070027654
07-26 14:00:00,-821.2274510975872
07-26 15:00:00,265.85535198864534
07-26 16:00:00,1337.5016414562663
07-26 17:00:00,2988.738143332626
07-26 18:00:00,4562.558544968604
07-26 19:00:00,4892.813409874778
07-26 20:00:00,3374.539618521867
07-26 21:00:00,3361.0371703129117
07-26 22:00:00,2775.3655062426014
07-26 23:00:00,2676.0400954509014
07-27 00:00:00,2569.375542390509
07-27 01:00:00,2553.5707065652928
07-27 02:00:00,2556.2696860568103
07-27 03:00:00,2586.185667007665
07-27 04:00:00,2755.952596757573
07-27 05:00:00,2422.431918294723
07-27 06:00:00,3518.12122527015
07-27 07:00:00,1431.1647226711043
07-27 08:00:00,-551.8586996561822
07-27 09:00:00,-1517.199962395421
07-27 10:00:00,-2100.9560871312897
07-27 11:00:00,-2302.0672273391656
07-27 12:00:00,-434.0258736312305
07-27 13:00:00,-929.5934103315487
07-27 14:00:00,-774.6840038180708
07-27 15:00:00,211.04358975583426
07-27 16:00:00,1208.407973616518
07-27 17:00:00,2828.4968620940317
07-27 18:00:00,4392.987798625716
07-27 19:00:00,4759.443901278837
07-27 20:00:00,3199.014531836407
07-27 21:00:00,3105.1896710010697
07-27 22:00:00,2534.0129367268582
07-27 23:00:00,2521.530937680259
07-28 00:00:00,2344.4452654414895
07-28 01:00:00,2295.1344550834774
07-28 02:00:00,2266.7747760634898
07-28 03:00:00,2262.4456498704835
07-28 04:00:00,2358.7099593835037
07-28 05:00:00,1852.6253928228182
07-28 06:00:00,2809.7392896431
07-28 07:00:00,696.6674209533134
07-28 08:00:00,-1212.412051886515
07-28 09:00:00,-2121.4950845457256
07-28 10:00:00,-2719.825667708342
07-28 11:00:00,-2939.6953992299827
07-28 12:00:00,-1057.5796161999046
07-28 13:00:00,-1601.3346943975428
07-28 14:00:00,-1477.5113346144303
07-28 15:00:00,-456.4144606295791
07-28 16:00:00,594.8080803480293
07-28 17:00:00,2347.577876394744
07-28 18:00:00,4085.5036701178997
07-28 19:00:00,4563.577233264539
07-28 20:00:00,3089.916281992046
07-28 21:00:00,3178.0235385664273
07-28 22:00:00,2560.6413108809693
07-28 23:00:00,2439.4379358489155
07-29 00:00:00,2229.437435635502
07-29 01:00:00,2188.1484788284465
07-29 02:00:00,2188.236427522126
07-29 03:00:00,2214.265475228344
07-29 04:00:00,2296.97096133646
07-29 05:00:00,1803.0175706060143
07-29 06:00:00,2640.2072365751296
07-29 07:00:00,372.13651223531707
07-29 08:00:00,-1645.0889796114172
07-29 09:00:00,-2623.5372599377383
07-29 10:00:00,-3215.07488199307
07-29 11:00:00,-3417.8799525537866
07-29 12:00:00,-1514.4962234290456
07-29 13:00:00,-1994.7458414046775
07-29 14:00:00,-1853.3598053408314
07-29 15:00:00,-774.0378945490639
07-29 16:00:00,307.9788092543461
07-29 17:00:00,2045.38883142884
07-29 18:00:00,3803.5091356161183
07-29 19:00:00,4315.9974978932005
07-29 20:00:00,2923.302932996221
07-29 21:00:00,2941.5977370650285
07-29 22:00:00,2352.216727886045
07-29 23:00:00,2259.3884267435974
07-30 00:00:00,2286.1916307568904
07-30 01:00:00,2270.5895363684253
07-30 02:00:00,2295.573868397504
07-30 03:00:00,2329.6253156826388
07-30 04:00:00,2479.6803126902064
07-30 05:00:00,2209.0739875178942
07-30 06:00:00,3162.694510029183
07-30 07:00:00,1110.5334768399139
07-30 08:00:00,-828.2595038734211
07-30 09:00:00,-1758.6833449575659
07-30 10:00:00,-2286.3389151911324
07-30 11:00:00,-2503.7675378407575
07-30 12:00:00,-601.2176972345011
07-30 13:00:00,-1113.6090469005883
07-30 14:00:00,-941.1622173208095
07-30 15:00:00,59.76205755875461
07-30 16:00:00,1167.0432120808093
07-30 17:00:00,2819.0746905273954
07-30 18:00:00,4456.603276144196
07-30 19:00:00,4773.5966149321885
07-30 20:00:00,3289.1340297547144
07-30 21:00:00,3273.6838028732577
07-30 22:00:00,2586.8520770025225
07-30 23:00:00,2551.7596641763635
07-31 00:00:00,2454.3404264579744
07-31 01:00:00,2423.0289054560435
07-31 02:00:00,2405.4929729998157
07-31 03:00:00,2422.910580473309
07-31 04:00:00,2536.424933694287
07-31 05:00:00,2312.6677369885065
07-31 06:00:00,3292.8016773797476
07-31 07:00:00,1234.9799180939706
07-31 08:00:00,-671.491501032199
07-31 09:00:00,-1563.271027695805
07-31 10:00:00,-2130.618076629277
07-31 11:00:00,-2385.6553261733634
07-31 12:00:00,-513.14347699684
07-31 13:00:00,-1025.4590644289613
07-31 14:00:00,-863.1556442286729
07-31 15:00:00,147.3161650487356
07-31 16:00:00,1192.1082657255781
07-31 17:00:00,2823.90064526401
07-31 18:00:00,4461.591948962954
07-31 19:00:00,4877.8025937758075
07-31 20:00:00,3386.684129353913
07-31 21:00:00,3316.880243428686
07-31 22:00:00,2748.3275599920435
07-31 23:00:00,2690.989053662872
08-01 00:00:00,2643.600531441602
08-01 01:00:00,2613.5850413442686
08-01 02:00:00,2612.0391305441353
08-01 03:00:00,2632.6968050058094
08-01 04:00:00,2792.35959566999
08-01 05:00:00,2834.4056840731746
08-01 06:00:00,4057.518607241965
08-01 07:00:00,2189.8377770770026
08-01 08:00:00,487.8315417466749
08-01 09:00:00,-454.7294489542588
08-01 10:00:00,-1073.6366981375324
08-01 11:00:00,-1367.7950502816539
08-01 12:00:00,408.0641014095252
08-01 13:00:00,-8.446696990782627
08-01 14:00:00,181.0332762234898
08-01 15:00:00,1328.7993875762752
08-01 16:00:00,2343.1023678396673
08-01 17:00:00,3608.6786990796113
08-01 18:00:00,5100.288288614046
08-01 19:00:00,5195.745638375264
08-01 20:00:00,3790.763385530336
08-01 21:00:00,3617.1145297271396
08-01 22:00:00,3016.343970092721
08-01 23:00:00,3007.442179565747
08-02 00:00:00,2851.237346043216
08-02 01:00:00,2796.0265839412286
08-02 02:00:00,2819.2368913088003
08-02 03:00:00,2833.069267094517
08-02 04:00:00,2999.0685876054126
08-02 05:00:00,2956.4547260293743
08-02 06:00:00,4320.156108854526
08-02 07:00:00,2308.1613209415345
08-02 08:00:00,553.7889474700926
08-02 09:00:00,-398.47323439819684
08-02 10:00:00,-1038.2401548619073
08-02 11:00:00,-1409.6442193855373
08-02 12:00:00,447.7517835632564
08-02 13:00:00,-61.04775883444704
08-02 14:00:00,167.3204071480535
08-02 15:00:00,1238.547295250906
08-02 16:00:00,2255.4304435103013
08-02 17:00:00,3511.601987874656
08-02 18:00:00,4949.589277518346
08-02 19:00:00,5083.904422366901
08-02 20:00:00,3641.037829842138
08-02 21:00:00,3468.4511288477984
08-02 22:00:00,2890.286880684785
08-02 23:00:00,2880.371337973274
08-03 00:00:00,2784.0698891770153
08-03 01:00:00,2743.1566126337293
08-03 02:00:00,2766.794592615377
08-03 03:00:00,2788.9189328497114
08-03 04:00:00,2944.8191735796277
08-03 05:00:00,3028.2149950330836
08-03 06:00:00,4201.7893030161395
08-03 07:00:00,2406.576927709078
08-03 08:00:00,508.9674149504868
08-03 09:00:00,-493.0980106381066
08-03 10:00:00,-1207.1708287726206
08-03 11:00:00,-1491.5473256643309
08-03 12:00:00,368.4277011492433
08-03 13:00:00,-56.51769009055286
08-03 14:00:00,258.55141262060744
08-03 15:00:00,1389.524485013975
08-03 16:00:00,2328.2160943056806
08-03 17:00:00,3802.690534722447
08-03 18:00:00,5127.362243443049
08-03 19:00:00,5238.085261353189
08-03 20:00:00,3601.181614884343
08-03 21:00:00,3630.2011099540905
08-03 22:00:00,3037.5027353392493
08-03 23:00:00,2988.809810044395
08-04 00:00:00,2683.518473342267
08-04 01:00:00,2642.9315284620848
08-04 02:00:00,2622.4322996338706
08-04 03:00:00,2609.406713864324
08-04 04:00:00,2695.0661956727
08-04 05:00:00,2465.81591496387
08-04 06:00:00,3509.4770924506624
08-04 07:00:00,1477.6752045706157
08-04 08:00:00,-515.7111946813744
08-04 09:00:00,-1421.9519385008857
08-04 10:00:00,-2092.7191190622925
08-04 11:00:00,-2422.249485367774
08-04 12:00:00,-586.8679563640027
08-04 13:00:00,-1000.5413271146682
08-04 14:00:00,-724.3609972601123
08-04 15:00:00,374.4715704751404
08-04 16:00:00,1453.8825623496455
08-04 17:00:00,3029.7566974244905
08-04 18:00:00,4623.9776278433155
08-04 19:00:00,4867.5396727292955
08-04 20:00:00,3307.808713882376
08-04 21:00:00,3341.452310654441
08-04 22:00:00,2669.8366821489276
08-04 23:00:00,2618.3415284143343
08-05 00:00:00,2411.746622936113
08-05 01:00:00,2348.5103905069045
08-05 02:00:00,2335.8190316605596
08-05 03:00:00,2316.252078525537
08-05 04:00:00,2389.5007967224033
08-05 05:00:00,2151.24896214528
08-05 06:00:00,3217.9459932784603
08-05 07:00:00,1054.9244269203061
08-05 08:00:00,-940.0703985121495
08-05 09:00:00,-1886.43723600005
08-05 10:00:00,-2531.7599972594985
08-05 11:00:00,-2860.0697696007414
08-05 12:00:00,-1010.7527077938337
08-05 13:00:00,-1431.9026739069457
08-05 14:00:00,-1161.7080841812115
08-05 15:00:00,-38.94721935049593
08-05 16:00:00,1100.247854794909
08-05 17:00:00,2651.9690264736737
08-05 18:00:00,4251.385115039562
08-05 19:00:00,4612.17347058399
08-05 20:00:00,3215.371329483917
08-05 21:00:00,3241.653895803942
08-05 22:00:00,2649.902031226636
08-05 23:00:00,2579.8685182463255
08-06 00:00:00,2659.2492913531796
08-06 01:00:00,2603.3262538791882
08-06 02:00:00,2586.256790041421
08-06 03:00:00,2605.7289205067186
08-06 04:00:00,2741.774658984813
08-06 05:00:00,2785.7168609399087
08-06 06:00:00,4085.472340285832
08-06 07:00:00,2132.981483735508
08-06 08:00:00,380.20537951320256
08-06 09:00:00,-555.0639095217796
08-06 10:00:00,-1175.7096541056792
08-06 11:00:00,-1465.4931840796394
08-06 12:00:00,416.40126769638096
08-06 13:00:00,-47.783649600228955
08-06 14:00:00,124.37424033805983
08-06 15:00:00,1151.8356850857351
08-06 16:00:00,2181.826535613139
08-06 17:00:00,3486.3407205096782
08-06 18:00:00,4802.922144245631
08-06 19:00:00,4952.198924279816
08-06 20:00:00,3548.5518799669458
08-06 21:00:00,3351.312981894136
08-06 22:00:00,2839.388186667932
08-06 23:00:00,2734.3156107287487
08-07 00:00:00,2651.2588460230522
08-07 01:00:00,2607.6899001692764
08-07 02:00:00,2614.4119152600533
08-07 03:00:00,2635.751277692098
08-07 04:00:00,2772.8945209850735
08-07 05:00:00,2818.9216397674727
08-07 06:00:00,4088.1306867745234
08-07 07:00:00,2102.1847949104017
08-07 08:00:00,370.574322939286
08-07 09:00:00,-585.6845320938515
08-07 10:00:00,-1209.0646001438333
08-07 11:00:00,-1494.3523589668243
08-07 12:00:00,393.64454486857403
08-07 13:00:00,-2.9411255260480687
08-07 14:00:00,329.1019376680066
08-07 15:00:00,1481.1444113709279
08-07 16:00:00,2480.219669786449
08-07 17:00:00,3784.343897239132
08-07 18:00:00,5106.685070464578
08-07 19:00:00,5368.147405262899
08-07 20:00:00,3612.4421774575735
08-07 21:00:00,3485.0926715948754
08-07 22:00:00,3038.895868442627
08-07 23:00:00,2875.8333746201756
08-08 00:00:00,2746.4763142548886
08-08 01:00:00,2703.611550301425
08-08 02:00:00,2668.4378334874496
08-08 03:00:00,2687.1184934097514
08-08 04:00:00,2830.0322708955805
08-08 05:00:00,2883.856330135019
08-08 06:00:00,4179.777314109458
08-08 07:00:00,2410.400705874648
08-08 08:00:00,523.1830559960326
08-08 09:00:00,-356.69233864989206
08-08 10:00:00,-911.4472416572797
08-08 11:00:00,-1157.3351752923973
08-08 12:00:00,675.0053504051868
08-08 13:00:00,169.59777688521194
08-08 14:00:00,385.00628494758377
08-08 15:00:00,1388.6747415873313
08-08 16:00:00,2312.5914959017314
08-08 17:00:00,3597.624151799833
08-08 18:00:00,4945.4035635509845
08-08 19:00:00,5148.653223435354
08-08 20:00:00,3732.4501342316394
08-08 21:00:00,3457.141797355239
08-08 22:00:00,2896.759295693581
08-08 23:00:00,2811.1415391612004
08-09 00:00:00,2702.2400078749083
08-09 01:00:00,2673.218734887048
08-09 02:00:00,2664.9113504583056
08-09 03:00:00,2679.768286638424
08-09 04:00:00,2844.0792616010654
08-09 05:00:00,2904.889758284463
08-09 06:00:00,4264.940812769758
08-09 07:00:00,2182.412512663541
08-09 08:00:00,484.93939433714695
08-09 09:00:00,-484.34557707597605
08-09 10:00:00,-1146.4261623163716
08-09 11:00:00,-1479.494859149646
08-09 12:00:00,399.42675833378576
08-09 13:00:00,-42.53489629720171
08-09 14:00:00,155.12134402128635
08-09 15:00:00,1247.648937562164
08-09 16:00:00,2228.596862707521
08-09 17:00:00,3474.130591070758
08-09 18:00:00,5020.378187875762
08-09 19:00:00,5017.062231679859
08-09 20:00:00,3383.963155433086
08-09 21:00:00,3311.4188555146793
08-09 22:00:00,2705.4656932467824
08-09 23:00:00,2760.0635571158546
08-10 00:00:00,2648.1310358178207
08-10 01:00:00,2623.315860748046
08-10 02:00:00,2642.341150016834
08-10 03:00:00,2679.0404878900094
08-10 04:00:00,2818.7370902200805
08-10 05:00:00,2935.6893131872976
08-10 06:00:00,4243.735702329618
08-10 07:00:00,2140.7510448486637
08-10 08:00:00,346.2281560147764
08-10 09:00:00,-638.0516191687032
08-10 10:00:00,-1284.156649678506
08-10 11:00:00,-1580.4703292913389
08-10 12:00:00,293.0726438371235
08-10 13:00:00,-147.4836292549543
08-10 14:00:00,9.65071977566592
08-10 15:00:00,1095.137954717698
08-10 16:00:00,2093.3203090414436
08-10 17:00:00,3289.0610972503828
08-10 18:00:00,4759.913746958148
08-10 19:00:00,5040.914205021319
08-10 20:00:00,3207.035464788972
08-10 21:00:00,3273.1613527874397
08-10 22:00:00,2680.589665415868
08-10 23:00:00,2629.0213718410646
08-11 00:00:00,2375.3693857275844
08-11 01:00:00,2329.567696203488
08-11 02:00:00,2324.832335197932
08-11 03:00:00,2326.5805885435666
08-11 04:00:00,2409.0059706772663
08-11 05:00:00,2146.4714623898144
08-11 06:00:00,3267.261319493437
08-11 07:00:00,1136.9845165112051
08-11 08:00:00,-821.8910506689576
08-11 09:00:00,-1720.0015764763425
08-11 10:00:00,-2327.366381326307
08-11 11:00:00,-2632.7861637582655
08-11 12:00:00,-791.6586115568849
08-11 13:00:00,-1214.3565864126476
08-11 14:00:00,-992.9851648076309
08-11 15:00:00,101.78866651774268
08-11 16:00:00,1171.433560133666
08-11 17:00:00,2754.9918392909126
08-11 18:00:00,4303.250227224248
08-11 19:00:00,4558.31679764363
08-11 20:00:00,3028.8915363010287
08-11 21:00:00,3039.981650610274
08-11 22:00:00,2473.2131206909867
08-11 23:00:00,2344.5989070727223
08-12 00:00:00,2217.9830697295315
08-12 01:00:00,2172.3056226854233
08-12 02:00:00,2160.587461738334
08-12 03:00:00,2169.0262479635044
08-12 04:00:00,2212.2000474146084
08-12 05:00:00,1960.1749374413832
08-12 06:00:00,3001.218189585481
08-12 07:00:00,800.8761290242488
08-12 08:00:00,-1201.8037099395808
08-12 09:00:00,-2093.992897194979
08-12 10:00:00,-2691.1044220002814
08-12 11:00:00,-2952.4913426519734
08-12 12:00:00,-1067.6441135648265
08-12 13:00:00,-1510.236301520135
08-12 14:00:00,-1255.917651862749
08-12 15:00:00,-127.62381022644666
08-12 16:00:00,946.0112331348778
08-12 17:00:00,2543.629096150903
08-12 18:00:00,4139.7953283449415
08-12 19:00:00,4474.296647683552
08-12 20:00:00,2988.5912882521575
08-12 21:00:00,2983.1094521457567
08-12 22:00:00,2393.7008330367858
08-12 23:00:00,2258.511394561924
08-13 00:00:00,2374.8044373765856
08-13 01:00:00,2340.0485197028966
08-13 02:00:00,2346.0805986629466
08-13 03:00:00,2365.0597877161067
08-13 04:00:00,2515.8151791001364
08-13 05:00:00,2547.969331326181
08-13 06:00:00,3859.147398349709
08-13 07:00:00,2138.036172247648
08-13 08:00:00,284.6883394121591
08-13 09:00:00,-594.2178009773015
08-13 10:00:00,-1189.9537296342976
08-13 11:00:00,-1485.2935198678547
08-13 12:00:00,402.93768599990295
08-13 13:00:00,-21.044728631901535
08-13 14:00:00,175.86780709045053
08-13 15:00:00,1242.1846016295146
08-13 16:00:00,2221.1963027531674
08-13 17:00:00,3617.473863872392
08-13 18:00:00,4761.890801590859
08-13 19:00:00,4862.026969329839
08-13 20:00:00,3266.7459875434947
08-13 21:00:00,3294.1591825781948
08-13 22:00:00,2650.73618688401
08-13 23:00:00,2580.592153021932
08-14 00:00:00,2447.8130273900633
08-14 01:00:00,2386.6288281972397
08-14 02:00:00,2376.679272493347
08-14 03:00:00,2406.2717087881656
08-14 04:00:00,2554.9110480026393
08-14 05:00:00,2532.4004508041266
08-14 06:00:00,3888.885826438622
08-14 07:00:00,2189.9897040264086
08-14 08:00:00,307.49456503699525
08-14 09:00:00,-580.1355223387734
08-14 10:00:00,-1177.2669440896354
08-14 11:00:00,-1491.3378600530962
08-14 12:00:00,361.86726539031326
08-14 13:00:00,-50.32742134926406
08-14 14:00:00,158.79803895226758
08-14 15:00:00,1242.8198200444808
08-14 16:00:00,2263.3321867269947
08-14 17:00:00,3465.1785740090218
08-14 18:00:00,5054.373227891317
08-14 19:00:00,4906.430728333379
08-14 20:00:00,3277.5842620370768
08-14 21:00:00,3211.8145400558765
08-14 22:00:00,2593.8770174860624
08-14 23:00:00,2611.137597368599
08-15 00:00:00,2458.5393756532003
08-15 01:00:00,2399.313095044275
08-15 02:00:00,2388.617006342957
08-15 03:00:00,2398.3016222070296
08-15 04:00:00,2545.210044585612
08-15 05:00:00,2515.2928873085916
08-15 06:00:00,3814.0147613767836
08-15 07:00:00,2174.495148979299
08-15 08:00:00,324.72773043633805
08-15 09:00:00,-626.8457843264337
08-15 10:00:00,-1180.2157766642138
08-15 11:00:00,-1478.002531304802
08-15 12:00:00,354.7713093374631
08-15 13:00:00,-87.07403112813
08-15 14:00:00,168.8304548270582
08-15 15:00:00,1275.5033438862715
08-15 16:00:00,2228.6256246160274
08-15 17:00:00,3479.728405056784
08-15 18:00:00,4828.730586395881
08-15 19:00:00,5092.327380574161
08-15 20:00:00,3308.274415406446
08-15 21:00:00,3317.244175994557
08-15 22:00:00,2638.4548964543933
08-15 23:00:00,2615.434167366027
08-16 00:00:00,2455.3643137385093
08-16 01:00:00,2411.076781631588
08-16 02:00:00,2414.6198400316734
08-16 03:00:00,2521.7813577571023
08-16 04:00:00,2650.0768324381165
08-16 05:00:00,2709.292222099558
08-16 06:00:00,3927.7552085910347
08-16 07:00:00,2256.4231501035647
08-16 08:00:00,420.78242610668246
08-16 09:00:00,-459.6301012209976
08-16 10:00:00,-1004.0090997320846
08-16 11:00:00,-1288.0815283530035
08-16 12:00:00,617.3790526027769
08-16 13:00:00,189.62340571161087
08-16 14:00:00,420.53106478354925
08-16 15:00:00,1466.438956526368
08-16 16:00:00,2416.9447493973985
08-16 17:00:00,3642.390176525005
08-16 18:00:00,5026.384501030447
08-16 19:00:00,5171.509709879417
08-16 20:00:00,3718.1055549172734
08-16 21:00:00,3503.472571891315
08-16 22:00:00,2945.4433748182287
08-16 23:00:00,2812.393192365926
08-17 00:00:00,2664.7005000081217
08-17 01:00:00,2723.5490697729647
08-17 02:00:00,2780.992622669321
08-17 03:00:00,2787.738212927874
08-17 04:00:00,2938.393863781747
08-17 05:00:00,2974.335010996131
08-17 06:00:00,4413.957267195931
08-17 07:00:00,2416.691058189812
08-17 08:00:00,671.1857576459729
08-17 09:00:00,-260.10057117927823
08-17 10:00:00,-942.640948823629
08-17 11:00:00,-1286.2912700842244
08-17 12:00:00,525.550563231687
08-17 13:00:00,32.89272681259524
08-17 14:00:00,179.74690080190607
08-17 15:00:00,1273.8132689421795
08-17 16:00:00,2266.8568118494068
08-17 17:00:00,3536.9546862359985
08-17 18:00:00,4954.01112543177
08-17 19:00:00,5251.870515045232
08-17 20:00:00,3446.6808138042184
08-17 21:00:00,3360.617258400671
08-17 22:00:00,2830.695803786023
08-17 23:00:00,2836.4822571421646
08-18 00:00:00,2619.8131332310604
08-18 01:00:00,2562.9261095027123
08-18 02:00:00,2547.8278614688
08-18 03:00:00,2536.214847954332
08-18 04:00:00,2612.5624396234753
08-18 05:00:00,2364.168708169384
08-18 06:00:00,3470.224802129649
08-18 07:00:00,1412.6099897346323
08-18 08:00:00,-566.5948452043602
08-18 09:00:00,-1516.8376743174506
08-18 10:00:00,-2161.67563021858
08-18 11:00:00,-2474.106245881378
08-18 12:00:00,-677.9579031973349
08-18 13:00:00,-1155.1070470215254
08-18 14:00:00,-968.3346683433049
08-18 15:00:00,128.12185545478638
08-18 16:00:00,1230.4637750204347
08-18 17:00:00,2809.9930490265288
08-18 18:00:00,4446.8637072727215
08-18 19:00:00,4708.8012898373145
08-18 20:00:00,3199.7786207477357
08-18 21:00:00,3209.7246450718244
08-18 22:00:00,2632.9886665927293
08-18 23:00:00,2508.922053342871
08-19 00:00:00,2279.484583505657
08-19 01:00:00,2221.8883224432575
08-19 02:00:00,2201.345214276509
08-19 03:00:00,2203.3801232960595
08-19 04:00:00,2286.020215130223
08-19 05:00:00,2062.8338597224993
08-19 06:00:00,3126.8019912084906
08-19 07:00:00,937.0188135178392
08-19 08:00:00,-1107.0272162219571
08-19 09:00:00,-2062.5562002067913
08-19 10:00:00,-2673.0496580197137
08-19 11:00:00,-2966.115525199532
08-19 12:00:00,-1090.3276319479198
08-19 13:00:00,-1496.8311847883272
08-19 14:00:00,-1288.9983215599425
08-19 15:00:00,-174.2150049728169
08-19 16:00:00,906.5030881481913
08-19 17:00:00,2451.4049572288573
08-19 18:00:00,4118.262844554236
08-19 19:00:00,4470.980006768416
08-19 20:00:00,3013.9979225762263
08-19 21:00:00,3027.0373310447053
08-19 22:00:00,2463.7159013267105
08-19 23:00:00,2378.1403485088454
08-20 00:00:00,2492.281065295099
08-20 01:00:00,2454.39010921062
08-20 02:00:00,2461.8236862610397
08-20 03:00:00,2524.457251025724
08-20 04:00:00,2677.4366145470303
08-20 05:00:00,2617.879099461865
08-20 06:00:00,4152.919691302527
08-20 07:00:00,2082.810264246687
08-20 08:00:00,342.78145062938285
08-20 09:00:00,-658.0939793154934
08-20 10:00:00,-1195.5079994961666
08-20 11:00:00,-1494.0867720169738
08-20 12:00:00,380.80511175395225
08-20 13:00:00,-55.58782065271912
08-20 14:00:00,141.6571165337238
08-20 15:00:00,1244.378361695492
08-20 16:00:00,2191.8826749097457
08-20 17:00:00,3620.0728754323836
08-20 18:00:00,4792.560593925446
08-20 19:00:00,4904.640212715682
08-20 20:00:00,3303.464740138805
08-20 21:00:00,3221.9150767150722
08-20 22:00:00,2728.3878956533053
08-20 23:00:00,2668.1799659185303
08-21 00:00:00,2591.63552479297
08-21 01:00:00,2565.8868407700043
08-21 02:00:00,2549.5866685463807
08-21 03:00:00,2553.6852869198087
08-21 04:00:00,2717.3478326531445
08-21 05:00:00,2804.709820501266
08-21 06:00:00,4052.786031347161
08-21 07:00:00,2263.538241576462
08-21 08:00:00,313.15645404394434
08-21 09:00:00,-584.3243487747081
08-21 10:00:00,-1182.6546315721575
08-21 11:00:00,-1464.6367514242324
08-21 12:00:00,405.8855235477589
08-21 13:00:00,-24.320790977877195
08-21 14:00:00,200.99817059021558
08-21 15:00:00,1308.188099026493
08-21 16:00:00,2271.2963429643614
08-21 17:00:00,3683.96661855849
08-21 18:00:00,4926.079674505965
08-21 19:00:00,5015.699423391975
08-21 20:00:00,3369.9067585957973
08-21 21:00:00,3370.5869603886026
08-21 22:00:00,2747.7786436936817
08-21 23:00:00,2637.5831532956877
08-22 00:00:00,2535.874879850653
08-22 01:00:00,2462.1848444875536
08-22 02:00:00,2507.0309453040104
08-22 03:00:00,2542.0609705009015
08-22 04:00:00,2711.650266267837
08-22 05:00:00,2763.285260144592
08-22 06:00:00,4012.0226863559633
08-22 07:00:00,2344.941512566937
08-22 08:00:00,464.5812405954101
08-22 09:00:00,-443.11249747927286
08-22 10:00:00,-1070.4385016794256
08-22 11:00:00,-1357.546729138532
08-22 12:00:00,503.9089966855011
08-22 13:00:00,70.14667158120507
08-22 14:00:00,271.5629681972618
08-22 15:00:00,1475.9772720237086
08-22 16:00:00,2484.2215119019793
08-22 17:00:00,3915.703919832287
08-22 18:00:00,5156.422117796765
08-22 19:00:00,5270.149916281222
08-22 20:00:00,3685.2021189151296
08-22 21:00:00,3662.8290626703065
08-22 22:00:00,3052.6752290215513
08-22 23:00:00,2959.3855718330406
08-23 00:00:00,2817.525613824179
08-23 01:00:00,2757.137836540431
08-23 02:00:00,2749.9531915333646
08-23 03:00:00,2735.9871536815017
08-23 04:00:00,2896.442378312283
08-23 05:00:00,2798.7492703349358
08-23 06:00:00,4193.700160803899
08-23 07:00:00,2441.3243741813426
08-23 08:00:00,539.6862653753018
08-23 09:00:00,-380.36619652303796
08-23 10:00:00,-999.7597587312292
08-23 11:00:00,-1288.6449436003147
08-23 12:00:00,547.1054901637176
08-23 13:00:00,89.15193772838649
08-23 14:00:00,302.31938687087296
08-23 15:00:00,1419.6672345784946
08-23 16:00:00,2402.6574200569494
08-23 17:00:00,3663.8304128458826
08-23 18:00:00,4999.9258836480685
08-23 19:00:00,5224.7001697046535
08-23 20:00:00,3695.417428599442
08-23 21:00:00,3594.8452583598614
08-23 22:00:00,2967.981739862776
08-23 23:00:00,2846.483909558736
08-24 00:00:00,2706.8275331082523
08-24 01:00:00,2687.691813177796
08-24 02:00:00,2709.7637554136404
08-24 03:00:00,2709.2722331837685
08-24 04:00:00,2831.5719105092226
08-24 05:00:00,2802.031101450012
08-24 06:00:00,4298.8270510089515
08-24 07:00:00,2351.5195550552144
08-24 08:00:00,615.0187238568898
08-24 09:00:00,-287.52298680763096
08-24 10:00:00,-933.6902308538766
08-24 11:00:00,-1240.3374444645417
08-24 12:00:00,632.1664605464001
08-24 13:00:00,199.05378743426132
08-24 14:00:00,327.83916120369383
08-24 15:00:00,1390.138008134284
08-24 16:00:00,2371.065212641504
08-24 17:00:00,3777.8093162100677
08-24 18:00:00,4987.2623872569175
08-24 19:00:00,5150.69208338558
08-24 20:00:00,3505.744306621907
08-24 21:00:00,3383.742528954694
08-24 22:00:00,2948.4927445110216
08-24 23:00:00,2881.5070283574014
08-25 00:00:00,2588.564816858258
08-25 01:00:00,2534.427593748552
08-25 02:00:00,2497.5575205827754
08-25 03:00:00,2496.6242731561033
08-25 04:00:00,2563.4031844539427
08-25 05:00:00,2370.2789409143065
08-25 06:00:00,3471.520542899453
08-25 07:00:00,1422.5246581019217
08-25 08:00:00,-522.9526537615933
08-25 09:00:00,-1447.218133806208
08-25 10:00:00,-2101.7446958560777
08-25 11:00:00,-2437.784344628806
08-25 12:00:00,-556.4804734562487
08-25 13:00:00,-1023.8292486485693
08-25 14:00:00,-814.1317518987503
08-25 15:00:00,263.32292476269777
08-25 16:00:00,1298.0102569829976
08-25 17:00:00,2903.2864742083075
08-25 18:00:00,4479.347565033502
08-25 19:00:00,4753.2855599245095
08-25 20:00:00,3242.0705056245465
08-25 21:00:00,3294.1475540070137
08-25 22:00:00,2815.374054908225
08-25 23:00:00,2668.1903252007396
08-26 00:00:00,2481.018656527295
08-26 01:00:00,2437.6637874795124
08-26 02:00:00,2428.2534201131784
08-26 03:00:00,2435.1348381789526
08-26 04:00:00,2505.025163401018
08-26 05:00:00,2300.305482250844
08-26 06:00:00,3332.595019951175
08-26 07:00:00,1111.0428407426225
08-26 08:00:00,-970.9484549548463
08-26 09:00:00,-1929.014081627907
08-26 10:00:00,-2621.4965766701584
08-26 11:00:00,-2933.5674613548804
08-26 12:00:00,-1071.2033423952273
08-26 13:00:00,-1554.616147199406
08-26 14:00:00,-1284.4666894415454
08-26 15:00:00,-152.7827998132063
08-26 16:00:00,985.8511041734062
08-26 17:00:00,2556.5165443595097
08-26 18:00:00,4203.17776217049
08-26 19:00:00,4587.319659584556
08-26 20:00:00,3137.8208609298013
08-26 21:00:00,3205.2329489360545
08-26 22:00:00,2617.363477725226
08-26 23:00:00,2511.822696899767
08-27 00:00:00,2626.1309513070605
08-27 01:00:00,2600.810451290597
08-27 02:00:00,2615.8306216283722
08-27 03:00:00,2647.788725275603
08-27 04:00:00,2817.147778046904
08-27 05:00:00,2758.3791219090044
08-27 06:00:00,4354.69322459399
08-27 07:00:00,2326.183867529859
08-27 08:00:00,575.0145962051514
08-27 09:00:00,-418.0469124183743
08-27 10:00:00,-1062.0515036739357
08-27 11:00:00,-1375.8089651663247
08-27 12:00:00,452.066179734533
08-27 13:00:00,25.61981627757693
08-27 14:00:00,195.8490319112883
08-27 15:00:00,1310.5948187161068
08-27 16:00:00,2287.4475168156805
08-27 17:00:00,3553.9810054342647
08-27 18:00:00,5104.609442457716
08-27 19:00:00,5160.206606646542
08-27 20:00:00,3530.4441697756592
08-27 21:00:00,3467.954121450281
08-27 22:00:00,2950.3581416033894
08-27 23:00:00,2971.6725976114553
08-28 00:00:00,2826.0909806759096
08-28 01:00:00,2800.711845477313
08-28 02:00:00,2791.956082794507
08-28 03:00:00,2822.000316579578
08-28 04:00:00,2986.749834714598
08-28 05:00:00,3062.675350652654
08-28 06:00:00,4305.1294521499985
08-28 07:00:00,2587.015891328192
08-28 08:00:00,705.3356533041231
08-28 09:00:00,-214.2027283746856
08-28 10:00:00,-871.8147862913452
08-28 11:00:00,-1202.989113951934
08-28 12:00:00,612.3024109845036
08-28 13:00:00,174.7221640735347
08-28 14:00:00,501.41391516438074
08-28 15:00:00,1673.2566215433446
08-28 16:00:00,2668.8272145907213
08-28 17:00:00,3892.8592256439542
08-28 18:00:00,5269.377714629888
08-28 19:00:00,5542.581206781671
08-28 20:00:00,3706.6881730185623
08-28 21:00:00,3584.9544327898907
08-28 22:00:00,3107.291427122472
08-28 23:00:00,3016.0827755322116
08-29 00:00:00,2912.9126616950803
08-29 01:00:00,2875.4286726831997
08-29 02:00:00,2858.8336398120778
08-29 03:00:00,2864.0286788946237
08-29 04:00:00,2997.8085872250376
08-29 05:00:00,3032.039379392427
08-29 06:00:00,4372.85928976521
08-29 07:00:00,2414.896622784139
08-29 08:00:00,714.4670697368963
08-29 09:00:00,-182.38873555656212
08-29 10:00:00,-803.68765978704
08-29 11:00:00,-1148.6825216832867
08-29 12:00:00,644.0669732358155
08-29 13:00:00,259.7092688234045
08-29 14:00:00,479.62138798243564
08-29 15:00:00,1578.5595975641972
08-29 16:00:00,2553.793714193459
08-29 17:00:00,3782.5677345071485
08-29 18:00:00,5349.603668603534
08-29 19:00:00,5227.087726763142
08-29 20:00:00,3620.8827796047995
08-29 21:00:00,3490.131021956147
08-29 22:00:00,2895.443893779577
08-29 23:00:00,2925.8668541506927
08-30 00:00:00,2828.5774306416
08-30 01:00:00,2779.466624951501
08-30 02:00:00,2772.0843036521887
08-30 03:00:00,2775.809177690026
08-30 04:00:00,2933.3082939399455
08-30 05:00:00,2978.7526561234
08-30 06:00:00,4243.5540723046415
08-30 07:00:00,2506.809473569055
08-30 08:00:00,626.0750470435654
08-30 09:00:00,-341.92174718226045
08-30 10:00:00,-945.1560935853844
08-30 11:00:00,-1253.8392450450692
08-30 12:00:00,598.4771777933265
08-30 13:00:00,104.71642103914886
08-30 14:00:00,263.89157990037586
08-30 15:00:00,1332.9754022583688
08-30 16:00:00,2293.6474252786934
08-30 17:00:00,3611.098198696365
08-30 18:00:00,4953.560324412756
08-30 19:00:00,5294.058434482418
08-30 20:00:00,3526.470849149929
08-30 21:00:00,3432.042730715532
08-30 22:00:00,2828.2561761156608
08-30 23:00:00,2864.189919086743
08-31 00:00:00,2746.612280470095
08-31 01:00:00,2697.6838565595062
08-31 02:00:00,2684.794185922786
08-31 03:00:00,2676.9010436642525
08-31 04:00:00,2825.9077753795227
08-31 05:00:00,2910.382907911347
08-31 06:00:00,4169.195609164203
08-31 07:00:00,2467.397486760213
08-31 08:00:00,497.0920889384254
08-31 09:00:00,-408.2769487986551
08-31 10:00:00,-1070.1838311708623
08-31 11:00:00,-1460.061542079541
08-31 12:00:00,400.1772849517157
08-31 13:00:00,-54.336409506203736
08-31 14:00:00,90.49457308179505
08-31 15:00:00,1186.0483814077134
08-31 16:00:00,2208.1130907761253
08-31 17:00:00,3458.7765970491296
08-31 18:00:00,4925.58541329802
08-31 19:00:00,5059.616871175389
08-31 20:00:00,3623.3269204282838
08-31 21:00:00,3429.0985782948255
08-31 22:00:00,3023.149148184396
08-31 23:00:00,2934.0036659054067
09-01 00:00:00,2648.088134897774
09-01 01:00:00,2593.440875443964
09-01 02:00:00,2588.1940686208222
09-01 03:00:00,2591.3519785009876
09-01 04:00:00,2683.84005431555
09-01 05:00:00,2864.034972223362
09-01 06:00:00,3910.556703490491
09-01 07:00:00,1902.481559904006
09-01 08:00:00,-88.07949342716107
09-01 09:00:00,-1203.7309629337901
09-01 10:00:00,-1895.9707468426313
09-01 11:00:00,-2184.001478825457
09-01 12:00:00,-365.228515413876
09-01 13:00:00,-656.5001358473662
09-01 14:00:00,-344.89734065141727
09-01 15:00:00,812.8232950270645
09-01 16:00:00,1836.8394958172275
09-01 17:00:00,3216.246347692295
09-01 18:00:00,4666.51139947567
09-01 19:00:00,4744.33436036797
09-01 20:00:00,3201.517152666888
09-01 21:00:00,3220.255610911818
09-01 22:00:00,2728.4904404054523
09-01 23:00:00,2681.41661896535
09-02 00:00:00,2449.6470204525644
09-02 01:00:00,2417.2360148303096
09-02 02:00:00,2408.657310284451
09-02 03:00:00,2407.609715097068
09-02 04:00:00,2511.718781638253
09-02 05:00:00,2681.0371274571594
09-02 06:00:00,3709.5097996514846
09-02 07:00:00,1598.3856780089216
09-02 08:00:00,-445.0600743241351
09-02 09:00:00,-1570.1351964011658
09-02 10:00:00,-2293.3305004578233
09-02 11:00:00,-2610.0413472532905
09-02 12:00:00,-726.4545736460433
09-02 13:00:00,-1022.8419754443468
09-02 14:00:00,-691.6541196164823
09-02 15:00:00,460.42506298424024
09-02 16:00:00,1531.4522182389364
09-02 17:00:00,2864.137523917745
09-02 18:00:00,4289.956533520663
09-02 19:00:00,4406.953262996308
09-02 20:00:00,2982.9510403029703
09-02 21:00:00,3075.3993584546997
09-02 22:00:00,2581.3838114175505
09-02 23:00:00,2442.157118441026
09-03 00:00:00,2614.3132825955427
09-03 01:00:00,2601.5940838267347
09-03 02:00:00,2628.725853277861
09-03 03:00:00,2663.214344155544
09-03 04:00:00,2810.1337033093628
09-03 05:00:00,3320.7710123432057
09-03 06:00:00,4485.638063069902
09-03 07:00:00,2977.829838916468
09-03 08:00:00,1083.7230115752432
09-03 09:00:00,-69.57314569995296
09-03 10:00:00,-768.9534923890027
09-03 11:00:00,-1042.1317746529962
09-03 12:00:00,841.3722731690419
09-03 13:00:00,543.8698401805784
09-03 14:00:00,834.4302822420077
09-03 15:00:00,2045.5289557832157
09-03 16:00:00,2941.780129379405
09-03 17:00:00,3851.8567414913146
09-03 18:00:00,5210.763159767509
09-03 19:00:00,4893.643698782727
09-03 20:00:00,3319.639946314883
09-03 21:00:00,3440.154758722073
09-03 22:00:00,2836.8512300123803
09-03 23:00:00,2816.5287192144615
09-04 00:00:00,2724.7765342603707
09-04 01:00:00,2695.1732793659207
09-04 02:00:00,2709.1902904611056
09-04 03:00:00,2721.7741671119857
09-04 04:00:00,2886.022958640681
09-04 05:00:00,3338.296257064855
09-04 06:00:00,4662.1532881856865
09-04 07:00:00,2780.922003352143
09-04 08:00:00,1095.5234025692857
09-04 09:00:00,-96.24972371165187
09-04 10:00:00,-708.8829472800048
09-04 11:00:00,-944.5336695412162
09-04 12:00:00,915.319320257742
09-04 13:00:00,663.4919917817833
09-04 14:00:00,973.38595986629
09-04 15:00:00,2158.391060740749
09-04 16:00:00,3088.5752372270736
09-04 17:00:00,3974.722851867091
09-04 18:00:00,5397.787263586856
09-04 19:00:00,5087.693652563304
09-04 20:00:00,3387.7508422922624
09-04 21:00:00,3352.8157980201745
09-04 22:00:00,2842.6990005088796
09-04 23:00:00,2853.944550446092
09-05 00:00:00,2757.6789264888707
09-05 01:00:00,2721.444444090694
09-05 02:00:00,2729.490898578368
09-05 03:00:00,2734.1913745681413
09-05 04:00:00,2879.2364962314814
09-05 05:00:00,3200.912276947271
09-05 06:00:00,4562.61608450941
09-05 07:00:00,2911.358153375028
09-05 08:00:00,1057.776506710056
09-05 09:00:00,-73.61668525018139
09-05 10:00:00,-719.3205805386294
09-05 11:00:00,-955.4619621793817
09-05 12:00:00,937.4894568891016
09-05 13:00:00,695.9807188705992
09-05 14:00:00,998.1721827179664
09-05 15:00:00,2177.2729616548118
09-05 16:00:00,3135.9695908994563
09-05 17:00:00,4062.4281632559173
09-05 18:00:00,5377.5018574686455
09-05 19:00:00,5012.677339607969
09-05 20:00:00,3423.2140165435544
09-05 21:00:00,3357.766854403851
09-05 22:00:00,2929.103890069619
09-05 23:00:00,2827.253373652549
09-06 00:00:00,2714.8595307923392
09-06 01:00:00,2684.6945040781275
09-06 02:00:00,2697.605205771307
09-06 03:00:00,2732.784039552565
09-06 04:00:00,2895.013396559395
09-06 05:00:00,3286.987942819373
09-06 06:00:00,4637.318025425489
09-06 07:00:00,2720.5267017083825
09-06 08:00:00,1058.1583634849744
09-06 09:00:00,-26.259490215575852
09-06 10:00:00,-700.3742414838331
09-06 11:00:00,-930.248478632945
09-06 12:00:00,970.837393140717
09-06 13:00:00,663.0974320744928
09-06 14:00:00,1025.326470870737
09-06 15:00:00,2151.5744166551176
09-06 16:00:00,3088.1715901987086
09-06 17:00:00,4220.932834081698
09-06 18:00:00,5143.964599095077
09-06 19:00:00,4962.486245297822
09-06 20:00:00,3350.8395894646223
09-06 21:00:00,3427.012211124758
09-06 22:00:00,2929.0776024973834
09-06 23:00:00,2823.9532433933687
09-07 00:00:00,2691.68306547483
09-07 01:00:00,2678.78441048165
09-07 02:00:00,2669.0983176298505
09-07 03:00:00,2695.916698214483
09-07 04:00:00,2871.1458167879305
09-07 05:00:00,3318.303233677008
09-07 06:00:00,4621.531816158085
09-07 07:00:00,2757.4441829779284
09-07 08:00:00,1094.163349028923
09-07 09:00:00,-14.608437659814882
09-07 10:00:00,-685.7703953880238
09-07 11:00:00,-1009.8896551924335
09-07 12:00:00,920.2754979600098
09-07 13:00:00,599.5144790761274
09-07 14:00:00,943.3456871201655
09-07 15:00:00,2089.357522680087
09-07 16:00:00,2988.5525466404006
09-07 17:00:00,3920.129384180779
09-07 18:00:00,5023.224727634762
09-07 19:00:00,4958.115885262118
09-07 20:00:00,3585.1853805232618
09-07 21:00:00,3315.6647643959914
09-07 22:00:00,2918.057351573765
09-07 23:00:00,2806.297165931354
09-08 00:00:00,2516.1911247731364
09-08 01:00:00,2457.3672651942334
09-08 02:00:00,2448.8221103212536
09-08 03:00:00,2446.562506201524
09-08 04:00:00,2550.7866150862455
09-08 05:00:00,2752.2697607085634
09-08 06:00:00,3846.366843642006
09-08 07:00:00,1799.1134222080698
09-08 08:00:00,-216.9290454933373
09-08 09:00:00,-1330.7071360475063
09-08 10:00:00,-1975.7009448701974
09-08 11:00:00,-2258.253920372918
09-08 12:00:00,-338.3162597762689
09-08 13:00:00,-627.5741869926087
09-08 14:00:00,-271.66060918479974
09-08 15:00:00,877.1691555988863
09-08 16:00:00,1863.2914106730148
09-08 17:00:00,3232.5799493419327
09-08 18:00:00,4604.301216218208
09-08 19:00:00,4600.469734876337
09-08 20:00:00,3085.587512991066
09-08 21:00:00,3079.3460477858907
09-08 22:00:00,2495.384491318936
09-08 23:00:00,2394.584478920117
09-09 00:00:00,2183.9567400397623
09-09 01:00:00,2127.6508489441394
09-09 02:00:00,2098.220520009442
09-09 03:00:00,2133.524696188731
09-09 04:00:00,2248.953159836647
09-09 05:00:00,2428.1431142403085
09-09 06:00:00,3462.466080861667
09-09 07:00:00,1405.7489052294109
09-09 08:00:00,-564.3512085025561
09-09 09:00:00,-1752.6498363537746
09-09 10:00:00,-2325.2832565049343
09-09 11:00:00,-2550.194997949253
09-09 12:00:00,-683.2492866596616
09-09 13:00:00,-973.2236204020091
09-09 14:00:00,-639.303520938545
09-09 15:00:00,582.7875162270062
09-09 16:00:00,1579.6447503702386
09-09 17:00:00,2961.54819229802
09-09 18:00:00,4384.712907798533
09-09 19:00:00,4472.19467044488
09-09 20:00:00,3040.574812796805
09-09 21:00:00,3119.2143736261028
09-09 22:00:00,2518.122592569402
09-09 23:00:00,2406.0949557581735
09-10 00:00:00,2578.685028761293
09-10 01:00:00,2564.1132464213124
09-10 02:00:00,2565.0156036082735
09-10 03:00:00,2600.7481374654935
09-10 04:00:00,2759.925683549071
09-10 05:00:00,3174.4331386861154
09-10 06:00:00,4396.405953340602
09-10 07:00:00,2644.432457488255
09-10 08:00:00,902.0919152912234
09-10 09:00:00,-213.10336488975577
09-10 10:00:00,-818.1616037203643
09-10 11:00:00,-1062.4036037342212
09-10 12:00:00,850.7301939208163
09-10 13:00:00,545.1564129198654
09-10 14:00:00,883.5320058840786
09-10 15:00:00,2000.551709699635
09-10 16:00:00,2957.4273244715723
09-10 17:00:00,3963.3897671067625
09-10 18:00:00,5363.753159846227
09-10 19:00:00,5027.055491183942
09-10 20:00:00,3434.2119857980033
09-10 21:00:00,3391.9863869658666
09-10 22:00:00,2842.7084050340736
09-10 23:00:00,2851.057804593479
09-11 00:00:00,2715.6705444359654
09-11 01:00:00,2691.0049571446834
09-11 02:00:00,2662.907084002029
09-11 03:00:00,2664.2449625123463
09-11 04:00:00,2823.0940503135266
09-11 05:00:00,3312.86850007529
09-11 06:00:00,4524.841139790004
09-11 07:00:00,2759.387124958924
09-11 08:00:00,1109.6521800700166
09-11 09:00:00,-37.40867758480856
09-11 10:00:00,-632.3419758224737
09-11 11:00:00,-870.6415372803515
09-11 12:00:00,972.5471157889672
09-11 13:00:00,741.3916480796636
09-11 14:00:00,1017.459221876095
09-11 15:00:00,2225.7268466641503
09-11 16:00:00,3128.56661047165
09-11 17:00:00,4003.33298735668
09-11 18:00:00,5432.655363548125
09-11 19:00:00,5105.532645468081
09-11 20:00:00,3451.0809156506293
09-11 21:00:00,3253.454183427193
09-11 22:00:00,2710.3120223624023
09-11 23:00:00,2774.403249132712
09-12 00:00:00,2688.389758727958
09-12 01:00:00,2687.356911385483
09-12 02:00:00,2691.3430171904315
09-12 03:00:00,2717.5161963689625
09-12 04:00:00,2863.821100720491
09-12 05:00:00,3275.345038638899
09-12 06:00:00,4478.094560986359
09-12 07:00:00,3063.140883495906
09-12 08:00:00,1159.446650217909
09-12 09:00:00,89.17944324237462
09-12 10:00:00,-600.4162749031315
09-12 11:00:00,-835.8966752546523
09-12 12:00:00,993.2777875102609
09-12 13:00:00,664.8458775527738
09-12 14:00:00,1022.2833903499434
09-12 15:00:00,2171.1324022583326
09-12 16:00:00,3080.3925181949476
09-12 17:00:00,4050.164561084557
09-12 18:00:00,5393.528809528379
09-12 19:00:00,5023.191495566198
09-12 20:00:00,3422.575964580204
09-12 21:00:00,3540.3680253929124
09-12 22:00:00,3000.01793287909
09-12 23:00:00,2866.0289537232597
09-13 00:00:00,2753.247749534271
09-13 01:00:00,2700.795463659663
09-13 02:00:00,2692.3043278743216
09-13 03:00:00,2697.067128510512
09-13 04:00:00,2861.707751547389
09-13 05:00:00,3267.7100638070556
09-13 06:00:00,4722.225345144004
09-13 07:00:00,2819.6164263375026
09-13 08:00:00,1104.6233734651496
09-13 09:00:00,-18.660837967590183
09-13 10:00:00,-683.7310441442055
09-13 11:00:00,-914.0518420556008
09-13 12:00:00,951.1334020138478
09-13 13:00:00,676.7778693674704
09-13 14:00:00,928.2506742599811
09-13 15:00:00,2129.6948178179523
09-13 16:00:00,3021.9466875600438
09-13 17:00:00,3857.0633459591804
09-13 18:00:00,5271.505311907527
09-13 19:00:00,4931.10417986746
09-13 20:00:00,3278.817217600603
09-13 21:00:00,3437.287230409366
09-13 22:00:00,2840.7679852059127
09-13 23:00:00,2723.458815692609
09-14 00:00:00,2636.5176390391593
09-14 01:00:00,2590.322037781115
09-14 02:00:00,2601.637738099533
09-14 03:00:00,2594.9097398515537
09-14 04:00:00,2749.138992268369
09-14 05:00:00,3279.6726240632456
09-14 06:00:00,4421.69815747355
09-14 07:00:00,2968.4605305447003
09-14 08:00:00,1018.3609726575396
09-14 09:00:00,-132.80290691142488
09-14 10:00:00,-756.5945567195251
09-14 11:00:00,-1042.6569110849657
09-14 12:00:00,819.4219382478537
09-14 13:00:00,541.7222735279655
09-14 14:00:00,839.377087536728
09-14 15:00:00,1974.8314544173875
09-14 16:00:00,2869.660799808187
09-14 17:00:00,3750.525634309659
09-14 18:00:00,4922.367540639475
09-14 19:00:00,5075.565489827831
09-14 20:00:00,3262.071644996017
09-14 21:00:00,3336.256163342872
09-14 22:00:00,2697.3537325072957
09-14 23:00:00,2584.5054554928665
09-15 00:00:00,2286.140483082292
09-15 01:00:00,2254.1267733722816
09-15 02:00:00,2242.0730048354053
09-15 03:00:00,2241.4154432624186
09-15 04:00:00,2320.22265185629
09-15 05:00:00,2480.3467372056925
09-15 06:00:00,3570.674344308652
09-15 07:00:00,1641.028576037587
09-15 08:00:00,-323.2093532211207
09-15 09:00:00,-1401.5621570360963
09-15 10:00:00,-2111.773835853441
09-15 11:00:00,-2317.365713437337
09-15 12:00:00,-421.62192461835383
09-15 13:00:00,-699.7577599609891
09-15 14:00:00,-367.93113359675556
09-15 15:00:00,818.0976739018053
09-15 16:00:00,1828.2560450319334
09-15 17:00:00,3187.9830568331895
09-15 18:00:00,4587.611719972032
09-15 19:00:00,4633.208043863846
09-15 20:00:00,3031.1192352246353
09-15 21:00:00,3102.267642756836
09-15 22:00:00,2516.916708430209
09-15 23:00:00,2422.8433290495886
09-16 00:00:00,2177.593316510325
09-16 01:00:00,2104.5854508155867
09-16 02:00:00,2077.9330377740202
09-16 03:00:00,2074.5066678382414
09-16 04:00:00,2164.195486741335
09-16 05:00:00,2335.334749575652
09-16 06:00:00,3376.6849947883125
09-16 07:00:00,1329.2174629909289
09-16 08:00:00,-680.2746728041928
09-16 09:00:00,-1752.1564433530477
09-16 10:00:00,-2392.337926638539
09-16 11:00:00,-2669.462752745059
09-16 12:00:00,-735.9646141059801
09-16 13:00:00,-983.8883845548727
09-16 14:00:00,-622.766525362799
09-16 15:00:00,605.1866698697031
09-16 16:00:00,1640.5227830974097
09-16 17:00:00,3045.80184864957
09-16 18:00:00,4414.285182089411
09-16 19:00:00,4551.330421069808
09-16 20:00:00,3115.562842539606
09-16 21:00:00,3144.374291374004
09-16 22:00:00,2608.1324257320966
09-16 23:00:00,2460.6076974708476
09-17 00:00:00,2629.3947083417693
09-17 01:00:00,2594.0767375188148
09-17 02:00:00,2606.0978141281494
09-17 03:00:00,2638.401271348164
09-17 04:00:00,2785.1777445204
09-17 05:00:00,3232.1482574166616
09-17 06:00:00,4628.866492600141
09-17 07:00:00,3039.752443688187
09-17 08:00:00,1164.9041176506312
09-17 09:00:00,80.00370140400604
09-17 10:00:00,-571.1948217115199
09-17 11:00:00,-863.3958379481303
09-17 12:00:00,990.5545880708646
09-17 13:00:00,652.1507362477483
09-17 14:00:00,952.0647336353094
09-17 15:00:00,2089.0746904396888
09-17 16:00:00,3013.8635363233884
09-17 17:00:00,3995.6549560157905
09-17 18:00:00,5124.0006011194055
09-17 19:00:00,5357.397038449473
09-17 20:00:00,3459.835884492719
09-17 21:00:00,3440.7811688018683
09-17 22:00:00,2994.0729895484146
09-17 23:00:00,2900.478559158534
09-18 00:00:00,2793.43014224759
09-18 01:00:00,2768.2614322252934
09-18 02:00:00,2783.1952786339884
09-18 03:00:00,2815.1424458139313
09-18 04:00:00,2982.121098741867
09-18 05:00:00,3357.722722035875
09-18 06:00:00,4666.715295674458
09-18 07:00:00,3248.8497994569557
09-18 08:00:00,1292.401946975708
09-18 09:00:00,196.64195054533906
09-18 10:00:00,-501.26122540682485
09-18 11:00:00,-843.3765598654742
09-18 12:00:00,982.1771075231236
09-18 13:00:00,664.0854990214798
09-18 14:00:00,987.3443815534325
09-18 15:00:00,2137.131874487771
09-18 16:00:00,3067.0475654358793
09-18 17:00:00,4044.966562490552
09-18 18:00:00,5450.901326418663
09-18 19:00:00,5154.989925126331
09-18 20:00:00,3498.8397441234983
09-18 21:00:00,3403.10592673097
09-18 22:00:00,3016.637478258869
09-18 23:00:00,2956.03120316778
09-19 00:00:00,2850.2402632097424
09-19 01:00:00,2814.761212821624
09-19 02:00:00,2815.5442189239775
09-19 03:00:00,2835.0315201624294
09-19 04:00:00,3001.046985945025
09-19 05:00:00,3318.6405082371625
09-19 06:00:00,4967.353246054028
09-19 07:00:00,2892.0792224121474
09-19 08:00:00,1342.9395855698722
09-19 09:00:00,290.53378304667893
09-19 10:00:00,-352.05928789881875
09-19 11:00:00,-571.6799475971575
09-19 12:00:00,1329.464829629898
09-19 13:00:00,1090.270184638848
09-19 14:00:00,1403.2298383627399
09-19 15:00:00,2595.6675243074183
09-19 16:00:00,3523.1120302660925
09-19 17:00:00,4474.149438518051
09-19 18:00:00,5641.9421322380895
09-19 19:00:00,5500.813605943804
09-19 20:00:00,4074.549856721949
09-19 21:00:00,3770.539633723983
09-19 22:00:00,3293.0787237689387
09-19 23:00:00,3152.093574041851
09-20 00:00:00,3021.6379140967742
09-20 01:00:00,2967.0336850257436
09-20 02:00:00,2950.786908364234
09-20 03:00:00,2951.7700211164865
09-20 04:00:00,3093.670973885819
09-20 05:00:00,3600.709151385768
09-20 06:00:00,4822.669315257653
09-20 07:00:00,3099.660087955866
09-20 08:00:00,1461.3574407408391
09-20 09:00:00,360.32731536675345
09-20 10:00:00,-353.585084026672
09-20 11:00:00,-622.4886996303444
09-20 12:00:00,1202.1268491507478
09-20 13:00:00,904.8617278338272
09-20 14:00:00,1220.014016151786
09-20 15:00:00,2402.2199676110663
09-20 16:00:00,3341.365303877818
09-20 17:00:00,4541.253390373859
09-20 18:00:00,5413.720058161405
09-20 19:00:00,5323.651703216567
09-20 20:00:00,3621.547195004532
09-20 21:00:00,3566.1841922569793
09-20 22:00:00,3114.077815500142
09-20 23:00:00,3024.5415711774594
09-21 00:00:00,2876.196789420438
09-21 01:00:00,2822.2785186836545
09-21 02:00:00,2800.270738527117
09-21 03:00:00,2793.6976302104995
09-21 04:00:00,2988.6618900785165
09-21 05:00:00,3377.530685728842
09-21 06:00:00,4688.583209063976
09-21 07:00:00,3318.947374200159
09-21 08:00:00,1331.9193692024342
09-21 09:00:00,188.02058218170652
09-21 10:00:00,-516.1161404589125
09-21 11:00:00,-826.9085600817855
09-21 12:00:00,1045.8769725125562
09-21 13:00:00,723.6359508986823
09-21 14:00:00,1042.603444958186
09-21 15:00:00,2203.0705842415787
09-21 16:00:00,3087.1457335764226
09-21 17:00:00,4356.224136616541
09-21 18:00:00,5268.168932254715
09-21 19:00:00,5136.98662781028
09-21 20:00:00,3489.7376209941103
09-21 21:00:00,3500.201011599812
09-21 22:00:00,3107.4409225045943
09-21 23:00:00,3007.1682907716195
09-22 00:00:00,2735.694399875934
09-22 01:00:00,2717.976827614366
09-22 02:00:00,2712.250162545319
09-22 03:00:00,2711.212096152647
09-22 04:00:00,2819.005366417384
09-22 05:00:00,3024.6996833294415
09-22 06:00:00,4069.2879969939554
09-22 07:00:00,2100.057813556469
09-22 08:00:00,141.75976462124726
09-22 09:00:00,-966.703173942589
09-22 10:00:00,-1715.082232108789
09-22 11:00:00,-2002.9034289884287
09-22 12:00:00,-184.0432465665921
09-22 13:00:00,-497.33356667567415
09-22 14:00:00,-195.06606123400883
09-22 15:00:00,1000.310348016653
09-22 16:00:00,2000.4764667425068
09-22 17:00:00,3385.4791831667294
09-22 18:00:00,4808.719757560939
09-22 19:00:00,4909.006011901477
09-22 20:00:00,3363.417970231914
09-22 21:00:00,3390.773242260799
09-22 22:00:00,2827.6047803633523
09-22 23:00:00,2834.954615103229
09-23 00:00:00,2607.8328184397305
09-23 01:00:00,2567.5079204276535
09-23 02:00:00,2552.4333031121723
09-23 03:00:00,2572.4049220798574
09-23 04:00:00,2660.6843514534776
09-23 05:00:00,2822.8784884017223
09-23 06:00:00,3822.9129052466224
09-23 07:00:00,1786.4928296548437
09-23 08:00:00,-292.12672134157646
09-23 09:00:00,-1439.635503541295
09-23 10:00:00,-2114.706289402229
09-23 11:00:00,-2353.595326266514
09-23 12:00:00,-506.86371709848555
09-23 13:00:00,-830.7274640098117
09-23 14:00:00,-539.3757970720236
09-23 15:00:00,639.8531681339458
09-23 16:00:00,1647.6763284234291
09-23 17:00:00,3079.88262432609
09-23 18:00:00,4504.199153871649
09-23 19:00:00,4586.341883634986
09-23 20:00:00,3207.684477031494
09-23 21:00:00,3248.463424501019
09-23 22:00:00,2707.047363451221
09-23 23:00:00,2610.354716484972
09-24 00:00:00,2779.72217225299
09-24 01:00:00,2754.058498265035
09-24 02:00:00,2756.577304811555
09-24 03:00:00,2786.85807129836
09-24 04:00:00,2941.599544776624
09-24 05:00:00,3303.2677356891736
09-24 06:00:00,4655.854963940541
09-24 07:00:00,3210.292590838832
09-24 08:00:00,1288.0851732992878
09-24 09:00:00,63.553422408106584
09-24 10:00:00,-664.7020410816547
09-24 11:00:00,-967.3633359457974
09-24 12:00:00,825.4048698296972
09-24 13:00:00,566.2493299920262
09-24 14:00:00,877.1821033375483
09-24 15:00:00,2049.4691634409373
09-24 16:00:00,2983.436727660051
09-24 17:00:00,3907.796151497659
09-24 18:00:00,5050.784028817264
09-24 19:00:00,5341.144731458888
09-24 20:00:00,3436.0350459779834
09-24 21:00:00,3419.2962949055895
09-24 22:00:00,2846.091463104325
09-24 23:00:00,2926.6028036406665
09-25 00:00:00,2792.432000546641
09-25 01:00:00,2736.259657154936
09-25 02:00:00,2747.762574091496
09-25 03:00:00,2777.226584663179
09-25 04:00:00,2944.8639879584994
09-25 05:00:00,3273.1400228423868
09-25 06:00:00,4922.388780138051
09-25 07:00:00,2917.708578962114
09-25 08:00:00,1231.5733311714428
09-25 09:00:00,37.24440829964854
09-25 10:00:00,-674.3500394249572
09-25 11:00:00,-964.4924066167727
09-25 12:00:00,887.3377389144753
09-25 13:00:00,606.0980569435034
09-25 14:00:00,954.3332355713464
09-25 15:00:00,2133.728539716515
09-25 16:00:00,3053.9446659108653
09-25 17:00:00,3934.8641833265897
09-25 18:00:00,5192.427100187858
09-25 19:00:00,5031.555909064343
09-25 20:00:00,3593.68042460739
09-25 21:00:00,3261.9999182793263
09-25 22:00:00,2829.241951641861
09-25 23:00:00,2722.452117004959
09-26 00:00:00,2569.174037457935
09-26 01:00:00,2536.7202531917924
09-26 02:00:00,2550.6523718949406
09-26 03:00:00,2594.8095947385996
09-26 04:00:00,2808.318029554656
09-26 05:00:00,3261.700913436682
09-26 06:00:00,4532.075055316339
09-26 07:00:00,2812.9706389072608
09-26 08:00:00,1108.5057385198
09-26 09:00:00,-24.370246903051154
09-26 10:00:00,-641.2814492954695
09-26 11:00:00,-903.6161532747885
09-26 12:00:00,942.5589673048875
09-26 13:00:00,666.4927898364044
09-26 14:00:00,970.3452617893943
09-26 15:00:00,2155.9286005653516
09-26 16:00:00,3096.082766637848
09-26 17:00:00,4010.3592929698298
09-26 18:00:00,5159.704852085551
09-26 19:00:00,5106.513676525686
09-26 20:00:00,3679.4625906441643
09-26 21:00:00,3470.7549642471727
09-26 22:00:00,2882.1029503665463
09-26 23:00:00,2942.268794924858
09-27 00:00:00,2810.80295457226
09-27 01:00:00,2741.5845555260535
09-27 02:00:00,2716.3031582508493
09-27 03:00:00,2717.4418252871073
09-27 04:00:00,2882.895904828625
09-27 05:00:00,3349.3786291071697
09-27 06:00:00,4667.130019236576
09-27 07:00:00,2946.227306058467
09-27 08:00:00,1237.204540645315
09-27 09:00:00,77.03227606976806
09-27 10:00:00,-628.4640526829248
09-27 11:00:00,-926.3279987085573
09-27 12:00:00,928.0722766618128
09-27 13:00:00,637.7665555729874
09-27 14:00:00,968.8073022887752
09-27 15:00:00,2114.7567756105254
09-27 16:00:00,3040.618978855849
09-27 17:00:00,4029.4774981309743
09-27 18:00:00,5135.096178920024
09-27 19:00:00,5335.88906579696
09-27 20:00:00,3468.6180318019924
09-27 21:00:00,3387.6101557313973
09-27 22:00:00,2799.9492924391297
09-27 23:00:00,2840.6617246869555
09-28 00:00:00,2706.837376149728
09-28 01:00:00,2611.7324591706106
09-28 02:00:00,2607.0128109253014
09-28 03:00:00,2692.5012582122845
09-28 04:00:00,2875.63065963853
09-28 05:00:00,3361.747878159097
09-28 06:00:00,4859.409294112211
09-28 07:00:00,2935.613797351611
09-28 08:00:00,1348.7653105810593
09-28 09:00:00,267.52579865215705
09-28 10:00:00,-430.2140567532896
09-28 11:00:00,-686.4003153915862
09-28 12:00:00,1137.3160931139882
09-28 13:00:00,862.4376424417256
09-28 14:00:00,1091.8699188910907
09-28 15:00:00,2299.5414411099277
09-28 16:00:00,3211.5475332065816
09-28 17:00:00,4161.237732044818
09-28 18:00:00,5553.317533628208
09-28 19:00:00,5154.042578897237
09-28 20:00:00,3474.9042228140643
09-28 21:00:00,3370.3160201781016
09-28 22:00:00,2847.3313244886353
09-28 23:00:00,2944.1918590694886
09-29 00:00:00,2555.4151614959146
09-29 01:00:00,2494.224662406416
09-29 02:00:00,2487.066126939416
09-29 03:00:00,2478.382176680467
09-29 04:00:00,2580.4280371537593
09-29 05:00:00,2776.6551704547037
09-29 06:00:00,3866.7497331729255
09-29 07:00:00,1944.6415654781235
09-29 08:00:00,-1.3715681822122576
09-29 09:00:00,-1102.913053310548
09-29 10:00:00,-1819.5257706561588
09-29 11:00:00,-2123.439601328566
09-29 12:00:00,-243.11337607818285
09-29 13:00:00,-524.8387517770033
09-29 14:00:00,-266.03920972301734
09-29 15:00:00,924.075202857184
09-29 16:00:00,2001.1958421934921
09-29 17:00:00,3448.3002029053637
09-29 18:00:00,4868.19644933017
09-29 19:00:00,4951.480451138352
09-29 20:00:00,3444.799373230058
09-29 21:00:00,3494.8198601968516
09-29 22:00:00,2914.7471961636916
09-29 23:00:00,2817.3479256471533
09-30 00:00:00,2594.032719362056
09-30 01:00:00,2556.840827710766
09-30 02:00:00,2542.3478781110466
09-30 03:00:00,2525.8655915647396
09-30 04:00:00,2598.547585831876
09-30 05:00:00,2778.188471714425
09-30 06:00:00,3867.725049231697
09-30 07:00:00,1818.2319145127592
09-30 08:00:00,-224.7685052487389
09-30 09:00:00,-1390.2448514142964
09-30 10:00:00,-2101.0205626318016
09-30 11:00:00,-2370.5986924351837
09-30 12:00:00,-509.5011224505665
09-30 13:00:00,-804.6456911180869
09-30 14:00:00,-497.2118359720817
09-30 15:00:00,712.274816765044
09-30 16:00:00,1814.1968915864907
09-30 17:00:00,3232.215952991684
09-30 18:00:00,4624.586115959359
09-30 19:00:00,4780.831875735028
09-30 20:00:00,3369.0194003579613
09-30 21:00:00,3420.3011675089606
09-30 22:00:00,2885.2566682808388
09-30 23:00:00,2814.7320156044334
10-01 00:00:00,2888.6086005911716
10-01 01:00:00,2868.934540825787
10-01 02:00:00,2900.835003181669
10-01 03:00:00,2912.598951215656
10-01 04:00:00,3110.966811038366
10-01 05:00:00,3642.3453062385224
10-01 06:00:00,5236.897785764826
10-01 07:00:00,3947.9492347120713
10-01 08:00:00,2088.3659390863213
10-01 09:00:00,976.0932096111975
10-01 10:00:00,157.93466733592504
10-01 11:00:00,-123.24618829049682
10-01 12:00:00,1705.6014833271456
10-01 13:00:00,1459.5663238774982
10-01 14:00:00,1763.6225199706807
10-01 15:00:00,2770.4738404349237
10-01 16:00:00,3504.2409656267682
10-01 17:00:00,4496.658970118893
10-01 18:00:00,5214.428854878251
10-01 19:00:00,5210.37680650621
10-01 20:00:00,3521.474715936898
10-01 21:00:00,3534.919649291613
10-01 22:00:00,3020.596813442912
10-01 23:00:00,2859.197494342234
10-02 00:00:00,2753.2064526392987
10-02 01:00:00,2705.0412552433
10-02 02:00:00,2686.171106979666
10-02 03:00:00,2673.9064665047576
10-02 04:00:00,2832.6919479282096
10-02 05:00:00,3281.317960105366
10-02 06:00:00,5008.246584878144
10-02 07:00:00,3734.227501123823
10-02 08:00:00,1957.9727284720889
10-02 09:00:00,864.8618823384094
10-02 10:00:00,66.94868265179699
10-02 11:00:00,-241.2178971240508
10-02 12:00:00,1642.9540010190087
10-02 13:00:00,1375.0096056875384
10-02 14:00:00,1703.572110854051
10-02 15:00:00,2717.213842638675
10-02 16:00:00,3459.6699534166755
10-02 17:00:00,4357.717515217351
10-02 18:00:00,5307.526159748865
10-02 19:00:00,5187.809269084076
10-02 20:00:00,3412.693458030968
10-02 21:00:00,3384.95387596031
10-02 22:00:00,2828.2779019705495
10-02 23:00:00,2715.4678244682173
10-03 00:00:00,2588.0376257554444
10-03 01:00:00,2519.9598363827417
10-03 02:00:00,2615.880839974789
10-03 03:00:00,2618.194766422809
10-03 04:00:00,2785.9496452707785
10-03 05:00:00,3190.1692173070087
10-03 06:00:00,4903.738572739574
10-03 07:00:00,3624.5464182263127
10-03 08:00:00,1834.174280853549
10-03 09:00:00,740.4200689630958
10-03 10:00:00,-24.65643162973879
10-03 11:00:00,-300.31488404617767
10-03 12:00:00,1634.055085956071
10-03 13:00:00,1389.15386714781
10-03 14:00:00,1702.8374948335804
10-03 15:00:00,2682.0994071162067
10-03 16:00:00,3444.1457253232034
10-03 17:00:00,4259.990011017691
10-03 18:00:00,5313.468552081386
10-03 19:00:00,5109.550378150723
10-03 20:00:00,3432.210933031763
10-03 21:00:00,3409.815891653181
10-03 22:00:00,2843.563134336318
10-03 23:00:00,2947.0763693691847
10-04 00:00:00,2836.7329735408275
10-04 01:00:00,2777.174848154193
10-04 02:00:00,2775.739684026687
10-04 03:00:00,2798.4110259416707
10-04 04:00:00,2970.4036026801773
10-04 05:00:00,3417.0254773588485
10-04 06:00:00,5124.408524498528
10-04 07:00:00,3933.1159866720163
10-04 08:00:00,2180.5296208321097
10-04 09:00:00,1109.4957959478863
10-04 10:00:00,429.12409565941
10-04 11:00:00,148.36800854718288
10-04 12:00:00,2043.5885661013426
10-04 13:00:00,1745.8316008286633
10-04 14:00:00,2064.9601748789964
10-04 15:00:00,3054.2497117026646
10-04 16:00:00,3770.196780841855
10-04 17:00:00,4636.261217605716
10-04 18:00:00,5441.371744593305
10-04 19:00:00,5284.461965755222
10-04 20:00:00,3738.3387848442835
10-04 21:00:00,3572.410251598592
10-04 22:00:00,3042.6264685737765
10-04 23:00:00,2998.6390812127984
10-05 00:00:00,2851.769508508904
10-05 01:00:00,2798.8979546371297
10-05 02:00:00,2793.9562126330316
10-05 03:00:00,2805.3941997577977
10-05 04:00:00,2975.0843731048953
10-05 05:00:00,3499.5751614675373
10-05 06:00:00,5115.8073057435
10-05 07:00:00,3846.7964242220496
10-05 08:00:00,2056.7680685171595
10-05 09:00:00,1001.9739766238444
10-05 10:00:00,282.63871079168223
10-05 11:00:00,-0.29664700958814194
10-05 12:00:00,1950.8144834815776
10-05 13:00:00,1690.798319665133
10-05 14:00:00,2022.7053462514766
10-05 15:00:00,2998.174606441771
10-05 16:00:00,3704.749201097266
10-05 17:00:00,4542.488001337207
10-05 18:00:00,5478.691965324751
10-05 19:00:00,5299.411575072296
10-05 20:00:00,3592.2490497682893
10-05 21:00:00,3504.143360766762
10-05 22:00:00,2992.617189000475
10-05 23:00:00,3010.8780473276624
10-06 00:00:00,2698.2266939659135
10-06 01:00:00,2653.391443134099
10-06 02:00:00,2652.0536119378175
10-06 03:00:00,2672.172734516394
10-06 04:00:00,2776.5791007605585
10-06 05:00:00,2955.2591895343257
10-06 06:00:00,4440.512090483434
10-06 07:00:00,2897.4265518861307
10-06 08:00:00,1134.5750486418995
10-06 09:00:00,53.77921601887881
10-06 10:00:00,-702.0939879481383
10-06 11:00:00,-995.8434373638917
10-06 12:00:00,1027.6144802581553
10-06 13:00:00,705.694716894223
10-06 14:00:00,1197.4735557035763
10-06 15:00:00,2189.719758969463
10-06 16:00:00,2991.0464288691423
10-06 17:00:00,4137.97148035564
10-06 18:00:00,5127.7820126808565
10-06 19:00:00,5173.307965488631
10-06 20:00:00,3567.666389205963
10-06 21:00:00,3621.0921596363296
10-06 22:00:00,3028.371562457935
10-06 23:00:00,2944.0672872131104
10-07 00:00:00,2727.632167219861
10-07 01:00:00,2644.9079314597807
10-07 02:00:00,2614.563905663946
10-07 03:00:00,2598.242441190579
10-07 04:00:00,2687.92741454668
10-07 05:00:00,2880.536705299983
10-07 06:00:00,4319.073758160476
10-07 07:00:00,2626.8702619578294
10-07 08:00:00,724.5373472709302
10-07 09:00:00,-338.90884029388667
10-07 10:00:00,-1088.3515804146946
10-07 11:00:00,-1347.7226930952368
10-07 12:00:00,651.20977971868
10-07 13:00:00,380.0700618285668
10-07 14:00:00,701.5546875518181
10-07 15:00:00,1779.2843398828943
10-07 16:00:00,2576.3677759963784
10-07 17:00:00,3737.1909952436704
10-07 18:00:00,4742.379377211925
10-07 19:00:00,4825.248996218844
10-07 20:00:00,3406.8762696862805
10-07 21:00:00,3488.3078356379665
10-07 22:00:00,2925.6277661732533
10-07 23:00:00,2840.302518229672
10-08 00:00:00,2957.4068241010345
10-08 01:00:00,2950.8613115446947
10-08 02:00:00,2942.613375353079
10-08 03:00:00,2973.955325545149
10-08 04:00:00,3176.2156586900164
10-08 05:00:00,3571.77639322365
10-08 06:00:00,5261.138048082029
10-08 07:00:00,4051.6083928497783
10-08 08:00:00,2198.66335422387
10-08 09:00:00,1097.1784292826226
10-08 10:00:00,345.29253362852904
10-08 11:00:00,45.05975754161359
10-08 12:00:00,1948.8738713647826
10-08 13:00:00,1652.4449248773929
10-08 14:00:00,1915.7432030722425
10-08 15:00:00,2984.1154244029035
10-08 16:00:00,3686.3567924293798
10-08 17:00:00,4519.127546582704
10-08 18:00:00,5239.151946825652
10-08 19:00:00,5179.440974767615
10-08 20:00:00,3802.6198200873805
10-08 21:00:00,3589.3260667631184
10-08 22:00:00,3121.837065064374
10-08 23:00:00,3005.4064966147625
10-09 00:00:00,2930.8644547792574
10-09 01:00:00,2936.4743415545454
10-09 02:00:00,2934.7474595473313
10-09 03:00:00,2933.956045449577
10-09 04:00:00,3085.0474893431965
10-09 05:00:00,3458.042554113441
10-09 06:00:00,5195.670908360051
10-09 07:00:00,3998.8588378991676
10-09 08:00:00,2182.5148122323517
10-09 09:00:00,1143.1386445184194
10-09 10:00:00,468.750857925243
10-09 11:00:00,172.1084199866295
10-09 12:00:00,2101.3911984732695
10-09 13:00:00,1847.8636312676442
10-09 14:00:00,2154.852436263976
10-09 15:00:00,3116.3013440800282
10-09 16:00:00,3838.1356036036623
10-09 17:00:00,4832.05741547486
10-09 18:00:00,5518.481003124503
10-09 19:00:00,5427.714779564445
10-09 20:00:00,3844.4797502422334
10-09 21:00:00,3843.655878935602
10-09 22:00:00,3231.8886174095824
10-09 23:00:00,3260.1798889214906
10-10 00:00:00,3173.4119627816754
10-10 01:00:00,3146.8014406013294
10-10 02:00:00,3145.4226843084334
10-10 03:00:00,3124.3689083822724
10-10 04:00:00,3269.012845752618
10-10 05:00:00,3747.011688753854
10-10 06:00:00,5340.792759917445
10-10 07:00:00,4165.342821458242
10-10 08:00:00,2377.1937385210676
10-10 09:00:00,1287.155894797168
10-10 10:00:00,551.3163630664186
10-10 11:00:00,222.53042096601823
10-10 12:00:00,2165.3465485385086
10-10 13:00:00,1829.6789546364002
10-10 14:00:00,2215.183736530801
10-10 15:00:00,3265.6606424181878
10-10 16:00:00,4075.7960131287746
10-10 17:00:00,4971.0129094006625
10-10 18:00:00,5753.433970069386
10-10 19:00:00,5870.25618179101
10-10 20:00:00,4048.611533049697
10-10 21:00:00,4036.056594297562
10-10 22:00:00,3506.505520262573
10-10 23:00:00,3483.444160106279
10-11 00:00:00,3376.106464627972
10-11 01:00:00,3355.847404343404
10-11 02:00:00,3364.457445450176
10-11 03:00:00,3398.575836702785
10-11 04:00:00,3563.9440670136055
10-11 05:00:00,4022.086911198062
10-11 06:00:00,5821.230451847
10-11 07:00:00,4304.3912249603345
10-11 08:00:00,2551.1161372752667
10-11 09:00:00,1380.6857476740158
10-11 10:00:00,611.0383579610343
10-11 11:00:00,251.06548181760633
10-11 12:00:00,2149.9422744384597
10-11 13:00:00,1870.2646467692618
10-11 14:00:00,2154.362141802489
10-11 15:00:00,3202.3569245437075
10-11 16:00:00,3931.928972839202
10-11 17:00:00,4996.05814787415
10-11 18:00:00,5579.375104373613
10-11 19:00:00,5529.7849649436175
10-11 20:00:00,3915.2658849390086
10-11 21:00:00,3900.2626657594365
10-11 22:00:00,3278.0811383986434
10-11 23:00:00,3323.498137018561
10-12 00:00:00,3215.1529795024294
10-12 01:00:00,3178.3019487864876
10-12 02:00:00,3206.913458501376
10-12 03:00:00,3236.9422394994876
10-12 04:00:00,3397.6914896729227
10-12 05:00:00,3788.290612292849
10-12 06:00:00,5600.114819778405
10-12 07:00:00,4105.184920025888
10-12 08:00:00,2416.8074864667396
10-12 09:00:00,1367.6772261915123
10-12 10:00:00,584.5857635978257
10-12 11:00:00,280.6272820299513
10-12 12:00:00,2186.110933644855
10-12 13:00:00,1911.8291472408034
10-12 14:00:00,2207.4822667155963
10-12 15:00:00,3157.1352945833
10-12 16:00:00,3875.2750679902283
10-12 17:00:00,4710.105243068675
10-12 18:00:00,5593.65074886925
10-12 19:00:00,5586.6133363619265
10-12 20:00:00,3781.4191707242535
10-12 21:00:00,3767.240528460269
10-12 22:00:00,3235.1619524290572
10-12 23:00:00,3224.0542663909887
10-13 00:00:00,2927.2265121951204
10-13 01:00:00,2863.875281606357
10-13 02:00:00,2852.6136642748747
10-13 03:00:00,2863.717639031635
10-13 04:00:00,2966.1694625310533
10-13 05:00:00,3182.768779511725
10-13 06:00:00,4591.072128973272
10-13 07:00:00,3084.699861081002
10-13 08:00:00,1255.8174754114868
10-13 09:00:00,178.6872892757128
10-13 10:00:00,-586.9400407753245
10-13 11:00:00,-855.1542930432281
10-13 12:00:00,1033.2880523240503
10-13 13:00:00,741.4204825209814
10-13 14:00:00,1094.3557467645087
10-13 15:00:00,2171.7863670923925
10-13 16:00:00,3004.028513245981
10-13 17:00:00,4185.064225813519
10-13 18:00:00,5257.7812229837145
10-13 19:00:00,5295.50439459036
10-13 20:00:00,3816.21161399348
10-13 21:00:00,3892.7294791407007
10-13 22:00:00,3352.1296862413797
10-13 23:00:00,3251.3161850356705
10-14 00:00:00,3008.122319113397
10-14 01:00:00,3010.922089117988
10-14 02:00:00,3005.5910083232607
10-14 03:00:00,3005.1287519488983
10-14 04:00:00,3099.4364483181744
10-14 05:00:00,3309.55132384313
10-14 06:00:00,4763.6683566344345
10-14 07:00:00,3061.7437663434234
10-14 08:00:00,1067.5646924463722
10-14 09:00:00,-80.48376782429386
10-14 10:00:00,-929.8603237353509
10-14 11:00:00,-1274.7508695887632
10-14 12:00:00,627.9918289795935
10-14 13:00:00,357.26860934260094
10-14 14:00:00,699.2589171391304
10-14 15:00:00,1786.6872964490667
10-14 16:00:00,2616.02127136063
10-14 17:00:00,3804.074645731171
10-14 18:00:00,4892.957980962889
10-14 19:00:00,5056.079132690402
10-14 20:00:00,3664.182023782317
10-14 21:00:00,3706.120405938191
10-14 22:00:00,3147.9240870253375
10-14 23:00:00,3043.7121666938624
10-15 00:00:00,3173.2133569772814
10-15 01:00:00,3131.920055520759
10-15 02:00:00,3178.8576489714837
10-15 03:00:00,3244.2389094020677
10-15 04:00:00,3390.5906556556947
10-15 05:00:00,3931.3966521214666
10-15 06:00:00,5661.906957958577
10-15 07:00:00,4242.3225439212465
10-15 08:00:00,2429.3854801206458
10-15 09:00:00,1238.7232213636396
10-15 10:00:00,429.7907520895339
10-15 11:00:00,60.47966806272356
10-15 12:00:00,1935.7911555637975
10-15 13:00:00,1666.5565724602575
10-15 14:00:00,1952.0842067009528
10-15 15:00:00,3025.779836497254
10-15 16:00:00,3847.778375375163
10-15 17:00:00,4858.626374466337
10-15 18:00:00,5493.926881619108
10-15 19:00:00,5447.873673168642
10-15 20:00:00,3832.5530242253326
10-15 21:00:00,3698.01095948769
10-15 22:00:00,3196.387567871972
10-15 23:00:00,3197.1586473115462
10-16 00:00:00,3093.6356691688425
10-16 01:00:00,3074.898369002163
10-16 02:00:00,3109.5677934814003
10-16 03:00:00,3144.6222832859316
10-16 04:00:00,3338.904534772674
10-16 05:00:00,3836.14755001964
10-16 06:00:00,5671.0303140877295
10-16 07:00:00,4100.107230195542
10-16 08:00:00,2412.3099431080745
10-16 09:00:00,1318.576234548802
10-16 10:00:00,510.36539533927976
10-16 11:00:00,181.56054278937745
10-16 12:00:00,2078.8116119416027
10-16 13:00:00,1806.7855369659612
10-16 14:00:00,2069.3166794304148
10-16 15:00:00,3146.6485222941124
10-16 16:00:00,3939.9312054901025
10-16 17:00:00,4790.296071739669
10-16 18:00:00,5703.313552312661
10-16 19:00:00,5468.619734177761
10-16 20:00:00,3895.5816962771664
10-16 21:00:00,3836.864715484653
10-16 22:00:00,3264.011895083253
10-16 23:00:00,3247.1463842204375
10-17 00:00:00,3133.9071431653224
10-17 01:00:00,3118.6071987335004
10-17 02:00:00,3140.551761874852
10-17 03:00:00,3176.2417129678533
10-17 04:00:00,3339.673047182498
10-17 05:00:00,3794.818865166141
10-17 06:00:00,5506.658044735992
10-17 07:00:00,4246.311149476535
10-17 08:00:00,2494.359636612095
10-17 09:00:00,1303.3129252318608
10-17 10:00:00,502.39215831111846
10-17 11:00:00,169.09166074964435
10-17 12:00:00,2049.734880486088
10-17 13:00:00,1712.2975626540945
10-17 14:00:00,2038.6866049169817
10-17 15:00:00,3086.1331309960606
10-17 16:00:00,3816.206084406138
10-17 17:00:00,4699.133887894958
10-17 18:00:00,5568.466493775772
10-17 19:00:00,5485.575703939481
10-17 20:00:00,4032.5896158262644
10-17 21:00:00,3929.4373883507037
10-17 22:00:00,3330.393059139743
10-17 23:00:00,3279.2089362672264
10-18 00:00:00,3135.637702449736
10-18 01:00:00,3082.6072570755177
10-18 02:00:00,3089.103893870495
10-18 03:00:00,3113.9518721053696
10-18 04:00:00,3283.9683984733133
10-18 05:00:00,3637.7293738199533
10-18 06:00:00,5516.7540287363845
10-18 07:00:00,4054.619785969299
10-18 08:00:00,2343.0293509911885
10-18 09:00:00,1167.4560385494035
10-18 10:00:00,351.3812952842713
10-18 11:00:00,-33.098743347829966
10-18 12:00:00,1856.7343286323794
10-18 13:00:00,1581.8878389437189
10-18 14:00:00,1928.6325008630974
10-18 15:00:00,2964.239241684649
10-18 16:00:00,3728.5976337439283
10-18 17:00:00,4611.601452466779
10-18 18:00:00,5637.685992277338
10-18 19:00:00,5402.566339545258
10-18 20:00:00,3819.2854154021534
10-18 21:00:00,3665.7371326601524
10-18 22:00:00,3147.928751803468
10-18 23:00:00,3142.7056823079865
10-19 00:00:00,3065.646351912556
10-19 01:00:00,3020.0209974633035
10-19 02:00:00,3007.171031518719
10-19 03:00:00,3006.911297047874
10-19 04:00:00,3149.606572419621
10-19 05:00:00,3551.600040113851
10-19 06:00:00,5385.789787008385
10-19 07:00:00,3869.1598576624656
10-19 08:00:00,2224.33218048245
10-19 09:00:00,1152.8298373186185
10-19 10:00:00,331.7420432632658
10-19 11:00:00,30.206799504506066
10-19 12:00:00,1880.5543256205608
10-19 13:00:00,1575.4972941043993
10-19 14:00:00,1887.7117179992968
10-19 15:00:00,2848.3259268753654
10-19 16:00:00,3600.765863990661
10-19 17:00:00,4454.386936251593
10-19 18:00:00,5286.675959518429
10-19 19:00:00,5284.384763108779
10-19 20:00:00,3661.874093241143
10-19 21:00:00,3649.4760855404047
10-19 22:00:00,3042.1139505473975
10-19 23:00:00,3045.744533633974
10-20 00:00:00,2736.865368464743
10-20 01:00:00,2724.4617307176313
10-20 02:00:00,2708.140602222606
10-20 03:00:00,2727.9565245945755
10-20 04:00:00,2856.816647570251
10-20 05:00:00,3095.436246067558
10-20 06:00:00,4504.1035772719315
10-20 07:00:00,2927.6226287385452
10-20 08:00:00,1021.6431202207773
10-20 09:00:00,-116.83023682144233
10-20 10:00:00,-976.9251287452166
10-20 11:00:00,-1297.6689983544516
10-20 12:00:00,656.3448922066603
10-20 13:00:00,367.75397062470466
10-20 14:00:00,709.8983040729388
10-20 15:00:00,1791.409460342604
10-20 16:00:00,2613.421039333439
10-20 17:00:00,3818.705144589015
10-20 18:00:00,4879.274460957118
10-20 19:00:00,4896.203868687996
10-20 20:00:00,3369.106201152409
10-20 21:00:00,3371.8187147610734
10-20 22:00:00,2800.220531625746
10-20 23:00:00,2688.154486092833
10-21 00:00:00,2405.907148073182
10-21 01:00:00,2269.796444347612
10-21 02:00:00,2271.91959361851
10-21 03:00:00,2224.5547292984897
10-21 04:00:00,2325.4562457071643
10-21 05:00:00,2562.2872618829206
10-21 06:00:00,4023.9162532107284
10-21 07:00:00,2423.7840377145594
10-21 08:00:00,546.4452070683044
10-21 09:00:00,-474.5104736565451
10-21 10:00:00,-1179.6592116023442
10-21 11:00:00,-1434.5712810696564
10-21 12:00:00,480.49612219862274
10-21 13:00:00,223.75277992866242
10-21 14:00:00,544.258246024588
10-21 15:00:00,1601.16306240507
10-21 16:00:00,2502.6681428657657
10-21 17:00:00,3714.717508304142
10-21 18:00:00,4764.54100083872
10-21 19:00:00,4886.358873542569
10-21 20:00:00,3446.4448389843587
10-21 21:00:00,3441.4687485749273
10-21 22:00:00,2869.940053084618
10-21 23:00:00,2815.878911595108
10-22 00:00:00,2864.5497860829423
10-22 01:00:00,2861.6485584634192
10-22 02:00:00,2881.4129451713716
10-22 03:00:00,2888.896351807005
10-22 04:00:00,3008.164876482578
10-22 05:00:00,3405.4745694663457
10-22 06:00:00,5231.598508510261
10-22 07:00:00,3789.2940421115436
10-22 08:00:00,2227.6717340326622
10-22 09:00:00,1199.6795497557976
10-22 10:00:00,577.4537527749068
10-22 11:00:00,375.28527441719814
10-22 12:00:00,2323.128221303203
10-22 13:00:00,2081.6939899524677
10-22 14:00:00,2409.6021563986187
10-22 15:00:00,3419.311721954318
10-22 16:00:00,4117.768732664071
10-22 17:00:00,4981.2425006589065
10-22 18:00:00,5830.3834915894295
10-22 19:00:00,5827.572482803982
10-22 20:00:00,4037.193435953173
10-22 21:00:00,4077.030445032655
10-22 22:00:00,3471.94637619637
10-22 23:00:00,3340.114922859875
10-23 00:00:00,3241.876452635736
10-23 01:00:00,3174.014932216896
10-23 02:00:00,3199.1321833700736
10-23 03:00:00,3203.3229075423124
10-23 04:00:00,3409.978194259774
10-23 05:00:00,3776.131704992645
10-23 06:00:00,5452.1083910231055
10-23 07:00:00,4375.592459021277
10-23 08:00:00,2545.6152131146714
10-23 09:00:00,1428.6086944856959
10-23 10:00:00,618.2844836654498
10-23 11:00:00,332.4714736208401
10-23 12:00:00,2196.1884470042774
10-23 13:00:00,1896.4630070308874
10-23 14:00:00,2260.656872460257
10-23 15:00:00,3301.967493478394
10-23 16:00:00,4085.458431041332
10-23 17:00:00,4987.3984442938845
10-23 18:00:00,5815.031954746975
10-23 19:00:00,5715.919688354911
10-23 20:00:00,4259.431623098725
10-23 21:00:00,4025.6505182330816
10-23 22:00:00,3471.474665368622
10-23 23:00:00,3489.9472433560313
10-24 00:00:00,3415.9889382236697
10-24 01:00:00,3374.6623782511388
10-24 02:00:00,3360.73183390079
10-24 03:00:00,3359.299043822205
10-24 04:00:00,3484.8697490882914
10-24 05:00:00,3901.387658227049
10-24 06:00:00,5670.6631604075465
10-24 07:00:00,4400.134700989012
10-24 08:00:00,2681.007869341076
10-24 09:00:00,1460.701699653855
10-24 10:00:00,679.4574318534709
10-24 11:00:00,357.4640754081468
10-24 12:00:00,2157.305203164726
10-24 13:00:00,1836.0025648707408
10-24 14:00:00,2122.828481669895
10-24 15:00:00,3246.538716282171
10-24 16:00:00,4039.5223313986057
10-24 17:00:00,5073.9233650981405
10-24 18:00:00,5762.381601386121
10-24 19:00:00,5691.719697312796
10-24 20:00:00,4052.4106176767896
10-24 21:00:00,4174.673999111847
10-24 22:00:00,3536.892783421434
10-24 23:00:00,3375.118276762105
10-25 00:00:00,3244.38184621028
10-25 01:00:00,3163.0727328678654
10-25 02:00:00,3149.365963082084
10-25 03:00:00,3167.4493413489017
10-25 04:00:00,3273.4436782959915
10-25 05:00:00,3607.8416988781723
10-25 06:00:00,5362.872653049014
10-25 07:00:00,4233.517154315367
10-25 08:00:00,2497.0064429299564
10-25 09:00:00,1342.185004827427
10-25 10:00:00,528.5008318894818
10-25 11:00:00,262.24367502850686
10-25 12:00:00,2151.9476034405793
10-25 13:00:00,1802.6878853936953
10-25 14:00:00,2076.108018395898
10-25 15:00:00,3141.8992987865404
10-25 16:00:00,3886.635959891285
10-25 17:00:00,4771.956864784874
10-25 18:00:00,5696.999866489475
10-25 19:00:00,5739.818875460432
10-25 20:00:00,3987.882580427713
10-25 21:00:00,3936.012788238542
10-25 22:00:00,3414.2653006812247
10-25 23:00:00,3338.7964297200415
10-26 00:00:00,3259.057471328606
10-26 01:00:00,3179.9591198644607
10-26 02:00:00,3130.4845858934614
10-26 03:00:00,3076.6518860321985
10-26 04:00:00,3171.7608975429453
10-26 05:00:00,3540.029979001016
10-26 06:00:00,5236.564025985233
10-26 07:00:00,4154.735059878218
10-26 08:00:00,2407.591460040558
10-26 09:00:00,1325.152375675607
10-26 10:00:00,554.322812559006
10-26 11:00:00,264.62834556163443
10-26 12:00:00,2121.190109346863
10-26 13:00:00,1764.2095088808233
10-26 14:00:00,2030.7942241224205
10-26 15:00:00,3043.45319738012
10-26 16:00:00,3845.590670071716
10-26 17:00:00,4709.313365428422
10-26 18:00:00,5570.4824136193165
10-26 19:00:00,5629.4222508449275
10-26 20:00:00,3902.167463196728
10-26 21:00:00,3880.1551255315385
10-26 22:00:00,3316.0428523973264
10-26 23:00:00,3306.4158724891486
10-27 00:00:00,3078.761463311169
10-27 01:00:00,2968.748539710383
10-27 02:00:00,2930.5914174522204
10-27 03:00:00,2966.4080809329557
10-27 04:00:00,3014.449631324897
10-27 05:00:00,3154.9712695141434
10-27 06:00:00,4757.694456222662
10-27 07:00:00,3187.5843516226532
10-27 08:00:00,1326.169131828615
10-27 09:00:00,241.89253190217343
10-27 10:00:00,-544.6602363947881
10-27 11:00:00,-876.2450490505697
10-27 12:00:00,1052.6987004641294
10-27 13:00:00,806.3173270961952
10-27 14:00:00,1100.9343135187369
10-27 15:00:00,2200.996284174632
10-27 16:00:00,3041.199254485992
10-27 17:00:00,4205.1705709548305
10-27 18:00:00,5183.563489835692
10-27 19:00:00,5308.712059317657
10-27 20:00:00,3787.1405062994527
10-27 21:00:00,3831.0872212126587
10-27 22:00:00,3263.940488655756
10-27 23:00:00,3165.4429129492396
10-28 00:00:00,2944.8235111777817
10-28 01:00:00,2866.772279151067
10-28 02:00:00,2881.5194230743555
10-28 03:00:00,2910.791945833845
10-28 04:00:00,2908.6518600762347
10-28 05:00:00,3178.8085158342806
10-28 06:00:00,4685.367779400146
10-28 07:00:00,3005.339733715784
10-28 08:00:00,1062.8827865047083
10-28 09:00:00,-82.35393528237546
10-28 10:00:00,-813.0903008239959
10-28 11:00:00,-1146.1391508002043
10-28 12:00:00,705.592630097173
10-28 13:00:00,386.3524015572318
10-28 14:00:00,744.3271320241643
10-28 15:00:00,1807.599232818525
10-28 16:00:00,2625.791811496959
10-28 17:00:00,3856.663386660941
10-28 18:00:00,4934.603790659104
10-28 19:00:00,5059.741597537248
10-28 20:00:00,3690.137432425225
10-28 21:00:00,3692.8365138431523
10-28 22:00:00,3127.3253535171934
10-28 23:00:00,3017.1058820765597
10-29 00:00:00,3272.227512497842
10-29 01:00:00,3177.186610285785
10-29 02:00:00,3159.2873816493193
10-29 03:00:00,3212.8950667154513
10-29 04:00:00,3187.3614189457876
10-29 05:00:00,3432.436371482916
10-29 06:00:00,5232.18079180328
10-29 07:00:00,4197.087695118184
10-29 08:00:00,2469.005967176343
10-29 09:00:00,1307.2361791898732
10-29 10:00:00,639.2143392504953
10-29 11:00:00,386.3599341834828
10-29 12:00:00,2322.9735839384607
10-29 13:00:00,2056.696679508076
10-29 14:00:00,2340.4805242636207
10-29 15:00:00,3296.0780396166874
10-29 16:00:00,4097.128206492204
10-29 17:00:00,5039.156113453441
10-29 18:00:00,5849.926208646162
10-29 19:00:00,5788.5854463533315
10-29 20:00:00,4299.874590347467
10-29 21:00:00,4135.936380397877
10-29 22:00:00,3482.117172114965
10-29 23:00:00,3413.236732570954
10-30 00:00:00,3398.31399388424
10-30 01:00:00,3292.0540224579204
10-30 02:00:00,3227.6708149610663
10-30 03:00:00,3248.984537976367
10-30 04:00:00,3277.164665421586
10-30 05:00:00,3352.69507379942
10-30 06:00:00,5236.687986415138
10-30 07:00:00,4194.128709683201
10-30 08:00:00,2460.8899405316515
10-30 09:00:00,1362.217843615294
10-30 10:00:00,706.8219102609899
10-30 11:00:00,467.3966398192806
10-30 12:00:00,2387.0285909868644
10-30 13:00:00,2082.0879717527505
10-30 14:00:00,2341.09499543768
10-30 15:00:00,3307.000160762375
10-30 16:00:00,4121.593934029545
10-30 17:00:00,5005.095206452622
10-30 18:00:00,5732.050293822623
10-30 19:00:00,5697.070438451606
10-30 20:00:00,4176.853473241279
10-30 21:00:00,3952.7379239376482
10-30 22:00:00,3268.9225982449125
10-30 23:00:00,3146.3269165845213
10-31 00:00:00,3087.570521883341
10-31 01:00:00,2940.9381506682516
10-31 02:00:00,2876.2819373133243
10-31 03:00:00,2882.6001810251128
10-31 04:00:00,2934.3446026904758
10-31 05:00:00,3239.7355086372604
10-31 06:00:00,5132.916618483795
10-31 07:00:00,3823.85541098992
10-31 08:00:00,2197.6518681692382
10-31 09:00:00,1124.1488912698167
10-31 10:00:00,374.5220275538637
10-31 11:00:00,15.904635583753446
10-31 12:00:00,1912.8333277498768
10-31 13:00:00,1597.876701034281
10-31 14:00:00,1917.8113785430314
10-31 15:00:00,2998.522835484599
10-31 16:00:00,3853.566372815056
10-31 17:00:00,4935.866156284172
10-31 18:00:00,5670.889121871565
10-31 19:00:00,5508.712599227991
10-31 20:00:00,3945.774883185565
10-31 21:00:00,3815.0007511715085
10-31 22:00:00,3217.3370522009536
10-31 23:00:00,3180.2007575220105
11-01 00:00:00,3112.8709469152477
11-01 01:00:00,2958.3141310573887
11-01 02:00:00,2940.0345427522184
11-01 03:00:00,2896.0188413292385
11-01 04:00:00,2873.6869039061626
11-01 05:00:00,3143.451986347856
11-01 06:00:00,5340.702537953233
11-01 07:00:00,4610.951687810475
11-01 08:00:00,3440.6261104388172
11-01 09:00:00,2748.969589654795
11-01 10:00:00,2236.575382391837
11-01 11:00:00,1915.6384575679008
11-01 12:00:00,3695.6691610971966
11-01 13:00:00,3347.225112818323
11-01 14:00:00,3548.59664874146
11-01 15:00:00,4350.385182476043
11-01 16:00:00,4955.871375600684
11-01 17:00:00,5404.099141122213
11-01 18:00:00,6002.245745118308
11-01 19:00:00,5849.015775413073
11-01 20:00:00,4258.255465089618
11-01 21:00:00,4067.2027922651846
11-01 22:00:00,3617.3411015180277
11-01 23:00:00,3490.6796137691476
11-02 00:00:00,3435.175428668094
11-02 01:00:00,3298.3373754480062
11-02 02:00:00,3193.4382077607884
11-02 03:00:00,3189.887038542726
11-02 04:00:00,3189.046501945173
11-02 05:00:00,3490.7995676103965
11-02 06:00:00,5746.645284364093
11-02 07:00:00,4604.425943728438
11-02 08:00:00,3638.2749991874757
11-02 09:00:00,2882.2400232335485
11-02 10:00:00,2295.439461374856
11-02 11:00:00,1933.5522101627714
11-02 12:00:00,3659.935525803423
11-02 13:00:00,3307.0050999732644
11-02 14:00:00,3581.0783542515765
11-02 15:00:00,4347.102643741077
11-02 16:00:00,4914.323756063966
11-02 17:00:00,5191.30348955839
11-02 18:00:00,6105.700142386893
11-02 19:00:00,5924.8108981108835
11-02 20:00:00,4533.664983905173
11-02 21:00:00,4232.298402199051
11-02 22:00:00,3796.7307155598073
11-02 23:00:00,3591.1440762757748
11-03 00:00:00,3373.906149426957
11-03 01:00:00,3232.7038889441355
11-03 02:00:00,3147.7925372330874
11-03 03:00:00,3108.9621383980475
11-03 04:00:00,3122.7288361686406
11-03 05:00:00,3355.258741347897
11-03 06:00:00,5288.543249771461
11-03 07:00:00,3944.205855322994
11-03 08:00:00,2483.05967289218
11-03 09:00:00,1676.1042137703855
11-03 10:00:00,1127.6599482863996
11-03 11:00:00,768.6314871470307
11-03 12:00:00,2568.7286006488266
11-03 13:00:00,2212.93101139555
11-03 14:00:00,2396.1680607030107
11-03 15:00:00,3177.4258197892714
11-03 16:00:00,3745.1483962002912
11-03 17:00:00,4398.960232532051
11-03 18:00:00,5436.06225906386
11-03 19:00:00,5468.805486862108
11-03 20:00:00,3941.14386005923
11-03 21:00:00,3931.8515944285073
11-03 22:00:00,3317.7779440714457
11-03 23:00:00,3240.032868321968
11-04 00:00:00,3142.2900282998667
11-04 01:00:00,2983.3936375040166
11-04 02:00:00,2918.9772010548477
11-04 03:00:00,2890.3109210800935
11-04 04:00:00,2881.140369147085
11-04 05:00:00,3083.8922920669593
11-04 06:00:00,4917.380447660798
11-04 07:00:00,3487.234051608221
11-04 08:00:00,2057.4315194123524
11-04 09:00:00,1286.1963141678987
11-04 10:00:00,810.2031743001928
11-04 11:00:00,435.9105550029439
11-04 12:00:00,2191.542883172806
11-04 13:00:00,1813.8666331328996
11-04 14:00:00,2167.608198446469
11-04 15:00:00,2917.453907395156
11-04 16:00:00,3525.795087321157
11-04 17:00:00,4233.136939352963
11-04 18:00:00,5262.4311898978
11-04 19:00:00,5304.085395101695
11-04 20:00:00,3888.8758441090754
11-04 21:00:00,3878.2605101891104
11-04 22:00:00,3365.317271872311
11-04 23:00:00,3205.769911155193
11-05 00:00:00,3434.208107849403
11-05 01:00:00,3312.471685206405
11-05 02:00:00,3275.9419901130827
11-05 03:00:00,3303.310090272778
11-05 04:00:00,3318.754539942124
11-05 05:00:00,3479.0419735012606
11-05 06:00:00,5941.442210022816
11-05 07:00:00,4757.456209731083
11-05 08:00:00,3753.136094048562
11-05 09:00:00,2956.5159993504762
11-05 10:00:00,2364.188897738615
11-05 11:00:00,1989.6851667197361
11-05 12:00:00,3755.8089305768276
11-05 13:00:00,3368.016078740968
11-05 14:00:00,3573.007656949741
11-05 15:00:00,4368.164580420443
11-05 16:00:00,5032.962014388429
11-05 17:00:00,5564.5213715362515
11-05 18:00:00,6069.196969942269
11-05 19:00:00,6089.915468514246
11-05 20:00:00,4403.432843891623
11-05 21:00:00,4342.846577938473
11-05 22:00:00,3752.5675456906943
11-05 23:00:00,3704.5351716511404
11-06 00:00:00,3685.7577768624406
11-06 01:00:00,3559.533722895608
11-06 02:00:00,3567.0934422232704
11-06 03:00:00,3549.963435036359
11-06 04:00:00,3593.4487308261987
11-06 05:00:00,3811.573959578618
11-06 06:00:00,6032.115297456456
11-06 07:00:00,5087.465722122349
11-06 08:00:00,4045.734467948193
11-06 09:00:00,3197.8857960156365
11-06 10:00:00,2555.14396132261
11-06 11:00:00,2152.5457941296904
11-06 12:00:00,3860.5832878353326
11-06 13:00:00,3489.4176103850696
11-06 14:00:00,3681.0001758487047
11-06 15:00:00,4533.00462455098
11-06 16:00:00,5178.670733338294
11-06 17:00:00,5738.808101252914
11-06 18:00:00,6234.317267708367
11-06 19:00:00,6262.7653260566385
11-06 20:00:00,4603.7045066719475
11-06 21:00:00,4711.624691699544
11-06 22:00:00,4023.6174485587785
11-06 23:00:00,3833.2670675410754
11-07 00:00:00,3798.4449749717933
11-07 01:00:00,3679.586643419944
11-07 02:00:00,3675.9854989221976
11-07 03:00:00,3721.808713591133
11-07 04:00:00,3730.3982116201905
11-07 05:00:00,3791.2573403549713
11-07 06:00:00,6051.6151825053685
11-07 07:00:00,5455.17130353313
11-07 08:00:00,4090.0608669610247
11-07 09:00:00,3275.682004700851
11-07 10:00:00,2570.3808866663057
11-07 11:00:00,2194.5511176790733
11-07 12:00:00,3860.18175280618
11-07 13:00:00,3413.3219724224273
11-07 14:00:00,3603.5065358168317
11-07 15:00:00,4393.254628593021
11-07 16:00:00,5114.317626730597
11-07 17:00:00,5292.045335977967
11-07 18:00:00,6193.175949526317
11-07 19:00:00,6213.609161533366
11-07 20:00:00,4301.241354816637
11-07 21:00:00,4406.304897508171
11-07 22:00:00,3679.9149280472734
11-07 23:00:00,3556.9448602464595
11-08 00:00:00,3510.1567378140053
11-08 01:00:00,3390.7142892291886
11-08 02:00:00,3360.3216793705005
11-08 03:00:00,3402.986350032379
11-08 04:00:00,3424.1089228948827
11-08 05:00:00,3654.8634730536755
11-08 06:00:00,5857.244756914317
11-08 07:00:00,5055.389476194222
11-08 08:00:00,3857.9116758906675
11-08 09:00:00,3119.9038040427354
11-08 10:00:00,2507.9261541146575
11-08 11:00:00,2124.771610622694
11-08 12:00:00,3840.65233478322
11-08 13:00:00,3443.777135762684
11-08 14:00:00,3606.9512050906415
11-08 15:00:00,4347.287049141524
11-08 16:00:00,4993.340342007293
11-08 17:00:00,5227.9866652614255
11-08 18:00:00,6035.134666912019
11-08 19:00:00,5862.7707659309135
11-08 20:00:00,4608.425027618259
11-08 21:00:00,4266.239991265432
11-08 22:00:00,3603.454514911668
11-08 23:00:00,3599.31051382422
11-09 00:00:00,3607.9910161229245
11-09 01:00:00,3527.3194339641964
11-09 02:00:00,3484.250041148653
11-09 03:00:00,3474.625374845733
11-09 04:00:00,3493.1928621787933
11-09 05:00:00,3780.61137005479
11-09 06:00:00,6094.133025644595
11-09 07:00:00,5002.534074974026
11-09 08:00:00,4031.5713306253188
11-09 09:00:00,3142.4859277945857
11-09 10:00:00,2541.366670255885
11-09 11:00:00,2128.5325038163023
11-09 12:00:00,3854.4390973315712
11-09 13:00:00,3449.079397129257
11-09 14:00:00,3656.3144140123327
11-09 15:00:00,4434.244563413484
11-09 16:00:00,5052.712444510914
11-09 17:00:00,5285.819761612233
11-09 18:00:00,6046.170023666435
11-09 19:00:00,6312.328731641971
11-09 20:00:00,4490.853492374908
11-09 21:00:00,4209.98757939895
11-09 22:00:00,3588.4772683508604
11-09 23:00:00,3637.516435510972
11-10 00:00:00,3478.5947762285323
11-10 01:00:00,3307.7127484174584
11-10 02:00:00,3235.6366659111177
11-10 03:00:00,3227.8648300193167
11-10 04:00:00,3251.715994187309
11-10 05:00:00,3425.4601060721234
11-10 06:00:00,5339.688694164093
11-10 07:00:00,3999.409598855745
11-10 08:00:00,2544.092389272542
11-10 09:00:00,1770.2185700127234
11-10 10:00:00,1173.4712461320012
11-10 11:00:00,814.5175583439684
11-10 12:00:00,2599.7376781000876
11-10 13:00:00,2245.806301842704
11-10 14:00:00,2384.1345095014085
11-10 15:00:00,3187.9368833973117
11-10 16:00:00,3831.268365084275
11-10 17:00:00,4539.202919785026
11-10 18:00:00,5579.204559297286
11-10 19:00:00,5569.482720851658
11-10 20:00:00,4052.220072428456
11-10 21:00:00,4102.293891627978
11-10 22:00:00,3456.188940600632
11-10 23:00:00,3339.016330941975
11-11 00:00:00,3192.9567202725166
11-11 01:00:00,3056.4581522097096
11-11 02:00:00,2987.8896988055053
11-11 03:00:00,2963.886158749506
11-11 04:00:00,2967.531352921347
11-11 05:00:00,3169.0295942141083
11-11 06:00:00,5063.683281757006
11-11 07:00:00,3649.557236176563
11-11 08:00:00,2188.685976301446
11-11 09:00:00,1383.040620018774
11-11 10:00:00,836.9152921402517
11-11 11:00:00,467.11311490761335
11-11 12:00:00,2268.819380501546
11-11 13:00:00,1905.6626124024626
11-11 14:00:00,2068.8085998665406
11-11 15:00:00,2838.433221052173
11-11 16:00:00,3505.91604370663
11-11 17:00:00,4213.399435825246
11-11 18:00:00,5257.885154749637
11-11 19:00:00,5311.190300566425
11-11 20:00:00,3858.9685154697486
11-11 21:00:00,3886.771261536886
11-11 22:00:00,3361.9171137185926
11-11 23:00:00,3189.5817359511498
11-12 00:00:00,3449.4725790218213
11-12 01:00:00,3331.493835958564
11-12 02:00:00,3282.781850574339
11-12 03:00:00,3303.772074929793
11-12 04:00:00,3348.6015882968177
11-12 05:00:00,3625.193629378517
11-12 06:00:00,6021.495553142962
11-12 07:00:00,4824.049736146101
11-12 08:00:00,3805.80224974573
11-12 09:00:00,3071.5336873360025
11-12 10:00:00,2504.5480981754363
11-12 11:00:00,2185.20608252459
11-12 12:00:00,3967.074322679044
11-12 13:00:00,3610.460852253229
11-12 14:00:00,3737.413046275923
11-12 15:00:00,4542.481419898251
11-12 16:00:00,5143.6049851006965
11-12 17:00:00,5702.92098386622
11-12 18:00:00,6223.086561269066
11-12 19:00:00,6043.195772437036
11-12 20:00:00,4435.011093149044
11-12 21:00:00,4393.1965916596155
11-12 22:00:00,3842.80076680685
11-12 23:00:00,3656.803993285875
11-13 00:00:00,3589.8079667751626
11-13 01:00:00,3458.807336131112
11-13 02:00:00,3425.8462520577878
11-13 03:00:00,3417.519521248045
11-13 04:00:00,3443.0744156128253
11-13 05:00:00,3546.5073005185823
11-13 06:00:00,5897.407703768856
11-13 07:00:00,5055.733440453717
11-13 08:00:00,3892.7563695190483
11-13 09:00:00,3081.015781113846
11-13 10:00:00,2508.216585282808
11-13 11:00:00,2191.5387558721814
11-13 12:00:00,3975.671704814205
11-13 13:00:00,3599.9029692456083
11-13 14:00:00,3759.2857864229586
11-13 15:00:00,4490.117267074906
11-13 16:00:00,5103.8693656131545
11-13 17:00:00,5345.835049018616
11-13 18:00:00,6010.246810815292
11-13 19:00:00,6153.336819762679
11-13 20:00:00,4235.357688732652
11-13 21:00:00,4066.889411031505
11-13 22:00:00,3484.457281857669
11-13 23:00:00,3417.451441198437
11-14 00:00:00,3359.3337244452514
11-14 01:00:00,3236.457472081498
11-14 02:00:00,3193.3995201884222
11-14 03:00:00,3195.56834342545
11-14 04:00:00,3223.722260938415
11-14 05:00:00,3537.976826134505
11-14 06:00:00,5904.194464339773
11-14 07:00:00,4648.362022197663
11-14 08:00:00,3677.6306989133354
11-14 09:00:00,2926.9614288334105
11-14 10:00:00,2381.985733099923
11-14 11:00:00,2060.4138828656164
11-14 12:00:00,3839.8943287898314
11-14 13:00:00,3370.979558123393
11-14 14:00:00,3589.4494337363844
11-14 15:00:00,4326.210741528825
11-14 16:00:00,4992.371475557637
11-14 17:00:00,5296.225728217402
11-14 18:00:00,6270.522784262119
11-14 19:00:00,5987.030576607328
11-14 20:00:00,4231.041119195574
11-14 21:00:00,4185.558661597435
11-14 22:00:00,3622.472391093941
11-14 23:00:00,3481.3565610218398
11-15 00:00:00,3419.9886195036956
11-15 01:00:00,3295.703478085067
11-15 02:00:00,3253.047910951219
11-15 03:00:00,3246.658076518638
11-15 04:00:00,3236.3990644064697
11-15 05:00:00,3498.728149154949
11-15 06:00:00,5718.330364513027
11-15 07:00:00,4670.515706656551
11-15 08:00:00,3733.6423484235834
11-15 09:00:00,2961.075930542733
11-15 10:00:00,2357.6070491986634
11-15 11:00:00,2054.664153587218
11-15 12:00:00,3831.100430673184
11-15 13:00:00,3510.831441247735
11-15 14:00:00,3722.787726185369
11-15 15:00:00,4444.415023875487
11-15 16:00:00,5033.210385783901
11-15 17:00:00,5324.913583278087
11-15 18:00:00,6297.2623077280805
11-15 19:00:00,5913.507640385429
11-15 20:00:00,4293.089566127497
11-15 21:00:00,4140.202939173805
11-15 22:00:00,3591.8255126801823
11-15 23:00:00,3511.8872474349687
11-16 00:00:00,3491.017751899053
11-16 01:00:00,3363.4836452993663
11-16 02:00:00,3313.724411966719
11-16 03:00:00,3289.441783481658
11-16 04:00:00,3296.124434228449
11-16 05:00:00,3554.11132471967
11-16 06:00:00,6008.5088135684455
11-16 07:00:00,4703.258275019168
11-16 08:00:00,3749.327475414647
11-16 09:00:00,3051.569012020718
11-16 10:00:00,2514.220957033931
11-16 11:00:00,2163.4061283309748
11-16 12:00:00,3971.567642933668
11-16 13:00:00,3575.298780903882
11-16 14:00:00,3758.4356717764613
11-16 15:00:00,4511.354632675791
11-16 16:00:00,5088.033998052568
11-16 17:00:00,5324.859686440122
11-16 18:00:00,6035.733019213775
11-16 19:00:00,5981.512722709364
11-16 20:00:00,4562.256500385154
11-16 21:00:00,4133.457127081904
11-16 22:00:00,3537.0452067640795
11-16 23:00:00,3548.492753743091
11-17 00:00:00,3352.872544271901
11-17 01:00:00,3172.5024856067657
11-17 02:00:00,3112.5755155072766
11-17 03:00:00,3091.3224875063675
11-17 04:00:00,3093.708432154609
11-17 05:00:00,3265.3104504246658
11-17 06:00:00,5215.219552604235
11-17 07:00:00,3926.6991793446186
11-17 08:00:00,2508.412368639132
11-17 09:00:00,1808.263552790414
11-17 10:00:00,1265.7625892763629
11-17 11:00:00,954.9418293010947
11-17 12:00:00,2770.4041260549748
11-17 13:00:00,2424.477581642575
11-17 14:00:00,2593.7676610718463
11-17 15:00:00,3365.6099835323057
11-17 16:00:00,3997.2115415402077
11-17 17:00:00,4672.741786664955
11-17 18:00:00,5654.471274517616
11-17 19:00:00,5663.469376698768
11-17 20:00:00,4146.894651077803
11-17 21:00:00,4024.4233749121922
11-17 22:00:00,3478.9743437233715
11-17 23:00:00,3352.409941052479
11-18 00:00:00,3229.5161669907193
11-18 01:00:00,3066.9431476033105
11-18 02:00:00,3043.65873817958
11-18 03:00:00,2989.246178360137
11-18 04:00:00,2989.196459323717
11-18 05:00:00,3219.732762373102
11-18 06:00:00,5103.3505799987215
11-18 07:00:00,3624.3181882595336
11-18 08:00:00,2219.6068355118064
11-18 09:00:00,1419.1632723302007
11-18 10:00:00,816.1274499541586
11-18 11:00:00,434.73704177329836
11-18 12:00:00,2231.5870690689085
11-18 13:00:00,1832.5031505681186
11-18 14:00:00,2064.8777242037586
11-18 15:00:00,2833.5989754969064
11-18 16:00:00,3472.868590379101
11-18 17:00:00,4173.4228217652735
11-18 18:00:00,5168.184944271628
11-18 19:00:00,5224.100957613288
11-18 20:00:00,3874.364415095055
11-18 21:00:00,3857.7035512110206
11-18 22:00:00,3383.8170217092556
11-18 23:00:00,3263.8405345899782
11-19 00:00:00,3557.1242272420927
11-19 01:00:00,3459.4259617767784
11-19 02:00:00,3422.890557492934
11-19 03:00:00,3450.6990505740714
11-19 04:00:00,3480.266303733258
11-19 05:00:00,3659.229940503642
11-19 06:00:00,6170.210799433318
11-19 07:00:00,4966.741055938838
11-19 08:00:00,3974.472357539117
11-19 09:00:00,3253.3988012877476
11-19 10:00:00,2595.9499618417985
11-19 11:00:00,2231.6057306601588
11-19 12:00:00,4028.1864221747915
11-19 13:00:00,3667.508920380343
11-19 14:00:00,3884.7392183572115
11-19 15:00:00,4619.877067258738
11-19 16:00:00,5261.648963590106
11-19 17:00:00,5496.875394362634
11-19 18:00:00,6238.1100910955465
11-19 19:00:00,6132.479347030289
11-19 20:00:00,4778.888434603106
11-19 21:00:00,4311.656078976553
11-19 22:00:00,3843.821790812151
11-19 23:00:00,3716.6316189032204
11-20 00:00:00,3690.406772648953
11-20 01:00:00,3542.3675274007687
11-20 02:00:00,3500.0596090516083
11-20 03:00:00,3506.1593239660083
11-20 04:00:00,3527.309526105347
11-20 05:00:00,3775.630867498142
11-20 06:00:00,6146.9364930188085
11-20 07:00:00,5027.811724010516
11-20 08:00:00,4061.9157628976627
11-20 09:00:00,3325.0050773071835
11-20 10:00:00,2762.016075886478
11-20 11:00:00,2377.7555338863062
11-20 12:00:00,4181.601899924766
11-20 13:00:00,3807.4359320410053
11-20 14:00:00,3945.9547639659613
11-20 15:00:00,4734.394688480485
11-20 16:00:00,5386.951830736593
11-20 17:00:00,5657.676931283085
11-20 18:00:00,6398.3262774074165
11-20 19:00:00,6307.936812968833
11-20 20:00:00,4894.449541293878
11-20 21:00:00,4584.2529778071
11-20 22:00:00,4065.758369990796
11-20 23:00:00,3863.284135907194
11-21 00:00:00,3809.10774049382
11-21 01:00:00,3636.3093229274523
11-21 02:00:00,3622.9673381208613
11-21 03:00:00,3637.205049846057
11-21 04:00:00,3640.2203922341323
11-21 05:00:00,3937.8879044167775
11-21 06:00:00,6097.156455590333
11-21 07:00:00,5362.717401480702
11-21 08:00:00,4117.4325747499515
11-21 09:00:00,3387.6867803821283
11-21 10:00:00,2783.383782848535
11-21 11:00:00,2409.7465225655037
11-21 12:00:00,4178.002498941665
11-21 13:00:00,3743.2315265436355
11-21 14:00:00,3917.538410188702
11-21 15:00:00,4707.026444903127
11-21 16:00:00,5398.105218569956
11-21 17:00:00,5894.858195845205
11-21 18:00:00,6398.497086397301
11-21 19:00:00,6246.659049530517
11-21 20:00:00,4519.035579098908
11-21 21:00:00,4355.817889543123
11-21 22:00:00,3711.8477595448403
11-21 23:00:00,3657.2234875322374
11-22 00:00:00,3626.93959453115
11-22 01:00:00,3483.7074248101535
11-22 02:00:00,3401.988367453252
11-22 03:00:00,3402.0479842130253
11-22 04:00:00,3402.12602028066
11-22 05:00:00,3615.576988056107
11-22 06:00:00,5896.076382676412
11-22 07:00:00,4814.308922262516
11-22 08:00:00,3881.7843385347296
11-22 09:00:00,3209.7102400122726
11-22 10:00:00,2649.480043404891
11-22 11:00:00,2290.6100670901938
11-22 12:00:00,4103.1540027623505
11-22 13:00:00,3751.3120001394
11-22 14:00:00,3896.957288364735
11-22 15:00:00,4677.861340473882
11-22 16:00:00,5273.30339228517
11-22 17:00:00,5495.945183350512
11-22 18:00:00,6164.822923857859
11-22 19:00:00,6078.10631574568
11-22 20:00:00,4727.7955736903505
11-22 21:00:00,4462.314593383007
11-22 22:00:00,3818.615995122237
11-22 23:00:00,3577.8437232863844
11-23 00:00:00,3536.4845047528274
11-23 01:00:00,3396.2155736004056
11-23 02:00:00,3341.4090701495284
11-23 03:00:00,3342.85582021101
11-23 04:00:00,3373.078805739948
11-23 05:00:00,3619.7760957625414
11-23 06:00:00,5763.069356590686
11-23 07:00:00,5028.423050161143
11-23 08:00:00,3847.574207805425
11-23 09:00:00,3103.4523648333397
11-23 10:00:00,2611.3253495141844
11-23 11:00:00,2282.9429235111975
11-23 12:00:00,4061.9706522719775
11-23 13:00:00,3619.948772130709
11-23 14:00:00,3892.4758421444044
11-23 15:00:00,4617.627221402748
11-23 16:00:00,5215.050046248741
11-23 17:00:00,5448.147718003629
11-23 18:00:00,6224.828300819789
11-23 19:00:00,6108.14176292984
11-23 20:00:00,4668.145665060868
11-23 21:00:00,4302.240925758773
11-23 22:00:00,3641.216654099505
11-23 23:00:00,3683.446588410569
11-24 00:00:00,3455.106711217022
11-24 01:00:00,3260.452069601188
11-24 02:00:00,3196.9522370763193
11-24 03:00:00,3189.3119219591727
11-24 04:00:00,3179.0139976324144
11-24 05:00:00,3358.6859469773626
11-24 06:00:00,5319.539245899434
11-24 07:00:00,3975.8145509605642
11-24 08:00:00,2620.7860648698725
11-24 09:00:00,1891.550872406975
11-24 10:00:00,1394.2670644932568
11-24 11:00:00,1047.5912302749398
11-24 12:00:00,2864.543963252095
11-24 13:00:00,2504.1838322865547
11-24 14:00:00,2683.021569251512
11-24 15:00:00,3444.7970269159396
11-24 16:00:00,4075.598630447283
11-24 17:00:00,4776.585140906045
11-24 18:00:00,5744.0873329752585
11-24 19:00:00,5826.02492419754
11-24 20:00:00,4252.989783916612
11-24 21:00:00,4173.617593683348
11-24 22:00:00,3632.048876562837
11-24 23:00:00,3520.9242248143546
11-25 00:00:00,3413.492042039275
11-25 01:00:00,3250.2431297865505
11-25 02:00:00,3177.245915061705
11-25 03:00:00,3181.8591728311317
11-25 04:00:00,3206.5261613451617
11-25 05:00:00,3411.5026419713913
11-25 06:00:00,5341.821358869152
11-25 07:00:00,3922.9936123471434
11-25 08:00:00,2473.554920360023
11-25 09:00:00,1719.6077781690378
11-25 10:00:00,1199.1990816811367
11-25 11:00:00,885.4738983941224
11-25 12:00:00,2686.056893625703
11-25 13:00:00,2341.839023463119
11-25 14:00:00,2540.295177744092
11-25 15:00:00,3306.643061864592
11-25 16:00:00,3862.996613703594
11-25 17:00:00,4568.5527557106225
11-25 18:00:00,5534.084497925507
11-25 19:00:00,5579.8558966507635
11-25 20:00:00,4081.6031366783754
11-25 21:00:00,4091.2807174270747
11-25 22:00:00,3557.907435496358
11-25 23:00:00,3384.235393672263
11-26 00:00:00,3652.5838007786774
11-26 01:00:00,3539.1811377826875
11-26 02:00:00,3507.5360280118593
11-26 03:00:00,3511.0367556878737
11-26 04:00:00,3554.5895274558234
11-26 05:00:00,3754.492945373417
11-26 06:00:00,6266.3695209415155
11-26 07:00:00,5075.866645696602
11-26 08:00:00,4184.135302658926
11-26 09:00:00,3473.7921690431276
11-26 10:00:00,2955.2682279795945
11-26 11:00:00,2588.2514924947973
11-26 12:00:00,4358.685964794596
11-26 13:00:00,3989.6071674166146
11-26 14:00:00,4186.131612534693
11-26 15:00:00,4954.733352908697
11-26 16:00:00,5565.94063651493
11-26 17:00:00,5799.561603664707
11-26 18:00:00,6724.469567650865
11-26 19:00:00,6427.950862842136
11-26 20:00:00,4800.2708244577925
11-26 21:00:00,4804.870558846555
11-26 22:00:00,4160.045976110593
11-26 23:00:00,4010.4729090446385
11-27 00:00:00,3933.939949420593
11-27 01:00:00,3823.821093806613
11-27 02:00:00,3771.945266091827
11-27 03:00:00,3768.206843188431
11-27 04:00:00,3802.3849006496102
11-27 05:00:00,4070.5639399848883
11-27 06:00:00,6368.4492459812745
11-27 07:00:00,5259.162195629617
11-27 08:00:00,4187.8275414949885
11-27 09:00:00,3471.853885431679
11-27 10:00:00,2886.875412781977
11-27 11:00:00,2491.237946930869
11-27 12:00:00,4244.569272769938
11-27 13:00:00,3871.9576834077043
11-27 14:00:00,4037.2393964310077
11-27 15:00:00,4884.373912677381
11-27 16:00:00,5547.732348468622
11-27 17:00:00,5758.515905161065
11-27 18:00:00,6508.691582179228
11-27 19:00:00,6380.801835179786
11-27 20:00:00,5044.995240580089
11-27 21:00:00,4574.745561016136
11-27 22:00:00,3979.319939340087
11-27 23:00:00,3901.901275834416
11-28 00:00:00,3895.145635438661
11-28 01:00:00,3775.534153902962
11-28 02:00:00,3706.314077659099
11-28 03:00:00,3716.9004691870446
11-28 04:00:00,3752.5665277677886
11-28 05:00:00,4045.4872990467325
11-28 06:00:00,6263.535219732199
11-28 07:00:00,5355.892727508254
11-28 08:00:00,4201.734212242138
11-28 09:00:00,3510.734584565395
11-28 10:00:00,2884.5731838412817
11-28 11:00:00,2503.6824006846923
11-28 12:00:00,4314.1298783273705
11-28 13:00:00,3948.27965224051
11-28 14:00:00,4137.616398589636
11-28 15:00:00,4888.795570358408
11-28 16:00:00,5574.434857030713
11-28 17:00:00,5914.0640637273
11-28 18:00:00,6634.209215485566
11-28 19:00:00,6494.4149327139385
11-28 20:00:00,5079.132798737827
11-28 21:00:00,4667.124188491387
11-28 22:00:00,4024.280011646135
11-28 23:00:00,3955.9504051803756
11-29 00:00:00,3928.592833921991
11-29 01:00:00,3795.4838428359985
11-29 02:00:00,3737.1158196559963
11-29 03:00:00,3729.338698524448
11-29 04:00:00,3750.596433097911
11-29 05:00:00,4015.6092909746044
11-29 06:00:00,6400.40325412187
11-29 07:00:00,5234.081318632734
11-29 08:00:00,4277.068869302808
11-29 09:00:00,3541.837887208785
11-29 10:00:00,2968.873178662727
11-29 11:00:00,2751.027488633529
11-29 12:00:00,4510.325461307727
11-29 13:00:00,4104.025075288968
11-29 14:00:00,4280.538641988863
11-29 15:00:00,5108.870175247002
11-29 16:00:00,5788.2943518654265
11-29 17:00:00,6306.298362167363
11-29 18:00:00,6688.44969355063
11-29 19:00:00,6555.620508284231
11-29 20:00:00,4907.9920286708875
11-29 21:00:00,4715.960452305795
11-29 22:00:00,4210.687698264284
11-29 23:00:00,4103.241008990528
11-30 00:00:00,4046.4371760949834
11-30 01:00:00,3901.219240580154
11-30 02:00:00,3847.5440136762836
11-30 03:00:00,3825.5525963172504
11-30 04:00:00,3833.080542738397
11-30 05:00:00,4158.464598093807
11-30 06:00:00,6227.3839568218345
11-30 07:00:00,5512.126185525221
11-30 08:00:00,4316.6928428395595
11-30 09:00:00,3571.6982681935615
11-30 10:00:00,3055.2740197674634
11-30 11:00:00,2727.0249490388896
11-30 12:00:00,4523.315806074778
11-30 13:00:00,4122.128401133432
11-30 14:00:00,4350.14924975269
11-30 15:00:00,5065.50710026384
11-30 16:00:00,5618.136054000949
11-30 17:00:00,5873.037004407158
11-30 18:00:00,6766.96198496688
11-30 19:00:00,6507.227018994297
11-30 20:00:00,4756.033619644163
11-30 21:00:00,4663.2162225992415
11-30 22:00:00,4088.4047700463198
11-30 23:00:00,3929.9054810005414
12-01 00:00:00,3764.11149760952
12-01 01:00:00,3585.6589833995095
12-01 02:00:00,3483.052378113798
12-01 03:00:00,3433.8295336481838
12-01 04:00:00,3435.7073703421916
12-01 05:00:00,3642.546847635846
12-01 06:00:00,5537.782900541046
12-01 07:00:00,4755.040932028437
12-01 08:00:00,3380.5212370031104
12-01 09:00:00,2624.833251678256
12-01 10:00:00,2066.771332264759
12-01 11:00:00,1748.0754179885205
12-01 12:00:00,3525.070932360645
12-01 13:00:00,3074.9093920874716
12-01 14:00:00,3055.879429370614
12-01 15:00:00,3674.693933903168
12-01 16:00:00,4088.485762835372
12-01 17:00:00,4754.372884886812
12-01 18:00:00,5710.81846589164
12-01 19:00:00,5749.328059227582
12-01 20:00:00,4248.183102513056
12-01 21:00:00,4051.1793668640053
12-01 22:00:00,3455.9657180271556
12-01 23:00:00,3378.144077894292
12-02 00:00:00,3274.0836461063036
12-02 01:00:00,3092.4016729147534
12-02 02:00:00,2973.8651888831396
12-02 03:00:00,2966.3764506271136
12-02 04:00:00,3005.8948093877107
12-02 05:00:00,3233.7519544076736
12-02 06:00:00,5152.922020907337
12-02 07:00:00,4260.573840999266
12-02 08:00:00,2807.1627708871574
12-02 09:00:00,2073.826173818749
12-02 10:00:00,1497.7825208016043
12-02 11:00:00,1281.8417858608905
12-02 12:00:00,3180.1698937700617
12-02 13:00:00,2801.5110711191587
12-02 14:00:00,2883.678970757865
12-02 15:00:00,3570.018190300599
12-02 16:00:00,4020.761195218455
12-02 17:00:00,4735.041867212887
12-02 18:00:00,5685.55785342774
12-02 19:00:00,5767.6060332618945
12-02 20:00:00,4259.447007259243
12-02 21:00:00,4285.609734380197
12-02 22:00:00,3707.5628132234215
12-02 23:00:00,3599.1091096279697
12-03 00:00:00,3771.6468810166607
12-03 01:00:00,3641.109810861491
12-03 02:00:00,3608.4139733947363
12-03 03:00:00,3621.174827322226
12-03 04:00:00,3667.5357154306394
12-03 05:00:00,3906.6619071526484
12-03 06:00:00,6137.947194768557
12-03 07:00:00,5887.696039678663
12-03 08:00:00,4621.407045710185
12-03 09:00:00,3892.248033308355
12-03 10:00:00,3407.3696025886734
12-03 11:00:00,3113.6053381887587
12-03 12:00:00,4891.387663487857
12-03 13:00:00,4433.081717994512
12-03 14:00:00,4478.360007525228
12-03 15:00:00,5094.452033949695
12-03 16:00:00,5478.518225569043
12-03 17:00:00,5891.428156122239
12-03 18:00:00,6661.273515182721
12-03 19:00:00,6668.773981531302
12-03 20:00:00,4855.6017325372395
12-03 21:00:00,4611.060973601028
12-03 22:00:00,4029.0784460344057
12-03 23:00:00,3918.742132351663
12-04 00:00:00,3852.767531270563
12-04 01:00:00,3748.8728206857154
12-04 02:00:00,3723.6575829164976
12-04 03:00:00,3693.619174233136
12-04 04:00:00,3686.2264753599065
12-04 05:00:00,3928.714370072157
12-04 06:00:00,6147.586402129206
12-04 07:00:00,5706.3165862938395
12-04 08:00:00,4504.41639673129
12-04 09:00:00,3802.0857681080715
12-04 10:00:00,3255.5053519535436
12-04 11:00:00,2921.2311119609003
12-04 12:00:00,4655.904688799014
12-04 13:00:00,4208.952541194943
12-04 14:00:00,4203.671685332599
12-04 15:00:00,4845.042001168131
12-04 16:00:00,5132.474931313674
12-04 17:00:00,5666.205452336577
12-04 18:00:00,6284.424941668405
12-04 19:00:00,6147.80608953648
12-04 20:00:00,4397.2288503526015
12-04 21:00:00,4349.492793776253
12-04 22:00:00,3831.2171201156157
12-04 23:00:00,3667.7315114120247
12-05 00:00:00,3615.1913271020258
12-05 01:00:00,3465.32816673208
12-05 02:00:00,3440.4680046396193
12-05 03:00:00,3437.05241352447
12-05 04:00:00,3470.6310518590685
12-05 05:00:00,3626.112840812333
12-05 06:00:00,5875.7023060695055
12-05 07:00:00,5702.6309143511335
12-05 08:00:00,4388.613106908352
12-05 09:00:00,3695.9892656356824
12-05 10:00:00,3225.4513864345663
12-05 11:00:00,2892.3502425526513
12-05 12:00:00,4642.883632671533
12-05 13:00:00,4193.82989307636
12-05 14:00:00,4247.895110391245
12-05 15:00:00,4864.98501168072
12-05 16:00:00,5296.216006643594
12-05 17:00:00,5658.8088672375825
12-05 18:00:00,6462.286080817768
12-05 19:00:00,6506.929012915959
12-05 20:00:00,4754.19723750681
12-05 21:00:00,4573.754177424846
12-05 22:00:00,4076.211803105347
12-05 23:00:00,3837.808219126996
12-06 00:00:00,3805.871765730442
12-06 01:00:00,3679.585496851144
12-06 02:00:00,3652.06095536101
12-06 03:00:00,3680.650590390064
12-06 04:00:00,3698.157819978505
12-06 05:00:00,3930.082051355326
12-06 06:00:00,6056.6029069145825
12-06 07:00:00,5810.484511816415
12-06 08:00:00,4558.5668039266675
12-06 09:00:00,3867.2494159292746
12-06 10:00:00,3335.139031729505
12-06 11:00:00,2981.0394832535058
12-06 12:00:00,4779.721282375308
12-06 13:00:00,4266.821514977101
12-06 14:00:00,4306.568148269801
12-06 15:00:00,4921.988058508911
12-06 16:00:00,5397.522930904429
12-06 17:00:00,5794.948762673961
12-06 18:00:00,6574.6159863559205
12-06 19:00:00,6562.336554205279
12-06 20:00:00,5010.686774870728
12-06 21:00:00,4701.083009268046
12-06 22:00:00,4153.1124089491905
12-06 23:00:00,4007.8515197195293
12-07 00:00:00,3888.49916967615
12-07 01:00:00,3773.3517248617695
12-07 02:00:00,3755.416870866274
12-07 03:00:00,3769.893720019412
12-07 04:00:00,3809.912005160935
12-07 05:00:00,3951.9157954390885
12-07 06:00:00,6340.067606156077
12-07 07:00:00,5767.567114545791
12-07 08:00:00,4520.572708615842
12-07 09:00:00,3853.4389135168394
12-07 10:00:00,3304.53730295558
12-07 11:00:00,2993.085477063697
12-07 12:00:00,4728.42028047388
12-07 13:00:00,4228.26694223315
12-07 14:00:00,4289.7044581261
12-07 15:00:00,4915.905435559016
12-07 16:00:00,5333.148348162957
12-07 17:00:00,5638.292417198444
12-07 18:00:00,6614.039100743494
12-07 19:00:00,6407.755854488519
12-07 20:00:00,4731.773685118331
12-07 21:00:00,4609.752955897054
12-07 22:00:00,4007.809720911312
12-07 23:00:00,3895.973662301857
12-08 00:00:00,3697.0220170772313
12-08 01:00:00,3462.893805413449
12-08 02:00:00,3379.2359738157716
12-08 03:00:00,3340.0709185727874
12-08 04:00:00,3353.648120475955
12-08 05:00:00,3520.406364159329
12-08 06:00:00,5449.936063369131
12-08 07:00:00,4738.826125323682
12-08 08:00:00,3358.6548530120253
12-08 09:00:00,2737.250700875441
12-08 10:00:00,2264.6622314305796
12-08 11:00:00,1996.9832778550824
12-08 12:00:00,3769.1279807845335
12-08 13:00:00,3286.0718611443326
12-08 14:00:00,3344.864916494163
12-08 15:00:00,3947.6051641281247
12-08 16:00:00,4381.38691796855
12-08 17:00:00,5035.112824798387
12-08 18:00:00,6016.363128877979
12-08 19:00:00,6046.313657592365
12-08 20:00:00,4484.92048245175
12-08 21:00:00,4384.450814191557
12-08 22:00:00,3845.9829512226934
12-08 23:00:00,3710.7345786061487
12-09 00:00:00,3602.5947310046604
12-09 01:00:00,3421.729364173444
12-09 02:00:00,3345.0844181832285
12-09 03:00:00,3326.0780558872166
12-09 04:00:00,3326.710661637277
12-09 05:00:00,3556.0075336016394
12-09 06:00:00,5431.958258345488
12-09 07:00:00,4528.5373799195895
12-09 08:00:00,3030.729890237571
12-09 09:00:00,2316.3148866085335
12-09 10:00:00,1833.0932458537413
12-09 11:00:00,1500.2640142030361
12-09 12:00:00,3304.8507833443036
12-09 13:00:00,2898.806153905816
12-09 14:00:00,2942.288738449402
12-09 15:00:00,3592.0198915612714
12-09 16:00:00,3974.0194417355146
12-09 17:00:00,4649.298707935801
12-09 18:00:00,5672.278841834375
12-09 19:00:00,5772.7076760889495
12-09 20:00:00,4314.479734719704
12-09 21:00:00,4346.312840860155
12-09 22:00:00,3811.931505996332
12-09 23:00:00,3659.246641880664
12-10 00:00:00,3915.0914554422825
12-10 01:00:00,3829.4064574689023
12-10 02:00:00,3824.6281822305696
12-10 03:00:00,3836.8199129553605
12-10 04:00:00,3846.982304574584
12-10 05:00:00,3998.8475026911447
12-10 06:00:00,6395.942658431256
12-10 07:00:00,5831.299112452981
12-10 08:00:00,4705.387207237198
12-10 09:00:00,3981.5130505533616
12-10 10:00:00,3391.709769739769
12-10 11:00:00,3148.649328969551
12-10 12:00:00,4990.6812146210295
12-10 13:00:00,4500.060237899134
12-10 14:00:00,4545.037502727975
12-10 15:00:00,5080.862018221744
12-10 16:00:00,5420.3026522284445
12-10 17:00:00,5776.850278058433
12-10 18:00:00,6638.945632855738
12-10 19:00:00,6564.285613378666
12-10 20:00:00,4661.499856474252
12-10 21:00:00,4608.344337505887
12-10 22:00:00,3933.2549252864096
12-10 23:00:00,3709.1620161106744
12-11 00:00:00,3649.618731293856
12-11 01:00:00,3485.483043045372
12-11 02:00:00,3457.6799830684326
12-11 03:00:00,3483.7234824468123
12-11 04:00:00,3494.982717528215
12-11 05:00:00,3823.46375775467
12-11 06:00:00,5923.868621539292
12-11 07:00:00,5635.674786581775
12-11 08:00:00,4391.644515202961
12-11 09:00:00,3834.204289847116
12-11 10:00:00,3288.2508273461913
12-11 11:00:00,3034.642757535424
12-11 12:00:00,4796.67350106546
12-11 13:00:00,4365.116850646429
12-11 14:00:00,4338.711910484164
12-11 15:00:00,4925.302286636546
12-11 16:00:00,5353.366789704373
12-11 17:00:00,5907.925167790352
12-11 18:00:00,6494.908853481511
12-11 19:00:00,6448.796713375301
12-11 20:00:00,4732.990452437565
12-11 21:00:00,4582.473490773963
12-11 22:00:00,3891.2725930006186
12-11 23:00:00,3854.7173477931938
12-12 00:00:00,3801.47492470925
12-12 01:00:00,3626.59680816004
12-12 02:00:00,3592.248565594542
12-12 03:00:00,3548.4734796328835
12-12 04:00:00,3569.0662877407653
12-12 05:00:00,3976.25331254753
12-12 06:00:00,6157.603366526002
12-12 07:00:00,5750.121068772483
12-12 08:00:00,4666.837916271317
12-12 09:00:00,4044.9395271380686
12-12 10:00:00,3382.336074084762
12-12 11:00:00,2993.6401150731563
12-12 12:00:00,4727.928031980291
12-12 13:00:00,4226.686209643515
12-12 14:00:00,4260.988437785899
12-12 15:00:00,4895.211465140036
12-12 16:00:00,5294.948346020095
12-12 17:00:00,5801.415782660473
12-12 18:00:00,6449.219558544702
12-12 19:00:00,6343.368565736067
12-12 20:00:00,4647.049340110431
12-12 21:00:00,4477.073919253481
12-12 22:00:00,3982.0391721364526
12-12 23:00:00,3801.1420899001387
12-13 00:00:00,3732.871650703933
12-13 01:00:00,3556.294705470408
12-13 02:00:00,3485.370905416265
12-13 03:00:00,3486.9329799465168
12-13 04:00:00,3489.4330687357738
12-13 05:00:00,3775.706755060367
12-13 06:00:00,5930.203690951343
12-13 07:00:00,5697.051657628201
12-13 08:00:00,4381.092045207011
12-13 09:00:00,3721.7005726815164
12-13 10:00:00,3164.364586361714
12-13 11:00:00,2832.261966398569
12-13 12:00:00,4620.673610227198
12-13 13:00:00,4168.222921121085
12-13 14:00:00,4210.706464858097
12-13 15:00:00,4815.723356553618
12-13 16:00:00,5175.598089502624
12-13 17:00:00,5583.403442065313
12-13 18:00:00,6613.523876915867
12-13 19:00:00,6385.6518819343
12-13 20:00:00,4693.926408963497
12-13 21:00:00,4619.791413501818
12-13 22:00:00,4057.7498177794732
12-13 23:00:00,3951.5245269018355
12-14 00:00:00,3831.935667989504
12-14 01:00:00,3703.171099124539
12-14 02:00:00,3606.0490503917854
12-14 03:00:00,3607.7200571912385
12-14 04:00:00,3624.5256730838237
12-14 05:00:00,3839.4594103310146
12-14 06:00:00,6256.032274165471
12-14 07:00:00,5665.5101076633255
12-14 08:00:00,4524.796794652063
12-14 09:00:00,3822.8030701577295
12-14 10:00:00,3276.7537365318844
12-14 11:00:00,2940.079692162831
12-14 12:00:00,4685.7125350570295
12-14 13:00:00,4198.144992574192
12-14 14:00:00,4258.417173340781
12-14 15:00:00,4792.763357978533
12-14 16:00:00,5193.9699625593175
12-14 17:00:00,5596.907688086036
12-14 18:00:00,6379.78587541721
12-14 19:00:00,6457.043313620567
12-14 20:00:00,4616.188516944475
12-14 21:00:00,4571.834358768106
12-14 22:00:00,4000.923467197525
12-14 23:00:00,3904.340527203595
12-15 00:00:00,3692.2002557479545
12-15 01:00:00,3517.917707675256
12-15 02:00:00,3463.539216289996
12-15 03:00:00,3449.715038052008
12-15 04:00:00,3470.0904917605435
12-15 05:00:00,3688.376355121228
12-15 06:00:00,5587.323863745282
12-15 07:00:00,4855.13494977526
12-15 08:00:00,3441.6372176736104
12-15 09:00:00,2736.909546166947
12-15 10:00:00,2291.693994243821
12-15 11:00:00,1965.469515476582
12-15 12:00:00,3756.135720195718
12-15 13:00:00,3291.7416659881465
12-15 14:00:00,3307.757929824806
12-15 15:00:00,3904.449157211364
12-15 16:00:00,4300.570989079281
12-15 17:00:00,4967.509455160707
12-15 18:00:00,5941.126480504913
12-15 19:00:00,5969.532000210138
12-15 20:00:00,4437.591368287183
12-15 21:00:00,4387.237574423614
12-15 22:00:00,3725.316133548037
12-15 23:00:00,3652.239903839204
12-16 00:00:00,3530.8349434790152
12-16 01:00:00,3350.764745444509
12-16 02:00:00,3297.2564800805994
12-16 03:00:00,3267.3854300860403
12-16 04:00:00,3286.34629652222
12-16 05:00:00,3513.067722162791
12-16 06:00:00,5388.96274550264
12-16 07:00:00,4535.704909411239
12-16 08:00:00,3051.3910929929607
12-16 09:00:00,2317.4181452740027
12-16 10:00:00,1862.196695254468
12-16 11:00:00,1569.6239712405277
12-16 12:00:00,3374.585607956688
12-16 13:00:00,2952.9694328719347
12-16 14:00:00,2984.440093901607
12-16 15:00:00,3599.391206741213
12-16 16:00:00,4002.571456961333
12-16 17:00:00,4674.92748639458
12-16 18:00:00,5663.555081972187
12-16 19:00:00,5694.1472268293755
12-16 20:00:00,4230.7902244445995
12-16 21:00:00,4257.136047570027
12-16 22:00:00,3632.259277910733
12-16 23:00:00,3480.6905703470457
12-17 00:00:00,3669.780780693858
12-17 01:00:00,3563.9665290468556
12-17 02:00:00,3546.102638669594
12-17 03:00:00,3545.4556209529387
12-17 04:00:00,3625.3457650416563
12-17 05:00:00,3913.502254033731
12-17 06:00:00,6199.0697339624
12-17 07:00:00,5793.067009827897
12-17 08:00:00,4533.782590642321
12-17 09:00:00,3895.316222301634
12-17 10:00:00,3324.1132893187164
12-17 11:00:00,2961.066547499601
12-17 12:00:00,4711.982485514199
12-17 13:00:00,4223.211062545375
12-17 14:00:00,4184.375464123639
12-17 15:00:00,4824.109724716095
12-17 16:00:00,5257.87422010599
12-17 17:00:00,5801.111488087291
12-17 18:00:00,6434.04765072404
12-17 19:00:00,6290.169647706179
12-17 20:00:00,4669.906552524958
12-17 21:00:00,4512.398747103649
12-17 22:00:00,3917.9277845320466
12-17 23:00:00,3881.497482634399
12-18 00:00:00,3831.2666258891186
12-18 01:00:00,3669.6063276211535
12-18 02:00:00,3619.0919396832364
12-18 03:00:00,3664.99643281252
12-18 04:00:00,3695.5980842501986
12-18 05:00:00,3909.6653113880243
12-18 06:00:00,6344.51886955825
12-18 07:00:00,5732.719010218369
12-18 08:00:00,4586.465114372534
12-18 09:00:00,3897.1855224031433
12-18 10:00:00,3311.362751471463
12-18 11:00:00,2946.9022740564465
12-18 12:00:00,4649.30737477686
12-18 13:00:00,4170.16403735803
12-18 14:00:00,4198.846517828559
12-18 15:00:00,4820.939777247439
12-18 16:00:00,5148.110201171581
12-18 17:00:00,5566.924610491196
12-18 18:00:00,6461.994197832133
12-18 19:00:00,6539.782467981808
12-18 20:00:00,4763.744445642151
12-18 21:00:00,4570.723774805447
12-18 22:00:00,3972.821145686855
12-18 23:00:00,3857.3235715767937
12-19 00:00:00,3803.0535231677795
12-19 01:00:00,3687.293949971764
12-19 02:00:00,3656.772756058485
12-19 03:00:00,3653.4611838984924
12-19 04:00:00,3697.197984810695
12-19 05:00:00,3935.172845010235
12-19 06:00:00,6244.600874709708
12-19 07:00:00,5567.109619677902
12-19 08:00:00,4460.038588298325
12-19 09:00:00,3829.0472425605303
12-19 10:00:00,3293.1249123829252
12-19 11:00:00,2931.1709219051063
12-19 12:00:00,4693.507565334623
12-19 13:00:00,4220.643858533699
12-19 14:00:00,4242.829201829513
12-19 15:00:00,4883.05436357386
12-19 16:00:00,5291.062124735697
12-19 17:00:00,5680.969094540549
12-19 18:00:00,6539.104702654148
12-19 19:00:00,6697.244550544487
12-19 20:00:00,4878.039387537293
12-19 21:00:00,4721.155772102924
12-19 22:00:00,4130.409056494795
12-19 23:00:00,4096.191719237733
12-20 00:00:00,4034.4981564214677
12-20 01:00:00,3877.6392240369796
12-20 02:00:00,3809.446183503612
12-20 03:00:00,3786.7225585117335
12-20 04:00:00,3820.50343495948
12-20 05:00:00,4020.370218646712
12-20 06:00:00,6294.321663714416
12-20 07:00:00,5800.972952100708
12-20 08:00:00,4467.524504570809
12-20 09:00:00,3720.4677661488827
12-20 10:00:00,3152.5240774427875
12-20 11:00:00,2763.9056867746776
12-20 12:00:00,4543.800844341086
12-20 13:00:00,4094.3374558675077
12-20 14:00:00,4128.948725613332
12-20 15:00:00,4738.279648041239
12-20 16:00:00,5109.937568286925
12-20 17:00:00,5627.788226563565
12-20 18:00:00,6347.064166627044
12-20 19:00:00,6312.21011150801
12-20 20:00:00,4695.418506001359
12-20 21:00:00,4705.364829481277
12-20 22:00:00,4151.348519282853
12-20 23:00:00,3974.6063075600687
12-21 00:00:00,3973.6173906261774
12-21 01:00:00,3840.092607615897
12-21 02:00:00,3855.68266712952
12-21 03:00:00,3883.448704497833
12-21 04:00:00,3879.027548175129
12-21 05:00:00,3924.316401428915
12-21 06:00:00,6099.126040733607
12-21 07:00:00,5703.070177912462
12-21 08:00:00,4266.692487601835
12-21 09:00:00,3590.9370428163456
12-21 10:00:00,3081.6854837127107
12-21 11:00:00,2769.544382031617
12-21 12:00:00,4561.3877739906175
12-21 13:00:00,4103.266355909518
12-21 14:00:00,4099.155034643699
12-21 15:00:00,4694.058756379248
12-21 16:00:00,5004.201593080137
12-21 17:00:00,5483.833842440701
12-21 18:00:00,6291.340253786947
12-21 19:00:00,6380.944671276803
12-21 20:00:00,4704.262223517002
12-21 21:00:00,4711.235063054376
12-21 22:00:00,4101.73543540231
12-21 23:00:00,3980.8287696258108
12-22 00:00:00,3834.946507567774
12-22 01:00:00,3706.7125673642427
12-22 02:00:00,3668.252430117569
12-22 03:00:00,3660.3194655133448
12-22 04:00:00,3669.805917763165
12-22 05:00:00,3921.5540652839945
12-22 06:00:00,5841.655486634202
12-22 07:00:00,5058.14575276427
12-22 08:00:00,3631.207430129125
12-22 09:00:00,2936.400128125831
12-22 10:00:00,2431.7447911836475
12-22 11:00:00,2094.5112522070117
12-22 12:00:00,3843.2456356418334
12-22 13:00:00,3391.453197339775
12-22 14:00:00,3357.3780870676874
12-22 15:00:00,4044.5153745868156
12-22 16:00:00,4475.333764554163
12-22 17:00:00,5173.879591331597
12-22 18:00:00,6191.083072749643
12-22 19:00:00,6206.083599706244
12-22 20:00:00,4757.191086346331
12-22 21:00:00,4706.937583166786
12-22 22:00:00,4046.73985881281
12-22 23:00:00,3958.062705607093
12-23 00:00:00,3848.753652367397
12-23 01:00:00,3763.189732310257
12-23 02:00:00,3731.012598476108
12-23 03:00:00,3667.7425819167133
12-23 04:00:00,3674.855414713162
12-23 05:00:00,3869.2018897123994
12-23 06:00:00,5783.299953489707
12-23 07:00:00,4945.983376005839
12-23 08:00:00,3483.6674403599
12-23 09:00:00,2698.539921932842
12-23 10:00:00,1996.0912997254727
12-23 11:00:00,1492.0249902330513
12-23 12:00:00,3207.8005308665965
12-23 13:00:00,2681.223676692531
12-23 14:00:00,2718.172926471219
12-23 15:00:00,3294.658319048755
12-23 16:00:00,3731.170001577604
12-23 17:00:00,4391.394639923887
12-23 18:00:00,5348.831279548841
12-23 19:00:00,5439.82662198687
12-23 20:00:00,3972.345898961167
12-23 21:00:00,3945.659068177288
12-23 22:00:00,3414.5897038292615
12-23 23:00:00,3214.4630704167553
12-24 00:00:00,3347.3727788790125
12-24 01:00:00,3247.94469803202
12-24 02:00:00,3215.018998644064
12-24 03:00:00,3234.6468278815164
12-24 04:00:00,3266.52853345925
12-24 05:00:00,3513.5789894719755
12-24 06:00:00,5687.272595880889
12-24 07:00:00,4900.8443018922635
12-24 08:00:00,3642.701321960326
12-24 09:00:00,2890.8859810560093
12-24 10:00:00,2310.2064624425916
12-24 11:00:00,1986.3352934947936
12-24 12:00:00,3779.8965607544205
12-24 13:00:00,3322.873394620922
12-24 14:00:00,3332.106945747665
12-24 15:00:00,3971.2978852038095
12-24 16:00:00,4343.072854965683
12-24 17:00:00,4782.83870997231
12-24 18:00:00,5784.263499471997
12-24 19:00:00,5574.065142699378
12-24 20:00:00,4047.3864155432334
12-24 21:00:00,3957.1362039067444
12-24 22:00:00,3315.5055714375394
12-24 23:00:00,3374.890430795941
12-25 00:00:00,3329.838840844228
12-25 01:00:00,3203.012440409578
12-25 02:00:00,3148.5083693637334
12-25 03:00:00,3209.8558808609623
12-25 04:00:00,3196.672193829454
12-25 05:00:00,3362.6889432848384
12-25 06:00:00,5466.69935599359
12-25 07:00:00,5047.459928143026
12-25 08:00:00,3641.835696950266
12-25 09:00:00,2892.7015454894154
12-25 10:00:00,2409.234126327843
12-25 11:00:00,2020.3230074055375
12-25 12:00:00,3794.152144592942
12-25 13:00:00,3326.9635362431072
12-25 14:00:00,3321.668602623565
12-25 15:00:00,3886.449947005827
12-25 16:00:00,4328.553652301726
12-25 17:00:00,4887.747020921234
12-25 18:00:00,5656.921339164274
12-25 19:00:00,5621.412697414512
12-25 20:00:00,4073.344042904212
12-25 21:00:00,4135.817458937867
12-25 22:00:00,3532.6408773847243
12-25 23:00:00,3382.533909978381
12-26 00:00:00,3358.1398814841286
12-26 01:00:00,3223.4593878705637
12-26 02:00:00,3196.444152473488
12-26 03:00:00,3199.7819080402687
12-26 04:00:00,3202.5364763438743
12-26 05:00:00,3470.010070933454
12-26 06:00:00,5680.6065898954075
12-26 07:00:00,4883.0017600433775
12-26 08:00:00,3661.044720263641
12-26 09:00:00,2954.087082553836
12-26 10:00:00,2404.894436938989
12-26 11:00:00,2081.2036754768415
12-26 12:00:00,3779.8146506111707
12-26 13:00:00,3320.7555196111016
12-26 14:00:00,3358.02297619422
12-26 15:00:00,3981.3487174771635
12-26 16:00:00,4410.4479194254145
12-26 17:00:00,4809.918312807152
12-26 18:00:00,5811.29936944664
12-26 19:00:00,5655.111792596096
12-26 20:00:00,4124.0214411978195
12-26 21:00:00,4111.134677435195
12-26 22:00:00,3583.806901635826
12-26 23:00:00,3406.3151515673158
12-27 00:00:00,3361.459013009558
12-27 01:00:00,3218.010238750408
12-27 02:00:00,3200.088914681961
12-27 03:00:00,3213.355544019507
12-27 04:00:00,3231.3694017115818
12-27 05:00:00,3415.888196391297
12-27 06:00:00,5713.8571279860735
12-27 07:00:00,5072.869502744511
12-27 08:00:00,3809.3094697641427
12-27 09:00:00,3106.5604990123343
12-27 10:00:00,2483.4849907498124
12-27 11:00:00,2114.5225310790042
12-27 12:00:00,3839.857310231287
12-27 13:00:00,3429.3060936133543
12-27 14:00:00,3386.159895841005
12-27 15:00:00,4029.8642637786957
12-27 16:00:00,4417.395315919177
12-27 17:00:00,5028.990931515098
12-27 18:00:00,5678.023987867701
12-27 19:00:00,5683.312431298976
12-27 20:00:00,4134.994904966005
12-27 21:00:00,4049.9845984851304
12-27 22:00:00,3413.505064794664
12-27 23:00:00,3394.0778575007143
12-28 00:00:00,3374.3744026492923
12-28 01:00:00,3249.843922103178
12-28 02:00:00,3230.382957010839
12-28 03:00:00,3221.508375698574
12-28 04:00:00,3197.427332728491
12-28 05:00:00,3434.357029360118
12-28 06:00:00,5457.979580731849
12-28 07:00:00,4857.929663561436
12-28 08:00:00,3645.581139751959
12-28 09:00:00,2856.609250933121
12-28 10:00:00,2234.9290669915417
12-28 11:00:00,1899.8832381485893
12-28 12:00:00,3645.598670227859
12-28 13:00:00,3185.2309893655124
12-28 14:00:00,3207.915098831589
12-28 15:00:00,3667.4635046820076
12-28 16:00:00,4054.9469861811035
12-28 17:00:00,4514.086348053057
12-28 18:00:00,5401.457677578615
12-28 19:00:00,5612.209245937586
12-28 20:00:00,3930.3759964984242
12-28 21:00:00,3706.208027287211
12-28 22:00:00,3055.0965270217584
12-28 23:00:00,3128.7012622690554
12-29 00:00:00,2940.7860452045024
12-29 01:00:00,2770.5543241702635
12-29 02:00:00,2705.228800805995
12-29 03:00:00,2737.5438293282527
12-29 04:00:00,2809.416536757149
12-29 05:00:00,2974.758364319771
12-29 06:00:00,4871.540187874018
12-29 07:00:00,4129.971022957368
12-29 08:00:00,2691.772022080889
12-29 09:00:00,2022.1300321621336
12-29 10:00:00,1503.228560265086
12-29 11:00:00,1247.0539505928696
12-29 12:00:00,3124.277415825226
12-29 13:00:00,2694.556520055337
12-29 14:00:00,2702.5423351636555
12-29 15:00:00,3311.314914770398
12-29 16:00:00,3715.31220782128
12-29 17:00:00,4412.882365877855
12-29 18:00:00,5397.7326011282385
12-29 19:00:00,5379.022864587792
12-29 20:00:00,3890.403164062538
12-29 21:00:00,3850.715689674995
12-29 22:00:00,3253.5543650632844
12-29 23:00:00,3108.535768278458
12-30 00:00:00,2984.805745524834
12-30 01:00:00,2844.460198898951
12-30 02:00:00,2788.0031289893914
12-30 03:00:00,2717.697736672883
12-30 04:00:00,2654.3113346008013
12-30 05:00:00,2877.264032251853
12-30 06:00:00,4776.583364916049
12-30 07:00:00,3886.1828948116877
12-30 08:00:00,2336.413859484102
12-30 09:00:00,1658.4804144692168
12-30 10:00:00,1101.9149884898786
12-30 11:00:00,760.3204730683805
12-30 12:00:00,2559.106321043276
12-30 13:00:00,2055.9950503243704
12-30 14:00:00,2062.352587447467
12-30 15:00:00,2711.9764612401823
12-30 16:00:00,3124.711296973119
12-30 17:00:00,3831.608150203829
12-30 18:00:00,4850.92502473047
12-30 19:00:00,4949.67673530744
12-30 20:00:00,3487.3313365288723
12-30 21:00:00,3488.4703306343586
12-30 22:00:00,2950.3604722371124
12-30 23:00:00,2812.598588890366
12-31 00:00:00,3100.1350950271103
12-31 01:00:00,3037.6897398923343
12-31 02:00:00,3032.6694141177504
12-31 03:00:00,3063.2584139299042
12-31 04:00:00,3027.884002413577
12-31 05:00:00,3356.4470007594473
12-31 06:00:00,5412.172522627687
12-31 07:00:00,4766.356128444252
12-31 08:00:00,3585.105722098419
12-31 09:00:00,2839.479348719943
12-31 10:00:00,2283.5330106458514
12-31 11:00:00,1867.0676234198802
12-31 12:00:00,3588.105486888057
12-31 13:00:00,3124.952541660227
12-31 14:00:00,3205.606928054617
12-31 15:00:00,3761.390808412671
12-31 16:00:00,4161.43829220979
12-31 17:00:00,4579.302999607632
12-31 18:00:00,5450.957353329715
12-31 19:00:00,5645.6126785778415
12-31 20:00:00,3935.923349310429
12-31 21:00:00,3906.6431177332497
12-31 22:00:00,3296.572216747433
12-31 23:00:00,3305.412897114183
