,value_kW
01-01 00:00:00,1041.5028534532792
01-01 01:00:00,1017.3409180528242
01-01 02:00:00,1016.8607758272198
01-01 03:00:00,1024.0764051482913
01-01 04:00:00,1022.6286362443375
01-01 05:00:00,1026.191061658419
01-01 06:00:00,1041.0681680795979
01-01 07:00:00,1054.947703667107
01-01 08:00:00,1012.4975113009268
01-01 09:00:00,1003.3313352435903
01-01 10:00:00,939.7467294374601
01-01 11:00:00,902.9126233079246
01-01 12:00:00,890.9661019103481
01-01 13:00:00,874.5821603629796
01-01 14:00:00,868.6787277132901
01-01 15:00:00,893.5983121340333
01-01 16:00:00,918.7857174851913
01-01 17:00:00,932.4088950785858
01-01 18:00:00,928.2815845903191
01-01 19:00:00,933.9011740247458
01-01 20:00:00,940.125586674978
01-01 21:00:00,950.8445954260548
01-01 22:00:00,957.2988605305195
01-01 23:00:00,959.6440353063028
01-02 00:00:00,953.2738555241929
01-02 01:00:00,948.2564180706338
01-02 02:00:00,937.684148162567
01-02 03:00:00,938.8974076292019
01-02 04:00:00,933.0249508560582
01-02 05:00:00,933.0890660826261
01-02 06:00:00,934.3771959490813
01-02 07:00:00,933.5812377396472
01-02 08:00:00,940.6805352579445
01-02 09:00:00,928.2029784348246
01-02 10:00:00,918.2436323355867
01-02 11:00:00,898.9726375863513
01-02 12:00:00,909.7603473779056
01-02 13:00:00,907.534690085606
01-02 14:00:00,902.9664056164563
01-02 15:00:00,912.0660802091329
01-02 16:00:00,932.5044870165441
01-02 17:00:00,952.4963348666638
01-02 18:00:00,966.6682648532602
01-02 19:00:00,980.640858348035
01-02 20:00:00,987.3986718081966
01-02 21:00:00,995.8425189601749
01-02 22:00:00,1008.7858349981162
01-02 23:00:00,1017.0915691286963
01-03 00:00:00,1049.4290326569276
01-03 01:00:00,1060.4687973252035
01-03 02:00:00,1066.141629340979
01-03 03:00:00,1066.522960583255
01-03 04:00:00,1067.817583438417
01-03 05:00:00,1072.7245332093667
01-03 06:00:00,1077.6322230433216
01-03 07:00:00,1083.7175308875287
01-03 08:00:00,1083.446611238149
01-03 09:00:00,1064.9111490129208
01-03 10:00:00,1051.1901837812545
01-03 11:00:00,1037.8952382810683
01-03 12:00:00,1021.5958968872442
01-03 13:00:00,1015.6811025634823
01-03 14:00:00,1009.0280039782034
01-03 15:00:00,1009.723468408754
01-03 16:00:00,1015.1904342414477
01-03 17:00:00,1016.6254906227053
01-03 18:00:00,1024.931812775041
01-03 19:00:00,1038.2344433644134
01-03 20:00:00,1055.1419695788927
01-03 21:00:00,1049.44578361752
01-03 22:00:00,1044.5121400494852
01-03 23:00:00,1045.2912399927206
01-04 00:00:00,1045.110518695212
01-04 01:00:00,1080.9575138852467
01-04 02:00:00,1105.5993311469822
01-04 03:00:00,1082.9106095327918
01-04 04:00:00,1097.7523228177647
01-04 05:00:00,1096.5131009543388
01-04 06:00:00,1097.1872436057931
01-04 07:00:00,1097.3086524785294
01-04 08:00:00,1092.5949408895892
01-04 09:00:00,1072.3239901899651
01-04 10:00:00,1058.8182537577277
01-04 11:00:00,1043.0526217303916
01-04 12:00:00,1015.7215463393557
01-04 13:00:00,998.2739233015537
01-04 14:00:00,994.248533796647
01-04 15:00:00,999.0655376020799
01-04 16:00:00,1022.3935805079232
01-04 17:00:00,1042.4993043565419
01-04 18:00:00,1053.4653734961184
01-04 19:00:00,1065.076421702181
01-04 20:00:00,1058.871958948985
01-04 21:00:00,1067.4762581317789
01-04 22:00:00,1081.903268170245
01-04 23:00:00,1097.5065464636632
01-05 00:00:00,1112.3205786109643
01-05 01:00:00,1121.564214377355
01-05 02:00:00,1127.282769902142
01-05 03:00:00,1127.226196729186
01-05 04:00:00,1110.348743289166
01-05 05:00:00,1110.740177447906
01-05 06:00:00,1116.6761190258524
01-05 07:00:00,1124.5314429395435
01-05 08:00:00,1129.1158730304537
01-05 09:00:00,1126.836142845974
01-05 10:00:00,1103.99189134566
01-05 11:00:00,1082.791418096725
01-05 12:00:00,1072.0942809932803
01-05 13:00:00,1065.5402447921763
01-05 14:00:00,1074.923795678541
01-05 15:00:00,1083.3335951987835
01-05 16:00:00,1085.0071138574876
01-05 17:00:00,1086.4377811986396
01-05 18:00:00,1093.76806903307
01-05 19:00:00,1106.8615919421104
01-05 20:00:00,1108.5009593109426
01-05 21:00:00,1114.511914940065
01-05 22:00:00,1109.0812630763764
01-05 23:00:00,1115.8423619411471
01-06 00:00:00,1116.8639976390475
01-06 01:00:00,1117.7333022797443
01-06 02:00:00,1131.059373978599
01-06 03:00:00,1138.7377364722097
01-06 04:00:00,1157.151014903147
01-06 05:00:00,1187.6195411529777
01-06 06:00:00,1193.6630410134278
01-06 07:00:00,1194.725782743718
01-06 08:00:00,1192.962606013303
01-06 09:00:00,1176.0953991557005
01-06 10:00:00,1163.9212952676894
01-06 11:00:00,1137.586667253964
01-06 12:00:00,1129.4519306624557
01-06 13:00:00,1124.914696314032
01-06 14:00:00,1112.4680756527061
01-06 15:00:00,1103.6631830694178
01-06 16:00:00,1126.533866176703
01-06 17:00:00,1139.823447713779
01-06 18:00:00,1139.5636137289516
01-06 19:00:00,1140.0137742944573
01-06 20:00:00,1140.5375113663606
01-06 21:00:00,1146.4690051839177
01-06 22:00:00,1146.4690051839177
01-06 23:00:00,1152.6120219649094
01-07 00:00:00,1152.8060390189714
01-07 01:00:00,1153.3363454988482
01-07 02:00:00,1155.2458595247613
01-07 03:00:00,1143.6792567443993
01-07 04:00:00,1150.715070200764
01-07 05:00:00,1160.1527368330462
01-07 06:00:00,1168.5386759876546
01-07 07:00:00,1169.7588922162172
01-07 08:00:00,1192.6068223990321
01-07 09:00:00,1176.7235782479609
01-07 10:00:00,1133.2239057030574
01-07 11:00:00,1078.6475800044234
01-07 12:00:00,1050.464789488664
01-07 13:00:00,1031.8833689964442
01-07 14:00:00,1022.7018452452121
01-07 15:00:00,1057.682590698436
01-07 16:00:00,1075.7303909817997
01-07 17:00:00,1114.3079840744356
01-07 18:00:00,1120.231047852649
01-07 19:00:00,1138.7888197448465
01-07 20:00:00,1137.9312807064082
01-07 21:00:00,1136.5242252691082
01-07 22:00:00,1170.1374139342067
01-07 23:00:00,1185.6469363473968
01-08 00:00:00,1191.3537466090881
01-08 01:00:00,1211.1569041448781
01-08 02:00:00,1185.3437462377979
01-08 03:00:00,1191.4387688981544
01-08 04:00:00,1190.8251330969454
01-08 05:00:00,1204.0666046578124
01-08 06:00:00,1220.4230585848693
01-08 07:00:00,1240.8002066954946
01-08 08:00:00,1240.4336453131934
01-08 09:00:00,1228.1679766540133
01-08 10:00:00,1159.5997186723828
01-08 11:00:00,1097.3739120314744
01-08 12:00:00,1057.0318145377073
01-08 13:00:00,1011.8937329541001
01-08 14:00:00,1011.0442984717158
01-08 15:00:00,1059.2315034585845
01-08 16:00:00,1122.1485558411448
01-08 17:00:00,1174.0257564418605
01-08 18:00:00,1230.8998690576184
01-08 19:00:00,1274.0513060117055
01-08 20:00:00,1299.6110565953531
01-08 21:00:00,1345.915385121531
01-08 22:00:00,1365.8209233037396
01-08 23:00:00,1409.2514545235854
01-09 00:00:00,1427.1560308838737
01-09 01:00:00,1440.0290715189524
01-09 02:00:00,1464.7505166064539
01-09 03:00:00,1481.5553275236582
01-09 04:00:00,1498.4640160581166
01-09 05:00:00,1500.6337466875568
01-09 06:00:00,1511.9139793246982
01-09 07:00:00,1503.1328610147877
01-09 08:00:00,1514.7796354053005
01-09 09:00:00,1471.8135427329744
01-09 10:00:00,1369.055821193136
01-09 11:00:00,1268.8409370662418
01-09 12:00:00,1199.6659870579128
01-09 13:00:00,1163.8588000527361
01-09 14:00:00,1170.0419949188977
01-09 15:00:00,1155.2551714767021
01-09 16:00:00,1174.995247902459
01-09 17:00:00,1201.3127221448065
01-09 18:00:00,1202.767451134079
01-09 19:00:00,1233.454413940326
01-09 20:00:00,1280.4170023717284
01-09 21:00:00,1316.7888986309354
01-09 22:00:00,1320.5220295405834
01-09 23:00:00,1311.560809334882
01-10 00:00:00,1332.5652883641785
01-10 01:00:00,1328.2844896850443
01-10 02:00:00,1348.988611328516
01-10 03:00:00,1378.9583581538539
01-10 04:00:00,1407.7471669127508
01-10 05:00:00,1431.7042965311032
01-10 06:00:00,1445.157508041861
01-10 07:00:00,1459.3621274961793
01-10 08:00:00,1453.7284681300282
01-10 09:00:00,1454.7256008666907
01-10 10:00:00,1366.6200673822264
01-10 11:00:00,1310.3787600730582
01-10 12:00:00,1281.0260921858746
01-10 13:00:00,1235.240196792507
01-10 14:00:00,1251.6838996075962
01-10 15:00:00,1283.017680368332
01-10 16:00:00,1304.1847213451213
01-10 17:00:00,1317.775409621609
01-10 18:00:00,1280.4950019746432
01-10 19:00:00,1309.8264243339852
01-10 20:00:00,1387.0212284756328
01-10 21:00:00,1419.464548003734
01-10 22:00:00,1397.647337898684
01-10 23:00:00,1428.4592953707074
01-11 00:00:00,1450.841027931766
01-11 01:00:00,1463.9975392659612
01-11 02:00:00,1511.4684535059966
01-11 03:00:00,1521.9943250746173
01-11 04:00:00,1511.838946825517
01-11 05:00:00,1525.9172719323014
01-11 06:00:00,1548.3397229359416
01-11 07:00:00,1555.0645487255742
01-11 08:00:00,1537.5737070761331
01-11 09:00:00,1502.4150030386777
01-11 10:00:00,1471.5751228096503
01-11 11:00:00,1399.299248755084
01-11 12:00:00,1336.948915590588
01-11 13:00:00,1323.326820747805
01-11 14:00:00,1326.1072333273582
01-11 15:00:00,1355.2790876603394
01-11 16:00:00,1403.0136111956494
01-11 17:00:00,1430.5138575027768
01-11 18:00:00,1457.165420737555
01-11 19:00:00,1467.979234059504
01-11 20:00:00,1425.9860011494966
01-11 21:00:00,1436.0225058889407
01-11 22:00:00,1417.301113023463
01-11 23:00:00,1402.2724952017506
01-12 00:00:00,1396.5795185117024
01-12 01:00:00,1360.9235978892357
01-12 02:00:00,1382.352585229788
01-12 03:00:00,1376.163168057922
01-12 04:00:00,1356.9519645379585
01-12 05:00:00,1363.754771786372
01-12 06:00:00,1300.3722715848362
01-12 07:00:00,1327.0067726957516
01-12 08:00:00,1245.4571594193617
01-12 09:00:00,1204.1973277036623
01-12 10:00:00,1180.7113462026136
01-12 11:00:00,1109.2676356910638
01-12 12:00:00,1121.2722321862943
01-12 13:00:00,1109.015976640439
01-12 14:00:00,1066.4301568660392
01-12 15:00:00,1109.1550602149364
01-12 16:00:00,1113.8732346770248
01-12 17:00:00,1081.45531598443
01-12 18:00:00,1094.755402923624
01-12 19:00:00,1089.3125585767834
01-12 20:00:00,1068.757298642042
01-12 21:00:00,1048.8811031294597
01-12 22:00:00,1031.4329850742242
01-12 23:00:00,1024.7866285716416
01-13 00:00:00,1012.4479185437091
01-13 01:00:00,1015.3941497943013
01-13 02:00:00,1021.1704585089516
01-13 03:00:00,1000.2232777965478
01-13 04:00:00,981.1305167440947
01-13 05:00:00,981.6176554952538
01-13 06:00:00,971.2968522312866
01-13 07:00:00,983.6335680952955
01-13 08:00:00,987.4551812186246
01-13 09:00:00,967.1652166111194
01-13 10:00:00,959.0358831567844
01-13 11:00:00,953.8610146138263
01-13 12:00:00,944.5388733624824
01-13 13:00:00,920.3298820491362
01-13 14:00:00,917.3838078546574
01-13 15:00:00,894.9698563055576
01-13 16:00:00,889.7346614656584
01-13 17:00:00,898.4642445388517
01-13 18:00:00,825.491551803739
01-13 19:00:00,879.0426668519303
01-13 20:00:00,977.7921602732605
01-13 21:00:00,1034.233822145665
01-13 22:00:00,1047.98167855769
01-13 23:00:00,1040.779558428379
01-14 00:00:00,1026.480933636222
01-14 01:00:00,993.0112542147832
01-14 02:00:00,926.4372312604397
01-14 03:00:00,758.2299583468665
01-14 04:00:00,726.5119516915404
01-14 05:00:00,725.2500523266498
01-14 06:00:00,746.632362034941
01-14 07:00:00,842.6520422504612
01-14 08:00:00,1000.1516613011303
01-14 09:00:00,1021.1267565317629
01-14 10:00:00,1029.8875887609538
01-14 11:00:00,1033.9807320529078
01-14 12:00:00,1053.3751425301693
01-14 13:00:00,1043.5685922107727
01-14 14:00:00,1054.4740169727334
01-14 15:00:00,1062.4697856256412
01-14 16:00:00,1075.1600653531686
01-14 17:00:00,1079.6572687758103
01-14 18:00:00,1085.5101035403086
01-14 19:00:00,1085.5199134064023
01-14 20:00:00,1084.3189581803792
01-14 21:00:00,1080.977514717271
01-14 22:00:00,1071.077726996789
01-14 23:00:00,1069.9055524240716
01-15 00:00:00,1065.4468409438175
01-15 01:00:00,1063.5171652406325
01-15 02:00:00,1064.646201623747
01-15 03:00:00,1071.2743206137402
01-15 04:00:00,1079.1406937428985
01-15 05:00:00,1081.4734658154528
01-15 06:00:00,1096.767250119175
01-15 07:00:00,1110.08956562868
01-15 08:00:00,1118.0360180589707
01-15 09:00:00,1117.1200529435587
01-15 10:00:00,1117.0586936712393
01-15 11:00:00,1117.435814353353
01-15 12:00:00,1131.4257036058884
01-15 13:00:00,1146.5811234243045
01-15 14:00:00,1172.4746529416182
01-15 15:00:00,1208.970483497317
01-15 16:00:00,1229.2847763862796
01-15 17:00:00,1248.1714052705984
01-15 18:00:00,1262.7181489835432
01-15 19:00:00,1261.9493641733266
01-15 20:00:00,1273.1320871380365
01-15 21:00:00,1288.0533495681948
01-15 22:00:00,1306.6716751199226
01-15 23:00:00,1371.2483119409308
01-16 00:00:00,1422.776221873493
01-16 01:00:00,1423.2350823087918
01-16 02:00:00,1435.1995261071077
01-16 03:00:00,1476.084572530855
01-16 04:00:00,1514.0346029442303
01-16 05:00:00,1515.47195600408
01-16 06:00:00,1527.608436854092
01-16 07:00:00,1526.5566433180081
01-16 08:00:00,1529.2323791784697
01-16 09:00:00,1455.2844884259289
01-16 10:00:00,1377.966330679944
01-16 11:00:00,1311.6586373836144
01-16 12:00:00,1316.216418670097
01-16 13:00:00,1298.6940082222006
01-16 14:00:00,1297.0792203510396
01-16 15:00:00,1329.5414669624017
01-16 16:00:00,1363.88687142511
01-16 17:00:00,1403.478577263184
01-16 18:00:00,1389.8192616122014
01-16 19:00:00,1373.706922555747
01-16 20:00:00,1405.982600072041
01-16 21:00:00,1409.9378859778594
01-16 22:00:00,1381.4805813920123
01-16 23:00:00,1387.2258421104289
01-17 00:00:00,1403.5241632498598
01-17 01:00:00,1384.9936875215976
01-17 02:00:00,1331.2544341108367
01-17 03:00:00,1307.6666022678194
01-17 04:00:00,1304.385731113559
01-17 05:00:00,1294.174661128789
01-17 06:00:00,1301.3066842696003
01-17 07:00:00,1256.9239946591533
01-17 08:00:00,1138.4738248453625
01-17 09:00:00,1141.7331231205092
01-17 10:00:00,1089.5363589325493
01-17 11:00:00,1047.2500028814445
01-17 12:00:00,1012.2180192821412
01-17 13:00:00,1007.7654237356569
01-17 14:00:00,1012.7999273019548
01-17 15:00:00,1023.5433881240751
01-17 16:00:00,1030.550309329801
01-17 17:00:00,1027.7659802698201
01-17 18:00:00,1022.2900429080333
01-17 19:00:00,1005.7258396563215
01-17 20:00:00,1000.1367179697108
01-17 21:00:00,993.772060566226
01-17 22:00:00,992.9825374478257
01-17 23:00:00,982.68115957637
01-18 00:00:00,983.497254954418
01-18 01:00:00,994.7873972406956
01-18 02:00:00,1002.2293634171906
01-18 03:00:00,1003.1608595900801
01-18 04:00:00,992.9714084402722
01-18 05:00:00,1012.161048161135
01-18 06:00:00,1022.719223990465
01-18 07:00:00,1018.2820083812134
01-18 08:00:00,994.841399196335
01-18 09:00:00,971.266509357121
01-18 10:00:00,973.8772174395849
01-18 11:00:00,965.358673309742
01-18 12:00:00,961.8563434807853
01-18 13:00:00,944.755862970784
01-18 14:00:00,933.432434708559
01-18 15:00:00,940.3864171156839
01-18 16:00:00,968.9393401041713
01-18 17:00:00,999.4097070975004
01-18 18:00:00,1052.7129969825787
01-18 19:00:00,1117.0644450595587
01-18 20:00:00,1130.2406453802962
01-18 21:00:00,1158.860775528447
01-18 22:00:00,1149.1085467413204
01-18 23:00:00,1179.0230900861693
01-19 00:00:00,1241.0055345684846
01-19 01:00:00,1224.2803531789425
01-19 02:00:00,1256.6485590868726
01-19 03:00:00,1318.1305718168314
01-19 04:00:00,1331.025068716394
01-19 05:00:00,1343.1595750050242
01-19 06:00:00,1322.4810960008522
01-19 07:00:00,1387.3479663386156
01-19 08:00:00,1333.441044250246
01-19 09:00:00,1299.4958790613114
01-19 10:00:00,1202.7487634277752
01-19 11:00:00,1153.2113767365324
01-19 12:00:00,1100.2431552789092
01-19 13:00:00,1031.8622879965553
01-19 14:00:00,989.5091800720462
01-19 15:00:00,973.2935165164371
01-19 16:00:00,975.7736299183747
01-19 17:00:00,996.213539900772
01-19 18:00:00,1035.9928994862812
01-19 19:00:00,1027.0638131800777
01-19 20:00:00,1005.5190858337926
01-19 21:00:00,983.1684710249893
01-19 22:00:00,986.7390514365671
01-19 23:00:00,1019.876254865049
01-20 00:00:00,1040.3274734267316
01-20 01:00:00,1076.5290151939232
01-20 02:00:00,1082.1607307690915
01-20 03:00:00,1051.529273723959
01-20 04:00:00,1076.4598355349965
01-20 05:00:00,1092.2328679210004
01-20 06:00:00,1106.4189587200021
01-20 07:00:00,1066.062708419842
01-20 08:00:00,1081.6552194665378
01-20 09:00:00,1035.8949295876102
01-20 10:00:00,958.5760649596205
01-20 11:00:00,890.6677254322175
01-20 12:00:00,862.0612820757477
01-20 13:00:00,828.5739134160187
01-20 14:00:00,798.8396965306987
01-20 15:00:00,765.4915088671406
01-20 16:00:00,789.0332634337011
01-20 17:00:00,808.113313917523
01-20 18:00:00,835.1772465325598
01-20 19:00:00,826.3964408791646
01-20 20:00:00,835.3767657980505
01-20 21:00:00,853.1924915346644
01-20 22:00:00,884.9157111331103
01-20 23:00:00,896.885264008902
01-21 00:00:00,885.4872790886426
01-21 01:00:00,854.6658361959844
01-21 02:00:00,822.8074643698841
01-21 03:00:00,804.0955446075035
01-21 04:00:00,746.5500793652197
01-21 05:00:00,711.6560621906251
01-21 06:00:00,674.374137375643
01-21 07:00:00,710.4717396892735
01-21 08:00:00,728.2440235636609
01-21 09:00:00,699.1644431659001
01-21 10:00:00,678.6879186436402
01-21 11:00:00,648.3638401369177
01-21 12:00:00,589.8969571256205
01-21 13:00:00,567.2290144815345
01-21 14:00:00,610.8462355303561
01-21 15:00:00,602.5754086859677
01-21 16:00:00,623.7219445793586
01-21 17:00:00,697.5338484431087
01-21 18:00:00,710.7240631944899
01-21 19:00:00,720.0025139983765
01-21 20:00:00,747.0063764123396
01-21 21:00:00,704.15001208323
01-21 22:00:00,679.8387053751117
01-21 23:00:00,668.8278152519918
01-22 00:00:00,679.9567962653781
01-22 01:00:00,694.7967329780405
01-22 02:00:00,749.8341162764145
01-22 03:00:00,739.5459242313041
01-22 04:00:00,717.767465056591
01-22 05:00:00,765.72308256897
01-22 06:00:00,727.4290477628795
01-22 07:00:00,747.197916933211
01-22 08:00:00,700.9943422338578
01-22 09:00:00,743.2547408111263
01-22 10:00:00,659.8497562289617
01-22 11:00:00,612.6924022707237
01-22 12:00:00,619.3850362797256
01-22 13:00:00,605.1621526658193
01-22 14:00:00,596.9252220124982
01-22 15:00:00,611.1951181700283
01-22 16:00:00,653.7511020379322
01-22 17:00:00,681.2877745849196
01-22 18:00:00,714.5731916815805
01-22 19:00:00,757.9339093848184
01-22 20:00:00,797.0807193743585
01-22 21:00:00,770.682137364592
01-22 22:00:00,775.9349985451829
01-22 23:00:00,823.7008315461134
01-23 00:00:00,837.2859574827966
01-23 01:00:00,900.8839233191032
01-23 02:00:00,900.2501424838306
01-23 03:00:00,905.8344251093365
01-23 04:00:00,913.1893932063314
01-23 05:00:00,927.5980611426602
01-23 06:00:00,973.2684743840947
01-23 07:00:00,986.4755340057742
01-23 08:00:00,978.129630614791
01-23 09:00:00,972.7286294675498
01-23 10:00:00,986.9182740976952
01-23 11:00:00,951.0494537089884
01-23 12:00:00,889.7118921409678
01-23 13:00:00,857.6308463747379
01-23 14:00:00,865.8864189097023
01-23 15:00:00,898.3871475956145
01-23 16:00:00,905.9088595666046
01-23 17:00:00,963.1150517537212
01-23 18:00:00,933.6527970496268
01-23 19:00:00,937.6152266886164
01-23 20:00:00,986.696208971873
01-23 21:00:00,993.7893661902251
01-23 22:00:00,975.4075191916197
01-23 23:00:00,957.9715056942572
01-24 00:00:00,941.0132071368909
01-24 01:00:00,928.6499461394911
01-24 02:00:00,900.1141730924857
01-24 03:00:00,852.4045859441309
01-24 04:00:00,934.3192356843545
01-24 05:00:00,952.6403343286555
01-24 06:00:00,968.8469604677832
01-24 07:00:00,991.9712235010311
01-24 08:00:00,1053.7461538833802
01-24 09:00:00,1026.8009288942103
01-24 10:00:00,1005.3866530875575
01-24 11:00:00,965.6409251649906
01-24 12:00:00,947.0504561348847
01-24 13:00:00,954.477779435295
01-24 14:00:00,975.7985099528902
01-24 15:00:00,1012.5309654322735
01-24 16:00:00,1094.5281383657084
01-24 17:00:00,1142.2942436042604
01-24 18:00:00,1155.5635110465903
01-24 19:00:00,1206.0955988058688
01-24 20:00:00,1192.415864143707
01-24 21:00:00,1170.8969590725203
01-24 22:00:00,1179.346731393162
01-24 23:00:00,1171.3316092864077
01-25 00:00:00,1142.5654411223236
01-25 01:00:00,1117.9656769566393
01-25 02:00:00,1115.1677840064615
01-25 03:00:00,1174.6151313363341
01-25 04:00:00,1196.4514070481073
01-25 05:00:00,1181.976652909054
01-25 06:00:00,1185.336340121643
01-25 07:00:00,1159.5099585272483
01-25 08:00:00,1151.3276546091538
01-25 09:00:00,1135.2425734569895
01-25 10:00:00,1086.7153211913849
01-25 11:00:00,1090.123807431992
01-25 12:00:00,1056.0071211876948
01-25 13:00:00,1030.874699318437
01-25 14:00:00,1053.8019614107202
01-25 15:00:00,1049.170519345253
01-25 16:00:00,1054.0487308781528
01-25 17:00:00,1121.0880897047382
01-25 18:00:00,1109.031160585488
01-25 19:00:00,1106.6899046722187
01-25 20:00:00,1075.1770905314713
01-25 21:00:00,1062.5284021606078
01-25 22:00:00,1041.1287985114043
01-25 23:00:00,1053.9204460592343
01-26 00:00:00,1060.145660899348
01-26 01:00:00,1055.4595606163698
01-26 02:00:00,1082.016282313828
01-26 03:00:00,1094.899208569471
01-26 04:00:00,1072.4628334835895
01-26 05:00:00,1125.7269498734977
01-26 06:00:00,1114.9455472516456
01-26 07:00:00,1106.0043944101697
01-26 08:00:00,1114.5485872264937
01-26 09:00:00,1089.0251444458227
01-26 10:00:00,1050.4128183218359
01-26 11:00:00,1032.477314504417
01-26 12:00:00,995.679777236124
01-26 13:00:00,972.8547723599423
01-26 14:00:00,1003.5056199637359
01-26 15:00:00,1010.4731138616222
01-26 16:00:00,1045.943680742943
01-26 17:00:00,1067.997890596481
01-26 18:00:00,1097.9597582556528
01-26 19:00:00,1124.170732353683
01-26 20:00:00,1113.5813374646032
01-26 21:00:00,1135.3498916462725
01-26 22:00:00,1162.1426020126287
01-26 23:00:00,1182.4936449578292
01-27 00:00:00,1223.275045851921
01-27 01:00:00,1269.405288410429
01-27 02:00:00,1274.3571525598124
01-27 03:00:00,1276.6387987175053
01-27 04:00:00,1288.1915939513983
01-27 05:00:00,1270.4078657337363
01-27 06:00:00,1244.8251791657842
01-27 07:00:00,1261.7880091942468
01-27 08:00:00,1255.8594074300122
01-27 09:00:00,1239.554989850495
01-27 10:00:00,1277.4481955314532
01-27 11:00:00,1291.164626998895
01-27 12:00:00,1260.4633536801798
01-27 13:00:00,1235.6575632463382
01-27 14:00:00,1214.9628095491807
01-27 15:00:00,1220.6759094292968
01-27 16:00:00,1213.0943130304179
01-27 17:00:00,1188.2710636601655
01-27 18:00:00,1163.5504536133226
01-27 19:00:00,1150.1143837662394
01-27 20:00:00,1132.3641713410213
01-27 21:00:00,1110.9952624115776
01-27 22:00:00,1103.4109841040772
01-27 23:00:00,1078.5139979342432
01-28 00:00:00,1074.140063101077
01-28 01:00:00,1074.4410273349479
01-28 02:00:00,1060.3215265749536
01-28 03:00:00,1045.880846496109
01-28 04:00:00,1029.9832018465888
01-28 05:00:00,1014.6319417484024
01-28 06:00:00,991.1269026564207
01-28 07:00:00,972.5543524141058
01-28 08:00:00,947.4680874844798
01-28 09:00:00,942.3743662033891
01-28 10:00:00,913.1255760795121
01-28 11:00:00,892.3309596623753
01-28 12:00:00,894.103976375683
01-28 13:00:00,893.1818691075226
01-28 14:00:00,856.7994205935944
01-28 15:00:00,856.7994205935944
01-28 16:00:00,839.8570498104658
01-28 17:00:00,793.6949129442196
01-28 18:00:00,628.7495528477053
01-28 19:00:00,665.9251559588249
01-28 20:00:00,525.596887967494
01-28 21:00:00,683.7615099811145
01-28 22:00:00,759.4946604327068
01-28 23:00:00,798.6338322475185
01-29 00:00:00,782.422006280883
01-29 01:00:00,797.3418726911315
01-29 02:00:00,802.4692802175703
01-29 03:00:00,803.6828037884911
01-29 04:00:00,807.583945860293
01-29 05:00:00,835.9380657225265
01-29 06:00:00,818.1340993552391
01-29 07:00:00,751.844153592835
01-29 08:00:00,566.9906276582847
01-29 09:00:00,537.4257413341056
01-29 10:00:00,535.9791317096926
01-29 11:00:00,542.8558103411184
01-29 12:00:00,630.4801407764581
01-29 13:00:00,733.7254738630671
01-29 14:00:00,709.4927052565994
01-29 15:00:00,621.2767235418995
01-29 16:00:00,563.3392433156297
01-29 17:00:00,597.3717545724568
01-29 18:00:00,707.2567262515004
01-29 19:00:00,712.7674135013356
01-29 20:00:00,734.8173578204218
01-29 21:00:00,691.4088852610619
01-29 22:00:00,667.0839249831884
01-29 23:00:00,659.9956327380057
01-30 00:00:00,644.832747221562
01-30 01:00:00,641.2362423020596
01-30 02:00:00,666.5521016390618
01-30 03:00:00,669.2414224695933
01-30 04:00:00,735.1823367784289
01-30 05:00:00,745.8291596652641
01-30 06:00:00,793.0027643718788
01-30 07:00:00,839.8237473100107
01-30 08:00:00,848.3404109793648
01-30 09:00:00,820.4791654683731
01-30 10:00:00,807.1211492386942
01-30 11:00:00,741.4283826941233
01-30 12:00:00,760.1213908907233
01-30 13:00:00,778.8280144198202
01-30 14:00:00,798.60457756591
01-30 15:00:00,818.1192332708138
01-30 16:00:00,813.2489172571859
01-30 17:00:00,833.4045234376699
01-30 18:00:00,835.0983082981057
01-30 19:00:00,839.8676496680898
01-30 20:00:00,837.7731995364267
01-30 21:00:00,844.7153491899246
01-30 22:00:00,844.1150801791787
01-30 23:00:00,832.3204532875893
01-31 00:00:00,827.622026581783
01-31 01:00:00,823.5428201743233
01-31 02:00:00,829.4610882993741
01-31 03:00:00,829.4388908222104
01-31 04:00:00,847.5026395228886
01-31 05:00:00,832.4136876907287
01-31 06:00:00,857.8948877346419
01-31 07:00:00,857.3956211170259
01-31 08:00:00,847.8243176959048
01-31 09:00:00,864.5745830037663
01-31 10:00:00,847.0846653689762
01-31 11:00:00,825.3864862383364
01-31 12:00:00,798.1469159236474
01-31 13:00:00,763.895165942724
01-31 14:00:00,737.7985693022355
01-31 15:00:00,712.6764651679523
01-31 16:00:00,704.476104087236
01-31 17:00:00,734.3262218987575
01-31 18:00:00,766.0855546962578
01-31 19:00:00,783.2524491574186
01-31 20:00:00,826.4143981722165
01-31 21:00:00,836.4094808599239
01-31 22:00:00,857.3462283800243
01-31 23:00:00,846.4878099291298
02-01 00:00:00,834.4751545894851
02-01 01:00:00,819.4183454900071
02-01 02:00:00,823.8057927127194
02-01 03:00:00,822.0167603984256
02-01 04:00:00,812.6772678137494
02-01 05:00:00,832.3939958154969
02-01 06:00:00,823.3519857085705
02-01 07:00:00,801.0264025017899
02-01 08:00:00,790.8663377075031
02-01 09:00:00,781.8588380655221
02-01 10:00:00,766.5068289522708
02-01 11:00:00,766.4497373561962
02-01 12:00:00,735.0467049804151
02-01 13:00:00,690.2997247214305
02-01 14:00:00,710.8781422943445
02-01 15:00:00,730.4535808446947
02-01 16:00:00,756.0968467314699
02-01 17:00:00,756.3565974607081
02-01 18:00:00,765.0077066571566
02-01 19:00:00,764.3572150892777
02-01 20:00:00,770.4926153417614
02-01 21:00:00,763.9153067279753
02-01 22:00:00,761.0583259101444
02-01 23:00:00,775.3397058944561
02-02 00:00:00,780.3184339110849
02-02 01:00:00,779.4059814385083
02-02 02:00:00,753.1362318997901
02-02 03:00:00,717.9967070580282
02-02 04:00:00,757.9149817808428
02-02 05:00:00,785.3986689380405
02-02 06:00:00,806.8539171640264
02-02 07:00:00,790.664425684828
02-02 08:00:00,777.4361396114065
02-02 09:00:00,753.3169700164673
02-02 10:00:00,725.9110439022576
02-02 11:00:00,692.4800903520163
02-02 12:00:00,658.3651139929586
02-02 13:00:00,660.6283999271394
02-02 14:00:00,643.0162404333794
02-02 15:00:00,637.7129587630594
02-02 16:00:00,637.4228698103844
02-02 17:00:00,657.917793885529
02-02 18:00:00,666.3687393002213
02-02 19:00:00,677.7754229306222
02-02 20:00:00,684.6391755396244
02-02 21:00:00,686.1160552553503
02-02 22:00:00,647.8555129389383
02-02 23:00:00,694.3537564604051
02-03 00:00:00,698.9819733079286
02-03 01:00:00,688.3672557704095
02-03 02:00:00,698.7814160179754
02-03 03:00:00,706.0748215386798
02-03 04:00:00,705.610474615736
02-03 05:00:00,720.2876985038566
02-03 06:00:00,693.7641210587874
02-03 07:00:00,707.6698401636643
02-03 08:00:00,705.6007072000905
02-03 09:00:00,690.3459917938435
02-03 10:00:00,616.1834139542218
02-03 11:00:00,577.314105170336
02-03 12:00:00,577.3533306939506
02-03 13:00:00,593.8231650307036
02-03 14:00:00,582.661712424842
02-03 15:00:00,596.2933926963454
02-03 16:00:00,598.7123498401008
02-03 17:00:00,589.8257688093213
02-03 18:00:00,593.5239859796768
02-03 19:00:00,520.5872104912557
02-03 20:00:00,520.303741538672
02-03 21:00:00,599.0539198476616
02-03 22:00:00,629.2424888502198
02-03 23:00:00,547.2960912707656
02-04 00:00:00,499.46000582026556
02-04 01:00:00,517.3686252240323
02-04 02:00:00,622.6566495805612
02-04 03:00:00,656.696904629099
02-04 04:00:00,694.8827751967605
02-04 05:00:00,689.8829434242773
02-04 06:00:00,708.3202325573442
02-04 07:00:00,794.1483775647047
02-04 08:00:00,808.9542956942937
02-04 09:00:00,730.0130599063524
02-04 10:00:00,652.1982471706684
02-04 11:00:00,565.2138037358321
02-04 12:00:00,507.18522704836255
02-04 13:00:00,505.5913415324289
02-04 14:00:00,514.7218918265069
02-04 15:00:00,515.9354602449739
02-04 16:00:00,557.4631314191225
02-04 17:00:00,602.5594038575716
02-04 18:00:00,659.7864776725366
02-04 19:00:00,694.2824056027545
02-04 20:00:00,680.8927767248176
02-04 21:00:00,711.9842995447752
02-04 22:00:00,715.9964756911963
02-04 23:00:00,715.415374795297
02-05 00:00:00,734.9198842770462
02-05 01:00:00,748.7634584493038
02-05 02:00:00,772.802394902429
02-05 03:00:00,783.3853838983679
02-05 04:00:00,785.8855836000486
02-05 05:00:00,812.5820108573286
02-05 06:00:00,817.0223073192273
02-05 07:00:00,845.151878377749
02-05 08:00:00,869.5540407093813
02-05 09:00:00,731.4591368637634
02-05 10:00:00,628.6749198927329
02-05 11:00:00,572.9558153716335
02-05 12:00:00,468.82259508650793
02-05 13:00:00,392.5530146026552
02-05 14:00:00,392.3133430183603
02-05 15:00:00,399.7138584223219
02-05 16:00:00,471.7398053396438
02-05 17:00:00,495.24288809942385
02-05 18:00:00,537.3468936679387
02-05 19:00:00,578.2547694341024
02-05 20:00:00,584.2559861336787
02-05 21:00:00,628.3152190752215
02-05 22:00:00,659.702802355777
02-05 23:00:00,696.1928423417754
02-06 00:00:00,703.0302368418709
02-06 01:00:00,712.6195697309122
02-06 02:00:00,743.541253063471
02-06 03:00:00,772.0690675944619
02-06 04:00:00,763.1799641314846
02-06 05:00:00,770.4307909368032
02-06 06:00:00,784.2458914839543
02-06 07:00:00,779.6889978885423
02-06 08:00:00,788.7155770157524
02-06 09:00:00,748.6518350536237
02-06 10:00:00,698.7009158958057
02-06 11:00:00,678.5275242241619
02-06 12:00:00,625.259743909414
02-06 13:00:00,601.5955301575398
02-06 14:00:00,619.5734753746132
02-06 15:00:00,598.4041903615034
02-06 16:00:00,614.0827256547075
02-06 17:00:00,654.306107607769
02-06 18:00:00,664.1563070644963
02-06 19:00:00,686.4627882047712
02-06 20:00:00,695.2278278812265
02-06 21:00:00,684.4088252810667
02-06 22:00:00,702.3386579175839
02-06 23:00:00,730.1121107528656
02-07 00:00:00,765.4501689193503
02-07 01:00:00,758.1239407009615
02-07 02:00:00,762.6035983506355
02-07 03:00:00,759.6270933644169
02-07 04:00:00,778.712379904423
02-07 05:00:00,796.94248241859
02-07 06:00:00,811.1340922781084
02-07 07:00:00,799.730284553651
02-07 08:00:00,814.4797488868439
02-07 09:00:00,737.1335446620147
02-07 10:00:00,700.870224025232
02-07 11:00:00,725.2565265082781
02-07 12:00:00,685.9563177017257
02-07 13:00:00,693.1244148196918
02-07 14:00:00,710.1908173393101
02-07 15:00:00,733.9453780614285
02-07 16:00:00,757.8841037057764
02-07 17:00:00,801.8832015969872
02-07 18:00:00,844.7769285202445
02-07 19:00:00,903.5475366779443
02-07 20:00:00,926.9793986054119
02-07 21:00:00,932.0416897885418
02-07 22:00:00,937.7176183345907
02-07 23:00:00,891.1818824997462
02-08 00:00:00,925.02363389459
02-08 01:00:00,939.862243950644
02-08 02:00:00,959.6597905741193
02-08 03:00:00,971.401795061519
02-08 04:00:00,984.6522195506262
02-08 05:00:00,990.1864218263062
02-08 06:00:00,986.5743310581529
02-08 07:00:00,996.5915923747104
02-08 08:00:00,990.120208823685
02-08 09:00:00,962.3242712460435
02-08 10:00:00,857.8879797371287
02-08 11:00:00,760.7934278365934
02-08 12:00:00,712.1376039993893
02-08 13:00:00,672.5959572035651
02-08 14:00:00,672.4204133225984
02-08 15:00:00,690.6584482921066
02-08 16:00:00,849.5019760033524
02-08 17:00:00,904.6493637509508
02-08 18:00:00,933.0795019065506
02-08 19:00:00,953.4215819561329
02-08 20:00:00,973.1566797243909
02-08 21:00:00,987.7544235784875
02-08 22:00:00,1002.5263347251878
02-08 23:00:00,1012.6129881818772
02-09 00:00:00,1021.1730867745677
02-09 01:00:00,1016.5187963374333
02-09 02:00:00,1013.5205429892638
02-09 03:00:00,1026.6067878806239
02-09 04:00:00,1037.8270376455985
02-09 05:00:00,1058.904027618949
02-09 06:00:00,1057.7889646348729
02-09 07:00:00,1061.8363953271846
02-09 08:00:00,1061.6459152886753
02-09 09:00:00,1047.5824361820055
02-09 10:00:00,1038.7890540326835
02-09 11:00:00,1037.3116357962947
02-09 12:00:00,1019.1763950189087
02-09 13:00:00,1005.255477099869
02-09 14:00:00,1004.8955993094702
02-09 15:00:00,997.3496367838839
02-09 16:00:00,1000.9485890519358
02-09 17:00:00,1016.38445231588
02-09 18:00:00,1024.1000992864576
02-09 19:00:00,1068.0872580018806
02-09 20:00:00,1090.551737419201
02-09 21:00:00,1087.206159617044
02-09 22:00:00,1073.390670318975
02-09 23:00:00,1059.8920039222085
02-10 00:00:00,1072.5473087895807
02-10 01:00:00,1083.4970698903246
02-10 02:00:00,1067.8947932451006
02-10 03:00:00,1063.2897237260681
02-10 04:00:00,1062.0110553026175
02-10 05:00:00,1052.327542548952
02-10 06:00:00,1054.1062841086416
02-10 07:00:00,1053.6284909976396
02-10 08:00:00,1051.5475770377702
02-10 09:00:00,1049.9232683384419
02-10 10:00:00,1028.185381402534
02-10 11:00:00,994.2450650490337
02-10 12:00:00,980.5963836489393
02-10 13:00:00,926.4862585478768
02-10 14:00:00,890.5032107485013
02-10 15:00:00,865.7109895483986
02-10 16:00:00,906.267544595703
02-10 17:00:00,987.7639686600795
02-10 18:00:00,1065.0504249172438
02-10 19:00:00,1174.1602826472476
02-10 20:00:00,1242.9645419275882
02-10 21:00:00,1287.8873906412953
02-10 22:00:00,1321.4277933488947
02-10 23:00:00,1382.2831006417744
02-11 00:00:00,1431.1156508478994
02-11 01:00:00,1461.9849243546955
02-11 02:00:00,1490.9641198242
02-11 03:00:00,1513.4936421035732
02-11 04:00:00,1541.2482470600291
02-11 05:00:00,1558.7229383005083
02-11 06:00:00,1563.1560748488037
02-11 07:00:00,1559.2627771501
02-11 08:00:00,1546.4781333312137
02-11 09:00:00,1534.5348256707052
02-11 10:00:00,1523.2496678028533
02-11 11:00:00,1513.9548069829705
02-11 12:00:00,1490.444691978923
02-11 13:00:00,1467.2535924167157
02-11 14:00:00,1452.2741502265642
02-11 15:00:00,1446.8003273711663
02-11 16:00:00,1454.331180254914
02-11 17:00:00,1479.3558555785721
02-11 18:00:00,1493.0029975553343
02-11 19:00:00,1499.4825686216318
02-11 20:00:00,1507.5855718618723
02-11 21:00:00,1507.6538298160783
02-11 22:00:00,1525.52432499396
02-11 23:00:00,1540.5024658297878
02-12 00:00:00,1572.8329540253612
02-12 01:00:00,1594.6290432449784
02-12 02:00:00,1589.7156740273954
02-12 03:00:00,1567.807985909552
02-12 04:00:00,1574.4432346945596
02-12 05:00:00,1590.674518087172
02-12 06:00:00,1595.1456184511458
02-12 07:00:00,1601.8991882324437
02-12 08:00:00,1585.4407952208483
02-12 09:00:00,1576.3427870054131
02-12 10:00:00,1553.0968393288629
02-12 11:00:00,1520.4878074293736
02-12 12:00:00,1482.0255891987736
02-12 13:00:00,1459.6094447516862
02-12 14:00:00,1457.8525699432153
02-12 15:00:00,1459.200888999045
02-12 16:00:00,1472.1981843317274
02-12 17:00:00,1491.5277433001434
02-12 18:00:00,1508.6573119052111
02-12 19:00:00,1471.9294309107897
02-12 20:00:00,1448.686814863359
02-12 21:00:00,1453.1884169989382
02-12 22:00:00,1469.3329843772565
02-12 23:00:00,1493.7834993292158
02-13 00:00:00,1511.0468561730456
02-13 01:00:00,1526.9455274012105
02-13 02:00:00,1538.577400473026
02-13 03:00:00,1571.838924117171
02-13 04:00:00,1599.5558845483217
02-13 05:00:00,1618.8620985382709
02-13 06:00:00,1644.5544125461865
02-13 07:00:00,1644.86333593509
02-13 08:00:00,1644.6911805367542
02-13 09:00:00,1635.6555890382317
02-13 10:00:00,1594.5689987686494
02-13 11:00:00,1561.4968279462555
02-13 12:00:00,1554.168158933892
02-13 13:00:00,1526.9155881425497
02-13 14:00:00,1496.4738074889024
02-13 15:00:00,1485.2252422393003
02-13 16:00:00,1482.1866153671904
02-13 17:00:00,1506.701606767202
02-13 18:00:00,1595.7651945410094
02-13 19:00:00,1630.1234159829874
02-13 20:00:00,1610.6499784875564
02-13 21:00:00,1643.7003949751843
02-13 22:00:00,1703.5089605004102
02-13 23:00:00,1769.4925820695614
02-14 00:00:00,1827.3815426605229
02-14 01:00:00,1852.7112337081112
02-14 02:00:00,1865.0342492075204
02-14 03:00:00,1896.8635071393694
02-14 04:00:00,1882.40189703228
02-14 05:00:00,1890.8206879670272
02-14 06:00:00,1930.7025609666205
02-14 07:00:00,1936.4165973335466
02-14 08:00:00,1893.1862845369471
02-14 09:00:00,1797.8716117110944
02-14 10:00:00,1623.3929400553448
02-14 11:00:00,1505.5713860698336
02-14 12:00:00,1422.7938888540764
02-14 13:00:00,1351.9534174378414
02-14 14:00:00,1315.5261042879065
02-14 15:00:00,1301.007009113102
02-14 16:00:00,1326.4038368815516
02-14 17:00:00,1382.5097837128121
02-14 18:00:00,1441.0715878092
02-14 19:00:00,1455.54489380593
02-14 20:00:00,1481.7094414824164
02-14 21:00:00,1483.8687753207857
02-14 22:00:00,1462.3952404813156
02-14 23:00:00,1439.411823998672
02-15 00:00:00,1416.8226938239827
02-15 01:00:00,1439.4776764516148
02-15 02:00:00,1470.8657442500719
02-15 03:00:00,1479.4537893778756
02-15 04:00:00,1477.6286195765892
02-15 05:00:00,1521.2483621979732
02-15 06:00:00,1466.9225694603929
02-15 07:00:00,1478.9489883573176
02-15 08:00:00,1406.3629607446644
02-15 09:00:00,1219.6333699678185
02-15 10:00:00,1100.7081490059531
02-15 11:00:00,1036.0814788382775
02-15 12:00:00,971.7735041848632
02-15 13:00:00,915.9640346196071
02-15 14:00:00,905.2974017209423
02-15 15:00:00,904.1350243936679
02-15 16:00:00,920.0200662100711
02-15 17:00:00,925.3705659471068
02-15 18:00:00,917.2383025560523
02-15 19:00:00,925.9620249932113
02-15 20:00:00,914.5070446538044
02-15 21:00:00,884.2832789108805
02-15 22:00:00,888.5009855852711
02-15 23:00:00,910.9319054582625
02-16 00:00:00,922.116579321734
02-16 01:00:00,941.0804074381127
02-16 02:00:00,932.2026446826849
02-16 03:00:00,909.5904755216039
02-16 04:00:00,919.4624392713021
02-16 05:00:00,894.5355175493097
02-16 06:00:00,893.5334479868102
02-16 07:00:00,890.575318197669
02-16 08:00:00,870.082141690319
02-16 09:00:00,795.9806784476579
02-16 10:00:00,760.3449445796667
02-16 11:00:00,716.021526025729
02-16 12:00:00,686.1407687303179
02-16 13:00:00,615.0341989059705
02-16 14:00:00,565.3564882929469
02-16 15:00:00,581.5453668664959
02-16 16:00:00,628.7309418914051
02-16 17:00:00,655.3695494443201
02-16 18:00:00,665.6547557277416
02-16 19:00:00,707.5137913790035
02-16 20:00:00,741.3708180202406
02-16 21:00:00,743.8027952480685
02-16 22:00:00,740.5164001282201
02-16 23:00:00,773.560202501759
02-17 00:00:00,726.4686966182584
02-17 01:00:00,737.2895065476205
02-17 02:00:00,752.8539131485429
02-17 03:00:00,696.1843085478291
02-17 04:00:00,688.1665302941641
02-17 05:00:00,705.1424577331031
02-17 06:00:00,722.0162531830964
02-17 07:00:00,737.687265143198
02-17 08:00:00,726.5127141374107
02-17 09:00:00,705.3973387189507
02-17 10:00:00,641.2494307245679
02-17 11:00:00,601.2638621385664
02-17 12:00:00,490.84692426125093
02-17 13:00:00,487.8957191642262
02-17 14:00:00,481.6796337176773
02-17 15:00:00,491.2877457423644
02-17 16:00:00,557.4610447508519
02-17 17:00:00,625.561901976358
02-17 18:00:00,673.2654996578983
02-17 19:00:00,678.904938161931
02-17 20:00:00,759.1342627449093
02-17 21:00:00,797.9215508186493
02-17 22:00:00,833.4411040735293
02-17 23:00:00,852.9299625786423
02-18 00:00:00,865.0129654291849
02-18 01:00:00,864.8334486725353
02-18 02:00:00,881.8314423127288
02-18 03:00:00,902.5681663862334
02-18 04:00:00,936.1514980754476
02-18 05:00:00,955.3109165656031
02-18 06:00:00,970.1431630960986
02-18 07:00:00,985.1825463014765
02-18 08:00:00,945.029603850886
02-18 09:00:00,849.5889797540024
02-18 10:00:00,747.0009808303541
02-18 11:00:00,652.6331250876974
02-18 12:00:00,578.2876506684576
02-18 13:00:00,507.20959931973033
02-18 14:00:00,464.6845229623258
02-18 15:00:00,459.6718846571157
02-18 16:00:00,531.0563523508724
02-18 17:00:00,585.5907830226548
02-18 18:00:00,619.9550575665979
02-18 19:00:00,638.1984741300794
02-18 20:00:00,645.1042831863209
02-18 21:00:00,654.4774596478794
02-18 22:00:00,689.1449315206031
02-18 23:00:00,643.1128604949289
02-19 00:00:00,661.4467867567467
02-19 01:00:00,712.1276531863414
02-19 02:00:00,694.1190028195368
02-19 03:00:00,710.785740029891
02-19 04:00:00,706.0794265093821
02-19 05:00:00,685.5742919471066
02-19 06:00:00,699.733573810616
02-19 07:00:00,692.7922067386492
02-19 08:00:00,687.2461916117492
02-19 09:00:00,654.6820100565949
02-19 10:00:00,567.4778582043001
02-19 11:00:00,459.3747651603762
02-19 12:00:00,372.14978853134096
02-19 13:00:00,326.81111608445036
02-19 14:00:00,307.9541093897565
02-19 15:00:00,322.9693678821266
02-19 16:00:00,396.3320683295917
02-19 17:00:00,437.49763005282864
02-19 18:00:00,515.9514814053948
02-19 19:00:00,554.2108170012447
02-19 20:00:00,577.3549495235944
02-19 21:00:00,622.2006203112844
02-19 22:00:00,636.9088290869785
02-19 23:00:00,660.8801968311295
02-20 00:00:00,653.2956746355903
02-20 01:00:00,664.3517893128256
02-20 02:00:00,704.7861030671893
02-20 03:00:00,728.9924380584569
02-20 04:00:00,791.6934938166534
02-20 05:00:00,791.3229542895971
02-20 06:00:00,783.6714588650134
02-20 07:00:00,816.9360641634457
02-20 08:00:00,790.6417866374853
02-20 09:00:00,687.8435941082191
02-20 10:00:00,567.1338965975307
02-20 11:00:00,455.95537412793556
02-20 12:00:00,375.9025932392797
02-20 13:00:00,328.89071892517535
02-20 14:00:00,302.5293922567997
02-20 15:00:00,311.92582586141395
02-20 16:00:00,375.25630517258094
02-20 17:00:00,423.15208179542583
02-20 18:00:00,487.6598390851242
02-20 19:00:00,564.5761734155709
02-20 20:00:00,586.6402515584234
02-20 21:00:00,604.2552692114228
02-20 22:00:00,648.3079760471037
02-20 23:00:00,682.0574689046912
02-21 00:00:00,677.845912387815
02-21 01:00:00,709.2766637405952
02-21 02:00:00,730.7716863641423
02-21 03:00:00,750.0080034153542
02-21 04:00:00,806.5188124803208
02-21 05:00:00,799.0763528499839
02-21 06:00:00,844.2277467885492
02-21 07:00:00,841.9652082316471
02-21 08:00:00,820.3517935069625
02-21 09:00:00,700.7948213809279
02-21 10:00:00,541.6422495848863
02-21 11:00:00,488.084155699466
02-21 12:00:00,395.80640840810145
02-21 13:00:00,325.88891202806366
02-21 14:00:00,267.00030162374816
02-21 15:00:00,280.7988935694402
02-21 16:00:00,372.1080629509646
02-21 17:00:00,412.02027985023113
02-21 18:00:00,474.5524607825292
02-21 19:00:00,499.27072208194005
02-21 20:00:00,583.5819340217802
02-21 21:00:00,636.7289981922574
02-21 22:00:00,616.2939653748141
02-21 23:00:00,642.8479096713265
02-22 00:00:00,650.2293640135244
02-22 01:00:00,679.4118791823862
02-22 02:00:00,691.0706396994087
02-22 03:00:00,754.6169978913583
02-22 04:00:00,769.4840764049354
02-22 05:00:00,791.1763660274137
02-22 06:00:00,766.7990765862495
02-22 07:00:00,772.4464118972169
02-22 08:00:00,685.2840941510265
02-22 09:00:00,548.315919093245
02-22 10:00:00,407.8898465185462
02-22 11:00:00,367.710204786452
02-22 12:00:00,311.66815950296944
02-22 13:00:00,257.06196913649256
02-22 14:00:00,247.03228314132784
02-22 15:00:00,248.57757254292872
02-22 16:00:00,282.6376386207169
02-22 17:00:00,354.4683922933032
02-22 18:00:00,377.5784435572654
02-22 19:00:00,444.6681943043648
02-22 20:00:00,451.027168565078
02-22 21:00:00,491.35486887358036
02-22 22:00:00,551.5949849806091
02-22 23:00:00,575.0014396490224
02-23 00:00:00,571.8669891806535
02-23 01:00:00,594.6520306964426
02-23 02:00:00,611.8396985097286
02-23 03:00:00,624.6810411643467
02-23 04:00:00,713.593962905751
02-23 05:00:00,681.5102769277031
02-23 06:00:00,689.200338166399
02-23 07:00:00,766.0532616215351
02-23 08:00:00,706.987783509187
02-23 09:00:00,611.4938087316473
02-23 10:00:00,526.7218549245773
02-23 11:00:00,425.89950461660146
02-23 12:00:00,348.59507457250174
02-23 13:00:00,300.2648162597964
02-23 14:00:00,256.65190974905033
02-23 15:00:00,258.32385224838214
02-23 16:00:00,287.12148140788395
02-23 17:00:00,357.9865201902409
02-23 18:00:00,411.25940908790795
02-23 19:00:00,465.409297522867
02-23 20:00:00,506.63656374668204
02-23 21:00:00,523.6458001482857
02-23 22:00:00,563.043045168251
02-23 23:00:00,568.5327308071016
02-24 00:00:00,571.9972492121437
02-24 01:00:00,571.8333053596609
02-24 02:00:00,583.4245176233995
02-24 03:00:00,604.3535938439614
02-24 04:00:00,639.9747103581976
02-24 05:00:00,650.0202830093647
02-24 06:00:00,690.5921820580783
02-24 07:00:00,703.4879834576029
02-24 08:00:00,631.8654028108489
02-24 09:00:00,573.7673820710753
02-24 10:00:00,467.0160866067337
02-24 11:00:00,383.918813527555
02-24 12:00:00,313.4268124679046
02-24 13:00:00,249.0450740390787
02-24 14:00:00,199.87786113994852
02-24 15:00:00,197.68470974373443
02-24 16:00:00,256.4781793318816
02-24 17:00:00,305.58966900490475
02-24 18:00:00,363.9412555558548
02-24 19:00:00,394.51628246270514
02-24 20:00:00,458.18361398728996
02-24 21:00:00,489.4101988095624
02-24 22:00:00,515.5802784068504
02-24 23:00:00,554.7034427784206
02-25 00:00:00,557.8399694787012
02-25 01:00:00,603.2621665149064
02-25 02:00:00,584.7894030189091
02-25 03:00:00,640.5063029935717
02-25 04:00:00,635.3138274920803
02-25 05:00:00,657.5639989652489
02-25 06:00:00,694.7739485087509
02-25 07:00:00,708.8549628253436
02-25 08:00:00,696.1620896652372
02-25 09:00:00,559.9673091564476
02-25 10:00:00,425.76464747293863
02-25 11:00:00,349.3128154597019
02-25 12:00:00,280.3210610978637
02-25 13:00:00,227.47443304627478
02-25 14:00:00,186.78931067803683
02-25 15:00:00,187.43470144186372
02-25 16:00:00,237.55280340347483
02-25 17:00:00,299.472962730296
02-25 18:00:00,366.0741032706671
02-25 19:00:00,429.10630420307814
02-25 20:00:00,452.1850642387092
02-25 21:00:00,484.88021810252184
02-25 22:00:00,529.1402759837406
02-25 23:00:00,572.4297045469712
02-26 00:00:00,594.4033740607621
02-26 01:00:00,618.7327852508465
02-26 02:00:00,668.7342081607178
02-26 03:00:00,654.0464511362176
02-26 04:00:00,670.2084793831564
02-26 05:00:00,679.8335179170156
02-26 06:00:00,728.9520346280075
02-26 07:00:00,723.3819421148705
02-26 08:00:00,660.4355531767941
02-26 09:00:00,543.5934346978131
02-26 10:00:00,462.95642235868746
02-26 11:00:00,349.6764009927479
02-26 12:00:00,264.71968908982836
02-26 13:00:00,239.96966731767017
02-26 14:00:00,213.78050654815132
02-26 15:00:00,219.27086594834591
02-26 16:00:00,253.61233488958283
02-26 17:00:00,328.61606641826205
02-26 18:00:00,379.19421711362685
02-26 19:00:00,407.0679150521422
02-26 20:00:00,440.8003579168227
02-26 21:00:00,465.99667776682617
02-26 22:00:00,510.8742967409957
02-26 23:00:00,505.2342129197975
02-27 00:00:00,508.5683648176171
02-27 01:00:00,525.6282848510615
02-27 02:00:00,584.4073314663115
02-27 03:00:00,621.1503992440845
02-27 04:00:00,662.2479862631124
02-27 05:00:00,697.1766987670705
02-27 06:00:00,717.3407604243482
02-27 07:00:00,729.8139703056129
02-27 08:00:00,736.7469866931306
02-27 09:00:00,741.4177884240848
02-27 10:00:00,730.8287914135485
02-27 11:00:00,729.9941318818414
02-27 12:00:00,728.8150957876587
02-27 13:00:00,725.2538066373294
02-27 14:00:00,716.8019963537567
02-27 15:00:00,703.3853400085295
02-27 16:00:00,700.8846174616191
02-27 17:00:00,702.8486764205468
02-27 18:00:00,703.7500108896286
02-27 19:00:00,705.0599867011074
02-27 20:00:00,718.2068046518722
02-27 21:00:00,733.8724913051167
02-27 22:00:00,763.0218473714037
02-27 23:00:00,804.3805643230667
02-28 00:00:00,857.4315010526499
02-28 01:00:00,899.2651794442029
02-28 02:00:00,893.6852862578169
02-28 03:00:00,888.869870258766
02-28 04:00:00,892.2376338418013
02-28 05:00:00,886.5407914317776
02-28 06:00:00,892.0060978087673
02-28 07:00:00,913.4710865802772
02-28 08:00:00,923.2198756846053
02-28 09:00:00,891.4564691231494
02-28 10:00:00,840.7234524805708
02-28 11:00:00,803.7798499176864
02-28 12:00:00,765.8356694223401
02-28 13:00:00,718.6723692736529
02-28 14:00:00,702.596090023811
02-28 15:00:00,683.3694752973132
02-28 16:00:00,683.8322314319234
02-28 17:00:00,733.9644107854668
02-28 18:00:00,780.6964814798715
02-28 19:00:00,805.3070697299296
02-28 20:00:00,861.0315958863974
02-28 21:00:00,902.4405967069088
02-28 22:00:00,917.4120987355172
02-28 23:00:00,918.3577413622886
03-01 00:00:00,971.4384842566434
03-01 01:00:00,964.7141234544382
03-01 02:00:00,1002.4357371094452
03-01 03:00:00,1006.1093551736182
03-01 04:00:00,1050.924709743124
03-01 05:00:00,1066.1105882989734
03-01 06:00:00,1101.767984043455
03-01 07:00:00,1113.6990266991538
03-01 08:00:00,1057.0977926652454
03-01 09:00:00,1005.3823974185848
03-01 10:00:00,941.8528150269608
03-01 11:00:00,832.345238434136
03-01 12:00:00,683.8192055893866
03-01 13:00:00,590.2662503824162
03-01 14:00:00,496.73346694841547
03-01 15:00:00,456.2901073734275
03-01 16:00:00,487.6211045749197
03-01 17:00:00,572.6408816189718
03-01 18:00:00,617.1543396731507
03-01 19:00:00,646.2339687173728
03-01 20:00:00,729.2303402525353
03-01 21:00:00,773.1753294369711
03-01 22:00:00,795.3356838599237
03-01 23:00:00,828.1496144799107
03-02 00:00:00,865.9977614495797
03-02 01:00:00,903.3860999394069
03-02 02:00:00,884.6022924325041
03-02 03:00:00,915.8219221375454
03-02 04:00:00,967.7690663747898
03-02 05:00:00,987.3139973787503
03-02 06:00:00,999.4887565674699
03-02 07:00:00,1007.2189014361633
03-02 08:00:00,929.5555558611925
03-02 09:00:00,782.2823289596903
03-02 10:00:00,648.545503215883
03-02 11:00:00,540.5877309273757
03-02 12:00:00,478.2987387773376
03-02 13:00:00,379.8718372241701
03-02 14:00:00,316.6771530957829
03-02 15:00:00,305.38923586225377
03-02 16:00:00,372.10214602807304
03-02 17:00:00,411.22800868614144
03-02 18:00:00,493.4595937696761
03-02 19:00:00,520.9776525465954
03-02 20:00:00,616.4282627262512
03-02 21:00:00,647.3400222785345
03-02 22:00:00,670.6067446044736
03-02 23:00:00,677.987596921929
03-03 00:00:00,724.3961917048072
03-03 01:00:00,719.1355308945862
03-03 02:00:00,709.1805320151377
03-03 03:00:00,769.4916431537926
03-03 04:00:00,788.5834016491428
03-03 05:00:00,776.9885386794916
03-03 06:00:00,807.0254541545049
03-03 07:00:00,795.0323566228554
03-03 08:00:00,765.0210411499581
03-03 09:00:00,732.9052349856279
03-03 10:00:00,663.9459929224022
03-03 11:00:00,581.056381732973
03-03 12:00:00,521.7714566631685
03-03 13:00:00,471.8319986574316
03-03 14:00:00,451.47075662324124
03-03 15:00:00,469.9577147596281
03-03 16:00:00,493.00996682504285
03-03 17:00:00,522.634335385792
03-03 18:00:00,561.0868558550417
03-03 19:00:00,585.2330399070445
03-03 20:00:00,629.9915998945954
03-03 21:00:00,666.4739105199842
03-03 22:00:00,661.5775767680659
03-03 23:00:00,710.2210816760397
03-04 00:00:00,730.0048787762845
03-04 01:00:00,756.8407361022453
03-04 02:00:00,732.7220218799164
03-04 03:00:00,740.1759918233981
03-04 04:00:00,723.5098200910041
03-04 05:00:00,733.5368138823487
03-04 06:00:00,736.6871852310592
03-04 07:00:00,708.8222503539739
03-04 08:00:00,673.3774684426287
03-04 09:00:00,610.502078257088
03-04 10:00:00,534.4190711410888
03-04 11:00:00,444.21223846722404
03-04 12:00:00,377.39346987080745
03-04 13:00:00,326.00310658929357
03-04 14:00:00,326.5502064963156
03-04 15:00:00,340.6788868900175
03-04 16:00:00,354.6839761145048
03-04 17:00:00,386.1565699559191
03-04 18:00:00,472.59226623630354
03-04 19:00:00,502.69132349712436
03-04 20:00:00,541.9275719730672
03-04 21:00:00,629.6207371106366
03-04 22:00:00,673.1310479290814
03-04 23:00:00,672.4037704727036
03-05 00:00:00,705.2381944959336
03-05 01:00:00,713.4828481682937
03-05 02:00:00,718.1126424584015
03-05 03:00:00,724.159890697907
03-05 04:00:00,729.4272706718862
03-05 05:00:00,732.5700934687385
03-05 06:00:00,734.7124036921468
03-05 07:00:00,728.7754055955489
03-05 08:00:00,696.6497148217253
03-05 09:00:00,685.377423263314
03-05 10:00:00,713.8918076274034
03-05 11:00:00,729.4029495977668
03-05 12:00:00,716.6996470682552
03-05 13:00:00,773.7431389404908
03-05 14:00:00,798.6144626988353
03-05 15:00:00,780.2151180828326
03-05 16:00:00,784.8635415799753
03-05 17:00:00,809.7500956593997
03-05 18:00:00,838.1971168261413
03-05 19:00:00,831.6196896503843
03-05 20:00:00,828.4405026639614
03-05 21:00:00,832.5424458326843
03-05 22:00:00,844.0815182292118
03-05 23:00:00,854.5574167569465
03-06 00:00:00,872.3569407768733
03-06 01:00:00,894.1702465531117
03-06 02:00:00,919.3635856467458
03-06 03:00:00,937.1830453741004
03-06 04:00:00,962.9392390917162
03-06 05:00:00,986.1496711944022
03-06 06:00:00,994.2981920946198
03-06 07:00:00,1016.1838415048431
03-06 08:00:00,992.5533604682602
03-06 09:00:00,938.9910028588138
03-06 10:00:00,882.0592525310135
03-06 11:00:00,835.2377504307336
03-06 12:00:00,807.120245885585
03-06 13:00:00,782.5103468740216
03-06 14:00:00,761.3257828120585
03-06 15:00:00,746.5973429887878
03-06 16:00:00,744.4628775997724
03-06 17:00:00,752.9483094963456
03-06 18:00:00,788.6873600218727
03-06 19:00:00,824.3172227508878
03-06 20:00:00,894.3587348747295
03-06 21:00:00,925.3185763992733
03-06 22:00:00,946.8549665606861
03-06 23:00:00,981.4079742654858
03-07 00:00:00,991.8885819885468
03-07 01:00:00,1021.478794675285
03-07 02:00:00,1040.048936121765
03-07 03:00:00,1061.7035859706211
03-07 04:00:00,1054.1829160736659
03-07 05:00:00,1050.0081562878497
03-07 06:00:00,1028.6903790185106
03-07 07:00:00,1009.984319044316
03-07 08:00:00,966.9815827017002
03-07 09:00:00,894.2868929242724
03-07 10:00:00,871.8168800671945
03-07 11:00:00,803.056168556451
03-07 12:00:00,760.4072638259685
03-07 13:00:00,715.0756664915755
03-07 14:00:00,680.0173738770906
03-07 15:00:00,631.2987356401115
03-07 16:00:00,593.4842087199263
03-07 17:00:00,604.2556334205526
03-07 18:00:00,663.7594581568836
03-07 19:00:00,685.8764067330907
03-07 20:00:00,708.2991370322649
03-07 21:00:00,724.9664586284771
03-07 22:00:00,730.4526625317218
03-07 23:00:00,742.276365992957
03-08 00:00:00,769.1461661544196
03-08 01:00:00,770.4177712091496
03-08 02:00:00,770.4177712091496
03-08 03:00:00,764.8860668519056
03-08 04:00:00,783.5063572358764
03-08 05:00:00,785.2123279487176
03-08 06:00:00,795.3769780960237
03-08 07:00:00,814.4854589149626
03-08 08:00:00,802.6536315469958
03-08 09:00:00,785.2757806063073
03-08 10:00:00,746.0946006769526
03-08 11:00:00,660.1246763926008
03-08 12:00:00,590.8813409445494
03-08 13:00:00,581.0299068116557
03-08 14:00:00,528.4136759804261
03-08 15:00:00,533.7368304211792
03-08 16:00:00,558.9948599880144
03-08 17:00:00,635.6225029263089
03-08 18:00:00,719.7402280694054
03-08 19:00:00,765.6120415346787
03-08 20:00:00,792.2460493612152
03-08 21:00:00,768.2283212867279
03-08 22:00:00,787.0073534262374
03-08 23:00:00,833.6789352757869
03-09 00:00:00,906.0387930150059
03-09 01:00:00,954.4079488307618
03-09 02:00:00,982.0418564210743
03-09 03:00:00,1026.385521319893
03-09 04:00:00,1048.676326181195
03-09 05:00:00,1070.4421249028762
03-09 06:00:00,1102.4304461682702
03-09 07:00:00,1064.9027655681343
03-09 08:00:00,1025.1653880885008
03-09 09:00:00,968.9674353994552
03-09 10:00:00,922.0179928355203
03-09 11:00:00,853.4919378163715
03-09 12:00:00,796.3931898577354
03-09 13:00:00,725.7788768570016
03-09 14:00:00,667.6690328121023
03-09 15:00:00,641.9478900024524
03-09 16:00:00,641.266703928984
03-09 17:00:00,669.1642874020478
03-09 18:00:00,743.8952369541994
03-09 19:00:00,775.3543724974808
03-09 20:00:00,796.6025074992114
03-09 21:00:00,781.3256835828778
03-09 22:00:00,789.5989490554364
03-09 23:00:00,802.5169806316911
03-10 00:00:00,812.0935498009235
03-10 01:00:00,833.959508232805
03-10 02:00:00,842.5058778864733
03-10 03:00:00,862.4477743222984
03-10 04:00:00,875.6119746355306
03-10 05:00:00,891.9587419824963
03-10 06:00:00,890.7592786095901
03-10 07:00:00,893.8105267238119
03-10 08:00:00,816.8063269297344
03-10 09:00:00,722.7840533029864
03-10 10:00:00,655.4949181716522
03-10 11:00:00,621.191013808665
03-10 12:00:00,594.0394099427448
03-10 13:00:00,543.4244739160564
03-10 14:00:00,511.9247699463038
03-10 15:00:00,496.57114804670135
03-10 16:00:00,517.6330981870888
03-10 17:00:00,586.3827451039379
03-10 18:00:00,667.7061230731466
03-10 19:00:00,682.2593622978951
03-10 20:00:00,733.3370084112356
03-10 21:00:00,743.3821472909921
03-10 22:00:00,755.7985587136367
03-10 23:00:00,723.1065198711293
03-11 00:00:00,714.5440208876273
03-11 01:00:00,699.4528956023807
03-11 02:00:00,693.638278417905
03-11 03:00:00,688.3819556176875
03-11 04:00:00,681.9382495865134
03-11 05:00:00,668.0373590491862
03-11 06:00:00,664.1162250581478
03-11 07:00:00,696.3928331145149
03-11 08:00:00,624.2274963878152
03-11 09:00:00,573.8265538292625
03-11 10:00:00,461.98369048260247
03-11 11:00:00,384.77537861507085
03-11 12:00:00,283.8324906312203
03-11 13:00:00,257.9879925960906
03-11 14:00:00,240.9129484902057
03-11 15:00:00,243.6596064197984
03-11 16:00:00,253.40110420742982
03-11 17:00:00,254.30856061379777
03-11 18:00:00,354.6212066257777
03-11 19:00:00,454.3502497282933
03-11 20:00:00,467.93326748550317
03-11 21:00:00,447.18155536243205
03-11 22:00:00,436.8675166344779
03-11 23:00:00,450.94006973793506
03-12 00:00:00,466.77022530288116
03-12 01:00:00,594.3059521141683
03-12 02:00:00,666.047509133056
03-12 03:00:00,673.5876719430894
03-12 04:00:00,713.7055272181694
03-12 05:00:00,694.8294141054985
03-12 06:00:00,716.6411358948008
03-12 07:00:00,731.278800428897
03-12 08:00:00,685.6681434600084
03-12 09:00:00,640.7183828220054
03-12 10:00:00,614.2319290689248
03-12 11:00:00,555.283836549479
03-12 12:00:00,515.6240717874537
03-12 13:00:00,482.3533146762671
03-12 14:00:00,466.2234883789644
03-12 15:00:00,433.5821527686412
03-12 16:00:00,450.7391461417221
03-12 17:00:00,530.1674140205455
03-12 18:00:00,622.3371018122753
03-12 19:00:00,677.6611587673048
03-12 20:00:00,689.7437151185809
03-12 21:00:00,718.7931020270543
03-12 22:00:00,732.8220863557924
03-12 23:00:00,709.0083399897526
03-13 00:00:00,717.2912851400833
03-13 01:00:00,688.9418116778993
03-13 02:00:00,689.7100048644747
03-13 03:00:00,665.4481003920307
03-13 04:00:00,711.7269188369864
03-13 05:00:00,744.7587090013996
03-13 06:00:00,823.5651538640838
03-13 07:00:00,828.3828414405766
03-13 08:00:00,748.1840465852845
03-13 09:00:00,613.0972048453164
03-13 10:00:00,529.5087146712146
03-13 11:00:00,434.2634765213736
03-13 12:00:00,344.1237302439109
03-13 13:00:00,309.8180208363617
03-13 14:00:00,303.10311440139685
03-13 15:00:00,320.7255863793695
03-13 16:00:00,354.8486006072985
03-13 17:00:00,558.7228050420337
03-13 18:00:00,686.7635630024356
03-13 19:00:00,737.4015122657378
03-13 20:00:00,779.1910033561553
03-13 21:00:00,723.7669534234029
03-13 22:00:00,644.5800963028076
03-13 23:00:00,654.0734147115933
03-14 00:00:00,616.9259507664722
03-14 01:00:00,761.1023634343101
03-14 02:00:00,965.0203293964161
03-14 03:00:00,1012.7581119929225
03-14 04:00:00,1020.0215647023125
03-14 05:00:00,962.1041737704547
03-14 06:00:00,962.0080179984145
03-14 07:00:00,958.2172029206453
03-14 08:00:00,925.3618222583553
03-14 09:00:00,872.5973420089925
03-14 10:00:00,801.3430503539281
03-14 11:00:00,763.2442861987645
03-14 12:00:00,724.7154175185254
03-14 13:00:00,777.7393072939052
03-14 14:00:00,937.8513226973297
03-14 15:00:00,935.8583763771205
03-14 16:00:00,928.9690384420569
03-14 17:00:00,892.8831174728836
03-14 18:00:00,884.4677755891526
03-14 19:00:00,892.3237185714341
03-14 20:00:00,848.1695342987431
03-14 21:00:00,823.8695969375384
03-14 22:00:00,901.3819099452245
03-14 23:00:00,856.3757786320056
03-15 00:00:00,872.1611155456324
03-15 01:00:00,888.5307240954481
03-15 02:00:00,917.3936636502773
03-15 03:00:00,931.5879236718888
03-15 04:00:00,964.6480051018922
03-15 05:00:00,972.8655070673353
03-15 06:00:00,968.543776571488
03-15 07:00:00,969.7134405627804
03-15 08:00:00,966.6312151342829
03-15 09:00:00,969.9143092250033
03-15 10:00:00,979.5836127469018
03-15 11:00:00,937.628926586129
03-15 12:00:00,903.1968708061142
03-15 13:00:00,915.2962531167137
03-15 14:00:00,951.357549465637
03-15 15:00:00,922.1038774855781
03-15 16:00:00,867.3271454609014
03-15 17:00:00,892.6905376189013
03-15 18:00:00,964.9842101828289
03-15 19:00:00,960.2295095384327
03-15 20:00:00,978.1059457372788
03-15 21:00:00,949.1171667711789
03-15 22:00:00,948.2231567443897
03-15 23:00:00,953.8946279119642
03-16 00:00:00,959.5503539165086
03-16 01:00:00,967.1017818435466
03-16 02:00:00,926.933075392771
03-16 03:00:00,886.2949947378088
03-16 04:00:00,881.8916411631062
03-16 05:00:00,945.7829021484275
03-16 06:00:00,948.8207470464686
03-16 07:00:00,920.460447359397
03-16 08:00:00,907.6614298089758
03-16 09:00:00,862.1887411701389
03-16 10:00:00,827.2766729435735
03-16 11:00:00,815.097202496075
03-16 12:00:00,852.5416129539872
03-16 13:00:00,869.4469287401998
03-16 14:00:00,825.957572563599
03-16 15:00:00,898.2132894935735
03-16 16:00:00,907.3303623101242
03-16 17:00:00,910.6773503045163
03-16 18:00:00,923.0876232962562
03-16 19:00:00,934.8570427179641
03-16 20:00:00,925.372198853861
03-16 21:00:00,917.911468991283
03-16 22:00:00,962.6747166192491
03-16 23:00:00,971.3094280994652
03-17 00:00:00,976.9861627325793
03-17 01:00:00,987.4283829370415
03-17 02:00:00,993.2250796931608
03-17 03:00:00,994.858358253979
03-17 04:00:00,1012.1177566484771
03-17 05:00:00,1034.968238599928
03-17 06:00:00,1041.1601086690414
03-17 07:00:00,1045.1631449022889
03-17 08:00:00,1029.220813619308
03-17 09:00:00,1018.7541417931347
03-17 10:00:00,983.8716481339437
03-17 11:00:00,896.6763831168381
03-17 12:00:00,848.7027788194192
03-17 13:00:00,831.425006868609
03-17 14:00:00,842.4439486856878
03-17 15:00:00,1018.1693361282424
03-17 16:00:00,968.0472732880157
03-17 17:00:00,987.8239045080559
03-17 18:00:00,1023.1674987841297
03-17 19:00:00,1004.8469862078432
03-17 20:00:00,1011.1767406303494
03-17 21:00:00,1014.830297528134
03-17 22:00:00,1004.6275955217048
03-17 23:00:00,999.6319064493294
03-18 00:00:00,1006.7497389210971
03-18 01:00:00,1010.1083120886631
03-18 02:00:00,1015.8865041140477
03-18 03:00:00,1035.3230331583902
03-18 04:00:00,1049.5767256627248
03-18 05:00:00,1066.6480589950513
03-18 06:00:00,1062.4305052258487
03-18 07:00:00,1084.6445012303866
03-18 08:00:00,1050.035086247639
03-18 09:00:00,980.5842123666823
03-18 10:00:00,930.8785034671977
03-18 11:00:00,946.6088603993302
03-18 12:00:00,894.9988786726302
03-18 13:00:00,838.9048953752152
03-18 14:00:00,806.7807335133856
03-18 15:00:00,825.8659053280949
03-18 16:00:00,849.7473159879811
03-18 17:00:00,895.7489487415625
03-18 18:00:00,960.7151943685528
03-18 19:00:00,1029.250015577307
03-18 20:00:00,1073.295413453484
03-18 21:00:00,1130.9658640997504
03-18 22:00:00,1166.60342034897
03-18 23:00:00,1173.3886577634762
03-19 00:00:00,1191.0183098296043
03-19 01:00:00,1192.8557048046557
03-19 02:00:00,1219.9558888500287
03-19 03:00:00,1224.5798449159008
03-19 04:00:00,1223.8536803934026
03-19 05:00:00,1256.5884738300683
03-19 06:00:00,1279.8064474325517
03-19 07:00:00,1250.336994784952
03-19 08:00:00,1156.1156489594969
03-19 09:00:00,1027.5892242115267
03-19 10:00:00,912.1812887354039
03-19 11:00:00,832.7635893504763
03-19 12:00:00,779.4128539667053
03-19 13:00:00,730.4269005913371
03-19 14:00:00,730.2460996015656
03-19 15:00:00,712.4682364168074
03-19 16:00:00,721.3147641125115
03-19 17:00:00,794.6449987920257
03-19 18:00:00,877.4946624922536
03-19 19:00:00,925.7444142490115
03-19 20:00:00,958.435285386101
03-19 21:00:00,996.0021053444268
03-19 22:00:00,1053.6303364230134
03-19 23:00:00,1061.4493167254695
03-20 00:00:00,1064.0243849624214
03-20 01:00:00,1065.7887666723216
03-20 02:00:00,1077.791215754994
03-20 03:00:00,1085.8495805156338
03-20 04:00:00,1089.4201980070668
03-20 05:00:00,1114.0446639920697
03-20 06:00:00,1141.931058789176
03-20 07:00:00,1136.305914108928
03-20 08:00:00,1100.1671575374735
03-20 09:00:00,1057.4266145558215
03-20 10:00:00,1035.834634329375
03-20 11:00:00,1011.3083803473615
03-20 12:00:00,969.2874811575697
03-20 13:00:00,912.3390492878369
03-20 14:00:00,908.9271997274725
03-20 15:00:00,889.868803887086
03-20 16:00:00,906.5883328843652
03-20 17:00:00,966.7409154045317
03-20 18:00:00,1041.4997253502838
03-20 19:00:00,1111.0220574470554
03-20 20:00:00,1171.5255962656915
03-20 21:00:00,1198.950068724857
03-20 22:00:00,1232.5452302212325
03-20 23:00:00,1225.5525222783274
03-21 00:00:00,1206.1765218890469
03-21 01:00:00,1188.5875989496737
03-21 02:00:00,1178.4544542680337
03-21 03:00:00,1169.8091595563512
03-21 04:00:00,1174.1753605340325
03-21 05:00:00,1157.699765211268
03-21 06:00:00,1142.6116651372615
03-21 07:00:00,1122.6298574652108
03-21 08:00:00,1067.6724743585726
03-21 09:00:00,1016.2814689402951
03-21 10:00:00,960.0456580968383
03-21 11:00:00,931.8891296059321
03-21 12:00:00,917.5466703659132
03-21 13:00:00,894.2396271348131
03-21 14:00:00,884.9199780516308
03-21 15:00:00,896.8343843971595
03-21 16:00:00,921.8377170731164
03-21 17:00:00,960.1849753903934
03-21 18:00:00,973.0649951458907
03-21 19:00:00,967.5537340204947
03-21 20:00:00,958.0102565101465
03-21 21:00:00,977.5459535027322
03-21 22:00:00,961.0772428181701
03-21 23:00:00,952.1362301693698
03-22 00:00:00,965.9511186557907
03-22 01:00:00,953.0470567661662
03-22 02:00:00,949.2271325486776
03-22 03:00:00,965.592449904815
03-22 04:00:00,955.8215833507019
03-22 05:00:00,956.1312671014009
03-22 06:00:00,949.4891930999653
03-22 07:00:00,929.1846671877456
03-22 08:00:00,890.4861792246074
03-22 09:00:00,849.4321013248856
03-22 10:00:00,833.2990074025637
03-22 11:00:00,805.6495240591098
03-22 12:00:00,801.4437056559844
03-22 13:00:00,782.4182853874311
03-22 14:00:00,770.1772988260137
03-22 15:00:00,764.4114051215012
03-22 16:00:00,760.1719696983808
03-22 17:00:00,778.0001308106993
03-22 18:00:00,811.4542687156501
03-22 19:00:00,836.9676587041987
03-22 20:00:00,869.2010309678632
03-22 21:00:00,887.800185978665
03-22 22:00:00,924.4494459671928
03-22 23:00:00,961.2661919063987
03-23 00:00:00,993.6777993213129
03-23 01:00:00,1025.764271597916
03-23 02:00:00,1042.4443300468793
03-23 03:00:00,1083.3769877308348
03-23 04:00:00,1104.1630587882917
03-23 05:00:00,1124.51427564887
03-23 06:00:00,1149.591728838199
03-23 07:00:00,1057.4712682643067
03-23 08:00:00,946.0267768048541
03-23 09:00:00,811.0167031666177
03-23 10:00:00,707.141666381418
03-23 11:00:00,651.8082094037949
03-23 12:00:00,592.4826079004715
03-23 13:00:00,548.4655094972059
03-23 14:00:00,516.076340517176
03-23 15:00:00,491.43592910125875
03-23 16:00:00,509.7043042492862
03-23 17:00:00,589.5742244480457
03-23 18:00:00,656.2366512568871
03-23 19:00:00,718.1150103944831
03-23 20:00:00,764.3115934792153
03-23 21:00:00,796.5287010768311
03-23 22:00:00,854.6132592606521
03-23 23:00:00,872.3906181400317
03-24 00:00:00,898.5429218839897
03-24 01:00:00,931.2653396340976
03-24 02:00:00,945.8051517938148
03-24 03:00:00,961.4667179305309
03-24 04:00:00,960.4350502001375
03-24 05:00:00,987.9883519904533
03-24 06:00:00,1000.3824150555228
03-24 07:00:00,949.4221451111986
03-24 08:00:00,827.1562248436501
03-24 09:00:00,702.5008108330502
03-24 10:00:00,590.4479193638624
03-24 11:00:00,503.736320789681
03-24 12:00:00,419.42160809206507
03-24 13:00:00,370.168082874174
03-24 14:00:00,319.16787615555023
03-24 15:00:00,301.3530225769299
03-24 16:00:00,340.3362634874809
03-24 17:00:00,443.5834149427255
03-24 18:00:00,529.2019412627767
03-24 19:00:00,574.5930556402132
03-24 20:00:00,624.3085743953003
03-24 21:00:00,661.8070520832817
03-24 22:00:00,702.2515324335475
03-24 23:00:00,734.9130937868002
03-25 00:00:00,736.228069176557
03-25 01:00:00,765.9268582894199
03-25 02:00:00,790.4060958275198
03-25 03:00:00,790.0768786901227
03-25 04:00:00,797.9763205351899
03-25 05:00:00,856.055681084791
03-25 06:00:00,843.7433774860493
03-25 07:00:00,806.6031790375398
03-25 08:00:00,686.8642709987917
03-25 09:00:00,552.5332933206919
03-25 10:00:00,443.22117373832646
03-25 11:00:00,350.83128579149025
03-25 12:00:00,289.75756099964264
03-25 13:00:00,244.52459672368104
03-25 14:00:00,215.66657306848617
03-25 15:00:00,223.2888207252057
03-25 16:00:00,236.3630385558751
03-25 17:00:00,328.7196738916791
03-25 18:00:00,424.1094306990964
03-25 19:00:00,486.7190407757923
03-25 20:00:00,502.60830039704973
03-25 21:00:00,544.6246237407252
03-25 22:00:00,580.9080907640771
03-25 23:00:00,609.7639571374714
03-26 00:00:00,657.2215911107708
03-26 01:00:00,686.6557795081544
03-26 02:00:00,722.7978758359549
03-26 03:00:00,733.4112832633896
03-26 04:00:00,773.3006495151584
03-26 05:00:00,820.8482002728684
03-26 06:00:00,818.4183770966276
03-26 07:00:00,721.0042165749751
03-26 08:00:00,619.7237453866869
03-26 09:00:00,520.5121303586909
03-26 10:00:00,415.0687513529663
03-26 11:00:00,322.1494604715417
03-26 12:00:00,258.7566779465694
03-26 13:00:00,241.72842415824005
03-26 14:00:00,192.649507493457
03-26 15:00:00,170.7979718855238
03-26 16:00:00,178.34201005959702
03-26 17:00:00,303.4994556812762
03-26 18:00:00,386.5769340709433
03-26 19:00:00,427.01193075446076
03-26 20:00:00,422.0522781839008
03-26 21:00:00,507.90629830023664
03-26 22:00:00,520.1683197628133
03-26 23:00:00,527.4467440628
03-27 00:00:00,500.0353431262579
03-27 01:00:00,526.8363770805629
03-27 02:00:00,549.9499584734157
03-27 03:00:00,502.5732584138246
03-27 04:00:00,552.1205517815199
03-27 05:00:00,573.7992815480516
03-27 06:00:00,563.4066536864143
03-27 07:00:00,640.3091186129598
03-27 08:00:00,696.9261853856035
03-27 09:00:00,670.2061498193306
03-27 10:00:00,648.2946278186906
03-27 11:00:00,602.5094478387214
03-27 12:00:00,586.6303941296053
03-27 13:00:00,570.6862886042934
03-27 14:00:00,555.3968030638262
03-27 15:00:00,513.4582615528673
03-27 16:00:00,494.46988844591607
03-27 17:00:00,504.5230684921655
03-27 18:00:00,547.4869473664634
03-27 19:00:00,618.6870595911313
03-27 20:00:00,667.90765935121
03-27 21:00:00,677.4799847137376
03-27 22:00:00,694.4951067245411
03-27 23:00:00,723.0662305744386
03-28 00:00:00,720.575270294326
03-28 01:00:00,775.762408892792
03-28 02:00:00,826.1940276576044
03-28 03:00:00,873.7873260618264
03-28 04:00:00,921.7818218375875
03-28 05:00:00,925.7802629532133
03-28 06:00:00,903.2840781802079
03-28 07:00:00,862.7238601557684
03-28 08:00:00,756.934383377718
03-28 09:00:00,626.6394502810645
03-28 10:00:00,516.1789475415223
03-28 11:00:00,429.86662378092024
03-28 12:00:00,385.1279276812896
03-28 13:00:00,326.75853595240557
03-28 14:00:00,294.6978137723366
03-28 15:00:00,268.8080041467058
03-28 16:00:00,262.76463750921704
03-28 17:00:00,320.6097975400758
03-28 18:00:00,406.1609420024309
03-28 19:00:00,464.5915467462121
03-28 20:00:00,520.5678254818075
03-28 21:00:00,567.8135383911281
03-28 22:00:00,601.4649899842159
03-28 23:00:00,632.927923652987
03-29 00:00:00,662.3082610174191
03-29 01:00:00,670.8204346034396
03-29 02:00:00,679.0872608562347
03-29 03:00:00,687.7685304415635
03-29 04:00:00,699.2900223077531
03-29 05:00:00,720.1937424822456
03-29 06:00:00,715.6301223173749
03-29 07:00:00,669.3339740192407
03-29 08:00:00,534.6077131435892
03-29 09:00:00,400.790237001369
03-29 10:00:00,312.1326207631158
03-29 11:00:00,223.55576085312646
03-29 12:00:00,164.54274052294653
03-29 13:00:00,121.36171437651402
03-29 14:00:00,77.44795585790321
03-29 15:00:00,48.07916666040887
03-29 16:00:00,70.80685293913885
03-29 17:00:00,150.0137046296179
03-29 18:00:00,256.65684921899793
03-29 19:00:00,309.4699282967082
03-29 20:00:00,390.30699381622367
03-29 21:00:00,436.46570147024437
03-29 22:00:00,468.07094209121374
03-29 23:00:00,499.50402052367684
03-30 00:00:00,549.3944009117711
03-30 01:00:00,536.8253024843956
03-30 02:00:00,568.2456270584125
03-30 03:00:00,588.6012714035403
03-30 04:00:00,651.6528482479463
03-30 05:00:00,656.8286477258839
03-30 06:00:00,651.8226034128329
03-30 07:00:00,578.4732983357651
03-30 08:00:00,472.5085981031375
03-30 09:00:00,364.6120323669098
03-30 10:00:00,271.9123288655312
03-30 11:00:00,185.12453223725916
03-30 12:00:00,131.76879017110738
03-30 13:00:00,82.50174840036073
03-30 14:00:00,35.68230887921399
03-30 15:00:00,11.641599555931009
03-30 16:00:00,15.714385900331502
03-30 17:00:00,89.67992927715625
03-30 18:00:00,177.3413412824267
03-30 19:00:00,227.74530734814527
03-30 20:00:00,302.1323200349372
03-30 21:00:00,342.30499760833374
03-30 22:00:00,386.3935799527258
03-30 23:00:00,424.9293404855158
03-31 00:00:00,457.0964726496061
03-31 01:00:00,473.5123002412933
03-31 02:00:00,499.93257793050725
03-31 03:00:00,512.9832169063886
03-31 04:00:00,551.7478111455738
03-31 05:00:00,563.3641468268168
03-31 06:00:00,578.6473408130174
03-31 07:00:00,514.4723624901374
03-31 08:00:00,386.36920888546763
03-31 09:00:00,279.68319432226616
03-31 10:00:00,187.16132043711409
03-31 11:00:00,109.51126054716227
03-31 12:00:00,50.72758229257758
03-31 13:00:00,7.80834598825192
03-31 14:00:00,4.501275887528739
03-31 15:00:00,2.6739312329033553
03-31 16:00:00,4.7629961411230575
03-31 17:00:00,45.637900070112046
03-31 18:00:00,130.390599137222
03-31 19:00:00,191.60670558894878
03-31 20:00:00,249.18232912498033
03-31 21:00:00,303.1716897575548
03-31 22:00:00,344.811855105136
03-31 23:00:00,356.7777625508619
04-01 00:00:00,384.5043169861076
04-01 01:00:00,420.4155905810041
04-01 02:00:00,436.4948381904181
04-01 03:00:00,456.28645627518176
04-01 04:00:00,473.67585293343524
04-01 05:00:00,498.31323689575294
04-01 06:00:00,521.2331345673792
04-01 07:00:00,483.53245855611686
04-01 08:00:00,352.79741149520356
04-01 09:00:00,238.35767359289468
04-01 10:00:00,149.36156428940538
04-01 11:00:00,57.85142149029363
04-01 12:00:00,6.674767121549247
04-01 13:00:00,3.889974344038525
04-01 14:00:00,2.925707423906322
04-01 15:00:00,3.146036693467193
04-01 16:00:00,3.109021750224742
04-01 17:00:00,22.65769125601841
04-01 18:00:00,110.7500688115199
04-01 19:00:00,146.19533797057858
04-01 20:00:00,175.93390419379804
04-01 21:00:00,167.108807908587
04-01 22:00:00,258.4851243998103
04-01 23:00:00,309.6877202872777
04-02 00:00:00,332.9922361506691
04-02 01:00:00,343.01115809021616
04-02 02:00:00,367.5111137780493
04-02 03:00:00,403.33370485471943
04-02 04:00:00,430.1697309056392
04-02 05:00:00,473.7248951881985
04-02 06:00:00,500.0092560146506
04-02 07:00:00,429.680500433363
04-02 08:00:00,346.46634442534685
04-02 09:00:00,281.4388631202319
04-02 10:00:00,214.3101934665551
04-02 11:00:00,173.0548201503515
04-02 12:00:00,120.73170578653789
04-02 13:00:00,78.57269391150253
04-02 14:00:00,52.06759203254168
04-02 15:00:00,58.17954842572839
04-02 16:00:00,95.16513571012473
04-02 17:00:00,203.0630735453731
04-02 18:00:00,282.67276708504363
04-02 19:00:00,301.9436064956404
04-02 20:00:00,312.15650713042777
04-02 21:00:00,349.1147781151103
04-02 22:00:00,417.80350167063506
04-02 23:00:00,506.18963181289695
04-03 00:00:00,553.0191047243402
04-03 01:00:00,575.1644286426276
04-03 02:00:00,610.2163156302067
04-03 03:00:00,629.5580293362044
04-03 04:00:00,702.0926942515566
04-03 05:00:00,742.579601694172
04-03 06:00:00,752.2058620852196
04-03 07:00:00,752.9195329007057
04-03 08:00:00,739.5869305248984
04-03 09:00:00,702.4750742822334
04-03 10:00:00,624.4026046248474
04-03 11:00:00,580.0861951987077
04-03 12:00:00,595.5562786335299
04-03 13:00:00,582.6213177801455
04-03 14:00:00,549.8199690617224
04-03 15:00:00,550.4824822621549
04-03 16:00:00,564.4060195070547
04-03 17:00:00,597.4295738447362
04-03 18:00:00,617.089937225848
04-03 19:00:00,642.1546381340199
04-03 20:00:00,667.6081793708895
04-03 21:00:00,699.1936000881108
04-03 22:00:00,744.1833005771017
04-03 23:00:00,798.6608917764329
04-04 00:00:00,846.1470993101273
04-04 01:00:00,867.4296870646425
04-04 02:00:00,898.104765658352
04-04 03:00:00,930.4972317485144
04-04 04:00:00,960.2955026922697
04-04 05:00:00,1000.90857815545
04-04 06:00:00,947.6443167978205
04-04 07:00:00,845.2856907143675
04-04 08:00:00,751.2755364312148
04-04 09:00:00,646.5262499078517
04-04 10:00:00,559.9585113751466
04-04 11:00:00,481.80735529716867
04-04 12:00:00,426.55922039297593
04-04 13:00:00,382.8131185489985
04-04 14:00:00,350.02109818698364
04-04 15:00:00,332.51994851868153
04-04 16:00:00,336.2780591648788
04-04 17:00:00,391.3955845985062
04-04 18:00:00,510.25726314909303
04-04 19:00:00,577.6828329044278
04-04 20:00:00,623.2449176127674
04-04 21:00:00,656.3393454455846
04-04 22:00:00,699.0141084109075
04-04 23:00:00,730.4084565248239
04-05 00:00:00,742.5273899515589
04-05 01:00:00,797.538726621407
04-05 02:00:00,808.3125031630847
04-05 03:00:00,829.3097212867953
04-05 04:00:00,830.9918714071474
04-05 05:00:00,846.6929433279868
04-05 06:00:00,837.5270651725072
04-05 07:00:00,738.7279541165653
04-05 08:00:00,627.5564703322232
04-05 09:00:00,523.6673009747783
04-05 10:00:00,435.87842851878406
04-05 11:00:00,381.26927523277124
04-05 12:00:00,317.7318402573223
04-05 13:00:00,234.75408212051593
04-05 14:00:00,201.08500842986496
04-05 15:00:00,235.27607747725085
04-05 16:00:00,267.5430825295434
04-05 17:00:00,320.50151449621933
04-05 18:00:00,388.5299020976764
04-05 19:00:00,505.7642406479528
04-05 20:00:00,689.6977012542773
04-05 21:00:00,992.0947506979276
04-05 22:00:00,1021.9328106170972
04-05 23:00:00,1141.816223197794
04-06 00:00:00,1191.441517339262
04-06 01:00:00,1201.7196845456695
04-06 02:00:00,1206.1044491469
04-06 03:00:00,1220.3011360235098
04-06 04:00:00,1270.5812871060766
04-06 05:00:00,1361.079903412005
04-06 06:00:00,1351.8128179999887
04-06 07:00:00,1247.0831310450847
04-06 08:00:00,1157.3128793397375
04-06 09:00:00,1106.1111527885157
04-06 10:00:00,1052.0329510025813
04-06 11:00:00,950.8752854789733
04-06 12:00:00,945.7675871575707
04-06 13:00:00,934.1452586036105
04-06 14:00:00,912.1462596652547
04-06 15:00:00,911.9888194446435
04-06 16:00:00,973.411036958647
04-06 17:00:00,1089.6635212345661
04-06 18:00:00,1126.0881122480735
04-06 19:00:00,1170.332794910457
04-06 20:00:00,1170.51607754252
04-06 21:00:00,1155.5435849912747
04-06 22:00:00,1124.4046238898618
04-06 23:00:00,1118.3892225313348
04-07 00:00:00,1138.0177975725117
04-07 01:00:00,1179.0827446881215
04-07 02:00:00,1172.6598424074577
04-07 03:00:00,1214.4314606228436
04-07 04:00:00,1192.9666148016117
04-07 05:00:00,1226.7074054350312
04-07 06:00:00,1209.4474738627373
04-07 07:00:00,1191.1209191359437
04-07 08:00:00,1151.9046605581818
04-07 09:00:00,1115.4650222966284
04-07 10:00:00,1059.5629523035207
04-07 11:00:00,1059.0076234772876
04-07 12:00:00,983.3023183039719
04-07 13:00:00,941.7699447320501
04-07 14:00:00,946.125958324361
04-07 15:00:00,946.355074451267
04-07 16:00:00,969.5974988819011
04-07 17:00:00,1004.786954067909
04-07 18:00:00,997.9896614317314
04-07 19:00:00,1006.2370626330955
04-07 20:00:00,1028.5618063592738
04-07 21:00:00,1017.5032839836758
04-07 22:00:00,1040.9211889915887
04-07 23:00:00,1023.0035198642721
04-08 00:00:00,1041.8800588253916
04-08 01:00:00,1038.0811365845962
04-08 02:00:00,1023.6607631121027
04-08 03:00:00,1028.3411301633216
04-08 04:00:00,1072.7590369006864
04-08 05:00:00,1114.354637795226
04-08 06:00:00,1079.4803945829838
04-08 07:00:00,1002.9525427224683
04-08 08:00:00,899.2952643339391
04-08 09:00:00,810.8524946116346
04-08 10:00:00,737.9672852094943
04-08 11:00:00,670.7695874014446
04-08 12:00:00,644.4700515367135
04-08 13:00:00,594.588792948079
04-08 14:00:00,575.3474536063735
04-08 15:00:00,551.8381522494626
04-08 16:00:00,547.0990261492782
04-08 17:00:00,595.091287447137
04-08 18:00:00,690.146346425646
04-08 19:00:00,742.4712783583815
04-08 20:00:00,799.1221205335775
04-08 21:00:00,825.7800486963064
04-08 22:00:00,841.3569739946561
04-08 23:00:00,871.7049025313808
04-09 00:00:00,886.9153129347021
04-09 01:00:00,885.8212617081481
04-09 02:00:00,891.0208359046024
04-09 03:00:00,873.5913991327197
04-09 04:00:00,889.764836079933
04-09 05:00:00,881.2807718331258
04-09 06:00:00,848.9782733387588
04-09 07:00:00,747.8072640886099
04-09 08:00:00,581.9310807827007
04-09 09:00:00,495.8387610786586
04-09 10:00:00,417.0858530052342
04-09 11:00:00,360.70201175002427
04-09 12:00:00,309.65097057224625
04-09 13:00:00,264.2150118222618
04-09 14:00:00,207.84106079622822
04-09 15:00:00,205.06411495084885
04-09 16:00:00,201.04919252504098
04-09 17:00:00,281.5075209892497
04-09 18:00:00,385.8629818469467
04-09 19:00:00,442.78086863772336
04-09 20:00:00,499.7129794254141
04-09 21:00:00,542.6423909849967
04-09 22:00:00,578.2259739877437
04-09 23:00:00,581.9591101007629
04-10 00:00:00,609.2520714828215
04-10 01:00:00,594.8803539901301
04-10 02:00:00,591.5171931786657
04-10 03:00:00,606.9456750584698
04-10 04:00:00,610.6255523752668
04-10 05:00:00,605.0403961903421
04-10 06:00:00,587.3780540968843
04-10 07:00:00,537.9980996012895
04-10 08:00:00,493.36569195634183
04-10 09:00:00,459.2909263882161
04-10 10:00:00,412.0198552272647
04-10 11:00:00,355.81970972475153
04-10 12:00:00,278.7030519208997
04-10 13:00:00,217.8502001400642
04-10 14:00:00,170.30971475413656
04-10 15:00:00,182.5497605533663
04-10 16:00:00,174.74104055083504
04-10 17:00:00,198.7262265676829
04-10 18:00:00,283.86287836245526
04-10 19:00:00,373.4192755000657
04-10 20:00:00,404.14700828701007
04-10 21:00:00,434.72119302428365
04-10 22:00:00,465.3153665574969
04-10 23:00:00,481.9666446166653
04-11 00:00:00,489.8766899650964
04-11 01:00:00,503.7243663806385
04-11 02:00:00,506.4130956500248
04-11 03:00:00,514.9613787061235
04-11 04:00:00,538.2953456915737
04-11 05:00:00,550.1914111640262
04-11 06:00:00,546.4659071914348
04-11 07:00:00,511.88542546057306
04-11 08:00:00,394.686311183796
04-11 09:00:00,306.41145941051843
04-11 10:00:00,257.5448760781177
04-11 11:00:00,191.08098588631626
04-11 12:00:00,130.82184177967304
04-11 13:00:00,78.32625596623791
04-11 14:00:00,48.99568691404366
04-11 15:00:00,37.275128183665785
04-11 16:00:00,46.24746285238881
04-11 17:00:00,147.92465589063383
04-11 18:00:00,277.09074428563207
04-11 19:00:00,343.274698487831
04-11 20:00:00,386.3691785492758
04-11 21:00:00,415.7213352026611
04-11 22:00:00,442.9103455970645
04-11 23:00:00,494.05074192788027
04-12 00:00:00,534.3280959284139
04-12 01:00:00,566.6642409667862
04-12 02:00:00,669.0361982246471
04-12 03:00:00,740.5530243797723
04-12 04:00:00,814.2672418588469
04-12 05:00:00,902.9205505760522
04-12 06:00:00,940.4041396712156
04-12 07:00:00,950.5074950580449
04-12 08:00:00,1012.0399070260033
04-12 09:00:00,1032.2169943808995
04-12 10:00:00,1004.9596803893234
04-12 11:00:00,969.1126923549629
04-12 12:00:00,918.5069404784264
04-12 13:00:00,864.3078759453543
04-12 14:00:00,838.9789467919866
04-12 15:00:00,871.3540995301427
04-12 16:00:00,890.5602189544513
04-12 17:00:00,869.6737589516205
04-12 18:00:00,866.5573477555574
04-12 19:00:00,907.8786906726259
04-12 20:00:00,942.8659266011887
04-12 21:00:00,950.6599876990889
04-12 22:00:00,963.4532156888619
04-12 23:00:00,957.439614122046
04-13 00:00:00,948.3909139201539
04-13 01:00:00,973.6057816537406
04-13 02:00:00,982.6976696696997
04-13 03:00:00,1017.0979655455511
04-13 04:00:00,1028.1108497274904
04-13 05:00:00,1057.8145631094883
04-13 06:00:00,1043.1642423875114
04-13 07:00:00,996.5704805764608
04-13 08:00:00,889.9219226667234
04-13 09:00:00,793.1820802412896
04-13 10:00:00,775.32861596715
04-13 11:00:00,726.5678400392061
04-13 12:00:00,675.7998902489519
04-13 13:00:00,673.9760172813448
04-13 14:00:00,747.3649053067015
04-13 15:00:00,740.4380274700113
04-13 16:00:00,706.3627437976958
04-13 17:00:00,742.9716843364533
04-13 18:00:00,809.7721774502523
04-13 19:00:00,855.4819368865581
04-13 20:00:00,892.2123113734683
04-13 21:00:00,899.1432397067128
04-13 22:00:00,912.7294242356359
04-13 23:00:00,959.738920165085
04-14 00:00:00,1012.1034363711855
04-14 01:00:00,1030.9218906655335
04-14 02:00:00,1060.4705767658675
04-14 03:00:00,1095.082284662309
04-14 04:00:00,1109.830550133068
04-14 05:00:00,1144.5371582929308
04-14 06:00:00,1093.3840532517759
04-14 07:00:00,978.2717632512396
04-14 08:00:00,867.9291013446023
04-14 09:00:00,769.0856671305155
04-14 10:00:00,706.0924377655982
04-14 11:00:00,650.8214840979597
04-14 12:00:00,623.2621436516673
04-14 13:00:00,585.5502468366672
04-14 14:00:00,610.4846143689726
04-14 15:00:00,614.6049721551918
04-14 16:00:00,633.5823059491061
04-14 17:00:00,680.1926978685923
04-14 18:00:00,745.0237344766473
04-14 19:00:00,816.4328940242992
04-14 20:00:00,844.0931872215402
04-14 21:00:00,851.9221548415063
04-14 22:00:00,875.4735512529746
04-14 23:00:00,916.7783155353193
04-15 00:00:00,935.9073655285212
04-15 01:00:00,946.2841804719449
04-15 02:00:00,966.5518451336383
04-15 03:00:00,987.6013880511351
04-15 04:00:00,976.9529686483132
04-15 05:00:00,1009.47267925251
04-15 06:00:00,983.4304536284112
04-15 07:00:00,897.477650416428
04-15 08:00:00,845.327345685347
04-15 09:00:00,804.9704866275538
04-15 10:00:00,735.5881904208643
04-15 11:00:00,703.5210517129808
04-15 12:00:00,661.3068944337779
04-15 13:00:00,662.9379877926625
04-15 14:00:00,649.6771404553684
04-15 15:00:00,646.9180003891089
04-15 16:00:00,650.3594591609367
04-15 17:00:00,673.2221074850837
04-15 18:00:00,701.1076911870754
04-15 19:00:00,769.608562107159
04-15 20:00:00,802.1526175618774
04-15 21:00:00,841.7996889382446
04-15 22:00:00,869.0147708173732
04-15 23:00:00,913.2032903935738
04-16 00:00:00,971.3118058027057
04-16 01:00:00,996.552677370127
04-16 02:00:00,1016.6618462102792
04-16 03:00:00,1048.5205289359576
04-16 04:00:00,1065.548167797156
04-16 05:00:00,1090.8214141974668
04-16 06:00:00,1047.874127437256
04-16 07:00:00,957.7025081850549
04-16 08:00:00,857.0849101240238
04-16 09:00:00,778.944402564679
04-16 10:00:00,701.6820315021828
04-16 11:00:00,645.9121205494632
04-16 12:00:00,583.8705463720341
04-16 13:00:00,541.8041013209819
04-16 14:00:00,523.2348164622388
04-16 15:00:00,539.3458803630288
04-16 16:00:00,557.1193867476295
04-16 17:00:00,582.2071905567077
04-16 18:00:00,619.2297827071272
04-16 19:00:00,680.4517799590212
04-16 20:00:00,718.5097040619718
04-16 21:00:00,769.4613467822799
04-16 22:00:00,842.8006992405526
04-16 23:00:00,894.592728157524
04-17 00:00:00,925.5833088774401
04-17 01:00:00,954.5276251065255
04-17 02:00:00,1006.0277992447344
04-17 03:00:00,1044.8801682577962
04-17 04:00:00,1081.7291272580019
04-17 05:00:00,1100.8090236491216
04-17 06:00:00,1055.2646705548937
04-17 07:00:00,998.3343903969693
04-17 08:00:00,880.9871808479871
04-17 09:00:00,782.1901327595785
04-17 10:00:00,696.014115793456
04-17 11:00:00,612.1550864528236
04-17 12:00:00,550.9853954604158
04-17 13:00:00,524.7091720252878
04-17 14:00:00,536.8630383741794
04-17 15:00:00,557.527294727373
04-17 16:00:00,577.9679950389071
04-17 17:00:00,596.8956088969736
04-17 18:00:00,628.331327159495
04-17 19:00:00,651.3524868962961
04-17 20:00:00,662.4188614911018
04-17 21:00:00,684.6194996713089
04-17 22:00:00,680.0969796384809
04-17 23:00:00,687.9677541851466
04-18 00:00:00,707.337686430719
04-18 01:00:00,726.8903416548029
04-18 02:00:00,755.2965098954982
04-18 03:00:00,770.2693649393118
04-18 04:00:00,776.2614351059847
04-18 05:00:00,787.4331193567641
04-18 06:00:00,779.3443372343578
04-18 07:00:00,755.442163307117
04-18 08:00:00,719.6165412629142
04-18 09:00:00,680.7852588078085
04-18 10:00:00,634.4245141444997
04-18 11:00:00,563.0119879919521
04-18 12:00:00,528.4519413528448
04-18 13:00:00,521.4346585994783
04-18 14:00:00,529.9920986309028
04-18 15:00:00,535.582195553741
04-18 16:00:00,563.9043472177475
04-18 17:00:00,584.1486594029079
04-18 18:00:00,605.1283945731343
04-18 19:00:00,629.3556221659491
04-18 20:00:00,648.0230164950253
04-18 21:00:00,680.789087007502
04-18 22:00:00,749.2680825509689
04-18 23:00:00,805.4074493725757
04-19 00:00:00,824.648810787994
04-19 01:00:00,831.9515329388079
04-19 02:00:00,843.7848317418706
04-19 03:00:00,811.3749582298357
04-19 04:00:00,827.2493060907005
04-19 05:00:00,829.3615290960415
04-19 06:00:00,811.5617393157784
04-19 07:00:00,783.3532137625062
04-19 08:00:00,685.1010362147133
04-19 09:00:00,590.6884009577406
04-19 10:00:00,499.62183550956735
04-19 11:00:00,431.2948899471857
04-19 12:00:00,407.5143802896667
04-19 13:00:00,389.7443245278481
04-19 14:00:00,387.30888182371547
04-19 15:00:00,375.10573976435643
04-19 16:00:00,377.0707854692026
04-19 17:00:00,398.35993990258544
04-19 18:00:00,439.22526731893475
04-19 19:00:00,518.824883931736
04-19 20:00:00,547.9501424306832
04-19 21:00:00,568.5784256255538
04-19 22:00:00,643.4555363346171
04-19 23:00:00,698.0789858087273
04-20 00:00:00,725.2280812000535
04-20 01:00:00,764.0668530772244
04-20 02:00:00,782.5583983014858
04-20 03:00:00,823.7116009692044
04-20 04:00:00,822.8357165548512
04-20 05:00:00,870.5980197293753
04-20 06:00:00,819.2813686127467
04-20 07:00:00,690.5480398838439
04-20 08:00:00,578.7599723109317
04-20 09:00:00,485.21390121086347
04-20 10:00:00,400.30338203390085
04-20 11:00:00,327.2328591738419
04-20 12:00:00,280.59189358446474
04-20 13:00:00,246.38085165779145
04-20 14:00:00,228.33331791072794
04-20 15:00:00,248.71758342751153
04-20 16:00:00,254.0003271350838
04-20 17:00:00,263.72683366119116
04-20 18:00:00,315.90811968688246
04-20 19:00:00,410.33327738021484
04-20 20:00:00,469.6112107835757
04-20 21:00:00,541.5489830393798
04-20 22:00:00,576.8089105076369
04-20 23:00:00,624.5613080361522
04-21 00:00:00,649.4319955725666
04-21 01:00:00,680.6329181799492
04-21 02:00:00,692.5610005072659
04-21 03:00:00,706.626496758602
04-21 04:00:00,742.3725980284914
04-21 05:00:00,749.6130709491835
04-21 06:00:00,696.6487942574915
04-21 07:00:00,585.7735590759805
04-21 08:00:00,495.2207046820385
04-21 09:00:00,408.6033301426851
04-21 10:00:00,306.45767897677655
04-21 11:00:00,240.61803354950402
04-21 12:00:00,195.9212048166375
04-21 13:00:00,160.47235783559208
04-21 14:00:00,134.13660267735912
04-21 15:00:00,128.44300138664664
04-21 16:00:00,174.74635226371407
04-21 17:00:00,228.3307538221874
04-21 18:00:00,259.090992479498
04-21 19:00:00,337.6997113868183
04-21 20:00:00,370.2756196589042
04-21 21:00:00,398.64751136642843
04-21 22:00:00,451.9273205867823
04-21 23:00:00,501.1979510100115
04-22 00:00:00,543.286984852518
04-22 01:00:00,571.0528820372415
04-22 02:00:00,621.6234059974169
04-22 03:00:00,611.5840786195697
04-22 04:00:00,618.2249187408081
04-22 05:00:00,645.7479339358433
04-22 06:00:00,619.4008067739787
04-22 07:00:00,550.0642345330721
04-22 08:00:00,456.7689187217957
04-22 09:00:00,336.4743134031725
04-22 10:00:00,287.5659699381652
04-22 11:00:00,250.42676892213123
04-22 12:00:00,196.88105644837998
04-22 13:00:00,261.1424530054341
04-22 14:00:00,238.3162248629731
04-22 15:00:00,249.00479119414683
04-22 16:00:00,332.9266702123228
04-22 17:00:00,347.0966940459918
04-22 18:00:00,370.5568423409536
04-22 19:00:00,400.29411483254535
04-22 20:00:00,437.8717427753333
04-22 21:00:00,475.52803065325475
04-22 22:00:00,490.1124768379869
04-22 23:00:00,524.0868495171273
04-23 00:00:00,566.8920522224321
04-23 01:00:00,628.9448176326863
04-23 02:00:00,669.51197936052
04-23 03:00:00,718.0648945171919
04-23 04:00:00,752.4222043805381
04-23 05:00:00,772.1402416527874
04-23 06:00:00,721.0735500927668
04-23 07:00:00,620.5692804135326
04-23 08:00:00,527.0656908232813
04-23 09:00:00,434.8321458542833
04-23 10:00:00,349.5238386956458
04-23 11:00:00,269.27555869347697
04-23 12:00:00,208.4410594334141
04-23 13:00:00,159.35156819892092
04-23 14:00:00,125.35280471282707
04-23 15:00:00,116.54446172880479
04-23 16:00:00,131.08819594773402
04-23 17:00:00,165.9958930000713
04-23 18:00:00,228.38443487046464
04-23 19:00:00,316.2864301137362
04-23 20:00:00,378.7142764203277
04-23 21:00:00,434.97053914355774
04-23 22:00:00,510.5697547185598
04-23 23:00:00,554.2561814520011
04-24 00:00:00,581.5857146748288
04-24 01:00:00,606.9902009160623
04-24 02:00:00,630.1352396083457
04-24 03:00:00,649.7613361355913
04-24 04:00:00,682.090201164976
04-24 05:00:00,689.4981566603527
04-24 06:00:00,623.769057372062
04-24 07:00:00,516.9159135488701
04-24 08:00:00,429.4933590995802
04-24 09:00:00,330.74795637101136
04-24 10:00:00,250.26104661104307
04-24 11:00:00,178.40657560071207
04-24 12:00:00,124.83372365302534
04-24 13:00:00,66.72730845016181
04-24 14:00:00,38.627466893968986
04-24 15:00:00,26.8941773043616
04-24 16:00:00,26.954676389134207
04-24 17:00:00,39.46290500575895
04-24 18:00:00,115.98430414783172
04-24 19:00:00,204.16587669513768
04-24 20:00:00,277.8985201823168
04-24 21:00:00,334.68917245024227
04-24 22:00:00,364.0461356082032
04-24 23:00:00,395.22712420498704
04-25 00:00:00,433.87261223018055
04-25 01:00:00,463.89494356797985
04-25 02:00:00,488.9859499978279
04-25 03:00:00,541.919287421177
04-25 04:00:00,565.8210828586592
04-25 05:00:00,557.7505734788956
04-25 06:00:00,519.6620629649684
04-25 07:00:00,491.03795809132987
04-25 08:00:00,413.57007538021156
04-25 09:00:00,345.07382962165843
04-25 10:00:00,259.98902279035684
04-25 11:00:00,182.38159784393363
04-25 12:00:00,129.84433123372088
04-25 13:00:00,89.11978430807885
04-25 14:00:00,70.613986698656
04-25 15:00:00,68.4800310694013
04-25 16:00:00,75.98960546538171
04-25 17:00:00,115.56922575600068
04-25 18:00:00,193.70715117507964
04-25 19:00:00,265.9116462514531
04-25 20:00:00,317.7356438781756
04-25 21:00:00,352.5208937814863
04-25 22:00:00,399.2307151797048
04-25 23:00:00,447.4452936177519
04-26 00:00:00,479.18133478077345
04-26 01:00:00,516.2621907933128
04-26 02:00:00,570.4259485335635
04-26 03:00:00,615.466656259438
04-26 04:00:00,650.5369408752574
04-26 05:00:00,662.6312660031335
04-26 06:00:00,619.9546881758415
04-26 07:00:00,558.5007892458586
04-26 08:00:00,505.45574426525656
04-26 09:00:00,443.5293543698742
04-26 10:00:00,395.5380737509491
04-26 11:00:00,330.83618072645834
04-26 12:00:00,258.5079578876967
04-26 13:00:00,221.95168656484202
04-26 14:00:00,180.5587803346213
04-26 15:00:00,149.33615440248926
04-26 16:00:00,140.87919304347562
04-26 17:00:00,173.35407809604328
04-26 18:00:00,237.57620047197517
04-26 19:00:00,309.7132483874572
04-26 20:00:00,375.78514049105655
04-26 21:00:00,408.5182818387699
04-26 22:00:00,462.92329721767993
04-26 23:00:00,514.5786654959638
04-27 00:00:00,549.7590490108487
04-27 01:00:00,617.7412333866748
04-27 02:00:00,655.267064914872
04-27 03:00:00,680.864414725767
04-27 04:00:00,723.2422990848576
04-27 05:00:00,721.2011691981958
04-27 06:00:00,659.7805960098872
04-27 07:00:00,570.6455427659765
04-27 08:00:00,497.21919558064053
04-27 09:00:00,427.86248380133975
04-27 10:00:00,348.988466146094
04-27 11:00:00,281.084207672744
04-27 12:00:00,232.93380199192555
04-27 13:00:00,158.2582169121815
04-27 14:00:00,127.22192349334009
04-27 15:00:00,108.700063993566
04-27 16:00:00,104.78806119613978
04-27 17:00:00,131.16819068166686
04-27 18:00:00,181.86292458704452
04-27 19:00:00,227.67253164679863
04-27 20:00:00,271.0926607142951
04-27 21:00:00,308.0857356546841
04-27 22:00:00,314.92928580697196
04-27 23:00:00,385.20666061129685
04-28 00:00:00,421.42700211395464
04-28 01:00:00,411.13428186494616
04-28 02:00:00,410.96954902596417
04-28 03:00:00,418.48821774905184
04-28 04:00:00,422.8211345451924
04-28 05:00:00,443.10343103617953
04-28 06:00:00,427.3577457180288
04-28 07:00:00,390.70915759588064
04-28 08:00:00,373.0636267716412
04-28 09:00:00,302.381132133351
04-28 10:00:00,224.73905158260735
04-28 11:00:00,158.91298014710097
04-28 12:00:00,122.90346638262531
04-28 13:00:00,78.0312304076623
04-28 14:00:00,54.73325367557374
04-28 15:00:00,44.75418202078739
04-28 16:00:00,73.83098317297387
04-28 17:00:00,100.45912736586347
04-28 18:00:00,146.74907753038707
04-28 19:00:00,200.74608569610962
04-28 20:00:00,265.42819197917487
04-28 21:00:00,315.3351991123439
04-28 22:00:00,369.0894253823409
04-28 23:00:00,383.89413389610513
04-29 00:00:00,408.08236653994584
04-29 01:00:00,394.31593818306237
04-29 02:00:00,387.8830809394338
04-29 03:00:00,391.5295548388324
04-29 04:00:00,448.63393884633973
04-29 05:00:00,503.86442448466323
04-29 06:00:00,524.0348224811721
04-29 07:00:00,511.44917168376065
04-29 08:00:00,464.58110658876876
04-29 09:00:00,430.43477585865327
04-29 10:00:00,402.6843757598214
04-29 11:00:00,402.85493423183124
04-29 12:00:00,391.24334497638023
04-29 13:00:00,346.4050919856978
04-29 14:00:00,346.00839134605565
04-29 15:00:00,337.6378205307197
04-29 16:00:00,346.2028883780525
04-29 17:00:00,405.9207013608541
04-29 18:00:00,432.54210645123857
04-29 19:00:00,451.9554783424742
04-29 20:00:00,471.58004394386614
04-29 21:00:00,474.8913838444796
04-29 22:00:00,498.2370918086405
04-29 23:00:00,504.57539526379907
04-30 00:00:00,502.62359280761325
04-30 01:00:00,514.1700696319878
04-30 02:00:00,550.5356882249622
04-30 03:00:00,558.8462225727667
04-30 04:00:00,552.7346316191476
04-30 05:00:00,570.395552708415
04-30 06:00:00,523.5066295750844
04-30 07:00:00,440.7410760516146
04-30 08:00:00,377.9293889484056
04-30 09:00:00,308.91242961747827
04-30 10:00:00,243.63439799678738
04-30 11:00:00,195.42460652767613
04-30 12:00:00,169.47103637703196
04-30 13:00:00,252.5654559854673
04-30 14:00:00,358.2522226649377
04-30 15:00:00,417.14617816200956
04-30 16:00:00,456.3981495977398
04-30 17:00:00,478.8393065516473
04-30 18:00:00,533.5043600712704
04-30 19:00:00,567.18898637443
04-30 20:00:00,599.826530001119
04-30 21:00:00,611.9624851088919
04-30 22:00:00,613.4391694053323
04-30 23:00:00,615.3114281534072
05-01 00:00:00,618.8490117560237
05-01 01:00:00,618.1477211875317
05-01 02:00:00,619.6027131302819
05-01 03:00:00,619.6527124334935
05-01 04:00:00,616.9993912455388
05-01 05:00:00,605.9061189966669
05-01 06:00:00,599.3489782154269
05-01 07:00:00,597.2358843030439
05-01 08:00:00,577.6910338581102
05-01 09:00:00,547.0252617841797
05-01 10:00:00,536.6030679682768
05-01 11:00:00,535.6001172726083
05-01 12:00:00,537.5201657133927
05-01 13:00:00,538.0760352045855
05-01 14:00:00,544.3365290011492
05-01 15:00:00,555.5922696625919
05-01 16:00:00,552.3908766559491
05-01 17:00:00,553.1579895926219
05-01 18:00:00,579.4491032865943
05-01 19:00:00,606.3403858152641
05-01 20:00:00,629.0619834073503
05-01 21:00:00,662.7639675504763
05-01 22:00:00,705.3214745633225
05-01 23:00:00,731.0505418903284
05-02 00:00:00,745.2504562561344
05-02 01:00:00,755.5264316127398
05-02 02:00:00,763.2845250596291
05-02 03:00:00,766.9531887111696
05-02 04:00:00,784.89202358519
05-02 05:00:00,791.306624711683
05-02 06:00:00,784.156338933799
05-02 07:00:00,772.3827722851452
05-02 08:00:00,743.1184499919663
05-02 09:00:00,714.7437513554617
05-02 10:00:00,688.6881611489978
05-02 11:00:00,644.769196932963
05-02 12:00:00,597.1570244585203
05-02 13:00:00,508.4411428060037
05-02 14:00:00,563.6591997957905
05-02 15:00:00,670.5871995567104
05-02 16:00:00,644.160255181524
05-02 17:00:00,657.9886178298117
05-02 18:00:00,669.7144067213314
05-02 19:00:00,686.2272297262372
05-02 20:00:00,718.110108153323
05-02 21:00:00,727.4766177447115
05-02 22:00:00,730.8514287636083
05-02 23:00:00,753.5386315650966
05-03 00:00:00,756.5538767282044
05-03 01:00:00,748.6156171179442
05-03 02:00:00,766.8196745861679
05-03 03:00:00,784.414219977411
05-03 04:00:00,792.0698877408577
05-03 05:00:00,812.9503253581706
05-03 06:00:00,766.4067467465561
05-03 07:00:00,648.3745003432656
05-03 08:00:00,559.124848914913
05-03 09:00:00,485.94229035438815
05-03 10:00:00,447.38414111284084
05-03 11:00:00,400.26074339829233
05-03 12:00:00,365.66846714160516
05-03 13:00:00,326.61116250359174
05-03 14:00:00,311.8930172119163
05-03 15:00:00,293.63941198371424
05-03 16:00:00,289.14686540857656
05-03 17:00:00,295.1418001509993
05-03 18:00:00,363.27276518477976
05-03 19:00:00,449.17173298086436
05-03 20:00:00,491.6806183078154
05-03 21:00:00,567.40708609333
05-03 22:00:00,603.1281951351441
05-03 23:00:00,611.0185708134445
05-04 00:00:00,636.2659233526454
05-04 01:00:00,678.2441018899617
05-04 02:00:00,701.5937742888129
05-04 03:00:00,716.6565172350488
05-04 04:00:00,732.7191199676296
05-04 05:00:00,743.2184917329176
05-04 06:00:00,606.1412874100511
05-04 07:00:00,516.3023590820526
05-04 08:00:00,430.43432596796936
05-04 09:00:00,325.9377135264448
05-04 10:00:00,259.417045375896
05-04 11:00:00,212.52681157935214
05-04 12:00:00,134.90745093605926
05-04 13:00:00,106.01306570518406
05-04 14:00:00,103.57417001007344
05-04 15:00:00,119.51096521035568
05-04 16:00:00,145.77614230310854
05-04 17:00:00,174.17979332514784
05-04 18:00:00,199.01775928221838
05-04 19:00:00,197.91619258785937
05-04 20:00:00,315.8567655304418
05-04 21:00:00,363.17274146049965
05-04 22:00:00,394.6849200970984
05-04 23:00:00,414.8723040780493
05-05 00:00:00,411.6478197834133
05-05 01:00:00,404.4634184262836
05-05 02:00:00,404.87662605269884
05-05 03:00:00,427.5064239825017
05-05 04:00:00,474.3823949619583
05-05 05:00:00,500.7890279955041
05-05 06:00:00,583.0292993410151
05-05 07:00:00,640.7869966311748
05-05 08:00:00,659.7549688569359
05-05 09:00:00,655.6746436678579
05-05 10:00:00,613.0626586041293
05-05 11:00:00,580.6611076954788
05-05 12:00:00,516.2486728758699
05-05 13:00:00,434.3952732943073
05-05 14:00:00,422.48539489634425
05-05 15:00:00,519.2992797353899
05-05 16:00:00,506.6698637680841
05-05 17:00:00,494.03153777354305
05-05 18:00:00,516.4737255705156
05-05 19:00:00,539.5093768861936
05-05 20:00:00,581.4524309841936
05-05 21:00:00,590.5011027903437
05-05 22:00:00,600.9987908352471
05-05 23:00:00,640.656598221028
05-06 00:00:00,672.772183114622
05-06 01:00:00,735.648309184371
05-06 02:00:00,715.8236968970423
05-06 03:00:00,692.2407051658289
05-06 04:00:00,674.8052872061468
05-06 05:00:00,680.4886261773077
05-06 06:00:00,632.6429776515401
05-06 07:00:00,555.7421607756855
05-06 08:00:00,490.8728132190398
05-06 09:00:00,426.79016871114345
05-06 10:00:00,423.0008987290442
05-06 11:00:00,435.63052229139987
05-06 12:00:00,451.50294023134114
05-06 13:00:00,503.9082672333033
05-06 14:00:00,546.3244970301143
05-06 15:00:00,561.9001464770483
05-06 16:00:00,569.6537819825639
05-06 17:00:00,574.2780886468621
05-06 18:00:00,578.8270825383821
05-06 19:00:00,553.0730651605526
05-06 20:00:00,434.5212879801802
05-06 21:00:00,405.25856889134286
05-06 22:00:00,484.55719173781006
05-06 23:00:00,438.410329797859
05-07 00:00:00,414.0114631695778
05-07 01:00:00,431.4546132417234
05-07 02:00:00,459.96157856798845
05-07 03:00:00,467.5595025897712
05-07 04:00:00,459.0251956795734
05-07 05:00:00,484.01945727820004
05-07 06:00:00,501.5843070459228
05-07 07:00:00,465.1215907291339
05-07 08:00:00,393.4697736039147
05-07 09:00:00,588.9927557166685
05-07 10:00:00,606.9077945119241
05-07 11:00:00,597.3634990031826
05-07 12:00:00,590.2110350238404
05-07 13:00:00,607.9795165609931
05-07 14:00:00,588.0356977657004
05-07 15:00:00,453.02854546355053
05-07 16:00:00,442.100558362351
05-07 17:00:00,448.02036226740665
05-07 18:00:00,502.8387648417146
05-07 19:00:00,565.8260973049969
05-07 20:00:00,600.694421815263
05-07 21:00:00,639.8485770646902
05-07 22:00:00,679.1591542437435
05-07 23:00:00,717.2565045436528
05-08 00:00:00,761.7813826442806
05-08 01:00:00,780.8336032741578
05-08 02:00:00,769.6758041824411
05-08 03:00:00,793.9394124376448
05-08 04:00:00,792.6837836128049
05-08 05:00:00,765.3802291517584
05-08 06:00:00,666.3457560974128
05-08 07:00:00,545.0148896273164
05-08 08:00:00,478.67177109307994
05-08 09:00:00,385.922462014304
05-08 10:00:00,290.32714650388516
05-08 11:00:00,222.55349921392536
05-08 12:00:00,159.33133385269218
05-08 13:00:00,115.4675637595055
05-08 14:00:00,79.2029937351353
05-08 15:00:00,56.53308381789466
05-08 16:00:00,59.92648385595825
05-08 17:00:00,59.36235951304314
05-08 18:00:00,139.6671218916195
05-08 19:00:00,186.56132773525988
05-08 20:00:00,233.46236207664396
05-08 21:00:00,303.6462559141756
05-08 22:00:00,350.7518932353295
05-08 23:00:00,370.93755798152154
05-09 00:00:00,384.0881804554699
05-09 01:00:00,385.7714728808256
05-09 02:00:00,372.9359223301184
05-09 03:00:00,383.34831433986454
05-09 04:00:00,411.02069964082045
05-09 05:00:00,390.13858477450196
05-09 06:00:00,308.70128319135415
05-09 07:00:00,197.00431601581113
05-09 08:00:00,116.24798575980333
05-09 09:00:00,49.84987885115501
05-09 10:00:00,2.4625567107041504
05-09 11:00:00,2.323874510351498
05-09 12:00:00,2.152996535922899
05-09 13:00:00,2.0854065632316843
05-09 14:00:00,2.186953965007851
05-09 15:00:00,2.3583790513160245
05-09 16:00:00,2.5325652867478903
05-09 17:00:00,2.709555752028278
05-09 18:00:00,2.962136771477863
05-09 19:00:00,3.3328917465776335
05-09 20:00:00,11.816589562978356
05-09 21:00:00,89.33243921320239
05-09 22:00:00,114.50124384826816
05-09 23:00:00,87.58009962508177
05-10 00:00:00,54.829670102696966
05-10 01:00:00,7.894207471186295
05-10 02:00:00,19.30390886617471
05-10 03:00:00,19.265328643362206
05-10 04:00:00,22.291278220855453
05-10 05:00:00,25.97044306806428
05-10 06:00:00,25.378353038236884
05-10 07:00:00,8.95666834877515
05-10 08:00:00,3.4084714195268946
05-10 09:00:00,3.295282140837914
05-10 10:00:00,3.3328917465776335
05-10 11:00:00,3.4084714195268946
05-10 12:00:00,37.11173089647547
05-10 13:00:00,64.74732475289385
05-10 14:00:00,83.66675032443194
05-10 15:00:00,106.77857841363434
05-10 16:00:00,114.59418158830154
05-10 17:00:00,128.84798308435208
05-10 18:00:00,152.4066219916386
05-10 19:00:00,191.9086293672445
05-10 20:00:00,224.9868895070837
05-10 21:00:00,243.9831958023018
05-10 22:00:00,263.1318204243389
05-10 23:00:00,288.66183312880145
05-11 00:00:00,328.9638973141071
05-11 01:00:00,358.50943120064136
05-11 02:00:00,390.2784885824767
05-11 03:00:00,368.7529530735965
05-11 04:00:00,373.99263918634097
05-11 05:00:00,369.7856571906058
05-11 06:00:00,373.9301681510062
05-11 07:00:00,344.4440898165381
05-11 08:00:00,297.35321132648545
05-11 09:00:00,254.5249235424047
05-11 10:00:00,231.48793616798017
05-11 11:00:00,189.07405511754655
05-11 12:00:00,264.8365856847777
05-11 13:00:00,353.2303629292877
05-11 14:00:00,371.67972055125546
05-11 15:00:00,376.5441448709487
05-11 16:00:00,406.59751400336734
05-11 17:00:00,417.9204437090377
05-11 18:00:00,435.4318244217368
05-11 19:00:00,454.1808780638291
05-11 20:00:00,469.36139564064644
05-11 21:00:00,479.59415258088006
05-11 22:00:00,498.0340161225224
05-11 23:00:00,527.1771621517179
05-12 00:00:00,529.4819244021274
05-12 01:00:00,540.3345396811445
05-12 02:00:00,540.7189971736635
05-12 03:00:00,530.1101230978927
05-12 04:00:00,534.8140525886223
05-12 05:00:00,541.9271657140891
05-12 06:00:00,570.413090740634
05-12 07:00:00,573.2188624512002
05-12 08:00:00,553.7062283801235
05-12 09:00:00,531.8637459489183
05-12 10:00:00,480.03670534507455
05-12 11:00:00,427.3547189993505
05-12 12:00:00,350.2728635145531
05-12 13:00:00,298.4483118919625
05-12 14:00:00,274.272610928087
05-12 15:00:00,250.52866217454692
05-12 16:00:00,292.80692417365435
05-12 17:00:00,325.7421290319103
05-12 18:00:00,352.40523318969224
05-12 19:00:00,395.93402449675784
05-12 20:00:00,430.1138330386134
05-12 21:00:00,448.3219230401764
05-12 22:00:00,502.02233203899425
05-12 23:00:00,551.2321614429857
05-13 00:00:00,582.6361064600057
05-13 01:00:00,607.910334505337
05-13 02:00:00,630.9258825305345
05-13 03:00:00,661.1436024705112
05-13 04:00:00,674.3742670193703
05-13 05:00:00,649.553674748489
05-13 06:00:00,578.4774049271746
05-13 07:00:00,489.8153032111974
05-13 08:00:00,434.12324518293747
05-13 09:00:00,404.43890259906806
05-13 10:00:00,357.01344794922073
05-13 11:00:00,331.80700112631683
05-13 12:00:00,477.0866004908554
05-13 13:00:00,511.7253232771584
05-13 14:00:00,470.19752831447556
05-13 15:00:00,428.25524890434815
05-13 16:00:00,394.7289737650786
05-13 17:00:00,377.4701621142122
05-13 18:00:00,391.51597292508666
05-13 19:00:00,456.6190001800215
05-13 20:00:00,504.59954501554176
05-13 21:00:00,520.3434391293893
05-13 22:00:00,551.4273645134508
05-13 23:00:00,551.3291102354577
05-14 00:00:00,614.1021353291997
05-14 01:00:00,648.9677471745999
05-14 02:00:00,661.3249577512914
05-14 03:00:00,682.3134884960347
05-14 04:00:00,718.1105635723129
05-14 05:00:00,679.7686175076612
05-14 06:00:00,637.6746821255235
05-14 07:00:00,531.6434339355433
05-14 08:00:00,397.892862895798
05-14 09:00:00,317.37022999732284
05-14 10:00:00,260.68412834899567
05-14 11:00:00,210.11004160499414
05-14 12:00:00,177.31509779867596
05-14 13:00:00,152.32258346081846
05-14 14:00:00,152.7065584435054
05-14 15:00:00,118.33742641951744
05-14 16:00:00,199.8320417151099
05-14 17:00:00,291.6238851660101
05-14 18:00:00,344.16740299658983
05-14 19:00:00,389.4033775562483
05-14 20:00:00,447.3076654986707
05-14 21:00:00,492.11892649423214
05-14 22:00:00,514.7526593927151
05-14 23:00:00,535.1884197530964
05-15 00:00:00,564.6946024207706
05-15 01:00:00,586.1539345993126
05-15 02:00:00,583.8261385964087
05-15 03:00:00,604.654012732157
05-15 04:00:00,637.0644264598498
05-15 05:00:00,646.9147208460568
05-15 06:00:00,549.12967936208
05-15 07:00:00,474.4568305549504
05-15 08:00:00,399.31558176532377
05-15 09:00:00,326.138823076397
05-15 10:00:00,271.51728293183015
05-15 11:00:00,251.58027941559948
05-15 12:00:00,244.1031867805366
05-15 13:00:00,273.76022987118716
05-15 14:00:00,293.88855310253155
05-15 15:00:00,362.4058863382688
05-15 16:00:00,421.648821011162
05-15 17:00:00,471.25284131519936
05-15 18:00:00,495.9526544759816
05-15 19:00:00,509.78196484897944
05-15 20:00:00,521.5721542940578
05-15 21:00:00,535.7605364887223
05-15 22:00:00,557.9159895048012
05-15 23:00:00,563.777330987594
05-16 00:00:00,580.862620505263
05-16 01:00:00,599.5417559802419
05-16 02:00:00,611.9474087521095
05-16 03:00:00,646.4456977712264
05-16 04:00:00,678.6252230316443
05-16 05:00:00,626.2367661479066
05-16 06:00:00,573.6403190158028
05-16 07:00:00,525.7727126982777
05-16 08:00:00,460.58643938564353
05-16 09:00:00,387.0298124386436
05-16 10:00:00,327.2428478727622
05-16 11:00:00,304.24908818980106
05-16 12:00:00,359.69945115305865
05-16 13:00:00,325.94144633270315
05-16 14:00:00,378.3969002688837
05-16 15:00:00,441.03461410295085
05-16 16:00:00,441.9589033968856
05-16 17:00:00,423.067327240327
05-16 18:00:00,438.33339641855133
05-16 19:00:00,462.0372182129117
05-16 20:00:00,409.67174201777476
05-16 21:00:00,422.6205016954002
05-16 22:00:00,479.4979260249115
05-16 23:00:00,474.8974109270487
05-17 00:00:00,493.65988778957234
05-17 01:00:00,521.3451572960421
05-17 02:00:00,549.5776281055851
05-17 03:00:00,530.8515899754683
05-17 04:00:00,551.6252242784819
05-17 05:00:00,551.9407178366462
05-17 06:00:00,561.6939193432142
05-17 07:00:00,524.5101019585787
05-17 08:00:00,489.83667774978187
05-17 09:00:00,446.54261976022923
05-17 10:00:00,393.5265923918465
05-17 11:00:00,319.2028114734376
05-17 12:00:00,277.824253898393
05-17 13:00:00,243.68462736963033
05-17 14:00:00,234.90721410985097
05-17 15:00:00,306.432238785673
05-17 16:00:00,257.9439396312249
05-17 17:00:00,293.36268738012467
05-17 18:00:00,319.72523161969934
05-17 19:00:00,349.11591197834366
05-17 20:00:00,368.3083737523285
05-17 21:00:00,371.869664196801
05-17 22:00:00,445.9611361917888
05-17 23:00:00,492.434781417442
05-18 00:00:00,521.7713671798956
05-18 01:00:00,522.5402858969896
05-18 02:00:00,549.9650047238827
05-18 03:00:00,556.457050846604
05-18 04:00:00,557.7466614850099
05-18 05:00:00,554.7788349993069
05-18 06:00:00,534.8642972615688
05-18 07:00:00,516.8087954174335
05-18 08:00:00,476.9560886839561
05-18 09:00:00,438.700609334795
05-18 10:00:00,479.01118933758994
05-18 11:00:00,426.43630113889236
05-18 12:00:00,370.3079698518375
05-18 13:00:00,355.20624288675623
05-18 14:00:00,316.496014499486
05-18 15:00:00,292.26481906921924
05-18 16:00:00,272.486833894587
05-18 17:00:00,256.4379339770076
05-18 18:00:00,321.0719396858826
05-18 19:00:00,435.5446552266024
05-18 20:00:00,445.27050325414206
05-18 21:00:00,486.69544060711763
05-18 22:00:00,540.7793940709189
05-18 23:00:00,612.6506359553691
05-19 00:00:00,622.422709591138
05-19 01:00:00,631.268974476092
05-19 02:00:00,641.9531366045594
05-19 03:00:00,642.6714829786789
05-19 04:00:00,647.3956200456244
05-19 05:00:00,638.1694418380068
05-19 06:00:00,622.7512657784986
05-19 07:00:00,606.0457660620465
05-19 08:00:00,566.4882237290234
05-19 09:00:00,537.7175498004927
05-19 10:00:00,466.7184276942937
05-19 11:00:00,455.1065749624957
05-19 12:00:00,577.6080539505975
05-19 13:00:00,452.0215109893744
05-19 14:00:00,361.91704047834287
05-19 15:00:00,446.70458446608325
05-19 16:00:00,475.9308918693433
05-19 17:00:00,468.8319569796955
05-19 18:00:00,495.24892950666964
05-19 19:00:00,548.6789056963302
05-19 20:00:00,600.0535950033888
05-19 21:00:00,624.972542823065
05-19 22:00:00,631.7267619711922
05-19 23:00:00,620.3515474127688
05-20 00:00:00,619.0280394903333
05-20 01:00:00,623.5832791386246
05-20 02:00:00,642.6846645351428
05-20 03:00:00,642.960914017176
05-20 04:00:00,635.2946782612198
05-20 05:00:00,624.1022623153199
05-20 06:00:00,611.7989457522885
05-20 07:00:00,589.9216581389045
05-20 08:00:00,564.2150948900896
05-20 09:00:00,547.3567317227814
05-20 10:00:00,494.935507688826
05-20 11:00:00,432.33928278910656
05-20 12:00:00,353.0277833231967
05-20 13:00:00,328.1433559338275
05-20 14:00:00,296.4763874386713
05-20 15:00:00,262.28024553399507
05-20 16:00:00,247.42490239962075
05-20 17:00:00,248.06543091763982
05-20 18:00:00,295.8727231419787
05-20 19:00:00,370.39295425080445
05-20 20:00:00,394.84641883127534
05-20 21:00:00,427.8116643380289
05-20 22:00:00,476.61542235216433
05-20 23:00:00,492.7100386809805
05-21 00:00:00,509.56386776456134
05-21 01:00:00,527.2859594531557
05-21 02:00:00,512.6230367685142
05-21 03:00:00,510.4395002059819
05-21 04:00:00,503.5214402934037
05-21 05:00:00,508.70836115113553
05-21 06:00:00,461.8736520215773
05-21 07:00:00,415.68968029795474
05-21 08:00:00,369.2036351056369
05-21 09:00:00,370.89491206332025
05-21 10:00:00,392.62552943756174
05-21 11:00:00,393.4641048690348
05-21 12:00:00,385.8780328775094
05-21 13:00:00,361.1682248443182
05-21 14:00:00,362.15414278926227
05-21 15:00:00,347.5795065856706
05-21 16:00:00,374.8346995948102
05-21 17:00:00,422.7272178335917
05-21 18:00:00,447.4558101258808
05-21 19:00:00,462.4254919387205
05-21 20:00:00,482.2800667628373
05-21 21:00:00,529.5638042597088
05-21 22:00:00,567.8697739240882
05-21 23:00:00,594.5996870716261
05-22 00:00:00,630.977581990711
05-22 01:00:00,610.3361287614382
05-22 02:00:00,617.3885477606002
05-22 03:00:00,620.4557621843346
05-22 04:00:00,640.2802981718547
05-22 05:00:00,654.7913883439261
05-22 06:00:00,615.2051950225551
05-22 07:00:00,555.4351587894855
05-22 08:00:00,480.3192323200844
05-22 09:00:00,388.30428984797237
05-22 10:00:00,321.60635551503606
05-22 11:00:00,274.6243727519939
05-22 12:00:00,238.31366253824888
05-22 13:00:00,222.91317895204523
05-22 14:00:00,191.21141577062696
05-22 15:00:00,175.6903160366039
05-22 16:00:00,165.85507604644064
05-22 17:00:00,171.1398104866522
05-22 18:00:00,196.52874350052758
05-22 19:00:00,267.65168398339557
05-22 20:00:00,319.2346648194226
05-22 21:00:00,358.5799060442151
05-22 22:00:00,421.59783877647243
05-22 23:00:00,434.9025865988933
05-23 00:00:00,437.5993374920214
05-23 01:00:00,536.6680760687954
05-23 02:00:00,593.0971034607077
05-23 03:00:00,620.8183439132574
05-23 04:00:00,638.6301156950949
05-23 05:00:00,608.9153115475735
05-23 06:00:00,606.6843825767972
05-23 07:00:00,563.3209481258176
05-23 08:00:00,487.5945685487809
05-23 09:00:00,403.25317532404665
05-23 10:00:00,345.5716539579518
05-23 11:00:00,341.6901248343701
05-23 12:00:00,334.4536004560346
05-23 13:00:00,262.9403030799663
05-23 14:00:00,209.77106727405925
05-23 15:00:00,183.10047867864856
05-23 16:00:00,173.0898230509182
05-23 17:00:00,180.87660918568875
05-23 18:00:00,251.292493063519
05-23 19:00:00,317.14862179488233
05-23 20:00:00,341.84566231326306
05-23 21:00:00,392.1520422457712
05-23 22:00:00,420.60970107950084
05-23 23:00:00,473.5178882377459
05-24 00:00:00,500.2097916218813
05-24 01:00:00,511.43761909157223
05-24 02:00:00,507.7121877059252
05-24 03:00:00,526.5341958510052
05-24 04:00:00,538.4298319130619
05-24 05:00:00,540.6191418558288
05-24 06:00:00,500.7068323956775
05-24 07:00:00,432.27331997127425
05-24 08:00:00,426.95738240992165
05-24 09:00:00,369.8575466730329
05-24 10:00:00,327.4097620816251
05-24 11:00:00,270.0154881502599
05-24 12:00:00,239.59691509731795
05-24 13:00:00,270.5412078759985
05-24 14:00:00,276.83862876016383
05-24 15:00:00,274.2221929551693
05-24 16:00:00,276.8119295128437
05-24 17:00:00,293.846719779467
05-24 18:00:00,323.58141219493945
05-24 19:00:00,346.57253924600127
05-24 20:00:00,362.0209828951175
05-24 21:00:00,371.26149516995326
05-24 22:00:00,376.668253390395
05-24 23:00:00,434.00299549811393
05-25 00:00:00,448.4438511250127
05-25 01:00:00,504.40753129892846
05-25 02:00:00,519.9064067986823
05-25 03:00:00,511.15795809167986
05-25 04:00:00,508.4557491039108
05-25 05:00:00,526.9449843017775
05-25 06:00:00,504.252302616599
05-25 07:00:00,495.3591519512439
05-25 08:00:00,476.34340377659225
05-25 09:00:00,443.5814773021366
05-25 10:00:00,367.73073426866966
05-25 11:00:00,329.6747127801831
05-25 12:00:00,271.7394969408382
05-25 13:00:00,262.8349206359166
05-25 14:00:00,243.31419577918942
05-25 15:00:00,222.55316597391356
05-25 16:00:00,222.013852637303
05-25 17:00:00,231.83981732303917
05-25 18:00:00,256.36023791948224
05-25 19:00:00,294.2851398880624
05-25 20:00:00,362.8969926520559
05-25 21:00:00,400.62514416318356
05-25 22:00:00,455.355639585051
05-25 23:00:00,471.5730179236388
05-26 00:00:00,498.58125892039936
05-26 01:00:00,534.9807969001317
05-26 02:00:00,573.7620355997129
05-26 03:00:00,560.1520752420295
05-26 04:00:00,558.6221578885277
05-26 05:00:00,549.7816711808122
05-26 06:00:00,505.6055586521832
05-26 07:00:00,437.9824999057583
05-26 08:00:00,400.3879066731516
05-26 09:00:00,313.3420722316617
05-26 10:00:00,252.17194211225376
05-26 11:00:00,251.4017546032438
05-26 12:00:00,231.62353470745072
05-26 13:00:00,214.39708622321766
05-26 14:00:00,202.06290974925827
05-26 15:00:00,181.98286887557194
05-26 16:00:00,209.76617481142105
05-26 17:00:00,250.82212446154702
05-26 18:00:00,298.1060895908018
05-26 19:00:00,343.3676849347373
05-26 20:00:00,370.31275726841886
05-26 21:00:00,382.8031603988847
05-26 22:00:00,404.4819254748639
05-26 23:00:00,417.00102155767024
05-27 00:00:00,409.8327858497026
05-27 01:00:00,426.32482734791256
05-27 02:00:00,423.7435897088825
05-27 03:00:00,466.48142877499214
05-27 04:00:00,524.3750437433648
05-27 05:00:00,540.9019277544706
05-27 06:00:00,545.189758916189
05-27 07:00:00,526.0782271811676
05-27 08:00:00,528.4694864596877
05-27 09:00:00,540.8002982222104
05-27 10:00:00,528.2450651317805
05-27 11:00:00,488.0099180654107
05-27 12:00:00,468.8089798140478
05-27 13:00:00,412.8490902325582
05-27 14:00:00,355.34393296782383
05-27 15:00:00,375.3718359991889
05-27 16:00:00,351.9237061675251
05-27 17:00:00,341.5592041399094
05-27 18:00:00,356.2624586772708
05-27 19:00:00,371.63024234182575
05-27 20:00:00,394.3300117266294
05-27 21:00:00,436.4235342672576
05-27 22:00:00,479.8925997286559
05-27 23:00:00,522.5999630664388
05-28 00:00:00,560.5619318320902
05-28 01:00:00,598.9851949041671
05-28 02:00:00,621.4649670035028
05-28 03:00:00,645.1454691412254
05-28 04:00:00,656.1883093772582
05-28 05:00:00,598.3687760991377
05-28 06:00:00,507.9601299726658
05-28 07:00:00,414.9679207319335
05-28 08:00:00,341.52301128950637
05-28 09:00:00,261.4264935675671
05-28 10:00:00,186.88812456850343
05-28 11:00:00,127.02364094229563
05-28 12:00:00,75.58659308130358
05-28 13:00:00,38.757429365522455
05-28 14:00:00,25.809563132696287
05-28 15:00:00,13.663103910000402
05-28 16:00:00,17.99180947371329
05-28 17:00:00,23.95780783977286
05-28 18:00:00,67.7832441079476
05-28 19:00:00,159.9359394311504
05-28 20:00:00,217.78940006683732
05-28 21:00:00,258.32769541105154
05-28 22:00:00,278.18943882893075
05-28 23:00:00,286.4543455066753
05-29 00:00:00,313.74347624643144
05-29 01:00:00,333.779685066891
05-29 02:00:00,363.70322110547505
05-29 03:00:00,397.740241407914
05-29 04:00:00,411.4664691725571
05-29 05:00:00,400.4456411908823
05-29 06:00:00,349.1661471042733
05-29 07:00:00,326.0124677638
05-29 08:00:00,274.1978608192278
05-29 09:00:00,232.6697602236617
05-29 10:00:00,216.8593700988621
05-29 11:00:00,173.14794074102406
05-29 12:00:00,125.56105839424673
05-29 13:00:00,111.88145165624616
05-29 14:00:00,123.48746629606019
05-29 15:00:00,86.4273528604049
05-29 16:00:00,63.4811334462524
05-29 17:00:00,70.94679956347886
05-29 18:00:00,105.20489378599235
05-29 19:00:00,183.7175484469576
05-29 20:00:00,267.44403023746577
05-29 21:00:00,312.55366204426053
05-29 22:00:00,333.2754104642123
05-29 23:00:00,356.88988474503213
05-30 00:00:00,394.953907352338
05-30 01:00:00,461.244033050564
05-30 02:00:00,511.2495184147941
05-30 03:00:00,537.5282322807027
05-30 04:00:00,559.5487796640583
05-30 05:00:00,531.199029983303
05-30 06:00:00,446.9102328881807
05-30 07:00:00,354.5433960142404
05-30 08:00:00,255.14923459677834
05-30 09:00:00,178.03208702153194
05-30 10:00:00,121.8262854367778
05-30 11:00:00,78.19779753919933
05-30 12:00:00,58.239566615807405
05-30 13:00:00,50.66013888329452
05-30 14:00:00,39.235280555505085
05-30 15:00:00,43.60699943995016
05-30 16:00:00,58.343505219115464
05-30 17:00:00,84.71370724709266
05-30 18:00:00,119.1835791353983
05-30 19:00:00,181.6826232307531
05-30 20:00:00,249.54451110450967
05-30 21:00:00,301.9152197036104
05-30 22:00:00,343.05039599953443
05-30 23:00:00,385.85358782463214
05-31 00:00:00,437.69241313272755
05-31 01:00:00,467.4255594670908
05-31 02:00:00,521.5850152671161
05-31 03:00:00,558.2905843007893
05-31 04:00:00,570.366710810298
05-31 05:00:00,526.8579339509249
05-31 06:00:00,442.56943106102204
05-31 07:00:00,369.6464429141563
05-31 08:00:00,293.8697768944305
05-31 09:00:00,231.812620861788
05-31 10:00:00,156.058003830701
05-31 11:00:00,91.82737224766312
05-31 12:00:00,40.93970518756394
05-31 13:00:00,4.726899871576993
05-31 14:00:00,4.726899871576993
05-31 15:00:00,4.646354113264055
05-31 16:00:00,7.350164577358359
05-31 17:00:00,13.524596202503536
05-31 18:00:00,23.383481622934866
05-31 19:00:00,104.29735237946275
05-31 20:00:00,166.74835381179406
05-31 21:00:00,228.43369785212468
05-31 22:00:00,255.70284172548796
05-31 23:00:00,295.2442642991818
06-01 00:00:00,376.45358771913703
06-01 01:00:00,416.1944802946144
06-01 02:00:00,438.05954627054433
06-01 03:00:00,458.6142180403526
06-01 04:00:00,478.166590100952
06-01 05:00:00,433.63095150329417
06-01 06:00:00,342.4408991096902
06-01 07:00:00,267.6561012935223
06-01 08:00:00,199.04108424503838
06-01 09:00:00,139.12660541022578
06-01 10:00:00,63.27616247461902
06-01 11:00:00,2.817114203950753
06-01 12:00:00,3.3328917465776335
06-01 13:00:00,3.370621383339137
06-01 14:00:00,3.220421553586498
06-01 15:00:00,3.146036693467193
06-01 16:00:00,2.9986825185604387
06-01 17:00:00,3.0353450240126922
06-01 18:00:00,7.393065543636389
06-01 19:00:00,24.260772249760407
06-01 20:00:00,82.335853034471
06-01 21:00:00,122.92303122840093
06-01 22:00:00,163.45410974460378
06-01 23:00:00,209.05059918858953
06-02 00:00:00,262.51324862608095
06-02 01:00:00,274.98547043041765
06-02 02:00:00,303.6270205834869
06-02 03:00:00,331.18041281554116
06-02 04:00:00,330.02763963415384
06-02 05:00:00,313.5959368154536
06-02 06:00:00,211.75285781746982
06-02 07:00:00,151.3491796444019
06-02 08:00:00,56.43442474503829
06-02 09:00:00,2.289480071651273
06-02 10:00:00,2.255195394333546
06-02 11:00:00,1.9848287888672236
06-02 12:00:00,1.721293570222435
06-02 13:00:00,1.7865461897905226
06-02 14:00:00,1.8852116399589613
06-02 15:00:00,2.2210201384545982
06-02 16:00:00,2.603022532958283
06-02 17:00:00,5.41043058197544
06-02 18:00:00,34.16198659646163
06-02 19:00:00,71.67471813697979
06-02 20:00:00,108.9126922526872
06-02 21:00:00,127.79013736317901
06-02 22:00:00,149.7429898662652
06-02 23:00:00,164.30002468249495
06-03 00:00:00,200.80487769705735
06-03 01:00:00,236.60714073339417
06-03 02:00:00,272.10170784715035
06-03 03:00:00,279.82084745870264
06-03 04:00:00,286.0420546700245
06-03 05:00:00,253.66206448360856
06-03 06:00:00,228.60691620541402
06-03 07:00:00,183.18343443451482
06-03 08:00:00,131.29931583174414
06-03 09:00:00,70.8261445612639
06-03 10:00:00,2.186953965007851
06-03 11:00:00,2.392994036365675
06-03 12:00:00,2.4625567107041504
06-03 13:00:00,2.0854065632316843
06-03 14:00:00,2.4625567107041504
06-03 15:00:00,2.3583790513160245
06-03 16:00:00,2.255195394333546
06-03 17:00:00,2.4625567107041504
06-03 18:00:00,2.3583790513160245
06-03 19:00:00,2.5325652867478903
06-03 20:00:00,13.226955633134558
06-03 21:00:00,20.40169109405616
06-03 22:00:00,49.9860872098845
06-03 23:00:00,66.6269057822639
06-04 00:00:00,85.83483303154131
06-04 01:00:00,100.50422310367125
06-04 02:00:00,116.14603076765235
06-04 03:00:00,174.077958083559
06-04 04:00:00,172.8739924623344
06-04 05:00:00,160.42836776160078
06-04 06:00:00,98.68701678022828
06-04 07:00:00,58.85390481447972
06-04 08:00:00,9.605749622970997
06-04 09:00:00,6.726118547443084
06-04 10:00:00,4.0744384802935505
06-04 11:00:00,2.5325652867478903
06-04 12:00:00,1.6241946509556293
06-04 13:00:00,1.5920350533527767
06-04 14:00:00,2.0854065632316843
06-04 15:00:00,2.0854065632316843
06-04 16:00:00,2.152996535922899
06-04 17:00:00,2.4975050883377863
06-04 18:00:00,2.4975050883377863
06-04 19:00:00,9.980716796171297
06-04 20:00:00,20.588669075353984
06-04 21:00:00,46.893487658386164
06-04 22:00:00,62.896848837593794
06-04 23:00:00,109.76541517632467
06-05 00:00:00,176.2014859156944
06-05 01:00:00,197.05615791969132
06-05 02:00:00,205.86314759808212
06-05 03:00:00,216.26376931495565
06-05 04:00:00,233.40259883528915
06-05 05:00:00,239.64544528945996
06-05 06:00:00,192.0382278923999
06-05 07:00:00,152.70253157201714
06-05 08:00:00,118.85393598095246
06-05 09:00:00,106.9751761949801
06-05 10:00:00,127.80180172775994
06-05 11:00:00,157.1630387161914
06-05 12:00:00,202.20071013845927
06-05 13:00:00,210.07724565343358
06-05 14:00:00,238.99529250492083
06-05 15:00:00,253.92658275943262
06-05 16:00:00,203.77999820198738
06-05 17:00:00,166.5659007526113
06-05 18:00:00,198.3073354903513
06-05 19:00:00,236.5975694574649
06-05 20:00:00,268.9068127456013
06-05 21:00:00,281.21645855222954
06-05 22:00:00,277.408760744409
06-05 23:00:00,289.2896648689253
06-06 00:00:00,302.4453883129833
06-06 01:00:00,310.67281497312524
06-06 02:00:00,300.88701029772346
06-06 03:00:00,295.01629012732656
06-06 04:00:00,293.1491645224479
06-06 05:00:00,295.6266037292528
06-06 06:00:00,280.6454769149541
06-06 07:00:00,262.44252885619665
06-06 08:00:00,208.9257752671401
06-06 09:00:00,178.91648056598217
06-06 10:00:00,148.17727008987853
06-06 11:00:00,141.99892171954903
06-06 12:00:00,140.38797304078892
06-06 13:00:00,132.44474041257305
06-06 14:00:00,131.52987307614873
06-06 15:00:00,155.75948310511203
06-06 16:00:00,137.50457899357278
06-06 17:00:00,173.06611653242507
06-06 18:00:00,184.48816859505578
06-06 19:00:00,201.96638145284987
06-06 20:00:00,209.9853193583402
06-06 21:00:00,201.80516495627643
06-06 22:00:00,202.00270265907392
06-06 23:00:00,209.32718961309195
06-07 00:00:00,213.24437764797443
06-07 01:00:00,214.10627580837587
06-07 02:00:00,218.28158370713038
06-07 03:00:00,222.45952773526884
06-07 04:00:00,230.52788647938107
06-07 05:00:00,237.7866959167821
06-07 06:00:00,240.0977790197526
06-07 07:00:00,231.70162970370504
06-07 08:00:00,212.171169750555
06-07 09:00:00,176.2928240346483
06-07 10:00:00,143.25139220073015
06-07 11:00:00,95.72887110387528
06-07 12:00:00,54.3293385981207
06-07 13:00:00,27.558618291304718
06-07 14:00:00,15.293151297217772
06-07 15:00:00,31.81793178445382
06-07 16:00:00,156.40552707720823
06-07 17:00:00,195.0793546997807
06-07 18:00:00,223.12911554480817
06-07 19:00:00,224.0938897590227
06-07 20:00:00,223.52501204375113
06-07 21:00:00,236.08877315073622
06-07 22:00:00,244.91815009161803
06-07 23:00:00,249.32977964048504
06-08 00:00:00,252.4412316497027
06-08 01:00:00,248.4117384815651
06-08 02:00:00,254.13347597109077
06-08 03:00:00,248.41231774405202
06-08 04:00:00,248.7971588077305
06-08 05:00:00,243.28756875734405
06-08 06:00:00,228.10149481152962
06-08 07:00:00,190.1346430832392
06-08 08:00:00,160.28013818710815
06-08 09:00:00,129.6429760486998
06-08 10:00:00,99.69635292748784
06-08 11:00:00,42.11146942562104
06-08 12:00:00,19.928567627380918
06-08 13:00:00,19.928567627380918
06-08 14:00:00,20.6332575562519
06-08 15:00:00,84.97455108848881
06-08 16:00:00,98.24788596625
06-08 17:00:00,103.60215233916497
06-08 18:00:00,129.64942153756766
06-08 19:00:00,158.60944560713224
06-08 20:00:00,173.7906285961703
06-08 21:00:00,183.74382835583202
06-08 22:00:00,176.14869218462385
06-08 23:00:00,199.00854971592045
06-09 00:00:00,208.457234708453
06-09 01:00:00,214.3981426021582
06-09 02:00:00,207.7255847197953
06-09 03:00:00,212.49491544733908
06-09 04:00:00,212.37793343242356
06-09 05:00:00,207.490987258472
06-09 06:00:00,185.21476803450852
06-09 07:00:00,163.44303852582928
06-09 08:00:00,140.56566361315282
06-09 09:00:00,88.69478952075173
06-09 10:00:00,36.98849136409536
06-09 11:00:00,14.043906534030729
06-09 12:00:00,5.005834879925837
06-09 13:00:00,5.952927659000082
06-09 14:00:00,4.212392035891336
06-09 15:00:00,16.55890948054376
06-09 16:00:00,123.30515104045804
06-09 17:00:00,106.33520461438009
06-09 18:00:00,114.7462665878248
06-09 19:00:00,140.3310857890175
06-09 20:00:00,192.8424166175427
06-09 21:00:00,224.9666406341339
06-09 22:00:00,256.2237093119603
06-09 23:00:00,288.4997817853155
06-10 00:00:00,301.33918000600937
06-10 01:00:00,314.2497758589757
06-10 02:00:00,335.2070115673838
06-10 03:00:00,337.22604712292184
06-10 04:00:00,350.21133666780474
06-10 05:00:00,319.5790677378887
06-10 06:00:00,253.79283060040274
06-10 07:00:00,172.27249110876602
06-10 08:00:00,99.97187512337904
06-10 09:00:00,45.881312273285374
06-10 10:00:00,2.3583790513160245
06-10 11:00:00,2.709555752028278
06-10 12:00:00,2.6739312329033553
06-10 13:00:00,2.427719808261197
06-10 14:00:00,2.603022532958283
06-10 15:00:00,2.889394117939339
06-10 16:00:00,2.925707423906322
06-10 17:00:00,3.755493632557636
06-10 18:00:00,4.976709959614928
06-10 19:00:00,13.826084457284068
06-10 20:00:00,26.905328553311215
06-10 21:00:00,48.72527875568072
06-10 22:00:00,97.44344997275417
06-10 23:00:00,146.10879631499316
06-11 00:00:00,174.25051033511238
06-11 01:00:00,199.4710744826499
06-11 02:00:00,217.94890491951003
06-11 03:00:00,246.41673001863174
06-11 04:00:00,272.89437778908894
06-11 05:00:00,237.3079445857443
06-11 06:00:00,172.95139004378728
06-11 07:00:00,115.97264795323193
06-11 08:00:00,52.949755412616334
06-11 09:00:00,3.6006812801360732
06-11 10:00:00,2.962136771477863
06-11 11:00:00,3.0353450240126922
06-11 12:00:00,3.0353450240126922
06-11 13:00:00,2.781146884872087
06-11 14:00:00,2.8531964966220738
06-11 15:00:00,2.889394117939339
06-11 16:00:00,2.709555752028278
06-11 17:00:00,2.4975050883377863
06-11 18:00:00,2.4625567107041504
06-11 19:00:00,14.250916611386746
06-11 20:00:00,27.902801731317574
06-11 21:00:00,37.3169861886252
06-11 22:00:00,102.59255515737743
06-11 23:00:00,124.8722021519772
06-12 00:00:00,158.3483141895066
06-12 01:00:00,197.7225496497149
06-12 02:00:00,215.31973861261642
06-12 03:00:00,234.25361398419804
06-12 04:00:00,242.542722239598
06-12 05:00:00,214.14583997058716
06-12 06:00:00,137.9250196619903
06-12 07:00:00,53.149192153909475
06-12 08:00:00,7.569417554658859
06-12 09:00:00,1.9515167787737282
06-12 10:00:00,1.918311172676974
06-12 11:00:00,1.4644216423276173
06-12 12:00:00,1.52802399157335
06-12 13:00:00,1.4327729388117545
06-12 14:00:00,1.6888235866115342
06-12 15:00:00,1.6241946509556293
06-12 16:00:00,2.186953965007851
06-12 17:00:00,2.289480071651273
06-12 18:00:00,2.5677376524636135
06-12 19:00:00,2.889394117939339
06-12 20:00:00,4.720903519814143
06-12 21:00:00,11.437470563588114
06-12 22:00:00,12.638155784311223
06-12 23:00:00,13.393037098869343
06-13 00:00:00,19.415189150063483
06-13 01:00:00,47.57631351586307
06-13 02:00:00,74.56100894343848
06-13 03:00:00,73.63662552679993
06-13 04:00:00,91.12592213208217
06-13 05:00:00,87.13072027347383
06-13 06:00:00,46.708002567659705
06-13 07:00:00,24.212067123246406
06-13 08:00:00,9.912433089274998
06-13 09:00:00,3.109021750224742
06-13 10:00:00,2.925707423906322
06-13 11:00:00,2.889394117939339
06-13 12:00:00,2.817114203950753
06-13 13:00:00,2.817114203950753
06-13 14:00:00,2.6739312329033553
06-13 15:00:00,2.323874510351498
06-13 16:00:00,2.5325652867478903
06-13 17:00:00,2.5677376524636135
06-13 18:00:00,2.5677376524636135
06-13 19:00:00,12.731146538179432
06-13 20:00:00,31.30225576796225
06-13 21:00:00,64.83667031129829
06-13 22:00:00,92.56154082034823
06-13 23:00:00,114.9133793243263
06-14 00:00:00,150.51099269558227
06-14 01:00:00,191.43364858507078
06-14 02:00:00,230.38102986046016
06-14 03:00:00,256.07009814777234
06-14 04:00:00,282.4616130385821
06-14 05:00:00,244.4546717630854
06-14 06:00:00,164.3325937234922
06-14 07:00:00,111.69113260551826
06-14 08:00:00,58.039407416811116
06-14 09:00:00,17.199303237999985
06-14 10:00:00,1.0304371392743372
06-14 11:00:00,0.7910531095169465
06-14 12:00:00,0.7321608768899115
06-14 13:00:00,0.90997730711831
06-14 14:00:00,0.6736453848852165
06-14 15:00:00,1.1218014279344088
06-14 16:00:00,1.3384329132750956
06-14 17:00:00,1.4327729388117545
06-14 18:00:00,1.6241946509556293
06-14 19:00:00,5.2815448909400375
06-14 20:00:00,16.673744623040925
06-14 21:00:00,30.56024572524668
06-14 22:00:00,45.41748148092206
06-14 23:00:00,90.91341831319625
06-15 00:00:00,121.51286984112457
06-15 01:00:00,156.6287489510834
06-15 02:00:00,176.18745707999196
06-15 03:00:00,196.008207615838
06-15 04:00:00,206.41731428466505
06-15 05:00:00,173.5432928101773
06-15 06:00:00,94.83083602010791
06-15 07:00:00,30.573870789207717
06-15 08:00:00,1.2449954091121418
06-15 09:00:00,0.9399475459622463
06-15 10:00:00,0.7028561861450223
06-15 11:00:00,0.6155042733722557
06-15 12:00:00,0.9399475459622463
06-15 13:00:00,1.3384329132750956
06-15 14:00:00,0.90997730711831
06-15 15:00:00,1.1524519936831163
06-15 16:00:00,1.4012254599377927
06-15 17:00:00,1.4012254599377927
06-15 18:00:00,1.4644216423276173
06-15 19:00:00,1.7538676629236243
06-15 20:00:00,12.29528062066524
06-15 21:00:00,21.139386970907438
06-15 22:00:00,31.157209008572124
06-15 23:00:00,37.24140044868397
06-16 00:00:00,68.06277125089244
06-16 01:00:00,70.91735960093415
06-16 02:00:00,108.12362045301728
06-16 03:00:00,109.07442658356202
06-16 04:00:00,125.00486751910492
06-16 05:00:00,113.74690137547603
06-16 06:00:00,44.577908352726524
06-16 07:00:00,2.2729814190989424
06-16 08:00:00,1.0607943072176098
06-16 09:00:00,0.6736453848852165
06-16 10:00:00,0.41492488126026517
06-16 11:00:00,0.24655185187730244
06-16 12:00:00,0.2743891758754183
06-16 13:00:00,0.8503244568783138
06-16 14:00:00,1.0001771591101447
06-16 15:00:00,1.0607943072176098
06-16 16:00:00,0.9399475459622463
06-16 17:00:00,0.9700140624638769
06-16 18:00:00,1.1218014279344088
06-16 19:00:00,1.1524519936831163
06-16 20:00:00,1.2140486751006807
06-16 21:00:00,6.741107942066524
06-16 22:00:00,14.26022003575915
06-16 23:00:00,17.747915511061564
06-17 00:00:00,24.35086223536929
06-17 01:00:00,28.135810537365714
06-17 02:00:00,30.319563512488017
06-17 03:00:00,42.040661644811735
06-17 04:00:00,37.73180666302509
06-17 05:00:00,28.179316313451082
06-17 06:00:00,4.899385287452938
06-17 07:00:00,1.4327729388117545
06-17 08:00:00,0.9700140624638769
06-17 09:00:00,0.7910531095169465
06-17 10:00:00,0.21880380763948554
06-17 11:00:00,0.41492488126026517
06-17 12:00:00,0.6155042733722557
06-17 13:00:00,0.8206412449262948
06-17 14:00:00,0.6445281785306892
06-17 15:00:00,0.7321608768899115
06-17 16:00:00,0.5577351961503173
06-17 17:00:00,0.7028561861450223
06-17 18:00:00,0.7615597525719249
06-17 19:00:00,0.8206412449262948
06-17 20:00:00,0.8206412449262948
06-17 21:00:00,1.4755155782040978
06-17 22:00:00,3.274439811238171
06-17 23:00:00,11.091703903452235
06-18 00:00:00,18.621883300430323
06-18 01:00:00,12.24638071283362
06-18 02:00:00,10.465194059152543
06-18 03:00:00,19.614852375312157
06-18 04:00:00,23.325295481085945
06-18 05:00:00,18.674216687613644
06-18 06:00:00,2.0317399195719785
06-18 07:00:00,1.2449954091121418
06-18 08:00:00,0.7910531095169465
06-18 09:00:00,0.5289894410069227
06-18 10:00:00,0.3023160613281504
06-18 11:00:00,0.08139298264118236
06-18 12:00:00,0.0
06-18 13:00:00,0.0
06-18 14:00:00,0.0
06-18 15:00:00,0.054174748610620806
06-18 16:00:00,0.5577351961503173
06-18 17:00:00,0.7615597525719249
06-18 18:00:00,0.9399475459622463
06-18 19:00:00,1.3384329132750956
06-18 20:00:00,1.6888235866115342
06-18 21:00:00,5.517849490941634
06-18 22:00:00,23.73259802322261
06-18 23:00:00,40.6720143087708
06-19 00:00:00,53.80512708137661
06-19 01:00:00,75.60756309908396
06-19 02:00:00,75.50111962105501
06-19 03:00:00,98.89270430516143
06-19 04:00:00,90.96575023916469
06-19 05:00:00,59.46390446462274
06-19 06:00:00,19.66953226866854
06-19 07:00:00,1.6888235866115342
06-19 08:00:00,1.4961718873301268
06-19 09:00:00,1.2140486751006807
06-19 10:00:00,1.0304371392743372
06-19 11:00:00,0.7615597525719249
06-19 12:00:00,0.08139298264118236
06-19 13:00:00,0.0
06-19 14:00:00,0.0
06-19 15:00:00,0.0
06-19 16:00:00,0.38663691607579637
06-19 17:00:00,0.2743891758754183
06-19 18:00:00,0.19114476231314054
06-19 19:00:00,0.4433038291134703
06-19 20:00:00,0.6155042733722557
06-19 21:00:00,0.41492488126026517
06-19 22:00:00,0.5003358208965616
06-19 23:00:00,0.5003358208965616
06-20 00:00:00,3.825951872905886
06-20 01:00:00,6.602480847687266
06-20 02:00:00,8.301370464350489
06-20 03:00:00,1.5920350533527767
06-20 04:00:00,2.051773348156512
06-20 05:00:00,4.916155598783006
06-20 06:00:00,4.882089425336258
06-20 07:00:00,2.051773348156512
06-20 08:00:00,1.9515167787737282
06-20 09:00:00,1.918311172676974
06-20 10:00:00,1.52802399157335
06-20 11:00:00,1.2760414857165043
06-20 12:00:00,0.7321608768899115
06-20 13:00:00,0.7910531095169465
06-20 14:00:00,0.5289894410069227
06-20 15:00:00,0.586573376569736
06-20 16:00:00,0.7910531095169465
06-20 17:00:00,1.6888235866115342
06-20 18:00:00,2.322114222032374
06-20 19:00:00,11.52982760848116
06-20 20:00:00,40.5350446265
06-20 21:00:00,87.38615758197501
06-20 22:00:00,86.33966962354857
06-20 23:00:00,99.7378984872872
06-21 00:00:00,112.02954954342015
06-21 01:00:00,132.38462048050596
06-21 02:00:00,142.33512924572312
06-21 03:00:00,121.37561147772124
06-21 04:00:00,142.99248785977977
06-21 05:00:00,126.04694789449698
06-21 06:00:00,66.64285767731158
06-21 07:00:00,17.973791715462745
06-21 08:00:00,3.605425426835662
06-21 09:00:00,1.819329476819354
06-21 10:00:00,1.918311172676974
06-21 11:00:00,1.2760414857165043
06-21 12:00:00,2.0854065632316843
06-21 13:00:00,2.255195394333546
06-21 14:00:00,2.323874510351498
06-21 15:00:00,2.2210201384545982
06-21 16:00:00,2.186953965007851
06-21 17:00:00,2.2210201384545982
06-21 18:00:00,2.255195394333546
06-21 19:00:00,82.62357721530812
06-21 20:00:00,112.46616948324663
06-21 21:00:00,121.41633023958154
06-21 22:00:00,99.38731340688075
06-21 23:00:00,126.38832329861502
06-22 00:00:00,164.7167625088663
06-22 01:00:00,184.23351228298824
06-22 02:00:00,175.99188253062079
06-22 03:00:00,176.93047030700592
06-22 04:00:00,168.90876731183462
06-22 05:00:00,158.4892098610765
06-22 06:00:00,138.01588322616797
06-22 07:00:00,104.58222005707854
06-22 08:00:00,80.28007276481026
06-22 09:00:00,93.43251246840266
06-22 10:00:00,120.28221766218641
06-22 11:00:00,97.58787939925074
06-22 12:00:00,65.0321012538612
06-22 13:00:00,51.87213081753002
06-22 14:00:00,37.655538292072976
06-22 15:00:00,69.9151202307442
06-22 16:00:00,36.293934979200266
06-22 17:00:00,10.016267504318762
06-22 18:00:00,45.003713847337096
06-22 19:00:00,63.330931312115304
06-22 20:00:00,102.00389432354332
06-22 21:00:00,150.7509188204566
06-22 22:00:00,178.7619303478327
06-22 23:00:00,178.9928669187218
06-23 00:00:00,194.43933673249572
06-23 01:00:00,191.9404908769456
06-23 02:00:00,203.13133099929536
06-23 03:00:00,205.46232746954567
06-23 04:00:00,219.87788330863154
06-23 05:00:00,216.31028127564238
06-23 06:00:00,165.60187288718151
06-23 07:00:00,98.37315932753904
06-23 08:00:00,54.30108851531029
06-23 09:00:00,15.608096148926727
06-23 10:00:00,2.427719808261197
06-23 11:00:00,2.63842027665019
06-23 12:00:00,2.889394117939339
06-23 13:00:00,2.962136771477863
06-23 14:00:00,2.962136771477863
06-23 15:00:00,2.962136771477863
06-23 16:00:00,2.925707423906322
06-23 17:00:00,2.962136771477863
06-23 18:00:00,23.062260771487725
06-23 19:00:00,78.84927510722346
06-23 20:00:00,72.78099605312345
06-23 21:00:00,125.23896577678943
06-23 22:00:00,186.79476124521702
06-23 23:00:00,200.9369433847604
06-24 00:00:00,207.9045578283244
06-24 01:00:00,237.40968652963812
06-24 02:00:00,277.0267346630811
06-24 03:00:00,295.7451772837578
06-24 04:00:00,290.8352469152151
06-24 05:00:00,241.13054901706494
06-24 06:00:00,184.0612976179909
06-24 07:00:00,142.06974287434062
06-24 08:00:00,160.94896759952908
06-24 09:00:00,137.23748668926225
06-24 10:00:00,92.54014137084408
06-24 11:00:00,24.637340195821185
06-24 12:00:00,3.905910309347684
06-24 13:00:00,12.455318522214746
06-24 14:00:00,39.47242399961024
06-24 15:00:00,51.84671455632395
06-24 16:00:00,58.45517228799382
06-24 17:00:00,170.72410648596568
06-24 18:00:00,204.58597139622594
06-24 19:00:00,215.85086485976416
06-24 20:00:00,221.5515912182688
06-24 21:00:00,259.3854746268516
06-24 22:00:00,288.07229489476015
06-24 23:00:00,291.5693283015659
06-25 00:00:00,286.5258291719365
06-25 01:00:00,283.34894580887567
06-25 02:00:00,284.172947390138
06-25 03:00:00,286.3514450408747
06-25 04:00:00,282.0699073603965
06-25 05:00:00,277.92085862277486
06-25 06:00:00,279.33727011358496
06-25 07:00:00,254.22767792592722
06-25 08:00:00,204.86587108356215
06-25 09:00:00,194.06227226448735
06-25 10:00:00,142.1596412191708
06-25 11:00:00,139.41144673158163
06-25 12:00:00,110.25279257401499
06-25 13:00:00,63.65830747681632
06-25 14:00:00,52.745081398961275
06-25 15:00:00,39.14404793036627
06-25 16:00:00,50.055699861923316
06-25 17:00:00,57.42284797992572
06-25 18:00:00,63.87681047970151
06-25 19:00:00,97.8005839970818
06-25 20:00:00,126.57180558264572
06-25 21:00:00,134.3019110555181
06-25 22:00:00,179.3606010832979
06-25 23:00:00,181.89858568419803
06-26 00:00:00,211.49608148855617
06-26 01:00:00,244.64283155167425
06-26 02:00:00,260.2911375257592
06-26 03:00:00,288.733942380671
06-26 04:00:00,297.26169539317334
06-26 05:00:00,281.9766129312712
06-26 06:00:00,221.51806844295157
06-26 07:00:00,148.7634654306802
06-26 08:00:00,91.91131033716863
06-26 09:00:00,50.929228665434444
06-26 10:00:00,16.68845245619232
06-26 11:00:00,1.9848287888672236
06-26 12:00:00,2.427719808261197
06-26 13:00:00,2.7452941852826553
06-26 14:00:00,2.781146884872087
06-26 15:00:00,2.781146884872087
06-26 16:00:00,2.63842027665019
06-26 17:00:00,2.5677376524636135
06-26 18:00:00,3.3887645288639265
06-26 19:00:00,13.51129616785858
06-26 20:00:00,29.22709093085784
06-26 21:00:00,36.50690597139536
06-26 22:00:00,57.79299498069463
06-26 23:00:00,103.88961208897695
06-27 00:00:00,131.7029004616964
06-27 01:00:00,146.42775427206473
06-27 02:00:00,147.31807293198972
06-27 03:00:00,166.4637593443136
06-27 04:00:00,164.3661708669317
06-27 05:00:00,161.647048466385
06-27 06:00:00,103.20223400605246
06-27 07:00:00,35.473668577335644
06-27 08:00:00,1.5920350533527767
06-27 09:00:00,1.0912489680904982
06-27 10:00:00,0.8801030443299478
06-27 11:00:00,0.6155042733722557
06-27 12:00:00,0.6155042733722557
06-27 13:00:00,0.5577351961503173
06-27 14:00:00,0.5003358208965616
06-27 15:00:00,0.7321608768899115
06-27 16:00:00,1.0912489680904982
06-27 17:00:00,1.2449954091121418
06-27 18:00:00,1.2449954091121418
06-27 19:00:00,1.4961718873301268
06-27 20:00:00,7.122744312346764
06-27 21:00:00,51.550474352054295
06-27 22:00:00,81.80659098350532
06-27 23:00:00,98.0119499685818
06-28 00:00:00,90.87989229418504
06-28 01:00:00,100.71907997276732
06-28 02:00:00,98.96361240436234
06-28 03:00:00,121.8019456164243
06-28 04:00:00,127.52391217083746
06-28 05:00:00,122.54732896028469
06-28 06:00:00,58.757137425920185
06-28 07:00:00,10.435543472117631
06-28 08:00:00,1.2140486751006807
06-28 09:00:00,0.9700140624638769
06-28 10:00:00,0.6445281785306892
06-28 11:00:00,0.3584396476125438
06-28 12:00:00,0.24655185187730244
06-28 13:00:00,0.24655185187730244
06-28 14:00:00,0.38663691607579637
06-28 15:00:00,0.5003358208965616
06-28 16:00:00,0.5289894410069227
06-28 17:00:00,0.8206412449262948
06-28 18:00:00,99.95906248020378
06-28 19:00:00,161.74536808597352
06-28 20:00:00,158.18027313366872
06-28 21:00:00,153.3337616629038
06-28 22:00:00,153.84789544602162
06-28 23:00:00,146.92022640625348
06-29 00:00:00,155.75550173815947
06-29 01:00:00,156.1327002174981
06-29 02:00:00,158.55300727024243
06-29 03:00:00,170.69355270615924
06-29 04:00:00,181.28276847040758
06-29 05:00:00,209.4894740855282
06-29 06:00:00,137.9727375960253
06-29 07:00:00,66.50848817110081
06-29 08:00:00,16.68890725575404
06-29 09:00:00,3.7303866851582583
06-29 10:00:00,1.6888235866115342
06-29 11:00:00,2.958071780046733
06-29 12:00:00,75.9538357031215
06-29 13:00:00,166.4675424840134
06-29 14:00:00,172.07401849177674
06-29 15:00:00,162.9272931066472
06-29 16:00:00,155.76114409509532
06-29 17:00:00,152.68661109540025
06-29 18:00:00,165.17049677450697
06-29 19:00:00,199.9883381866838
06-29 20:00:00,221.8288961921271
06-29 21:00:00,227.94605090287538
06-29 22:00:00,227.356152274035
06-29 23:00:00,316.09444419165857
06-30 00:00:00,330.028904362483
06-30 01:00:00,343.85164570497403
06-30 02:00:00,365.28451474658175
06-30 03:00:00,365.26805513075465
06-30 04:00:00,360.8480132392987
06-30 05:00:00,358.2909684937565
06-30 06:00:00,332.1609104874696
06-30 07:00:00,275.19859380284254
06-30 08:00:00,215.13508103338606
06-30 09:00:00,149.1182708338587
06-30 10:00:00,111.30024702885498
06-30 11:00:00,102.8026361760127
06-30 12:00:00,71.23020530995436
06-30 13:00:00,46.289852253072006
06-30 14:00:00,21.162058732156396
06-30 15:00:00,16.975655478704965
06-30 16:00:00,70.6341086351903
06-30 17:00:00,119.16629584189073
06-30 18:00:00,190.00670472883434
06-30 19:00:00,206.86657416759877
06-30 20:00:00,253.12806864068097
06-30 21:00:00,280.6206890634439
06-30 22:00:00,293.6842759863205
06-30 23:00:00,318.13878504738295
07-01 00:00:00,327.07180873638896
07-01 01:00:00,333.0441613372703
07-01 02:00:00,343.3841396809642
07-01 03:00:00,336.1060290280232
07-01 04:00:00,340.7510500654913
07-01 05:00:00,342.2946872880044
07-01 06:00:00,321.66721402959945
07-01 07:00:00,292.4808576959522
07-01 08:00:00,273.67121621880386
07-01 09:00:00,251.5106803686157
07-01 10:00:00,251.95081577443935
07-01 11:00:00,232.96115713166444
07-01 12:00:00,224.13294198492463
07-01 13:00:00,209.8467523819906
07-01 14:00:00,160.9202024244204
07-01 15:00:00,113.46584659462175
07-01 16:00:00,170.64868667389692
07-01 17:00:00,163.957216142921
07-01 18:00:00,160.64240632822896
07-01 19:00:00,176.95280535012438
07-01 20:00:00,206.45774053352628
07-01 21:00:00,206.89251540414514
07-01 22:00:00,222.9388631462393
07-01 23:00:00,234.51897042654022
07-02 00:00:00,246.97298801322864
07-02 01:00:00,256.67575673202515
07-02 02:00:00,274.1974599563291
07-02 03:00:00,284.71197617889317
07-02 04:00:00,297.87662467026337
07-02 05:00:00,263.4085882753268
07-02 06:00:00,229.05127672400855
07-02 07:00:00,171.27528312290656
07-02 08:00:00,121.51839532743824
07-02 09:00:00,69.2957524902831
07-02 10:00:00,46.281558857198775
07-02 11:00:00,10.374399664748248
07-02 12:00:00,2.8531964966220738
07-02 13:00:00,2.7452941852826553
07-02 14:00:00,2.7452941852826553
07-02 15:00:00,2.7452941852826553
07-02 16:00:00,2.9986825185604387
07-02 17:00:00,3.109021750224742
07-02 18:00:00,8.068347408391983
07-02 19:00:00,33.589579296837044
07-02 20:00:00,60.30836059347065
07-02 21:00:00,104.8104567095516
07-02 22:00:00,170.1190926679042
07-02 23:00:00,175.1750818633464
07-03 00:00:00,226.1307171053613
07-03 01:00:00,239.91230732540947
07-03 02:00:00,246.87502870203343
07-03 03:00:00,269.4533681207049
07-03 04:00:00,285.49193873660295
07-03 05:00:00,253.7898114683447
07-03 06:00:00,186.03404591450118
07-03 07:00:00,137.11200152305707
07-03 08:00:00,70.89302105914295
07-03 09:00:00,24.6323411065121
07-03 10:00:00,2.051773348156512
07-03 11:00:00,1.9848287888672236
07-03 12:00:00,2.4625567107041504
07-03 13:00:00,2.817114203950753
07-03 14:00:00,2.7452941852826553
07-03 15:00:00,2.962136771477863
07-03 16:00:00,20.401354137623777
07-03 17:00:00,87.01274815316668
07-03 18:00:00,101.70577989135407
07-03 19:00:00,113.00789430038101
07-03 20:00:00,137.0546579968185
07-03 21:00:00,146.74635927601886
07-03 22:00:00,160.19302362682083
07-03 23:00:00,165.0553661896968
07-04 00:00:00,169.25507001531298
07-04 01:00:00,180.60973604589432
07-04 02:00:00,178.61247258497625
07-04 03:00:00,180.25792371386507
07-04 04:00:00,178.9179268808651
07-04 05:00:00,180.91431220843518
07-04 06:00:00,143.4362308259868
07-04 07:00:00,114.63375013012907
07-04 08:00:00,69.17308476812148
07-04 09:00:00,51.905154538593955
07-04 10:00:00,47.63176373447703
07-04 11:00:00,47.56287034327626
07-04 12:00:00,43.38439281198265
07-04 13:00:00,85.38355210933562
07-04 14:00:00,85.15218401561721
07-04 15:00:00,105.34952881807155
07-04 16:00:00,110.41701256443729
07-04 17:00:00,193.98490448915257
07-04 18:00:00,214.5962202854098
07-04 19:00:00,217.24335742873046
07-04 20:00:00,222.71429538865357
07-04 21:00:00,243.41090426704943
07-04 22:00:00,249.44873396965232
07-04 23:00:00,229.7936910286358
07-05 00:00:00,269.79239110381184
07-05 01:00:00,279.3513230626486
07-05 02:00:00,272.6248817066734
07-05 03:00:00,277.37028794340904
07-05 04:00:00,289.439761969742
07-05 05:00:00,251.09730262267652
07-05 06:00:00,213.7645626108228
07-05 07:00:00,175.18442306362076
07-05 08:00:00,141.1850454801067
07-05 09:00:00,114.712500618841
07-05 10:00:00,89.07347249739281
07-05 11:00:00,52.873038931924455
07-05 12:00:00,23.59683084419175
07-05 13:00:00,9.304118290287335
07-05 14:00:00,4.14498478773373
07-05 15:00:00,3.818154325370427
07-05 16:00:00,2.5613994113257967
07-05 17:00:00,2.760710202052965
07-05 18:00:00,5.694352144689679
07-05 19:00:00,21.3933919605356
07-05 20:00:00,80.84692337720695
07-05 21:00:00,122.39143888790778
07-05 22:00:00,152.1096168201468
07-05 23:00:00,161.7681822859887
07-06 00:00:00,179.22081418364718
07-06 01:00:00,191.8704070570002
07-06 02:00:00,180.3329417369134
07-06 03:00:00,196.78880795966833
07-06 04:00:00,211.2847236210651
07-06 05:00:00,158.99284086895574
07-06 06:00:00,70.48858930591811
07-06 07:00:00,6.574802486009619
07-06 08:00:00,1.409721088781104
07-06 09:00:00,1.4327729388117545
07-06 10:00:00,1.6241946509556293
07-06 11:00:00,1.1524519936831163
07-06 12:00:00,1.0001771591101447
07-06 13:00:00,1.7865461897905226
07-06 14:00:00,14.043906534030729
07-06 15:00:00,30.255370485118664
07-06 16:00:00,8.31085108466651
07-06 17:00:00,19.40608974267132
07-06 18:00:00,95.39761422278491
07-06 19:00:00,147.52518332133778
07-06 20:00:00,160.86236529507443
07-06 21:00:00,166.92744090776546
07-06 22:00:00,164.41644211364815
07-06 23:00:00,172.75297942631627
07-07 00:00:00,174.64893276686297
07-07 01:00:00,181.63877785099356
07-07 02:00:00,182.2518553789144
07-07 03:00:00,176.96608051894597
07-07 04:00:00,188.44981996626953
07-07 05:00:00,207.64208780449732
07-07 06:00:00,207.992396953112
07-07 07:00:00,191.55455474314425
07-07 08:00:00,187.13437480834617
07-07 09:00:00,172.1138888842576
07-07 10:00:00,176.17480750710337
07-07 11:00:00,168.93455348750888
07-07 12:00:00,165.58684860030849
07-07 13:00:00,157.82361455649925
07-07 14:00:00,132.48112415115003
07-07 15:00:00,93.4851123072594
07-07 16:00:00,92.64281388911074
07-07 17:00:00,91.86552427543886
07-07 18:00:00,116.9551254883533
07-07 19:00:00,140.70497715742042
07-07 20:00:00,140.26407583850906
07-07 21:00:00,155.89399073270047
07-07 22:00:00,170.97232840134035
07-07 23:00:00,167.4074883578669
07-08 00:00:00,169.28886910511534
07-08 01:00:00,179.96191186836418
07-08 02:00:00,180.79624491746273
07-08 03:00:00,185.6953884819036
07-08 04:00:00,193.59353749489912
07-08 05:00:00,188.66829682011002
07-08 06:00:00,180.91421282379028
07-08 07:00:00,176.63787141812273
07-08 08:00:00,187.7962751838442
07-08 09:00:00,187.94875756966746
07-08 10:00:00,190.31539939655875
07-08 11:00:00,195.52276306293456
07-08 12:00:00,154.87576682192758
07-08 13:00:00,86.64087815075673
07-08 14:00:00,86.83680538947074
07-08 15:00:00,122.58953268125505
07-08 16:00:00,161.15120528436194
07-08 17:00:00,208.20496105890774
07-08 18:00:00,246.55620281678495
07-08 19:00:00,275.91641479334817
07-08 20:00:00,327.1589696766423
07-08 21:00:00,321.9951767292847
07-08 22:00:00,332.1270615767554
07-08 23:00:00,335.3158062940574
07-09 00:00:00,343.30510840543354
07-09 01:00:00,339.16987075191565
07-09 02:00:00,343.4028301266481
07-09 03:00:00,346.18218312195546
07-09 04:00:00,343.9303836939878
07-09 05:00:00,337.62380554868423
07-09 06:00:00,324.73285381822313
07-09 07:00:00,303.7824879342618
07-09 08:00:00,266.52377753693173
07-09 09:00:00,211.78683499157833
07-09 10:00:00,149.66108737096002
07-09 11:00:00,85.79990551246085
07-09 12:00:00,51.002672618062604
07-09 13:00:00,11.986973677963558
07-09 14:00:00,4.788510752705687
07-09 15:00:00,4.272255455749854
07-09 16:00:00,5.4594739552355
07-09 17:00:00,7.198335891001496
07-09 18:00:00,18.90361810247888
07-09 19:00:00,65.31848269488002
07-09 20:00:00,122.86231522998965
07-09 21:00:00,173.35620286977112
07-09 22:00:00,195.17158260940352
07-09 23:00:00,234.32353541632347
07-10 00:00:00,264.32588350530534
07-10 01:00:00,290.61612091356153
07-10 02:00:00,295.44989537785165
07-10 03:00:00,333.08224074121387
07-10 04:00:00,339.92574916606156
07-10 05:00:00,304.35743545085245
07-10 06:00:00,233.6258966928021
07-10 07:00:00,170.66798327425474
07-10 08:00:00,114.23639745855472
07-10 09:00:00,56.31422005103697
07-10 10:00:00,11.169131657533853
07-10 11:00:00,1.7538676629236243
07-10 12:00:00,1.559978273722004
07-10 13:00:00,1.9848287888672236
07-10 14:00:00,2.323874510351498
07-10 15:00:00,2.289480071651273
07-10 16:00:00,1.721293570222435
07-10 17:00:00,2.186953965007851
07-10 18:00:00,2.427719808261197
07-10 19:00:00,6.353110656073523
07-10 20:00:00,97.23066224881869
07-10 21:00:00,174.43478403767747
07-10 22:00:00,201.3045633610539
07-10 23:00:00,226.83207832916096
07-11 00:00:00,261.519150262204
07-11 01:00:00,283.92513035576565
07-11 02:00:00,287.88075357444603
07-11 03:00:00,289.58603084501976
07-11 04:00:00,280.8209187304208
07-11 05:00:00,270.8089030561146
07-11 06:00:00,239.97964884997194
07-11 07:00:00,194.74916647449845
07-11 08:00:00,123.9267713005281
07-11 09:00:00,68.71703594496228
07-11 10:00:00,63.34591028046547
07-11 11:00:00,27.793015551646505
07-11 12:00:00,5.767260107974365
07-11 13:00:00,2.8531964966220738
07-11 14:00:00,2.63842027665019
07-11 15:00:00,2.889394117939339
07-11 16:00:00,2.4975050883377863
07-11 17:00:00,4.209521239409826
07-11 18:00:00,11.029628880478361
07-11 19:00:00,25.775413850801975
07-11 20:00:00,69.87932871275612
07-11 21:00:00,107.85677757894248
07-11 22:00:00,162.29253928596367
07-11 23:00:00,202.23368229880396
07-12 00:00:00,218.74784887802548
07-12 01:00:00,234.38451139447022
07-12 02:00:00,253.66753442496903
07-12 03:00:00,258.3759761896598
07-12 04:00:00,268.6014478573092
07-12 05:00:00,236.89557442886704
07-12 06:00:00,175.8867561968502
07-12 07:00:00,113.32205835542256
07-12 08:00:00,36.0128841862718
07-12 09:00:00,4.492467268053608
07-12 10:00:00,0.8206412449262948
07-12 11:00:00,0.3584396476125438
07-12 12:00:00,0.3303327907770342
07-12 13:00:00,0.7028561861450223
07-12 14:00:00,0.7910531095169465
07-12 15:00:00,1.3384329132750956
07-12 16:00:00,1.3071872163312945
07-12 17:00:00,1.7538676629236243
07-12 18:00:00,1.6241946509556293
07-12 19:00:00,1.4961718873301268
07-12 20:00:00,10.712652533242267
07-12 21:00:00,13.717290735236903
07-12 22:00:00,17.419655753309087
07-12 23:00:00,31.324486439618624
07-13 00:00:00,49.79269287805229
07-13 01:00:00,87.2666293904181
07-13 02:00:00,141.96297725632726
07-13 03:00:00,154.17985654212907
07-13 04:00:00,163.77233452161312
07-13 05:00:00,176.22267003650018
07-13 06:00:00,215.67147910327805
07-13 07:00:00,254.51450634715354
07-13 08:00:00,282.3480199417802
07-13 09:00:00,303.43245666341505
07-13 10:00:00,277.8931948657664
07-13 11:00:00,253.6496134814724
07-13 12:00:00,253.3784634114309
07-13 13:00:00,274.9236304465596
07-13 14:00:00,303.7436363603542
07-13 15:00:00,276.876477401779
07-13 16:00:00,259.7990548238428
07-13 17:00:00,281.9709862412254
07-13 18:00:00,290.15374067761655
07-13 19:00:00,296.5953384459637
07-13 20:00:00,310.8175120324236
07-13 21:00:00,329.0543231115904
07-13 22:00:00,359.76853512183294
07-13 23:00:00,364.910110929392
07-14 00:00:00,381.5252295101079
07-14 01:00:00,385.2794734678419
07-14 02:00:00,362.5877655909034
07-14 03:00:00,366.19886715817427
07-14 04:00:00,354.63242802877
07-14 05:00:00,354.66996967018065
07-14 06:00:00,335.76051693943333
07-14 07:00:00,326.68210621951425
07-14 08:00:00,308.96242698356065
07-14 09:00:00,296.2396183500093
07-14 10:00:00,249.742697072578
07-14 11:00:00,209.08518205378047
07-14 12:00:00,179.1617788003516
07-14 13:00:00,112.64510949765524
07-14 14:00:00,85.83432416622794
07-14 15:00:00,86.3455865657048
07-14 16:00:00,124.88921850268551
07-14 17:00:00,192.5233616480831
07-14 18:00:00,207.34752429532804
07-14 19:00:00,220.29612823286018
07-14 20:00:00,238.4323652263343
07-14 21:00:00,247.3887477148607
07-14 22:00:00,259.0766232499295
07-14 23:00:00,263.9936579872292
07-15 00:00:00,273.42335390510885
07-15 01:00:00,288.4947552387567
07-15 02:00:00,300.2231070966794
07-15 03:00:00,310.6971694909686
07-15 04:00:00,310.9151784539024
07-15 05:00:00,306.0422351052441
07-15 06:00:00,296.0419661067805
07-15 07:00:00,276.25199203249406
07-15 08:00:00,266.25483491041393
07-15 09:00:00,253.37468753894333
07-15 10:00:00,239.73469354646642
07-15 11:00:00,229.239830422397
07-15 12:00:00,224.37500838275136
07-15 13:00:00,216.93357882065658
07-15 14:00:00,168.04797980312298
07-15 15:00:00,168.14219782936394
07-15 16:00:00,170.03784054705122
07-15 17:00:00,169.56114787077644
07-15 18:00:00,170.78402918930547
07-15 19:00:00,184.8657687897258
07-15 20:00:00,189.47662119623288
07-15 21:00:00,196.96212292991174
07-15 22:00:00,211.01727405386782
07-15 23:00:00,215.48410511340583
07-16 00:00:00,213.16827512418632
07-16 01:00:00,218.53340455357937
07-16 02:00:00,238.1952887763621
07-16 03:00:00,262.85117764185924
07-16 04:00:00,269.57667035977545
07-16 05:00:00,272.55894135325593
07-16 06:00:00,254.1131093268022
07-16 07:00:00,207.39303256988083
07-16 08:00:00,163.6388657232829
07-16 09:00:00,134.1831731070355
07-16 10:00:00,107.87342095057876
07-16 11:00:00,64.380731908979
07-16 12:00:00,66.76701262131151
07-16 13:00:00,59.37450920082935
07-16 14:00:00,22.295460987918535
07-16 15:00:00,45.297624089473835
07-16 16:00:00,41.55480746758276
07-16 17:00:00,42.20467493275787
07-16 18:00:00,71.07227656614954
07-16 19:00:00,109.96590871461142
07-16 20:00:00,135.292419000671
07-16 21:00:00,153.61537334081729
07-16 22:00:00,146.60893656788411
07-16 23:00:00,170.92449275090473
07-17 00:00:00,177.70126093455764
07-17 01:00:00,185.78001653255998
07-17 02:00:00,183.08743986126188
07-17 03:00:00,194.8258000217059
07-17 04:00:00,194.3293218959207
07-17 05:00:00,186.48608708400093
07-17 06:00:00,178.08594393261396
07-17 07:00:00,164.86495915622902
07-17 08:00:00,146.26271145398002
07-17 09:00:00,106.80927545744137
07-17 10:00:00,78.37979523250081
07-17 11:00:00,73.026620083949
07-17 12:00:00,33.58863464697154
07-17 13:00:00,12.435484795233936
07-17 14:00:00,6.685820720837939
07-17 15:00:00,10.393713874102927
07-17 16:00:00,18.376991710526063
07-17 17:00:00,57.890932762115646
07-17 18:00:00,67.64553396428889
07-17 19:00:00,75.94005648000406
07-17 20:00:00,90.16327158893864
07-17 21:00:00,77.2142783859706
07-17 22:00:00,100.52336778877117
07-17 23:00:00,99.64404769930584
07-18 00:00:00,99.97100318291432
07-18 01:00:00,99.44408789490376
07-18 02:00:00,92.41688815293286
07-18 03:00:00,89.98009054986834
07-18 04:00:00,94.84174611899931
07-18 05:00:00,96.20107584833914
07-18 06:00:00,86.06802016164306
07-18 07:00:00,54.57307044401841
07-18 08:00:00,19.14879439363488
07-18 09:00:00,7.741595930604304
07-18 10:00:00,3.370621383339137
07-18 11:00:00,3.2577921986716754
07-18 12:00:00,3.2577921986716754
07-18 13:00:00,7.516294351122948
07-18 14:00:00,6.649731930566925
07-18 15:00:00,3.7817366529978558
07-18 16:00:00,5.432354679835557
07-18 17:00:00,6.355258809737022
07-18 18:00:00,6.378477971770072
07-18 19:00:00,17.40445412463621
07-18 20:00:00,28.44863049233654
07-18 21:00:00,69.28915157994886
07-18 22:00:00,85.3688473365269
07-18 23:00:00,137.48298772851794
07-19 00:00:00,163.0783425157618
07-19 01:00:00,191.42579737525716
07-19 02:00:00,217.25238785045568
07-19 03:00:00,224.95817771754588
07-19 04:00:00,237.32265122542475
07-19 05:00:00,226.22802051526804
07-19 06:00:00,161.81226979078593
07-19 07:00:00,99.17658671450421
07-19 08:00:00,47.44243410920146
07-19 09:00:00,2.63842027665019
07-19 10:00:00,2.5325652867478903
07-19 11:00:00,2.5677376524636135
07-19 12:00:00,2.323874510351498
07-19 13:00:00,2.3583790513160245
07-19 14:00:00,2.289480071651273
07-19 15:00:00,2.152996535922899
07-19 16:00:00,2.1191475140645215
07-19 17:00:00,2.0854065632316843
07-19 18:00:00,2.255195394333546
07-19 19:00:00,2.5325652867478903
07-19 20:00:00,8.036943258693514
07-19 21:00:00,18.304208367035656
07-19 22:00:00,28.703869904198076
07-19 23:00:00,35.55658202108634
07-20 00:00:00,64.17295649532028
07-20 01:00:00,101.60652766330207
07-20 02:00:00,123.03584372729256
07-20 03:00:00,135.08811145893642
07-20 04:00:00,156.82545950317024
07-20 05:00:00,166.08495181896737
07-20 06:00:00,111.39473196339237
07-20 07:00:00,67.06915971480663
07-20 08:00:00,29.504677136412997
07-20 09:00:00,2.4975050883377863
07-20 10:00:00,2.5677376524636135
07-20 11:00:00,2.289480071651273
07-20 12:00:00,2.3583790513160245
07-20 13:00:00,1.721293570222435
07-20 14:00:00,1.6888235866115342
07-20 15:00:00,1.721293570222435
07-20 16:00:00,1.7865461897905226
07-20 17:00:00,2.018247534503253
07-20 18:00:00,2.392994036365675
07-20 19:00:00,6.353110656073523
07-20 20:00:00,18.925674856634792
07-20 21:00:00,30.066670935148395
07-20 22:00:00,49.617331442126215
07-20 23:00:00,64.9246402311018
07-21 00:00:00,99.9689422725802
07-21 01:00:00,139.48553840714388
07-21 02:00:00,145.66307231023984
07-21 03:00:00,165.09337542626335
07-21 04:00:00,187.78342137098656
07-21 05:00:00,192.64625600529
07-21 06:00:00,138.40379953218513
07-21 07:00:00,87.88126740202765
07-21 08:00:00,36.080300509648815
07-21 09:00:00,2.018247534503253
07-21 10:00:00,1.721293570222435
07-21 11:00:00,1.3071872163312945
07-21 12:00:00,1.9515167787737282
07-21 13:00:00,1.918311172676974
07-21 14:00:00,1.4644216423276173
07-21 15:00:00,1.819329476819354
07-21 16:00:00,1.918311172676974
07-21 17:00:00,1.9515167787737282
07-21 18:00:00,2.051773348156512
07-21 19:00:00,2.722521997249704
07-21 20:00:00,15.390216733303493
07-21 21:00:00,28.916816934994166
07-21 22:00:00,36.006959392297844
07-21 23:00:00,52.57754313721334
07-22 00:00:00,82.37124648354131
07-22 01:00:00,112.50320600626424
07-22 02:00:00,136.07327021736577
07-22 03:00:00,149.4310468531804
07-22 04:00:00,168.93561094532055
07-22 05:00:00,162.7097421012536
07-22 06:00:00,113.48639966457942
07-22 07:00:00,45.780501798541884
07-22 08:00:00,1.52802399157335
07-22 09:00:00,1.3071872163312945
07-22 10:00:00,1.3697788897689578
07-22 11:00:00,1.6241946509556293
07-22 12:00:00,1.3697788897689578
07-22 13:00:00,1.2760414857165043
07-22 14:00:00,1.7538676629236243
07-22 15:00:00,1.5920350533527767
07-22 16:00:00,1.559978273722004
07-22 17:00:00,1.7865461897905226
07-22 18:00:00,1.8852116399589613
07-22 19:00:00,2.1191475140645215
07-22 20:00:00,16.68645614040284
07-22 21:00:00,27.448046467081916
07-22 22:00:00,31.9929161286017
07-22 23:00:00,53.2466898505054
07-23 00:00:00,61.03602921265406
07-23 01:00:00,100.45980219554261
07-23 02:00:00,118.00359490475643
07-23 03:00:00,136.1462881271339
07-23 04:00:00,153.4205379640789
07-23 05:00:00,156.3791977951578
07-23 06:00:00,104.95931805171298
07-23 07:00:00,37.07680485537648
07-23 08:00:00,1.9515167787737282
07-23 09:00:00,1.4644216423276173
07-23 10:00:00,1.3071872163312945
07-23 11:00:00,1.1218014279344088
07-23 12:00:00,0.90997730711831
07-23 13:00:00,0.7028561861450223
07-23 14:00:00,0.5289894410069227
07-23 15:00:00,0.4433038291134703
07-23 16:00:00,0.5289894410069227
07-23 17:00:00,0.6736453848852165
07-23 18:00:00,0.7615597525719249
07-23 19:00:00,1.0912489680904982
07-23 20:00:00,3.6953126194385524
07-23 21:00:00,5.644198316917523
07-23 22:00:00,9.65916061345936
07-23 23:00:00,16.081659980136507
07-24 00:00:00,18.312603167174913
07-24 01:00:00,22.177736436094403
07-24 02:00:00,24.20713966503488
07-24 03:00:00,23.055455253006667
07-24 04:00:00,22.013669696001152
07-24 05:00:00,12.519055272229846
07-24 06:00:00,10.243479211457029
07-24 07:00:00,5.3247850595678345
07-24 08:00:00,2.4625567107041504
07-24 09:00:00,2.427719808261197
07-24 10:00:00,2.018247534503253
07-24 11:00:00,1.52802399157335
07-24 12:00:00,2.051773348156512
07-24 13:00:00,1.8852116399589613
07-24 14:00:00,1.559978273722004
07-24 15:00:00,1.0912489680904982
07-24 16:00:00,16.253895398020077
07-24 17:00:00,69.78281312734066
07-24 18:00:00,72.73467762040218
07-24 19:00:00,80.64457431290062
07-24 20:00:00,92.49076625219217
07-24 21:00:00,112.09071852601826
07-24 22:00:00,106.6091259204707
07-24 23:00:00,104.33816664220099
07-25 00:00:00,102.3091069794962
07-25 01:00:00,102.07877078195013
07-25 02:00:00,125.99002292606166
07-25 03:00:00,117.54088954126037
07-25 04:00:00,121.95693422503004
07-25 05:00:00,122.25472048064155
07-25 06:00:00,104.87867500142593
07-25 07:00:00,70.6545938838176
07-25 08:00:00,19.829071686929442
07-25 09:00:00,6.178367039975585
07-25 10:00:00,10.610043046367291
07-25 11:00:00,11.993909493519684
07-25 12:00:00,97.72071185016937
07-25 13:00:00,81.18308024515525
07-25 14:00:00,83.93193946206915
07-25 15:00:00,105.09725201418752
07-25 16:00:00,93.16128117206266
07-25 17:00:00,111.92303113749495
07-25 18:00:00,132.20544131034592
07-25 19:00:00,156.23807860181344
07-25 20:00:00,168.6346580771513
07-25 21:00:00,177.60245564764966
07-25 22:00:00,165.33587240744535
07-25 23:00:00,190.33323418091808
07-26 00:00:00,191.94034171801658
07-26 01:00:00,191.16408054857732
07-26 02:00:00,196.8135514635092
07-26 03:00:00,204.74348666951954
07-26 04:00:00,209.27538565354197
07-26 05:00:00,216.5443042411976
07-26 06:00:00,184.70715248375976
07-26 07:00:00,111.12804822507077
07-26 08:00:00,78.2515691251319
07-26 09:00:00,42.39709502848528
07-26 10:00:00,7.187788388658854
07-26 11:00:00,1.52802399157335
07-26 12:00:00,1.9515167787737282
07-26 13:00:00,1.6241946509556293
07-26 14:00:00,7.6891161200687765
07-26 15:00:00,49.140346732550704
07-26 16:00:00,89.88340224592778
07-26 17:00:00,115.11299152653221
07-26 18:00:00,88.57698545640318
07-26 19:00:00,114.58616969018908
07-26 20:00:00,141.478260115762
07-26 21:00:00,159.3614414847619
07-26 22:00:00,153.07262148371606
07-26 23:00:00,172.8714552331157
07-27 00:00:00,194.1907240120423
07-27 01:00:00,220.55886604426718
07-27 02:00:00,232.62518218722937
07-27 03:00:00,248.86176109330117
07-27 04:00:00,261.15851613142553
07-27 05:00:00,243.5866317147985
07-27 06:00:00,201.02847846940506
07-27 07:00:00,143.97246570310156
07-27 08:00:00,60.14838581673695
07-27 09:00:00,5.4196237112580326
07-27 10:00:00,2.186953965007851
07-27 11:00:00,1.8522178509283556
07-27 12:00:00,1.9848287888672236
07-27 13:00:00,1.8852116399589613
07-27 14:00:00,1.5920350533527767
07-27 15:00:00,1.3697788897689578
07-27 16:00:00,1.6241946509556293
07-27 17:00:00,2.186953965007851
07-27 18:00:00,4.755660916262045
07-27 19:00:00,39.51729281591548
07-27 20:00:00,52.27102033124348
07-27 21:00:00,47.220037304968606
07-27 22:00:00,51.763143493798864
07-27 23:00:00,76.2288504669055
07-28 00:00:00,113.34723232857627
07-28 01:00:00,110.44108763492436
07-28 02:00:00,107.47621263510712
07-28 03:00:00,111.27945402446073
07-28 04:00:00,122.46314968323641
07-28 05:00:00,129.22637737345102
07-28 06:00:00,128.7231253158789
07-28 07:00:00,146.65774621336718
07-28 08:00:00,182.3157186400459
07-28 09:00:00,166.66371070589938
07-28 10:00:00,129.6721464137125
07-28 11:00:00,116.17961260940078
07-28 12:00:00,102.14586532174472
07-28 13:00:00,82.13274472103635
07-28 14:00:00,60.29399143635039
07-28 15:00:00,37.55210756140721
07-28 16:00:00,19.038265293889072
07-28 17:00:00,30.862470553001177
07-28 18:00:00,36.641623698231875
07-28 19:00:00,59.72451737448807
07-28 20:00:00,100.71516879690923
07-28 21:00:00,135.90783630997157
07-28 22:00:00,153.08223206412504
07-28 23:00:00,146.3211024508306
07-29 00:00:00,159.9117938867172
07-29 01:00:00,168.62289953764625
07-29 02:00:00,181.73310134994
07-29 03:00:00,209.99581043279147
07-29 04:00:00,217.4966248290483
07-29 05:00:00,205.06147183444853
07-29 06:00:00,177.40803310433955
07-29 07:00:00,121.80953214251485
07-29 08:00:00,63.335509667272646
07-29 09:00:00,6.978869961074669
07-29 10:00:00,2.781146884872087
07-29 11:00:00,2.5677376524636135
07-29 12:00:00,2.0854065632316843
07-29 13:00:00,2.051773348156512
07-29 14:00:00,1.9848287888672236
07-29 15:00:00,1.9515167787737282
07-29 16:00:00,1.8852116399589613
07-29 17:00:00,1.7538676629236243
07-29 18:00:00,1.7865461897905226
07-29 19:00:00,9.775989799884321
07-29 20:00:00,22.096705983707785
07-29 21:00:00,43.28080957030486
07-29 22:00:00,70.53373951764415
07-29 23:00:00,67.18059968338457
07-30 00:00:00,77.0152524459209
07-30 01:00:00,96.45837100227273
07-30 02:00:00,115.60511260142029
07-30 03:00:00,125.9166609061523
07-30 04:00:00,135.61123612043147
07-30 05:00:00,134.62057740076438
07-30 06:00:00,120.62429827533553
07-30 07:00:00,55.31101662881562
07-30 08:00:00,1.9515167787737282
07-30 09:00:00,1.5920350533527767
07-30 10:00:00,1.4012254599377927
07-30 11:00:00,1.4961718873301268
07-30 12:00:00,1.52802399157335
07-30 13:00:00,1.2140486751006807
07-30 14:00:00,1.3697788897689578
07-30 15:00:00,1.1832009731642334
07-30 16:00:00,42.48087111731817
07-30 17:00:00,49.32295221899976
07-30 18:00:00,66.8889847159613
07-30 19:00:00,93.30891234748346
07-30 20:00:00,104.65216005531846
07-30 21:00:00,101.37775866152455
07-30 22:00:00,114.18629494005619
07-30 23:00:00,131.93705966881035
07-31 00:00:00,142.2783964943251
07-31 01:00:00,150.44667453697997
07-31 02:00:00,147.7523271708562
07-31 03:00:00,147.78382805843628
07-31 04:00:00,141.1199574198593
07-31 05:00:00,145.2891137092076
07-31 06:00:00,130.38717446544973
07-31 07:00:00,105.47841654999704
07-31 08:00:00,77.41121871421095
07-31 09:00:00,82.6819602415347
07-31 10:00:00,67.50557790231254
07-31 11:00:00,41.897300769199525
07-31 12:00:00,29.772393388236267
07-31 13:00:00,34.21075083193274
07-31 14:00:00,8.788548873693282
07-31 15:00:00,11.587670393340755
07-31 16:00:00,10.356223931936688
07-31 17:00:00,15.340941809925015
07-31 18:00:00,39.475047549789
07-31 19:00:00,83.3493167892164
07-31 20:00:00,146.2088132252267
07-31 21:00:00,165.6447600060899
07-31 22:00:00,209.16499317170258
07-31 23:00:00,218.16074641224205
08-01 00:00:00,212.9220276899375
08-01 01:00:00,225.7089610020323
08-01 02:00:00,235.9090608812729
08-01 03:00:00,249.19495652212376
08-01 04:00:00,263.37132360071536
08-01 05:00:00,275.4856037301319
08-01 06:00:00,291.1483642480728
08-01 07:00:00,301.1433724772081
08-01 08:00:00,283.73786209954136
08-01 09:00:00,242.1637819996295
08-01 10:00:00,233.48541719883877
08-01 11:00:00,220.2129245989218
08-01 12:00:00,201.34193381486176
08-01 13:00:00,188.24070115073616
08-01 14:00:00,170.54879206855495
08-01 15:00:00,182.9783116273475
08-01 16:00:00,165.55385830204003
08-01 17:00:00,163.69601882419292
08-01 18:00:00,217.99600993713173
08-01 19:00:00,237.89031316796107
08-01 20:00:00,258.84318712743755
08-01 21:00:00,281.2559008077088
08-01 22:00:00,302.48582458742095
08-01 23:00:00,328.5754813826552
08-02 00:00:00,337.34742935850903
08-02 01:00:00,336.5427003291532
08-02 02:00:00,371.76029101681763
08-02 03:00:00,380.71190046298386
08-02 04:00:00,389.64645887351236
08-02 05:00:00,372.0902405097154
08-02 06:00:00,338.43256621122123
08-02 07:00:00,290.2159266707528
08-02 08:00:00,230.9727539187698
08-02 09:00:00,168.037765962785
08-02 10:00:00,135.0119669194736
08-02 11:00:00,88.32055827620664
08-02 12:00:00,41.73161102210882
08-02 13:00:00,14.977641734550419
08-02 14:00:00,12.192051853192275
08-02 15:00:00,12.13847883937889
08-02 16:00:00,18.6879299183038
08-02 17:00:00,45.62202058469862
08-02 18:00:00,66.92122419264288
08-02 19:00:00,108.15699891266684
08-02 20:00:00,133.44112469757687
08-02 21:00:00,195.88169436028147
08-02 22:00:00,228.77414170922793
08-02 23:00:00,245.4461645609895
08-03 00:00:00,263.6717888862587
08-03 01:00:00,273.5894771269421
08-03 02:00:00,302.7302614384477
08-03 03:00:00,319.45886035444795
08-03 04:00:00,322.9574228389263
08-03 05:00:00,329.3802117583583
08-03 06:00:00,281.71774569510717
08-03 07:00:00,226.34013380420512
08-03 08:00:00,178.0694568191096
08-03 09:00:00,97.52998603347167
08-03 10:00:00,47.92985046543123
08-03 11:00:00,21.935964727235444
08-03 12:00:00,12.600665842144984
08-03 13:00:00,20.809823298195138
08-03 14:00:00,129.12030754955268
08-03 15:00:00,161.35265599629338
08-03 16:00:00,155.43302617430703
08-03 17:00:00,175.3058439173916
08-03 18:00:00,218.75061593216464
08-03 19:00:00,243.7498778772059
08-03 20:00:00,267.57035491383664
08-03 21:00:00,278.6266524639711
08-03 22:00:00,290.13586717634826
08-03 23:00:00,300.65213993693453
08-04 00:00:00,311.1411804901074
08-04 01:00:00,320.392232532074
08-04 02:00:00,325.59729517315725
08-04 03:00:00,324.7526418410776
08-04 04:00:00,328.9005616965572
08-04 05:00:00,321.32466745408914
08-04 06:00:00,305.7355122405467
08-04 07:00:00,283.4621681148684
08-04 08:00:00,246.8204176439683
08-04 09:00:00,214.03828557057824
08-04 10:00:00,184.49518998657516
08-04 11:00:00,170.966915499632
08-04 12:00:00,161.16995146805561
08-04 13:00:00,167.55689402823697
08-04 14:00:00,198.86658208403173
08-04 15:00:00,207.4982029488216
08-04 16:00:00,207.58003813301778
08-04 17:00:00,208.27874799325434
08-04 18:00:00,228.847789760712
08-04 19:00:00,237.74089685839493
08-04 20:00:00,243.04840764009938
08-04 21:00:00,247.41660194732174
08-04 22:00:00,247.57710341575097
08-04 23:00:00,243.96642997761725
08-05 00:00:00,240.20706172603067
08-05 01:00:00,244.4480518898539
08-05 02:00:00,253.00678995906884
08-05 03:00:00,249.86725354197125
08-05 04:00:00,257.08636729554553
08-05 05:00:00,253.73224618821465
08-05 06:00:00,251.49201774460224
08-05 07:00:00,237.18371185635058
08-05 08:00:00,201.9555888712451
08-05 09:00:00,185.85342487849744
08-05 10:00:00,145.10257166078696
08-05 11:00:00,114.61760314909651
08-05 12:00:00,60.17265395937393
08-05 13:00:00,73.34206490113833
08-05 14:00:00,122.24467127782964
08-05 15:00:00,142.58785329256963
08-05 16:00:00,156.86980445233368
08-05 17:00:00,148.8535069317933
08-05 18:00:00,144.8528955022923
08-05 19:00:00,198.30860124661083
08-05 20:00:00,233.89530495736392
08-05 21:00:00,243.9563813847403
08-05 22:00:00,263.62901824943407
08-05 23:00:00,272.32978692236117
08-06 00:00:00,279.83743526134094
08-06 01:00:00,268.0513822964535
08-06 02:00:00,258.80294434152415
08-06 03:00:00,257.1623004670244
08-06 04:00:00,244.19025918703545
08-06 05:00:00,239.8734428418957
08-06 06:00:00,219.1086769306809
08-06 07:00:00,187.21481391742816
08-06 08:00:00,142.8975149593043
08-06 09:00:00,102.64989668941718
08-06 10:00:00,59.20700855844689
08-06 11:00:00,55.48958232035408
08-06 12:00:00,56.37907907698218
08-06 13:00:00,11.374684528403185
08-06 14:00:00,3.0353450240126922
08-06 15:00:00,3.446442224501788
08-06 16:00:00,3.8325879588123857
08-06 17:00:00,4.21703119629822
08-06 18:00:00,13.972998458308766
08-06 19:00:00,57.120656706843285
08-06 20:00:00,99.76011102931625
08-06 21:00:00,111.41411972870341
08-06 22:00:00,124.37139661190697
08-06 23:00:00,157.5672003624046
08-07 00:00:00,187.232113344745
08-07 01:00:00,192.73411090455144
08-07 02:00:00,204.9583099014126
08-07 03:00:00,214.308542758648
08-07 04:00:00,215.38944124067706
08-07 05:00:00,212.3658017820202
08-07 06:00:00,168.91907566021456
08-07 07:00:00,135.6304271017948
08-07 08:00:00,93.25712984478528
08-07 09:00:00,23.596536232619826
08-07 10:00:00,2.4625567107041504
08-07 11:00:00,2.2210201384545982
08-07 12:00:00,14.88623807570693
08-07 13:00:00,36.140249182853765
08-07 14:00:00,163.53861968117144
08-07 15:00:00,209.66483152981246
08-07 16:00:00,214.3868245344179
08-07 17:00:00,226.5111850212499
08-07 18:00:00,223.3464730079051
08-07 19:00:00,223.7065761518719
08-07 20:00:00,237.66665033551428
08-07 21:00:00,240.475108063576
08-07 22:00:00,249.88943951067387
08-07 23:00:00,249.84994902093666
08-08 00:00:00,250.10175855967992
08-08 01:00:00,244.73454968568433
08-08 02:00:00,240.4172444995789
08-08 03:00:00,244.40104648791234
08-08 04:00:00,245.80034102123273
08-08 05:00:00,239.41627709449048
08-08 06:00:00,237.76508620211405
08-08 07:00:00,222.28264696953335
08-08 08:00:00,200.9818949709799
08-08 09:00:00,213.827282061366
08-08 10:00:00,235.60548406869927
08-08 11:00:00,252.73010120821246
08-08 12:00:00,223.50936314030272
08-08 13:00:00,186.78282631116497
08-08 14:00:00,157.55449705535392
08-08 15:00:00,116.28556717274137
08-08 16:00:00,73.62105357223567
08-08 17:00:00,100.33308684941663
08-08 18:00:00,113.36985107768362
08-08 19:00:00,161.2184312603927
08-08 20:00:00,190.519874095201
08-08 21:00:00,194.31062529922795
08-08 22:00:00,213.99188469582006
08-08 23:00:00,208.05405382129788
08-09 00:00:00,216.17733428014787
08-09 01:00:00,230.80363235251988
08-09 02:00:00,238.82528683992842
08-09 03:00:00,245.02927753988308
08-09 04:00:00,256.6515818379277
08-09 05:00:00,257.0825503503001
08-09 06:00:00,238.78020434443425
08-09 07:00:00,174.7939914866285
08-09 08:00:00,152.10362601437362
08-09 09:00:00,97.87328544940561
08-09 10:00:00,36.31512622513026
08-09 11:00:00,3.109021750224742
08-09 12:00:00,3.7559895858283507
08-09 13:00:00,3.3328917465776335
08-09 14:00:00,2.6739312329033553
08-09 15:00:00,2.6739312329033553
08-09 16:00:00,2.817114203950753
08-09 17:00:00,6.201515267814014
08-09 18:00:00,16.913328149706455
08-09 19:00:00,49.99258298234117
08-09 20:00:00,86.10608817639103
08-09 21:00:00,129.19917336348152
08-09 22:00:00,142.9045153246662
08-09 23:00:00,174.03344379734025
08-10 00:00:00,173.7458084525985
08-10 01:00:00,204.4892327085561
08-10 02:00:00,229.86243605220898
08-10 03:00:00,258.25657267887186
08-10 04:00:00,250.44733926797554
08-10 05:00:00,269.49892181791506
08-10 06:00:00,216.2176230010164
08-10 07:00:00,128.86444659107886
08-10 08:00:00,62.12459933696709
08-10 09:00:00,15.298546172514957
08-10 10:00:00,1.7865461897905226
08-10 11:00:00,1.559978273722004
08-10 12:00:00,1.2449954091121418
08-10 13:00:00,1.6564573879350915
08-10 14:00:00,1.8522178509283556
08-10 15:00:00,2.1191475140645215
08-10 16:00:00,1.721293570222435
08-10 17:00:00,1.6888235866115342
08-10 18:00:00,1.6564573879350915
08-10 19:00:00,10.268822358158129
08-10 20:00:00,23.130746595028707
08-10 21:00:00,31.18796415991941
08-10 22:00:00,57.67675800498623
08-10 23:00:00,82.57367016749906
08-11 00:00:00,96.65813104176989
08-11 01:00:00,111.3071244722048
08-11 02:00:00,128.35338213203065
08-11 03:00:00,148.05374108946586
08-11 04:00:00,157.25020871361366
08-11 05:00:00,158.81903229730085
08-11 06:00:00,126.02852559403809
08-11 07:00:00,56.87830246907478
08-11 08:00:00,6.024191024157165
08-11 09:00:00,1.52802399157335
08-11 10:00:00,1.2760414857165043
08-11 11:00:00,0.9399475459622463
08-11 12:00:00,0.8206412449262948
08-11 13:00:00,1.0304371392743372
08-11 14:00:00,1.2449954091121418
08-11 15:00:00,0.9399475459622463
08-11 16:00:00,1.0304371392743372
08-11 17:00:00,1.2449954091121418
08-11 18:00:00,1.52802399157335
08-11 19:00:00,1.4644216423276173
08-11 20:00:00,13.14435128514164
08-11 21:00:00,18.367606064917062
08-11 22:00:00,22.363099932216358
08-11 23:00:00,37.38900494146379
08-12 00:00:00,65.72231453459896
08-12 01:00:00,87.33440956599343
08-12 02:00:00,99.08439889894287
08-12 03:00:00,114.65157949468545
08-12 04:00:00,128.13387277663898
08-12 05:00:00,127.33004794836285
08-12 06:00:00,85.62076008093767
08-12 07:00:00,28.292726624433847
08-12 08:00:00,0.9700140624638769
08-12 09:00:00,0.6736453848852165
08-12 10:00:00,0.4433038291134703
08-12 11:00:00,0.054174748610620806
08-12 12:00:00,0.0
08-12 13:00:00,0.0
08-12 14:00:00,0.13609254921664837
08-12 15:00:00,0.3023160613281504
08-12 16:00:00,0.13609254921664837
08-12 17:00:00,0.0
08-12 18:00:00,0.24655185187730244
08-12 19:00:00,0.7321608768899115
08-12 20:00:00,1.659433516657506
08-12 21:00:00,3.8548827697084054
08-12 22:00:00,5.469211940915335
08-12 23:00:00,1.4644216423276173
08-13 00:00:00,2.322114222032374
08-13 01:00:00,7.708270144537447
08-13 02:00:00,14.773450246531041
08-13 03:00:00,16.482935029625942
08-13 04:00:00,20.440926735819744
08-13 05:00:00,29.02817713427111
08-13 06:00:00,30.409962905599333
08-13 07:00:00,2.856877178701541
08-13 08:00:00,1.1218014279344088
08-13 09:00:00,0.586573376569736
08-13 10:00:00,0.38663691607579637
08-13 11:00:00,0.2743891758754183
08-13 12:00:00,0.2743891758754183
08-13 13:00:00,0.054174748610620806
08-13 14:00:00,0.0
08-13 15:00:00,0.10869882396071211
08-13 16:00:00,0.586573376569736
08-13 17:00:00,0.6155042733722557
08-13 18:00:00,0.8206412449262948
08-13 19:00:00,1.0001771591101447
08-13 20:00:00,3.755929767546017
08-13 21:00:00,6.403934788199107
08-13 22:00:00,8.098608892375156
08-13 23:00:00,12.616504452678434
08-14 00:00:00,14.401471614936899
08-14 01:00:00,17.93055146320398
08-14 02:00:00,23.134269933481626
08-14 03:00:00,35.687620880969774
08-14 04:00:00,41.65506411319561
08-14 05:00:00,46.56698040842633
08-14 06:00:00,22.36153646993745
08-14 07:00:00,1.0304371392743372
08-14 08:00:00,0.8801030443299478
08-14 09:00:00,0.6155042733722557
08-14 10:00:00,0.054174748610620806
08-14 11:00:00,0.0
08-14 12:00:00,0.0
08-14 13:00:00,0.0
08-14 14:00:00,0.0
08-14 15:00:00,0.19114476231314054
08-14 16:00:00,0.3303327907770342
08-14 17:00:00,0.38663691607579637
08-14 18:00:00,0.5289894410069227
08-14 19:00:00,0.7615597525719249
08-14 20:00:00,0.7910531095169465
08-14 21:00:00,0.7615597525719249
08-14 22:00:00,4.000938248908074
08-14 23:00:00,9.067373466879932
08-15 00:00:00,11.459955203788798
08-15 01:00:00,10.96929723750561
08-15 02:00:00,13.94724912159326
08-15 03:00:00,16.2341705662693
08-15 04:00:00,19.540220641563685
08-15 05:00:00,22.255558000477375
08-15 06:00:00,10.802416292876325
08-15 07:00:00,0.41492488126026517
08-15 08:00:00,0.16357443589320741
08-15 09:00:00,0.08139298264118236
08-15 10:00:00,0.21880380763948554
08-15 11:00:00,0.0
08-15 12:00:00,0.0
08-15 13:00:00,0.6155042733722557
08-15 14:00:00,0.0
08-15 15:00:00,0.3584396476125438
08-15 16:00:00,0.6155042733722557
08-15 17:00:00,0.7910531095169465
08-15 18:00:00,0.90997730711831
08-15 19:00:00,1.1832009731642334
08-15 20:00:00,1.4012254599377927
08-15 21:00:00,1.6564573879350915
08-15 22:00:00,1.7865461897905226
08-15 23:00:00,3.5633985483631276
08-16 00:00:00,9.742248849051483
08-16 01:00:00,14.308414257728073
08-16 02:00:00,28.33234996289467
08-16 03:00:00,100.72934079552424
08-16 04:00:00,94.58325087592195
08-16 05:00:00,83.16969292074104
08-16 06:00:00,75.3203054357561
08-16 07:00:00,64.4671858847736
08-16 08:00:00,68.71437744122679
08-16 09:00:00,88.16805424798062
08-16 10:00:00,121.98990590979614
08-16 11:00:00,135.2033031040612
08-16 12:00:00,157.51213531212736
08-16 13:00:00,166.4030537267435
08-16 14:00:00,187.12444390746333
08-16 15:00:00,170.7552091715128
08-16 16:00:00,146.17678715536016
08-16 17:00:00,142.76037187440213
08-16 18:00:00,153.54383740394806
08-16 19:00:00,172.4528624944141
08-16 20:00:00,173.97276618933935
08-16 21:00:00,196.7926436547349
08-16 22:00:00,195.11595865015258
08-16 23:00:00,194.61530539202835
08-17 00:00:00,182.7822872008143
08-17 01:00:00,267.6466915101053
08-17 02:00:00,320.619315791108
08-17 03:00:00,322.14630730871255
08-17 04:00:00,330.0609146410351
08-17 05:00:00,331.86304147436584
08-17 06:00:00,324.62991136313104
08-17 07:00:00,323.0337901179963
08-17 08:00:00,301.69373759523216
08-17 09:00:00,236.48545787691796
08-17 10:00:00,178.8108583950669
08-17 11:00:00,135.28253066172033
08-17 12:00:00,103.885329194407
08-17 13:00:00,83.72176840394624
08-17 14:00:00,56.37046927855931
08-17 15:00:00,52.28913981266578
08-17 16:00:00,48.27209580341814
08-17 17:00:00,86.72614116995197
08-17 18:00:00,113.31313665139126
08-17 19:00:00,135.91143130302535
08-17 20:00:00,148.21888825267203
08-17 21:00:00,172.02446688012583
08-17 22:00:00,192.87196321490185
08-17 23:00:00,218.8118682712448
08-18 00:00:00,259.1406929998026
08-18 01:00:00,265.774414003316
08-18 02:00:00,274.12018966133206
08-18 03:00:00,280.3144469131534
08-18 04:00:00,277.54979805641926
08-18 05:00:00,266.406817974343
08-18 06:00:00,260.4556995599967
08-18 07:00:00,222.85393036708192
08-18 08:00:00,187.76287580529834
08-18 09:00:00,152.7150095762905
08-18 10:00:00,120.72601512050227
08-18 11:00:00,91.49554169180018
08-18 12:00:00,51.2786695956813
08-18 13:00:00,17.871948556510237
08-18 14:00:00,10.954316476083664
08-18 15:00:00,8.554035985679151
08-18 16:00:00,6.422856531945178
08-18 17:00:00,12.077335184586346
08-18 18:00:00,57.88125903220546
08-18 19:00:00,99.81907264991428
08-18 20:00:00,131.27583430806914
08-18 21:00:00,167.75827083438327
08-18 22:00:00,166.3777784839246
08-18 23:00:00,153.73355919733507
08-19 00:00:00,159.89315438463646
08-19 01:00:00,161.1326222088797
08-19 02:00:00,165.01149145130515
08-19 03:00:00,172.17731367369316
08-19 04:00:00,183.95302440962888
08-19 05:00:00,189.11150579287377
08-19 06:00:00,185.04069536921082
08-19 07:00:00,132.34583358841417
08-19 08:00:00,89.50720269218577
08-19 09:00:00,46.69479030647972
08-19 10:00:00,33.0360412324594
08-19 11:00:00,13.185506895874164
08-19 12:00:00,2.925707423906322
08-19 13:00:00,8.506045373381188
08-19 14:00:00,11.252394034014308
08-19 15:00:00,11.549940756579252
08-19 16:00:00,12.111949315707044
08-19 17:00:00,12.187528988656307
08-19 18:00:00,41.11561169997658
08-19 19:00:00,47.417117289452264
08-19 20:00:00,68.12501889566676
08-19 21:00:00,80.2366581549241
08-19 22:00:00,106.87651883259034
08-19 23:00:00,119.13122986062001
08-20 00:00:00,135.1294256124817
08-20 01:00:00,129.15416291215755
08-20 02:00:00,139.5617414206331
08-20 03:00:00,170.08048661543089
08-20 04:00:00,171.18769371770028
08-20 05:00:00,160.52531459963524
08-20 06:00:00,143.79678712447372
08-20 07:00:00,102.49885030662364
08-20 08:00:00,50.42969648268042
08-20 09:00:00,3.640597792551385
08-20 10:00:00,2.3583790513160245
08-20 11:00:00,2.2210201384545982
08-20 12:00:00,2.5677376524636135
08-20 13:00:00,1.819329476819354
08-20 14:00:00,1.8522178509283556
08-20 15:00:00,1.819329476819354
08-20 16:00:00,2.018247534503253
08-20 17:00:00,2.323874510351498
08-20 18:00:00,3.068133318989743
08-20 19:00:00,19.249050182788285
08-20 20:00:00,31.140428659250666
08-20 21:00:00,48.823051781957794
08-20 22:00:00,86.89567026373007
08-20 23:00:00,104.19334196711064
08-21 00:00:00,131.0368714546543
08-21 01:00:00,145.4779004952992
08-21 02:00:00,152.70662263441088
08-21 03:00:00,154.58167914026777
08-21 04:00:00,168.26942450428479
08-21 05:00:00,191.73918959265688
08-21 06:00:00,153.9230723117694
08-21 07:00:00,75.1961335693563
08-21 08:00:00,24.876021489128973
08-21 09:00:00,1.5920350533527767
08-21 10:00:00,1.2760414857165043
08-21 11:00:00,1.0607943072176098
08-21 12:00:00,0.8206412449262948
08-21 13:00:00,0.7321608768899115
08-21 14:00:00,0.8801030443299478
08-21 15:00:00,0.8503244568783138
08-21 16:00:00,0.9700140624638769
08-21 17:00:00,1.4012254599377927
08-21 18:00:00,1.6564573879350915
08-21 19:00:00,8.983643373223973
08-21 20:00:00,18.10396147465979
08-21 21:00:00,22.79421863246646
08-21 22:00:00,23.53503576915123
08-21 23:00:00,34.75429645631141
08-22 00:00:00,45.07266970481061
08-22 01:00:00,21.945720041426867
08-22 02:00:00,82.22386596292705
08-22 03:00:00,108.27741697159391
08-22 04:00:00,125.28084936013377
08-22 05:00:00,94.95927924271412
08-22 06:00:00,133.2292620260268
08-22 07:00:00,112.99101335297536
08-22 08:00:00,79.98936751022492
08-22 09:00:00,56.978847896216955
08-22 10:00:00,29.492639120355175
08-22 11:00:00,8.231801114682444
08-22 12:00:00,7.042680263105688
08-22 13:00:00,7.005794557196406
08-22 14:00:00,5.952927659000082
08-22 15:00:00,78.88023732285438
08-22 16:00:00,93.7468928955116
08-22 17:00:00,114.76945803024081
08-22 18:00:00,150.27128952174343
08-22 19:00:00,173.78561853042055
08-22 20:00:00,191.44286017137227
08-22 21:00:00,193.57810403952578
08-22 22:00:00,214.12249137238436
08-22 23:00:00,223.63431540705443
08-23 00:00:00,228.77322464797496
08-23 01:00:00,238.15471847225882
08-23 02:00:00,242.07391736159056
08-23 03:00:00,237.33191452796743
08-23 04:00:00,261.8445030675008
08-23 05:00:00,260.3106828407792
08-23 06:00:00,243.14766852895144
08-23 07:00:00,205.8064952400561
08-23 08:00:00,158.55818045496218
08-23 09:00:00,100.77914568631618
08-23 10:00:00,64.22343015345672
08-23 11:00:00,53.575068312485996
08-23 12:00:00,39.69394551757897
08-23 13:00:00,9.758776953168855
08-23 14:00:00,11.93269962261953
08-23 15:00:00,14.799824995182691
08-23 16:00:00,15.6474592751498
08-23 17:00:00,45.27637170865158
08-23 18:00:00,68.37437377773699
08-23 19:00:00,91.48500669704838
08-23 20:00:00,109.16945556063462
08-23 21:00:00,137.20694212694266
08-23 22:00:00,141.0389895987494
08-23 23:00:00,173.70711789404115
08-24 00:00:00,163.24539520327477
08-24 01:00:00,183.02911959551497
08-24 02:00:00,228.25228098199733
08-24 03:00:00,234.53778268520176
08-24 04:00:00,222.37826677594802
08-24 05:00:00,226.77956020575
08-24 06:00:00,224.44624593987237
08-24 07:00:00,221.06524983064017
08-24 08:00:00,211.19008560980168
08-24 09:00:00,186.52687170463142
08-24 10:00:00,163.72331640720276
08-24 11:00:00,134.19487101566617
08-24 12:00:00,148.6606196588842
08-24 13:00:00,138.79138424685144
08-24 14:00:00,134.44989314166415
08-24 15:00:00,109.31046270227392
08-24 16:00:00,106.61540079758431
08-24 17:00:00,116.1813952034695
08-24 18:00:00,123.5210205712376
08-24 19:00:00,147.22258074300305
08-24 20:00:00,169.27878276646865
08-24 21:00:00,170.7190410498959
08-24 22:00:00,203.96716148458128
08-24 23:00:00,237.29579251959672
08-25 00:00:00,219.42866689163506
08-25 01:00:00,229.19761333023823
08-25 02:00:00,233.47769645383931
08-25 03:00:00,244.99274258000486
08-25 04:00:00,244.87897306276994
08-25 05:00:00,248.34790131486824
08-25 06:00:00,239.7450498465069
08-25 07:00:00,220.2181683841332
08-25 08:00:00,204.7879458905351
08-25 09:00:00,169.56472794575737
08-25 10:00:00,141.29005644550472
08-25 11:00:00,119.96112839008966
08-25 12:00:00,119.3491531562879
08-25 13:00:00,114.05224731179912
08-25 14:00:00,108.4697053757982
08-25 15:00:00,93.90167450373082
08-25 16:00:00,80.74659697265699
08-25 17:00:00,97.45246477624218
08-25 18:00:00,128.01313477750273
08-25 19:00:00,160.82436237468735
08-25 20:00:00,193.15739985395575
08-25 21:00:00,222.62538572965795
08-25 22:00:00,259.98266439945024
08-25 23:00:00,279.9044311223234
08-26 00:00:00,307.9379260732818
08-26 01:00:00,313.74444401690147
08-26 02:00:00,327.9219238609432
08-26 03:00:00,342.1367083202186
08-26 04:00:00,350.4418430258842
08-26 05:00:00,362.25441553050575
08-26 06:00:00,334.71920876273794
08-26 07:00:00,246.2766850548001
08-26 08:00:00,161.24321336402787
08-26 09:00:00,128.75379211896472
08-26 10:00:00,60.77716384896715
08-26 11:00:00,28.64157651414073
08-26 12:00:00,13.373624290909452
08-26 13:00:00,13.453659724495518
08-26 14:00:00,14.62694611978248
08-26 15:00:00,22.446424148518727
08-26 16:00:00,71.26250681579407
08-26 17:00:00,66.85320727581262
08-26 18:00:00,110.12338842887196
08-26 19:00:00,149.18260136348573
08-26 20:00:00,171.1962016950497
08-26 21:00:00,202.26654765003863
08-26 22:00:00,209.15867044308354
08-26 23:00:00,216.61289229534765
08-27 00:00:00,220.91572379193758
08-27 01:00:00,238.78649760825385
08-27 02:00:00,255.44838193651356
08-27 03:00:00,266.4796615860511
08-27 04:00:00,285.8360165826878
08-27 05:00:00,307.21339353457836
08-27 06:00:00,302.1908180291833
08-27 07:00:00,264.9498958943947
08-27 08:00:00,208.3995525264478
08-27 09:00:00,173.50136822920155
08-27 10:00:00,124.61803233819397
08-27 11:00:00,98.8561958325142
08-27 12:00:00,78.37766412829302
08-27 13:00:00,75.98606421347321
08-27 14:00:00,80.21170406103624
08-27 15:00:00,86.51098684121366
08-27 16:00:00,95.19155723381087
08-27 17:00:00,112.27389138898695
08-27 18:00:00,155.71526793855148
08-27 19:00:00,192.20992125069807
08-27 20:00:00,216.12790459876632
08-27 21:00:00,257.2346511309999
08-27 22:00:00,294.1486354306564
08-27 23:00:00,313.2826847702909
08-28 00:00:00,319.8995660097725
08-28 01:00:00,332.050148822137
08-28 02:00:00,339.1281252152208
08-28 03:00:00,361.7681696886431
08-28 04:00:00,378.12234035078257
08-28 05:00:00,379.6963120181472
08-28 06:00:00,373.88876817393316
08-28 07:00:00,331.94314598878583
08-28 08:00:00,306.34175784023006
08-28 09:00:00,295.9711371981084
08-28 10:00:00,256.76398807079687
08-28 11:00:00,214.46784564680638
08-28 12:00:00,179.2242173769588
08-28 13:00:00,170.07956237306493
08-28 14:00:00,269.3173525165689
08-28 15:00:00,357.50111410006764
08-28 16:00:00,342.87914207167364
08-28 17:00:00,350.2416676949135
08-28 18:00:00,350.73845294419215
08-28 19:00:00,369.8063514722118
08-28 20:00:00,378.7523862321506
08-28 21:00:00,374.23456994087707
08-28 22:00:00,374.14139931876144
08-28 23:00:00,382.44564971507106
08-29 00:00:00,387.2465363033806
08-29 01:00:00,394.33680792607583
08-29 02:00:00,393.1841528329569
08-29 03:00:00,400.46642445717765
08-29 04:00:00,397.7054739209508
08-29 05:00:00,400.16884259565353
08-29 06:00:00,385.53413996797985
08-29 07:00:00,362.11252085622715
08-29 08:00:00,342.1106035850892
08-29 09:00:00,335.13640360273575
08-29 10:00:00,305.05295466478844
08-29 11:00:00,282.2727093473342
08-29 12:00:00,247.81447893425093
08-29 13:00:00,269.3714066332171
08-29 14:00:00,270.0644764532228
08-29 15:00:00,270.835533039119
08-29 16:00:00,251.3680250712406
08-29 17:00:00,250.2946726986228
08-29 18:00:00,243.9158043383264
08-29 19:00:00,249.06466605140298
08-29 20:00:00,256.37797935653623
08-29 21:00:00,267.7489418969643
08-29 22:00:00,279.9360135308766
08-29 23:00:00,291.1852018105089
08-30 00:00:00,310.8105725030415
08-30 01:00:00,310.8105725030415
08-30 02:00:00,316.39642137910454
08-30 03:00:00,320.7749958222733
08-30 04:00:00,332.2190128747969
08-30 05:00:00,328.3949913467131
08-30 06:00:00,315.30736341886586
08-30 07:00:00,273.81868768848966
08-30 08:00:00,257.6606758738255
08-30 09:00:00,233.2508376473832
08-30 10:00:00,217.8482185556381
08-30 11:00:00,213.97104618121688
08-30 12:00:00,215.7018329408979
08-30 13:00:00,194.6297423093243
08-30 14:00:00,141.75274722190886
08-30 15:00:00,150.17885641117638
08-30 16:00:00,143.86083986162785
08-30 17:00:00,167.68931008303792
08-30 18:00:00,209.24162386116134
08-30 19:00:00,242.42710746562852
08-30 20:00:00,263.1009407888384
08-30 21:00:00,263.1745450193001
08-30 22:00:00,266.94944294678055
08-30 23:00:00,275.4413397331685
08-31 00:00:00,277.2393482353954
08-31 01:00:00,277.40453952073653
08-31 02:00:00,278.4308376092339
08-31 03:00:00,275.7029976741194
08-31 04:00:00,279.381914293923
08-31 05:00:00,283.85970139553734
08-31 06:00:00,287.5625197699655
08-31 07:00:00,253.8867064417475
08-31 08:00:00,232.3951913384142
08-31 09:00:00,193.87939354626403
08-31 10:00:00,162.08749408134742
08-31 11:00:00,116.43194996145039
08-31 12:00:00,87.38793908299145
08-31 13:00:00,75.4971256737029
08-31 14:00:00,44.2577711235524
08-31 15:00:00,63.07199198885486
08-31 16:00:00,90.97476055427269
08-31 17:00:00,117.88265083026698
08-31 18:00:00,153.9924703285853
08-31 19:00:00,200.84590753678617
08-31 20:00:00,226.98361037381937
08-31 21:00:00,249.26498504149907
08-31 22:00:00,291.7645060495192
08-31 23:00:00,305.0726860681042
09-01 00:00:00,319.4823962498975
09-01 01:00:00,329.2673485909098
09-01 02:00:00,351.79481042998697
09-01 03:00:00,363.64563688992763
09-01 04:00:00,367.648507497113
09-01 05:00:00,409.1820829619
09-01 06:00:00,375.02545839265605
09-01 07:00:00,303.24030728860566
09-01 08:00:00,246.74395954871144
09-01 09:00:00,178.75332831132744
09-01 10:00:00,111.24927981516932
09-01 11:00:00,62.38659405868301
09-01 12:00:00,21.07000910316131
09-01 13:00:00,7.346455963718793
09-01 14:00:00,8.329080788847387
09-01 15:00:00,11.372961298293179
09-01 16:00:00,14.549328932719954
09-01 17:00:00,22.417138957873426
09-01 18:00:00,105.03267665260731
09-01 19:00:00,153.214446267935
09-01 20:00:00,189.55931840831084
09-01 21:00:00,217.97315148145802
09-01 22:00:00,265.6995779968699
09-01 23:00:00,293.6253878600212
09-02 00:00:00,313.9626808364043
09-02 01:00:00,343.8874956781216
09-02 02:00:00,363.98897785606096
09-02 03:00:00,375.51856877804596
09-02 04:00:00,402.8786817428406
09-02 05:00:00,405.1776665739497
09-02 06:00:00,389.9218887913928
09-02 07:00:00,315.34100644955345
09-02 08:00:00,240.7533357133569
09-02 09:00:00,187.12041840052086
09-02 10:00:00,113.61002135828969
09-02 11:00:00,56.00278995055747
09-02 12:00:00,16.757773449364628
09-02 13:00:00,1.4327729388117545
09-02 14:00:00,1.7865461897905226
09-02 15:00:00,1.918311172676974
09-02 16:00:00,2.0854065632316843
09-02 17:00:00,9.329922663011185
09-02 18:00:00,33.712687668580415
09-02 19:00:00,79.20015152025162
09-02 20:00:00,99.00058655654163
09-02 21:00:00,160.0821167408298
09-02 22:00:00,197.22723236999855
09-02 23:00:00,221.33813717754293
09-03 00:00:00,231.9071246241942
09-03 01:00:00,253.88197713087877
09-03 02:00:00,273.1460078158958
09-03 03:00:00,280.1817018724498
09-03 04:00:00,282.96486572519103
09-03 05:00:00,294.5354008320813
09-03 06:00:00,272.53721926464993
09-03 07:00:00,216.86607035872606
09-03 08:00:00,176.306436162092
09-03 09:00:00,102.82686639508428
09-03 10:00:00,42.585215226161175
09-03 11:00:00,5.003117227431442
09-03 12:00:00,2.4975050883377863
09-03 13:00:00,2.3583790513160245
09-03 14:00:00,2.3583790513160245
09-03 15:00:00,2.3583790513160245
09-03 16:00:00,2.603022532958283
09-03 17:00:00,3.5538539620539806
09-03 18:00:00,16.086071555083056
09-03 19:00:00,33.23838244923527
09-03 20:00:00,66.61098974111637
09-03 21:00:00,137.07691597252435
09-03 22:00:00,169.81171755360432
09-03 23:00:00,199.26173564307803
09-04 00:00:00,227.9194569165242
09-04 01:00:00,242.39236955673027
09-04 02:00:00,260.03924007220246
09-04 03:00:00,270.0939261377159
09-04 04:00:00,281.107958039929
09-04 05:00:00,298.7641980952288
09-04 06:00:00,294.21895033512106
09-04 07:00:00,213.79587917832237
09-04 08:00:00,139.85880548877282
09-04 09:00:00,67.95495500668004
09-04 10:00:00,12.207376589670567
09-04 11:00:00,2.63842027665019
09-04 12:00:00,2.7452941852826553
09-04 13:00:00,2.9986825185604387
09-04 14:00:00,2.8531964966220738
09-04 15:00:00,2.962136771477863
09-04 16:00:00,2.925707423906322
09-04 17:00:00,2.941720766461795
09-04 18:00:00,20.9831633222982
09-04 19:00:00,47.53249399519352
09-04 20:00:00,87.37446569789614
09-04 21:00:00,145.23615097897988
09-04 22:00:00,169.60518997743713
09-04 23:00:00,206.19798783873705
09-05 00:00:00,235.9027088273547
09-05 01:00:00,242.28002223238568
09-05 02:00:00,267.67900083526195
09-05 03:00:00,277.76531738735133
09-05 04:00:00,277.1812820213971
09-05 05:00:00,292.5937412591714
09-05 06:00:00,282.6614664993087
09-05 07:00:00,204.31812555222984
09-05 08:00:00,124.61156007374629
09-05 09:00:00,53.98249960819608
09-05 10:00:00,8.365642717300341
09-05 11:00:00,1.9848287888672236
09-05 12:00:00,2.186953965007851
09-05 13:00:00,2.4975050883377863
09-05 14:00:00,2.603022532958283
09-05 15:00:00,2.4975050883377863
09-05 16:00:00,2.5325652867478903
09-05 17:00:00,2.4625567107041504
09-05 18:00:00,20.83684800504352
09-05 19:00:00,36.65011212476969
09-05 20:00:00,58.03424685469027
09-05 21:00:00,106.37981526176068
09-05 22:00:00,163.00514282787216
09-05 23:00:00,181.11420308421708
09-06 00:00:00,196.7813886801269
09-06 01:00:00,213.59562499357702
09-06 02:00:00,231.5490609394177
09-06 03:00:00,253.73659112098056
09-06 04:00:00,272.9327833107691
09-06 05:00:00,265.71527856802953
09-06 06:00:00,253.61386101350607
09-06 07:00:00,193.88451657662034
09-06 08:00:00,109.97459675156993
09-06 09:00:00,62.72630907170955
09-06 10:00:00,10.840760256601719
09-06 11:00:00,1.4961718873301268
09-06 12:00:00,2.3583790513160245
09-06 13:00:00,2.5677376524636135
09-06 14:00:00,2.3583790513160245
09-06 15:00:00,2.392994036365675
09-06 16:00:00,2.392994036365675
09-06 17:00:00,2.4207860694813386
09-06 18:00:00,17.0569053086329
09-06 19:00:00,33.35960817055525
09-06 20:00:00,48.38177937185504
09-06 21:00:00,83.4726054575295
09-06 22:00:00,149.98460844619382
09-06 23:00:00,164.53515108582803
09-07 00:00:00,181.20061243649695
09-07 01:00:00,207.3472103152009
09-07 02:00:00,212.29858769232612
09-07 03:00:00,230.27014047470772
09-07 04:00:00,253.925410869985
09-07 05:00:00,266.5745685263099
09-07 06:00:00,253.906918882652
09-07 07:00:00,193.68676734907513
09-07 08:00:00,138.02318210210473
09-07 09:00:00,93.61573454583036
09-07 10:00:00,46.53604202212092
09-07 11:00:00,1.7865461897905226
09-07 12:00:00,1.8522178509283556
09-07 13:00:00,2.186953965007851
09-07 14:00:00,2.0854065632316843
09-07 15:00:00,1.918311172676974
09-07 16:00:00,2.5325652867478903
09-07 17:00:00,6.79568122178156
09-07 18:00:00,28.005407529206586
09-07 19:00:00,52.69931379820964
09-07 20:00:00,96.92401047469258
09-07 21:00:00,139.3057000412328
09-07 22:00:00,170.95247291781456
09-07 23:00:00,187.404299994521
09-08 00:00:00,204.133579263047
09-08 01:00:00,209.84512581996182
09-08 02:00:00,242.84602220336473
09-08 03:00:00,252.38106301459652
09-08 04:00:00,262.772208388702
09-08 05:00:00,273.5603250374824
09-08 06:00:00,266.54337922823964
09-08 07:00:00,201.41438214670504
09-08 08:00:00,133.64537741221952
09-08 09:00:00,74.34151549340719
09-08 10:00:00,23.289879505629663
09-08 11:00:00,1.3697788897689578
09-08 12:00:00,1.3071872163312945
09-08 13:00:00,1.0001771591101447
09-08 14:00:00,0.9700140624638769
09-08 15:00:00,0.7910531095169465
09-08 16:00:00,0.9700140624638769
09-08 17:00:00,1.4961718873301268
09-08 18:00:00,11.20120761713013
09-08 19:00:00,24.040569833526277
09-08 20:00:00,54.16612399295541
09-08 21:00:00,76.08464380042355
09-08 22:00:00,67.30012529415896
09-08 23:00:00,73.88429775487236
09-09 00:00:00,76.06829149640049
09-09 01:00:00,84.64525680551745
09-09 02:00:00,93.94802405492146
09-09 03:00:00,135.87684566659
09-09 04:00:00,171.78041034799926
09-09 05:00:00,185.8101482232831
09-09 06:00:00,182.31814277239613
09-09 07:00:00,162.487494504443
09-09 08:00:00,130.7890455287783
09-09 09:00:00,53.469423965183886
09-09 10:00:00,46.794748387309475
09-09 11:00:00,41.901602640944226
09-09 12:00:00,13.388656995585952
09-09 13:00:00,1.819329476819354
09-09 14:00:00,1.721293570222435
09-09 15:00:00,3.3411250635192156
09-09 16:00:00,4.168300515643345
09-09 17:00:00,11.810603974026234
09-09 18:00:00,49.7174602604372
09-09 19:00:00,61.78693951271436
09-09 20:00:00,91.17733343554869
09-09 21:00:00,104.02038250420493
09-09 22:00:00,139.77759753953703
09-09 23:00:00,160.9082201031539
09-10 00:00:00,170.45846311867928
09-10 01:00:00,192.28154363669063
09-10 02:00:00,200.5551513762764
09-10 03:00:00,209.90360059660443
09-10 04:00:00,221.3434162546113
09-10 05:00:00,229.14692157915434
09-10 06:00:00,222.28684741954947
09-10 07:00:00,151.13672697791327
09-10 08:00:00,86.97165917466928
09-10 09:00:00,41.36210474019448
09-10 10:00:00,20.31481950607797
09-10 11:00:00,2.5325652867478903
09-10 12:00:00,2.63842027665019
09-10 13:00:00,2.925707423906322
09-10 14:00:00,5.335808223349304
09-10 15:00:00,7.005794557196406
09-10 16:00:00,8.729202866573143
09-10 17:00:00,28.74958508829618
09-10 18:00:00,98.91986949232127
09-10 19:00:00,144.0185886873001
09-10 20:00:00,168.08884863165318
09-10 21:00:00,176.0523766552216
09-10 22:00:00,182.99073459661008
09-10 23:00:00,189.131148162606
09-11 00:00:00,208.66186442261795
09-11 01:00:00,228.08023506902256
09-11 02:00:00,223.45333111107445
09-11 03:00:00,221.37573524114381
09-11 04:00:00,228.35484153103678
09-11 05:00:00,222.90963644053554
09-11 06:00:00,214.10627580837587
09-11 07:00:00,185.46057495734178
09-11 08:00:00,119.23435966658671
09-11 09:00:00,55.236672112663925
09-11 10:00:00,5.248454757846227
09-11 11:00:00,2.709555752028278
09-11 12:00:00,2.63842027665019
09-11 13:00:00,2.427719808261197
09-11 14:00:00,2.3583790513160245
09-11 15:00:00,2.152996535922899
09-11 16:00:00,2.392994036365675
09-11 17:00:00,5.237542120812956
09-11 18:00:00,68.59563861626684
09-11 19:00:00,85.35264695188361
09-11 20:00:00,92.15218934081688
09-11 21:00:00,90.06638798193015
09-11 22:00:00,122.57928398616939
09-11 23:00:00,129.74327827485195
09-12 00:00:00,158.47340150970953
09-12 01:00:00,191.11796411220254
09-12 02:00:00,209.9203190559291
09-12 03:00:00,232.83935811879488
09-12 04:00:00,240.88837012053364
09-12 05:00:00,234.85094243427815
09-12 06:00:00,218.11387860402687
09-12 07:00:00,195.5961079298022
09-12 08:00:00,160.7426674514402
09-12 09:00:00,97.19217409094402
09-12 10:00:00,56.587012847292634
09-12 11:00:00,34.59863873974474
09-12 12:00:00,18.844170933054112
09-12 13:00:00,10.864464132361096
09-12 14:00:00,2.186953965007851
09-12 15:00:00,4.481681650118929
09-12 16:00:00,6.317953299944634
09-12 17:00:00,20.85105102249144
09-12 18:00:00,50.674103323202345
09-12 19:00:00,75.21140390523703
09-12 20:00:00,110.77013671008146
09-12 21:00:00,143.70179660387197
09-12 22:00:00,169.6558670739731
09-12 23:00:00,183.8056665704791
09-13 00:00:00,206.02416684679798
09-13 01:00:00,213.70815386262592
09-13 02:00:00,215.56992581880314
09-13 03:00:00,225.38048828828272
09-13 04:00:00,238.97905441737606
09-13 05:00:00,252.00068455239847
09-13 06:00:00,250.71034546179536
09-13 07:00:00,189.7630390078506
09-13 08:00:00,118.05022843816006
09-13 09:00:00,60.21295135504734
09-13 10:00:00,5.341080520308987
09-13 11:00:00,1.7865461897905226
09-13 12:00:00,1.4327729388117545
09-13 13:00:00,1.6888235866115342
09-13 14:00:00,2.427719808261197
09-13 15:00:00,2.186953965007851
09-13 16:00:00,2.427719808261197
09-13 17:00:00,2.5325652867478903
09-13 18:00:00,15.18269564313013
09-13 19:00:00,21.403202077691763
09-13 20:00:00,27.22328290723751
09-13 21:00:00,91.04451450144599
09-13 22:00:00,114.50523271977755
09-13 23:00:00,117.16368162326759
09-14 00:00:00,137.27029179679772
09-14 01:00:00,146.77806272184472
09-14 02:00:00,165.58217208170257
09-14 03:00:00,160.1653231427608
09-14 04:00:00,167.0104994425393
09-14 05:00:00,188.03344151207216
09-14 06:00:00,178.69400186094262
09-14 07:00:00,129.03845526677583
09-14 08:00:00,62.46103603798445
09-14 09:00:00,2.958790925067607
09-14 10:00:00,1.4644216423276173
09-14 11:00:00,1.1524519936831163
09-14 12:00:00,0.8206412449262948
09-14 13:00:00,0.9700140624638769
09-14 14:00:00,1.0001771591101447
09-14 15:00:00,1.559978273722004
09-14 16:00:00,1.918311172676974
09-14 17:00:00,2.186953965007851
09-14 18:00:00,6.178367039975585
09-14 19:00:00,15.087922658780524
09-14 20:00:00,21.220968632976547
09-14 21:00:00,45.987487691563665
09-14 22:00:00,49.84269982398785
09-14 23:00:00,35.55279378623671
09-15 00:00:00,51.82852913409947
09-15 01:00:00,70.28492684790605
09-15 02:00:00,92.78532871215253
09-15 03:00:00,98.21203173538899
09-15 04:00:00,96.30447467783388
09-15 05:00:00,99.08450688749062
09-15 06:00:00,97.3134843043239
09-15 07:00:00,83.52831288330867
09-15 08:00:00,63.167757178129584
09-15 09:00:00,48.2952948054878
09-15 10:00:00,4.0401856492919865
09-15 11:00:00,1.9848287888672236
09-15 12:00:00,2.051773348156512
09-15 13:00:00,1.8522178509283556
09-15 14:00:00,8.13997311023791
09-15 15:00:00,26.393360796089894
09-15 16:00:00,22.2632765454708
09-15 17:00:00,37.85098400958831
09-15 18:00:00,53.54079248800387
09-15 19:00:00,68.91743862335198
09-15 20:00:00,67.06705579350813
09-15 21:00:00,94.09057388519491
09-15 22:00:00,107.98325677305748
09-15 23:00:00,121.34647801430066
09-16 00:00:00,112.7719048352247
09-16 01:00:00,119.04842209812632
09-16 02:00:00,115.58597762424131
09-16 03:00:00,116.40754065646847
09-16 04:00:00,122.80340185196421
09-16 05:00:00,111.65292220503902
09-16 06:00:00,117.5556071383434
09-16 07:00:00,97.0929795019511
09-16 08:00:00,68.08600439706757
09-16 09:00:00,74.35045920733441
09-16 10:00:00,45.01074579753439
09-16 11:00:00,20.958618275600774
09-16 12:00:00,13.393037098869343
09-16 13:00:00,27.101228166155597
09-16 14:00:00,46.49320394511555
09-16 15:00:00,75.0911759180291
09-16 16:00:00,97.96041484408836
09-16 17:00:00,127.32727850118387
09-16 18:00:00,132.4992505067418
09-16 19:00:00,145.83270630338447
09-16 20:00:00,159.86231475186494
09-16 21:00:00,181.08506919843512
09-16 22:00:00,182.46624949228396
09-16 23:00:00,191.0764001280815
09-17 00:00:00,205.92184100004053
09-17 01:00:00,213.86765383544605
09-17 02:00:00,231.651736934627
09-17 03:00:00,241.22707145182667
09-17 04:00:00,237.93673791226956
09-17 05:00:00,246.279156955668
09-17 06:00:00,254.3113680529997
09-17 07:00:00,213.73374883537144
09-17 08:00:00,172.61728443580193
09-17 09:00:00,134.17490862680611
09-17 10:00:00,110.71416413512559
09-17 11:00:00,75.34289942193934
09-17 12:00:00,51.1305496892838
09-17 13:00:00,33.1138423634935
09-17 14:00:00,16.74914872724618
09-17 15:00:00,22.411043580676132
09-17 16:00:00,44.19693902218211
09-17 17:00:00,101.61161154853339
09-17 18:00:00,126.72128300639923
09-17 19:00:00,149.209485713253
09-17 20:00:00,175.74850142706862
09-17 21:00:00,190.92818357725912
09-17 22:00:00,223.85058628950534
09-17 23:00:00,248.973188856835
09-18 00:00:00,270.13001669110946
09-18 01:00:00,294.19927894354004
09-18 02:00:00,316.41373343569705
09-18 03:00:00,336.5559427908805
09-18 04:00:00,349.6006656199293
09-18 05:00:00,371.2071275832246
09-18 06:00:00,369.06935317994845
09-18 07:00:00,315.49369013720155
09-18 08:00:00,262.8418947357009
09-18 09:00:00,219.37456655144555
09-18 10:00:00,153.02153291295903
09-18 11:00:00,88.8194637739944
09-18 12:00:00,28.562494016408756
09-18 13:00:00,9.215742938839217
09-18 14:00:00,10.393713874102927
09-18 15:00:00,18.60026299123404
09-18 16:00:00,32.84295817404649
09-18 17:00:00,100.77741363271595
09-18 18:00:00,131.25646310551093
09-18 19:00:00,169.3898805776544
09-18 20:00:00,179.32226085440826
09-18 21:00:00,195.91072572361753
09-18 22:00:00,256.61839060211065
09-18 23:00:00,284.5805493528904
09-19 00:00:00,298.72478175161484
09-19 01:00:00,303.2825750754355
09-19 02:00:00,322.63009623127607
09-19 03:00:00,336.08959691271076
09-19 04:00:00,349.34726127290435
09-19 05:00:00,353.9681834867486
09-19 06:00:00,333.29584509763237
09-19 07:00:00,316.6965928566533
09-19 08:00:00,302.62977157506896
09-19 09:00:00,315.7451163898683
09-19 10:00:00,308.0389262644025
09-19 11:00:00,303.8111172346084
09-19 12:00:00,318.92260318632924
09-19 13:00:00,338.6587779696928
09-19 14:00:00,360.0959415216591
09-19 15:00:00,366.3084755517193
09-19 16:00:00,376.01651679161336
09-19 17:00:00,406.52840480018205
09-19 18:00:00,420.1751097330461
09-19 19:00:00,420.4870712486914
09-19 20:00:00,415.35836305407986
09-19 21:00:00,418.98686152183524
09-19 22:00:00,422.66701705476095
09-19 23:00:00,417.88997592116056
09-20 00:00:00,417.3078652836493
09-20 01:00:00,416.7287494822464
09-20 02:00:00,420.0225988714765
09-20 03:00:00,415.8782149424584
09-20 04:00:00,411.56695937869637
09-20 05:00:00,410.812590910583
09-20 06:00:00,409.83461028317913
09-20 07:00:00,398.1390919134809
09-20 08:00:00,374.6708080914149
09-20 09:00:00,336.64204140600077
09-20 10:00:00,288.4914676914285
09-20 11:00:00,258.82189203607476
09-20 12:00:00,217.52032385539405
09-20 13:00:00,200.5711769131001
09-20 14:00:00,200.30924332582228
09-20 15:00:00,211.18238166893224
09-20 16:00:00,226.53320371679916
09-20 17:00:00,249.57937027460204
09-20 18:00:00,274.5682355849355
09-20 19:00:00,286.6339488665849
09-20 20:00:00,285.88318590743495
09-20 21:00:00,294.8056002886011
09-20 22:00:00,308.5928479226144
09-20 23:00:00,306.81506437915084
09-21 00:00:00,314.161295232294
09-21 01:00:00,321.2571887016976
09-21 02:00:00,323.44448138318995
09-21 03:00:00,324.6240377007936
09-21 04:00:00,349.5111743211669
09-21 05:00:00,360.5209299091423
09-21 06:00:00,383.8375363934146
09-21 07:00:00,366.6796491101739
09-21 08:00:00,290.07732082659896
09-21 09:00:00,221.16490885621675
09-21 10:00:00,170.4923377964711
09-21 11:00:00,129.47476228946002
09-21 12:00:00,104.64624999649655
09-21 13:00:00,77.49291912624052
09-21 14:00:00,83.91946830566754
09-21 15:00:00,93.54138890023144
09-21 16:00:00,110.59513646019595
09-21 17:00:00,168.1735726346503
09-21 18:00:00,210.49538161103044
09-21 19:00:00,215.35743782666816
09-21 20:00:00,235.02884240370895
09-21 21:00:00,267.7558548908194
09-21 22:00:00,310.37723414105716
09-21 23:00:00,345.780615993668
09-22 00:00:00,397.8687423840387
09-22 01:00:00,423.05990811969593
09-22 02:00:00,451.5102959449799
09-22 03:00:00,466.6477173684164
09-22 04:00:00,476.5281637175533
09-22 05:00:00,486.3297685782102
09-22 06:00:00,471.6683372917742
09-22 07:00:00,439.57945962716326
09-22 08:00:00,401.26481509734134
09-22 09:00:00,340.8150197685108
09-22 10:00:00,284.4337798632155
09-22 11:00:00,239.76943984007266
09-22 12:00:00,204.79636898202898
09-22 13:00:00,172.35401424546927
09-22 14:00:00,145.62942128762026
09-22 15:00:00,142.01198996808756
09-22 16:00:00,160.93083508119707
09-22 17:00:00,201.6635438973946
09-22 18:00:00,218.80294460580225
09-22 19:00:00,271.61340644299594
09-22 20:00:00,314.30286857140817
09-22 21:00:00,364.73282776446996
09-22 22:00:00,383.96025781029323
09-22 23:00:00,419.122357623026
09-23 00:00:00,432.9590065692639
09-23 01:00:00,455.2124563853806
09-23 02:00:00,466.4267013669261
09-23 03:00:00,495.3686761642578
09-23 04:00:00,494.0157044657724
09-23 05:00:00,470.75231916445966
09-23 06:00:00,447.29825041859857
09-23 07:00:00,437.7940043621714
09-23 08:00:00,358.6521744298649
09-23 09:00:00,286.5189161514128
09-23 10:00:00,256.120839454936
09-23 11:00:00,228.62405230861467
09-23 12:00:00,175.22926393387596
09-23 13:00:00,129.14821931675283
09-23 14:00:00,95.4430431359658
09-23 15:00:00,74.67464985428536
09-23 16:00:00,97.33710283709176
09-23 17:00:00,134.20297949844067
09-23 18:00:00,166.3531111663119
09-23 19:00:00,187.61032094409595
09-23 20:00:00,244.09079595712575
09-23 21:00:00,270.7289705462172
09-23 22:00:00,293.9827711476022
09-23 23:00:00,307.04066371257096
09-24 00:00:00,330.20196011190615
09-24 01:00:00,354.84899873529946
09-24 02:00:00,360.3664486717606
09-24 03:00:00,367.49484264495817
09-24 04:00:00,369.6780858673749
09-24 05:00:00,377.90778683520125
09-24 06:00:00,367.0805652931048
09-24 07:00:00,358.37277122607526
09-24 08:00:00,278.3940471191253
09-24 09:00:00,177.6103127840847
09-24 10:00:00,95.37478791256441
09-24 11:00:00,34.18479867560185
09-24 12:00:00,2.420779672200813
09-24 13:00:00,1.819329476819354
09-24 14:00:00,1.8522178509283556
09-24 15:00:00,3.3041294758075104
09-24 16:00:00,20.862589419003704
09-24 17:00:00,53.47919401183356
09-24 18:00:00,85.99238702005299
09-24 19:00:00,134.5475032328877
09-24 20:00:00,203.86844956928422
09-24 21:00:00,221.7207485164273
09-24 22:00:00,240.80425747074156
09-24 23:00:00,275.54555051572106
09-25 00:00:00,275.538609363293
09-25 01:00:00,276.24430739207503
09-25 02:00:00,304.5989675909539
09-25 03:00:00,324.475896897551
09-25 04:00:00,327.14246135285765
09-25 05:00:00,329.97999977531896
09-25 06:00:00,339.86862623231485
09-25 07:00:00,293.4228848595423
09-25 08:00:00,210.71891580238625
09-25 09:00:00,130.2322887936299
09-25 10:00:00,63.80418322118989
09-25 11:00:00,32.86161402156215
09-25 12:00:00,1.2140486751006807
09-25 13:00:00,0.90997730711831
09-25 14:00:00,1.0912489680904982
09-25 15:00:00,1.9799021191044082
09-25 16:00:00,2.3905412055288866
09-25 17:00:00,20.462377886152478
09-25 18:00:00,46.67863229009872
09-25 19:00:00,54.3849567566779
09-25 20:00:00,65.07521182920682
09-25 21:00:00,75.36562270221975
09-25 22:00:00,96.73960293456435
09-25 23:00:00,106.2818595521106
09-26 00:00:00,99.57262834376567
09-26 01:00:00,108.12927196224928
09-26 02:00:00,130.47105883210105
09-26 03:00:00,163.44783713237047
09-26 04:00:00,196.02603899968625
09-26 05:00:00,208.41261396399793
09-26 06:00:00,208.94573212357608
09-26 07:00:00,168.72442514995566
09-26 08:00:00,105.34264844064582
09-26 09:00:00,82.98958737524786
09-26 10:00:00,70.5759413873066
09-26 11:00:00,50.92674931676371
09-26 12:00:00,72.50675853546717
09-26 13:00:00,61.10398244585258
09-26 14:00:00,24.09346098164689
09-26 15:00:00,28.675842710715184
09-26 16:00:00,64.85751665401774
09-26 17:00:00,91.43361022522669
09-26 18:00:00,102.95197180794533
09-26 19:00:00,134.12754132964326
09-26 20:00:00,177.0717262361137
09-26 21:00:00,241.55588080664586
09-26 22:00:00,234.6246603987775
09-26 23:00:00,273.6818843502805
09-27 00:00:00,289.11266295807724
09-27 01:00:00,284.9629696097849
09-27 02:00:00,274.05149014556326
09-27 03:00:00,267.8879388217715
09-27 04:00:00,268.1840731300013
09-27 05:00:00,287.09610479508234
09-27 06:00:00,296.2791238537244
09-27 07:00:00,269.5981390896474
09-27 08:00:00,198.98502808245465
09-27 09:00:00,119.26297300891618
09-27 10:00:00,67.96492782086139
09-27 11:00:00,28.54725322206002
09-27 12:00:00,7.772032682284937
09-27 13:00:00,3.7824158921160493
09-27 14:00:00,11.437470563588114
09-27 15:00:00,12.86562126651323
09-27 16:00:00,15.811789819381325
09-27 17:00:00,44.30126290181046
09-27 18:00:00,67.76556923177114
09-27 19:00:00,117.17457928645705
09-27 20:00:00,153.87227460745413
09-27 21:00:00,157.1763291347982
09-27 22:00:00,179.15701250845723
09-27 23:00:00,179.0349242571515
09-28 00:00:00,198.646799903066
09-28 01:00:00,185.77161267170553
09-28 02:00:00,191.63816251339523
09-28 03:00:00,254.8652096601405
09-28 04:00:00,274.4154656681244
09-28 05:00:00,284.5824617848751
09-28 06:00:00,294.1616829026045
09-28 07:00:00,299.7900915835485
09-28 08:00:00,284.3787636152312
09-28 09:00:00,266.6745991458158
09-28 10:00:00,243.24936948386727
09-28 11:00:00,226.1572843550559
09-28 12:00:00,205.269327573517
09-28 13:00:00,187.5027258308641
09-28 14:00:00,172.08496149937812
09-28 15:00:00,171.1438108067367
09-28 16:00:00,182.60905539101424
09-28 17:00:00,205.96979468278172
09-28 18:00:00,214.8778404219221
09-28 19:00:00,219.12552354874308
09-28 20:00:00,226.74574415276896
09-28 21:00:00,234.77942738693014
09-28 22:00:00,257.03050701947484
09-28 23:00:00,272.66628091358905
09-29 00:00:00,250.64628153339527
09-29 01:00:00,250.25214664121498
09-29 02:00:00,263.6745749854911
09-29 03:00:00,271.1980129323873
09-29 04:00:00,290.9280600527757
09-29 05:00:00,290.93371751935143
09-29 06:00:00,299.0091749826332
09-29 07:00:00,304.5248542063979
09-29 08:00:00,289.5016740792505
09-29 09:00:00,243.4881889717788
09-29 10:00:00,173.99668715498183
09-29 11:00:00,142.30635408732522
09-29 12:00:00,122.20913756611962
09-29 13:00:00,129.30335263696273
09-29 14:00:00,88.4697141581512
09-29 15:00:00,104.48837410077554
09-29 16:00:00,173.9580122202373
09-29 17:00:00,221.02941363188802
09-29 18:00:00,268.466934558364
09-29 19:00:00,342.15315781467837
09-29 20:00:00,367.272814089933
09-29 21:00:00,393.25741864650126
09-29 22:00:00,396.6917181223787
09-29 23:00:00,419.44275517829266
09-30 00:00:00,435.1694511802753
09-30 01:00:00,466.1257585369774
09-30 02:00:00,464.57731047232585
09-30 03:00:00,466.26774811384405
09-30 04:00:00,456.43950107004787
09-30 05:00:00,474.7186424071141
09-30 06:00:00,484.88002784809123
09-30 07:00:00,482.94908059867373
09-30 08:00:00,413.0660212849586
09-30 09:00:00,346.23825114059207
09-30 10:00:00,283.1500575004294
09-30 11:00:00,252.8962357551796
09-30 12:00:00,212.6577663633522
09-30 13:00:00,188.04894905599735
09-30 14:00:00,179.57857715519515
09-30 15:00:00,190.89514151154518
09-30 16:00:00,261.508246046863
09-30 17:00:00,296.20867502306476
09-30 18:00:00,334.04244403044794
09-30 19:00:00,381.65480335988565
09-30 20:00:00,397.09818247451835
09-30 21:00:00,434.9995924513279
09-30 22:00:00,477.8229611986889
09-30 23:00:00,479.64509555908086
10-01 00:00:00,478.5228905934815
10-01 01:00:00,506.4734114920273
10-01 02:00:00,529.3024440929373
10-01 03:00:00,530.9499814177975
10-01 04:00:00,559.2569818965585
10-01 05:00:00,570.7959252129573
10-01 06:00:00,565.7594514834352
10-01 07:00:00,502.6698749072297
10-01 08:00:00,388.6411350376132
10-01 09:00:00,317.0564410980907
10-01 10:00:00,240.4140547559724
10-01 11:00:00,181.74353633075327
10-01 12:00:00,124.27379808763746
10-01 13:00:00,82.53559929176772
10-01 14:00:00,65.68593991274332
10-01 15:00:00,80.6604269711858
10-01 16:00:00,122.74348714975203
10-01 17:00:00,154.8136964201163
10-01 18:00:00,194.30800667817363
10-01 19:00:00,271.8535691175917
10-01 20:00:00,277.8230229238174
10-01 21:00:00,283.8296213093517
10-01 22:00:00,296.8582045616868
10-01 23:00:00,296.2572323470393
10-02 00:00:00,301.5856758863667
10-02 01:00:00,304.0764134805839
10-02 02:00:00,299.32965419277065
10-02 03:00:00,287.57046355559237
10-02 04:00:00,291.9746720998032
10-02 05:00:00,318.28745103538796
10-02 06:00:00,325.28773126465285
10-02 07:00:00,286.57750719959677
10-02 08:00:00,244.9363023334927
10-02 09:00:00,185.9166494557243
10-02 10:00:00,105.95041413809757
10-02 11:00:00,30.434720427367445
10-02 12:00:00,2.631184691402386
10-02 13:00:00,2.603022532958283
10-02 14:00:00,3.4898291067238665
10-02 15:00:00,2.962136771477863
10-02 16:00:00,41.09558203397803
10-02 17:00:00,71.690568975269
10-02 18:00:00,132.4314568803108
10-02 19:00:00,184.26535712512427
10-02 20:00:00,181.3430864174996
10-02 21:00:00,177.04668828821687
10-02 22:00:00,156.33245256916064
10-02 23:00:00,162.9274527286333
10-03 00:00:00,159.29158128092627
10-03 01:00:00,151.98941760680304
10-03 02:00:00,228.80178795972532
10-03 03:00:00,228.80178795972532
10-03 04:00:00,238.7824495995702
10-03 05:00:00,225.08099480168093
10-03 06:00:00,238.89400260191155
10-03 07:00:00,214.68456026056282
10-03 08:00:00,156.24426918093488
10-03 09:00:00,110.60040506958684
10-03 10:00:00,43.22712760413911
10-03 11:00:00,23.961579971772906
10-03 12:00:00,2.4975050883377863
10-03 13:00:00,2.709555752028278
10-03 14:00:00,2.709555752028278
10-03 15:00:00,2.7452941852826553
10-03 16:00:00,8.786955627778035
10-03 17:00:00,43.04997310545628
10-03 18:00:00,104.08944304923624
10-03 19:00:00,149.38974656686102
10-03 20:00:00,164.26846523100218
10-03 21:00:00,194.23276240847562
10-03 22:00:00,284.20981013658815
10-03 23:00:00,333.89097121255855
10-04 00:00:00,354.27427389657316
10-04 01:00:00,357.20569703541275
10-04 02:00:00,354.5517836089854
10-04 03:00:00,366.38842053330325
10-04 04:00:00,374.57008917675444
10-04 05:00:00,415.7681641731033
10-04 06:00:00,426.1465782461918
10-04 07:00:00,427.49341503585424
10-04 08:00:00,410.3692712474449
10-04 09:00:00,399.682427119456
10-04 10:00:00,388.8015320347077
10-04 11:00:00,372.9907191235655
10-04 12:00:00,350.85528651796596
10-04 13:00:00,305.5461705220045
10-04 14:00:00,292.40411875200874
10-04 15:00:00,283.07537887261566
10-04 16:00:00,307.66904695390446
10-04 17:00:00,318.04544166414024
10-04 18:00:00,331.62302324809633
10-04 19:00:00,323.78693663251755
10-04 20:00:00,331.84501777131896
10-04 21:00:00,331.6828986170827
10-04 22:00:00,348.4520407458472
10-04 23:00:00,358.89569656731743
10-05 00:00:00,363.53294269558086
10-05 01:00:00,364.2737388012701
10-05 02:00:00,367.70333541471956
10-05 03:00:00,374.8275179296933
10-05 04:00:00,384.2670466967985
10-05 05:00:00,391.2692326095149
10-05 06:00:00,393.65547144700923
10-05 07:00:00,380.61442004247715
10-05 08:00:00,362.56622685438185
10-05 09:00:00,337.58528913439415
10-05 10:00:00,322.72714928895834
10-05 11:00:00,307.17413254802165
10-05 12:00:00,303.92680033224286
10-05 13:00:00,304.78019598044955
10-05 14:00:00,313.58018527073807
10-05 15:00:00,297.99820327554903
10-05 16:00:00,304.28622411354
10-05 17:00:00,319.38807670803106
10-05 18:00:00,338.3661682552599
10-05 19:00:00,336.8800475603986
10-05 20:00:00,340.71545688594557
10-05 21:00:00,350.1159638281075
10-05 22:00:00,408.7017613420746
10-05 23:00:00,397.9853444748689
10-06 00:00:00,395.4103433894974
10-06 01:00:00,406.0095195665825
10-06 02:00:00,423.57584660885453
10-06 03:00:00,450.87629740666904
10-06 04:00:00,451.59479044468264
10-06 05:00:00,448.6657531914752
10-06 06:00:00,466.3714343494241
10-06 07:00:00,480.62234558519003
10-06 08:00:00,511.09844575365986
10-06 09:00:00,475.85675028645846
10-06 10:00:00,426.1000850806228
10-06 11:00:00,359.4446867369208
10-06 12:00:00,433.58464880840927
10-06 13:00:00,393.08262291684747
10-06 14:00:00,471.10142128671544
10-06 15:00:00,447.33051116705104
10-06 16:00:00,476.16445293705806
10-06 17:00:00,481.7264814639635
10-06 18:00:00,488.9367490243537
10-06 19:00:00,489.3661240384562
10-06 20:00:00,502.6202448669087
10-06 21:00:00,507.1462093705219
10-06 22:00:00,514.0994226627139
10-06 23:00:00,527.9305124921441
10-07 00:00:00,554.5055546420033
10-07 01:00:00,545.4278743651713
10-07 02:00:00,543.7549700666577
10-07 03:00:00,535.5562409546034
10-07 04:00:00,540.4673459657093
10-07 05:00:00,540.0779645221186
10-07 06:00:00,549.1832695837
10-07 07:00:00,535.2239492122841
10-07 08:00:00,480.1582128841421
10-07 09:00:00,459.5835534166999
10-07 10:00:00,423.36980171754146
10-07 11:00:00,393.28325841596245
10-07 12:00:00,376.80401807524214
10-07 13:00:00,358.88236228915224
10-07 14:00:00,332.1643649805619
10-07 15:00:00,355.1767849142489
10-07 16:00:00,379.92715106179065
10-07 17:00:00,383.31221054894485
10-07 18:00:00,390.3056973025001
10-07 19:00:00,397.53498634065073
10-07 20:00:00,424.6167603729719
10-07 21:00:00,482.3185110470205
10-07 22:00:00,498.2355419049077
10-07 23:00:00,518.6755990881727
10-08 00:00:00,543.3583036143962
10-08 01:00:00,564.183753220304
10-08 02:00:00,566.599062051772
10-08 03:00:00,583.1059861180926
10-08 04:00:00,601.6707756275473
10-08 05:00:00,586.312634435827
10-08 06:00:00,580.1797449203066
10-08 07:00:00,563.0193891958863
10-08 08:00:00,491.06111800706674
10-08 09:00:00,433.9910093789431
10-08 10:00:00,379.64505611713355
10-08 11:00:00,331.4576593652748
10-08 12:00:00,294.1493152463513
10-08 13:00:00,257.26699375105073
10-08 14:00:00,235.9880113684128
10-08 15:00:00,265.17771823807925
10-08 16:00:00,277.164324800524
10-08 17:00:00,286.28517517157684
10-08 18:00:00,279.8728918380632
10-08 19:00:00,301.8513142771723
10-08 20:00:00,351.47262693281016
10-08 21:00:00,380.79827980850035
10-08 22:00:00,392.6271915493483
10-08 23:00:00,417.47583581150246
10-09 00:00:00,462.2427455147542
10-09 01:00:00,503.316688870111
10-09 02:00:00,509.19478733774423
10-09 03:00:00,500.70104299747754
10-09 04:00:00,492.02586183738555
10-09 05:00:00,489.6041509249367
10-09 06:00:00,482.49657475272807
10-09 07:00:00,472.5124663832264
10-09 08:00:00,452.37010539450614
10-09 09:00:00,446.06014207156346
10-09 10:00:00,435.1329736486068
10-09 11:00:00,416.5754356668975
10-09 12:00:00,405.6349125591209
10-09 13:00:00,384.79948847741895
10-09 14:00:00,369.16162927264713
10-09 15:00:00,345.83860694847033
10-09 16:00:00,361.2008168929928
10-09 17:00:00,381.94966993122426
10-09 18:00:00,421.87789218262793
10-09 19:00:00,443.96064729237213
10-09 20:00:00,464.8672541037204
10-09 21:00:00,507.88491599718367
10-09 22:00:00,554.0235066546634
10-09 23:00:00,605.2616476790606
10-10 00:00:00,628.2688336262873
10-10 01:00:00,648.4373115176763
10-10 02:00:00,653.1237611718379
10-10 03:00:00,638.441435690658
10-10 04:00:00,625.3185128509585
10-10 05:00:00,618.4204976372173
10-10 06:00:00,619.2723128856987
10-10 07:00:00,622.4908470399726
10-10 08:00:00,596.1194402479376
10-10 09:00:00,569.0718134068754
10-10 10:00:00,533.1806481550398
10-10 11:00:00,502.95947862562554
10-10 12:00:00,481.8635089463856
10-10 13:00:00,457.61371034458034
10-10 14:00:00,424.9922185979048
10-10 15:00:00,425.51788650809925
10-10 16:00:00,495.1165789192293
10-10 17:00:00,539.6865132312723
10-10 18:00:00,569.795963682063
10-10 19:00:00,613.7594216696859
10-10 20:00:00,684.4662997079927
10-10 21:00:00,692.958327312093
10-10 22:00:00,745.7384500762878
10-10 23:00:00,765.5446860442947
10-11 00:00:00,798.1760203632837
10-11 01:00:00,820.9713724390426
10-11 02:00:00,831.0120845695545
10-11 03:00:00,843.3976181505175
10-11 04:00:00,850.4205962744265
10-11 05:00:00,866.7909618984872
10-11 06:00:00,900.8663638688436
10-11 07:00:00,854.5267918937832
10-11 08:00:00,737.3948018347775
10-11 09:00:00,626.5605320930724
10-11 10:00:00,567.2493601787801
10-11 11:00:00,480.3169381376573
10-11 12:00:00,443.30285831273545
10-11 13:00:00,399.13877709393887
10-11 14:00:00,376.6906246851453
10-11 15:00:00,392.92386521097404
10-11 16:00:00,440.19946114484685
10-11 17:00:00,482.2452700689057
10-11 18:00:00,491.09380179480286
10-11 19:00:00,548.4513454700259
10-11 20:00:00,552.5817896870243
10-11 21:00:00,576.5888061459102
10-11 22:00:00,579.5944513185079
10-11 23:00:00,639.5955099401788
10-12 00:00:00,678.953993230564
10-12 01:00:00,693.8459533119114
10-12 02:00:00,719.4370598285358
10-12 03:00:00,738.6276744838617
10-12 04:00:00,723.7622619145991
10-12 05:00:00,730.7362321659286
10-12 06:00:00,724.841636412607
10-12 07:00:00,687.2100752279639
10-12 08:00:00,636.7861720442351
10-12 09:00:00,619.8442219843365
10-12 10:00:00,567.2617246096231
10-12 11:00:00,516.4111765388417
10-12 12:00:00,486.83799932914724
10-12 13:00:00,461.50431584927645
10-12 14:00:00,450.82347768558486
10-12 15:00:00,440.8573600669769
10-12 16:00:00,464.48909062676694
10-12 17:00:00,495.19965129748323
10-12 18:00:00,514.9095491781995
10-12 19:00:00,534.7260697563581
10-12 20:00:00,534.9223142718077
10-12 21:00:00,543.9863987193611
10-12 22:00:00,554.246902081548
10-12 23:00:00,562.8956506387116
10-13 00:00:00,570.5724388700451
10-13 01:00:00,569.7887211128337
10-13 02:00:00,579.9483426751174
10-13 03:00:00,589.1376060192846
10-13 04:00:00,591.4726623956547
10-13 05:00:00,600.679967702445
10-13 06:00:00,597.2793463108203
10-13 07:00:00,608.4776813438557
10-13 08:00:00,592.4446685469452
10-13 09:00:00,551.7436698811451
10-13 10:00:00,508.9708522933604
10-13 11:00:00,490.3616030150394
10-13 12:00:00,431.76173218717804
10-13 13:00:00,397.46382227963045
10-13 14:00:00,406.95384311634336
10-13 15:00:00,438.76165091400145
10-13 16:00:00,484.58639099394776
10-13 17:00:00,530.0211945924044
10-13 18:00:00,592.3632433193852
10-13 19:00:00,615.3463912654097
10-13 20:00:00,701.3705788086554
10-13 21:00:00,707.1305774047412
10-13 22:00:00,761.1949463961581
10-13 23:00:00,782.4668197927538
10-14 00:00:00,791.4906030911794
10-14 01:00:00,846.3234026036231
10-14 02:00:00,862.3992273377881
10-14 03:00:00,866.3234081690092
10-14 04:00:00,869.4758105883091
10-14 05:00:00,886.3191450797626
10-14 06:00:00,897.4249182265046
10-14 07:00:00,860.9664779751207
10-14 08:00:00,754.8523989283975
10-14 09:00:00,650.5801865081878
10-14 10:00:00,537.9483569048797
10-14 11:00:00,454.0491976218655
10-14 12:00:00,388.8870881077039
10-14 13:00:00,356.6564193307472
10-14 14:00:00,340.5310343665305
10-14 15:00:00,394.67684483126357
10-14 16:00:00,441.22573079489206
10-14 17:00:00,473.2998131618583
10-14 18:00:00,531.2038370660457
10-14 19:00:00,593.1785920328608
10-14 20:00:00,646.2955630580145
10-14 21:00:00,672.1810647426722
10-14 22:00:00,678.375255407962
10-14 23:00:00,707.4536284344932
10-15 00:00:00,726.9937312091952
10-15 01:00:00,720.6826676784716
10-15 02:00:00,761.4653088590456
10-15 03:00:00,792.69410201999
10-15 04:00:00,769.3635355500529
10-15 05:00:00,834.4331567266287
10-15 06:00:00,815.9413068899336
10-15 07:00:00,789.5390465090552
10-15 08:00:00,655.0557199714882
10-15 09:00:00,563.0111610096552
10-15 10:00:00,450.59183962801643
10-15 11:00:00,356.94867567383704
10-15 12:00:00,290.82631941470976
10-15 13:00:00,263.5854026058971
10-15 14:00:00,262.71319690438844
10-15 15:00:00,281.0115314622972
10-15 16:00:00,339.0475786843574
10-15 17:00:00,376.4251659174443
10-15 18:00:00,381.85070523986934
10-15 19:00:00,464.4956474226325
10-15 20:00:00,482.6658038883826
10-15 21:00:00,493.90098149077426
10-15 22:00:00,540.9210329862185
10-15 23:00:00,576.0100911092213
10-16 00:00:00,603.6419196705659
10-16 01:00:00,628.7059553246033
10-16 02:00:00,661.1074229495367
10-16 03:00:00,682.1503459235553
10-16 04:00:00,693.4612561884829
10-16 05:00:00,703.67512382632
10-16 06:00:00,731.8195088981912
10-16 07:00:00,698.0763673706638
10-16 08:00:00,603.6743543020715
10-16 09:00:00,560.1194136036128
10-16 10:00:00,476.5024483164622
10-16 11:00:00,404.59514386397205
10-16 12:00:00,375.48904901908764
10-16 13:00:00,346.77672381796737
10-16 14:00:00,324.06744573811324
10-16 15:00:00,345.30100665564294
10-16 16:00:00,412.9161966588453
10-16 17:00:00,434.05765444818593
10-16 18:00:00,452.79286573647346
10-16 19:00:00,484.59629117877216
10-16 20:00:00,533.1295422462223
10-16 21:00:00,576.6194764173946
10-16 22:00:00,606.5307998074054
10-16 23:00:00,602.3251443754257
10-17 00:00:00,615.2618594937851
10-17 01:00:00,640.4664818890507
10-17 02:00:00,664.8485417965248
10-17 03:00:00,682.4664812265275
10-17 04:00:00,688.2884812365792
10-17 05:00:00,708.0779869441474
10-17 06:00:00,746.650496411358
10-17 07:00:00,731.0393497464
10-17 08:00:00,657.2299128169475
10-17 09:00:00,554.968787134525
10-17 10:00:00,483.89020934384837
10-17 11:00:00,391.8609987044763
10-17 12:00:00,330.3005073318252
10-17 13:00:00,295.1111754443512
10-17 14:00:00,288.7183118689242
10-17 15:00:00,306.2717454425464
10-17 16:00:00,345.8514003696249
10-17 17:00:00,391.9019663621441
10-17 18:00:00,441.24366482636947
10-17 19:00:00,496.10583741057883
10-17 20:00:00,524.8239836413428
10-17 21:00:00,552.0887153863097
10-17 22:00:00,584.877814939231
10-17 23:00:00,597.7926139297992
10-18 00:00:00,608.7272183204758
10-18 01:00:00,609.3187485050214
10-18 02:00:00,616.2225133447297
10-18 03:00:00,626.6839708525215
10-18 04:00:00,627.1203047463758
10-18 05:00:00,642.5758672531115
10-18 06:00:00,657.8021874664958
10-18 07:00:00,650.8458482818249
10-18 08:00:00,546.780553928604
10-18 09:00:00,436.477249884083
10-18 10:00:00,359.93711435086766
10-18 11:00:00,277.27654482355547
10-18 12:00:00,226.60959960350166
10-18 13:00:00,207.44063056025848
10-18 14:00:00,207.222525608737
10-18 15:00:00,221.25619305322277
10-18 16:00:00,273.0859124897884
10-18 17:00:00,322.82462393220817
10-18 18:00:00,408.9071336228109
10-18 19:00:00,439.5823538749134
10-18 20:00:00,468.94474590241015
10-18 21:00:00,469.75538030583033
10-18 22:00:00,504.4934357555301
10-18 23:00:00,518.8354189041604
10-19 00:00:00,555.5077771172867
10-19 01:00:00,561.6936003001899
10-19 02:00:00,557.7596363225006
10-19 03:00:00,543.5048229073993
10-19 04:00:00,526.1019386032827
10-19 05:00:00,514.0986894876361
10-19 06:00:00,506.32935869567746
10-19 07:00:00,496.92981372778013
10-19 08:00:00,463.92743058287846
10-19 09:00:00,411.4972819577061
10-19 10:00:00,330.26988156975943
10-19 11:00:00,280.45312163220774
10-19 12:00:00,232.24294427684768
10-19 13:00:00,189.09128155988992
10-19 14:00:00,184.70754593693906
10-19 15:00:00,188.28173551947881
10-19 16:00:00,210.6557099902266
10-19 17:00:00,256.94838385980034
10-19 18:00:00,295.17706245422016
10-19 19:00:00,316.9416859856208
10-19 20:00:00,313.4156928028016
10-19 21:00:00,382.46717052256616
10-19 22:00:00,388.92817853728934
10-19 23:00:00,409.20474679578865
10-20 00:00:00,421.86374674751147
10-20 01:00:00,450.90168086410665
10-20 02:00:00,460.3411690230105
10-20 03:00:00,485.9308065898122
10-20 04:00:00,512.651711820263
10-20 05:00:00,511.32837433244254
10-20 06:00:00,513.0835108178553
10-20 07:00:00,461.74121024549413
10-20 08:00:00,413.19732964575013
10-20 09:00:00,305.0772826578743
10-20 10:00:00,205.3653864215517
10-20 11:00:00,145.13362489784402
10-20 12:00:00,128.18862241989575
10-20 13:00:00,106.29364128570603
10-20 14:00:00,122.92591288281173
10-20 15:00:00,149.82334281810188
10-20 16:00:00,172.10206822879167
10-20 17:00:00,224.75026385373272
10-20 18:00:00,296.08132175448475
10-20 19:00:00,306.2835416974655
10-20 20:00:00,330.6999547759784
10-20 21:00:00,336.01140221776996
10-20 22:00:00,322.7401965727211
10-20 23:00:00,322.41957286879966
10-21 00:00:00,297.8866580659952
10-21 01:00:00,244.3203724157342
10-21 02:00:00,271.2257407140056
10-21 03:00:00,240.8269435602918
10-21 04:00:00,273.61289016036386
10-21 05:00:00,319.55134957340476
10-21 06:00:00,342.42048743705044
10-21 07:00:00,367.38970502052473
10-21 08:00:00,343.5050125899178
10-21 09:00:00,363.30570693847545
10-21 10:00:00,339.58421501394224
10-21 11:00:00,303.2040571981032
10-21 12:00:00,263.6667483641748
10-21 13:00:00,257.06434683789655
10-21 14:00:00,228.2139221448775
10-21 15:00:00,239.9989609862678
10-21 16:00:00,325.4244199640374
10-21 17:00:00,370.38429957802873
10-21 18:00:00,412.29527570072776
10-21 19:00:00,430.02008090059155
10-21 20:00:00,452.02786718325996
10-21 21:00:00,454.65233063467025
10-21 22:00:00,474.8054391623529
10-21 23:00:00,496.05526270915334
10-22 00:00:00,436.81670484668297
10-22 01:00:00,488.00316793561103
10-22 02:00:00,517.8192273091282
10-22 03:00:00,515.260089808246
10-22 04:00:00,502.25024295506535
10-22 05:00:00,522.3624865402794
10-22 06:00:00,517.2719585439429
10-22 07:00:00,495.37093640682264
10-22 08:00:00,481.56781720172745
10-22 09:00:00,479.1389808132804
10-22 10:00:00,541.3026134774921
10-22 11:00:00,565.8824810406554
10-22 12:00:00,569.8959857485191
10-22 13:00:00,576.0660626425517
10-22 14:00:00,556.2727249280847
10-22 15:00:00,549.4702809564678
10-22 16:00:00,558.7897760509651
10-22 17:00:00,574.2028437546895
10-22 18:00:00,627.34857421729
10-22 19:00:00,639.130179838669
10-22 20:00:00,624.5396674387117
10-22 21:00:00,619.782313238413
10-22 22:00:00,624.5355308602277
10-22 23:00:00,660.3714482519388
10-23 00:00:00,665.7245265004244
10-23 01:00:00,666.0612387160427
10-23 02:00:00,709.6922686726665
10-23 03:00:00,709.2689453652624
10-23 04:00:00,781.5923637448601
10-23 05:00:00,812.688230015906
10-23 06:00:00,791.5519229989957
10-23 07:00:00,789.6490975030372
10-23 08:00:00,716.0921946386338
10-23 09:00:00,633.2296278657127
10-23 10:00:00,541.3629165219347
10-23 11:00:00,464.69903998700784
10-23 12:00:00,420.0607165830185
10-23 13:00:00,387.5095840988224
10-23 14:00:00,395.6764502917715
10-23 15:00:00,445.01341422857394
10-23 16:00:00,487.6152214312837
10-23 17:00:00,533.2042168681353
10-23 18:00:00,579.5169547438343
10-23 19:00:00,606.1341983439254
10-23 20:00:00,664.8177545271251
10-23 21:00:00,705.2680524860141
10-23 22:00:00,739.3732073848633
10-23 23:00:00,765.5937428912646
10-24 00:00:00,783.1402356939174
10-24 01:00:00,812.7999462656115
10-24 02:00:00,826.1703904502085
10-24 03:00:00,825.611768283312
10-24 04:00:00,845.5826256594505
10-24 05:00:00,872.8357907554218
10-24 06:00:00,880.7296412185262
10-24 07:00:00,864.4805652122445
10-24 08:00:00,795.5419192103931
10-24 09:00:00,649.636130194296
10-24 10:00:00,552.0937702433836
10-24 11:00:00,495.0575344110697
10-24 12:00:00,411.33717166022075
10-24 13:00:00,360.0769339271298
10-24 14:00:00,352.69507586877984
10-24 15:00:00,398.03800880263043
10-24 16:00:00,450.6437291002113
10-24 17:00:00,482.92068532564383
10-24 18:00:00,527.5947990484358
10-24 19:00:00,586.632780210452
10-24 20:00:00,610.388607702645
10-24 21:00:00,652.8273150427095
10-24 22:00:00,645.7690631116712
10-24 23:00:00,642.2235434983753
10-25 00:00:00,647.402302596238
10-25 01:00:00,641.813030651617
10-25 02:00:00,651.9162804639523
10-25 03:00:00,665.3383744070915
10-25 04:00:00,666.9656904244981
10-25 05:00:00,678.2140559077578
10-25 06:00:00,705.9852281052907
10-25 07:00:00,704.6808157415618
10-25 08:00:00,651.515320497485
10-25 09:00:00,555.0378868047287
10-25 10:00:00,481.68776757990054
10-25 11:00:00,440.39487679282485
10-25 12:00:00,398.6315111004431
10-25 13:00:00,339.4432944730638
10-25 14:00:00,305.84991653758846
10-25 15:00:00,311.45420595533494
10-25 16:00:00,345.2481271403412
10-25 17:00:00,406.4184936254967
10-25 18:00:00,491.31348190826463
10-25 19:00:00,533.0224110490794
10-25 20:00:00,551.6326076423986
10-25 21:00:00,585.4205546157284
10-25 22:00:00,599.8648552907999
10-25 23:00:00,624.0238806646254
10-26 00:00:00,641.1209299451491
10-26 01:00:00,638.7612874909751
10-26 02:00:00,628.7240071773997
10-26 03:00:00,592.1423917283211
10-26 04:00:00,579.6651976753374
10-26 05:00:00,599.2134573489241
10-26 06:00:00,601.2981342810745
10-26 07:00:00,616.2653251689435
10-26 08:00:00,604.0224235897854
10-26 09:00:00,566.7274431703345
10-26 10:00:00,488.7422993562127
10-26 11:00:00,439.41990865856843
10-26 12:00:00,397.6952481984947
10-26 13:00:00,358.6976028585543
10-26 14:00:00,314.36068773142614
10-26 15:00:00,326.19458235738733
10-26 16:00:00,358.52383944852994
10-26 17:00:00,393.00423744442566
10-26 18:00:00,415.9866556361321
10-26 19:00:00,455.63590244678136
10-26 20:00:00,514.6442711339224
10-26 21:00:00,526.8845278081753
10-26 22:00:00,577.3002852353713
10-26 23:00:00,591.6867307034711
10-27 00:00:00,615.3847736787893
10-27 01:00:00,630.536988607849
10-27 02:00:00,628.2602524435134
10-27 03:00:00,664.7706640569836
10-27 04:00:00,664.09454807269
10-27 05:00:00,672.0592424545971
10-27 06:00:00,718.119728444192
10-27 07:00:00,694.3160255723292
10-27 08:00:00,658.0770171226031
10-27 09:00:00,592.1095462159286
10-27 10:00:00,497.8144234802488
10-27 11:00:00,434.8724099995712
10-27 12:00:00,409.73593640475053
10-27 13:00:00,408.3586272934595
10-27 14:00:00,397.05154313470933
10-27 15:00:00,439.2239154537822
10-27 16:00:00,488.2228596380516
10-27 17:00:00,502.87308910949946
10-27 18:00:00,533.2503978611775
10-27 19:00:00,577.4592961592048
10-27 20:00:00,613.3590581461829
10-27 21:00:00,650.0244323526144
10-27 22:00:00,674.2628074613336
10-27 23:00:00,685.5003788560424
10-28 00:00:00,682.9799499531794
10-28 01:00:00,699.3763574339181
10-28 02:00:00,742.8804389259824
10-28 03:00:00,777.063059061376
10-28 04:00:00,780.4758597335119
10-28 05:00:00,820.9637675169428
10-28 06:00:00,846.2270335056888
10-28 07:00:00,830.3692089819366
10-28 08:00:00,747.6824271404204
10-28 09:00:00,671.0739039819898
10-28 10:00:00,609.5410890384925
10-28 11:00:00,513.0511934031423
10-28 12:00:00,412.9689369659373
10-28 13:00:00,359.02659441841405
10-28 14:00:00,337.69050018925793
10-28 15:00:00,365.4784941067663
10-28 16:00:00,394.52427284686553
10-28 17:00:00,462.154618931081
10-28 18:00:00,520.9767629248842
10-28 19:00:00,563.2846186290948
10-28 20:00:00,594.0500534868813
10-28 21:00:00,623.9163190942916
10-28 22:00:00,643.188080725059
10-28 23:00:00,673.9368099519627
10-29 00:00:00,698.6559507420856
10-29 01:00:00,714.9472962757877
10-29 02:00:00,736.0897377027967
10-29 03:00:00,771.90117159504
10-29 04:00:00,732.9390737767387
10-29 05:00:00,772.6626804776027
10-29 06:00:00,793.2463925315697
10-29 07:00:00,780.0881613049343
10-29 08:00:00,720.7268523705014
10-29 09:00:00,605.6005908567448
10-29 10:00:00,566.7553731992448
10-29 11:00:00,548.3277734496472
10-29 12:00:00,529.9895401915386
10-29 13:00:00,507.8090117207006
10-29 14:00:00,478.6826565426175
10-29 15:00:00,441.8196067090242
10-29 16:00:00,474.84439490363906
10-29 17:00:00,528.9251299035082
10-29 18:00:00,537.466187262504
10-29 19:00:00,575.9182858246327
10-29 20:00:00,605.3923484523356
10-29 21:00:00,647.6199949250622
10-29 22:00:00,669.8632186925695
10-29 23:00:00,669.7191049294499
10-30 00:00:00,687.5718004511874
10-30 01:00:00,723.0536992089742
10-30 02:00:00,718.4123326401664
10-30 03:00:00,746.5598982936652
10-30 04:00:00,756.6025532413034
10-30 05:00:00,761.8404608568322
10-30 06:00:00,763.0438375948071
10-30 07:00:00,756.2267251984148
10-30 08:00:00,638.146254241277
10-30 09:00:00,593.3646700028304
10-30 10:00:00,592.623173264019
10-30 11:00:00,578.2988378728459
10-30 12:00:00,557.3794218340648
10-30 13:00:00,516.3134741200236
10-30 14:00:00,455.82938900513875
10-30 15:00:00,401.53637910759386
10-30 16:00:00,433.38325186117873
10-30 17:00:00,455.713770262364
10-30 18:00:00,465.45251863224587
10-30 19:00:00,457.54707015113735
10-30 20:00:00,471.30036716262043
10-30 21:00:00,477.23304608829926
10-30 22:00:00,456.56289843889414
10-30 23:00:00,451.0186089791561
10-31 00:00:00,444.3666330133807
10-31 01:00:00,433.99643122813774
10-31 02:00:00,434.3949820624292
10-31 03:00:00,448.9737785342775
10-31 04:00:00,483.29518148821325
10-31 05:00:00,504.764231568856
10-31 06:00:00,538.8264963395495
10-31 07:00:00,527.7846592509715
10-31 08:00:00,452.7242693592197
10-31 09:00:00,388.09602313807363
10-31 10:00:00,317.50645124738946
10-31 11:00:00,227.81502995052614
10-31 12:00:00,188.62248118745643
10-31 13:00:00,143.28070405337314
10-31 14:00:00,153.71779497208016
10-31 15:00:00,188.82896674666966
10-31 16:00:00,252.69178510715523
10-31 17:00:00,300.06905133906145
10-31 18:00:00,352.0169397914689
10-31 19:00:00,338.36100283209475
10-31 20:00:00,400.287158819992
10-31 21:00:00,397.63019472058636
10-31 22:00:00,401.8807898605746
10-31 23:00:00,424.7100757899819
11-01 00:00:00,411.9920434360541
11-01 01:00:00,412.51065114812576
11-01 02:00:00,435.46314819227604
11-01 03:00:00,410.83220586196813
11-01 04:00:00,390.22641408911096
11-01 05:00:00,372.4058068782338
11-01 06:00:00,398.86956040311503
11-01 07:00:00,464.54524485729246
11-01 08:00:00,497.7770738665032
11-01 09:00:00,510.91813032734996
11-01 10:00:00,511.64209547155986
11-01 11:00:00,518.4565179517566
11-01 12:00:00,515.2253572624526
11-01 13:00:00,512.0118422542758
11-01 14:00:00,506.05273141348965
11-01 15:00:00,525.0715908720701
11-01 16:00:00,536.0931354110131
11-01 17:00:00,535.5977948310891
11-01 18:00:00,575.0122142925511
11-01 19:00:00,572.373624997396
11-01 20:00:00,583.1992099180801
11-01 21:00:00,601.0354916475984
11-01 22:00:00,636.695082033877
11-01 23:00:00,647.3434420714949
11-02 00:00:00,655.0565049662355
11-02 01:00:00,657.1141626454702
11-02 02:00:00,620.1986532828986
11-02 03:00:00,630.5014068654133
11-02 04:00:00,636.9288439468637
11-02 05:00:00,672.6377344914841
11-02 06:00:00,692.0060558401378
11-02 07:00:00,657.0415762712435
11-02 08:00:00,634.4828096734074
11-02 09:00:00,607.9344471159937
11-02 10:00:00,574.5102638551678
11-02 11:00:00,537.3998937719932
11-02 12:00:00,495.70007038066495
11-02 13:00:00,482.75080271101956
11-02 14:00:00,571.6826246967202
11-02 15:00:00,583.4842111214443
11-02 16:00:00,601.0896549548057
11-02 17:00:00,636.4394090216689
11-02 18:00:00,681.8504794083276
11-02 19:00:00,707.6906409855852
11-02 20:00:00,733.0627699872563
11-02 21:00:00,771.9219488840606
11-02 22:00:00,782.1673147006327
11-02 23:00:00,777.9057249570287
11-03 00:00:00,759.3450843317642
11-03 01:00:00,790.8339396928901
11-03 02:00:00,774.0432484360626
11-03 03:00:00,762.090093716892
11-03 04:00:00,782.4447837874571
11-03 05:00:00,789.6478538068008
11-03 06:00:00,813.5036484954994
11-03 07:00:00,812.0326228975515
11-03 08:00:00,766.5715656085272
11-03 09:00:00,712.2921023688997
11-03 10:00:00,699.7384441793167
11-03 11:00:00,646.766813816961
11-03 12:00:00,625.741016310811
11-03 13:00:00,632.0629031419604
11-03 14:00:00,628.7758207168862
11-03 15:00:00,632.2047349024187
11-03 16:00:00,617.9337182601383
11-03 17:00:00,634.5384992801312
11-03 18:00:00,656.0094562936933
11-03 19:00:00,666.8200071366475
11-03 20:00:00,687.3511691253391
11-03 21:00:00,674.1259600407203
11-03 22:00:00,689.8482456732476
11-03 23:00:00,726.3264891977865
11-04 00:00:00,733.3114728281682
11-04 01:00:00,736.9118428510722
11-04 02:00:00,740.3680008040367
11-04 03:00:00,737.2680263982149
11-04 04:00:00,734.7925769917501
11-04 05:00:00,730.7631210578052
11-04 06:00:00,707.3509759770673
11-04 07:00:00,694.8942711370381
11-04 08:00:00,709.664995877418
11-04 09:00:00,719.5497146775908
11-04 10:00:00,722.8762762904528
11-04 11:00:00,674.6075402668785
11-04 12:00:00,612.0780159392951
11-04 13:00:00,585.4073191366878
11-04 14:00:00,678.3569931185164
11-04 15:00:00,670.2330389253821
11-04 16:00:00,685.9550759543332
11-04 17:00:00,713.5714395768949
11-04 18:00:00,743.3264432215958
11-04 19:00:00,739.0115428471578
11-04 20:00:00,770.0728840668049
11-04 21:00:00,775.9732640668218
11-04 22:00:00,789.2244230238589
11-04 23:00:00,794.442772130913
11-05 00:00:00,794.525827162668
11-05 01:00:00,793.3036808640692
11-05 02:00:00,791.9083578472334
11-05 03:00:00,813.3318666356156
11-05 04:00:00,811.7410589001231
11-05 05:00:00,811.0226204972754
11-05 06:00:00,811.8112366173475
11-05 07:00:00,799.8759564959122
11-05 08:00:00,756.0211427026823
11-05 09:00:00,688.2310893271757
11-05 10:00:00,636.1773327115725
11-05 11:00:00,609.3357767435439
11-05 12:00:00,562.1811726642343
11-05 13:00:00,544.9112677261751
11-05 14:00:00,546.124408327229
11-05 15:00:00,572.8076785426041
11-05 16:00:00,631.3414837761669
11-05 17:00:00,688.644723477017
11-05 18:00:00,701.7469924183379
11-05 19:00:00,742.4383570387918
11-05 20:00:00,763.1842045498336
11-05 21:00:00,830.2100338269497
11-05 22:00:00,858.3954806910674
11-05 23:00:00,879.7650151322698
11-06 00:00:00,889.6624750468452
11-06 01:00:00,899.2497060039776
11-06 02:00:00,946.0833444361842
11-06 03:00:00,942.5849642813133
11-06 04:00:00,972.7745640973089
11-06 05:00:00,980.6164559634711
11-06 06:00:00,975.4860064832401
11-06 07:00:00,988.7344327544832
11-06 08:00:00,953.2455340733121
11-06 09:00:00,845.9315998793971
11-06 10:00:00,753.5389736200668
11-06 11:00:00,689.2574685992187
11-06 12:00:00,634.8550838152894
11-06 13:00:00,616.8868075926727
11-06 14:00:00,619.9689285189118
11-06 15:00:00,667.8764087646126
11-06 16:00:00,714.8808010692097
11-06 17:00:00,739.3195871898421
11-06 18:00:00,774.9069969656199
11-06 19:00:00,861.1247749559122
11-06 20:00:00,890.3385961946283
11-06 21:00:00,921.6162414181937
11-06 22:00:00,950.5630954025748
11-06 23:00:00,957.014935506777
11-07 00:00:00,975.8027471352541
11-07 01:00:00,984.6797546844018
11-07 02:00:00,1017.7463787012023
11-07 03:00:00,1062.1819527083599
11-07 04:00:00,1065.2689659356397
11-07 05:00:00,1046.9667728797888
11-07 06:00:00,1053.9449193395685
11-07 07:00:00,1066.6309102105931
11-07 08:00:00,1003.3411118123691
11-07 09:00:00,912.8170357997458
11-07 10:00:00,788.3760263809409
11-07 11:00:00,718.5901990247042
11-07 12:00:00,604.442931968586
11-07 13:00:00,564.5398251708649
11-07 14:00:00,557.8988756947564
11-07 15:00:00,608.4864447402882
11-07 16:00:00,647.8662123810328
11-07 17:00:00,624.8346421645821
11-07 18:00:00,662.7030087638124
11-07 19:00:00,639.0402078094617
11-07 20:00:00,661.9806064684124
11-07 21:00:00,691.7395074791372
11-07 22:00:00,669.7026080581883
11-07 23:00:00,718.3811060471844
11-08 00:00:00,716.4599068202658
11-08 01:00:00,736.2765057448603
11-08 02:00:00,760.9604146769298
11-08 03:00:00,802.5141449769651
11-08 04:00:00,807.7021687528567
11-08 05:00:00,803.7707149406327
11-08 06:00:00,817.6048875531085
11-08 07:00:00,805.6866864802297
11-08 08:00:00,790.780912487551
11-08 09:00:00,751.3091676338147
11-08 10:00:00,695.037059407739
11-08 11:00:00,649.3960204513935
11-08 12:00:00,605.511926131519
11-08 13:00:00,568.2900359175324
11-08 14:00:00,538.658879551361
11-08 15:00:00,545.4818226122524
11-08 16:00:00,575.0149764314762
11-08 17:00:00,592.6286186412348
11-08 18:00:00,599.5455025130946
11-08 19:00:00,615.3258861208551
11-08 20:00:00,686.1972076745608
11-08 21:00:00,735.0865190460303
11-08 22:00:00,757.4174377098913
11-08 23:00:00,783.3760728114428
11-09 00:00:00,823.9754574214433
11-09 01:00:00,867.4912402271585
11-09 02:00:00,890.2051599721524
11-09 03:00:00,880.5312822744479
11-09 04:00:00,884.491088237228
11-09 05:00:00,891.1306875230781
11-09 06:00:00,946.2590839120215
11-09 07:00:00,955.8675207840918
11-09 08:00:00,935.3985476547335
11-09 09:00:00,804.0977698545527
11-09 10:00:00,749.4569435265701
11-09 11:00:00,676.7224769403451
11-09 12:00:00,642.8960591696806
11-09 13:00:00,626.2048566126127
11-09 14:00:00,635.2864330258652
11-09 15:00:00,676.3223440295865
11-09 16:00:00,693.705290288176
11-09 17:00:00,706.5889349860245
11-09 18:00:00,723.175326734842
11-09 19:00:00,780.1287817212905
11-09 20:00:00,805.7058526261977
11-09 21:00:00,775.2030807315429
11-09 22:00:00,807.9571095062856
11-09 23:00:00,805.3564242762372
11-10 00:00:00,836.5985950504914
11-10 01:00:00,843.1172267427811
11-10 02:00:00,848.7808238373434
11-10 03:00:00,852.4763507510614
11-10 04:00:00,878.5047579758221
11-10 05:00:00,859.7871910174065
11-10 06:00:00,851.0791633522302
11-10 07:00:00,843.7944442735411
11-10 08:00:00,811.6627635321897
11-10 09:00:00,759.485912995955
11-10 10:00:00,697.316124968098
11-10 11:00:00,659.6480578863474
11-10 12:00:00,637.0208771340999
11-10 13:00:00,639.9966424534921
11-10 14:00:00,628.1292767308014
11-10 15:00:00,645.8619806537416
11-10 16:00:00,660.6684029100182
11-10 17:00:00,688.7778905183814
11-10 18:00:00,732.874184588899
11-10 19:00:00,742.2996561508032
11-10 20:00:00,760.8335543712078
11-10 21:00:00,778.3124885011582
11-10 22:00:00,795.1500956747607
11-10 23:00:00,803.6517189084851
11-11 00:00:00,779.9268640331366
11-11 01:00:00,805.9380637452272
11-11 02:00:00,803.8960608550333
11-11 03:00:00,799.4328031555119
11-11 04:00:00,807.7092515869625
11-11 05:00:00,811.3618634547336
11-11 06:00:00,814.0395754349684
11-11 07:00:00,821.4102037687499
11-11 08:00:00,798.725513670305
11-11 09:00:00,756.4070463501063
11-11 10:00:00,720.704314471681
11-11 11:00:00,690.784521740889
11-11 12:00:00,662.0052585908214
11-11 13:00:00,644.4804159703092
11-11 14:00:00,606.6076892796336
11-11 15:00:00,613.1889661870372
11-11 16:00:00,635.9608150373306
11-11 17:00:00,683.1622172100098
11-11 18:00:00,727.7783111962649
11-11 19:00:00,730.4898547488317
11-11 20:00:00,728.4713662388268
11-11 21:00:00,752.0091345007003
11-11 22:00:00,778.9526174310859
11-11 23:00:00,779.0685318084667
11-12 00:00:00,783.2356262413526
11-12 01:00:00,783.4761804973502
11-12 02:00:00,785.0256598871695
11-12 03:00:00,793.8944783182255
11-12 04:00:00,811.0366914013864
11-12 05:00:00,826.3584336523516
11-12 06:00:00,829.3435422541281
11-12 07:00:00,806.4416247560885
11-12 08:00:00,796.7878515805527
11-12 09:00:00,764.1045638999572
11-12 10:00:00,728.9384366439128
11-12 11:00:00,715.8667694714611
11-12 12:00:00,712.6577095123279
11-12 13:00:00,692.2694994389129
11-12 14:00:00,692.5645089806176
11-12 15:00:00,702.1207170149257
11-12 16:00:00,728.1773928509479
11-12 17:00:00,758.1074321653422
11-12 18:00:00,770.826208680376
11-12 19:00:00,781.6064418686497
11-12 20:00:00,809.6724883423389
11-12 21:00:00,828.1716009607471
11-12 22:00:00,821.6181370545731
11-12 23:00:00,821.6444184525102
11-13 00:00:00,815.0928973846817
11-13 01:00:00,817.4549517099988
11-13 02:00:00,833.9771786319247
11-13 03:00:00,825.6507772589766
11-13 04:00:00,836.0266346841418
11-13 05:00:00,841.4214099600078
11-13 06:00:00,835.3496550819186
11-13 07:00:00,818.474897751035
11-13 08:00:00,780.558681553467
11-13 09:00:00,712.1512488019085
11-13 10:00:00,698.3677754650864
11-13 11:00:00,687.8521784161385
11-13 12:00:00,678.6073937056448
11-13 13:00:00,659.2906401785922
11-13 14:00:00,655.7848058728044
11-13 15:00:00,653.5987463874133
11-13 16:00:00,641.5492387809892
11-13 17:00:00,631.4547174809583
11-13 18:00:00,627.1096273648568
11-13 19:00:00,627.31544759068
11-13 20:00:00,626.8907635615544
11-13 21:00:00,625.1170086420907
11-13 22:00:00,621.2134266676569
11-13 23:00:00,622.6332492746731
11-14 00:00:00,620.3416157470765
11-14 01:00:00,625.072699197284
11-14 02:00:00,635.5826433347142
11-14 03:00:00,648.2847661941638
11-14 04:00:00,662.909752696839
11-14 05:00:00,662.1433075981599
11-14 06:00:00,667.3772211028179
11-14 07:00:00,662.909752696839
11-14 08:00:00,650.8245898771381
11-14 09:00:00,623.6889610277702
11-14 10:00:00,610.9973152326786
11-14 11:00:00,587.9404523335803
11-14 12:00:00,571.932915974769
11-14 13:00:00,548.8130041071837
11-14 14:00:00,540.8061526331909
11-14 15:00:00,542.699483172692
11-14 16:00:00,575.7222255006915
11-14 17:00:00,605.7450586589194
11-14 18:00:00,649.4555655928043
11-14 19:00:00,652.740086825419
11-14 20:00:00,631.8626577346398
11-14 21:00:00,619.4919746940878
11-14 22:00:00,607.8682311873914
11-14 23:00:00,642.5129048694106
11-15 00:00:00,652.691441611564
11-15 01:00:00,658.0028674703395
11-15 02:00:00,672.2293514488947
11-15 03:00:00,666.85587760568
11-15 04:00:00,658.5024904691106
11-15 05:00:00,677.0541817461932
11-15 06:00:00,695.5835414385663
11-15 07:00:00,704.1795241939142
11-15 08:00:00,688.1468312118388
11-15 09:00:00,652.1440371865291
11-15 10:00:00,622.3988239907668
11-15 11:00:00,601.7704212678298
11-15 12:00:00,587.938501383945
11-15 13:00:00,591.2982258039859
11-15 14:00:00,599.1747702497858
11-15 15:00:00,600.4168789398702
11-15 16:00:00,608.8132103615279
11-15 17:00:00,622.5780881616204
11-15 18:00:00,633.4792467779967
11-15 19:00:00,645.3163117990017
11-15 20:00:00,661.5938919366565
11-15 21:00:00,672.4140615968877
11-15 22:00:00,683.9070980575301
11-15 23:00:00,698.0259241087379
11-16 00:00:00,708.6497192910406
11-16 01:00:00,722.5445969320533
11-16 02:00:00,728.1240749562288
11-16 03:00:00,727.4172801507979
11-16 04:00:00,727.7583622377108
11-16 05:00:00,722.6156693483373
11-16 06:00:00,719.1945730291112
11-16 07:00:00,720.2939851464914
11-16 08:00:00,713.0399512763181
11-16 09:00:00,705.7058607828349
11-16 10:00:00,698.5147267751184
11-16 11:00:00,692.968495355941
11-16 12:00:00,684.1025507567149
11-16 13:00:00,681.212229490468
11-16 14:00:00,681.0894873269431
11-16 15:00:00,686.8501608769225
11-16 16:00:00,701.689449157408
11-16 17:00:00,702.3335815020555
11-16 18:00:00,714.0828056822155
11-16 19:00:00,714.3718294996289
11-16 20:00:00,714.8738931753295
11-16 21:00:00,709.9468835157896
11-16 22:00:00,712.9716540566171
11-16 23:00:00,718.9692882742532
11-17 00:00:00,723.9739700891803
11-17 01:00:00,734.1999062034457
11-17 02:00:00,739.8438988615746
11-17 03:00:00,744.8920526365896
11-17 04:00:00,748.7745880962499
11-17 05:00:00,754.5787512641574
11-17 06:00:00,765.3021118208749
11-17 07:00:00,771.2114129969184
11-17 08:00:00,771.8558869372796
11-17 09:00:00,765.5656489661638
11-17 10:00:00,757.8662775637476
11-17 11:00:00,747.6274298041651
11-17 12:00:00,748.0696057401271
11-17 13:00:00,752.5175964448572
11-17 14:00:00,749.3430128385967
11-17 15:00:00,761.3775797134288
11-17 16:00:00,780.6293101464812
11-17 17:00:00,781.3792264959825
11-17 18:00:00,787.2570667489183
11-17 19:00:00,793.5988222421698
11-17 20:00:00,793.6489784998305
11-17 21:00:00,790.1479143962945
11-17 22:00:00,784.7782225059872
11-17 23:00:00,785.2528011024747
11-18 00:00:00,776.003793687065
11-18 01:00:00,797.4125711801546
11-18 02:00:00,824.8482542184292
11-18 03:00:00,808.238749854465
11-18 04:00:00,818.1847318783036
11-18 05:00:00,816.1004525090125
11-18 06:00:00,814.1796704195922
11-18 07:00:00,810.6113282863028
11-18 08:00:00,822.2381024904031
11-18 09:00:00,790.1201481947212
11-18 10:00:00,720.3412109013964
11-18 11:00:00,655.2712492298193
11-18 12:00:00,629.1812511321853
11-18 13:00:00,603.0829078214905
11-18 14:00:00,613.2454496837588
11-18 15:00:00,620.99688541309
11-18 16:00:00,624.1079826759237
11-18 17:00:00,638.0358174758076
11-18 18:00:00,651.5589264855784
11-18 19:00:00,668.1005106568053
11-18 20:00:00,705.9340769657623
11-18 21:00:00,734.132494242432
11-18 22:00:00,785.3922284442896
11-18 23:00:00,821.1088360099949
11-19 00:00:00,854.8975028186314
11-19 01:00:00,878.1047814882194
11-19 02:00:00,890.8789924274158
11-19 03:00:00,910.3923789581328
11-19 04:00:00,919.6626342136302
11-19 05:00:00,916.0910689859602
11-19 06:00:00,935.3831207924312
11-19 07:00:00,927.7635243702994
11-19 08:00:00,903.2476401150759
11-19 09:00:00,851.1734211093836
11-19 10:00:00,799.3356817001074
11-19 11:00:00,764.0673175338138
11-19 12:00:00,739.4836058354404
11-19 13:00:00,734.3959528712186
11-19 14:00:00,735.6446762589475
11-19 15:00:00,737.9387642086826
11-19 16:00:00,776.7511046747492
11-19 17:00:00,797.5170745368468
11-19 18:00:00,824.1961288578476
11-19 19:00:00,831.3331879594035
11-19 20:00:00,841.958187353639
11-19 21:00:00,838.1228722011293
11-19 22:00:00,846.6085282164581
11-19 23:00:00,857.3391922335513
11-20 00:00:00,881.0997142677825
11-20 01:00:00,880.4785579704806
11-20 02:00:00,884.1189488565241
11-20 03:00:00,894.5751424124181
11-20 04:00:00,906.099519095509
11-20 05:00:00,907.3046487422165
11-20 06:00:00,926.2489796252003
11-20 07:00:00,935.4322242796841
11-20 08:00:00,929.3816238439383
11-20 09:00:00,905.9811332108358
11-20 10:00:00,881.5467073637321
11-20 11:00:00,854.6145153835191
11-20 12:00:00,830.4020243464918
11-20 13:00:00,827.6063580924463
11-20 14:00:00,831.0143137648957
11-20 15:00:00,842.763546334764
11-20 16:00:00,860.5302966161187
11-20 17:00:00,881.6203725593886
11-20 18:00:00,909.9380710487053
11-20 19:00:00,932.3207860158733
11-20 20:00:00,936.0545065515528
11-20 21:00:00,942.322370984641
11-20 22:00:00,947.1832830894124
11-20 23:00:00,945.0847263328341
11-21 00:00:00,955.8083187409516
11-21 01:00:00,942.3926942964622
11-21 02:00:00,970.2865984249197
11-21 03:00:00,989.6949543428161
11-21 04:00:00,986.1906423427924
11-21 05:00:00,990.6684891876495
11-21 06:00:00,986.4464932769527
11-21 07:00:00,982.0776387889634
11-21 08:00:00,981.7593022689608
11-21 09:00:00,930.5866041773305
11-21 10:00:00,878.518363198654
11-21 11:00:00,834.8231147777286
11-21 12:00:00,811.4095133833212
11-21 13:00:00,799.2499116463938
11-21 14:00:00,784.2283635393529
11-21 15:00:00,810.8898815069002
11-21 16:00:00,861.1302147102099
11-21 17:00:00,922.5592904106488
11-21 18:00:00,890.1234410742461
11-21 19:00:00,818.3883006782872
11-21 20:00:00,796.2219998304495
11-21 21:00:00,826.1834723129687
11-21 22:00:00,804.8969318636608
11-21 23:00:00,784.6925981975864
11-22 00:00:00,790.5582033763451
11-22 01:00:00,791.7087461427765
11-22 02:00:00,785.4680361498142
11-22 03:00:00,780.8978157879021
11-22 04:00:00,773.8623099140507
11-22 05:00:00,767.5013880692827
11-22 06:00:00,780.8412222626459
11-22 07:00:00,791.9783380098091
11-22 08:00:00,801.224688156091
11-22 09:00:00,799.6091641430221
11-22 10:00:00,782.4459833562781
11-22 11:00:00,771.1332990535726
11-22 12:00:00,766.5392248214245
11-22 13:00:00,765.0963904424212
11-22 14:00:00,758.2935672237794
11-22 15:00:00,752.4691311662965
11-22 16:00:00,747.0058967950588
11-22 17:00:00,735.4946791566884
11-22 18:00:00,730.1777562707315
11-22 19:00:00,730.510538582717
11-22 20:00:00,735.7098704766114
11-22 21:00:00,735.9284574164657
11-22 22:00:00,734.8881807429149
11-22 23:00:00,735.8856552342396
11-23 00:00:00,735.7267154698939
11-23 01:00:00,736.3411633540564
11-23 02:00:00,741.3815137506818
11-23 03:00:00,742.2047116794427
11-23 04:00:00,755.1342641452306
11-23 05:00:00,753.7282368694036
11-23 06:00:00,755.5621018526084
11-23 07:00:00,762.347903444513
11-23 08:00:00,760.7207473326424
11-23 09:00:00,749.1880242918146
11-23 10:00:00,752.4385080996437
11-23 11:00:00,754.0594534412613
11-23 12:00:00,751.6085025305514
11-23 13:00:00,745.4265403779851
11-23 14:00:00,750.5452437171454
11-23 15:00:00,751.436517215379
11-23 16:00:00,764.3871064952988
11-23 17:00:00,771.703583897184
11-23 18:00:00,777.1132487591583
11-23 19:00:00,780.608586652086
11-23 20:00:00,774.983366200268
11-23 21:00:00,774.3544377783367
11-23 22:00:00,775.8638600244288
11-23 23:00:00,779.8399548851844
11-24 00:00:00,780.5632996058278
11-24 01:00:00,786.511370019091
11-24 02:00:00,789.7026252579259
11-24 03:00:00,803.0941285617569
11-24 04:00:00,808.7428108707934
11-24 05:00:00,814.598956204064
11-24 06:00:00,815.419575661722
11-24 07:00:00,828.6548550531862
11-24 08:00:00,831.425386149233
11-24 09:00:00,823.8462335943034
11-24 10:00:00,809.5186602860516
11-24 11:00:00,797.2277363436625
11-24 12:00:00,786.2208551597746
11-24 13:00:00,781.1267064064872
11-24 14:00:00,786.7147706073597
11-24 15:00:00,787.9855740674207
11-24 16:00:00,808.2743700690795
11-24 17:00:00,826.3787386723633
11-24 18:00:00,833.1980868344353
11-24 19:00:00,868.489827658705
11-24 20:00:00,880.6058988237361
11-24 21:00:00,874.8015717880136
11-24 22:00:00,882.853963539447
11-24 23:00:00,893.6571011235458
11-25 00:00:00,895.4528892346037
11-25 01:00:00,916.0192553319705
11-25 02:00:00,929.5094301551808
11-25 03:00:00,940.2899225176593
11-25 04:00:00,956.3891390721266
11-25 05:00:00,956.0016030729579
11-25 06:00:00,966.5495661903858
11-25 07:00:00,981.5587493662781
11-25 08:00:00,974.0984468884507
11-25 09:00:00,971.4089229571276
11-25 10:00:00,956.2700498201324
11-25 11:00:00,921.0680996334921
11-25 12:00:00,895.7557653726141
11-25 13:00:00,883.6074112125074
11-25 14:00:00,876.5952667388291
11-25 15:00:00,870.3088291830187
11-25 16:00:00,860.9657393836228
11-25 17:00:00,856.0650790316452
11-25 18:00:00,855.5675227057121
11-25 19:00:00,854.5591327942568
11-25 20:00:00,853.6968527541953
11-25 21:00:00,859.9365119086593
11-25 22:00:00,870.2593631064285
11-25 23:00:00,891.989112529555
11-26 00:00:00,909.3172904543334
11-26 01:00:00,923.4046824377547
11-26 02:00:00,937.2229224991643
11-26 03:00:00,938.9976481313957
11-26 04:00:00,952.6693727031858
11-26 05:00:00,965.2226083114057
11-26 06:00:00,1000.1652473006972
11-26 07:00:00,1030.5452908576306
11-26 08:00:00,1033.5889433600892
11-26 09:00:00,1030.2279454685051
11-26 10:00:00,1027.3337665965626
11-26 11:00:00,1016.6247938932482
11-26 12:00:00,994.8656094105384
11-26 13:00:00,995.6238525282245
11-26 14:00:00,1000.690366221492
11-26 15:00:00,999.7047859579471
11-26 16:00:00,1007.3450162201793
11-26 17:00:00,1010.1624652306451
11-26 18:00:00,1002.9771161021816
11-26 19:00:00,1014.1020968511895
11-26 20:00:00,1028.6956386658094
11-26 21:00:00,1047.823965049817
11-26 22:00:00,1068.3422026652393
11-26 23:00:00,1062.9718171955462
11-27 00:00:00,1062.7788695355644
11-27 01:00:00,1078.3358897930584
11-27 02:00:00,1089.892558708884
11-27 03:00:00,1088.608847112643
11-27 04:00:00,1106.622785805004
11-27 05:00:00,1070.8868059751944
11-27 06:00:00,1065.2029807925608
11-27 07:00:00,1058.1088867405692
11-27 08:00:00,1030.7236710810846
11-27 09:00:00,1024.866273281918
11-27 10:00:00,974.1598893177887
11-27 11:00:00,903.4686497745791
11-27 12:00:00,837.6316096543118
11-27 13:00:00,866.1155351791367
11-27 14:00:00,871.9010262860467
11-27 15:00:00,946.042456622351
11-27 16:00:00,961.3349293105075
11-27 17:00:00,966.2679847384554
11-27 18:00:00,957.6572306365712
11-27 19:00:00,984.8779553007329
11-27 20:00:00,999.8437530935854
11-27 21:00:00,996.1908699955502
11-27 22:00:00,928.5084575016616
11-27 23:00:00,963.2825896982719
11-28 00:00:00,1002.0190090429084
11-28 01:00:00,1030.5225758458573
11-28 02:00:00,1024.6503583064539
11-28 03:00:00,1034.2819604067352
11-28 04:00:00,1051.5637728315867
11-28 05:00:00,1053.3313421310327
11-28 06:00:00,1060.3158495990217
11-28 07:00:00,1051.8783400403058
11-28 08:00:00,1031.8145147910066
11-28 09:00:00,1008.9230557899647
11-28 10:00:00,970.8217173038171
11-28 11:00:00,923.1628008264718
11-28 12:00:00,921.0654509233282
11-28 13:00:00,909.393849478949
11-28 14:00:00,926.6600148275074
11-28 15:00:00,932.5920638966519
11-28 16:00:00,973.9621667513968
11-28 17:00:00,1025.4651813805517
11-28 18:00:00,1042.4005012541725
11-28 19:00:00,1054.1719813504653
11-28 20:00:00,1048.324638700863
11-28 21:00:00,1019.7765836600759
11-28 22:00:00,1013.7402898094459
11-28 23:00:00,1003.0761864468608
11-29 00:00:00,1020.7836210744856
11-29 01:00:00,1040.3933811025142
11-29 02:00:00,1042.5924845267023
11-29 03:00:00,1038.2081679837474
11-29 04:00:00,1039.419639048078
11-29 05:00:00,1058.5682683833845
11-29 06:00:00,1070.5121430774861
11-29 07:00:00,1061.7705141309152
11-29 08:00:00,1067.4836174454026
11-29 09:00:00,1052.868640986515
11-29 10:00:00,1041.3620022293876
11-29 11:00:00,1066.2095987066277
11-29 12:00:00,1042.2312340226722
11-29 13:00:00,1008.3819284560676
11-29 14:00:00,1019.3950226857336
11-29 15:00:00,1080.8241267844915
11-29 16:00:00,1135.523656783732
11-29 17:00:00,1163.8478326108036
11-29 18:00:00,1118.3651339593828
11-29 19:00:00,1087.763720773066
11-29 20:00:00,1077.2759692495888
11-29 21:00:00,1096.4899576520768
11-29 22:00:00,1138.6728067627178
11-29 23:00:00,1131.6600445913891
11-30 00:00:00,1120.3744413643653
11-30 01:00:00,1125.899860614364
11-30 02:00:00,1129.7391096939289
11-30 03:00:00,1128.6312719430541
11-30 04:00:00,1128.5598949418504
11-30 05:00:00,1131.637219840653
11-30 06:00:00,1139.1992866302157
11-30 07:00:00,1115.4629940162886
11-30 08:00:00,1112.0940746285119
11-30 09:00:00,1097.0539456839483
11-30 10:00:00,1092.0618810753454
11-30 11:00:00,1099.2464801884516
11-30 12:00:00,1103.252871976593
11-30 13:00:00,1090.4336999515924
11-30 14:00:00,1092.4206981405907
11-30 15:00:00,1101.426633623159
11-30 16:00:00,1095.4696708419658
11-30 17:00:00,1086.3680037632016
11-30 18:00:00,1063.7185192893464
11-30 19:00:00,1047.4275890199608
11-30 20:00:00,1032.0671312769502
11-30 21:00:00,1016.5234500161191
11-30 22:00:00,1001.02210339473
11-30 23:00:00,992.1114362371218
12-01 00:00:00,1012.9092334454325
12-01 01:00:00,1018.7233949458689
12-01 02:00:00,1003.5600303717222
12-01 03:00:00,992.1627943348665
12-01 04:00:00,1003.5100193490656
12-01 05:00:00,1010.157233782752
12-01 06:00:00,997.3550033697887
12-01 07:00:00,985.1554105225991
12-01 08:00:00,997.9966300359041
12-01 09:00:00,960.3799733781829
12-01 10:00:00,905.661466139938
12-01 11:00:00,865.0030344734837
12-01 12:00:00,818.5018975897751
12-01 13:00:00,819.5445877614035
12-01 14:00:00,778.7496987808519
12-01 15:00:00,803.4979218820833
12-01 16:00:00,818.0526876933161
12-01 17:00:00,827.6694042950079
12-01 18:00:00,808.2258981012019
12-01 19:00:00,818.4382412229221
12-01 20:00:00,831.4653688874422
12-01 21:00:00,800.2380135865963
12-01 22:00:00,801.1788519573561
12-01 23:00:00,788.8432069354129
12-02 00:00:00,797.4731827501237
12-02 01:00:00,787.8514201056171
12-02 02:00:00,755.2152273440086
12-02 03:00:00,765.1549266134681
12-02 04:00:00,802.5763221312136
12-02 05:00:00,808.7106996046269
12-02 06:00:00,817.7303344550205
12-02 07:00:00,835.251273396968
12-02 08:00:00,833.5894190049383
12-02 09:00:00,801.1782271023992
12-02 10:00:00,745.4559794164797
12-02 11:00:00,773.8491821456414
12-02 12:00:00,824.7435016791014
12-02 13:00:00,853.8976959827484
12-02 14:00:00,880.9196885747031
12-02 15:00:00,947.1457356610314
12-02 16:00:00,990.6493602121182
12-02 17:00:00,1009.0876632693748
12-02 18:00:00,1011.9571135918357
12-02 19:00:00,1003.2108314515473
12-02 20:00:00,993.8092209041592
12-02 21:00:00,1019.5162479754084
12-02 22:00:00,1020.9034546260743
12-02 23:00:00,1034.3480737858245
12-03 00:00:00,1041.1366039334905
12-03 01:00:00,1043.5103601473252
12-03 02:00:00,1053.1790598930224
12-03 03:00:00,1058.9977562621084
12-03 04:00:00,1070.7812247571399
12-03 05:00:00,1117.5928833247538
12-03 06:00:00,1116.236049331033
12-03 07:00:00,1103.5382663991513
12-03 08:00:00,1114.9998044159495
12-03 09:00:00,1081.2375899971048
12-03 10:00:00,1079.4176918511437
12-03 11:00:00,1068.810545533692
12-03 12:00:00,1045.0485675996194
12-03 13:00:00,1036.02130220403
12-03 14:00:00,1059.034877641151
12-03 15:00:00,1073.1116932043471
12-03 16:00:00,1091.5641278889518
12-03 17:00:00,1126.5010393435275
12-03 18:00:00,1109.960280929815
12-03 19:00:00,1099.2435343612415
12-03 20:00:00,1098.7001052979888
12-03 21:00:00,1077.295636645333
12-03 22:00:00,1066.3458000783658
12-03 23:00:00,1054.31654772273
12-04 00:00:00,1030.4664477934798
12-04 01:00:00,1055.101008021215
12-04 02:00:00,1079.389194439069
12-04 03:00:00,1065.5244807673976
12-04 04:00:00,1050.1027597276404
12-04 05:00:00,1034.0497900730957
12-04 06:00:00,1018.068389493702
12-04 07:00:00,1003.5975492265403
12-04 08:00:00,983.4422218038014
12-04 09:00:00,957.760166160302
12-04 10:00:00,933.6475539314724
12-04 11:00:00,901.099051552151
12-04 12:00:00,858.4025505202591
12-04 13:00:00,848.22700723318
12-04 14:00:00,843.7343235146174
12-04 15:00:00,863.3920664355492
12-04 16:00:00,816.3130994381424
12-04 17:00:00,800.095992599878
12-04 18:00:00,791.6933976810924
12-04 19:00:00,775.1812452062414
12-04 20:00:00,678.7156412153513
12-04 21:00:00,789.0216766710246
12-04 22:00:00,829.3638175957691
12-04 23:00:00,837.150570139439
12-05 00:00:00,835.2468101284545
12-05 01:00:00,832.1021034503033
12-05 02:00:00,855.2468736622207
12-05 03:00:00,862.0187206523831
12-05 04:00:00,878.9713867938852
12-05 05:00:00,902.6128375880302
12-05 06:00:00,926.4470132653524
12-05 07:00:00,934.0853700777845
12-05 08:00:00,937.630891912697
12-05 09:00:00,896.9236434195155
12-05 10:00:00,890.1164165007492
12-05 11:00:00,836.3968573813336
12-05 12:00:00,815.4027580078161
12-05 13:00:00,800.6639806613217
12-05 14:00:00,846.7956912696885
12-05 15:00:00,863.5032819968875
12-05 16:00:00,890.1718656038751
12-05 17:00:00,910.7095888160663
12-05 18:00:00,918.8772223857761
12-05 19:00:00,920.0907573159004
12-05 20:00:00,940.7895786939962
12-05 21:00:00,946.1455607152428
12-05 22:00:00,954.1932918457062
12-05 23:00:00,953.2146453123679
12-06 00:00:00,965.8644819494684
12-06 01:00:00,992.0525064176328
12-06 02:00:00,1016.8223402215787
12-06 03:00:00,1038.7730797522784
12-06 04:00:00,1033.6728234842237
12-06 05:00:00,1012.0283779587867
12-06 06:00:00,1007.7704370020656
12-06 07:00:00,1004.2646958921672
12-06 08:00:00,1013.3902450375645
12-06 09:00:00,994.9212319008186
12-06 10:00:00,964.9251258218953
12-06 11:00:00,938.1137153369177
12-06 12:00:00,917.2652837363662
12-06 13:00:00,883.7360717816518
12-06 14:00:00,872.8595270040441
12-06 15:00:00,908.0258253819292
12-06 16:00:00,987.697398897997
12-06 17:00:00,999.5505845206651
12-06 18:00:00,1015.0657647139756
12-06 19:00:00,1061.4155361422263
12-06 20:00:00,1064.562650886744
12-06 21:00:00,1043.3545696715314
12-06 22:00:00,1054.0194919849648
12-06 23:00:00,1076.4449323132046
12-07 00:00:00,1023.2423596735184
12-07 01:00:00,1051.31368828882
12-07 02:00:00,1091.5284386937064
12-07 03:00:00,1110.3780771619759
12-07 04:00:00,1130.1459708996072
12-07 05:00:00,1123.450094255981
12-07 06:00:00,1103.8341089942626
12-07 07:00:00,1078.4962351105064
12-07 08:00:00,1015.1988345882564
12-07 09:00:00,986.9242129224432
12-07 10:00:00,953.6020713316556
12-07 11:00:00,936.6397808704254
12-07 12:00:00,904.389041457623
12-07 13:00:00,886.513740336869
12-07 14:00:00,923.7239902875206
12-07 15:00:00,952.3083701220028
12-07 16:00:00,1021.4799761481491
12-07 17:00:00,1023.7058355719648
12-07 18:00:00,1036.1905353358013
12-07 19:00:00,1029.8565150331438
12-07 20:00:00,1044.2102159539338
12-07 21:00:00,1045.9294657838275
12-07 22:00:00,1036.8026375424643
12-07 23:00:00,995.0699037799566
12-08 00:00:00,977.7415763935904
12-08 01:00:00,952.5974071854932
12-08 02:00:00,938.0671458730839
12-08 03:00:00,920.1963279414492
12-08 04:00:00,939.0904563083136
12-08 05:00:00,921.979925474253
12-08 06:00:00,925.6707975081301
12-08 07:00:00,958.4658824559845
12-08 08:00:00,993.2533166919859
12-08 09:00:00,1025.8760701794806
12-08 10:00:00,1031.5443171126844
12-08 11:00:00,1039.7911497675707
12-08 12:00:00,1037.8306421259126
12-08 13:00:00,1023.9748395439684
12-08 14:00:00,1018.1708652627352
12-08 15:00:00,1031.5531297461278
12-08 16:00:00,1041.757520719399
12-08 17:00:00,1048.2981126063505
12-08 18:00:00,1047.5935380482535
12-08 19:00:00,1042.8810116011198
12-08 20:00:00,1043.1320638800255
12-08 21:00:00,1043.9665381796242
12-08 22:00:00,1043.530824964132
12-08 23:00:00,1043.9089742595975
12-09 00:00:00,1045.0633036827194
12-09 01:00:00,1044.0384231133885
12-09 02:00:00,1039.4152202254254
12-09 03:00:00,1044.0384231133885
12-09 04:00:00,1047.1226969309498
12-09 05:00:00,1053.9532666351138
12-09 06:00:00,1049.390646692914
12-09 07:00:00,1019.467308731272
12-09 08:00:00,1006.7723427378933
12-09 09:00:00,1009.4705678237023
12-09 10:00:00,1005.3292189239456
12-09 11:00:00,963.8391214696154
12-09 12:00:00,953.4617124789446
12-09 13:00:00,952.3833588182912
12-09 14:00:00,954.589322409257
12-09 15:00:00,991.7444846692907
12-09 16:00:00,991.5467454026507
12-09 17:00:00,1006.5243927017488
12-09 18:00:00,1001.614922487879
12-09 19:00:00,1030.2297711880246
12-09 20:00:00,1032.733136221827
12-09 21:00:00,1065.0855906421057
12-09 22:00:00,1090.946185912556
12-09 23:00:00,1092.5705861672056
12-10 00:00:00,1144.7851795929575
12-10 01:00:00,1176.8161677744733
12-10 02:00:00,1219.681797540147
12-10 03:00:00,1226.6632396691816
12-10 04:00:00,1222.2083678160666
12-10 05:00:00,1201.0229212753368
12-10 06:00:00,1205.8732948862448
12-10 07:00:00,1194.468195278347
12-10 08:00:00,1176.726103009687
12-10 09:00:00,1133.5286502389044
12-10 10:00:00,1077.7509824988529
12-10 11:00:00,1085.5912520031773
12-10 12:00:00,1102.1196444003967
12-10 13:00:00,1083.3329672435725
12-10 14:00:00,1075.0961909252599
12-10 15:00:00,1051.1828722514442
12-10 16:00:00,1038.3363537608886
12-10 17:00:00,1030.4691078947367
12-10 18:00:00,1029.8249016124732
12-10 19:00:00,999.7760736012708
12-10 20:00:00,917.4470368883999
12-10 21:00:00,905.578586918157
12-10 22:00:00,900.8173567438055
12-10 23:00:00,869.7454089572257
12-11 00:00:00,860.4805712063585
12-11 01:00:00,851.4018651273715
12-11 02:00:00,876.9911112649119
12-11 03:00:00,902.7506406664087
12-11 04:00:00,904.5634838342789
12-11 05:00:00,911.9147184627739
12-11 06:00:00,869.0303992262374
12-11 07:00:00,884.8707769562651
12-11 08:00:00,907.8910624504479
12-11 09:00:00,945.0225045545255
12-11 10:00:00,948.1831557912955
12-11 11:00:00,955.0820922971538
12-11 12:00:00,946.5189599897965
12-11 13:00:00,938.3194958367133
12-11 14:00:00,908.7047164598558
12-11 15:00:00,888.3104007752801
12-11 16:00:00,927.4646827141045
12-11 17:00:00,926.2882027254848
12-11 18:00:00,937.5910387030526
12-11 19:00:00,944.1982841502479
12-11 20:00:00,950.2925521083416
12-11 21:00:00,950.4716225481023
12-11 22:00:00,950.2283177494945
12-11 23:00:00,954.6634637713886
12-12 00:00:00,966.69544949313
12-12 01:00:00,950.4216082131286
12-12 02:00:00,968.2909675816777
12-12 03:00:00,948.7063284360449
12-12 04:00:00,953.3906373768632
12-12 05:00:00,1022.254352634366
12-12 06:00:00,1064.1814586564124
12-12 07:00:00,1096.033884371324
12-12 08:00:00,1126.9772945738378
12-12 09:00:00,1118.288618603768
12-12 10:00:00,1016.4289276431414
12-12 11:00:00,949.1056578917788
12-12 12:00:00,903.8720465628194
12-12 13:00:00,881.4256780911843
12-12 14:00:00,884.6942427978221
12-12 15:00:00,899.4802853536755
12-12 16:00:00,911.879983438911
12-12 17:00:00,906.1712254067648
12-12 18:00:00,915.1397807138122
12-12 19:00:00,913.8637528833498
12-12 20:00:00,906.3603562565688
12-12 21:00:00,917.3592625974233
12-12 22:00:00,916.2599707432646
12-12 23:00:00,904.5012743319213
12-13 00:00:00,898.4944626003053
12-13 01:00:00,892.5983497476724
12-13 02:00:00,893.7295924711906
12-13 03:00:00,903.577768272078
12-13 04:00:00,896.5893680616615
12-13 05:00:00,926.3518974915482
12-13 06:00:00,922.2169868096656
12-13 07:00:00,927.6872096105247
12-13 08:00:00,926.4016879722888
12-13 09:00:00,892.7291059354635
12-13 10:00:00,846.6316361909644
12-13 11:00:00,817.5710595511407
12-13 12:00:00,816.708234311023
12-13 13:00:00,800.5406986751278
12-13 14:00:00,827.2326836862374
12-13 15:00:00,835.761456304754
12-13 16:00:00,847.7880746328391
12-13 17:00:00,895.5429599376856
12-13 18:00:00,911.1687832600771
12-13 19:00:00,942.9968440979061
12-13 20:00:00,940.1517431025776
12-13 21:00:00,964.0457049899984
12-13 22:00:00,994.0822163541579
12-13 23:00:00,1021.564521168874
12-14 00:00:00,1000.321969283714
12-14 01:00:00,1010.6962009612859
12-14 02:00:00,989.450108052027
12-14 03:00:00,996.4855300293436
12-14 04:00:00,999.9351157301804
12-14 05:00:00,1003.6932505683296
12-14 06:00:00,1013.9360281434083
12-14 07:00:00,1029.9087051310057
12-14 08:00:00,1027.562995555691
12-14 09:00:00,997.9782461427183
12-14 10:00:00,970.3474300803488
12-14 11:00:00,939.1666958444155
12-14 12:00:00,929.3529967627187
12-14 13:00:00,919.6770198500494
12-14 14:00:00,909.7151782662983
12-14 15:00:00,906.3166253229201
12-14 16:00:00,939.0828341875224
12-14 17:00:00,965.5473775198969
12-14 18:00:00,975.3085303898374
12-14 19:00:00,983.2728224168785
12-14 20:00:00,969.6239153910086
12-14 21:00:00,994.0207783159797
12-14 22:00:00,1008.2778082199912
12-14 23:00:00,996.8286089495699
12-15 00:00:00,981.8869827575895
12-15 01:00:00,996.7445650827083
12-15 02:00:00,1017.7746865872409
12-15 03:00:00,1028.0972772451748
12-15 04:00:00,1045.7907478829948
12-15 05:00:00,1055.7597089772992
12-15 06:00:00,1044.9788075087097
12-15 07:00:00,1061.5233327863548
12-15 08:00:00,1060.3837165227171
12-15 09:00:00,1066.2193501934996
12-15 10:00:00,1051.6134870623541
12-15 11:00:00,1042.9172550376823
12-15 12:00:00,1017.9077018066192
12-15 13:00:00,1004.4421189784589
12-15 14:00:00,1008.191728890622
12-15 15:00:00,1007.1506078865926
12-15 16:00:00,1009.1971704489152
12-15 17:00:00,1003.4140307414634
12-15 18:00:00,1005.8777630405449
12-15 19:00:00,1002.929880455054
12-15 20:00:00,1018.9106335535361
12-15 21:00:00,1012.1452677163312
12-15 22:00:00,1013.0360750876174
12-15 23:00:00,1009.4505644550213
12-16 00:00:00,1000.5203454528138
12-16 01:00:00,1000.5648467448415
12-16 02:00:00,1009.405639295365
12-16 03:00:00,1010.5471790065714
12-16 04:00:00,1022.1354710795257
12-16 05:00:00,1021.6059611959117
12-16 06:00:00,1029.4286728541692
12-16 07:00:00,1022.4681726173178
12-16 08:00:00,1018.4111348781505
12-16 09:00:00,1011.6578631188399
12-16 10:00:00,999.0952657271015
12-16 11:00:00,983.9421051708058
12-16 12:00:00,954.2600087416677
12-16 13:00:00,964.043628394922
12-16 14:00:00,965.3672056179862
12-16 15:00:00,971.7632384403507
12-16 16:00:00,972.7371270739585
12-16 17:00:00,976.5689819421779
12-16 18:00:00,977.1402542939468
12-16 19:00:00,967.2041475078842
12-16 20:00:00,975.383379964636
12-16 21:00:00,972.4110056052359
12-16 22:00:00,982.3364379295103
12-16 23:00:00,984.3078357658146
12-17 00:00:00,975.2986593195594
12-17 01:00:00,997.6678032323549
12-17 02:00:00,1022.315206572918
12-17 03:00:00,1027.0956704230405
12-17 04:00:00,1067.1924531906313
12-17 05:00:00,1085.5541438709859
12-17 06:00:00,1095.5359546378604
12-17 07:00:00,1109.6431872545581
12-17 08:00:00,1132.2910221637612
12-17 09:00:00,1137.8552783957482
12-17 10:00:00,1076.36656119366
12-17 11:00:00,1020.6077483264912
12-17 12:00:00,978.1565824757699
12-17 13:00:00,953.6823078334525
12-17 14:00:00,946.6457956119
12-17 15:00:00,959.3626695104276
12-17 16:00:00,988.179604208949
12-17 17:00:00,1002.6874056005632
12-17 18:00:00,1004.5466813554931
12-17 19:00:00,1007.1818699429831
12-17 20:00:00,1018.3879539094593
12-17 21:00:00,1021.1465083190848
12-17 22:00:00,1051.4837444566106
12-17 23:00:00,1048.8690800074448
12-18 00:00:00,1062.1847529911545
12-18 01:00:00,1052.5050896172831
12-18 02:00:00,1054.812378803004
12-18 03:00:00,1092.4553571039048
12-18 04:00:00,1097.1936875853087
12-18 05:00:00,1086.7711187684038
12-18 06:00:00,1124.92651905583
12-18 07:00:00,1165.9377023752832
12-18 08:00:00,1164.1492989636608
12-18 09:00:00,1138.9276199496094
12-18 10:00:00,1087.1557673362597
12-18 11:00:00,1035.6498735328564
12-18 12:00:00,986.7328745014353
12-18 13:00:00,960.1495827401825
12-18 14:00:00,968.8247832479169
12-18 15:00:00,992.7632283936103
12-18 16:00:00,990.9369274359674
12-18 17:00:00,1035.1321943916703
12-18 18:00:00,1070.433339230145
12-18 19:00:00,1078.9717603419633
12-18 20:00:00,1064.20791815962
12-18 21:00:00,1047.062521917743
12-18 22:00:00,1040.488630601299
12-18 23:00:00,1044.2753346146455
12-19 00:00:00,1060.2331035496347
12-19 01:00:00,1072.209361818611
12-19 02:00:00,1090.377707204798
12-19 03:00:00,1095.564533608887
12-19 04:00:00,1120.078989593575
12-19 05:00:00,1130.8480202652747
12-19 06:00:00,1132.4293749000965
12-19 07:00:00,1148.879700032875
12-19 08:00:00,1168.8225206211507
12-19 09:00:00,1177.3257828529024
12-19 10:00:00,1159.6910184551857
12-19 11:00:00,1112.5314678006653
12-19 12:00:00,1081.2667682964639
12-19 13:00:00,1072.955919027981
12-19 14:00:00,1064.378315508672
12-19 15:00:00,1089.8538770951045
12-19 16:00:00,1113.4190110160298
12-19 17:00:00,1143.7518175728312
12-19 18:00:00,1170.6060957401744
12-19 19:00:00,1192.8077404949017
12-19 20:00:00,1198.824595867014
12-19 21:00:00,1204.4397546073717
12-19 22:00:00,1202.6858992050024
12-19 23:00:00,1209.1845706383876
12-20 00:00:00,1217.6337559736664
12-20 01:00:00,1201.5237170122805
12-20 02:00:00,1202.2867132633266
12-20 03:00:00,1204.6855222383379
12-20 04:00:00,1221.9554170133074
12-20 05:00:00,1230.0014020673593
12-20 06:00:00,1239.464007817942
12-20 07:00:00,1223.792560425772
12-20 08:00:00,1195.0333888535865
12-20 09:00:00,1163.941592692621
12-20 10:00:00,1126.8344876427507
12-20 11:00:00,1087.294101253088
12-20 12:00:00,1057.07473365048
12-20 13:00:00,1055.775733137993
12-20 14:00:00,1069.1883493643868
12-20 15:00:00,1093.3402252532117
12-20 16:00:00,1106.970089397513
12-20 17:00:00,1101.1454816785727
12-20 18:00:00,1131.815479725184
12-20 19:00:00,1179.3149050359555
12-20 20:00:00,1173.6384332067469
12-20 21:00:00,1177.9271348424775
12-20 22:00:00,1199.038019818986
12-20 23:00:00,1201.3037801698663
12-21 00:00:00,1224.208014936511
12-21 01:00:00,1235.8806319458847
12-21 02:00:00,1291.237396033702
12-21 03:00:00,1315.3507188120584
12-21 04:00:00,1311.1436061047405
12-21 05:00:00,1280.7356509654448
12-21 06:00:00,1257.4664936741199
12-21 07:00:00,1219.642870912851
12-21 08:00:00,1192.466883947867
12-21 09:00:00,1180.1159043819393
12-21 10:00:00,1178.2538393535722
12-21 11:00:00,1179.8653073203434
12-21 12:00:00,1167.4341706889502
12-21 13:00:00,1158.8101108485207
12-21 14:00:00,1158.0165193619791
12-21 15:00:00,1163.3733115485275
12-21 16:00:00,1164.4620965648035
12-21 17:00:00,1182.9504255318864
12-21 18:00:00,1183.4514994533333
12-21 19:00:00,1184.333381431943
12-21 20:00:00,1199.7254108930413
12-21 21:00:00,1214.2646426349725
12-21 22:00:00,1231.7470996485645
12-21 23:00:00,1248.9937274638942
12-22 00:00:00,1253.768641472988
12-22 01:00:00,1269.7984537952946
12-22 02:00:00,1279.3605125089155
12-22 03:00:00,1289.1807545085335
12-22 04:00:00,1299.8458075401343
12-22 05:00:00,1320.6668236958906
12-22 06:00:00,1346.1787705136023
12-22 07:00:00,1363.1390497904335
12-22 08:00:00,1382.8320354061912
12-22 09:00:00,1374.0841984324402
12-22 10:00:00,1347.3993239225215
12-22 11:00:00,1321.6204515129045
12-22 12:00:00,1273.4984662090317
12-22 13:00:00,1259.679876231678
12-22 14:00:00,1257.7161025885882
12-22 15:00:00,1288.478204656837
12-22 16:00:00,1324.1614058700518
12-22 17:00:00,1360.3288025830939
12-22 18:00:00,1377.958756320451
12-22 19:00:00,1400.341098436571
12-22 20:00:00,1417.0284140767312
12-22 21:00:00,1407.3930989010037
12-22 22:00:00,1382.455192507445
12-22 23:00:00,1389.5880350154405
12-23 00:00:00,1391.5289114799914
12-23 01:00:00,1435.5791052547124
12-23 02:00:00,1446.7296314122166
12-23 03:00:00,1409.2699115074806
12-23 04:00:00,1416.198087020538
12-23 05:00:00,1386.9835470699616
12-23 06:00:00,1419.7735496588602
12-23 07:00:00,1437.4616681401883
12-23 08:00:00,1457.262495226116
12-23 09:00:00,1397.2864396931025
12-23 10:00:00,1242.2452185895008
12-23 11:00:00,1076.6359400591075
12-23 12:00:00,988.4182050445078
12-23 13:00:00,916.668283010072
12-23 14:00:00,902.9011700635166
12-23 15:00:00,897.8742430023383
12-23 16:00:00,923.2297742333529
12-23 17:00:00,893.3991867942448
12-23 18:00:00,875.942897494388
12-23 19:00:00,891.5942494373396
12-23 20:00:00,881.0756691546777
12-23 21:00:00,864.443971676585
12-23 22:00:00,863.9203167289304
12-23 23:00:00,852.2536587273216
12-24 00:00:00,826.3712777249103
12-24 01:00:00,847.9977716380454
12-24 02:00:00,851.7971570641516
12-24 03:00:00,879.4505311440289
12-24 04:00:00,885.7266846794856
12-24 05:00:00,920.9899931416435
12-24 06:00:00,891.3051584274973
12-24 07:00:00,917.6118848854777
12-24 08:00:00,916.7805842146781
12-24 09:00:00,867.5113141690415
12-24 10:00:00,830.1110100919914
12-24 11:00:00,814.2904613111218
12-24 12:00:00,809.1090942694284
12-24 13:00:00,773.8416163346939
12-24 14:00:00,773.1904841869053
12-24 15:00:00,799.4164046187371
12-24 16:00:00,788.9630832144236
12-24 17:00:00,794.1770444424781
12-24 18:00:00,798.0265830740084
12-24 19:00:00,788.2699262479257
12-24 20:00:00,786.7222914146894
12-24 21:00:00,800.2276042804672
12-24 22:00:00,781.4833604892099
12-24 23:00:00,777.8464309172407
12-25 00:00:00,780.8659493155928
12-25 01:00:00,795.7365857428713
12-25 02:00:00,783.3174994436457
12-25 03:00:00,840.3040475066098
12-25 04:00:00,818.3734783000726
12-25 05:00:00,828.2822091572997
12-25 06:00:00,845.0644216030169
12-25 07:00:00,832.955639677739
12-25 08:00:00,829.5112026201007
12-25 09:00:00,797.8458757001565
12-25 10:00:00,824.8455965275955
12-25 11:00:00,781.272947083197
12-25 12:00:00,761.3207668277626
12-25 13:00:00,729.2931095707143
12-25 14:00:00,715.9013058570675
12-25 15:00:00,704.0174918702528
12-25 16:00:00,731.0216440995994
12-25 17:00:00,723.0974118039721
12-25 18:00:00,738.2976131926462
12-25 19:00:00,766.2398685717769
12-25 20:00:00,747.627101227792
12-25 21:00:00,781.1150143995151
12-25 22:00:00,794.2642326980141
12-25 23:00:00,768.7087197160046
12-26 00:00:00,785.5117780375851
12-26 01:00:00,776.0458813193679
12-26 02:00:00,783.8439907407538
12-26 03:00:00,799.0847781392363
12-26 04:00:00,797.2403190846586
12-26 05:00:00,786.8044337290668
12-26 06:00:00,779.9886315693157
12-26 07:00:00,798.8263437258081
12-26 08:00:00,795.4227571446243
12-26 09:00:00,799.3366505099485
12-26 10:00:00,784.1311877734087
12-26 11:00:00,767.2033746121247
12-26 12:00:00,704.4847362972475
12-26 13:00:00,657.9668244638862
12-26 14:00:00,667.6761032184558
12-26 15:00:00,679.5980286653662
12-26 16:00:00,707.6875752191803
12-26 17:00:00,708.7688457854188
12-26 18:00:00,720.7517809127411
12-26 19:00:00,739.9091876193154
12-26 20:00:00,762.33883479551
12-26 21:00:00,764.2582288485853
12-26 22:00:00,753.5990028481074
12-26 23:00:00,778.140451931723
12-27 00:00:00,771.3344388567363
12-27 01:00:00,776.8782362841962
12-27 02:00:00,797.2830187991419
12-27 03:00:00,814.4292172472587
12-27 04:00:00,816.1418007510282
12-27 05:00:00,831.2074205784108
12-27 06:00:00,856.630827834874
12-27 07:00:00,875.4007694955611
12-27 08:00:00,881.7749023005227
12-27 09:00:00,853.896308711042
12-27 10:00:00,781.3990335081335
12-27 11:00:00,733.9932290031898
12-27 12:00:00,708.0257546657442
12-27 13:00:00,687.3769739564501
12-27 14:00:00,678.8109830817557
12-27 15:00:00,699.3785177752665
12-27 16:00:00,700.5204465923724
12-27 17:00:00,721.7734880198791
12-27 18:00:00,727.7599260902186
12-27 19:00:00,735.3929394446176
12-27 20:00:00,760.1974619211162
12-27 21:00:00,752.89368058327
12-27 22:00:00,753.8206288219585
12-27 23:00:00,773.589896517958
12-28 00:00:00,793.4833349220868
12-28 01:00:00,789.6520347482502
12-28 02:00:00,817.0278886036674
12-28 03:00:00,816.3337616494287
12-28 04:00:00,786.7819934685282
12-28 05:00:00,766.1140316650014
12-28 06:00:00,750.4962596891559
12-28 07:00:00,761.7071563080473
12-28 08:00:00,781.7716305936665
12-28 09:00:00,745.9123737889714
12-28 10:00:00,702.0115791560196
12-28 11:00:00,668.8212193973096
12-28 12:00:00,621.9994461149149
12-28 13:00:00,605.0233287641277
12-28 14:00:00,595.7899528647742
12-28 15:00:00,493.85866573570235
12-28 16:00:00,493.67392938060067
12-28 17:00:00,526.2893038912758
12-28 18:00:00,567.7352354527725
12-28 19:00:00,639.9711757220631
12-28 20:00:00,611.1637423563915
12-28 21:00:00,564.2511711548751
12-28 22:00:00,568.5953348799853
12-28 23:00:00,554.4867289789611
12-29 00:00:00,560.7190294635349
12-29 01:00:00,530.5609188749954
12-29 02:00:00,518.5143527215668
12-29 03:00:00,548.9296127026835
12-29 04:00:00,605.2626612694148
12-29 05:00:00,618.4222060797011
12-29 06:00:00,617.2496732951934
12-29 07:00:00,628.95052893947
12-29 08:00:00,609.2670260282773
12-29 09:00:00,628.3119463564598
12-29 10:00:00,614.0583856973869
12-29 11:00:00,641.6536294800874
12-29 12:00:00,686.3129684630412
12-29 13:00:00,687.886812046321
12-29 14:00:00,684.7433561270627
12-29 15:00:00,697.4824169585993
12-29 16:00:00,713.0567752255313
12-29 17:00:00,725.5215684483438
12-29 18:00:00,710.9095526418134
12-29 19:00:00,704.3395629171868
12-29 20:00:00,703.8876224235453
12-29 21:00:00,699.2791949264496
12-29 22:00:00,693.7893946807172
12-29 23:00:00,683.9364402635338
12-30 00:00:00,672.7880516360575
12-30 01:00:00,657.3293855367573
12-30 02:00:00,653.3105161659582
12-30 03:00:00,615.3005105045196
12-30 04:00:00,567.1013612942862
12-30 05:00:00,597.4774834225159
12-30 06:00:00,594.3555795108804
12-30 07:00:00,606.2007201526898
12-30 08:00:00,580.3745640685602
12-30 09:00:00,569.6272700170668
12-30 10:00:00,543.0933388992225
12-30 11:00:00,514.1544820517847
12-30 12:00:00,480.60793599786143
12-30 13:00:00,430.2710497518444
12-30 14:00:00,412.5537310222505
12-30 15:00:00,424.5055973681447
12-30 16:00:00,442.269598522351
12-30 17:00:00,465.76111392262663
12-30 18:00:00,475.76304221935465
12-30 19:00:00,471.7320923261644
12-30 20:00:00,489.30529225312836
12-30 21:00:00,483.00390858788575
12-30 22:00:00,505.984091907623
12-30 23:00:00,534.0390718303464
12-31 00:00:00,613.4042426123627
12-31 01:00:00,640.0029733929292
12-31 02:00:00,677.4734540559683
12-31 03:00:00,706.0207060918979
12-31 04:00:00,655.0647470039142
12-31 05:00:00,702.4327310741112
12-31 06:00:00,717.0042768865587
12-31 07:00:00,716.8641506546721
12-31 08:00:00,735.1608209214828
12-31 09:00:00,723.3927174168267
12-31 10:00:00,660.1474984411708
12-31 11:00:00,564.0672263718917
12-31 12:00:00,507.72807545795496
12-31 13:00:00,483.37698987679636
12-31 14:00:00,482.9325854631591
12-31 15:00:00,463.22748296906053
12-31 16:00:00,494.57746272682516
12-31 17:00:00,522.3887790642921
12-31 18:00:00,548.4500811641478
12-31 19:00:00,593.6509045500055
12-31 20:00:00,614.7314601588714
12-31 21:00:00,653.0160894694894
12-31 22:00:00,618.1770298446202
12-31 23:00:00,692.8662954393141
