,value_kW
01-01 00:00:00,134.33066788505167
01-01 01:00:00,131.80372590326303
01-01 02:00:00,131.23644084089545
01-01 03:00:00,132.85550953786813
01-01 04:00:00,132.50901907245017
01-01 05:00:00,133.22383863092884
01-01 06:00:00,135.01204569701932
01-01 07:00:00,135.89334130530244
01-01 08:00:00,131.75663408658428
01-01 09:00:00,132.19112702655607
01-01 10:00:00,123.45269472676786
01-01 11:00:00,117.71312682982054
01-01 12:00:00,117.87586858208147
01-01 13:00:00,114.85749826949191
01-01 14:00:00,114.9919254275809
01-01 15:00:00,118.56565180925023
01-01 16:00:00,122.3630513403752
01-01 17:00:00,124.63701960947077
01-01 18:00:00,123.90160469544838
01-01 19:00:00,124.71355995405287
01-01 20:00:00,125.49952220003021
01-01 21:00:00,126.91522999886543
01-01 22:00:00,127.45267504259739
01-01 23:00:00,127.3194982672025
01-02 00:00:00,126.19773197947086
01-02 01:00:00,125.2006985011617
01-02 02:00:00,123.68543517002058
01-02 03:00:00,123.65650966206103
01-02 04:00:00,122.34351445024731
01-02 05:00:00,122.18419273654285
01-02 06:00:00,122.00134343966444
01-02 07:00:00,121.81723013413537
01-02 08:00:00,122.4218666683224
01-02 09:00:00,120.10852485411523
01-02 10:00:00,118.770683256312
01-02 11:00:00,115.95964123066486
01-02 12:00:00,117.39890419340254
01-02 13:00:00,117.21594126613388
01-02 14:00:00,116.35482463086655
01-02 15:00:00,117.22880053585797
01-02 16:00:00,119.84224216602992
01-02 17:00:00,122.42907648748923
01-02 18:00:00,124.3924760629143
01-02 19:00:00,126.26926489539782
01-02 20:00:00,127.03596181034088
01-02 21:00:00,128.22230676568023
01-02 22:00:00,130.4357254906925
01-02 23:00:00,132.59396930409767
01-03 00:00:00,138.18336537847927
01-03 01:00:00,140.19383312008523
01-03 02:00:00,140.50584092220365
01-03 03:00:00,140.6919718549578
01-03 04:00:00,140.91256187929085
01-03 05:00:00,142.03354809803415
01-03 06:00:00,142.90017678490784
01-03 07:00:00,143.8443943209466
01-03 08:00:00,143.54625236437056
01-03 09:00:00,140.8460155433472
01-03 10:00:00,138.08919233830125
01-03 11:00:00,135.96209974183841
01-03 12:00:00,133.98893637555568
01-03 13:00:00,133.0753246497561
01-03 14:00:00,132.27197730940247
01-03 15:00:00,132.09704576524774
01-03 16:00:00,132.76596594751237
01-03 17:00:00,132.9400709795333
01-03 18:00:00,134.1254379405629
01-03 19:00:00,135.84231685553752
01-03 20:00:00,138.15310206052254
01-03 21:00:00,137.10213527477285
01-03 22:00:00,136.4062552989496
01-03 23:00:00,136.07069991791258
01-04 00:00:00,135.87182460982004
01-04 01:00:00,140.30946267503518
01-04 02:00:00,143.02185789241327
01-04 03:00:00,139.9925456473087
01-04 04:00:00,142.10648637344246
01-04 05:00:00,141.97329087338704
01-04 06:00:00,141.95828872644415
01-04 07:00:00,142.09189369896887
01-04 08:00:00,140.96858768579244
01-04 09:00:00,137.86319315801651
01-04 10:00:00,135.84698100642902
01-04 11:00:00,133.93109584941942
01-04 12:00:00,130.340705338312
01-04 13:00:00,127.82513107496742
01-04 14:00:00,127.58908875396423
01-04 15:00:00,128.51369157510334
01-04 16:00:00,131.55206135592312
01-04 17:00:00,134.19921050371897
01-04 18:00:00,135.93549286041218
01-04 19:00:00,137.83246065778042
01-04 20:00:00,136.93159535933245
01-04 21:00:00,138.03133596587296
01-04 22:00:00,140.0349583051385
01-04 23:00:00,141.98865692240986
01-05 00:00:00,143.93673950234984
01-05 01:00:00,145.0180254734892
01-05 02:00:00,145.72417650747076
01-05 03:00:00,145.70229743858533
01-05 04:00:00,143.5498420787975
01-05 05:00:00,143.7182380682597
01-05 06:00:00,144.92500955796257
01-05 07:00:00,145.72251010223818
01-05 08:00:00,146.90081810868003
01-05 09:00:00,146.12288082731277
01-05 10:00:00,143.18287429891006
01-05 11:00:00,139.86138134307038
01-05 12:00:00,137.48222083717198
01-05 13:00:00,136.96436695305727
01-05 14:00:00,138.16148774410522
01-05 15:00:00,140.4580218150811
01-05 16:00:00,140.83723452585264
01-05 17:00:00,141.1811092537726
01-05 18:00:00,142.25956669662384
01-05 19:00:00,144.10630932447418
01-05 20:00:00,144.4304329490197
01-05 21:00:00,145.23710983644952
01-05 22:00:00,144.83035428699884
01-05 23:00:00,146.70123559099915
01-06 00:00:00,147.58609595776272
01-06 01:00:00,148.06163104730345
01-06 02:00:00,150.0736773833258
01-06 03:00:00,151.16237936058883
01-06 04:00:00,153.9576560923939
01-06 05:00:00,158.34648480127822
01-06 06:00:00,159.21513801934964
01-06 07:00:00,159.1349352520715
01-06 08:00:00,158.69443969037036
01-06 09:00:00,156.3974388142301
01-06 10:00:00,155.12692084985036
01-06 11:00:00,151.44745785586133
01-06 12:00:00,150.13166636082224
01-06 13:00:00,149.83558061990857
01-06 14:00:00,148.8392863583499
01-06 15:00:00,147.47195478941674
01-06 16:00:00,150.2781064025488
01-06 17:00:00,151.90360938540107
01-06 18:00:00,151.86163256659856
01-06 19:00:00,151.86833153301995
01-06 20:00:00,151.95294264670707
01-06 21:00:00,152.80549776938238
01-06 22:00:00,152.80549776938238
01-06 23:00:00,153.62606624590615
01-07 00:00:00,153.59177875536025
01-07 01:00:00,153.677451342846
01-07 02:00:00,153.80696468864278
01-07 03:00:00,152.39467344649063
01-07 04:00:00,153.60405738185685
01-07 05:00:00,154.9163549305074
01-07 06:00:00,156.025451347638
01-07 07:00:00,156.35681918614955
01-07 08:00:00,158.45547850564475
01-07 09:00:00,156.81044261147701
01-07 10:00:00,150.3397983769826
01-07 11:00:00,144.82225936044767
01-07 12:00:00,141.41371594024713
01-07 13:00:00,137.64705979393972
01-07 14:00:00,135.63357766973735
01-07 15:00:00,138.60020538899312
01-07 16:00:00,142.33106878345703
01-07 17:00:00,148.0127809700969
01-07 18:00:00,148.95240529922904
01-07 19:00:00,151.52291193798652
01-07 20:00:00,151.565019955597
01-07 21:00:00,150.96654171846274
01-07 22:00:00,154.5001732490881
01-07 23:00:00,157.08343305521225
01-08 00:00:00,157.88696099062298
01-08 01:00:00,161.40254687456863
01-08 02:00:00,158.65792311996142
01-08 03:00:00,159.4221466506973
01-08 04:00:00,159.07086833249573
01-08 05:00:00,160.81088423220334
01-08 06:00:00,162.63539793606137
01-08 07:00:00,165.15657766726346
01-08 08:00:00,164.75317573047337
01-08 09:00:00,163.48921933170286
01-08 10:00:00,156.163531044775
01-08 11:00:00,146.2182298243461
01-08 12:00:00,140.26137465265822
01-08 13:00:00,134.25474858365232
01-08 14:00:00,134.67620796312193
01-08 15:00:00,141.68867823275338
01-08 16:00:00,148.70750840951905
01-08 17:00:00,153.90881052834263
01-08 18:00:00,159.10990537245127
01-08 19:00:00,164.75364511305253
01-08 20:00:00,167.59082384737417
01-08 21:00:00,172.25989397050495
01-08 22:00:00,174.2483109608211
01-08 23:00:00,179.02054454726152
01-09 00:00:00,180.94567677513277
01-09 01:00:00,182.74643573172546
01-09 02:00:00,186.36131081142963
01-09 03:00:00,188.26010721953932
01-09 04:00:00,189.81481813271753
01-09 05:00:00,190.0708659999042
01-09 06:00:00,191.84335752316719
01-09 07:00:00,192.93975945786778
01-09 08:00:00,192.50530112681793
01-09 09:00:00,188.63143165524755
01-09 10:00:00,177.27177406810875
01-09 11:00:00,165.02512939218644
01-09 12:00:00,156.75978612154438
01-09 13:00:00,153.34955400402578
01-09 14:00:00,154.23908805186397
01-09 15:00:00,152.29458870369467
01-09 16:00:00,155.22051378432764
01-09 17:00:00,158.91755918263206
01-09 18:00:00,159.2841015570778
01-09 19:00:00,162.89169092440287
01-09 20:00:00,167.94756519046223
01-09 21:00:00,170.66111992422213
01-09 22:00:00,172.05886116418154
01-09 23:00:00,171.05970535801404
01-10 00:00:00,174.042817995986
01-10 01:00:00,173.51840657591697
01-10 02:00:00,176.77212742335558
01-10 03:00:00,180.44230681216797
01-10 04:00:00,183.9355693189417
01-10 05:00:00,186.84538516715122
01-10 06:00:00,188.59705676816822
01-10 07:00:00,189.7697408273376
01-10 08:00:00,188.73581884763138
01-10 09:00:00,188.45435400191852
01-10 10:00:00,176.65442984999655
01-10 11:00:00,169.6660557813424
01-10 12:00:00,166.89636763597457
01-10 13:00:00,160.98152227572535
01-10 14:00:00,162.2233977179277
01-10 15:00:00,167.37358996308905
01-10 16:00:00,170.02103202908395
01-10 17:00:00,171.39400425728678
01-10 18:00:00,166.69105691635528
01-10 19:00:00,170.59691367120234
01-10 20:00:00,181.2862901444656
01-10 21:00:00,185.27441231573692
01-10 22:00:00,181.50335540024253
01-10 23:00:00,185.37255943642373
01-11 00:00:00,188.17140402917198
01-11 01:00:00,189.82142164604892
01-11 02:00:00,196.6682047849234
01-11 03:00:00,197.6691997740987
01-11 04:00:00,195.49207263679136
01-11 05:00:00,196.7889295255458
01-11 06:00:00,199.45457293008593
01-11 07:00:00,199.87484515303066
01-11 08:00:00,196.5955488700509
01-11 09:00:00,192.13029508992827
01-11 10:00:00,188.39137648495296
01-11 11:00:00,179.49425486900307
01-11 12:00:00,172.3651132118861
01-11 13:00:00,170.77736594990077
01-11 14:00:00,170.51107538120584
01-11 15:00:00,175.77825802986692
01-11 16:00:00,178.87778430145124
01-11 17:00:00,182.38615593833288
01-11 18:00:00,182.7764384307318
01-11 19:00:00,184.93778532181744
01-11 20:00:00,181.11646388162376
01-11 21:00:00,185.51147118414752
01-11 22:00:00,184.03581709648518
01-11 23:00:00,181.43299109342263
01-12 00:00:00,180.912671737923
01-12 01:00:00,177.96682769643894
01-12 02:00:00,181.1803316142437
01-12 03:00:00,179.6825235266244
01-12 04:00:00,177.2354708394186
01-12 05:00:00,177.56708745534132
01-12 06:00:00,170.27781541987252
01-12 07:00:00,175.26955210904015
01-12 08:00:00,165.05373720625306
01-12 09:00:00,160.41407442644578
01-12 10:00:00,157.16845978210227
01-12 11:00:00,146.97150595332437
01-12 12:00:00,149.16611162432497
01-12 13:00:00,147.84499501309796
01-12 14:00:00,141.9125274122386
01-12 15:00:00,148.47307429543608
01-12 16:00:00,149.28634744772012
01-12 17:00:00,143.38950792856548
01-12 18:00:00,145.8402383515696
01-12 19:00:00,145.73154237739737
01-12 20:00:00,143.2134953319008
01-12 21:00:00,140.6361734515314
01-12 22:00:00,138.12374356847982
01-12 23:00:00,137.2087480227177
01-13 00:00:00,135.64820638977335
01-13 01:00:00,136.18481223264186
01-13 02:00:00,136.91349093145232
01-13 03:00:00,133.7245199058619
01-13 04:00:00,130.94704363662174
01-13 05:00:00,131.04045890443322
01-13 06:00:00,129.585952695256
01-13 07:00:00,131.46000733251947
01-13 08:00:00,131.82517926007347
01-13 09:00:00,128.77292182180258
01-13 10:00:00,127.53934498705279
01-13 11:00:00,127.24437945983692
01-13 12:00:00,126.20602185176068
01-13 13:00:00,122.92703125473265
01-13 14:00:00,122.75526673475471
01-13 15:00:00,119.61559327511571
01-13 16:00:00,118.92345711006385
01-13 17:00:00,120.74051872398496
01-13 18:00:00,109.84454444518208
01-13 19:00:00,116.45564498388987
01-13 20:00:00,129.65130753106877
01-13 21:00:00,137.30941306871125
01-13 22:00:00,138.77513927598537
01-13 23:00:00,138.6463769708434
01-14 00:00:00,136.91405619383465
01-14 01:00:00,132.8060316594426
01-14 02:00:00,123.28370553757638
01-14 03:00:00,99.56796461351553
01-14 04:00:00,95.27300630544804
01-14 05:00:00,95.1694927890965
01-14 06:00:00,97.60936193666682
01-14 07:00:00,110.68963632154998
01-14 08:00:00,133.42223636618425
01-14 09:00:00,136.69560537919367
01-14 10:00:00,137.7410927578381
01-14 11:00:00,137.7410927578381
01-14 12:00:00,140.41282290804511
01-14 13:00:00,137.9493152392595
01-14 14:00:00,138.62888773758417
01-14 15:00:00,139.35230498378348
01-14 16:00:00,140.90558970638662
01-14 17:00:00,141.53006372713526
01-14 18:00:00,142.19968930215174
01-14 19:00:00,141.97329087338704
01-14 20:00:00,141.84091108213892
01-14 21:00:00,141.70934269109983
01-14 22:00:00,140.78801108835455
01-14 23:00:00,140.65805260341682
01-15 00:00:00,139.87020763337836
01-15 01:00:00,138.8093730262346
01-15 02:00:00,138.87365489800882
01-15 03:00:00,139.72351886847576
01-15 04:00:00,140.48795215188426
01-15 05:00:00,140.90270233423388
01-15 06:00:00,143.03380459117537
01-15 07:00:00,145.08934572573446
01-15 08:00:00,145.79523452558828
01-15 09:00:00,145.76844459482996
01-15 10:00:00,145.70092134440665
01-15 11:00:00,145.8772437613673
01-15 12:00:00,147.56910057181332
01-15 13:00:00,149.73731220025573
01-15 14:00:00,152.37997757841512
01-15 15:00:00,157.5919468600867
01-15 16:00:00,161.09535106472765
01-15 17:00:00,164.97046119381224
01-15 18:00:00,167.33019221931568
01-15 19:00:00,167.54056248877606
01-15 20:00:00,167.66797157058753
01-15 21:00:00,167.66797157058753
01-15 22:00:00,168.9866446796258
01-15 23:00:00,177.7126069153046
01-16 00:00:00,186.54378443150938
01-16 01:00:00,186.89705625230164
01-16 02:00:00,187.08571956533694
01-16 03:00:00,189.16646494941682
01-16 04:00:00,192.26857551354647
01-16 05:00:00,191.4472578363892
01-16 06:00:00,192.72239482331702
01-16 07:00:00,191.90279387710424
01-16 08:00:00,194.1203563035284
01-16 09:00:00,187.1902667617003
01-16 10:00:00,181.1271599517267
01-16 11:00:00,177.5017582503691
01-16 12:00:00,174.31905963623328
01-16 13:00:00,171.4000584155526
01-16 14:00:00,170.63089506612343
01-16 15:00:00,175.7204054533043
01-16 16:00:00,180.5204531053663
01-16 17:00:00,183.6051679186668
01-16 18:00:00,181.35918837474534
01-16 19:00:00,180.6777876947551
01-16 20:00:00,185.24289300576118
01-16 21:00:00,185.56395036130243
01-16 22:00:00,181.76229425312772
01-16 23:00:00,182.84461628274136
01-17 00:00:00,185.0203822681329
01-17 01:00:00,181.76189849534063
01-17 02:00:00,174.97668549920937
01-17 03:00:00,171.77158488349937
01-17 04:00:00,172.02711794623013
01-17 05:00:00,171.7739722403549
01-17 06:00:00,173.29349291021225
01-17 07:00:00,168.79080652308946
01-17 08:00:00,152.9357757867873
01-17 09:00:00,153.46297823846874
01-17 10:00:00,146.25445966318148
01-17 11:00:00,140.493165754459
01-17 12:00:00,135.50191333164764
01-17 13:00:00,135.06483619309867
01-17 14:00:00,135.8816328333702
01-17 15:00:00,137.3552101742735
01-17 16:00:00,138.28217067445917
01-17 17:00:00,137.49766471023997
01-17 18:00:00,136.66953387333675
01-17 19:00:00,134.35561442992287
01-17 20:00:00,133.55226708956923
01-17 21:00:00,132.5618991394532
01-17 22:00:00,132.6009591862836
01-17 23:00:00,130.96775788860572
01-18 00:00:00,131.17927094912199
01-18 01:00:00,132.99267247724617
01-18 02:00:00,133.8031047340682
01-18 03:00:00,133.91031633829795
01-18 04:00:00,132.41938590442606
01-18 05:00:00,135.00911984860255
01-18 06:00:00,136.81164636163606
01-18 07:00:00,136.1532154316086
01-18 08:00:00,132.86974607284748
01-18 09:00:00,129.62316448585233
01-18 10:00:00,130.22020208999783
01-18 11:00:00,129.87947808914743
01-18 12:00:00,130.0302009173399
01-18 13:00:00,127.78552056547967
01-18 14:00:00,126.14951441384748
01-18 15:00:00,126.85196122626454
01-18 16:00:00,129.81581199126117
01-18 17:00:00,132.93734065677205
01-18 18:00:00,138.06722366174762
01-18 19:00:00,145.63318128003613
01-18 20:00:00,146.6475110008309
01-18 21:00:00,150.620144543289
01-18 22:00:00,149.65480097514563
01-18 23:00:00,153.1778174162513
01-19 00:00:00,161.2553562587446
01-19 01:00:00,158.5323997507536
01-19 02:00:00,161.51029870042765
01-19 03:00:00,168.732104690827
01-19 04:00:00,169.53295937547443
01-19 05:00:00,172.7989650662821
01-19 06:00:00,171.35955646055638
01-19 07:00:00,179.78040485180736
01-19 08:00:00,171.87615378024594
01-19 09:00:00,170.0855645015062
01-19 10:00:00,160.67204354957852
01-19 11:00:00,152.93656427628636
01-19 12:00:00,146.24927705226048
01-19 13:00:00,136.8434909876937
01-19 14:00:00,130.87409263942402
01-19 15:00:00,129.08751266333059
01-19 16:00:00,128.3256193536013
01-19 17:00:00,130.18526635367243
01-19 18:00:00,134.24530102911507
01-19 19:00:00,132.03232280111794
01-19 20:00:00,127.95752494529171
01-19 21:00:00,124.6901448783661
01-19 22:00:00,125.27449929514383
01-19 23:00:00,129.93112353028667
01-20 00:00:00,131.50327338565705
01-20 01:00:00,135.6271560113853
01-20 02:00:00,137.35323788480287
01-20 03:00:00,132.55168037092164
01-20 04:00:00,135.11080579181169
01-20 05:00:00,138.2994468308237
01-20 06:00:00,139.93501724192072
01-20 07:00:00,135.53645829671888
01-20 08:00:00,138.41929753543383
01-20 09:00:00,132.1661101386075
01-20 10:00:00,123.42530483839653
01-20 11:00:00,115.83248687960938
01-20 12:00:00,114.84767678168939
01-20 13:00:00,109.09897610661469
01-20 14:00:00,103.8204509105987
01-20 15:00:00,99.15402113701984
01-20 16:00:00,100.26502398533094
01-20 17:00:00,101.61969869471676
01-20 18:00:00,105.16927226289695
01-20 19:00:00,103.91701550923054
01-20 20:00:00,104.55435686029315
01-20 21:00:00,107.41153052479707
01-20 22:00:00,113.32790819294223
01-20 23:00:00,116.35849081058444
01-21 00:00:00,115.26251525887969
01-21 01:00:00,114.34890805913305
01-21 02:00:00,110.58538306406531
01-21 03:00:00,110.70234131769455
01-21 04:00:00,98.86000471472909
01-21 05:00:00,95.10279986299507
01-21 06:00:00,92.38834665601792
01-21 07:00:00,96.25481714090802
01-21 08:00:00,96.45924950998146
01-21 09:00:00,92.1838603202356
01-21 10:00:00,89.55779732866668
01-21 11:00:00,86.39194484964916
01-21 12:00:00,78.70239021640171
01-21 13:00:00,75.43601293083785
01-21 14:00:00,80.88849012933328
01-21 15:00:00,78.8223297897558
01-21 16:00:00,80.64252598172405
01-21 17:00:00,89.89826111614059
01-21 18:00:00,90.88612430208936
01-21 19:00:00,92.19310494851379
01-21 20:00:00,97.17542007170262
01-21 21:00:00,92.82694807770558
01-21 22:00:00,90.15172210079338
01-21 23:00:00,86.98932229619814
01-22 00:00:00,87.8603129362655
01-22 01:00:00,91.39101488186125
01-22 02:00:00,99.8656711755772
01-22 03:00:00,98.15859495734682
01-22 04:00:00,92.99675002977511
01-22 05:00:00,99.44642347684649
01-22 06:00:00,95.18711963008306
01-22 07:00:00,98.58922818821418
01-22 08:00:00,91.397350933766
01-22 09:00:00,99.11699582452562
01-22 10:00:00,88.74687791720379
01-22 11:00:00,81.86352313222571
01-22 12:00:00,82.12619543789492
01-22 13:00:00,79.88841417198523
01-22 14:00:00,77.8834189694519
01-22 15:00:00,79.76090324944118
01-22 16:00:00,84.53389647633404
01-22 17:00:00,86.84886860151965
01-22 18:00:00,90.76135139476926
01-22 19:00:00,97.6742609299398
01-22 20:00:00,104.18412332113786
01-22 21:00:00,101.02018250160201
01-22 22:00:00,102.24353680261027
01-22 23:00:00,108.73931140528182
01-23 00:00:00,110.66879450743329
01-23 01:00:00,119.23595350708962
01-23 02:00:00,119.09402625006753
01-23 03:00:00,119.96349297337643
01-23 04:00:00,120.95177539890926
01-23 05:00:00,122.9588749074199
01-23 06:00:00,129.2901073105586
01-23 07:00:00,130.7612022815219
01-23 08:00:00,129.03045723939513
01-23 09:00:00,128.31788147206302
01-23 10:00:00,130.4894894878426
01-23 11:00:00,127.1128105167604
01-23 12:00:00,119.55841073751151
01-23 13:00:00,115.17203508170792
01-23 14:00:00,115.80450411300824
01-23 15:00:00,118.69883804597967
01-23 16:00:00,119.47741264921916
01-23 17:00:00,125.5247834157963
01-23 18:00:00,121.93661251035522
01-23 19:00:00,124.28228155237642
01-23 20:00:00,131.21342753040935
01-23 21:00:00,130.41760790480419
01-23 22:00:00,128.90434896120706
01-23 23:00:00,127.51694431961585
01-24 00:00:00,125.3376734793704
01-24 01:00:00,123.41166347210583
01-24 02:00:00,119.38718126330811
01-24 03:00:00,112.96482802169086
01-24 04:00:00,124.44226061920799
01-24 05:00:00,126.81974364696879
01-24 06:00:00,128.94876642475958
01-24 07:00:00,131.6174169612629
01-24 08:00:00,139.820811694688
01-24 09:00:00,135.90220711799486
01-24 10:00:00,133.07285649863866
01-24 11:00:00,127.61172733702668
01-24 12:00:00,125.90232058026564
01-24 13:00:00,126.79345128318391
01-24 14:00:00,130.710181366926
01-24 15:00:00,135.43072680559527
01-24 16:00:00,144.4572792169916
01-24 17:00:00,149.18946448119726
01-24 18:00:00,148.7242175643408
01-24 19:00:00,155.0577700398387
01-24 20:00:00,153.1373065835918
01-24 21:00:00,150.50521081394072
01-24 22:00:00,152.50200892894634
01-24 23:00:00,151.4426682315123
01-25 00:00:00,148.04580358483605
01-25 01:00:00,146.16196712743854
01-25 02:00:00,146.8507688199503
01-25 03:00:00,155.50490659629412
01-25 04:00:00,159.07885179773152
01-25 05:00:00,157.42965685418582
01-25 06:00:00,157.93733439059454
01-25 07:00:00,155.2634659789274
01-25 08:00:00,153.643794251416
01-25 09:00:00,151.918291816852
01-25 10:00:00,145.85515125810753
01-25 11:00:00,145.84256801949994
01-25 12:00:00,141.49790317003254
01-25 13:00:00,138.12068406734795
01-25 14:00:00,141.1819720246757
01-25 15:00:00,140.60145407803293
01-25 16:00:00,141.46048436031737
01-25 17:00:00,150.0637179697315
01-25 18:00:00,147.83026174893627
01-25 19:00:00,147.4306284302117
01-25 20:00:00,143.0772994936768
01-25 21:00:00,141.54586279836485
01-25 22:00:00,138.25048114336704
01-25 23:00:00,140.07110841767613
01-26 00:00:00,140.99818953463605
01-26 01:00:00,140.2986725949281
01-26 02:00:00,143.82502047293139
01-26 03:00:00,145.76850955665938
01-26 04:00:00,142.55297444043651
01-26 05:00:00,149.62247563529476
01-26 06:00:00,148.22418712098585
01-26 07:00:00,147.03385238537336
01-26 08:00:00,148.15329146609247
01-26 09:00:00,144.62449860135848
01-26 10:00:00,139.6793437860456
01-26 11:00:00,137.74007588371268
01-26 12:00:00,132.23483689979247
01-26 13:00:00,129.95643375614776
01-26 14:00:00,134.4938076213902
01-26 15:00:00,134.57353764212272
01-26 16:00:00,137.2557926348999
01-26 17:00:00,140.1661109687911
01-26 18:00:00,145.20734482556483
01-26 19:00:00,148.4597551061508
01-26 20:00:00,147.6634933615057
01-26 21:00:00,151.39270055773653
01-26 22:00:00,153.86124429459704
01-26 23:00:00,155.61620059781808
01-27 00:00:00,160.90036657831845
01-27 01:00:00,166.1153930597825
01-27 02:00:00,166.1102321754065
01-27 03:00:00,166.41615292431402
01-27 04:00:00,168.13131151594558
01-27 05:00:00,165.45020968726186
01-27 06:00:00,163.91787355462188
01-27 07:00:00,165.98796392332127
01-27 08:00:00,165.98796392332127
01-27 09:00:00,164.51109043788196
01-27 10:00:00,169.2327069613217
01-27 11:00:00,170.97655429650257
01-27 12:00:00,166.82617952733725
01-27 13:00:00,164.46811225586197
01-27 14:00:00,161.4518718621367
01-27 15:00:00,162.08603382302817
01-27 16:00:00,161.78522772980972
01-27 17:00:00,158.72602561756463
01-27 18:00:00,155.89365445053403
01-27 19:00:00,153.82115827020914
01-27 20:00:00,151.65595030716207
01-27 21:00:00,148.84525214627183
01-27 22:00:00,147.7779808159397
01-27 23:00:00,144.5002965080693
01-28 00:00:00,143.57527738654653
01-28 01:00:00,143.29788496125843
01-28 02:00:00,141.3310898640062
01-28 03:00:00,139.52489872820036
01-28 04:00:00,137.58431368143857
01-28 05:00:00,134.77623643527795
01-28 06:00:00,131.43263083524752
01-28 07:00:00,128.78475989386993
01-28 08:00:00,125.13239272890794
01-28 09:00:00,125.09196162841583
01-28 10:00:00,120.6527463164332
01-28 11:00:00,118.66308390645491
01-28 12:00:00,118.79573390301803
01-28 13:00:00,119.44826724008476
01-28 14:00:00,114.43552410220543
01-28 15:00:00,114.43552410220543
01-28 16:00:00,112.0767272530404
01-28 17:00:00,106.83964905917729
01-28 18:00:00,82.45079229444025
01-28 19:00:00,88.18546396679258
01-28 20:00:00,68.7538235015879
01-28 21:00:00,91.44094133143064
01-28 22:00:00,101.0912139028159
01-28 23:00:00,106.930291357259
01-29 00:00:00,104.34127658524307
01-29 01:00:00,105.89543969294462
01-29 02:00:00,106.08547169550194
01-29 03:00:00,107.22075036881552
01-29 04:00:00,108.0557417403293
01-29 05:00:00,111.43807942958128
01-29 06:00:00,108.93729163316334
01-29 07:00:00,100.22501958573133
01-29 08:00:00,73.65677778106114
01-29 09:00:00,69.69211945581034
01-29 10:00:00,69.72191620979685
01-29 11:00:00,71.56193148625896
01-29 12:00:00,83.68607368441576
01-29 13:00:00,97.5081016542349
01-29 14:00:00,94.01508866455993
01-29 15:00:00,81.39697328832098
01-29 16:00:00,73.88106926481582
01-29 17:00:00,78.38974441914873
01-29 18:00:00,93.70735877167736
01-29 19:00:00,94.57777333206104
01-29 20:00:00,96.5222298595515
01-29 21:00:00,90.78530497736321
01-29 22:00:00,87.41454968087345
01-29 23:00:00,86.69698951016863
01-30 00:00:00,84.69704706350853
01-30 01:00:00,84.1015569951783
01-30 02:00:00,87.64181845726824
01-30 03:00:00,88.10202820531316
01-30 04:00:00,96.89074986564415
01-30 05:00:00,98.64638618473364
01-30 06:00:00,105.8808646362976
01-30 07:00:00,112.67872934286413
01-30 08:00:00,112.83181073320486
01-30 09:00:00,109.72789624953641
01-30 10:00:00,108.75146520002792
01-30 11:00:00,99.67453364499283
01-30 12:00:00,101.69550294321319
01-30 13:00:00,102.66202887368902
01-30 14:00:00,104.98206653905744
01-30 15:00:00,107.24955715580136
01-30 16:00:00,107.48119179287602
01-30 17:00:00,110.42182304976463
01-30 18:00:00,110.59488021813321
01-30 19:00:00,111.32426884816309
01-30 20:00:00,110.4668593402352
01-30 21:00:00,111.44492511387128
01-30 22:00:00,112.42716397832066
01-30 23:00:00,111.06649873562273
01-31 00:00:00,110.2488126957592
01-31 01:00:00,109.27387079067827
01-31 02:00:00,110.03845084132934
01-31 03:00:00,110.04031321067094
01-31 04:00:00,112.32700317196311
01-31 05:00:00,110.37376639620302
01-31 06:00:00,113.65673638581315
01-31 07:00:00,113.88563897946513
01-31 08:00:00,112.26387964769074
01-31 09:00:00,114.74417299620058
01-31 10:00:00,112.75515364081141
01-31 11:00:00,109.82167430283516
01-31 12:00:00,105.42282421632859
01-31 13:00:00,100.92502951673498
01-31 14:00:00,97.79504957973815
01-31 15:00:00,94.07010919881873
01-31 16:00:00,92.76445047387492
01-31 17:00:00,96.45932529988241
01-31 18:00:00,101.02901844333236
01-31 19:00:00,103.33634956788993
01-31 20:00:00,109.33270940508788
01-31 21:00:00,110.28660327653657
01-31 22:00:00,113.30019288783784
01-31 23:00:00,111.73096810793517
02-01 00:00:00,110.28660327653657
02-01 01:00:00,108.18153051533987
02-01 02:00:00,108.79943795075584
02-01 03:00:00,108.77410682761189
02-01 04:00:00,107.1831066660387
02-01 05:00:00,109.9453837404057
02-01 06:00:00,108.30005033936166
02-01 07:00:00,105.1058046732256
02-01 08:00:00,104.4293302889165
02-01 09:00:00,104.08506417059968
02-01 10:00:00,101.97833805887059
02-01 11:00:00,101.70569320182899
02-01 12:00:00,97.29978622600896
02-01 13:00:00,90.89196368651689
02-01 14:00:00,93.12227121353644
02-01 15:00:00,95.83021566770213
02-01 16:00:00,99.38559497662948
02-01 17:00:00,99.27591135528456
02-01 18:00:00,100.74869225234048
02-01 19:00:00,100.84553219183826
02-01 20:00:00,101.59739654274969
02-01 21:00:00,101.47748815271474
02-01 22:00:00,100.85941882926284
02-01 23:00:00,103.04822803461012
02-02 00:00:00,103.85988122870089
02-02 01:00:00,103.85988122870089
02-02 02:00:00,100.2584997457082
02-02 03:00:00,95.09657376084792
02-02 04:00:00,100.69905605088582
02-02 05:00:00,104.49405133360152
02-02 06:00:00,106.79212146438199
02-02 07:00:00,104.69748840750614
02-02 08:00:00,103.03522544983767
02-02 09:00:00,99.13291259852045
02-02 10:00:00,95.29024143013706
02-02 11:00:00,91.24645987964644
02-02 12:00:00,86.6714767653014
02-02 13:00:00,86.7985374031634
02-02 14:00:00,83.89990833089955
02-02 15:00:00,83.27018788971122
02-02 16:00:00,83.31937498388673
02-02 17:00:00,86.12597751241998
02-02 18:00:00,86.14305415133325
02-02 19:00:00,87.47757325020888
02-02 20:00:00,89.36146773175207
02-02 21:00:00,90.31756469015298
02-02 22:00:00,84.76304126658079
02-02 23:00:00,91.04200761149583
02-03 00:00:00,91.75032761957858
02-03 01:00:00,89.66758077966263
02-03 02:00:00,90.98801357603045
02-03 03:00:00,91.78818441781843
02-03 04:00:00,91.63147041041282
02-03 05:00:00,93.4750800136714
02-03 06:00:00,89.87952718952303
02-03 07:00:00,92.04586336147838
02-03 08:00:00,91.7363382911704
02-03 09:00:00,89.04006778193651
02-03 10:00:00,78.85709263915544
02-03 11:00:00,73.72079443757927
02-03 12:00:00,73.51627490652028
02-03 13:00:00,77.03976328982549
02-03 14:00:00,76.61198381528936
02-03 15:00:00,77.67344940686681
02-03 16:00:00,79.27942022882658
02-03 17:00:00,77.82189890599538
02-03 18:00:00,77.98234558293134
02-03 19:00:00,68.30774820865582
02-03 20:00:00,67.87809474190445
02-03 21:00:00,78.21407138244744
02-03 22:00:00,82.90480452832509
02-03 23:00:00,71.96032252694222
02-04 00:00:00,66.35980535126816
02-04 01:00:00,68.91581944083339
02-04 02:00:00,84.0819145809838
02-04 03:00:00,87.78846751006839
02-04 04:00:00,91.50146465592876
02-04 05:00:00,89.74355590167826
02-04 06:00:00,92.0093353043377
02-04 07:00:00,103.34106329786488
02-04 08:00:00,105.3189613278299
02-04 09:00:00,97.14298672376472
02-04 10:00:00,87.09029495829384
02-04 11:00:00,75.45904249233894
02-04 12:00:00,67.94523176968501
02-04 13:00:00,67.31629273106856
02-04 14:00:00,68.01106291036339
02-04 15:00:00,68.20711154444486
02-04 16:00:00,71.76226390283358
02-04 17:00:00,78.09454662403888
02-04 18:00:00,85.02492620227983
02-04 19:00:00,88.64164008138049
02-04 20:00:00,86.64012158008782
02-04 21:00:00,91.4310815874583
02-04 22:00:00,91.26825488485599
02-04 23:00:00,92.04354758810261
02-05 00:00:00,94.06423120507806
02-05 01:00:00,94.07565214519295
02-05 02:00:00,97.60527714190965
02-05 03:00:00,99.99506105682651
02-05 04:00:00,100.85541598546065
02-05 05:00:00,103.92820822331893
02-05 06:00:00,105.10573772094386
02-05 07:00:00,107.78646387398595
02-05 08:00:00,111.98317969273786
02-05 09:00:00,96.22074483810644
02-05 10:00:00,84.13963065987801
02-05 11:00:00,77.29556111453552
02-05 12:00:00,63.764718245555045
02-05 13:00:00,51.77591733829695
02-05 14:00:00,50.34466834213516
02-05 15:00:00,51.148213115136
02-05 16:00:00,60.32604885320696
02-05 17:00:00,61.917215021301
02-05 18:00:00,67.62657900495627
02-05 19:00:00,73.06299670633099
02-05 20:00:00,74.01214500503701
02-05 21:00:00,81.03341985338886
02-05 22:00:00,83.97307339260357
02-05 23:00:00,87.96263691075367
02-06 00:00:00,88.27824373272446
02-06 01:00:00,88.76627369649817
02-06 02:00:00,93.7846603408632
02-06 03:00:00,97.4312483121391
02-06 04:00:00,97.10037591249693
02-06 05:00:00,98.42359163608239
02-06 06:00:00,100.6614203019629
02-06 07:00:00,100.07433994894203
02-06 08:00:00,101.37689986293839
02-06 09:00:00,97.36423356272586
02-06 10:00:00,91.12943170206088
02-06 11:00:00,89.04408508671327
02-06 12:00:00,81.87972718911509
02-06 13:00:00,77.70346599093361
02-06 14:00:00,80.61989160543322
02-06 15:00:00,77.72197385591413
02-06 16:00:00,79.08730991299227
02-06 17:00:00,83.9795233044523
02-06 18:00:00,84.87338803261761
02-06 19:00:00,88.07690344819328
02-06 20:00:00,90.54652118429189
02-06 21:00:00,93.36186520892247
02-06 22:00:00,92.31231939638536
02-06 23:00:00,94.27815504241046
02-07 00:00:00,98.50855118630088
02-07 01:00:00,97.48897673316739
02-07 02:00:00,99.16926006560098
02-07 03:00:00,97.32109196352023
02-07 04:00:00,100.26476469230653
02-07 05:00:00,103.72020821514843
02-07 06:00:00,105.49955088607366
02-07 07:00:00,104.2004187026534
02-07 08:00:00,106.9709840427544
02-07 09:00:00,97.73790632633394
02-07 10:00:00,93.69162639070484
02-07 11:00:00,97.73623778813321
02-07 12:00:00,91.06987838428095
02-07 13:00:00,92.00632283436465
02-07 14:00:00,94.00001278185415
02-07 15:00:00,97.10636546038344
02-07 16:00:00,100.55176308391334
02-07 17:00:00,106.07861766494705
02-07 18:00:00,112.03800649729885
02-07 19:00:00,120.02867412021354
02-07 20:00:00,123.3666344246213
02-07 21:00:00,124.45429719892616
02-07 22:00:00,125.09134907813818
02-07 23:00:00,118.44758447151673
02-08 00:00:00,123.42996876455798
02-08 01:00:00,124.34755774621581
02-08 02:00:00,127.26768603779288
02-08 03:00:00,128.8455673400435
02-08 04:00:00,130.62067778464365
02-08 05:00:00,130.89255791284458
02-08 06:00:00,130.06166777325478
02-08 07:00:00,131.71891647023608
02-08 08:00:00,130.81969213926456
02-08 09:00:00,126.08285298202671
02-08 10:00:00,112.76493290720668
02-08 11:00:00,100.47679206216478
02-08 12:00:00,95.53439720611452
02-08 13:00:00,91.01334326673296
02-08 14:00:00,91.01166374339566
02-08 15:00:00,92.07533045868972
02-08 16:00:00,114.30360738145013
02-08 17:00:00,121.38706563516004
02-08 18:00:00,124.23985849991595
02-08 19:00:00,126.56428140669085
02-08 20:00:00,128.96199252112356
02-08 21:00:00,130.78912455178897
02-08 22:00:00,132.70045929252984
02-08 23:00:00,133.78100806936175
02-09 00:00:00,134.78191242157783
02-09 01:00:00,134.19343268207928
02-09 02:00:00,133.93085012751268
02-09 03:00:00,135.27044438054125
02-09 04:00:00,136.82772569556877
02-09 05:00:00,139.59126668844857
02-09 06:00:00,139.52415615285202
02-09 07:00:00,139.7802573815821
02-09 08:00:00,139.80709556441906
02-09 09:00:00,138.081198074371
02-09 10:00:00,137.10213527477285
02-09 11:00:00,136.86038235439077
02-09 12:00:00,133.8372071918883
02-09 13:00:00,132.01368370996158
02-09 14:00:00,131.84466517819345
02-09 15:00:00,131.3946684562187
02-09 16:00:00,131.92909914534826
02-09 17:00:00,134.06500710146412
02-09 18:00:00,134.86548486011435
02-09 19:00:00,139.57892523417934
02-09 20:00:00,141.47291571158672
02-09 21:00:00,140.95305927943423
02-09 22:00:00,138.93813533137654
02-09 23:00:00,137.20553328597907
02-10 00:00:00,138.97920407811432
02-10 01:00:00,140.48795215188426
02-10 02:00:00,138.6463769708434
02-10 03:00:00,138.114393615987
02-10 04:00:00,138.13813265606942
02-10 05:00:00,136.97794254263565
02-10 06:00:00,137.46375456445145
02-10 07:00:00,137.1722100706498
02-10 08:00:00,137.4465683771836
02-10 09:00:00,137.74189949422845
02-10 10:00:00,136.10213354083237
02-10 11:00:00,131.9915179225876
02-10 12:00:00,130.307859337464
02-10 13:00:00,123.02986066369274
02-10 14:00:00,118.31819318272859
02-10 15:00:00,114.52157194986931
02-10 16:00:00,119.88848557736404
02-10 17:00:00,131.39108115475452
02-10 18:00:00,142.19535636142604
02-10 19:00:00,155.80774610069696
02-10 20:00:00,163.04941950556417
02-10 21:00:00,169.6939454713784
02-10 22:00:00,174.2891185123417
02-10 23:00:00,182.24001652052613
02-11 00:00:00,188.6428781533048
02-11 01:00:00,192.48049379341313
02-11 02:00:00,196.06169315820495
02-11 03:00:00,198.49535739523498
02-11 04:00:00,201.55844537830274
02-11 05:00:00,203.77924165584628
02-11 06:00:00,203.99374482789705
02-11 07:00:00,203.1275517398362
02-11 08:00:00,201.0915267706948
02-11 09:00:00,198.40788175816584
02-11 10:00:00,195.68729653733823
02-11 11:00:00,195.22680597921683
02-11 12:00:00,192.75802011466715
02-11 13:00:00,189.72921952215754
02-11 14:00:00,186.5717305100959
02-11 15:00:00,184.6615296768915
02-11 16:00:00,185.2200950207053
02-11 17:00:00,191.19493176119482
02-11 18:00:00,194.12157754221704
02-11 19:00:00,194.7685700047351
02-11 20:00:00,195.81821535627085
02-11 21:00:00,195.16042848121197
02-11 22:00:00,197.08469219416455
02-11 23:00:00,198.97313953689434
02-12 00:00:00,203.04446116891882
02-12 01:00:00,206.48125886792837
02-12 02:00:00,205.74357285522206
02-12 03:00:00,202.50812680734936
02-12 04:00:00,203.4563020152502
02-12 05:00:00,205.25188875003406
02-12 06:00:00,205.39442127734483
02-12 07:00:00,206.4478452856772
02-12 08:00:00,202.57265954880123
02-12 09:00:00,201.17739442244437
02-12 10:00:00,197.74858616732558
02-12 11:00:00,193.1158280401654
02-12 12:00:00,187.3189590053438
02-12 13:00:00,184.71795096314008
02-12 14:00:00,185.71923702229574
02-12 15:00:00,186.36672059930024
02-12 16:00:00,189.643861843789
02-12 17:00:00,193.13404952492073
02-12 18:00:00,195.3644982665678
02-12 19:00:00,191.44552853151512
02-12 20:00:00,187.5444142019852
02-12 21:00:00,187.0398058635283
02-12 22:00:00,188.85673676041364
02-12 23:00:00,192.06361171794737
02-13 00:00:00,194.05036067156175
02-13 01:00:00,195.9023917114359
02-13 02:00:00,197.13420868175763
02-13 03:00:00,201.00700768487332
02-13 04:00:00,204.54195088294387
02-13 05:00:00,206.86489332898677
02-13 06:00:00,210.24812022057387
02-13 07:00:00,210.29802907538001
02-13 08:00:00,209.81763043718672
02-13 09:00:00,208.5206800961668
02-13 10:00:00,205.36035313751532
02-13 11:00:00,200.166726480591
02-13 12:00:00,202.42209359386771
02-13 13:00:00,200.06917641783662
02-13 14:00:00,197.04770044620892
02-13 15:00:00,196.24979622419715
02-13 16:00:00,194.901495812807
02-13 17:00:00,196.13863176542037
02-13 18:00:00,207.28080920414604
02-13 19:00:00,210.37606699188967
02-13 20:00:00,206.37746315095382
02-13 21:00:00,209.71357789988957
02-13 22:00:00,214.34933220272353
02-13 23:00:00,222.90720586079186
02-14 00:00:00,230.29772775565095
02-14 01:00:00,233.5949337060685
02-14 02:00:00,233.5837243168476
02-14 03:00:00,236.67975872025335
02-14 04:00:00,236.67144419667363
02-14 05:00:00,237.880350385192
02-14 06:00:00,242.02474417779075
02-14 07:00:00,242.03083563962014
02-14 08:00:00,236.31896447708488
02-14 09:00:00,228.94488853705815
02-14 10:00:00,208.30089360412381
02-14 11:00:00,195.7441547938919
02-14 12:00:00,187.39417174538838
02-14 13:00:00,178.71516158989434
02-14 14:00:00,173.41414648159838
02-14 15:00:00,170.08602922291254
02-14 16:00:00,172.71368124900562
02-14 17:00:00,178.02464541408466
02-14 18:00:00,184.5766258950854
02-14 19:00:00,186.07719936330878
02-14 20:00:00,188.70509932035066
02-14 21:00:00,188.15573276466614
02-14 22:00:00,185.15594855710248
02-14 23:00:00,182.61307626628576
02-15 00:00:00,179.84410372017967
02-15 01:00:00,183.93084257220215
02-15 02:00:00,186.8094153442447
02-15 03:00:00,187.58320507664425
02-15 04:00:00,186.5579306388683
02-15 05:00:00,192.07812823637994
02-15 06:00:00,185.88424395903718
02-15 07:00:00,189.03578854357062
02-15 08:00:00,181.87037049348953
02-15 09:00:00,158.40426448437364
02-15 10:00:00,146.54363211364193
02-15 11:00:00,138.8362840383266
02-15 12:00:00,129.30381176539998
02-15 13:00:00,120.96018173442665
02-15 14:00:00,119.57762520037925
02-15 15:00:00,119.59573091367932
02-15 16:00:00,120.97477808205448
02-15 17:00:00,121.88516666329829
02-15 18:00:00,121.3603440880303
02-15 19:00:00,123.51974080528844
02-15 20:00:00,120.67467716805552
02-15 21:00:00,116.01019595289854
02-15 22:00:00,117.46056112501236
02-15 23:00:00,121.37828038252165
02-16 00:00:00,122.07039074711639
02-16 01:00:00,124.07826255937323
02-16 02:00:00,121.845765492822
02-16 03:00:00,118.73661238195206
02-16 04:00:00,120.55273152392802
02-16 05:00:00,116.63923972812123
02-16 06:00:00,116.79280334835715
02-16 07:00:00,116.73549861399985
02-16 08:00:00,114.27838154360343
02-16 09:00:00,105.72367223864697
02-16 10:00:00,102.45807277186798
02-16 11:00:00,96.86382637856998
02-16 12:00:00,91.87284421278491
02-16 13:00:00,83.83284967864589
02-16 14:00:00,74.85605601190439
02-16 15:00:00,76.457885844894
02-16 16:00:00,81.00095081912572
02-16 17:00:00,84.19270521427539
02-16 18:00:00,85.48510513681003
02-16 19:00:00,91.05494018583025
02-16 20:00:00,95.39861654638744
02-16 21:00:00,96.3247029056958
02-16 22:00:00,95.40199395578794
02-16 23:00:00,100.80286769467864
02-17 00:00:00,94.805486800371
02-17 01:00:00,97.80870686025207
02-17 02:00:00,100.80594042479908
02-17 03:00:00,92.62186991814505
02-17 04:00:00,91.35138843676202
02-17 05:00:00,93.29489418686731
02-17 06:00:00,95.57078544686307
02-17 07:00:00,97.79748527019821
02-17 08:00:00,96.47231016569583
02-17 09:00:00,93.94983505669319
02-17 10:00:00,85.70538209166968
02-17 11:00:00,80.6627776625817
02-17 12:00:00,66.19595849910274
02-17 13:00:00,65.78038349160593
02-17 14:00:00,64.96393811737043
02-17 15:00:00,67.29333771637613
02-17 16:00:00,74.74888429751385
02-17 17:00:00,83.05193747835828
02-17 18:00:00,86.79888172013858
02-17 19:00:00,86.73821740951752
02-17 20:00:00,97.3792816285119
02-17 21:00:00,101.84789089094267
02-17 22:00:00,106.64675640732433
02-17 23:00:00,109.3005790427105
02-18 00:00:00,110.08519342900189
02-18 01:00:00,109.8910937722635
02-18 02:00:00,112.05476389792999
02-18 03:00:00,113.65361403161366
02-18 04:00:00,118.43186265583091
02-18 05:00:00,120.77340827239752
02-18 06:00:00,122.4501668020195
02-18 07:00:00,124.6682424449858
02-18 08:00:00,120.05733030991283
02-18 09:00:00,111.08227552105447
02-18 10:00:00,98.83554807530966
02-18 11:00:00,87.72845642217669
02-18 12:00:00,78.62965391705241
02-18 13:00:00,68.32641145264789
02-18 14:00:00,61.345694283462365
02-18 15:00:00,61.076614243209775
02-18 16:00:00,69.33332759686112
02-18 17:00:00,74.95634260830982
02-18 18:00:00,79.2269420709788
02-18 19:00:00,80.85118762798709
02-18 20:00:00,84.05330453218485
02-18 21:00:00,85.36839745899792
02-18 22:00:00,89.06375834329396
02-18 23:00:00,82.63509754585151
02-19 00:00:00,85.57782796662431
02-19 01:00:00,93.19494318388328
02-19 02:00:00,91.32054643094324
02-19 03:00:00,95.86113942152193
02-19 04:00:00,93.09048463135622
02-19 05:00:00,90.20943495544238
02-19 06:00:00,93.36802678301501
02-19 07:00:00,92.27043275357221
02-19 08:00:00,90.49548684955332
02-19 09:00:00,86.50815357936202
02-19 10:00:00,76.04853575781118
02-19 11:00:00,62.896309632300756
02-19 12:00:00,51.41863636488988
02-19 13:00:00,45.10765784023032
02-19 14:00:00,42.03994162919976
02-19 15:00:00,43.78883035771658
02-19 16:00:00,53.53348497151601
02-19 17:00:00,57.203509566120246
02-19 18:00:00,65.5335919904731
02-19 19:00:00,70.00539933324121
02-19 20:00:00,72.58147216450996
02-19 21:00:00,78.51745021211534
02-19 22:00:00,80.56178012501769
02-19 23:00:00,83.97876505476219
02-20 00:00:00,83.1067106076221
02-20 01:00:00,84.64091086652543
02-20 02:00:00,89.348340134283
02-20 03:00:00,93.00318693879828
02-20 04:00:00,101.03352856496477
02-20 05:00:00,99.74826389602512
02-20 06:00:00,98.86259881001436
02-20 07:00:00,103.63107117394432
02-20 08:00:00,102.16961015541914
02-20 09:00:00,90.60869820327967
02-20 10:00:00,75.55365994622429
02-20 11:00:00,60.20526209695053
02-20 12:00:00,50.8571179885534
02-20 13:00:00,44.76102208709145
02-20 14:00:00,41.249558564335416
02-20 15:00:00,41.90402446982827
02-20 16:00:00,50.472155188637394
02-20 17:00:00,54.494366825973636
02-20 18:00:00,59.82994200098641
02-20 19:00:00,69.10805020907128
02-20 20:00:00,72.06852244305932
02-20 21:00:00,74.52832531215182
02-20 22:00:00,79.80669691903765
02-20 23:00:00,83.96456919979791
02-21 00:00:00,81.98177947345272
02-21 01:00:00,87.0985820589096
02-21 02:00:00,90.87628723407889
02-21 03:00:00,93.0253622923347
02-21 04:00:00,100.52099273777098
02-21 05:00:00,99.76344309328198
02-21 06:00:00,106.5155278266123
02-21 07:00:00,106.38567479521242
02-21 08:00:00,104.01879355996175
02-21 09:00:00,91.47138278305594
02-21 10:00:00,72.86111887511291
02-21 11:00:00,66.49638013870425
02-21 12:00:00,54.815234307860585
02-21 13:00:00,45.17612788212906
02-21 14:00:00,37.14472196961743
02-21 15:00:00,38.12664026300628
02-21 16:00:00,49.769954552718715
02-21 17:00:00,53.200411768437235
02-21 18:00:00,60.44076655645564
02-21 19:00:00,62.86863713983739
02-21 20:00:00,74.02066977809794
02-21 21:00:00,81.10635646918666
02-21 22:00:00,77.8650551043842
02-21 23:00:00,81.49691389343255
02-22 00:00:00,82.01801275713613
02-22 01:00:00,87.08660212543765
02-22 02:00:00,88.7568652001124
02-22 03:00:00,97.9993248313929
02-22 04:00:00,98.64668302061861
02-22 05:00:00,101.79266512885727
02-22 06:00:00,98.3442604611475
02-22 07:00:00,100.40483412458721
02-22 08:00:00,88.56148986542954
02-22 09:00:00,74.69412839957502
02-22 10:00:00,57.84669322486359
02-22 11:00:00,52.93532659687982
02-22 12:00:00,46.202299338666165
02-22 13:00:00,38.290015241266616
02-22 14:00:00,37.1844090297719
02-22 15:00:00,34.39881560727838
02-22 16:00:00,37.4594754488018
02-22 17:00:00,44.93397202163798
02-22 18:00:00,47.315460869437544
02-22 19:00:00,55.12752579453407
02-22 20:00:00,54.99431214164397
02-22 21:00:00,60.130160766617145
02-22 22:00:00,67.77886203580036
02-22 23:00:00,72.1789022547911
02-23 00:00:00,71.38097134949862
02-23 01:00:00,74.35231988513364
02-23 02:00:00,77.27560960559825
02-23 03:00:00,79.38962042169413
02-23 04:00:00,90.67469048680141
02-23 05:00:00,87.36823622211014
02-23 06:00:00,88.33588957149405
02-23 07:00:00,99.70944090289642
02-23 08:00:00,91.47421810449146
02-23 09:00:00,81.99042190857088
02-23 10:00:00,72.35049952971222
02-23 11:00:00,58.9654518853291
02-23 12:00:00,47.622542569530296
02-23 13:00:00,41.01430280428265
02-23 14:00:00,34.961918880322315
02-23 15:00:00,34.63455590952843
02-23 16:00:00,37.795466397836044
02-23 17:00:00,44.93785779649825
02-23 18:00:00,50.18911195368716
02-23 19:00:00,56.39785284874673
02-23 20:00:00,62.565227957490904
02-23 21:00:00,65.657156147933
02-23 22:00:00,71.63410660274948
02-23 23:00:00,71.78972526636241
02-24 00:00:00,72.29210024057747
02-24 01:00:00,72.26203621664592
02-24 02:00:00,74.33406459216715
02-24 03:00:00,77.35335779073387
02-24 04:00:00,82.37623846891961
02-24 05:00:00,83.77370894774855
02-24 06:00:00,88.45703483754758
02-24 07:00:00,90.71480217492943
02-24 08:00:00,82.69950922579166
02-24 09:00:00,76.7151737560525
02-24 10:00:00,64.01353645608225
02-24 11:00:00,54.207298610150346
02-24 12:00:00,45.81109272270002
02-24 13:00:00,36.42812577057423
02-24 14:00:00,29.819236295177706
02-24 15:00:00,29.22507398945744
02-24 16:00:00,35.31773680020394
02-24 17:00:00,39.2189521443907
02-24 18:00:00,44.53582294125273
02-24 19:00:00,48.00843044944875
02-24 20:00:00,56.61503488851328
02-24 21:00:00,60.1365101687547
02-24 22:00:00,63.316884601213374
02-24 23:00:00,68.70832161011833
02-25 00:00:00,67.51451943503649
02-25 01:00:00,72.92652084724082
02-25 02:00:00,71.79617250869805
02-25 03:00:00,80.57212635114948
02-25 04:00:00,78.64169771170387
02-25 05:00:00,81.93266013218584
02-25 06:00:00,86.95024669537531
02-25 07:00:00,88.20004520227573
02-25 08:00:00,87.87878481500854
02-25 09:00:00,73.30739330703952
02-25 10:00:00,57.902990522409084
02-25 11:00:00,48.053585184136665
02-25 12:00:00,37.97332265632182
02-25 13:00:00,31.178154090245688
02-25 14:00:00,25.614237184415945
02-25 15:00:00,26.233070817380465
02-25 16:00:00,32.77910515858976
02-25 17:00:00,39.215898115224896
02-25 18:00:00,44.43468179540814
02-25 19:00:00,52.72769097035311
02-25 20:00:00,54.4494921054049
02-25 21:00:00,59.7654704646661
02-25 22:00:00,65.91908313070661
02-25 23:00:00,71.85782527880158
02-26 00:00:00,73.82582679628425
02-26 01:00:00,78.3430247136757
02-26 02:00:00,85.73622704054407
02-26 03:00:00,82.78533478803801
02-26 04:00:00,85.29139406138661
02-26 05:00:00,87.31325594654808
02-26 06:00:00,94.56771656295216
02-26 07:00:00,94.20551567767795
02-26 08:00:00,86.19180194261943
02-26 09:00:00,73.77406794623997
02-26 10:00:00,64.7350047587467
02-26 11:00:00,49.74407683404172
02-26 12:00:00,37.23765669894192
02-26 13:00:00,33.59472082648027
02-26 14:00:00,29.47393815151749
02-26 15:00:00,30.515146659441893
02-26 16:00:00,34.90006716070463
02-26 17:00:00,43.52430559424919
02-26 18:00:00,48.79373973965704
02-26 19:00:00,53.15253139521208
02-26 20:00:00,57.40156915378177
02-26 21:00:00,60.290868561735245
02-26 22:00:00,67.75924226601144
02-26 23:00:00,67.9958508186675
02-27 00:00:00,67.87480238431736
02-27 01:00:00,68.83512878893595
02-27 02:00:00,76.24589231601846
02-27 03:00:00,81.09471005062078
02-27 04:00:00,85.72602486149071
02-27 05:00:00,90.20869523982078
02-27 06:00:00,93.07412994385002
02-27 07:00:00,94.86395731870687
02-27 08:00:00,95.74339197109663
02-27 09:00:00,96.41101305200787
02-27 10:00:00,94.6693706217722
02-27 11:00:00,94.33245290400752
02-27 12:00:00,93.99206647892801
02-27 13:00:00,93.77827807777979
02-27 14:00:00,93.25581622753651
02-27 15:00:00,92.2605037373314
02-27 16:00:00,92.26362107835425
02-27 17:00:00,92.64288256326878
02-27 18:00:00,93.0568530167616
02-27 19:00:00,93.28127711459072
02-27 20:00:00,94.67135166378995
02-27 21:00:00,96.36210106997801
02-27 22:00:00,99.96751945702424
02-27 23:00:00,104.9850214160281
02-28 00:00:00,111.94275940418459
02-28 01:00:00,117.51261828019406
02-28 02:00:00,116.87165432963516
02-28 03:00:00,116.14360560483178
02-28 04:00:00,115.82023711188833
02-28 05:00:00,114.54115045474533
02-28 06:00:00,114.67280395699164
02-28 07:00:00,117.23925190675729
02-28 08:00:00,118.02915362907899
02-28 09:00:00,113.77429576331372
02-28 10:00:00,107.67964014492327
02-28 11:00:00,103.16901326299069
02-28 12:00:00,98.36202655727689
02-28 13:00:00,92.31835020563271
02-28 14:00:00,89.47010371908782
02-28 15:00:00,87.84864744017244
02-28 16:00:00,87.33199766358351
02-28 17:00:00,93.8924823490955
02-28 18:00:00,99.51413446072961
02-28 19:00:00,102.52637908429328
02-28 20:00:00,110.02368239641136
02-28 21:00:00,114.05745250041896
02-28 22:00:00,116.0874564530598
02-28 23:00:00,115.58225840634688
03-01 00:00:00,122.8703731173135
03-01 01:00:00,122.0985917712806
03-01 02:00:00,127.30613214488588
03-01 03:00:00,126.91001884607043
03-01 04:00:00,132.88295234188735
03-01 05:00:00,135.44238877427821
03-01 06:00:00,140.53845288527577
03-01 07:00:00,141.97892455659002
03-01 08:00:00,135.57595435130435
03-01 09:00:00,132.69478789385954
03-01 10:00:00,126.53292305727882
03-01 11:00:00,113.57565882683244
03-01 12:00:00,92.38307918045264
03-01 13:00:00,80.27568630020545
03-01 14:00:00,67.08857760175059
03-01 15:00:00,61.22823029212648
03-01 16:00:00,65.80365137859222
03-01 17:00:00,75.89686025739044
03-01 18:00:00,78.43141817460402
03-01 19:00:00,81.43234072957901
03-01 20:00:00,92.25516598527997
03-01 21:00:00,97.18139630440626
03-01 22:00:00,100.11805189145477
03-01 23:00:00,104.76163945305257
03-02 00:00:00,109.31429354968606
03-02 01:00:00,114.01532876117025
03-02 02:00:00,111.44297162748772
03-02 03:00:00,116.08609216702837
03-02 04:00:00,123.03327803088558
03-02 05:00:00,124.55573760299579
03-02 06:00:00,125.60520880653914
03-02 07:00:00,127.21679350867504
03-02 08:00:00,120.01016792704014
03-02 09:00:00,103.41748657207108
03-02 10:00:00,87.97419679030926
03-02 11:00:00,74.223612810797
03-02 12:00:00,65.10888699196317
03-02 13:00:00,51.38501567911342
03-02 14:00:00,43.42971903078866
03-02 15:00:00,42.96591362997927
03-02 16:00:00,51.55216931860704
03-02 17:00:00,55.75485582006628
03-02 18:00:00,63.232886604348636
03-02 19:00:00,64.71295178659803
03-02 20:00:00,78.33994635263124
03-02 21:00:00,81.9921428099274
03-02 22:00:00,84.72126385723803
03-02 23:00:00,86.23303517276801
03-03 00:00:00,92.54058128942026
03-03 01:00:00,90.50963691939509
03-03 02:00:00,89.89544963045572
03-03 03:00:00,97.72076227606891
03-03 04:00:00,100.75266218459228
03-03 05:00:00,97.93536884629384
03-03 06:00:00,102.5727095570575
03-03 07:00:00,101.0116638430561
03-03 08:00:00,99.38390261325789
03-03 09:00:00,97.05306401583722
03-03 10:00:00,89.9868966554159
03-03 11:00:00,79.78745915978257
03-03 12:00:00,71.4952066739348
03-03 13:00:00,64.58334901752214
03-03 14:00:00,61.68734449187947
03-03 15:00:00,63.66182639356644
03-03 16:00:00,65.98006992811672
03-03 17:00:00,69.2714307740386
03-03 18:00:00,71.91030043125723
03-03 19:00:00,74.28849551702636
03-03 20:00:00,81.14477047768665
03-03 21:00:00,86.30370413546463
03-03 22:00:00,84.53435894037182
03-03 23:00:00,91.68462287436708
03-04 00:00:00,95.27686741479181
03-04 01:00:00,97.74486676928622
03-04 02:00:00,95.04824489091604
03-04 03:00:00,96.65416042128734
03-04 04:00:00,95.56690765566023
03-04 05:00:00,97.4345427509397
03-04 06:00:00,97.76056833742084
03-04 07:00:00,94.45619306902036
03-04 08:00:00,91.15615067200866
03-04 09:00:00,83.13738729993062
03-04 10:00:00,73.66165657576835
03-04 11:00:00,61.39389614480061
03-04 12:00:00,51.93158339282007
03-04 13:00:00,45.314005180108715
03-04 14:00:00,45.287319472717115
03-04 15:00:00,47.39666812699546
03-04 16:00:00,48.87581498916691
03-04 17:00:00,52.2986046857892
03-04 18:00:00,63.175458211516776
03-04 19:00:00,67.2100307096391
03-04 20:00:00,73.48813060297252
03-04 21:00:00,84.27483007472202
03-04 22:00:00,89.19806180509778
03-04 23:00:00,88.72231344086319
03-05 00:00:00,93.3804632278679
03-05 01:00:00,94.835687788467
03-05 02:00:00,95.6970213790455
03-05 03:00:00,96.6934672320923
03-05 04:00:00,97.61798331926336
03-05 05:00:00,98.38481888719859
03-05 06:00:00,98.54658779726955
03-05 07:00:00,98.07603273974902
03-05 08:00:00,93.89367891082898
03-05 09:00:00,91.63726055414924
03-05 10:00:00,94.37528375561531
03-05 11:00:00,96.98814876738066
03-05 12:00:00,94.11024708056189
03-05 13:00:00,101.6533806634927
03-05 14:00:00,105.55055747345028
03-05 15:00:00,103.35729124847981
03-05 16:00:00,103.82406151233948
03-05 17:00:00,107.2584606489456
03-05 18:00:00,111.37461260240613
03-05 19:00:00,110.25121621191863
03-05 20:00:00,109.90790325146702
03-05 21:00:00,110.6411643256578
03-05 22:00:00,112.22187125487758
03-05 23:00:00,113.66978463177375
03-06 00:00:00,115.70207781698606
03-06 01:00:00,118.14019571648159
03-06 02:00:00,121.51422937892424
03-06 03:00:00,123.93854647090276
03-06 04:00:00,127.20676614701568
03-06 05:00:00,130.6259777254532
03-06 06:00:00,131.79662800199839
03-06 07:00:00,134.75087304282982
03-06 08:00:00,131.25845657789387
03-06 09:00:00,123.1241386769608
03-06 10:00:00,115.09503228692864
03-06 11:00:00,108.03473053174305
03-06 12:00:00,104.39906233997117
03-06 13:00:00,101.75909382020913
03-06 14:00:00,100.01321381786732
03-06 15:00:00,97.94174355316028
03-06 16:00:00,97.22503394949331
03-06 17:00:00,98.564817268543
03-06 18:00:00,101.62333280800985
03-06 19:00:00,105.16053592956538
03-06 20:00:00,114.707555658381
03-06 21:00:00,118.61447524332765
03-06 22:00:00,120.8316265749138
03-06 23:00:00,125.41439666214758
03-07 00:00:00,126.53585401415197
03-07 01:00:00,130.92529690199564
03-07 02:00:00,133.55303504855232
03-07 03:00:00,136.82232594663049
03-07 04:00:00,136.8409516085756
03-07 05:00:00,136.67897287720126
03-07 06:00:00,134.63617373614815
03-07 07:00:00,133.24655418753497
03-07 08:00:00,127.97943555158221
03-07 09:00:00,119.5521670842962
03-07 10:00:00,116.61013951952503
03-07 11:00:00,109.48813591509955
03-07 12:00:00,101.17596030006166
03-07 13:00:00,96.36869340390368
03-07 14:00:00,92.42057302563879
03-07 15:00:00,86.02826145801717
03-07 16:00:00,81.17124068046232
03-07 17:00:00,81.98335132664154
03-07 18:00:00,88.94328654080759
03-07 19:00:00,90.99440208343411
03-07 20:00:00,93.73684398943568
03-07 21:00:00,96.18231350414999
03-07 22:00:00,96.47714222830578
03-07 23:00:00,98.29283448931588
03-08 00:00:00,101.99932952162479
03-08 01:00:00,101.93948351422179
03-08 02:00:00,101.93948351422179
03-08 03:00:00,101.23286719507922
03-08 04:00:00,103.45633537248202
03-08 05:00:00,103.85405350296384
03-08 06:00:00,104.9039884988276
03-08 07:00:00,107.46174371126149
03-08 08:00:00,106.52484301778381
03-08 09:00:00,104.15886425523921
03-08 10:00:00,99.93298064543337
03-08 11:00:00,89.88806000738442
03-08 12:00:00,80.36245017938805
03-08 13:00:00,78.08057661556185
03-08 14:00:00,71.71247760841266
03-08 15:00:00,72.33114317505812
03-08 16:00:00,75.38112051628035
03-08 17:00:00,85.76207115999723
03-08 18:00:00,96.49156564429862
03-08 19:00:00,100.6709943813333
03-08 20:00:00,103.6656329449609
03-08 21:00:00,100.22585069508112
03-08 22:00:00,102.56839958219082
03-08 23:00:00,108.63899820946122
03-09 00:00:00,118.35274803751034
03-09 01:00:00,124.14250285183806
03-09 02:00:00,126.61847681047584
03-09 03:00:00,132.8781745015708
03-09 04:00:00,136.0778140547911
03-09 05:00:00,138.57267898791335
03-09 06:00:00,142.8070263898425
03-09 07:00:00,138.6345754658758
03-09 08:00:00,135.5538958921593
03-09 09:00:00,128.41454551752108
03-09 10:00:00,122.73430961236157
03-09 11:00:00,114.10519251547925
03-09 12:00:00,107.60592596713921
03-09 13:00:00,98.72584658540958
03-09 14:00:00,91.13807127929205
03-09 15:00:00,87.312094590681
03-09 16:00:00,87.91701005321119
03-09 17:00:00,91.15371881720208
03-09 18:00:00,99.52658068378624
03-09 19:00:00,102.56729517425072
03-09 20:00:00,105.42648484452809
03-09 21:00:00,103.99043986985197
03-09 22:00:00,105.70408040083385
03-09 23:00:00,107.54097771347743
03-10 00:00:00,109.06577900625749
03-10 01:00:00,111.91981128759737
03-10 02:00:00,112.73211862168577
03-10 03:00:00,115.03473074390705
03-10 04:00:00,116.46880528966582
03-10 05:00:00,117.93721891212844
03-10 06:00:00,118.51453713418871
03-10 07:00:00,119.01573555802375
03-10 08:00:00,110.04171974168014
03-10 09:00:00,97.97608698910054
03-10 10:00:00,89.90083943475045
03-10 11:00:00,85.92560287846513
03-10 12:00:00,83.12639401797375
03-10 13:00:00,76.01389026367946
03-10 14:00:00,71.09941043904567
03-10 15:00:00,68.61311052902126
03-10 16:00:00,71.87056038989448
03-10 17:00:00,80.20941894287624
03-10 18:00:00,88.6629301052223
03-10 19:00:00,87.8952093213912
03-10 20:00:00,94.64188330803744
03-10 21:00:00,95.55458152075141
03-10 22:00:00,99.08345543110624
03-10 23:00:00,94.67641649099184
03-11 00:00:00,94.18052143163538
03-11 01:00:00,92.19640375016844
03-11 02:00:00,92.0712264184092
03-11 03:00:00,90.52434707814308
03-11 04:00:00,89.33003674616381
03-11 05:00:00,88.25761848771587
03-11 06:00:00,87.32530492084899
03-11 07:00:00,91.61082370533236
03-11 08:00:00,82.41124164264093
03-11 09:00:00,76.09203866108376
03-11 10:00:00,62.439404646568974
03-11 11:00:00,52.815516787074884
03-11 12:00:00,39.75198483380914
03-11 13:00:00,36.53109040989648
03-11 14:00:00,34.12199609065243
03-11 15:00:00,33.995086686474394
03-11 16:00:00,34.51933257097609
03-11 17:00:00,34.21996290547734
03-11 18:00:00,48.14044607190924
03-11 19:00:00,61.342337681233616
03-11 20:00:00,62.7210521393978
03-11 21:00:00,59.82879935490697
03-11 22:00:00,58.6329674020246
03-11 23:00:00,60.891374752602154
03-12 00:00:00,62.98518395239009
03-12 01:00:00,79.71199888687985
03-12 02:00:00,88.89628311402755
03-12 03:00:00,89.70054993610032
03-12 04:00:00,95.88409312970569
03-12 05:00:00,93.32400217985095
03-12 06:00:00,96.51301431898571
03-12 07:00:00,98.6410906663892
03-12 08:00:00,93.1588252373472
03-12 09:00:00,86.249719273764
03-12 10:00:00,82.16614658555594
03-12 11:00:00,74.82820122077163
03-12 12:00:00,69.48582993015447
03-12 13:00:00,65.95129829883825
03-12 14:00:00,64.84820807524879
03-12 15:00:00,61.78138603270215
03-12 16:00:00,63.649421184418685
03-12 17:00:00,73.64326931191023
03-12 18:00:00,84.75783740050954
03-12 19:00:00,90.47942611407865
03-12 20:00:00,92.28460687861839
03-12 21:00:00,96.18812294840023
03-12 22:00:00,99.85629120496965
03-12 23:00:00,97.30476646042118
03-13 00:00:00,98.63816270550757
03-13 01:00:00,94.51698475191341
03-13 02:00:00,94.01424530752352
03-13 03:00:00,90.16678863836499
03-13 04:00:00,96.59455497169442
03-13 05:00:00,99.13364749998118
03-13 06:00:00,108.12568803787104
03-13 07:00:00,109.57074666572564
03-13 08:00:00,101.42515332505695
03-13 09:00:00,84.33874554997334
03-13 10:00:00,73.09086054116878
03-13 11:00:00,60.490199907446566
03-13 12:00:00,48.451991684224524
03-13 13:00:00,43.71224307641528
03-13 14:00:00,42.35407895878664
03-13 15:00:00,44.521064950210544
03-13 16:00:00,49.170304533048686
03-13 17:00:00,77.32620664392418
03-13 18:00:00,93.19983990794682
03-13 19:00:00,97.67475548113143
03-13 20:00:00,101.73402236814906
03-13 21:00:00,94.32301684014459
03-13 22:00:00,84.7675670424907
03-13 23:00:00,87.43856820131768
03-14 00:00:00,82.48402925759285
03-14 01:00:00,101.85136251446107
03-14 02:00:00,128.91216319342783
03-14 03:00:00,135.40878298474198
03-14 04:00:00,136.21099894150856
03-14 05:00:00,127.97379540284422
03-14 06:00:00,128.32846569506205
03-14 07:00:00,128.23639254592064
03-14 08:00:00,123.56959811017387
03-14 09:00:00,115.73442926546261
03-14 10:00:00,105.66959899345213
03-14 11:00:00,101.57745712998036
03-14 12:00:00,95.75948806589287
03-14 13:00:00,103.31044978090783
03-14 14:00:00,124.96706156321314
03-14 15:00:00,124.61863933271796
03-14 16:00:00,123.74855650297613
03-14 17:00:00,118.63451557353632
03-14 18:00:00,117.515018914543
03-14 19:00:00,118.69883804597967
03-14 20:00:00,112.47171858700986
03-14 21:00:00,108.89984992341799
03-14 22:00:00,119.86230286874653
03-14 23:00:00,112.9269061694223
03-15 00:00:00,115.43684473208337
03-15 01:00:00,117.75777695549047
03-15 02:00:00,121.72395899753211
03-15 03:00:00,123.95494118083582
03-15 04:00:00,128.65395451800194
03-15 05:00:00,129.94359738219845
03-15 06:00:00,129.5249309453258
03-15 07:00:00,129.2631258267533
03-15 08:00:00,129.03447073339055
03-15 09:00:00,129.61453100634344
03-15 10:00:00,130.78786179206767
03-15 11:00:00,124.88934548586764
03-15 12:00:00,120.44047975928137
03-15 13:00:00,121.98710682164315
03-15 14:00:00,127.34171840364858
03-15 15:00:00,123.14440965636743
03-15 16:00:00,115.39913368958031
03-15 17:00:00,118.43899503525381
03-15 18:00:00,128.33931552644734
03-15 19:00:00,127.91815634214167
03-15 20:00:00,130.9636774455962
03-15 21:00:00,126.9331551788985
03-15 22:00:00,126.83136802989937
03-15 23:00:00,127.49953625207432
03-16 00:00:00,128.2916686918216
03-16 01:00:00,129.64339646259037
03-16 02:00:00,124.15937272431822
03-16 03:00:00,117.96647724987103
03-16 04:00:00,117.24615565065741
03-16 05:00:00,126.31696677989794
03-16 06:00:00,126.7246595863422
03-16 07:00:00,122.62250400647147
03-16 08:00:00,121.20002580243488
03-16 09:00:00,115.05499832258961
03-16 10:00:00,110.22644409282394
03-16 11:00:00,108.1893824584848
03-16 12:00:00,113.52672458884118
03-16 13:00:00,115.18589721030008
03-16 14:00:00,108.9942265538444
03-16 15:00:00,119.15104989325955
03-16 16:00:00,120.83569419648227
03-16 17:00:00,121.6720656624829
03-16 18:00:00,123.09631477017314
03-16 19:00:00,124.64113414361785
03-16 20:00:00,123.13476586588921
03-16 21:00:00,122.29378807421075
03-16 22:00:00,128.58947395528634
03-16 23:00:00,129.45003749999745
03-17 00:00:00,130.20748352996603
03-17 01:00:00,131.8026375610413
03-17 02:00:00,132.64014208575048
03-17 03:00:00,132.6151090369355
03-17 04:00:00,135.1046387049685
03-17 05:00:00,138.3934336638683
03-17 06:00:00,139.29226429387046
03-17 07:00:00,140.06482456081474
03-17 08:00:00,138.17124910716927
03-17 09:00:00,136.9936558074098
03-17 10:00:00,132.13291408064143
03-17 11:00:00,119.84913052936739
03-17 12:00:00,112.28317882558702
03-17 13:00:00,109.5433863559328
03-17 14:00:00,109.49420360759899
03-17 15:00:00,135.48329377616852
03-17 16:00:00,128.91216319342783
03-17 17:00:00,131.06082696761553
03-17 18:00:00,135.66964300134248
03-17 19:00:00,134.52354274940404
03-17 20:00:00,135.44622683439698
03-17 21:00:00,135.57715465320211
03-17 22:00:00,134.14726899835307
03-17 23:00:00,133.52286032914597
03-18 00:00:00,133.66806769808983
03-18 01:00:00,133.81849088073216
03-18 02:00:00,134.84665908811292
03-18 03:00:00,137.5329792888391
03-18 04:00:00,139.59010699706855
03-18 05:00:00,142.28527648472632
03-18 06:00:00,141.42005325982527
03-18 07:00:00,144.59966338079207
03-18 08:00:00,139.63169495227407
03-18 09:00:00,130.22306357860393
03-18 10:00:00,122.64242644955415
03-18 11:00:00,124.7095925975252
03-18 12:00:00,117.45662023280643
03-18 13:00:00,109.80657435554053
03-18 14:00:00,106.08354177777682
03-18 15:00:00,108.59228360318673
03-18 16:00:00,111.15082928086126
03-18 17:00:00,117.00730112140108
03-18 18:00:00,126.03748312812237
03-18 19:00:00,135.4940105269161
03-18 20:00:00,140.83376968323353
03-18 21:00:00,148.37566586371895
03-18 22:00:00,152.40157083671954
03-18 23:00:00,153.06609351314347
03-19 00:00:00,155.79404785280488
03-19 01:00:00,155.62554419471604
03-19 02:00:00,159.6515334488428
03-19 03:00:00,160.2772496264361
03-19 04:00:00,159.4096277891298
03-19 05:00:00,162.49711676825268
03-19 06:00:00,165.57935844859418
03-19 07:00:00,160.17566780264303
03-19 08:00:00,149.18684412166868
03-19 09:00:00,133.77172592713046
03-19 10:00:00,119.29102250387628
03-19 11:00:00,108.6438356311528
03-19 12:00:00,101.21646204459601
03-19 13:00:00,94.9810265200422
03-19 14:00:00,94.89979596723443
03-19 15:00:00,92.3226983142614
03-19 16:00:00,94.18137471288176
03-19 17:00:00,104.13916378376612
03-19 18:00:00,115.80376467098911
03-19 19:00:00,122.87060569322543
03-19 20:00:00,127.6954114178121
03-19 21:00:00,132.45168697829718
03-19 22:00:00,140.76104141265628
03-19 23:00:00,141.77167424495107
03-20 00:00:00,141.7295642776705
03-20 01:00:00,141.13966979163848
03-20 02:00:00,142.94139680731683
03-20 03:00:00,144.1623330431657
03-20 04:00:00,144.40009890185655
03-20 05:00:00,147.17458723141266
03-20 06:00:00,150.98135534280286
03-20 07:00:00,150.17730569285072
03-20 08:00:00,145.03299833831056
03-20 09:00:00,139.59226527969966
03-20 10:00:00,135.6457206806008
03-20 11:00:00,132.61086716541783
03-20 12:00:00,127.95294606988195
03-20 13:00:00,119.52248855593662
03-20 14:00:00,119.23464950985273
03-20 15:00:00,116.03140187950636
03-20 16:00:00,117.76267238385758
03-20 17:00:00,125.18830420053612
03-20 18:00:00,134.54458044062056
03-20 19:00:00,144.90187986260958
03-20 20:00:00,152.4019967483398
03-20 21:00:00,155.54269082141565
03-20 22:00:00,160.66107019994797
03-20 23:00:00,160.5311531945941
03-21 00:00:00,158.457289800375
03-21 01:00:00,156.6063476040627
03-21 02:00:00,155.58078423684904
03-21 03:00:00,154.6003766667714
03-21 04:00:00,155.24792951309462
03-21 05:00:00,152.36319532203512
03-21 06:00:00,150.15316859062295
03-21 07:00:00,147.71617508020367
03-21 08:00:00,140.65990444488685
03-21 09:00:00,133.70729634595335
03-21 10:00:00,125.66654056712541
03-21 11:00:00,122.22714660297846
03-21 12:00:00,121.21675791866335
03-21 13:00:00,117.15072756192421
03-21 14:00:00,115.32849494503316
03-21 15:00:00,117.24291995407592
03-21 16:00:00,121.1458938029112
03-21 17:00:00,126.9654437291889
03-21 18:00:00,129.72301047657032
03-21 19:00:00,129.3835957681571
03-21 20:00:00,127.32080096311861
03-21 21:00:00,129.67845921198293
03-21 22:00:00,127.24837515268358
03-21 23:00:00,125.47294468735159
03-22 00:00:00,127.86256507649922
03-22 01:00:00,126.36974109276687
03-22 02:00:00,125.51225079517556
03-22 03:00:00,127.92690423313819
03-22 04:00:00,126.43451583401924
03-22 05:00:00,126.54615215666067
03-22 06:00:00,125.80064126389249
03-22 07:00:00,123.2508470683162
03-22 08:00:00,118.65190194802284
03-22 09:00:00,113.2839156631301
03-22 10:00:00,110.92480026437389
03-22 11:00:00,106.02141271382499
03-22 12:00:00,105.919749526546
03-22 13:00:00,102.21554308933742
03-22 14:00:00,100.72911485090192
03-22 15:00:00,99.988303665551
03-22 16:00:00,100.30613025062921
03-22 17:00:00,103.173746422475
03-22 18:00:00,107.8463949542146
03-22 19:00:00,111.44747707678978
03-22 20:00:00,115.62816708791752
03-22 21:00:00,117.64136520884433
03-22 22:00:00,122.9131325972315
03-22 23:00:00,127.31991642364108
03-23 00:00:00,131.67926607970128
03-23 01:00:00,136.91379317310145
03-23 02:00:00,138.0063263243078
03-23 03:00:00,142.45020290942622
03-23 04:00:00,144.31545458423872
03-23 05:00:00,146.5393514984959
03-23 06:00:00,151.06438085660722
03-23 07:00:00,137.9079303752445
03-23 08:00:00,124.71206966839299
03-23 09:00:00,107.92865114996776
03-23 10:00:00,94.42340462998357
03-23 11:00:00,87.37935761302211
03-23 12:00:00,79.13672245107371
03-23 13:00:00,72.47487336882591
03-23 14:00:00,68.24577237794797
03-23 15:00:00,65.37052780650741
03-23 16:00:00,67.8792944657795
03-23 17:00:00,78.33942318326694
03-23 18:00:00,86.07394265837095
03-23 19:00:00,93.06927587108606
03-23 20:00:00,98.44328944543877
03-23 21:00:00,102.39521706239387
03-23 22:00:00,109.83183058683392
03-23 23:00:00,111.57290397402491
03-24 00:00:00,115.18781799108166
03-24 01:00:00,119.5825114604142
03-24 02:00:00,121.12645692001074
03-24 03:00:00,122.62253683454138
03-24 04:00:00,121.09403299862913
03-24 05:00:00,125.18845859996158
03-24 06:00:00,126.84553414284736
03-24 07:00:00,121.66501047207015
03-24 08:00:00,107.67529959021024
03-24 09:00:00,92.61923345098033
03-24 10:00:00,78.64377708846287
03-24 11:00:00,67.77650997421473
03-24 12:00:00,56.83350505021116
03-24 13:00:00,50.25103790976308
03-24 14:00:00,42.85106187123168
03-24 15:00:00,39.56464241825714
03-24 16:00:00,44.00075790545087
03-24 17:00:00,59.97448711213144
03-24 18:00:00,68.09723707000295
03-24 19:00:00,71.8403397306234
03-24 20:00:00,78.22395441296774
03-24 21:00:00,83.40212888389935
03-24 22:00:00,88.82374613207031
03-24 23:00:00,93.22854760002957
03-25 00:00:00,93.3946237094893
03-25 01:00:00,97.12682375635407
03-25 02:00:00,100.53060502435598
03-25 03:00:00,100.35704790654677
03-25 04:00:00,101.41017995335538
03-25 05:00:00,108.96182922164672
03-25 06:00:00,107.8819230800814
03-25 07:00:00,104.68142263328821
03-25 08:00:00,91.57122343850489
03-25 09:00:00,75.51027027737592
03-25 10:00:00,59.747900020634575
03-25 11:00:00,47.24586835293596
03-25 12:00:00,39.25624368974005
03-25 13:00:00,34.27938066440757
03-25 14:00:00,30.15468224493109
03-25 15:00:00,30.25356855370395
03-25 16:00:00,31.173864624734534
03-25 17:00:00,44.49986668105727
03-25 18:00:00,55.90251927722481
03-25 19:00:00,61.97129335125828
03-25 20:00:00,63.69786642847217
03-25 21:00:00,69.10376934404812
03-25 22:00:00,73.41158340525809
03-25 23:00:00,78.10629370619637
03-26 00:00:00,84.13522945196843
03-26 01:00:00,88.00989015465812
03-26 02:00:00,92.5176243865643
03-26 03:00:00,93.83387526934376
03-26 04:00:00,97.8088962057463
03-26 05:00:00,105.7428391301508
03-26 06:00:00,104.88504416783434
03-26 07:00:00,93.02985858965435
03-26 08:00:00,81.26950312358741
03-26 09:00:00,69.40751950872252
03-26 10:00:00,56.170013796352336
03-26 11:00:00,45.06461040507583
03-26 12:00:00,36.35302629417876
03-26 13:00:00,33.49579143018569
03-26 14:00:00,27.05264541001707
03-26 15:00:00,24.04277823014715
03-26 16:00:00,25.3734201717166
03-26 17:00:00,40.779130555816664
03-26 18:00:00,49.37444183690738
03-26 19:00:00,53.47507117690277
03-26 20:00:00,52.76823476643089
03-26 21:00:00,64.45012824671947
03-26 22:00:00,65.9903898725113
03-26 23:00:00,66.90352255452459
03-27 00:00:00,63.538867978542655
03-27 01:00:00,67.40741780542601
03-27 02:00:00,70.93374922932699
03-27 03:00:00,67.76411198961483
03-27 04:00:00,74.08435834374855
03-27 05:00:00,76.23349088396431
03-27 06:00:00,74.43841562443438
03-27 07:00:00,84.62316045193356
03-27 08:00:00,92.59611731839135
03-27 09:00:00,88.54213450332963
03-27 10:00:00,85.8904368755486
03-27 11:00:00,79.98020985230468
03-27 12:00:00,78.07992583542716
03-27 13:00:00,75.81137156214649
03-27 14:00:00,74.54323149678056
03-27 15:00:00,69.5471517809905
03-27 16:00:00,67.00107267080172
03-27 17:00:00,68.25608443503332
03-27 18:00:00,73.06776043374907
03-27 19:00:00,80.98718578714801
03-27 20:00:00,87.29066301125825
03-27 21:00:00,89.19791036393332
03-27 22:00:00,91.54219216676975
03-27 23:00:00,95.34192194475693
03-28 00:00:00,93.9023440508209
03-28 01:00:00,100.94526029342187
03-28 02:00:00,106.95741135456316
03-28 03:00:00,113.41573922730687
03-28 04:00:00,119.57651702285902
03-28 05:00:00,119.31499336639821
03-28 06:00:00,116.24218231019518
03-28 07:00:00,112.66936205085945
03-28 08:00:00,100.29582373759942
03-28 09:00:00,85.1451967593915
03-28 10:00:00,70.37520035770522
03-28 11:00:00,59.61282670201574
03-28 12:00:00,53.73811672476089
03-28 13:00:00,45.8275401771637
03-28 14:00:00,41.132853045362396
03-28 15:00:00,37.820596648428825
03-28 16:00:00,37.15302037136062
03-28 17:00:00,44.84093091961729
03-28 18:00:00,54.65591180867873
03-28 19:00:00,58.70691126289008
03-28 20:00:00,65.56265056898374
03-28 21:00:00,71.78964528969153
03-28 22:00:00,76.0170609988981
03-28 23:00:00,80.22823048313103
03-29 00:00:00,83.548197315918
03-29 01:00:00,83.56954703275153
03-29 02:00:00,84.42469546289004
03-29 03:00:00,86.58847220155786
03-29 04:00:00,88.2810316439834
03-29 05:00:00,91.23067654195248
03-29 06:00:00,90.42591912183656
03-29 07:00:00,87.32144130120403
03-29 08:00:00,72.06857211165689
03-29 09:00:00,56.198643466129525
03-29 10:00:00,44.214488495572226
03-29 11:00:00,32.1654979838478
03-29 12:00:00,24.292394420611217
03-29 13:00:00,18.295317646931135
03-29 14:00:00,12.164512946089822
03-29 15:00:00,8.353552364938594
03-29 16:00:00,11.792949485025623
03-29 17:00:00,22.223187034875323
03-29 18:00:00,33.170492390793854
03-29 19:00:00,38.119575706448174
03-29 20:00:00,48.230120318711315
03-29 21:00:00,53.225567141569044
03-29 22:00:00,56.670514648432714
03-29 23:00:00,60.394076011685094
03-30 00:00:00,67.25605788978979
03-30 01:00:00,66.53274243450554
03-30 02:00:00,69.50392415571804
03-30 03:00:00,72.29538728873155
03-30 04:00:00,80.33672741621375
03-30 05:00:00,81.16229467226829
03-30 06:00:00,81.01824272933622
03-30 07:00:00,72.92263964251846
03-30 08:00:00,62.68347422134498
03-30 09:00:00,48.95420176084151
03-30 10:00:00,37.25362065366098
03-30 11:00:00,26.20687222333065
03-30 12:00:00,19.41144654819098
03-30 13:00:00,12.934013629798706
03-30 14:00:00,6.670228005254817
03-30 15:00:00,3.3028950040851095
03-30 16:00:00,3.757639652593926
03-30 17:00:00,13.39587424536708
03-30 18:00:00,22.591309323031744
03-30 19:00:00,27.082375044264168
03-30 20:00:00,36.63743135108157
03-30 21:00:00,40.93846034875848
03-30 22:00:00,46.399354584472405
03-30 23:00:00,52.0783728123738
03-31 00:00:00,54.93137594781875
03-31 01:00:00,57.87062217580804
03-31 02:00:00,61.53226762766157
03-31 03:00:00,63.00964297426158
03-31 04:00:00,67.6856891607821
03-31 05:00:00,70.11679568887081
03-31 06:00:00,73.65045704845383
03-31 07:00:00,67.64715138019547
03-31 08:00:00,53.507687165581245
03-31 09:00:00,40.250332175888644
03-31 10:00:00,27.883461672410277
03-31 11:00:00,17.47262353875027
03-31 12:00:00,9.31622967951904
03-31 13:00:00,3.219341151027936
03-31 14:00:00,3.179382879961091
03-31 15:00:00,2.9422930474824884
03-31 16:00:00,3.173450769629211
03-31 17:00:00,8.503080954840144
03-31 18:00:00,17.760450343238496
03-31 19:00:00,22.834459620459285
03-31 20:00:00,29.767579373667004
03-31 21:00:00,36.867124945321976
03-31 22:00:00,42.234766308591574
03-31 23:00:00,43.50028744630594
04-01 00:00:00,47.114486064162186
04-01 01:00:00,52.1606934540664
04-01 02:00:00,54.63738146224777
04-01 03:00:00,56.80202231382025
04-01 04:00:00,58.81268108281142
04-01 05:00:00,62.61309465142066
04-01 06:00:00,65.93416152581587
04-01 07:00:00,63.124182556445874
04-01 08:00:00,49.71510158347413
04-01 09:00:00,34.82586104766664
04-01 10:00:00,22.867080859580238
04-01 11:00:00,9.978193467722917
04-01 12:00:00,3.179382879961091
04-01 13:00:00,3.0998478706383015
04-01 14:00:00,3.219341151027936
04-01 15:00:00,3.461786327048868
04-01 16:00:00,3.4210559186201834
04-01 17:00:00,5.531104834648184
04-01 18:00:00,15.721741646701998
04-01 19:00:00,17.880944069624327
04-01 20:00:00,23.358004935310255
04-01 21:00:00,22.895415697413974
04-01 22:00:00,33.1176964715562
04-01 23:00:00,39.672841894185424
04-02 00:00:00,43.26576539064638
04-02 01:00:00,44.32808297512612
04-02 02:00:00,46.93152647065858
04-02 03:00:00,51.32652243162522
04-02 04:00:00,54.255390284626
04-02 05:00:00,59.31701879183105
04-02 06:00:00,63.85075602133341
04-02 07:00:00,56.28039008582846
04-02 08:00:00,47.06055831715413
04-02 09:00:00,39.12659725241959
04-02 10:00:00,30.156723632269728
04-02 11:00:00,25.28389934994346
04-02 12:00:00,18.684078234183616
04-02 13:00:00,13.92902059185817
04-02 14:00:00,10.3167734276512
04-02 15:00:00,9.95783696067872
04-02 16:00:00,13.77740910914367
04-02 17:00:00,28.150990160609826
04-02 18:00:00,38.23788519915489
04-02 19:00:00,41.09262425603873
04-02 20:00:00,43.02748782368218
04-02 21:00:00,47.29762515737291
04-02 22:00:00,55.479015409260064
04-02 23:00:00,66.60670180821649
04-03 00:00:00,72.75591296148906
04-03 01:00:00,74.52882336088192
04-03 02:00:00,81.15534618077447
04-03 03:00:00,82.97113815250174
04-03 04:00:00,92.83102070905892
04-03 05:00:00,98.35185584149639
04-03 06:00:00,99.09596923713427
04-03 07:00:00,99.488037409344
04-03 08:00:00,98.57398013079265
04-03 09:00:00,94.13125507675002
04-03 10:00:00,84.99684255604572
04-03 11:00:00,78.91435930702033
04-03 12:00:00,80.05070017306747
04-03 13:00:00,79.13258697019869
04-03 14:00:00,75.86324685595943
04-03 15:00:00,76.27006127651755
04-03 16:00:00,77.4268197339035
04-03 17:00:00,81.62182137770156
04-03 18:00:00,84.05442187757619
04-03 19:00:00,87.02906864102954
04-03 20:00:00,90.31302884446538
04-03 21:00:00,93.91768826327018
04-03 22:00:00,98.73317445794905
04-03 23:00:00,105.56895652859951
04-04 00:00:00,111.24657898913814
04-04 01:00:00,113.10719934729724
04-04 02:00:00,116.32414610972077
04-04 03:00:00,120.44778415022601
04-04 04:00:00,124.55271645613087
04-04 05:00:00,129.2869716671194
04-04 06:00:00,123.04865830406123
04-04 07:00:00,111.54749591662143
04-04 08:00:00,101.3984746236406
04-04 09:00:00,88.50538615113857
04-04 10:00:00,77.65806672049828
04-04 11:00:00,67.5127967484858
04-04 12:00:00,59.98288830763892
04-04 13:00:00,53.23915461479089
04-04 14:00:00,49.72305792911928
04-04 15:00:00,47.123003025343166
04-04 16:00:00,47.3725766621145
04-04 17:00:00,54.19357290231109
04-04 18:00:00,69.24486609375585
04-04 19:00:00,76.46645029285267
04-04 20:00:00,80.63136054794538
04-04 21:00:00,84.36475541415327
04-04 22:00:00,89.79912559056137
04-04 23:00:00,93.94566517030421
04-05 00:00:00,94.71670024843249
04-05 01:00:00,102.08448112932622
04-05 02:00:00,102.72122136042108
04-05 03:00:00,105.85325854611074
04-05 04:00:00,108.56175551052655
04-05 05:00:00,110.21486810655028
04-05 06:00:00,109.70533440256196
04-05 07:00:00,99.47768956735518
04-05 08:00:00,85.75660363608003
04-05 09:00:00,71.9161459284699
04-05 10:00:00,60.29647206699227
04-05 11:00:00,52.633724182562844
04-05 12:00:00,44.73346992176671
04-05 13:00:00,33.841193508233786
04-05 14:00:00,30.26059928817078
04-05 15:00:00,33.69481783765493
04-05 16:00:00,38.010666733524864
04-05 17:00:00,44.48237357479073
04-05 18:00:00,53.56046901568429
04-05 19:00:00,68.33415068884916
04-05 20:00:00,91.80960852675366
04-05 21:00:00,132.24682721814696
04-05 22:00:00,135.46563372348575
04-05 23:00:00,151.83941573038518
04-06 00:00:00,158.99371319276577
04-06 01:00:00,160.5259124602805
04-06 02:00:00,160.81911250085068
04-06 03:00:00,162.44739860360187
04-06 04:00:00,167.79280187343488
04-06 05:00:00,177.75700244716754
04-06 06:00:00,176.14299144685037
04-06 07:00:00,164.55995190054674
04-06 08:00:00,155.62376638610576
04-06 09:00:00,149.3369001316044
04-06 10:00:00,142.01394271520078
04-06 11:00:00,126.59880978332333
04-06 12:00:00,127.03554813333312
04-06 13:00:00,124.24985817372765
04-06 14:00:00,121.56987005695224
04-06 15:00:00,121.0486484828018
04-06 16:00:00,129.52076061804848
04-06 17:00:00,146.02059590991553
04-06 18:00:00,150.01993438474986
04-06 19:00:00,154.68496545897966
04-06 20:00:00,156.23161027000486
04-06 21:00:00,154.38878151316737
04-06 22:00:00,150.38363294910476
04-06 23:00:00,148.7834721873745
04-07 00:00:00,151.59758654802857
04-07 01:00:00,156.9291763349379
04-07 02:00:00,156.3679983760296
04-07 03:00:00,162.36246916322864
04-07 04:00:00,158.95777695057978
04-07 05:00:00,163.7056357651296
04-07 06:00:00,161.4560511364988
04-07 07:00:00,158.63152473230105
04-07 08:00:00,153.49213360820517
04-07 09:00:00,148.39774306019095
04-07 10:00:00,141.4265924836018
04-07 11:00:00,140.49397403036738
04-07 12:00:00,130.7822703812933
04-07 13:00:00,125.0938038513346
04-07 14:00:00,125.90000633687326
04-07 15:00:00,126.79235128243579
04-07 16:00:00,129.9541097939968
04-07 17:00:00,134.7066537544331
04-07 18:00:00,133.460765641847
04-07 19:00:00,134.4145761530702
04-07 20:00:00,136.77737446680288
04-07 21:00:00,135.05507006466428
04-07 22:00:00,138.19497138816666
04-07 23:00:00,135.77735086481823
04-08 00:00:00,138.0385725086129
04-08 01:00:00,137.03502500704457
04-08 02:00:00,134.82461506768757
04-08 03:00:00,135.10502401260666
04-08 04:00:00,139.90369615583657
04-08 05:00:00,144.2136315857873
04-08 06:00:00,138.4466820006202
04-08 07:00:00,131.49558290628852
04-08 08:00:00,120.85001969749004
04-08 09:00:00,109.64846876371057
04-08 10:00:00,99.12543740162343
04-08 11:00:00,89.9363058010299
04-08 12:00:00,86.35995223990669
04-08 13:00:00,80.17690808992172
04-08 14:00:00,78.11735406365383
04-08 15:00:00,75.01829020647494
04-08 16:00:00,74.74088397602796
04-08 17:00:00,80.92795601878052
04-08 18:00:00,92.85944728099514
04-08 19:00:00,97.0878550126348
04-08 20:00:00,103.82743017078327
04-08 21:00:00,106.50184857601252
04-08 22:00:00,107.69047875723354
04-08 23:00:00,111.04390135865437
04-09 00:00:00,112.256844590685
04-09 01:00:00,111.62463421232442
04-09 02:00:00,112.61697481006658
04-09 03:00:00,110.1731715278825
04-09 04:00:00,110.71174675493965
04-09 05:00:00,110.41837557642864
04-09 06:00:00,107.64978412492883
04-09 07:00:00,96.69424191968537
04-09 08:00:00,76.95080516859838
04-09 09:00:00,66.70182071198577
04-09 10:00:00,57.22649263497232
04-09 11:00:00,50.6814982031956
04-09 12:00:00,43.72162211158825
04-09 13:00:00,38.097734148130534
04-09 14:00:00,30.41802050125537
04-09 15:00:00,30.200647541810973
04-09 16:00:00,29.571939407580764
04-09 17:00:00,40.13234760595146
04-09 18:00:00,51.501093965220086
04-09 19:00:00,55.74946918485142
04-09 20:00:00,64.312535631135
04-09 21:00:00,69.93521983186787
04-09 22:00:00,74.30292338306597
04-09 23:00:00,73.03241284413386
04-10 00:00:00,77.6417240215379
04-10 01:00:00,75.66022527490591
04-10 02:00:00,75.93204335187423
04-10 03:00:00,78.96586440902146
04-10 04:00:00,78.76668315246506
04-10 05:00:00,79.97027480062997
04-10 06:00:00,78.39366033159627
04-10 07:00:00,72.75408908683764
04-10 08:00:00,67.254850718303
04-10 09:00:00,62.79927862388813
04-10 10:00:00,56.70176557843367
04-10 11:00:00,50.241310773000265
04-10 12:00:00,40.622027074329104
04-10 13:00:00,32.8219068809216
04-10 14:00:00,26.435203578429775
04-10 15:00:00,28.356961948346264
04-10 16:00:00,26.70653607542092
04-10 17:00:00,29.55326023370895
04-10 18:00:00,39.29027355111704
04-10 19:00:00,50.07567875270503
04-10 20:00:00,53.25064442600372
04-10 21:00:00,56.1668610460154
04-10 22:00:00,60.31285390564126
04-10 23:00:00,61.580648504034514
04-11 00:00:00,62.439872534760894
04-11 01:00:00,64.22392035802496
04-11 02:00:00,64.99184534879308
04-11 03:00:00,66.40255236727391
04-11 04:00:00,69.51140478852864
04-11 05:00:00,70.63207363818442
04-11 06:00:00,70.49249562275952
04-11 07:00:00,68.08064403593357
04-11 08:00:00,54.06838021411189
04-11 09:00:00,43.63801571330329
04-11 10:00:00,36.95911538033269
04-11 11:00:00,28.81608294995477
04-11 12:00:00,21.51629869730264
04-11 13:00:00,14.409080378030382
04-11 14:00:00,10.367887072751806
04-11 15:00:00,8.42136821039838
04-11 16:00:00,9.318239159741132
04-11 17:00:00,22.618035575952597
04-11 18:00:00,39.178809931557005
04-11 19:00:00,47.1732649868558
04-11 20:00:00,52.77567872954702
04-11 21:00:00,56.8760931726716
04-11 22:00:00,60.17751781525869
04-11 23:00:00,66.89622420687115
04-12 00:00:00,71.30378695189897
04-12 01:00:00,75.86259207862496
04-12 02:00:00,89.67717689696971
04-12 03:00:00,99.06926927484511
04-12 04:00:00,108.48092968667751
04-12 05:00:00,120.12801862577578
04-12 06:00:00,125.0969790937936
04-12 07:00:00,126.31796056213936
04-12 08:00:00,135.53363360903228
04-12 09:00:00,138.96166209826072
04-12 10:00:00,135.3289279561617
04-12 11:00:00,130.11431612166768
04-12 12:00:00,122.67466874330532
04-12 13:00:00,115.39053933020577
04-12 14:00:00,112.0836173640229
04-12 15:00:00,115.40146021589995
04-12 16:00:00,118.19274546652481
04-12 17:00:00,115.59308439131605
04-12 18:00:00,115.62828881162586
04-12 19:00:00,121.65777310566666
04-12 20:00:00,125.73631546727563
04-12 21:00:00,126.62662247203875
04-12 22:00:00,128.2672672318381
04-12 23:00:00,126.70173080697877
04-13 00:00:00,125.26071452158547
04-13 01:00:00,128.4923978806217
04-13 02:00:00,129.16437042176398
04-13 03:00:00,133.47145335569803
04-13 04:00:00,135.230163853163
04-13 05:00:00,139.16882118368244
04-13 06:00:00,137.53929623900035
04-13 07:00:00,132.14937571246196
04-13 08:00:00,118.68265830332606
04-13 09:00:00,106.8105088306512
04-13 10:00:00,104.57063194749475
04-13 11:00:00,96.44381415715097
04-13 12:00:00,91.38979917819805
04-13 13:00:00,90.11711258138902
04-13 14:00:00,99.66616513868541
04-13 15:00:00,100.11887513510574
04-13 16:00:00,96.0160636962099
04-13 17:00:00,100.72557203779994
04-13 18:00:00,109.31940871172209
04-13 19:00:00,115.42855645574036
04-13 20:00:00,119.41004439443745
04-13 21:00:00,119.89495800882148
04-13 22:00:00,121.52788902910311
04-13 23:00:00,127.45821145873498
04-14 00:00:00,134.3998136890932
04-14 01:00:00,136.55905329194474
04-14 02:00:00,140.237191460563
04-14 03:00:00,143.84763375088554
04-14 04:00:00,145.7875794832051
04-14 05:00:00,151.02392357499667
04-14 06:00:00,144.93178023267185
04-14 07:00:00,131.0653694951102
04-14 08:00:00,117.41063073358926
04-14 09:00:00,106.04227140523757
04-14 10:00:00,97.08906963333962
04-14 11:00:00,89.63282991464037
04-14 12:00:00,85.72400064336867
04-14 13:00:00,80.9675318361384
04-14 14:00:00,85.15285394524489
04-14 15:00:00,85.3883250393029
04-14 16:00:00,86.74361915375898
04-14 17:00:00,92.78437521377178
04-14 18:00:00,100.10812731811922
04-14 19:00:00,109.28966640111277
04-14 20:00:00,112.65370438387669
04-14 21:00:00,113.50224990218769
04-14 22:00:00,116.63360822289604
04-14 23:00:00,121.76884938632759
04-15 00:00:00,125.33536205546858
04-15 01:00:00,126.37602592848752
04-15 02:00:00,128.39738692727087
04-15 03:00:00,132.49767094934808
04-15 04:00:00,130.8702537824445
04-15 05:00:00,134.84665908811292
04-15 06:00:00,131.58531212273107
04-15 07:00:00,119.41269945803812
04-15 08:00:00,111.38257049058498
04-15 09:00:00,108.15707461547666
04-15 10:00:00,99.48084840873545
04-15 11:00:00,96.85094296071644
04-15 12:00:00,90.26688172948053
04-15 13:00:00,90.52257721522074
04-15 14:00:00,88.80879317050912
04-15 15:00:00,89.43826872737803
04-15 16:00:00,88.80003986772672
04-15 17:00:00,92.06003734828346
04-15 18:00:00,95.16717153462828
04-15 19:00:00,103.38611382051177
04-15 20:00:00,107.70041456608982
04-15 21:00:00,111.84819228500702
04-15 22:00:00,114.83108589627176
04-15 23:00:00,120.51574812152492
04-16 00:00:00,127.77709610092315
04-16 01:00:00,130.81218899695682
04-16 02:00:00,133.23388627289776
04-16 03:00:00,137.65143259608425
04-16 04:00:00,139.42448071706266
04-16 05:00:00,142.9185442311143
04-16 06:00:00,137.66286343175688
04-16 07:00:00,125.27108031569124
04-16 08:00:00,113.8556226821313
04-16 09:00:00,105.49932994708246
04-16 10:00:00,95.95275273151441
04-16 11:00:00,88.5714169914676
04-16 12:00:00,80.10101563356464
04-16 13:00:00,75.23276521460703
04-16 14:00:00,72.31594464466284
04-16 15:00:00,74.49559955069816
04-16 16:00:00,76.62532866200422
04-16 17:00:00,79.48603466332892
04-16 18:00:00,84.02878128615968
04-16 19:00:00,91.81048717374829
04-16 20:00:00,96.36603477170529
04-16 21:00:00,102.35757626133932
04-16 22:00:00,112.18603620582228
04-16 23:00:00,118.51870415678638
04-17 00:00:00,121.9904861478339
04-17 01:00:00,124.8556782666373
04-17 02:00:00,130.69146193060553
04-17 03:00:00,135.60011792690662
04-17 04:00:00,140.824547155005
04-17 05:00:00,143.3010483560432
04-17 06:00:00,137.4337761385997
04-17 07:00:00,130.91706703308935
04-17 08:00:00,116.52880725614169
04-17 09:00:00,105.957655023252
04-17 10:00:00,94.5646932614311
04-17 11:00:00,83.69511466973952
04-17 12:00:00,74.97368622321773
04-17 13:00:00,70.85355958223779
04-17 14:00:00,73.52217766717249
04-17 15:00:00,75.6388376445569
04-17 16:00:00,78.51401684412883
04-17 17:00:00,80.7397217526306
04-17 18:00:00,84.95929784313479
04-17 19:00:00,87.8849890782834
04-17 20:00:00,88.65205164900063
04-17 21:00:00,91.45679899105106
04-17 22:00:00,90.81041979744035
04-17 23:00:00,91.48996054207251
04-18 00:00:00,94.63754562926383
04-18 01:00:00,96.99224273093134
04-18 02:00:00,100.53513613967111
04-18 03:00:00,102.59321797447319
04-18 04:00:00,103.37569683098728
04-18 05:00:00,104.84738710529763
04-18 06:00:00,103.65308660671737
04-18 07:00:00,100.53300556619598
04-18 08:00:00,95.13124338355102
04-18 09:00:00,89.89935372463253
04-18 10:00:00,83.38452955354668
04-18 11:00:00,75.64148601795125
04-18 12:00:00,73.18933629206236
04-18 13:00:00,71.65443255355322
04-18 14:00:00,71.62945990693095
04-18 15:00:00,73.25463990473696
04-18 16:00:00,77.35641866367415
04-18 17:00:00,79.76681654245833
04-18 18:00:00,82.16772246163762
04-18 19:00:00,84.96519719242126
04-18 20:00:00,87.12780521328816
04-18 21:00:00,90.79620091294505
04-18 22:00:00,98.84421054944943
04-18 23:00:00,105.75502063469683
04-19 00:00:00,107.61654013530466
04-19 01:00:00,108.54943961952836
04-19 02:00:00,110.72761950387859
04-19 03:00:00,106.30347273036887
04-19 04:00:00,108.59703649868851
04-19 05:00:00,109.33029757287929
04-19 06:00:00,106.93197510804985
04-19 07:00:00,104.31506456231365
04-19 08:00:00,91.88466938975122
04-19 09:00:00,80.35193333894622
04-19 10:00:00,69.12798280063171
04-19 11:00:00,59.591882819747596
04-19 12:00:00,56.16308688961429
04-19 13:00:00,54.02723248817637
04-19 14:00:00,53.15831651521231
04-19 15:00:00,52.12720847576153
04-19 16:00:00,52.69206836666403
04-19 17:00:00,55.31128134317278
04-19 18:00:00,60.40265085302642
04-19 19:00:00,70.8605957848259
04-19 20:00:00,73.71179224869695
04-19 21:00:00,75.43450916725862
04-19 22:00:00,84.55516649403722
04-19 23:00:00,91.11924634746316
04-20 00:00:00,94.12927419331811
04-20 01:00:00,98.95697404311
04-20 02:00:00,101.68026145630304
04-20 03:00:00,107.00716469355991
04-20 04:00:00,106.25480856930741
04-20 05:00:00,112.82010539788745
04-20 06:00:00,106.72156998978662
04-20 07:00:00,92.12697910007284
04-20 08:00:00,79.73614469008615
04-20 09:00:00,68.00408849010276
04-20 10:00:00,56.84383306686229
04-20 11:00:00,46.54033019020984
04-20 12:00:00,39.771454562045875
04-20 13:00:00,34.723882445308426
04-20 14:00:00,33.17863747071735
04-20 15:00:00,35.636110300279164
04-20 16:00:00,36.42597196004706
04-20 17:00:00,38.15565260492351
04-20 18:00:00,43.96890710082859
04-20 19:00:00,54.11749223459816
04-20 20:00:00,60.688028346101035
04-20 21:00:00,69.52054945719736
04-20 22:00:00,73.78150442185549
04-20 23:00:00,80.40219000683103
04-21 00:00:00,83.5710248441594
04-21 01:00:00,87.1917860651116
04-21 02:00:00,88.79843910926535
04-21 03:00:00,89.84765645233679
04-21 04:00:00,94.8668717072982
04-21 05:00:00,95.79291501958507
04-21 06:00:00,90.4932394195664
04-21 07:00:00,79.07702712938513
04-21 08:00:00,68.76870798305148
04-21 09:00:00,57.01521274248031
04-21 10:00:00,43.68887596366608
04-21 11:00:00,34.95055516469236
04-21 12:00:00,28.80851709990822
04-21 13:00:00,24.71459338567921
04-21 14:00:00,21.91792887006659
04-21 15:00:00,20.44196188087862
04-21 16:00:00,25.90682844078547
04-21 17:00:00,32.69961250101099
04-21 18:00:00,36.57471139830952
04-21 19:00:00,47.31251202065273
04-21 20:00:00,51.47390871330269
04-21 21:00:00,54.15801740180396
04-21 22:00:00,59.82753018870247
04-21 23:00:00,65.74016407242183
04-22 00:00:00,69.89676115113684
04-22 01:00:00,73.77151283639569
04-22 02:00:00,80.56255135118002
04-22 03:00:00,78.74164286112052
04-22 04:00:00,80.40090617164124
04-22 05:00:00,84.25878233462471
04-22 06:00:00,81.52393024764942
04-22 07:00:00,75.29790452608385
04-22 08:00:00,63.693847524704864
04-22 09:00:00,48.084679327536236
04-22 10:00:00,39.745526523511366
04-22 11:00:00,34.375589253920886
04-22 12:00:00,29.02854629307417
04-22 13:00:00,35.184352065585735
04-22 14:00:00,32.599684009918796
04-22 15:00:00,33.96416022876529
04-22 16:00:00,43.64928364830122
04-22 17:00:00,46.40443116784657
04-22 18:00:00,49.66259801827259
04-22 19:00:00,52.59067445204511
04-22 20:00:00,57.78755412159936
04-22 21:00:00,63.2083003331128
04-22 22:00:00,64.18268280472228
04-22 23:00:00,67.38853144056237
04-23 00:00:00,71.8762880648386
04-23 01:00:00,79.79566861371184
04-23 02:00:00,84.7012570952233
04-23 03:00:00,90.95895355146206
04-23 04:00:00,95.45438480214706
04-23 05:00:00,98.38680432810999
04-23 06:00:00,91.83064093890536
04-23 07:00:00,80.18399001689738
04-23 08:00:00,71.00086865732996
04-23 09:00:00,60.73718049104401
04-23 10:00:00,49.401298817408374
04-23 11:00:00,38.05428941888007
04-23 12:00:00,29.931021565165086
04-23 13:00:00,23.778500925666922
04-23 14:00:00,19.411433484128437
04-23 15:00:00,17.975942209972832
04-23 16:00:00,19.60626525768967
04-23 17:00:00,24.05178327223804
04-23 18:00:00,31.326571302569363
04-23 19:00:00,41.424532498533296
04-23 20:00:00,48.21168381244754
04-23 21:00:00,54.61843387771002
04-23 22:00:00,63.710251918551904
04-23 23:00:00,69.49914603192049
04-24 00:00:00,73.54516634239774
04-24 01:00:00,77.09131466681956
04-24 02:00:00,80.18990498557798
04-24 03:00:00,82.30453802166157
04-24 04:00:00,86.34272960329815
04-24 05:00:00,86.19158557308486
04-24 06:00:00,80.17099792827658
04-24 07:00:00,69.02536580748693
04-24 08:00:00,59.355038888378914
04-24 09:00:00,46.70628852144183
04-24 10:00:00,35.95110824065234
04-24 11:00:00,26.26183259209119
04-24 12:00:00,19.55534654930664
04-24 13:00:00,12.1750453726779
04-24 14:00:00,8.207175748295183
04-24 15:00:00,6.197868213695459
04-24 16:00:00,6.624581078995589
04-24 17:00:00,8.27687241062847
04-24 18:00:00,17.57799475724312
04-24 19:00:00,26.90075601871268
04-24 20:00:00,35.31353739908904
04-24 21:00:00,42.427623622638166
04-24 22:00:00,45.32547458928923
04-24 23:00:00,49.521045559492165
04-25 00:00:00,54.93797919910902
04-25 01:00:00,58.3025190338042
04-25 02:00:00,61.656418540827865
04-25 03:00:00,70.53168603482533
04-25 04:00:00,72.62100984795238
04-25 05:00:00,70.92829397952724
04-25 06:00:00,67.12913099797001
04-25 07:00:00,66.49955386428094
04-25 08:00:00,57.07767854365649
04-25 09:00:00,48.4707896435242
04-25 10:00:00,36.92453968861555
04-25 11:00:00,26.775403155289645
04-25 12:00:00,20.037895605214274
04-25 13:00:00,14.44617010938671
04-25 14:00:00,11.834177159028311
04-25 15:00:00,11.314050571025941
04-25 16:00:00,12.36065064559638
04-25 17:00:00,17.414109615122623
04-25 18:00:00,27.320322948753187
04-25 19:00:00,35.60658336409221
04-25 20:00:00,42.01467978250956
04-25 21:00:00,47.03179331187363
04-25 22:00:00,52.185507230136054
04-25 23:00:00,58.12703537190732
04-26 00:00:00,61.92420455180584
04-26 01:00:00,66.51997524592537
04-26 02:00:00,72.9517091563583
04-26 03:00:00,78.50978584366814
04-26 04:00:00,82.52214737980226
04-26 05:00:00,84.10012321221274
04-26 06:00:00,78.88939987224714
04-26 07:00:00,71.40926379089622
04-26 08:00:00,66.11524954936849
04-26 09:00:00,58.89663196760067
04-26 10:00:00,53.41204412338585
04-26 11:00:00,46.3159135013753
04-26 12:00:00,35.43248127158792
04-26 13:00:00,31.621637218359673
04-26 14:00:00,26.3747112903091
04-26 15:00:00,21.837027603216818
04-26 16:00:00,20.43814517532288
04-26 17:00:00,24.43224686330276
04-26 18:00:00,32.66344381608884
04-26 19:00:00,42.01358862696111
04-26 20:00:00,49.80979185923917
04-26 21:00:00,53.733107575720496
04-26 22:00:00,59.458553701535976
04-26 23:00:00,65.06205688375975
04-27 00:00:00,69.12882774576214
04-27 01:00:00,77.51833975983146
04-27 02:00:00,82.14531297205959
04-27 03:00:00,84.97826616235577
04-27 04:00:00,90.63360952417278
04-27 05:00:00,89.95975252993705
04-27 06:00:00,83.63446112660326
04-27 07:00:00,74.28720024834615
04-27 08:00:00,66.28427802552338
04-27 09:00:00,57.72072975554013
04-27 10:00:00,47.548672558242316
04-27 11:00:00,39.186953214219095
04-27 12:00:00,33.65264418717833
04-27 13:00:00,24.18943994137109
04-27 14:00:00,20.202125411872004
04-27 15:00:00,16.58692279210731
04-27 16:00:00,16.69593830297243
04-27 17:00:00,19.888152971345207
04-27 18:00:00,25.150848469730406
04-27 19:00:00,29.868686099714292
04-27 20:00:00,35.07021035255225
04-27 21:00:00,39.53732438885226
04-27 22:00:00,39.23086836655235
04-27 23:00:00,49.25181911917858
04-28 00:00:00,54.00979345911438
04-28 01:00:00,53.28761130898833
04-28 02:00:00,52.916388149743476
04-28 03:00:00,54.644144609246354
04-28 04:00:00,55.355892421442086
04-28 05:00:00,58.179794564463975
04-28 06:00:00,57.36718150345883
04-28 07:00:00,53.73423485661514
04-28 08:00:00,51.63916784654644
04-28 09:00:00,41.98624229574354
04-28 10:00:00,32.14940914131845
04-28 11:00:00,23.773410213375968
04-28 12:00:00,18.801322918334762
04-28 13:00:00,13.322380503686043
04-28 14:00:00,10.123207450479086
04-28 15:00:00,8.26948782518588
04-28 16:00:00,11.672482063767958
04-28 17:00:00,15.18542964952549
04-28 18:00:00,20.921106819685253
04-28 19:00:00,28.404612564413153
04-28 20:00:00,37.087732216992
04-28 21:00:00,43.18558801038518
04-28 22:00:00,49.149158115318784
04-28 23:00:00,49.66876999282378
04-29 00:00:00,53.321524751704146
04-29 01:00:00,53.23103829948245
04-29 02:00:00,52.80840898244599
04-29 03:00:00,52.83364264843523
04-29 04:00:00,60.572651110387525
04-29 05:00:00,67.54161909393105
04-29 06:00:00,70.32471663356237
04-29 07:00:00,69.07158285322154
04-29 08:00:00,63.169713046663155
04-29 09:00:00,58.61037172101043
04-29 10:00:00,55.338453867431795
04-29 11:00:00,55.3660066823566
04-29 12:00:00,53.48720806407039
04-29 13:00:00,48.20575289856309
04-29 14:00:00,48.237485470702055
04-29 15:00:00,46.92789976311236
04-29 16:00:00,47.983244142983224
04-29 17:00:00,55.25373893388412
04-29 18:00:00,58.58432269835855
04-29 19:00:00,60.997768450620555
04-29 20:00:00,63.58110302598645
04-29 21:00:00,63.72889260379982
04-29 22:00:00,66.94346443431628
04-29 23:00:00,67.66533638662338
04-30 00:00:00,67.11738723168484
04-30 01:00:00,68.16747646580554
04-30 02:00:00,73.59952753193109
04-30 03:00:00,74.72982425998455
04-30 04:00:00,72.43460341669396
04-30 05:00:00,75.24959431417912
04-30 06:00:00,68.95828036150556
04-30 07:00:00,58.25515065809679
04-30 08:00:00,51.62402100027316
04-30 09:00:00,42.64517525762896
04-30 10:00:00,33.641946128665765
04-30 11:00:00,28.122976541090104
04-30 12:00:00,23.714927000411464
04-30 13:00:00,35.55225822375458
04-30 14:00:00,49.57535596531793
04-30 15:00:00,56.24694148249969
04-30 16:00:00,60.82513411592687
04-30 17:00:00,63.829740031155396
04-30 18:00:00,71.76045880946407
04-30 19:00:00,76.528396919545
04-30 20:00:00,80.59327662974594
04-30 21:00:00,82.03535261904278
04-30 22:00:00,82.18682782961659
04-30 23:00:00,82.02773598646107
05-01 00:00:00,82.00458046751365
05-01 01:00:00,81.9817006959722
05-01 02:00:00,81.8943675115476
05-01 03:00:00,81.94938761876043
05-01 04:00:00,81.839519650191
05-01 05:00:00,80.48422553573491
05-01 06:00:00,79.50278753067636
05-01 07:00:00,79.20205935881239
05-01 08:00:00,76.546122238767
05-01 09:00:00,72.46696944192253
05-01 10:00:00,70.8942748398797
05-01 11:00:00,70.51252834061157
05-01 12:00:00,71.1824360319573
05-01 13:00:00,71.97203471820123
05-01 14:00:00,72.83110012438142
05-01 15:00:00,74.8240906492571
05-01 16:00:00,74.30230421230608
05-01 17:00:00,73.93320414228688
05-01 18:00:00,77.43714550888119
05-01 19:00:00,81.02722045519081
05-01 20:00:00,84.06658435323911
05-01 21:00:00,88.56247509051107
05-01 22:00:00,93.84408431900661
05-01 23:00:00,97.18248765994758
05-02 00:00:00,98.75721113225052
05-02 01:00:00,99.78696252544096
05-02 02:00:00,100.69991247886712
05-02 03:00:00,101.6749310473125
05-02 04:00:00,103.95575799180504
05-02 05:00:00,104.74804061038246
05-02 06:00:00,103.99095891066537
05-02 07:00:00,102.25553613997428
05-02 08:00:00,98.25209061840334
05-02 09:00:00,94.18137471288176
05-02 10:00:00,90.03045489994392
05-02 11:00:00,84.44164693053435
05-02 12:00:00,79.47048088258207
05-02 13:00:00,69.22210835018406
05-02 14:00:00,77.33873054254482
05-02 15:00:00,90.0464357881508
05-02 16:00:00,86.6512587680215
05-02 17:00:00,88.1906035626964
05-02 18:00:00,89.60380722806738
05-02 19:00:00,92.20039977274348
05-02 20:00:00,96.2888568936482
05-02 21:00:00,97.12478169591353
05-02 22:00:00,97.38719195107723
05-02 23:00:00,100.30613025062921
05-03 00:00:00,100.95169792419375
05-03 01:00:00,100.41073573054624
05-03 02:00:00,102.54406807562577
05-03 03:00:00,104.87276577738392
05-03 04:00:00,104.45928379920161
05-03 05:00:00,106.98662006998629
05-03 06:00:00,103.0942091671463
05-03 07:00:00,88.60937646373304
05-03 08:00:00,77.27789999030433
05-03 09:00:00,67.91732618447088
05-03 10:00:00,63.51268735153572
05-03 11:00:00,56.648767023324254
05-03 12:00:00,51.44490539420157
05-03 13:00:00,47.3818538887689
05-03 14:00:00,45.00519649617636
05-03 15:00:00,42.535834524165445
05-03 16:00:00,41.65851997259914
05-03 17:00:00,42.14786303836586
05-03 18:00:00,50.459889224999415
05-03 19:00:00,60.222665260075004
05-03 20:00:00,63.42252105485247
05-03 21:00:00,72.53503428516761
05-03 22:00:00,76.88956624697653
05-03 23:00:00,77.11731775701888
05-04 00:00:00,80.40213927790842
05-04 01:00:00,86.77707985337574
05-04 02:00:00,89.83055815897248
05-04 03:00:00,92.06557941492741
05-04 04:00:00,94.19098252244066
05-04 05:00:00,96.1045743322723
05-04 06:00:00,80.46429754683005
05-04 07:00:00,70.61752274793146
05-04 08:00:00,58.956066418831156
05-04 09:00:00,45.24041421477514
05-04 10:00:00,36.95991656782464
05-04 11:00:00,30.89255084894444
05-04 12:00:00,20.66345363682226
05-04 13:00:00,16.68769176616428
05-04 14:00:00,15.749035896819457
05-04 15:00:00,17.68161833490332
05-04 16:00:00,21.257133186025996
05-04 17:00:00,25.408503944458012
05-04 18:00:00,28.555555832361996
05-04 19:00:00,28.990326357004587
05-04 20:00:00,43.939107854471324
05-04 21:00:00,48.70814835450717
05-04 22:00:00,52.66233130866247
05-04 23:00:00,54.886520333468816
05-05 00:00:00,54.5290839421543
05-05 01:00:00,53.76528618293716
05-05 02:00:00,53.396384248937075
05-05 03:00:00,56.654892201624335
05-05 04:00:00,64.01898892037957
05-05 05:00:00,67.57232274870513
05-05 06:00:00,78.00971132897155
05-05 07:00:00,84.83338375863127
05-05 08:00:00,87.84099246177745
05-05 09:00:00,87.2266707012377
05-05 10:00:00,81.35102375168853
05-05 11:00:00,77.79001459379514
05-05 12:00:00,69.66096020563063
05-05 13:00:00,59.16546097747813
05-05 14:00:00,57.00613009121069
05-05 15:00:00,70.01385998384963
05-05 16:00:00,68.63058082787514
05-05 17:00:00,67.28082296762123
05-05 18:00:00,70.44561639265217
05-05 19:00:00,72.90484832526067
05-05 20:00:00,78.46610926699799
05-05 21:00:00,79.14295611147588
05-05 22:00:00,79.95243612934688
05-05 23:00:00,84.7276923351777
05-06 00:00:00,88.9317813013742
05-06 01:00:00,97.51715043601494
05-06 02:00:00,95.77736794358458
05-06 03:00:00,93.57594123476161
05-06 04:00:00,91.38821173593746
05-06 05:00:00,91.77121554460498
05-06 06:00:00,85.14608428475094
05-06 07:00:00,75.84798427855927
05-06 08:00:00,68.18022133926226
05-06 09:00:00,58.91276789688729
05-06 10:00:00,57.9695616814807
05-06 11:00:00,59.359569153578086
05-06 12:00:00,61.13419007230115
05-06 13:00:00,68.04426863586656
05-06 14:00:00,73.21923284875746
05-06 15:00:00,75.12175323746511
05-06 16:00:00,76.12241005921257
05-06 17:00:00,76.92389058404669
05-06 18:00:00,77.43406300872505
05-06 19:00:00,74.15840711201582
05-06 20:00:00,58.00164845806596
05-06 21:00:00,54.30471170679043
05-06 22:00:00,65.55906136967981
05-06 23:00:00,58.57314089271809
05-07 00:00:00,55.74092548309229
05-07 01:00:00,58.1905850360937
05-07 02:00:00,62.460352838687314
05-07 03:00:00,63.53875205370409
05-07 04:00:00,62.487538384262834
05-07 05:00:00,65.63392162914062
05-07 06:00:00,67.95665664337919
05-07 07:00:00,63.32337154528899
05-07 08:00:00,53.85329518806684
05-07 09:00:00,79.08513636238527
05-07 10:00:00,81.5053456696666
05-07 11:00:00,80.07269464910848
05-07 12:00:00,79.17186411223685
05-07 13:00:00,81.90970929616542
05-07 14:00:00,79.23557263811294
05-07 15:00:00,61.405836167735444
05-07 16:00:00,61.31295323709359
05-07 17:00:00,62.97176147986705
05-07 18:00:00,69.42391421053406
05-07 19:00:00,75.40523543200592
05-07 20:00:00,78.41506883861183
05-07 21:00:00,83.2736518120472
05-07 22:00:00,88.07393820209283
05-07 23:00:00,93.06553093736068
05-08 00:00:00,98.56930817598044
05-08 01:00:00,101.29691998667974
05-08 02:00:00,99.56686112835655
05-08 03:00:00,102.49588277365496
05-08 04:00:00,101.95088812456115
05-08 05:00:00,99.11865900309863
05-08 06:00:00,88.46837833345116
05-08 07:00:00,75.4100357965325
05-08 08:00:00,67.90449065779227
05-08 09:00:00,55.146557908161455
05-08 10:00:00,42.01388155671383
05-08 11:00:00,32.77761727730303
05-08 12:00:00,24.912100611072617
05-08 13:00:00,19.056549130130634
05-08 14:00:00,14.039800918453045
05-08 15:00:00,10.925340312068103
05-08 16:00:00,10.290153443937347
05-08 17:00:00,9.934188316039181
05-08 18:00:00,20.084138981223077
05-08 19:00:00,23.9626201024725
05-08 20:00:00,27.612529316462023
05-08 21:00:00,36.39446183018376
05-08 22:00:00,42.55540345273299
05-08 23:00:00,45.14174597864934
05-09 00:00:00,47.29309943359655
05-09 01:00:00,47.52880866791221
05-09 02:00:00,45.19153944272876
05-09 03:00:00,46.26543455955685
05-09 04:00:00,50.13773631152751
05-09 05:00:00,47.685327540848824
05-09 06:00:00,39.67601710906665
05-09 07:00:00,27.99521237614002
05-09 08:00:00,18.487335369909218
05-09 09:00:00,9.719827181141396
05-09 10:00:00,2.7097023414980668
05-09 11:00:00,2.557100476931003
05-09 12:00:00,2.3690715459004736
05-09 13:00:00,2.294697662609418
05-09 14:00:00,2.406437249151182
05-09 15:00:00,2.595068255897387
05-09 16:00:00,2.786737808280558
05-09 17:00:00,2.981493326319248
05-09 18:00:00,3.2594271232405294
05-09 19:00:00,3.6673976006913946
05-09 20:00:00,3.960812751293734
05-09 21:00:00,12.711191831241418
05-09 22:00:00,15.057386101791796
05-09 23:00:00,13.049250340074693
05-10 00:00:00,10.775578715873781
05-10 01:00:00,3.918494725292355
05-10 02:00:00,4.003265730702148
05-10 03:00:00,3.960812751293734
05-10 04:00:00,4.045854076428607
05-10 05:00:00,4.1314385237534825
05-10 06:00:00,4.839480687883223
05-10 07:00:00,3.876311240841689
05-10 08:00:00,3.750563934048891
05-10 09:00:00,3.626012775608796
05-10 10:00:00,3.6673976006913946
05-10 11:00:00,3.750563934048891
05-10 12:00:00,8.20294784742001
05-10 13:00:00,10.611062603001733
05-10 14:00:00,12.429227643448016
05-10 15:00:00,15.393763064438534
05-10 16:00:00,15.574185018702561
05-10 17:00:00,17.194376098224666
05-10 18:00:00,19.979204509050795
05-10 19:00:00,25.252264662617463
05-10 20:00:00,29.211683893643475
05-10 21:00:00,31.79717760846792
05-10 22:00:00,34.439842610556916
05-10 23:00:00,37.78689307787654
05-11 00:00:00,43.034918068659024
05-11 01:00:00,47.39606140986581
05-11 02:00:00,51.561829346483805
05-11 03:00:00,47.83579651123702
05-11 04:00:00,48.325304296898665
05-11 05:00:00,47.99063285808174
05-11 06:00:00,49.19331650702526
05-11 07:00:00,45.52234945062624
05-11 08:00:00,40.281979295355896
05-11 09:00:00,34.98166236175038
05-11 10:00:00,30.947507585748617
05-11 11:00:00,26.336014208609264
05-11 12:00:00,36.40228553236165
05-11 13:00:00,47.38956415214565
05-11 14:00:00,50.380156459777595
05-11 15:00:00,51.112830466093655
05-11 16:00:00,55.505680254041636
05-11 17:00:00,56.81740912091874
05-11 18:00:00,58.67131486535349
05-11 19:00:00,61.197550050441436
05-11 20:00:00,63.265271875991104
05-11 21:00:00,64.50938005426812
05-11 22:00:00,67.24865735873827
05-11 23:00:00,71.24865676509481
05-12 00:00:00,71.4563622909736
05-12 01:00:00,72.83775390316922
05-12 02:00:00,72.89986162982008
05-12 03:00:00,71.06904650173198
05-12 04:00:00,71.45442351503192
05-12 05:00:00,72.50820154252327
05-12 06:00:00,76.25967667546126
05-12 07:00:00,76.56736324734885
05-12 08:00:00,73.76826238950929
05-12 09:00:00,71.54224666252748
05-12 10:00:00,65.17036531435339
05-12 11:00:00,58.33223083587541
05-12 12:00:00,48.23278222040219
05-12 13:00:00,42.82959237523181
05-12 14:00:00,39.7568540764528
05-12 15:00:00,36.42597196004706
05-12 16:00:00,41.185895181438084
05-12 17:00:00,45.21224012379348
05-12 18:00:00,48.261816921697005
05-12 19:00:00,53.6258568814887
05-12 20:00:00,56.463071625538056
05-12 21:00:00,57.960210829263076
05-12 22:00:00,64.85094858928004
05-12 23:00:00,71.56701266012848
05-13 00:00:00,75.54959230839826
05-13 01:00:00,78.2971942621416
05-13 02:00:00,81.00044498916245
05-13 03:00:00,85.33633788346046
05-13 04:00:00,87.47035083934227
05-13 05:00:00,84.48428134916078
05-13 06:00:00,77.9228807251061
05-13 07:00:00,69.21841348597684
05-13 08:00:00,62.66463614549899
05-13 09:00:00,57.84361814473327
05-13 10:00:00,49.75589782090963
05-13 11:00:00,45.95401510603877
05-13 12:00:00,64.62377517979363
05-13 13:00:00,68.69216311279337
05-13 14:00:00,63.79825258336179
05-13 15:00:00,59.175087442262345
05-13 16:00:00,54.85640986877593
05-13 17:00:00,52.05376838432538
05-13 18:00:00,53.912693924784435
05-13 19:00:00,61.90738887934521
05-13 20:00:00,67.2642066088239
05-13 21:00:00,68.46117285464915
05-13 22:00:00,72.64734604227704
05-13 23:00:00,71.73975666507921
05-14 00:00:00,80.6118483473995
05-14 01:00:00,84.87648331779405
05-14 02:00:00,85.89587619919583
05-14 03:00:00,87.92124851186205
05-14 04:00:00,92.5983744078471
05-14 05:00:00,88.08810007354602
05-14 06:00:00,84.73839767986229
05-14 07:00:00,72.85119410414258
05-14 08:00:00,56.87769542076953
05-14 09:00:00,45.94678563721003
05-14 10:00:00,38.65809776031798
05-14 11:00:00,32.663243495607425
05-14 12:00:00,27.551538596868124
05-14 13:00:00,24.256522290940474
05-14 14:00:00,24.911575450852947
05-14 15:00:00,19.96698613704376
05-14 16:00:00,30.97322526301015
05-14 17:00:00,42.13100817991105
05-14 18:00:00,47.98541880020248
05-14 19:00:00,53.59632402801797
05-14 20:00:00,60.878620017126934
05-14 21:00:00,66.02901671059392
05-14 22:00:00,68.98819081815373
05-14 23:00:00,71.54224666252748
05-15 00:00:00,75.52971261073672
05-15 01:00:00,77.85382438081973
05-15 02:00:00,77.03445646254312
05-15 03:00:00,80.02736656578207
05-15 04:00:00,83.61760678157755
05-15 05:00:00,85.34827763062096
05-15 06:00:00,74.58295997368114
05-15 07:00:00,66.14281773519176
05-15 08:00:00,57.00365641036413
05-15 09:00:00,47.00247793065332
05-15 10:00:00,39.47298825919911
05-15 11:00:00,36.148809316264774
05-15 12:00:00,34.79236056083923
05-15 13:00:00,39.10521761304923
05-15 14:00:00,41.491702934353626
05-15 15:00:00,49.67291311808126
05-15 16:00:00,57.3469683080988
05-15 17:00:00,63.75259199269068
05-15 18:00:00,67.07442274384024
05-15 19:00:00,68.37218815043748
05-15 20:00:00,69.82273682584814
05-15 21:00:00,71.63466999426642
05-15 22:00:00,74.55706101048867
05-15 23:00:00,74.62455060591863
05-16 00:00:00,76.91659042858885
05-16 01:00:00,79.42291646891704
05-16 02:00:00,80.26214136031778
05-16 03:00:00,84.57424457712779
05-16 04:00:00,88.17078372393495
05-16 05:00:00,82.0250487831382
05-16 06:00:00,77.66318474434603
05-16 07:00:00,72.66367884800773
05-16 08:00:00,64.09882645513763
05-16 09:00:00,55.35054491911404
05-16 10:00:00,47.41925018075802
05-16 11:00:00,43.58620714994116
05-16 12:00:00,49.81084834929078
05-16 13:00:00,45.27007717676173
05-16 14:00:00,52.55700497467578
05-16 15:00:00,60.355213092405364
05-16 16:00:00,60.148427849937505
05-16 17:00:00,57.386277817346624
05-16 18:00:00,59.449765232336105
05-16 19:00:00,62.313672389377366
05-16 20:00:00,54.94816705313064
05-16 21:00:00,57.200461140925924
05-16 22:00:00,64.75234084939507
05-16 23:00:00,63.70428419203609
05-17 00:00:00,65.9127857117423
05-17 01:00:00,70.47882820541516
05-17 02:00:00,74.55706101048867
05-17 03:00:00,71.33921227815499
05-17 04:00:00,74.28277004837216
05-17 05:00:00,74.97877683269581
05-17 06:00:00,75.58249150851975
05-17 07:00:00,70.88277164380389
05-17 08:00:00,66.19560800785106
05-17 09:00:00,59.6215731145873
05-17 10:00:00,52.82823108883018
05-17 11:00:00,43.62139239486686
05-17 12:00:00,38.912409399134376
05-17 13:00:00,35.20984268823217
05-17 14:00:00,34.74895498875121
05-17 15:00:00,42.78825757798986
05-17 16:00:00,36.79868684967204
05-17 17:00:00,40.24860807679641
05-17 18:00:00,43.816253539541435
05-17 19:00:00,47.843151183729944
05-17 20:00:00,50.34615406164676
05-17 21:00:00,50.6957652846228
05-17 22:00:00,60.222665260075004
05-17 23:00:00,66.4320083071452
05-18 00:00:00,70.23370253752448
05-18 01:00:00,70.35791859394365
05-18 02:00:00,73.7444786614152
05-18 03:00:00,74.44335471015847
05-18 04:00:00,74.5656141262532
05-18 05:00:00,74.44335471015847
05-18 06:00:00,71.7592819980568
05-18 07:00:00,69.45980087340769
05-18 08:00:00,64.41922090066836
05-18 09:00:00,59.33102444852868
05-18 10:00:00,64.56051309227418
05-18 11:00:00,58.364235128012936
05-18 12:00:00,52.21366233759844
05-18 13:00:00,50.352564651968905
05-18 14:00:00,46.05926122301818
05-18 15:00:00,43.09642021009765
05-18 16:00:00,40.23609544999877
05-18 17:00:00,37.156408969328226
05-18 18:00:00,45.11330360695945
05-18 19:00:00,59.93703285123008
05-18 20:00:00,60.64384538180172
05-18 21:00:00,65.72409392163942
05-18 22:00:00,72.78719714333867
05-18 23:00:00,82.75750173308892
05-19 00:00:00,83.67037227739603
05-19 01:00:00,84.61464795995916
05-19 02:00:00,86.13824221327214
05-19 03:00:00,86.16557924876082
05-19 04:00:00,86.8976258822405
05-19 05:00:00,85.4693093937257
05-19 06:00:00,83.31452857050236
05-19 07:00:00,81.12548338710711
05-19 08:00:00,75.63887452839325
05-19 09:00:00,71.68548595834939
05-19 10:00:00,62.90918561302115
05-19 11:00:00,59.57399431642463
05-19 12:00:00,78.42600972403788
05-19 13:00:00,63.15739969626633
05-19 14:00:00,50.45459675559519
05-19 15:00:00,61.020472373569774
05-19 16:00:00,64.01604104439967
05-19 17:00:00,63.53562259730899
05-19 18:00:00,67.22052064816674
05-19 19:00:00,73.97474884483708
05-19 20:00:00,80.20190678640355
05-19 21:00:00,83.0568091749791
05-19 22:00:00,84.35648877523441
05-19 23:00:00,82.96405575647216
05-20 00:00:00,83.02919726116059
05-20 01:00:00,83.63174201575588
05-20 02:00:00,86.48908457021585
05-20 03:00:00,86.79307926058925
05-20 04:00:00,84.81920908601501
05-20 05:00:00,83.45898287890326
05-20 06:00:00,81.95237354021394
05-20 07:00:00,79.05611467350374
05-20 08:00:00,75.3733284550251
05-20 09:00:00,73.04446973019593
05-20 10:00:00,66.48121404014084
05-20 11:00:00,58.69550867946291
05-20 12:00:00,48.84852513934328
05-20 13:00:00,46.922869801208364
05-20 14:00:00,42.8001471307786
05-20 15:00:00,38.47230211435283
05-20 16:00:00,36.48793324489676
05-20 17:00:00,36.15781367059837
05-20 18:00:00,41.7697898815273
05-20 19:00:00,49.43213555955877
05-20 20:00:00,50.97038735918852
05-20 21:00:00,54.68364182455792
05-20 22:00:00,60.859561743155226
05-20 23:00:00,62.636423294493056
05-21 00:00:00,64.71911151337146
05-21 01:00:00,67.58549007681604
05-21 02:00:00,65.49827071690495
05-21 03:00:00,65.50560533413068
05-21 04:00:00,64.5640877795877
05-21 05:00:00,65.92157807383023
05-21 06:00:00,60.44822389931621
05-21 07:00:00,55.665316032171674
05-21 08:00:00,50.721023536747126
05-21 09:00:00,50.474100185557305
05-21 10:00:00,52.79092611360807
05-21 11:00:00,52.88128131809523
05-21 12:00:00,52.25200958704481
05-21 13:00:00,49.480019291579055
05-21 14:00:00,50.02088386879771
05-21 15:00:00,47.653690454027505
05-21 16:00:00,51.113412447917035
05-21 17:00:00,57.10263121912914
05-21 18:00:00,60.13591738886552
05-21 19:00:00,62.031589547419884
05-21 20:00:00,64.40403079697577
05-21 21:00:00,70.41481451435031
05-21 22:00:00,76.07301931425107
05-21 23:00:00,79.48952091826635
05-22 00:00:00,84.28685268434837
05-22 01:00:00,80.8744167503979
05-22 02:00:00,81.79019023558337
05-22 03:00:00,82.68753278505093
05-22 04:00:00,85.08885819677684
05-22 05:00:00,87.27474741591854
05-22 06:00:00,82.94810506427666
05-22 07:00:00,75.37665058151896
05-22 08:00:00,65.6362566895795
05-22 09:00:00,54.46661614233176
05-22 10:00:00,45.276413744779866
05-22 11:00:00,40.51489189340168
05-22 12:00:00,35.845471536119966
05-22 13:00:00,33.75203589288043
05-22 14:00:00,29.371998008141446
05-22 15:00:00,26.826929113077256
05-22 16:00:00,25.278524971066872
05-22 17:00:00,24.678217338801005
05-22 18:00:00,27.459683640626086
05-22 19:00:00,36.0216017075111
05-22 20:00:00,41.76243809094703
05-22 21:00:00,47.149509262196936
05-22 22:00:00,56.766441541800894
05-22 23:00:00,57.7363042023547
05-23 00:00:00,58.98986731296473
05-23 01:00:00,71.87316635077934
05-23 02:00:00,79.3343652071521
05-23 03:00:00,82.89932678165223
05-23 04:00:00,85.20951446248503
05-23 05:00:00,81.23526633079373
05-23 06:00:00,81.25949481285872
05-23 07:00:00,75.708699425374
05-23 08:00:00,65.82769364484439
05-23 09:00:00,56.655065440100486
05-23 10:00:00,48.91037662595879
05-23 11:00:00,48.94583450943614
05-23 12:00:00,49.12964873189145
05-23 13:00:00,38.93493068213256
05-23 14:00:00,32.02324803284701
05-23 15:00:00,27.711689234335548
05-23 16:00:00,26.081041005554994
05-23 17:00:00,26.464577305585387
05-23 18:00:00,35.78056073232231
05-23 19:00:00,42.22674529892028
05-23 20:00:00,44.06958132759058
05-23 21:00:00,50.44847349924602
05-23 22:00:00,53.15627198674724
05-23 23:00:00,59.82504089302229
05-24 00:00:00,63.159860466254315
05-24 01:00:00,65.45652941007913
05-24 02:00:00,64.2057272701797
05-24 03:00:00,66.76184138925534
05-24 04:00:00,67.75574301155062
05-24 05:00:00,68.90437135255254
05-24 06:00:00,65.01540880023465
05-24 07:00:00,57.30244133454397
05-24 08:00:00,57.25016078689976
05-24 09:00:00,51.07240645427116
05-24 10:00:00,46.04862902947688
05-24 11:00:00,38.9292932128499
05-24 12:00:00,34.185631814436846
05-24 13:00:00,37.92257975709361
05-24 14:00:00,38.751380114083965
05-24 15:00:00,38.484503111274414
05-24 16:00:00,38.30400241633669
05-24 17:00:00,40.34872962560552
05-24 18:00:00,44.17133945738028
05-24 19:00:00,46.94375729138409
05-24 20:00:00,49.27930921191514
05-24 21:00:00,50.4180746340338
05-24 22:00:00,51.25552286761733
05-24 23:00:00,58.41949373764537
05-25 00:00:00,60.30279767392427
05-25 01:00:00,68.18890054779123
05-25 02:00:00,70.09711290742877
05-25 03:00:00,68.88938360144172
05-25 04:00:00,68.7981743849415
05-25 05:00:00,71.3081510779966
05-25 06:00:00,68.18960358430894
05-25 07:00:00,67.23222859690517
05-25 08:00:00,64.40819438680896
05-25 09:00:00,59.54798007459347
05-25 10:00:00,51.404398125516465
05-25 11:00:00,47.17162976798203
05-25 12:00:00,40.51083519460953
05-25 13:00:00,39.00181179818764
05-25 14:00:00,36.324617431885144
05-25 15:00:00,33.53164816542798
05-25 16:00:00,32.74650549465407
05-25 17:00:00,33.85877913138367
05-25 18:00:00,37.19409356393798
05-25 19:00:00,41.72577620577898
05-25 20:00:00,50.57448012056008
05-25 21:00:00,54.45966666868903
05-25 22:00:00,62.15078880294056
05-25 23:00:00,64.54676360569573
05-26 00:00:00,65.42780101611662
05-26 01:00:00,69.0231796078047
05-26 02:00:00,74.86670828537133
05-26 03:00:00,73.18261856762715
05-26 04:00:00,73.21618624123556
05-26 05:00:00,73.6741341439677
05-26 06:00:00,69.23156484844209
05-26 07:00:00,61.25423401196352
05-26 08:00:00,55.80914038262612
05-26 09:00:00,44.164183099016405
05-26 10:00:00,35.857055677849054
05-26 11:00:00,35.554016235606895
05-26 12:00:00,32.638404639434384
05-26 13:00:00,30.483081231325784
05-26 14:00:00,28.962645562390374
05-26 15:00:00,26.071119749718193
05-26 16:00:00,29.495368522105743
05-26 17:00:00,35.26933368626079
05-26 18:00:00,41.400929553504454
05-26 19:00:00,46.29335726213262
05-26 20:00:00,49.5453552471667
05-26 21:00:00,51.06502651423122
05-26 22:00:00,54.18321825543718
05-26 23:00:00,55.94386404887908
05-27 00:00:00,54.85191793977236
05-27 01:00:00,57.34811943709098
05-27 02:00:00,56.249383433104825
05-27 03:00:00,61.06632026493136
05-27 04:00:00,68.66731639599969
05-27 05:00:00,71.06057043598962
05-27 06:00:00,71.94654513967717
05-27 07:00:00,69.53174700098164
05-27 08:00:00,69.42358914893481
05-27 09:00:00,71.68859346160423
05-27 10:00:00,71.15769350761123
05-27 11:00:00,66.15754699058972
05-27 12:00:00,63.17603144670734
05-27 13:00:00,56.93634128513799
05-27 14:00:00,49.394377365376066
05-27 15:00:00,51.903595198387336
05-27 16:00:00,48.300513207355586
05-27 17:00:00,48.28537288531071
05-27 18:00:00,50.19847258400646
05-27 19:00:00,49.581321684883605
05-27 20:00:00,50.95427514989926
05-27 21:00:00,56.44600277647193
05-27 22:00:00,61.243695925913464
05-27 23:00:00,66.76414040121138
05-28 00:00:00,71.25896749656705
05-28 01:00:00,76.22925204207279
05-28 02:00:00,78.38460247151191
05-28 03:00:00,81.52276838411422
05-28 04:00:00,82.8067028399177
05-28 05:00:00,76.08285043215687
05-28 06:00:00,66.6347650451798
05-28 07:00:00,56.57726723539456
05-28 08:00:00,48.0233530835946
05-28 09:00:00,37.24597414720252
05-28 10:00:00,27.583681958403282
05-28 11:00:00,19.05332277427059
05-28 12:00:00,12.444998302340283
05-28 13:00:00,8.834928164712721
05-28 14:00:00,5.313977261278595
05-28 15:00:00,4.1314385237534825
05-28 16:00:00,4.72152862879014
05-28 17:00:00,5.217779723832509
05-28 18:00:00,10.181238779301092
05-28 19:00:00,21.22066713999013
05-28 20:00:00,28.35440318802877
05-28 21:00:00,34.06819160628247
05-28 22:00:00,36.632213602738155
05-28 23:00:00,37.353761659321265
05-29 00:00:00,40.52286935430179
05-29 01:00:00,42.67105445204311
05-29 02:00:00,46.305110924622994
05-29 03:00:00,50.941868137401585
05-29 04:00:00,52.770607340181826
05-29 05:00:00,51.63889050481846
05-29 06:00:00,45.51031306637191
05-29 07:00:00,43.48999157888163
05-29 08:00:00,37.07671497632148
05-29 09:00:00,31.989184332520693
05-29 10:00:00,29.731678587671986
05-29 11:00:00,25.52655641853927
05-29 12:00:00,20.132149177372213
05-29 13:00:00,18.330092156736008
05-29 14:00:00,20.263417640357762
05-29 15:00:00,15.062369076530082
05-29 16:00:00,11.643006468636417
05-29 17:00:00,12.073776349842007
05-29 18:00:00,16.034268509105814
05-29 19:00:00,25.57341737654629
05-29 20:00:00,35.856118032712956
05-29 21:00:00,40.911536352018025
05-29 22:00:00,43.62657279791755
05-29 23:00:00,45.406141756850154
05-30 00:00:00,49.51965537804121
05-30 01:00:00,58.23957958231552
05-30 02:00:00,65.21342453262059
05-30 03:00:00,67.87558179856615
05-30 04:00:00,70.7796231102722
05-30 05:00:00,68.65778794912504
05-30 06:00:00,59.79625494417716
05-30 07:00:00,49.17096805611173
05-30 08:00:00,37.14942921934743
05-30 09:00:00,26.543829839055448
05-30 10:00:00,18.32491855590217
05-30 11:00:00,13.234867173772162
05-30 12:00:00,10.81124825154665
05-30 13:00:00,10.171011884250351
05-30 14:00:00,8.278049932860899
05-30 15:00:00,8.820859131120946
05-30 16:00:00,10.319990275955691
05-30 17:00:00,13.475299282374122
05-30 18:00:00,17.521829997857143
05-30 19:00:00,24.85703930535714
05-30 20:00:00,32.9573866180977
05-30 21:00:00,38.60309407141914
05-30 22:00:00,43.49310888318297
05-30 23:00:00,47.78105630807723
05-31 00:00:00,54.073104440896124
05-31 01:00:00,57.8830632554572
05-31 02:00:00,64.59172009348259
05-31 03:00:00,68.71921741907813
05-31 04:00:00,70.03081161612184
05-31 05:00:00,65.51290526421406
05-31 06:00:00,57.16411590843363
05-31 07:00:00,49.13338656480055
05-31 08:00:00,40.974914880561904
05-31 09:00:00,33.60441435648315
05-31 10:00:00,23.59635529067272
05-31 11:00:00,14.49047493900164
05-31 12:00:00,8.841840552829366
05-31 13:00:00,4.612010699823919
05-31 14:00:00,4.612010699823919
05-31 15:00:00,4.523379204721388
05-31 16:00:00,4.523379204721388
05-31 17:00:00,4.566901370496851
05-31 18:00:00,4.878799941053063
05-31 19:00:00,15.0343054479669
05-31 20:00:00,22.086073843997667
05-31 21:00:00,28.50864000613771
05-31 22:00:00,30.922196575675642
05-31 23:00:00,35.405390163315865
06-01 00:00:00,45.63407609495073
06-01 01:00:00,50.96112554991589
06-01 02:00:00,53.58333919994854
06-01 03:00:00,56.4224368375429
06-01 04:00:00,58.68063169971299
06-01 05:00:00,54.54932207637916
06-01 06:00:00,44.75638815229807
06-01 07:00:00,37.093389610256615
06-01 08:00:00,30.041168761169903
06-01 09:00:00,22.41822941021299
06-01 10:00:00,12.147393551832176
06-01 11:00:00,3.0998478706383015
06-01 12:00:00,3.6673976006913946
06-01 13:00:00,3.708914518327653
06-01 14:00:00,3.5436377862457147
06-01 15:00:00,3.461786327048868
06-01 16:00:00,3.2996411905656378
06-01 17:00:00,3.3399837480188963
06-01 18:00:00,3.5551731529654056
06-01 19:00:00,3.6247428946300855
06-01 20:00:00,9.507998373410501
06-01 21:00:00,13.982425270772463
06-01 22:00:00,18.586900046254698
06-01 23:00:00,24.099893820186274
06-02 00:00:00,31.598221702239996
06-02 01:00:00,32.71032718209763
06-02 02:00:00,36.50370847785955
06-02 03:00:00,40.34251834079497
06-02 04:00:00,40.828342026458245
06-02 05:00:00,40.45779504251634
06-02 06:00:00,29.683692534337354
06-02 07:00:00,23.451245260873236
06-02 08:00:00,10.67812482906958
06-02 09:00:00,2.51925386147101
06-02 10:00:00,2.4815280343030808
06-02 11:00:00,2.1840251102249435
06-02 12:00:00,1.8940398244771979
06-02 13:00:00,1.9658415569277035
06-02 14:00:00,2.074409683531322
06-02 15:00:00,2.4439226212461125
06-02 16:00:00,2.8642670222882125
06-02 17:00:00,3.5847596386018847
06-02 18:00:00,4.6161078221970895
06-02 19:00:00,9.095917230561485
06-02 20:00:00,13.782144087862635
06-02 21:00:00,16.294379813803385
06-02 22:00:00,19.117506092961584
06-02 23:00:00,20.81755990546871
06-03 00:00:00,25.196742245062257
06-03 01:00:00,29.954041990196075
06-03 02:00:00,34.43730804319937
06-03 03:00:00,34.68904401457649
06-03 04:00:00,35.54483023462827
06-03 05:00:00,32.38319126494251
06-03 06:00:00,30.610863739148463
06-03 07:00:00,25.91265399436587
06-03 08:00:00,20.02522668995909
06-03 09:00:00,11.593465826665415
06-03 10:00:00,2.406437249151182
06-03 11:00:00,2.63315757461875
06-03 12:00:00,2.7097023414980668
06-03 13:00:00,2.294697662609418
06-03 14:00:00,2.7097023414980668
06-03 15:00:00,2.595068255897387
06-03 16:00:00,2.4815280343030808
06-03 17:00:00,2.7097023414980668
06-03 18:00:00,2.595068255897387
06-03 19:00:00,2.786737808280558
06-03 20:00:00,3.1470678795410976
06-03 21:00:00,3.2880546920056126
06-03 22:00:00,6.3526835483985975
06-03 23:00:00,8.351593838702808
06-04 00:00:00,10.867474872042273
06-04 01:00:00,11.791362468825469
06-04 02:00:00,13.69339436861863
06-04 03:00:00,21.699527917853278
06-04 04:00:00,21.4159666723836
06-04 05:00:00,21.258111906499455
06-04 06:00:00,15.298227190145452
06-04 07:00:00,9.838952646262097
06-04 08:00:00,3.0949248526197635
06-04 09:00:00,2.63315757461875
06-04 10:00:00,2.7097023414980668
06-04 11:00:00,2.786737808280558
06-04 12:00:00,1.7871955874590897
06-04 13:00:00,1.7518083140890834
06-04 14:00:00,2.294697662609418
06-04 15:00:00,2.294697662609418
06-04 16:00:00,2.3690715459004736
06-04 17:00:00,2.7481585473334453
06-04 18:00:00,2.7481585473334453
06-04 19:00:00,2.557100476931003
06-04 20:00:00,2.8254405057739675
06-04 21:00:00,5.396741350136795
06-04 22:00:00,7.557594429907036
06-04 23:00:00,15.600125586580972
06-05 00:00:00,23.90165602624638
06-05 01:00:00,26.6848360167656
06-05 02:00:00,27.72905756346721
06-05 03:00:00,28.95729642188345
06-05 04:00:00,31.107758514269804
06-05 05:00:00,31.686829689812463
06-05 06:00:00,25.410995079950702
06-05 07:00:00,21.2139273346075
06-05 08:00:00,17.371793678492345
06-05 09:00:00,16.0707518126021
06-05 10:00:00,18.50059087971286
06-05 11:00:00,21.971523664037584
06-05 12:00:00,28.26266201438887
06-05 13:00:00,28.789551677207644
06-05 14:00:00,33.644869346944446
06-05 15:00:00,35.27122030844389
06-05 16:00:00,27.918014855376285
06-05 17:00:00,23.341964368608746
06-05 18:00:00,27.497279544482943
06-05 19:00:00,30.994962040773245
06-05 20:00:00,34.46450645406294
06-05 21:00:00,36.707628887624104
06-05 22:00:00,36.39980869845351
06-05 23:00:00,38.44036596838521
06-06 00:00:00,39.85536925866202
06-06 01:00:00,41.04951062822282
06-06 02:00:00,40.27033312197831
06-06 03:00:00,39.776664265135196
06-06 04:00:00,39.90094754925343
06-06 05:00:00,40.2647144490753
06-06 06:00:00,38.41385047182408
06-06 07:00:00,35.94979644874492
06-06 08:00:00,29.169828303593896
06-06 09:00:00,25.496326539732216
06-06 10:00:00,20.958945927526464
06-06 11:00:00,19.494639890075558
06-06 12:00:00,19.432783685374172
06-06 13:00:00,17.470009518136358
06-06 14:00:00,18.20666006809123
06-06 15:00:00,21.400683778376
06-06 16:00:00,18.68777985458186
06-06 17:00:00,23.760193471810382
06-06 18:00:00,25.381643503849155
06-06 19:00:00,27.56795684303762
06-06 20:00:00,28.591584419777007
06-06 21:00:00,27.534127450605588
06-06 22:00:00,27.604149825331934
06-06 23:00:00,28.737789590126752
06-07 00:00:00,29.34567309016333
06-07 01:00:00,29.416593420660355
06-07 02:00:00,30.144028694813116
06-07 03:00:00,30.884318279325317
06-07 04:00:00,31.991745376288655
06-07 05:00:00,32.51691909766591
06-07 06:00:00,32.934972617239524
06-07 07:00:00,31.816644924714254
06-07 08:00:00,29.676770293634657
06-07 09:00:00,24.837874376894902
06-07 10:00:00,21.092784397653784
06-07 11:00:00,13.97217052059855
06-07 12:00:00,9.193319411140486
06-07 13:00:00,5.8088556943674545
06-07 14:00:00,4.045854076428607
06-07 15:00:00,4.962007186518284
06-07 16:00:00,21.016725037214933
06-07 17:00:00,26.572980917267557
06-07 18:00:00,30.666503405834526
06-07 19:00:00,30.571002974443957
06-07 20:00:00,30.149890207837956
06-07 21:00:00,31.845345883026226
06-07 22:00:00,32.81317879183932
06-07 23:00:00,33.57587774520546
06-08 00:00:00,34.23298651170457
06-08 01:00:00,33.608814790984866
06-08 02:00:00,34.652794228787464
06-08 03:00:00,33.86570195137557
06-08 04:00:00,33.85748519433695
06-08 05:00:00,33.102865673859135
06-08 06:00:00,31.383234035375352
06-08 07:00:00,26.332674747826086
06-08 08:00:00,22.567790041902015
06-08 09:00:00,18.069170364106792
06-08 10:00:00,14.554773220018717
06-08 11:00:00,7.408045541596118
06-08 12:00:00,4.045854076428607
06-08 13:00:00,4.045854076428607
06-08 14:00:00,4.174435456447767
06-08 15:00:00,12.321123825681976
06-08 16:00:00,14.505856415311897
06-08 17:00:00,14.989975583475609
06-08 18:00:00,17.793816342197104
06-08 19:00:00,21.427656293682553
06-08 20:00:00,23.424928519817932
06-08 21:00:00,25.1324090525868
06-08 22:00:00,24.283915745387073
06-08 23:00:00,27.21229394714027
06-09 00:00:00,28.36894517419161
06-09 01:00:00,28.868364565558334
06-09 02:00:00,28.029922270382876
06-09 03:00:00,28.55882806936421
06-09 04:00:00,28.577920879084374
06-09 05:00:00,28.067885034648654
06-09 06:00:00,25.460788193085797
06-09 07:00:00,22.624323276683818
06-09 08:00:00,20.098570677261495
06-09 09:00:00,13.665780080489304
06-09 10:00:00,5.944695748436233
06-09 11:00:00,3.2996411905656378
06-09 12:00:00,3.139551917121498
06-09 13:00:00,3.5847596386018847
06-09 14:00:00,4.045854076428607
06-09 15:00:00,4.049111221666542
06-09 16:00:00,19.81511012579677
06-09 17:00:00,17.017065446816517
06-09 18:00:00,16.965622558410526
06-09 19:00:00,20.053302437271487
06-09 20:00:00,25.39839488273146
06-09 21:00:00,28.623862492119493
06-09 22:00:00,32.05939005398835
06-09 23:00:00,36.05975130373058
06-10 00:00:00,37.85132915107721
06-10 01:00:00,39.41042317956339
06-10 02:00:00,42.408803772992044
06-10 03:00:00,42.6504959464812
06-10 04:00:00,44.33412932955369
06-10 05:00:00,41.18768941632817
06-10 06:00:00,33.85014388140455
06-10 07:00:00,24.305553977241658
06-10 08:00:00,16.389477574984824
06-10 09:00:00,9.472535651910398
06-10 10:00:00,2.595068255897387
06-10 11:00:00,2.981493326319248
06-10 12:00:00,2.9422930474824884
06-10 13:00:00,2.6713688103789424
06-10 14:00:00,2.8642670222882125
06-10 15:00:00,3.179382879961091
06-10 16:00:00,3.219341151027936
06-10 17:00:00,3.1170110087825065
06-10 18:00:00,3.5506648034602284
06-10 19:00:00,3.5516724149943704
06-10 20:00:00,4.162530544942723
06-10 21:00:00,6.767824060477377
06-10 22:00:00,12.604573303995814
06-10 23:00:00,18.155842716383283
06-11 00:00:00,21.876965441226172
06-11 01:00:00,24.948580741820138
06-11 02:00:00,27.079486097595815
06-11 03:00:00,30.736129047122205
06-11 04:00:00,34.19290043373175
06-11 05:00:00,30.393899496845123
06-11 06:00:00,23.025092109956347
06-11 07:00:00,17.46960717612614
06-11 08:00:00,10.241952846134836
06-11 09:00:00,3.7106568867479703
06-11 10:00:00,3.2594271232405294
06-11 11:00:00,3.3399837480188963
06-11 12:00:00,3.3399837480188963
06-11 13:00:00,3.060270349687635
06-11 14:00:00,3.139551917121498
06-11 15:00:00,3.179382879961091
06-11 16:00:00,2.981493326319248
06-11 17:00:00,2.7481585473334453
06-11 18:00:00,2.7097023414980668
06-11 19:00:00,3.2452688691689056
06-11 20:00:00,3.7973433937797547
06-11 21:00:00,3.818549573753409
06-11 22:00:00,12.470848841196
06-11 23:00:00,14.780597005408907
06-12 00:00:00,18.55930146640801
06-12 01:00:00,23.71029194051747
06-12 02:00:00,25.99419723764159
06-12 03:00:00,28.405717321284907
06-12 04:00:00,29.570076193713266
06-12 05:00:00,26.903050359373605
06-12 06:00:00,19.31918455250642
06-12 07:00:00,9.081309241571933
06-12 08:00:00,2.890472521433773
06-12 09:00:00,2.147369663167373
06-12 10:00:00,2.1108313089061315
06-12 11:00:00,1.6113871551378334
06-12 12:00:00,1.6813728517108137
06-12 13:00:00,1.5765620927906825
06-12 14:00:00,1.8583109873766464
06-12 15:00:00,1.7871955874590897
06-12 16:00:00,2.406437249151182
06-12 17:00:00,2.51925386147101
06-12 18:00:00,2.8254405057739675
06-12 19:00:00,3.179382879961091
06-12 20:00:00,3.4210559186201834
06-12 21:00:00,3.5436377862457147
06-12 22:00:00,3.626012775608796
06-12 23:00:00,3.834261887140012
06-13 00:00:00,4.399440733090631
06-13 01:00:00,7.594663871931313
06-13 02:00:00,10.511028580799705
06-13 03:00:00,10.597985506586742
06-13 04:00:00,13.174041348454256
06-13 05:00:00,12.957182715874097
06-13 06:00:00,7.968711650373867
06-13 07:00:00,4.839480687883223
06-13 08:00:00,3.708914518327653
06-13 09:00:00,3.4210559186201834
06-13 10:00:00,3.219341151027936
06-13 11:00:00,3.179382879961091
06-13 12:00:00,3.0998478706383015
06-13 13:00:00,3.0998478706383015
06-13 14:00:00,2.9422930474824884
06-13 15:00:00,2.557100476931003
06-13 16:00:00,2.786737808280558
06-13 17:00:00,2.8254405057739675
06-13 18:00:00,2.8254405057739675
06-13 19:00:00,2.4815280343030808
06-13 20:00:00,3.3521426169242283
06-13 21:00:00,7.119185277273829
06-13 22:00:00,10.15489106837946
06-13 23:00:00,12.564233415416531
06-14 00:00:00,16.828174222277937
06-14 01:00:00,22.081363470270567
06-14 02:00:00,27.45641684453584
06-14 03:00:00,30.94387816692656
06-14 04:00:00,33.22096802997042
06-14 05:00:00,28.713294379993247
06-14 06:00:00,19.955396462727244
06-14 07:00:00,14.531532951012782
06-14 08:00:00,8.50074597856204
06-14 09:00:00,3.6456765953834953
06-14 10:00:00,1.1338473701078526
06-14 11:00:00,0.8704390696242614
06-14 12:00:00,0.8056365572873435
06-14 13:00:00,1.001298289407687
06-14 14:00:00,0.7412486208030528
06-14 15:00:00,1.2343809791588427
06-14 16:00:00,1.4727538676066063
06-14 17:00:00,1.5765620927906825
06-14 18:00:00,1.7871955874590897
06-14 19:00:00,1.646323958196984
06-14 20:00:00,1.7518083140890834
06-14 21:00:00,1.9486835025905391
06-14 22:00:00,2.542797468496431
06-14 23:00:00,8.724239533378341
06-15 00:00:00,12.705607528170638
06-15 01:00:00,17.480389486059167
06-15 02:00:00,19.599127305277257
06-15 03:00:00,22.050661879984183
06-15 04:00:00,23.546831755611855
06-15 05:00:00,20.647096705591167
06-15 06:00:00,11.86931320029721
06-15 07:00:00,4.837958856301086
06-15 08:00:00,1.369938814058551
06-15 09:00:00,1.034276305837846
06-15 10:00:00,0.7733909297756248
06-15 11:00:00,0.677272662542065
06-15 12:00:00,1.034276305837846
06-15 13:00:00,1.4727538676066063
06-15 14:00:00,1.001298289407687
06-15 15:00:00,1.2681076506705893
06-15 16:00:00,1.5418484224142595
06-15 17:00:00,1.5418484224142595
06-15 18:00:00,1.6113871551378334
06-15 19:00:00,1.9298832283923313
06-15 20:00:00,2.001915168903072
06-15 21:00:00,2.1467762361981526
06-15 22:00:00,1.9948766565685427
06-15 23:00:00,2.3831449482582614
06-16 00:00:00,6.492263959237629
06-16 01:00:00,6.66863202949704
06-16 02:00:00,11.671928936036366
06-16 03:00:00,11.501695009345593
06-16 04:00:00,13.65665782759045
06-16 05:00:00,12.816643133356072
06-16 06:00:00,5.804895447962247
06-16 07:00:00,1.7420036515120203
06-16 08:00:00,1.1672511762130489
06-16 09:00:00,0.7412486208030528
06-16 10:00:00,0.4565639930516992
06-16 11:00:00,0.27129400975500606
06-16 12:00:00,0.30192491383355646
06-16 13:00:00,0.9356587708387737
06-16 14:00:00,1.100550512769845
06-16 15:00:00,1.1672511762130489
06-16 16:00:00,1.034276305837846
06-16 17:00:00,1.0673602693152098
06-16 18:00:00,1.2343809791588427
06-16 19:00:00,1.2681076506705893
06-16 20:00:00,1.3358862278295207
06-16 21:00:00,1.4383722906864211
06-16 22:00:00,1.646323958196984
06-16 23:00:00,1.646323958196984
06-17 00:00:00,1.6813728517108137
06-17 01:00:00,1.6679188414025554
06-17 02:00:00,1.98030972927454
06-17 03:00:00,3.15644372662513
06-17 04:00:00,2.454364770765313
06-17 05:00:00,2.3599257513326686
06-17 06:00:00,1.8782480402122694
06-17 07:00:00,1.5765620927906825
06-17 08:00:00,1.0673602693152098
06-17 09:00:00,0.8704390696242614
06-17 10:00:00,0.24076135067142485
06-17 11:00:00,0.4565639930516992
06-17 12:00:00,0.677272662542065
06-17 13:00:00,0.9029966077048243
06-17 14:00:00,0.7092093061466369
06-17 15:00:00,0.8056365572873435
06-17 16:00:00,0.6137061002138742
06-17 17:00:00,0.7733909297756248
06-17 18:00:00,0.83798582852166
06-17 19:00:00,0.9029966077048243
06-17 20:00:00,0.9029966077048243
06-17 21:00:00,1.034276305837846
06-17 22:00:00,1.2343809791588427
06-17 23:00:00,1.301942620295097
06-18 00:00:00,1.4567363439120138
06-18 01:00:00,1.7580854163604527
06-18 02:00:00,2.3393998391461923
06-18 03:00:00,2.533237360966281
06-18 04:00:00,2.3381852263809795
06-18 05:00:00,1.8958331180187056
06-18 06:00:00,1.646323958196984
06-18 07:00:00,1.369938814058551
06-18 08:00:00,0.8704390696242614
06-18 09:00:00,0.5820755397388863
06-18 10:00:00,0.3326543729416773
06-18 11:00:00,0.08956094402681929
06-18 12:00:00,0.0
06-18 13:00:00,0.0
06-18 14:00:00,0.0
06-18 15:00:00,0.05961129618596161
06-18 16:00:00,0.6137061002138742
06-18 17:00:00,0.83798582852166
06-18 18:00:00,1.034276305837846
06-18 19:00:00,1.4727538676066063
06-18 20:00:00,1.8583109873766464
06-18 21:00:00,1.9760877581095393
06-18 22:00:00,4.115290898391329
06-18 23:00:00,5.295917350916065
06-19 00:00:00,6.768734326106186
06-19 01:00:00,9.491182784657914
06-19 02:00:00,9.482203165269759
06-19 03:00:00,12.785613811727757
06-19 04:00:00,11.652415771657637
06-19 05:00:00,8.219316199314626
06-19 06:00:00,3.9979812305939344
06-19 07:00:00,1.8583109873766464
06-19 08:00:00,1.646323958196984
06-19 09:00:00,1.3358862278295207
06-19 10:00:00,1.1338473701078526
06-19 11:00:00,0.83798582852166
06-19 12:00:00,0.08956094402681929
06-19 13:00:00,0.0
06-19 14:00:00,0.0
06-19 15:00:00,0.0
06-19 16:00:00,0.4254371947937226
06-19 17:00:00,0.30192491383355646
06-19 18:00:00,0.21032662747916478
06-19 19:00:00,0.48779091054292667
06-19 20:00:00,0.677272662542065
06-19 21:00:00,0.4565639930516992
06-19 22:00:00,0.5505463668093846
06-19 23:00:00,0.5505463668093846
06-20 00:00:00,0.6454383676819203
06-20 01:00:00,0.677272662542065
06-20 02:00:00,0.7092093061466369
06-20 03:00:00,1.7518083140890834
06-20 04:00:00,2.257688743479049
06-20 05:00:00,2.4439226212461125
06-20 06:00:00,2.406437249151182
06-20 07:00:00,2.257688743479049
06-20 08:00:00,2.147369663167373
06-20 09:00:00,2.1108313089061315
06-20 10:00:00,1.6813728517108137
06-20 11:00:00,1.4041007207560068
06-20 12:00:00,0.8056365572873435
06-20 13:00:00,0.8704390696242614
06-20 14:00:00,0.5820755397388863
06-20 15:00:00,0.6454383676819203
06-20 16:00:00,0.8704390696242614
06-20 17:00:00,1.8583109873766464
06-20 18:00:00,1.9658415569277035
06-20 19:00:00,2.406437249151182
06-20 20:00:00,5.959175565792493
06-20 21:00:00,11.473228295586233
06-20 22:00:00,11.0710733481006
06-20 23:00:00,12.593197158735574
06-21 00:00:00,14.679657837447863
06-21 01:00:00,16.964514336846275
06-21 02:00:00,17.585608031742524
06-21 03:00:00,14.948447027012545
06-21 04:00:00,18.313583280082813
06-21 05:00:00,15.660165646556019
06-21 06:00:00,9.026101657575065
06-21 07:00:00,4.1015650168577045
06-21 08:00:00,2.786737808280558
06-21 09:00:00,2.001915168903072
06-21 10:00:00,2.1108313089061315
06-21 11:00:00,1.4041007207560068
06-21 12:00:00,2.294697662609418
06-21 13:00:00,2.4815280343030808
06-21 14:00:00,2.557100476931003
06-21 15:00:00,2.4439226212461125
06-21 16:00:00,2.406437249151182
06-21 17:00:00,2.4439226212461125
06-21 18:00:00,2.4815280343030808
06-21 19:00:00,12.058284141783297
06-21 20:00:00,14.21608150093076
06-21 21:00:00,16.15085506897861
06-21 22:00:00,13.848195940875804
06-21 23:00:00,17.392232880903865
06-22 00:00:00,22.429012232677614
06-22 01:00:00,24.670572855968842
06-22 02:00:00,23.240327039106706
06-22 03:00:00,22.737131868909863
06-22 04:00:00,21.780693455933957
06-22 05:00:00,20.64585858935704
06-22 06:00:00,18.06874778003663
06-22 07:00:00,14.028627729891046
06-22 08:00:00,10.908971468332401
06-22 09:00:00,13.136719294891915
06-22 10:00:00,16.771585237101753
06-22 11:00:00,13.44871157028176
06-22 12:00:00,9.539144733249538
06-22 13:00:00,7.629739505713518
06-22 14:00:00,5.248105140808481
06-22 15:00:00,11.075483509111233
06-22 16:00:00,6.521259791243205
06-22 17:00:00,3.445448619841599
06-22 18:00:00,7.773398089646098
06-22 19:00:00,9.351932402225515
06-22 20:00:00,14.167686472642028
06-22 21:00:00,21.229036008569835
06-22 22:00:00,24.774480937011887
06-22 23:00:00,24.383872758682035
06-23 00:00:00,26.27768935110624
06-23 01:00:00,25.871918887166856
06-23 02:00:00,27.640707301988478
06-23 03:00:00,27.734156348365683
06-23 04:00:00,29.808930996238267
06-23 05:00:00,29.15117619309462
06-23 06:00:00,22.146798148391035
06-23 07:00:00,13.724369648430116
06-23 08:00:00,8.34646507966512
06-23 09:00:00,4.223342065532319
06-23 10:00:00,2.6713688103789424
06-23 11:00:00,2.9032177413386866
06-23 12:00:00,3.179382879961091
06-23 13:00:00,3.2594271232405294
06-23 14:00:00,3.2594271232405294
06-23 15:00:00,3.2594271232405294
06-23 16:00:00,3.219341151027936
06-23 17:00:00,3.2594271232405294
06-23 18:00:00,4.014339476898549
06-23 19:00:00,9.137694727628089
06-23 20:00:00,8.409328814911836
06-23 21:00:00,17.205681472214813
06-23 22:00:00,25.634106909137856
06-23 23:00:00,27.30527128548393
06-24 00:00:00,28.071637047223856
06-24 01:00:00,30.82458020067876
06-24 02:00:00,35.20737158233294
06-24 03:00:00,37.654997800232096
06-24 04:00:00,36.199130703004826
06-24 05:00:00,29.7892037742214
06-24 06:00:00,23.237086525729346
06-24 07:00:00,18.457875201832323
06-24 08:00:00,21.449952263458215
06-24 09:00:00,19.140312046415474
06-24 10:00:00,14.561051235841301
06-24 11:00:00,6.510593005029286
06-24 12:00:00,4.046525016758724
06-24 13:00:00,3.793823220105467
06-24 14:00:00,7.362258892750691
06-24 15:00:00,8.776201608340422
06-24 16:00:00,9.259955134574849
06-24 17:00:00,24.39922408767382
06-24 18:00:00,28.228671574357797
06-24 19:00:00,29.58057323703027
06-24 20:00:00,30.495246565579603
06-24 21:00:00,35.203024060583914
06-24 22:00:00,38.992260018226894
06-24 23:00:00,39.56283127357558
06-25 00:00:00,39.00061701266705
06-25 01:00:00,38.317905042493564
06-25 02:00:00,38.2966751253027
06-25 03:00:00,38.80872524758939
06-25 04:00:00,38.2966751253027
06-25 05:00:00,37.61184513959877
06-25 06:00:00,38.03931382450472
06-25 07:00:00,34.55209838013222
06-25 08:00:00,28.537572502562288
06-25 09:00:00,27.759786066176318
06-25 10:00:00,21.729448706339106
06-25 11:00:00,20.688583695658565
06-25 12:00:00,16.45874042852303
06-25 13:00:00,10.894476101270463
06-25 14:00:00,9.241328846338885
06-25 15:00:00,6.642329873832271
06-25 16:00:00,8.650220894788719
06-25 17:00:00,9.709654810414897
06-25 18:00:00,10.207420391668908
06-25 19:00:00,14.555186615432545
06-25 20:00:00,17.50253465959635
06-25 21:00:00,18.125597389413116
06-25 22:00:00,23.468731976744177
06-25 23:00:00,22.837062972325
06-26 00:00:00,26.492676227455576
06-26 01:00:00,30.63485472441181
06-26 02:00:00,32.78676428302275
06-26 03:00:00,36.446566547994166
06-26 04:00:00,37.0662749312872
06-26 05:00:00,34.83515326034658
06-26 06:00:00,28.097926258252286
06-26 07:00:00,20.460645851210373
06-26 08:00:00,13.55427804567709
06-26 09:00:00,7.273425026814194
06-26 10:00:00,3.4737361924868764
06-26 11:00:00,2.1840251102249435
06-26 12:00:00,2.6713688103789424
06-26 13:00:00,3.020818964491936
06-26 14:00:00,3.060270349687635
06-26 15:00:00,3.060270349687635
06-26 16:00:00,2.9032177413386866
06-26 17:00:00,2.8254405057739675
06-26 18:00:00,3.139551917121498
06-26 19:00:00,3.3399837480188963
06-26 20:00:00,3.4237144777219632
06-26 21:00:00,3.7220472426257873
06-26 22:00:00,5.952305509931707
06-26 23:00:00,11.965427573512262
06-27 00:00:00,15.125760237433651
06-27 01:00:00,17.158116700527287
06-27 02:00:00,16.871402840778384
06-27 03:00:00,19.96770229493349
06-27 04:00:00,19.447970658450643
06-27 05:00:00,19.27266453764737
06-27 06:00:00,12.721874553075303
06-27 07:00:00,5.703636799959379
06-27 08:00:00,1.7518083140890834
06-27 09:00:00,1.2007622669486346
06-27 10:00:00,0.9684258880690191
06-27 11:00:00,0.677272662542065
06-27 12:00:00,0.677272662542065
06-27 13:00:00,0.6137061002138742
06-27 14:00:00,0.5505463668093846
06-27 15:00:00,0.8056365572873435
06-27 16:00:00,1.2007622669486346
06-27 17:00:00,1.369938814058551
06-27 18:00:00,1.369938814058551
06-27 19:00:00,1.646323958196984
06-27 20:00:00,1.8583109873766464
06-27 21:00:00,7.275797131526394
06-27 22:00:00,10.547423050731513
06-27 23:00:00,12.491796125005344
06-28 00:00:00,11.220551117235505
06-28 01:00:00,12.584609434667636
06-28 02:00:00,12.7380829798196
06-28 03:00:00,15.546328418119383
06-28 04:00:00,16.144076621492246
06-28 05:00:00,15.788796259125938
06-28 06:00:00,6.930863862031826
06-28 07:00:00,1.9134093749263381
06-28 08:00:00,1.3358862278295207
06-28 09:00:00,1.0673602693152098
06-28 10:00:00,0.7092093061466369
06-28 11:00:00,0.3944102010512256
06-28 12:00:00,0.27129400975500606
06-28 13:00:00,0.27129400975500606
06-28 14:00:00,0.4254371947937226
06-28 15:00:00,0.5505463668093846
06-28 16:00:00,0.5820755397388863
06-28 17:00:00,0.9029966077048243
06-28 18:00:00,14.941030419116844
06-28 19:00:00,22.902755173321545
06-28 20:00:00,22.048042508664786
06-28 21:00:00,21.357926328731835
06-28 22:00:00,21.231777857879543
06-28 23:00:00,20.26982860994509
06-29 00:00:00,21.661807538775147
06-29 01:00:00,21.796461892487663
06-29 02:00:00,22.216399975334205
06-29 03:00:00,24.017119548748116
06-29 04:00:00,25.04124389843426
06-29 05:00:00,28.62691305280246
06-29 06:00:00,18.671015402618533
06-29 07:00:00,10.227810374731927
06-29 08:00:00,4.264735111328825
06-29 09:00:00,2.546521462479292
06-29 10:00:00,1.8583109873766464
06-29 11:00:00,2.074409683531322
06-29 12:00:00,10.611062603001733
06-29 13:00:00,22.639257266902913
06-29 14:00:00,23.959036349869656
06-29 15:00:00,23.327461537669997
06-29 16:00:00,22.410765702660544
06-29 17:00:00,21.82995019353337
06-29 18:00:00,23.354996111843093
06-29 19:00:00,27.5489381986663
06-29 20:00:00,30.487594169044662
06-29 21:00:00,31.125461822714392
06-29 22:00:00,31.218710666417046
06-29 23:00:00,43.331251968654186
06-30 00:00:00,44.85879602676954
06-30 01:00:00,47.17676148523273
06-30 02:00:00,49.43881635885922
06-30 03:00:00,49.25954632207345
06-30 04:00:00,48.823706746850874
06-30 05:00:00,48.768159020523356
06-30 06:00:00,45.45089116312063
06-30 07:00:00,38.779370983229384
06-30 08:00:00,31.401099442166768
06-30 09:00:00,22.821624073129346
06-30 10:00:00,18.479958671914392
06-30 11:00:00,17.064911620560288
06-30 12:00:00,13.323818918306593
06-30 13:00:00,8.62720707384321
06-30 14:00:00,5.6479712100501285
06-30 15:00:00,5.122712884928699
06-30 16:00:00,12.127846982693402
06-30 17:00:00,17.728494168536145
06-30 18:00:00,26.356280312040298
06-30 19:00:00,28.196914760754627
06-30 20:00:00,34.58264162693059
06-30 21:00:00,37.797965965497255
06-30 22:00:00,39.717570600925676
06-30 23:00:00,43.87113621579835
07-01 00:00:00,44.97629908859059
07-01 01:00:00,45.46049047917782
07-01 02:00:00,46.821769867026994
07-01 03:00:00,45.451585241056506
07-01 04:00:00,45.88744248622586
07-01 05:00:00,46.41934599600393
07-01 06:00:00,44.21361434763457
07-01 07:00:00,40.765388449111896
07-01 08:00:00,38.50375296153383
07-01 09:00:00,35.04087348750606
07-01 10:00:00,35.33308125115379
07-01 11:00:00,34.154550870986434
07-01 12:00:00,32.04554591303477
07-01 13:00:00,30.641671475181454
07-01 14:00:00,23.774985887064815
07-01 15:00:00,17.491979218150078
07-01 16:00:00,24.738878054310774
07-01 17:00:00,23.46960142270912
07-01 18:00:00,22.95539567113945
07-01 19:00:00,24.88796712316585
07-01 20:00:00,28.541779769899964
07-01 21:00:00,28.135277600958787
07-01 22:00:00,30.255992348860477
07-01 23:00:00,31.785655367130385
07-02 00:00:00,33.42258282731766
07-02 01:00:00,34.526441506055285
07-02 02:00:00,36.29490910249671
07-02 03:00:00,36.8817864618475
07-02 04:00:00,38.08099432943765
07-02 05:00:00,34.43257426334597
07-02 06:00:00,31.452704673388233
07-02 07:00:00,24.7217032900164
07-02 08:00:00,18.752643728398034
07-02 09:00:00,11.784478354478894
07-02 10:00:00,8.776190879478879
07-02 11:00:00,3.7128103054622588
07-02 12:00:00,3.139551917121498
07-02 13:00:00,3.020818964491936
07-02 14:00:00,3.020818964491936
07-02 15:00:00,3.020818964491936
07-02 16:00:00,3.2996411905656378
07-02 17:00:00,3.4210559186201834
07-02 18:00:00,3.732391028867606
07-02 19:00:00,5.634921771091812
07-02 20:00:00,6.781094100892785
07-02 21:00:00,12.09562540105634
07-02 22:00:00,21.30473778796121
07-02 23:00:00,21.316342579000285
07-03 00:00:00,27.782753073137943
07-03 01:00:00,29.798545110362035
07-03 02:00:00,30.39809929369497
07-03 03:00:00,33.05607292139721
07-03 04:00:00,35.096132455671075
07-03 05:00:00,31.77115228635319
07-03 06:00:00,24.134629883571655
07-03 07:00:00,18.95446472905028
07-03 08:00:00,12.037063772375207
07-03 09:00:00,5.71234840330029
07-03 10:00:00,2.257688743479049
07-03 11:00:00,2.1840251102249435
07-03 12:00:00,2.7097023414980668
07-03 13:00:00,3.0998478706383015
07-03 14:00:00,3.020818964491936
07-03 15:00:00,3.2594271232405294
07-03 16:00:00,4.059299198775831
07-03 17:00:00,12.82736807293944
07-03 18:00:00,14.808635932552393
07-03 19:00:00,16.186455067451476
07-03 20:00:00,19.25775950902239
07-03 21:00:00,20.256541746653568
07-03 22:00:00,22.28882872258452
07-03 23:00:00,22.807017579198682
07-04 00:00:00,23.2835990851554
07-04 01:00:00,24.82864079222136
07-04 02:00:00,24.396143076651768
07-04 03:00:00,24.488896467873982
07-04 04:00:00,24.445487194041796
07-04 05:00:00,24.632086250145957
07-04 06:00:00,19.847996212877923
07-04 07:00:00,16.308178567462118
07-04 08:00:00,11.035123171045177
07-04 09:00:00,8.925354114988085
07-04 10:00:00,8.496881642511152
07-04 11:00:00,8.24006920245202
07-04 12:00:00,7.545583614370485
07-04 13:00:00,13.524096468015417
07-04 14:00:00,13.426849537077551
07-04 15:00:00,16.064332709378846
07-04 16:00:00,16.35096368497701
07-04 17:00:00,26.76698912124844
07-04 18:00:00,29.751861826093176
07-04 19:00:00,29.89849723316951
07-04 20:00:00,30.581454108081676
07-04 21:00:00,33.24724596616891
07-04 22:00:00,33.41689986455756
07-04 23:00:00,30.369357135274385
07-05 00:00:00,36.04435708435499
07-05 01:00:00,36.799610926192884
07-05 02:00:00,36.42829171157156
07-05 03:00:00,37.014828118864806
07-05 04:00:00,38.14026041782381
07-05 05:00:00,32.873572486546976
07-05 06:00:00,28.7696302579808
07-05 07:00:00,23.934971997113454
07-05 08:00:00,19.944269828323833
07-05 09:00:00,16.568270489021177
07-05 10:00:00,13.443889070983815
07-05 11:00:00,9.179143563014916
07-05 12:00:00,5.041198481532213
07-05 13:00:00,3.7541951305448573
07-05 14:00:00,3.3804551916653875
07-05 15:00:00,3.020818964491936
07-05 16:00:00,2.692963693584514
07-05 17:00:00,2.6600616840735984
07-05 18:00:00,2.895972484785551
07-05 19:00:00,3.1368231052064366
07-05 20:00:00,10.223914473124445
07-05 21:00:00,14.666078266215955
07-05 22:00:00,18.37233554723365
07-05 23:00:00,18.500063280047804
07-06 00:00:00,21.077859905951712
07-06 01:00:00,22.328568400742927
07-06 02:00:00,20.90499567550333
07-06 03:00:00,23.030046747440956
07-06 04:00:00,24.617186748700338
07-06 05:00:00,18.489331562962903
07-06 06:00:00,8.584546001401264
07-06 07:00:00,2.5610873938127994
07-06 08:00:00,1.4256956039615782
07-06 09:00:00,1.5765620927906825
07-06 10:00:00,1.7871955874590897
07-06 11:00:00,1.2681076506705893
07-06 12:00:00,1.100550512769845
07-06 13:00:00,1.9658415569277035
07-06 14:00:00,3.2996411905656378
07-06 15:00:00,5.188797631016322
07-06 16:00:00,2.557100476931003
07-06 17:00:00,3.9785158072277906
07-06 18:00:00,14.247183651809523
07-06 19:00:00,20.657789129738205
07-06 20:00:00,22.183667208962795
07-06 21:00:00,23.254147884796396
07-06 22:00:00,22.807017579198682
07-06 23:00:00,23.82399594338721
07-07 00:00:00,23.780724535488748
07-07 01:00:00,24.82304036868154
07-07 02:00:00,25.070934378231478
07-07 03:00:00,24.472649598084892
07-07 04:00:00,26.11359131255724
07-07 05:00:00,28.34383441501378
07-07 06:00:00,28.293853641733094
07-07 07:00:00,26.32226493477025
07-07 08:00:00,25.957707558620736
07-07 09:00:00,24.298475636045872
07-07 10:00:00,24.02076430889443
07-07 11:00:00,22.78195728036397
07-07 12:00:00,22.84696252226921
07-07 13:00:00,21.54701497382673
07-07 14:00:00,18.314749923767998
07-07 15:00:00,14.005364115846085
07-07 16:00:00,13.876443980985854
07-07 17:00:00,13.672139534049357
07-07 18:00:00,16.801233711343848
07-07 19:00:00,19.97503485468635
07-07 20:00:00,19.560969917670825
07-07 21:00:00,21.25157809929847
07-07 22:00:00,23.13118964734118
07-07 23:00:00,23.07571425023564
07-08 00:00:00,23.179004613200988
07-08 01:00:00,24.54114663033883
07-08 02:00:00,24.608053619559907
07-08 03:00:00,25.23275225099985
07-08 04:00:00,26.351824402238975
07-08 05:00:00,25.8648738720333
07-08 06:00:00,24.877826987547145
07-08 07:00:00,24.35287166875331
07-08 08:00:00,25.901935123745744
07-08 09:00:00,25.92656764009874
07-08 10:00:00,26.10671327640518
07-08 11:00:00,26.749481015504603
07-08 12:00:00,21.289606981573904
07-08 13:00:00,13.088241941180776
07-08 14:00:00,13.461823819769277
07-08 15:00:00,17.891494585471328
07-08 16:00:00,22.977047064619804
07-08 17:00:00,28.672297059808724
07-08 18:00:00,33.71498819100537
07-08 19:00:00,37.580603787277454
07-08 20:00:00,43.915298885155664
07-08 21:00:00,42.74678775107094
07-08 22:00:00,44.133274642258684
07-08 23:00:00,44.90279575025403
07-09 00:00:00,46.096489341525796
07-09 01:00:00,45.74967704640302
07-09 02:00:00,46.364152166041855
07-09 03:00:00,46.48483975784935
07-09 04:00:00,46.38859020331981
07-09 05:00:00,45.70405881830495
07-09 06:00:00,44.05797641358188
07-09 07:00:00,41.20171540901205
07-09 08:00:00,36.723742208728034
07-09 09:00:00,30.061424625189865
07-09 10:00:00,22.140272285609313
07-09 11:00:00,14.459867262686743
07-09 12:00:00,9.260954553918925
07-09 13:00:00,4.832167149299494
07-09 14:00:00,4.088578202438869
07-09 15:00:00,4.069484563338255
07-09 16:00:00,4.081887586481184
07-09 17:00:00,4.20531387123062
07-09 18:00:00,5.302682601497087
07-09 19:00:00,9.658792345045374
07-09 20:00:00,15.289638857316117
07-09 21:00:00,21.864291771633937
07-09 22:00:00,24.51767936882011
07-09 23:00:00,29.392311242092312
07-10 00:00:00,33.161219813421624
07-10 01:00:00,36.77091954648809
07-10 02:00:00,36.48323944992707
07-10 03:00:00,41.24334259987397
07-10 04:00:00,42.27774679449809
07-10 05:00:00,37.55625662126825
07-10 06:00:00,30.114066624777998
07-10 07:00:00,23.522035368419054
07-10 08:00:00,16.939942294948615
07-10 09:00:00,9.664868992673775
07-10 10:00:00,3.5041494344185757
07-10 11:00:00,1.9298832283923313
07-10 12:00:00,1.7165341864248824
07-10 13:00:00,2.1840251102249435
07-10 14:00:00,2.557100476931003
07-10 15:00:00,2.51925386147101
07-10 16:00:00,1.8940398244771979
07-10 17:00:00,2.406437249151182
07-10 18:00:00,2.6713688103789424
07-10 19:00:00,2.8254405057739675
07-10 20:00:00,14.045848291589127
07-10 21:00:00,24.25354928285101
07-10 22:00:00,27.56795684303762
07-10 23:00:00,31.111778287184258
07-11 00:00:00,35.41977951539184
07-11 01:00:00,37.86110335920627
07-11 02:00:00,38.16048445988243
07-11 03:00:00,38.63996200546802
07-11 04:00:00,37.39162478918329
07-11 05:00:00,36.28196969636729
07-11 06:00:00,32.94556583676657
07-11 07:00:00,27.33391932938598
07-11 08:00:00,18.132717375169662
07-11 09:00:00,11.633492301747133
07-11 10:00:00,11.066657939842807
07-11 11:00:00,6.1774462240920816
07-11 12:00:00,3.3804551916653875
07-11 13:00:00,3.139551917121498
07-11 14:00:00,2.9032177413386866
07-11 15:00:00,3.179382879961091
07-11 16:00:00,2.7481585473334453
07-11 17:00:00,3.3586556281763285
07-11 18:00:00,3.6377641411775268
07-11 19:00:00,3.710830746486619
07-11 20:00:00,8.525471357411815
07-11 21:00:00,13.018040110891157
07-11 22:00:00,20.13733194504048
07-11 23:00:00,24.812585054433566
07-12 00:00:00,27.558337722185197
07-12 01:00:00,29.528683727334027
07-12 02:00:00,30.96674627714681
07-12 03:00:00,30.914137775965205
07-12 04:00:00,31.42009868460333
07-12 05:00:00,27.935765496947955
07-12 06:00:00,22.631448764962407
07-12 07:00:00,15.76478757735717
07-12 08:00:00,6.44046474219018
07-12 09:00:00,1.8985951556888896
07-12 10:00:00,0.9029966077048243
07-12 11:00:00,0.3944102010512256
07-12 12:00:00,0.3634826980468282
07-12 13:00:00,0.7733909297756248
07-12 14:00:00,0.8704390696242614
07-12 15:00:00,1.4727538676066063
07-12 16:00:00,1.4383722906864211
07-12 17:00:00,1.9298832283923313
07-12 18:00:00,1.7871955874590897
07-12 19:00:00,1.646323958196984
07-12 20:00:00,1.5072457962672106
07-12 21:00:00,1.6813728517108137
07-12 22:00:00,1.9298832283923313
07-12 23:00:00,4.0400794286658455
07-13 00:00:00,6.52228767985043
07-13 01:00:00,12.022978324040023
07-13 02:00:00,19.75581824702855
07-13 03:00:00,21.041589225682046
07-13 04:00:00,22.519541057291967
07-13 05:00:00,24.322717566240698
07-13 06:00:00,29.338215184678887
07-13 07:00:00,34.58264162693059
07-13 08:00:00,38.13859603576034
07-13 09:00:00,41.02151482695349
07-13 10:00:00,38.211477910005655
07-13 11:00:00,35.57383385393484
07-13 12:00:00,35.41999711287558
07-13 13:00:00,37.5463615802294
07-13 14:00:00,41.17219097039737
07-13 15:00:00,37.52421793184487
07-13 16:00:00,35.8946559401807
07-13 17:00:00,38.420189061238666
07-13 18:00:00,39.39676204368977
07-13 19:00:00,40.401875562892755
07-13 20:00:00,42.19457808103436
07-13 21:00:00,43.786367600463436
07-13 22:00:00,47.909288960979
07-13 23:00:00,48.47021435155187
07-14 00:00:00,50.62926575491442
07-14 01:00:00,51.74842812552387
07-14 02:00:00,48.75332502222997
07-14 03:00:00,49.42760204652789
07-14 04:00:00,47.693710914634345
07-14 05:00:00,47.7332780984739
07-14 06:00:00,45.38532073008495
07-14 07:00:00,45.14223767823942
07-14 08:00:00,43.66415218280751
07-14 09:00:00,40.39912831467404
07-14 10:00:00,34.47942572679408
07-14 11:00:00,29.639461203301103
07-14 12:00:00,25.712720816679138
07-14 13:00:00,17.27983542799344
07-14 14:00:00,14.418037762027533
07-14 15:00:00,14.508427244818105
07-14 16:00:00,19.020972375680305
07-14 17:00:00,26.342866267366126
07-14 18:00:00,28.338478803781268
07-14 19:00:00,30.462902020759863
07-14 20:00:00,32.6314480575419
07-14 21:00:00,33.728427487634676
07-14 22:00:00,35.471718732384346
07-14 23:00:00,36.29425391306578
07-15 00:00:00,37.600472794923405
07-15 01:00:00,39.46786920403548
07-15 02:00:00,41.2323526542475
07-15 03:00:00,42.37469412315296
07-15 04:00:00,42.13709940733541
07-15 05:00:00,41.522068758657355
07-15 06:00:00,40.25959312397394
07-15 07:00:00,37.759829907802484
07-15 08:00:00,36.44885617677509
07-15 09:00:00,34.66565145000102
07-15 10:00:00,32.82718862152193
07-15 11:00:00,31.468435672670402
07-15 12:00:00,30.738196006997796
07-15 13:00:00,29.8395707539037
07-15 14:00:00,23.101093954413418
07-15 15:00:00,23.36976065103291
07-15 16:00:00,23.86091994924869
07-15 17:00:00,23.504622393743976
07-15 18:00:00,23.414571874213912
07-15 19:00:00,25.36629822489686
07-15 20:00:00,25.943078517005375
07-15 21:00:00,27.027349567924823
07-15 22:00:00,29.083637021401174
07-15 23:00:00,29.711988437269987
07-16 00:00:00,29.41069919759825
07-16 01:00:00,30.421130331340727
07-16 02:00:00,32.66273679919692
07-16 03:00:00,35.360776865163
07-16 04:00:00,36.308316038441085
07-16 05:00:00,36.94796894077093
07-16 06:00:00,34.86475112087423
07-16 07:00:00,29.730671860529284
07-16 08:00:00,24.197497147304375
07-16 09:00:00,19.837990512538063
07-16 10:00:00,15.801872766464111
07-16 11:00:00,9.41547878711404
07-16 12:00:00,10.644838944872781
07-16 13:00:00,10.39008984517927
07-16 14:00:00,4.325834253726451
07-16 15:00:00,8.690466961550431
07-16 16:00:00,7.865413804889293
07-16 17:00:00,7.550978759081811
07-16 18:00:00,11.259850154840827
07-16 19:00:00,16.11258169398889
07-16 20:00:00,18.842355980039727
07-16 21:00:00,21.18150307383718
07-16 22:00:00,19.953905811173545
07-16 23:00:00,23.419151598324333
07-17 00:00:00,24.39052358333138
07-17 01:00:00,25.324969372320382
07-17 02:00:00,24.989219270314827
07-17 03:00:00,26.5560779925054
07-17 04:00:00,26.434117471370428
07-17 05:00:00,25.501480758470393
07-17 06:00:00,24.372866793142805
07-17 07:00:00,22.732499109993007
07-17 08:00:00,20.510628085761358
07-17 09:00:00,15.494877766575632
07-17 10:00:00,11.6231670890256
07-17 11:00:00,11.167277483897621
07-17 12:00:00,6.042623519747854
07-17 13:00:00,3.897906124047261
07-17 14:00:00,3.792346254440064
07-17 15:00:00,3.626012775608796
07-17 16:00:00,3.626012775608796
07-17 17:00:00,9.01637538619417
07-17 18:00:00,10.48210421049765
07-17 19:00:00,11.518184964678447
07-17 20:00:00,12.900634036743137
07-17 21:00:00,11.004313554298882
07-17 22:00:00,14.267998570769048
07-17 23:00:00,14.354917052481369
07-18 00:00:00,14.442264329760686
07-18 01:00:00,14.385001301884886
07-18 02:00:00,13.428437153113721
07-18 03:00:00,13.064966014023351
07-18 04:00:00,13.842504141014786
07-18 05:00:00,14.008837619846053
07-18 06:00:00,12.580946643559992
07-18 07:00:00,8.259593234281049
07-18 08:00:00,4.2343400299780125
07-18 09:00:00,3.750563934048891
07-18 10:00:00,3.708914518327653
07-18 11:00:00,3.5847596386018847
07-18 12:00:00,3.5847596386018847
07-18 13:00:00,3.5026468161680278
07-18 14:00:00,3.592402823423055
07-18 15:00:00,3.529727730664705
07-18 16:00:00,3.4833812102544397
07-18 17:00:00,3.649753066778096
07-18 18:00:00,3.5485838569023307
07-18 19:00:00,3.7031900809978358
07-18 20:00:00,4.4001062437133225
07-18 21:00:00,9.511988403640492
07-18 22:00:00,11.032374311550294
07-18 23:00:00,17.945027134977227
07-19 00:00:00,21.114925390655223
07-19 01:00:00,24.686033393164294
07-19 02:00:00,27.967869067682408
07-19 03:00:00,28.630920687494278
07-19 04:00:00,30.252998027440768
07-19 05:00:00,28.839272589802995
07-19 06:00:00,21.173566204930196
07-19 07:00:00,13.704166781659476
07-19 08:00:00,8.073871256247966
07-19 09:00:00,2.9032177413386866
07-19 10:00:00,2.786737808280558
07-19 11:00:00,2.8254405057739675
07-19 12:00:00,2.557100476931003
07-19 13:00:00,2.595068255897387
07-19 14:00:00,2.51925386147101
07-19 15:00:00,2.3690715459004736
07-19 16:00:00,2.331825140406185
07-19 17:00:00,2.294697662609418
07-19 18:00:00,2.4815280343030808
07-19 19:00:00,2.786737808280558
07-19 20:00:00,2.8642670222882125
07-19 21:00:00,2.9032177413386866
07-19 22:00:00,3.4656021840621256
07-19 23:00:00,4.322911086214018
07-20 00:00:00,7.865042671799758
07-20 01:00:00,12.69487165674435
07-20 02:00:00,15.3751646475024
07-20 03:00:00,16.490793934991938
07-20 04:00:00,19.08485467466987
07-20 05:00:00,20.782147715001514
07-20 06:00:00,14.355437313579227
07-20 07:00:00,9.488717733471933
07-20 08:00:00,5.389399123466248
07-20 09:00:00,2.7481585473334453
07-20 10:00:00,2.8254405057739675
07-20 11:00:00,2.51925386147101
07-20 12:00:00,2.595068255897387
07-20 13:00:00,1.8940398244771979
07-20 14:00:00,1.8583109873766464
07-20 15:00:00,1.8940398244771979
07-20 16:00:00,1.9658415569277035
07-20 17:00:00,2.220798015010573
07-20 18:00:00,2.63315757461875
07-20 19:00:00,2.8254405057739675
07-20 20:00:00,2.9422930474824884
07-20 21:00:00,3.3521426169242283
07-20 22:00:00,5.314761563085166
07-20 23:00:00,7.186573936680231
07-21 00:00:00,11.462602737998417
07-21 01:00:00,16.500663801646898
07-21 02:00:00,17.14333256622211
07-21 03:00:00,19.446785354732423
07-21 04:00:00,22.343537626169052
07-21 05:00:00,23.209923566064866
07-21 06:00:00,17.49344837759577
07-21 07:00:00,12.509908672624613
07-21 08:00:00,6.47660255282087
07-21 09:00:00,2.220798015010573
07-21 10:00:00,1.8940398244771979
07-21 11:00:00,1.4383722906864211
07-21 12:00:00,2.147369663167373
07-21 13:00:00,2.1108313089061315
07-21 14:00:00,1.6113871551378334
07-21 15:00:00,2.001915168903072
07-21 16:00:00,2.1108313089061315
07-21 17:00:00,2.147369663167373
07-21 18:00:00,2.257688743479049
07-21 19:00:00,2.406437249151182
07-21 20:00:00,2.638327541953963
07-21 21:00:00,2.868243998880398
07-21 22:00:00,3.002692462811235
07-21 23:00:00,4.910824871909294
07-22 00:00:00,8.646166516165952
07-22 01:00:00,12.688263891344201
07-22 02:00:00,15.853748882263819
07-22 03:00:00,17.43040871277848
07-22 04:00:00,19.88535777118212
07-22 05:00:00,19.5486990383107
07-22 06:00:00,14.655821545788001
07-22 07:00:00,7.2592065213618895
07-22 08:00:00,1.6813728517108137
07-22 09:00:00,1.4383722906864211
07-22 10:00:00,1.5072457962672106
07-22 11:00:00,1.7871955874590897
07-22 12:00:00,1.5072457962672106
07-22 13:00:00,1.4041007207560068
07-22 14:00:00,1.9298832283923313
07-22 15:00:00,1.7518083140890834
07-22 16:00:00,1.7165341864248824
07-22 17:00:00,1.9658415569277035
07-22 18:00:00,2.074409683531322
07-22 19:00:00,2.331825140406185
07-22 20:00:00,2.406437249151182
07-22 21:00:00,2.5683255641565435
07-22 22:00:00,3.0326832399376067
07-22 23:00:00,5.903400211711837
07-23 00:00:00,6.4939299752329225
07-23 01:00:00,11.682162354559866
07-23 02:00:00,13.648467970807054
07-23 03:00:00,16.244095394245058
07-23 04:00:00,18.49820900311341
07-23 05:00:00,19.348965092128925
07-23 06:00:00,14.45488235088554
07-23 07:00:00,6.211958588341183
07-23 08:00:00,2.147369663167373
07-23 09:00:00,1.6113871551378334
07-23 10:00:00,1.4383722906864211
07-23 11:00:00,1.2343809791588427
07-23 12:00:00,1.001298289407687
07-23 13:00:00,0.7733909297756248
07-23 14:00:00,0.5820755397388863
07-23 15:00:00,0.48779091054292667
07-23 16:00:00,0.5820755397388863
07-23 17:00:00,0.7412486208030528
07-23 18:00:00,0.83798582852166
07-23 19:00:00,1.2007622669486346
07-23 20:00:00,1.100550512769845
07-23 21:00:00,0.83798582852166
07-23 22:00:00,0.9684258880690191
07-23 23:00:00,0.8488958433439194
07-24 00:00:00,0.7205319485986409
07-24 01:00:00,0.6756677041065298
07-24 02:00:00,0.6581857439008831
07-24 03:00:00,0.7203395359013568
07-24 04:00:00,0.8958368862419779
07-24 05:00:00,0.7347073448761612
07-24 06:00:00,1.6113871551378334
07-24 07:00:00,2.294697662609418
07-24 08:00:00,2.7097023414980668
07-24 09:00:00,2.6713688103789424
07-24 10:00:00,2.220798015010573
07-24 11:00:00,1.6813728517108137
07-24 12:00:00,2.257688743479049
07-24 13:00:00,2.074409683531322
07-24 14:00:00,1.7165341864248824
07-24 15:00:00,1.2007622669486346
07-24 16:00:00,3.726561573344814
07-24 17:00:00,9.449728609906082
07-24 18:00:00,9.671617478790864
07-24 19:00:00,10.51001568900689
07-24 20:00:00,12.116879085070343
07-24 21:00:00,14.575413361150831
07-24 22:00:00,13.518677255874682
07-24 23:00:00,13.079188689109543
07-25 00:00:00,13.02571871557087
07-25 01:00:00,13.994974648867853
07-25 02:00:00,17.345220375511943
07-25 03:00:00,15.956572219603006
07-25 04:00:00,16.54471951579723
07-25 05:00:00,16.316939545468628
07-25 06:00:00,13.942898450308759
07-25 07:00:00,10.155495860667706
07-25 08:00:00,3.9914931345725746
07-25 09:00:00,2.63315757461875
07-25 10:00:00,2.63315757461875
07-25 11:00:00,2.294697662609418
07-25 12:00:00,14.420540437286574
07-25 13:00:00,11.769271402456747
07-25 14:00:00,12.977066774653744
07-25 15:00:00,16.289462768971298
07-25 16:00:00,14.185165582899732
07-25 17:00:00,16.53338919120855
07-25 18:00:00,18.295905276776516
07-25 19:00:00,21.107698077538323
07-25 20:00:00,22.070707364506895
07-25 21:00:00,22.048050647444022
07-25 22:00:00,19.851858803892327
07-25 23:00:00,23.94302764461421
07-26 00:00:00,24.38914473721845
07-26 01:00:00,24.7142873305549
07-26 02:00:00,26.379038965109622
07-26 03:00:00,27.607727943010932
07-26 04:00:00,28.028210567577872
07-26 05:00:00,28.530717483473225
07-26 06:00:00,24.574786705257296
07-26 07:00:00,14.93520611663827
07-26 08:00:00,11.005182171661847
07-26 09:00:00,6.24787773327703
07-26 10:00:00,1.9298832283923313
07-26 11:00:00,1.6813728517108137
07-26 12:00:00,2.147369663167373
07-26 13:00:00,1.7871955874590897
07-26 14:00:00,2.4815280343030808
07-26 15:00:00,7.939345431983404
07-26 16:00:00,13.506937764065714
07-26 17:00:00,16.75801520591449
07-26 18:00:00,12.928680873979644
07-26 19:00:00,16.115072872323307
07-26 20:00:00,18.95467429756663
07-26 21:00:00,20.98187971593678
07-26 22:00:00,20.01758002976888
07-26 23:00:00,22.700247071285283
07-27 00:00:00,25.161155783137403
07-27 01:00:00,28.53112912310773
07-27 02:00:00,29.835827138251197
07-27 03:00:00,32.01272927986702
07-27 04:00:00,33.304494476192524
07-27 05:00:00,31.002423666260416
07-27 06:00:00,26.06093084039589
07-27 07:00:00,19.73786663143762
07-27 08:00:00,9.304837785824406
07-27 09:00:00,2.3663605555235705
07-27 10:00:00,2.406437249151182
07-27 11:00:00,2.038104424153631
07-27 12:00:00,2.1840251102249435
07-27 13:00:00,2.074409683531322
07-27 14:00:00,1.7518083140890834
07-27 15:00:00,1.5072457962672106
07-27 16:00:00,1.7871955874590897
07-27 17:00:00,2.406437249151182
07-27 18:00:00,2.8642670222882125
07-27 19:00:00,6.452027536841392
07-27 20:00:00,7.910593132513071
07-27 21:00:00,7.0846715875440225
07-27 22:00:00,7.385297915294975
07-27 23:00:00,10.718722440359883
07-28 00:00:00,15.569066722130852
07-28 01:00:00,15.39942407038273
07-28 02:00:00,15.154586782340465
07-28 03:00:00,15.639776182299876
07-28 04:00:00,17.070253819715955
07-28 05:00:00,18.11422159677307
07-28 06:00:00,18.239170250521738
07-28 07:00:00,20.843280634479765
07-28 08:00:00,25.626384703280447
07-28 09:00:00,23.959080433594266
07-28 10:00:00,18.878920638156114
07-28 11:00:00,16.787385699444073
07-28 12:00:00,15.252448796941179
07-28 13:00:00,12.5148551179855
07-28 14:00:00,10.165936608639539
07-28 15:00:00,7.164021139410113
07-28 16:00:00,4.708175997817571
07-28 17:00:00,5.8834828091798945
07-28 18:00:00,6.445010573806133
07-28 19:00:00,9.340859501306818
07-28 20:00:00,14.116657759613911
07-28 21:00:00,18.1066565210575
07-28 22:00:00,19.975176649550306
07-28 23:00:00,19.144973076620825
07-29 00:00:00,20.77018810582257
07-29 01:00:00,22.420610501391394
07-29 02:00:00,24.467303338167632
07-29 03:00:00,27.698923578334167
07-29 04:00:00,28.373564520786537
07-29 05:00:00,27.397984681444683
07-29 06:00:00,24.043596988182088
07-29 07:00:00,17.84248614048653
07-29 08:00:00,11.08840601073765
07-29 09:00:00,3.2626004370845116
07-29 10:00:00,3.060270349687635
07-29 11:00:00,2.8254405057739675
07-29 12:00:00,2.294697662609418
07-29 13:00:00,2.257688743479049
07-29 14:00:00,2.1840251102249435
07-29 15:00:00,2.147369663167373
07-29 16:00:00,2.074409683531322
07-29 17:00:00,1.9298832283923313
07-29 18:00:00,1.9658415569277035
07-29 19:00:00,2.331825140406185
07-29 20:00:00,2.51925386147101
07-29 21:00:00,4.917036586765352
07-29 22:00:00,8.429480026926544
07-29 23:00:00,8.17737256938367
07-30 00:00:00,9.9693727822373
07-30 01:00:00,11.6459232556425
07-30 02:00:00,14.171832999311707
07-30 03:00:00,15.469361125861504
07-30 04:00:00,16.50056785464544
07-30 05:00:00,16.53212326171471
07-30 06:00:00,15.864118651033419
07-30 07:00:00,8.483795655351852
07-30 08:00:00,2.147369663167373
07-30 09:00:00,1.7518083140890834
07-30 10:00:00,1.5418484224142595
07-30 11:00:00,1.646323958196984
07-30 12:00:00,1.6813728517108137
07-30 13:00:00,1.3358862278295207
07-30 14:00:00,1.5072457962672106
07-30 15:00:00,1.301942620295097
07-30 16:00:00,6.530303121821953
07-30 17:00:00,6.779274162515193
07-30 18:00:00,9.472535651910398
07-30 19:00:00,12.750771747282068
07-30 20:00:00,14.24119201805639
07-30 21:00:00,13.907574739527409
07-30 22:00:00,16.085672852278346
07-30 23:00:00,18.69852641791565
07-31 00:00:00,19.927400951515875
07-31 01:00:00,21.03244568313665
07-31 02:00:00,20.768203180609447
07-31 03:00:00,20.662886686834923
07-31 04:00:00,19.670445565995358
07-31 05:00:00,20.328799413032385
07-31 06:00:00,18.476148959574765
07-31 07:00:00,15.150387340534168
07-31 08:00:00,11.359071562136155
07-31 09:00:00,12.38048404439675
07-31 10:00:00,11.323326199844615
07-31 11:00:00,7.709516081623845
07-31 12:00:00,5.916218823024727
07-31 13:00:00,6.700647166058292
07-31 14:00:00,4.046525016758724
07-31 15:00:00,3.708914518327653
07-31 16:00:00,3.5847596386018847
07-31 17:00:00,3.9503182722766206
07-31 18:00:00,7.095337695051708
07-31 19:00:00,12.726084257532445
07-31 20:00:00,21.27730737795
07-31 21:00:00,23.38445479023123
07-31 22:00:00,28.7974655423699
07-31 23:00:00,29.814646928535993
08-01 00:00:00,29.14821067206329
08-01 01:00:00,30.88468756821075
08-01 02:00:00,32.243624060578476
08-01 03:00:00,34.02546380577898
08-01 04:00:00,35.75585630202068
08-01 05:00:00,37.52421793184487
08-01 06:00:00,39.634348191217356
08-01 07:00:00,40.77538143961736
08-01 08:00:00,38.431365771197775
08-01 09:00:00,33.1173628186056
08-01 10:00:00,32.44111064335036
08-01 11:00:00,30.374862599559105
08-01 12:00:00,27.24520391328047
08-01 13:00:00,25.834450350184078
08-01 14:00:00,23.596999539383507
08-01 15:00:00,25.5759741586134
08-01 16:00:00,23.281987835537564
08-01 17:00:00,22.56316467106543
08-01 18:00:00,29.602352199988022
08-01 19:00:00,32.273495265725806
08-01 20:00:00,35.536419885129646
08-01 21:00:00,38.19120453694194
08-01 22:00:00,40.428476032455585
08-01 23:00:00,43.52420369133169
08-02 00:00:00,44.51483243907551
08-02 01:00:00,43.13057853254088
08-02 02:00:00,47.765138808689365
08-02 03:00:00,49.11370623929807
08-02 04:00:00,51.091536807984355
08-02 05:00:00,49.36557572573132
08-02 06:00:00,45.57138456120014
08-02 07:00:00,39.97084082650159
08-02 08:00:00,32.387692019071395
08-02 09:00:00,24.181982124981197
08-02 10:00:00,20.07087953138127
08-02 11:00:00,14.549727281147884
08-02 12:00:00,8.319013507004875
08-02 13:00:00,4.9294001976161645
08-02 14:00:00,4.580067797897552
08-02 15:00:00,3.9125455140788663
08-02 16:00:00,4.815805710657796
08-02 17:00:00,8.248677572600522
08-02 18:00:00,10.694003763101842
08-02 19:00:00,15.086967913046172
08-02 20:00:00,17.359211260638702
08-02 21:00:00,25.76424192065908
08-02 22:00:00,29.89849797386099
08-02 23:00:00,31.826248207850682
08-03 00:00:00,33.75820931764272
08-03 01:00:00,34.6000144886308
08-03 02:00:00,38.65842867909164
08-03 03:00:00,41.12661998813772
08-03 04:00:00,41.16489352404746
08-03 05:00:00,42.4727838037501
08-03 06:00:00,37.14099442011892
08-03 07:00:00,30.83298779473839
08-03 08:00:00,25.779313645526894
08-03 09:00:00,15.751634432933677
08-03 10:00:00,9.00785528650771
08-03 11:00:00,5.248869159378542
08-03 12:00:00,3.5847596386018847
08-03 13:00:00,5.070688258242523
08-03 14:00:00,18.803065290321097
08-03 15:00:00,22.864056866871127
08-03 16:00:00,22.184709898845817
08-03 17:00:00,24.778430971379187
08-03 18:00:00,30.241365551746956
08-03 19:00:00,33.6202502189012
08-03 20:00:00,37.05896744439966
08-03 21:00:00,38.476260344313516
08-03 22:00:00,39.837329265093906
08-03 23:00:00,40.781616524586326
08-04 00:00:00,42.079478483712094
08-04 01:00:00,43.20644179288193
08-04 02:00:00,43.8295460373657
08-04 03:00:00,43.85155438672213
08-04 04:00:00,44.41104111187032
08-04 05:00:00,43.28254628027902
08-04 06:00:00,41.3385081472738
08-04 07:00:00,38.133798752490826
08-04 08:00:00,33.5565518754637
08-04 09:00:00,29.63979218290763
08-04 10:00:00,26.16784952776336
08-04 11:00:00,24.096522469290143
08-04 12:00:00,22.38079742808636
08-04 13:00:00,23.79599329813645
08-04 14:00:00,27.483663929035508
08-04 15:00:00,28.61677576257557
08-04 16:00:00,28.706826282105638
08-04 17:00:00,28.752066443248523
08-04 18:00:00,31.4738582035245
08-04 19:00:00,32.41175753502122
08-04 20:00:00,33.14155062501577
08-04 21:00:00,33.71203020124355
08-04 22:00:00,33.73795823977805
08-04 23:00:00,33.25867995627778
08-05 00:00:00,32.755296831861855
08-05 01:00:00,33.34479845279331
08-05 02:00:00,34.41687803500178
08-05 03:00:00,33.864563291294395
08-05 04:00:00,35.089762534683146
08-05 05:00:00,34.61337863395549
08-05 06:00:00,34.540816932987646
08-05 07:00:00,32.96595782551205
08-05 08:00:00,28.13041958641161
08-05 09:00:00,26.51790080082691
08-05 10:00:00,20.94166199403304
08-05 11:00:00,18.25521521714941
08-05 12:00:00,11.502362523792709
08-05 13:00:00,13.722697688010618
08-05 14:00:00,18.94980085754444
08-05 15:00:00,19.885152761535185
08-05 16:00:00,22.930517858432463
08-05 17:00:00,21.880899495888432
08-05 18:00:00,20.952586988988646
08-05 19:00:00,27.048390286365958
08-05 20:00:00,31.197626012961827
08-05 21:00:00,32.92800685483309
08-05 22:00:00,35.25526973265468
08-05 23:00:00,35.55860331912028
08-06 00:00:00,36.35590976421585
08-06 01:00:00,34.7658536769574
08-06 02:00:00,33.910942112518455
08-06 03:00:00,34.29378285829693
08-06 04:00:00,32.46068272415058
08-06 05:00:00,32.08957492903424
08-06 06:00:00,29.87981964453428
08-06 07:00:00,26.45118053496944
08-06 08:00:00,21.31687585378481
08-06 09:00:00,15.846258516218924
08-06 10:00:00,9.66196397002627
08-06 11:00:00,9.446292073082715
08-06 12:00:00,10.021482179050592
08-06 13:00:00,4.299723855209672
08-06 14:00:00,3.3399837480188963
08-06 15:00:00,3.792346254440064
08-06 16:00:00,3.7128103054622588
08-06 17:00:00,3.881180430423078
08-06 18:00:00,4.1822702681420125
08-06 19:00:00,8.722836046649228
08-06 20:00:00,13.413785445672914
08-06 21:00:00,14.56203672493487
08-06 22:00:00,16.274367658466765
08-06 23:00:00,20.498346853136646
08-07 00:00:00,24.143661237021778
08-07 01:00:00,24.37331476747344
08-07 02:00:00,25.921249942563954
08-07 03:00:00,27.248250737990755
08-07 04:00:00,27.563427091731704
08-07 05:00:00,27.16979201217452
08-07 06:00:00,22.510402213126937
08-07 07:00:00,19.526445410693967
08-07 08:00:00,14.928678976961649
08-07 09:00:00,6.315496557480245
08-07 10:00:00,2.7097023414980668
08-07 11:00:00,2.4439226212461125
08-07 12:00:00,4.029826665691699
08-07 13:00:00,6.155683701079122
08-07 14:00:00,23.07100901447352
08-07 15:00:00,29.11545127753351
08-07 16:00:00,29.5888413641646
08-07 17:00:00,31.179986204081132
08-07 18:00:00,30.545653701475608
08-07 19:00:00,30.495190179905528
08-07 20:00:00,32.182838402923565
08-07 21:00:00,32.15632285714298
08-07 22:00:00,33.28911601862451
08-07 23:00:00,33.39634689559037
08-08 00:00:00,33.82363995857793
08-08 01:00:00,33.50985355427088
08-08 02:00:00,32.98658030948739
08-08 03:00:00,33.88761594873158
08-08 04:00:00,33.935512745527696
08-08 05:00:00,32.9646157429991
08-08 06:00:00,32.79499686138209
08-08 07:00:00,30.57857309726947
08-08 08:00:00,27.65874769249699
08-08 09:00:00,29.549468257483515
08-08 10:00:00,32.22956126054923
08-08 11:00:00,34.566035872530335
08-08 12:00:00,30.424115669602138
08-08 13:00:00,26.569784467227752
08-08 14:00:00,22.526020207332973
08-08 15:00:00,17.467043980119552
08-08 16:00:00,10.994624016017118
08-08 17:00:00,15.162251036496754
08-08 18:00:00,16.99551568396971
08-08 19:00:00,22.73581762705865
08-08 20:00:00,26.364228951061996
08-08 21:00:00,26.43860200103072
08-08 22:00:00,29.165753379509905
08-08 23:00:00,28.223373276124942
08-09 00:00:00,29.339626026753805
08-09 01:00:00,31.447629798514704
08-09 02:00:00,32.4649798806734
08-09 03:00:00,32.95158239857969
08-09 04:00:00,34.020756201462326
08-09 05:00:00,34.16429220917274
08-09 06:00:00,32.25349748563792
08-09 07:00:00,24.190744615803105
08-09 08:00:00,22.044308433094336
08-09 09:00:00,14.655738761385436
08-09 10:00:00,7.299373729551596
08-09 11:00:00,3.4210559186201834
08-09 12:00:00,3.5436377862457147
08-09 13:00:00,3.6673976006913946
08-09 14:00:00,2.9422930474824884
08-09 15:00:00,2.9422930474824884
08-09 16:00:00,3.0998478706383015
08-09 17:00:00,3.2594271232405294
08-09 18:00:00,3.426781277872359
08-09 19:00:00,6.93006096296977
08-09 20:00:00,11.02374198755448
08-09 21:00:00,15.88732708379539
08-09 22:00:00,16.791433174206993
08-09 23:00:00,21.035716213717286
08-10 00:00:00,21.2662609507805
08-10 01:00:00,24.96587970360046
08-10 02:00:00,27.671399304028633
08-10 03:00:00,31.43110362809748
08-10 04:00:00,29.98455996045766
08-10 05:00:00,33.10187417572556
08-10 06:00:00,26.870508763942045
08-10 07:00:00,16.957839604859487
08-10 08:00:00,9.619081793391755
08-10 09:00:00,4.085089242406238
08-10 10:00:00,1.9658415569277035
08-10 11:00:00,1.7165341864248824
08-10 12:00:00,1.369938814058551
08-10 13:00:00,1.822696360297779
08-10 14:00:00,2.038104424153631
08-10 15:00:00,2.331825140406185
08-10 16:00:00,1.8940398244771979
08-10 17:00:00,1.8583109873766464
08-10 18:00:00,1.822696360297779
08-10 19:00:00,2.257688743479049
08-10 20:00:00,2.4932347790046445
08-10 21:00:00,2.406437249151182
08-10 22:00:00,5.591776723733895
08-10 23:00:00,9.220910978514475
08-11 00:00:00,11.466259560484684
08-11 01:00:00,13.32264889713162
08-11 02:00:00,15.437277345734852
08-11 03:00:00,18.1011212250275
08-11 04:00:00,19.295616001776327
08-11 05:00:00,19.410496298531054
08-11 06:00:00,15.8277619873178
08-11 07:00:00,8.425256302434507
08-11 08:00:00,2.565386398690684
08-11 09:00:00,1.6813728517108137
08-11 10:00:00,1.4041007207560068
08-11 11:00:00,1.034276305837846
08-11 12:00:00,0.9029966077048243
08-11 13:00:00,1.1338473701078526
08-11 14:00:00,1.369938814058551
08-11 15:00:00,1.034276305837846
08-11 16:00:00,1.1338473701078526
08-11 17:00:00,1.369938814058551
08-11 18:00:00,1.6813728517108137
08-11 19:00:00,1.6113871551378334
08-11 20:00:00,1.6813728517108137
08-11 21:00:00,1.6813728517108137
08-11 22:00:00,1.9015702734332223
08-11 23:00:00,3.577960976889135
08-12 00:00:00,6.8342945896609635
08-12 01:00:00,9.751774310530921
08-12 02:00:00,11.04889828898525
08-12 03:00:00,13.15400556907632
08-12 04:00:00,15.06692827594744
08-12 05:00:00,14.759653212372228
08-12 06:00:00,10.50389617652479
08-12 07:00:00,4.299159166528723
08-12 08:00:00,1.0673602693152098
08-12 09:00:00,0.7412486208030528
08-12 10:00:00,0.48779091054292667
08-12 11:00:00,0.05961129618596161
08-12 12:00:00,0.0
08-12 13:00:00,0.0
08-12 14:00:00,0.14974975699735046
08-12 15:00:00,0.3326543729416773
08-12 16:00:00,0.14974975699735046
08-12 17:00:00,0.0
08-12 18:00:00,0.27129400975500606
08-12 19:00:00,0.8056365572873435
08-12 20:00:00,0.6454383676819203
08-12 21:00:00,0.677272662542065
08-12 22:00:00,0.6454383676819203
08-12 23:00:00,1.6113871551378334
08-13 00:00:00,1.9658415569277035
08-13 01:00:00,1.8940398244771979
08-13 02:00:00,1.5765620927906825
08-13 03:00:00,1.5418484224142595
08-13 04:00:00,1.6474718289066244
08-13 05:00:00,2.8889041439688583
08-13 06:00:00,3.9559538549132527
08-13 07:00:00,1.369938814058551
08-13 08:00:00,1.2343809791588427
08-13 09:00:00,0.6454383676819203
08-13 10:00:00,0.4254371947937226
08-13 11:00:00,0.30192491383355646
08-13 12:00:00,0.30192491383355646
08-13 13:00:00,0.05961129618596161
08-13 14:00:00,0.0
08-13 15:00:00,0.11960699613807187
08-13 16:00:00,0.6454383676819203
08-13 17:00:00,0.677272662542065
08-13 18:00:00,0.9029966077048243
08-13 19:00:00,1.100550512769845
08-13 20:00:00,1.1672511762130489
08-13 21:00:00,1.0673602693152098
08-13 22:00:00,1.100550512769845
08-13 23:00:00,1.100550512769845
08-14 00:00:00,1.1672511762130489
08-14 01:00:00,1.476660581595115
08-14 02:00:00,1.7354243731882995
08-14 03:00:00,3.1815527337108658
08-14 04:00:00,3.97763470995728
08-14 05:00:00,4.769353924536765
08-14 06:00:00,2.5234942105746194
08-14 07:00:00,1.1338473701078526
08-14 08:00:00,0.9684258880690191
08-14 09:00:00,0.677272662542065
08-14 10:00:00,0.05961129618596161
08-14 11:00:00,0.0
08-14 12:00:00,0.0
08-14 13:00:00,0.0
08-14 14:00:00,0.0
08-14 15:00:00,0.21032662747916478
08-14 16:00:00,0.3634826980468282
08-14 17:00:00,0.4254371947937226
08-14 18:00:00,0.5820755397388863
08-14 19:00:00,0.83798582852166
08-14 20:00:00,0.8704390696242614
08-14 21:00:00,0.83798582852166
08-14 22:00:00,0.83798582852166
08-14 23:00:00,0.9356587708387737
08-15 00:00:00,0.9572536540443451
08-15 01:00:00,1.1672511762130489
08-15 02:00:00,1.301942620295097
08-15 03:00:00,1.1444003616537919
08-15 04:00:00,1.1636546728632025
08-15 05:00:00,1.2619145763935478
08-15 06:00:00,0.8234792936878538
08-15 07:00:00,0.4565639930516992
08-15 08:00:00,0.17998953200362955
08-15 09:00:00,0.08956094402681929
08-15 10:00:00,0.24076135067142485
08-15 11:00:00,0.0
08-15 12:00:00,0.0
08-15 13:00:00,0.677272662542065
08-15 14:00:00,0.0
08-15 15:00:00,0.3944102010512256
08-15 16:00:00,0.677272662542065
08-15 17:00:00,0.8704390696242614
08-15 18:00:00,1.001298289407687
08-15 19:00:00,1.301942620295097
08-15 20:00:00,1.5418484224142595
08-15 21:00:00,1.822696360297779
08-15 22:00:00,1.9658415569277035
08-15 23:00:00,2.147369663167373
08-16 00:00:00,2.294697662609418
08-16 01:00:00,2.331825140406185
08-16 02:00:00,4.385095523046062
08-16 03:00:00,13.838185613665743
08-16 04:00:00,13.123671581542034
08-16 05:00:00,11.743209739083037
08-16 06:00:00,10.981323260608145
08-16 07:00:00,9.528063783190792
08-16 08:00:00,10.369884269120188
08-16 09:00:00,12.954785964012904
08-16 10:00:00,17.54388054626641
08-16 11:00:00,19.014067714005122
08-16 12:00:00,22.125512697821883
08-16 13:00:00,23.095716228783793
08-16 14:00:00,25.660933261902606
08-16 15:00:00,23.669619611861847
08-16 16:00:00,21.62526402865212
08-16 17:00:00,20.994651725468138
08-16 18:00:00,22.3443041666873
08-16 19:00:00,24.67147988877816
08-16 20:00:00,24.32034503945346
08-16 21:00:00,27.435884607826168
08-16 22:00:00,27.634358809578135
08-16 23:00:00,27.65971207740045
08-17 00:00:00,25.365843633779072
08-17 01:00:00,36.30918613933055
08-17 02:00:00,43.29433865283487
08-17 03:00:00,43.55140642870102
08-17 04:00:00,44.73541809309275
08-17 05:00:00,44.96400351425595
08-17 06:00:00,43.72888921909792
08-17 07:00:00,43.71807310104761
08-17 08:00:00,41.14065122178405
08-17 09:00:00,33.528061726066426
08-17 10:00:00,26.882841832032135
08-17 11:00:00,20.77922445968276
08-17 12:00:00,16.818133078262722
08-17 13:00:00,13.922619556053514
08-17 14:00:00,10.423473635459406
08-17 15:00:00,9.958054420290487
08-17 16:00:00,8.76335892059027
08-17 17:00:00,13.679597820174441
08-17 18:00:00,16.909492291694455
08-17 19:00:00,19.648457662870022
08-17 20:00:00,21.266601723592725
08-17 21:00:00,24.572795629171864
08-17 22:00:00,27.289051334868518
08-17 23:00:00,30.85635295026227
08-18 00:00:00,35.40170534955177
08-18 01:00:00,36.11020070144296
08-18 02:00:00,37.29739226667972
08-18 03:00:00,38.237311468792605
08-18 04:00:00,37.827784574508435
08-18 05:00:00,36.18288216742264
08-18 06:00:00,36.08084965679949
08-18 07:00:00,31.207212233098524
08-18 08:00:00,26.819790682942013
08-18 09:00:00,22.55175190770005
08-18 10:00:00,17.525094743386436
08-18 11:00:00,13.706351100241639
08-18 12:00:00,9.215307652283458
08-18 13:00:00,5.1198779441656335
08-18 14:00:00,3.6113186282125493
08-18 15:00:00,3.408313002610159
08-18 16:00:00,3.125263777863846
08-18 17:00:00,4.075665641088979
08-18 18:00:00,10.034426949281919
08-18 19:00:00,14.013134811904338
08-18 20:00:00,16.848243758046397
08-18 21:00:00,21.20621467487421
08-18 22:00:00,22.130969104940263
08-18 23:00:00,20.842174850120657
08-19 00:00:00,21.86058793313745
08-19 01:00:00,22.182348309069088
08-19 02:00:00,22.758396245784382
08-19 03:00:00,23.649185950951512
08-19 04:00:00,25.231479589394105
08-19 05:00:00,25.82761658303611
08-19 06:00:00,25.702863601645902
08-19 07:00:00,18.827696774196387
08-19 08:00:00,13.41904056238864
08-19 09:00:00,7.787725315144937
08-19 10:00:00,5.912464008151623
08-19 11:00:00,2.981493326319248
08-19 12:00:00,3.219341151027936
08-19 13:00:00,3.3804551916653875
08-19 14:00:00,3.3399837480188963
08-19 15:00:00,3.6673976006913946
08-19 16:00:00,3.6673976006913946
08-19 17:00:00,3.750563934048891
08-19 18:00:00,6.7262166482318175
08-19 19:00:00,7.153569470817864
08-19 20:00:00,9.04963760689888
08-19 21:00:00,9.899216004993207
08-19 22:00:00,13.812780970128765
08-19 23:00:00,15.655986663406802
08-20 00:00:00,17.867596899664356
08-20 01:00:00,16.913035089554853
08-20 02:00:00,18.63727864775406
08-20 03:00:00,22.488990122435418
08-20 04:00:00,22.560223074411844
08-20 05:00:00,21.234296533027074
08-20 06:00:00,19.229474587072872
08-20 07:00:00,14.573953178809607
08-20 08:00:00,8.778268095532379
08-20 09:00:00,2.8254405057739675
08-20 10:00:00,2.595068255897387
08-20 11:00:00,2.4439226212461125
08-20 12:00:00,2.8254405057739675
08-20 13:00:00,2.001915168903072
08-20 14:00:00,2.038104424153631
08-20 15:00:00,2.001915168903072
08-20 16:00:00,2.220798015010573
08-20 17:00:00,2.557100476931003
08-20 18:00:00,2.786737808280558
08-20 19:00:00,3.0558495464759616
08-20 20:00:00,3.325623793398836
08-20 21:00:00,5.157856863462991
08-20 22:00:00,10.080091106456027
08-20 23:00:00,12.122502572836861
08-21 00:00:00,15.684091150487335
08-21 01:00:00,17.498519019867146
08-21 02:00:00,17.96482157990079
08-21 03:00:00,17.95051529410035
08-21 04:00:00,20.050614908410616
08-21 05:00:00,23.69771136067323
08-21 06:00:00,19.290245013880348
08-21 07:00:00,10.55964697896922
08-21 08:00:00,5.086625852179501
08-21 09:00:00,1.7518083140890834
08-21 10:00:00,1.4041007207560068
08-21 11:00:00,1.1672511762130489
08-21 12:00:00,0.9029966077048243
08-21 13:00:00,0.8056365572873435
08-21 14:00:00,0.9684258880690191
08-21 15:00:00,0.9356587708387737
08-21 16:00:00,1.0673602693152098
08-21 17:00:00,1.5418484224142595
08-21 18:00:00,1.822696360297779
08-21 19:00:00,2.074409683531322
08-21 20:00:00,2.038104424153631
08-21 21:00:00,1.9658415569277035
08-21 22:00:00,1.865955646354355
08-21 23:00:00,3.477939691520488
08-22 00:00:00,4.510975306742715
08-22 01:00:00,2.655290850001508
08-22 02:00:00,12.338596543631795
08-22 03:00:00,14.935938058200357
08-22 04:00:00,16.880403657697865
08-22 05:00:00,12.681934639082792
08-22 06:00:00,18.262872836250295
08-22 07:00:00,15.85147016921863
08-22 08:00:00,11.762533284800881
08-22 09:00:00,8.67899583005458
08-22 10:00:00,5.014092767816975
08-22 11:00:00,3.2745658319383195
08-22 12:00:00,2.981493326319248
08-22 13:00:00,3.5436377862457147
08-22 14:00:00,3.5847596386018847
08-22 15:00:00,11.81453835062193
08-22 16:00:00,13.60351861172138
08-22 17:00:00,16.186823700477717
08-22 18:00:00,21.11451873876903
08-22 19:00:00,24.110931065816853
08-22 20:00:00,26.486118314824004
08-22 21:00:00,26.812604165649237
08-22 22:00:00,29.732451604343527
08-22 23:00:00,30.858555744609287
08-23 00:00:00,31.447629798514704
08-23 01:00:00,32.62681924937388
08-23 02:00:00,33.16611688550765
08-23 03:00:00,32.31909855410479
08-23 04:00:00,35.13528737974184
08-23 05:00:00,34.608652805388594
08-23 06:00:00,33.135688375846954
08-23 07:00:00,29.132002172924828
08-23 08:00:00,23.536480277537542
08-23 09:00:00,16.263378849193742
08-23 10:00:00,11.576034588566253
08-23 11:00:00,9.986194515744085
08-23 12:00:00,8.269066137852919
08-23 13:00:00,4.02486061390772
08-23 14:00:00,4.088578202438869
08-23 15:00:00,4.1314385237534825
08-23 16:00:00,4.3050519528219535
08-23 17:00:00,8.073426163902603
08-23 18:00:00,9.902908021174895
08-23 19:00:00,12.77963675168052
08-23 20:00:00,15.076415488609069
08-23 21:00:00,18.419829177509687
08-23 22:00:00,18.72633072993076
08-23 23:00:00,24.02426765119983
08-24 00:00:00,22.623466298343352
08-24 01:00:00,25.047121675904854
08-24 02:00:00,31.31349472944249
08-24 03:00:00,31.750879638123145
08-24 04:00:00,29.47241308390238
08-24 05:00:00,29.85720932385464
08-24 06:00:00,29.1662954493274
08-24 07:00:00,28.65446975854163
08-24 08:00:00,27.563232731003108
08-24 09:00:00,24.437118479565324
08-24 10:00:00,21.81834085138926
08-24 11:00:00,17.007101909878354
08-24 12:00:00,19.15050366218059
08-24 13:00:00,18.57825717344609
08-24 14:00:00,18.91509725166577
08-24 15:00:00,16.682537773465054
08-24 16:00:00,15.804771795541829
08-24 17:00:00,16.74893955594043
08-24 18:00:00,17.36130037849668
08-24 19:00:00,20.454427340339283
08-24 20:00:00,23.302986449490213
08-24 21:00:00,23.587857909231627
08-24 22:00:00,27.69556107899969
08-24 23:00:00,31.824765952787878
08-25 00:00:00,29.45413923679901
08-25 01:00:00,30.3403567584521
08-25 02:00:00,31.007320780900017
08-25 03:00:00,32.41013434631928
08-25 04:00:00,32.58971199689601
08-25 05:00:00,33.39947699996973
08-25 06:00:00,32.24240772764949
08-25 07:00:00,29.471414562662495
08-25 08:00:00,27.71674129964911
08-25 09:00:00,23.065397326098534
08-25 10:00:00,19.71496143694177
08-25 11:00:00,16.085998673272616
08-25 12:00:00,16.19395800194317
08-25 13:00:00,15.657981120833156
08-25 14:00:00,15.497758902784307
08-25 15:00:00,14.434460923520696
08-25 16:00:00,12.751772177300499
08-25 17:00:00,15.354696168850815
08-25 18:00:00,18.751451811145238
08-25 19:00:00,20.970488548880326
08-25 20:00:00,24.140283367033433
08-25 21:00:00,28.480192163883437
08-25 22:00:00,33.08419299058847
08-25 23:00:00,35.25405317296655
08-26 00:00:00,38.70439450919437
08-26 01:00:00,39.1798947440447
08-26 02:00:00,41.04957082199089
08-26 03:00:00,43.35707810027397
08-26 04:00:00,44.75310096478316
08-26 05:00:00,46.12124553354089
08-26 06:00:00,43.92553336577369
08-26 07:00:00,33.88417090172855
08-26 08:00:00,23.37210815316257
08-26 09:00:00,19.974919246733638
08-26 10:00:00,10.445767376541575
08-26 11:00:00,6.241415773755055
08-26 12:00:00,4.435309324689106
08-26 13:00:00,4.523379204721388
08-26 14:00:00,4.567624537212939
08-26 15:00:00,5.184646432103679
08-26 16:00:00,11.856290882203197
08-26 17:00:00,10.690372744545813
08-26 18:00:00,16.391765498415754
08-26 19:00:00,21.173178172324242
08-26 20:00:00,24.06506419195086
08-26 21:00:00,27.973099604940806
08-26 22:00:00,28.986923291679233
08-26 23:00:00,29.95489993076562
08-27 00:00:00,30.33286100775664
08-27 01:00:00,32.6433536069132
08-27 02:00:00,35.10919506836929
08-27 03:00:00,36.49603380235019
08-27 04:00:00,39.3121048292044
08-27 05:00:00,40.770342712751635
08-27 06:00:00,40.17884439852455
08-27 07:00:00,36.73748006323269
08-27 08:00:00,30.606882748398114
08-27 09:00:00,26.04322159401886
08-27 10:00:00,20.119991346487403
08-27 11:00:00,15.044993511025329
08-27 12:00:00,12.080605393343731
08-27 13:00:00,12.055943442750026
08-27 14:00:00,11.303449124559771
08-27 15:00:00,11.853337918631102
08-27 16:00:00,14.041352648237856
08-27 17:00:00,16.21570004804541
08-27 18:00:00,22.348352976108906
08-27 19:00:00,26.52488061742899
08-27 20:00:00,29.468487986903646
08-27 21:00:00,34.94584259095551
08-27 22:00:00,40.64457026099587
08-27 23:00:00,42.70276038916337
08-28 00:00:00,43.310905929631204
08-28 01:00:00,44.101998402064666
08-28 02:00:00,44.39639353280866
08-28 03:00:00,47.4232118217398
08-28 04:00:00,49.881970180229345
08-28 05:00:00,50.38729586660222
08-28 06:00:00,50.35185682980884
08-28 07:00:00,44.87837990465565
08-28 08:00:00,41.86230478173933
08-28 09:00:00,40.66892267227998
08-28 10:00:00,35.68389477157092
08-28 11:00:00,30.581538706100673
08-28 12:00:00,26.369105880479587
08-28 13:00:00,24.48199585968098
08-28 14:00:00,36.71182310121101
08-28 15:00:00,49.02641388686298
08-28 16:00:00,46.77965238855491
08-28 17:00:00,47.903769449057236
08-28 18:00:00,47.64379391788795
08-28 19:00:00,50.30792296032016
08-28 20:00:00,51.23775830562262
08-28 21:00:00,50.566906234041156
08-28 22:00:00,50.46438068945957
08-28 23:00:00,51.17319392398866
08-29 00:00:00,51.25316693704586
08-29 01:00:00,52.92387296711991
08-29 02:00:00,52.815725643623765
08-29 03:00:00,54.090841210255306
08-29 04:00:00,53.59578119553955
08-29 05:00:00,54.25122417727938
08-29 06:00:00,52.50641650160321
08-29 07:00:00,49.50765878319952
08-29 08:00:00,46.84949935596762
08-29 09:00:00,46.21127661794549
08-29 10:00:00,41.69679642987622
08-29 11:00:00,38.33193782818628
08-29 12:00:00,33.38241365017328
08-29 13:00:00,36.69717035747072
08-29 14:00:00,36.99821413509352
08-29 15:00:00,36.927085316622126
08-29 16:00:00,33.7932100094675
08-29 17:00:00,33.846666927649
08-29 18:00:00,32.831990653758446
08-29 19:00:00,33.33051283039991
08-29 20:00:00,34.42374017020255
08-29 21:00:00,36.106301233600426
08-29 22:00:00,37.80460775447269
08-29 23:00:00,39.463963391671484
08-30 00:00:00,42.18278570847852
08-30 01:00:00,42.18278570847852
08-30 02:00:00,42.78662898879253
08-30 03:00:00,43.30992351334719
08-30 04:00:00,44.99439800089375
08-30 05:00:00,44.48745520600735
08-30 06:00:00,42.85187021186271
08-30 07:00:00,37.27816613214181
08-30 08:00:00,35.30361189422372
08-30 09:00:00,31.72403369572894
08-30 10:00:00,29.807991837864108
08-30 11:00:00,29.397234152571937
08-30 12:00:00,29.860582714962447
08-30 13:00:00,27.392609962553344
08-30 14:00:00,20.33838597248998
08-30 15:00:00,22.181589336916513
08-30 16:00:00,20.723310773555642
08-30 17:00:00,23.872075418206844
08-30 18:00:00,29.66473338207262
08-30 19:00:00,33.935512745527696
08-30 20:00:00,36.58119711567465
08-30 21:00:00,36.14965069233108
08-30 22:00:00,36.61198667707598
08-30 23:00:00,37.781059824993356
08-31 00:00:00,37.930121220447816
08-31 01:00:00,37.95680692783942
08-31 02:00:00,38.01043511913031
08-31 03:00:00,37.64730942751192
08-31 04:00:00,38.133932724599674
08-31 05:00:00,38.71928480828943
08-31 06:00:00,39.20934356094772
08-31 07:00:00,35.108189293575684
08-31 08:00:00,33.009380709060224
08-31 09:00:00,27.58195502364061
08-31 10:00:00,23.256336416466944
08-31 11:00:00,18.333336166380505
08-31 12:00:00,14.044516575223529
08-31 13:00:00,12.767425249959155
08-31 14:00:00,9.126228361080312
08-31 15:00:00,10.35367285733282
08-31 16:00:00,14.20841717886736
08-31 17:00:00,17.420318336807295
08-31 18:00:00,21.135122752546284
08-31 19:00:00,27.028593921341418
08-31 20:00:00,30.934229963577398
08-31 21:00:00,33.7932100094675
08-31 22:00:00,38.64175784947823
08-31 23:00:00,39.829004584570484
09-01 00:00:00,41.5556855909973
09-01 01:00:00,42.88098257148393
09-01 02:00:00,45.40382639237477
09-01 03:00:00,47.06910803669304
09-01 04:00:00,47.260158390743555
09-01 05:00:00,52.76809499473897
09-01 06:00:00,48.254087882362
09-01 07:00:00,38.9379458441038
09-01 08:00:00,32.39279146937205
09-01 09:00:00,25.316795690117118
09-01 10:00:00,17.00388430364176
09-01 11:00:00,11.187440653496868
09-01 12:00:00,5.4719161362665005
09-01 13:00:00,3.918494725292355
09-01 14:00:00,3.792346254440064
09-01 15:00:00,4.325834253726451
09-01 16:00:00,3.9347480403357356
09-01 17:00:00,4.195923948717885
09-01 18:00:00,14.240630263733358
09-01 19:00:00,20.02727410168739
09-01 20:00:00,24.01272352925333
09-01 21:00:00,27.2045383790418
09-01 22:00:00,32.598272856720776
09-01 23:00:00,36.19681576330333
09-02 00:00:00,38.62801067444977
09-02 01:00:00,41.915297996388716
09-02 02:00:00,44.41915988214375
09-02 03:00:00,45.63467475248807
09-02 04:00:00,49.2544023209832
09-02 05:00:00,49.33171477768451
09-02 06:00:00,48.06022423827231
09-02 07:00:00,39.68530037070116
09-02 08:00:00,31.799335896717658
09-02 09:00:00,25.94279626268477
09-02 10:00:00,16.784868727233043
09-02 11:00:00,9.476975029858671
09-02 12:00:00,3.7491527271113334
09-02 13:00:00,1.5765620927906825
09-02 14:00:00,1.9658415569277035
09-02 15:00:00,2.1108313089061315
09-02 16:00:00,2.294697662609418
09-02 17:00:00,2.492760374951883
09-02 18:00:00,4.623562759298005
09-02 19:00:00,9.255615742534927
09-02 20:00:00,10.983441547010553
09-02 21:00:00,18.511881208728255
09-02 22:00:00,22.8682022678826
09-02 23:00:00,26.012288996416437
09-03 00:00:00,27.542172225434108
09-03 01:00:00,30.402775611894814
09-03 02:00:00,32.848093012880256
09-03 03:00:00,33.80005777948053
09-03 04:00:00,34.62050566106733
09-03 05:00:00,36.32378422284279
09-03 06:00:00,33.77057452339261
09-03 07:00:00,27.978838965044403
09-03 08:00:00,24.31246310857445
09-03 09:00:00,15.588913395760512
09-03 10:00:00,6.649672936741396
09-03 11:00:00,2.58599764496427
09-03 12:00:00,2.7481585473334453
09-03 13:00:00,2.595068255897387
09-03 14:00:00,2.595068255897387
09-03 15:00:00,2.595068255897387
09-03 16:00:00,2.8642670222882125
09-03 17:00:00,3.151435460866123
09-03 18:00:00,3.5849119317904923
09-03 19:00:00,3.7340068303796317
09-03 20:00:00,7.526850522176311
09-03 21:00:00,16.329883166625365
09-03 22:00:00,19.980935074128716
09-03 23:00:00,23.695594081257724
09-04 00:00:00,27.493237042970577
09-04 01:00:00,29.393634883336006
09-04 02:00:00,31.633009810292503
09-04 03:00:00,32.80475355034804
09-04 04:00:00,34.54217069422799
09-04 05:00:00,36.804932658023944
09-04 06:00:00,36.681959346470926
09-04 07:00:00,27.819009235581078
09-04 08:00:00,19.63015814047869
09-04 09:00:00,12.313760137867568
09-04 10:00:00,4.521102087360295
09-04 11:00:00,2.9032177413386866
09-04 12:00:00,3.020818964491936
09-04 13:00:00,3.2996411905656378
09-04 14:00:00,3.139551917121498
09-04 15:00:00,3.2594271232405294
09-04 16:00:00,3.219341151027936
09-04 17:00:00,2.985552333539064
09-04 18:00:00,3.151435460866123
09-04 19:00:00,4.997592511854355
09-04 20:00:00,9.384158562080298
09-04 21:00:00,17.108567249965034
09-04 22:00:00,19.80527577643207
09-04 23:00:00,24.84094587697875
09-05 00:00:00,28.690428235656274
09-05 01:00:00,29.597696428954162
09-05 02:00:00,33.06656897883518
09-05 03:00:00,34.582208449238536
09-05 04:00:00,34.233692622135116
09-05 05:00:00,35.99734765577008
09-05 06:00:00,35.72019196055341
09-05 07:00:00,27.010974778083664
09-05 08:00:00,17.46849803149984
09-05 09:00:00,9.71156353123051
09-05 10:00:00,3.1059523328710084
09-05 11:00:00,2.1840251102249435
09-05 12:00:00,2.406437249151182
09-05 13:00:00,2.7481585473334453
09-05 14:00:00,2.8642670222882125
09-05 15:00:00,2.7481585473334453
09-05 16:00:00,2.786737808280558
09-05 17:00:00,2.7097023414980668
09-05 18:00:00,3.251028312209428
09-05 19:00:00,3.778845527270213
09-05 20:00:00,5.838161696128417
09-05 21:00:00,11.810261965024559
09-05 22:00:00,19.39920021885291
09-05 23:00:00,21.59038946315217
09-06 00:00:00,23.79646955532431
09-06 01:00:00,25.594096256838036
09-06 02:00:00,27.880646849692837
09-06 03:00:00,31.220725728527313
09-06 04:00:00,33.40197918395789
09-06 05:00:00,32.82209961173453
09-06 06:00:00,31.386152713925373
09-06 07:00:00,25.603328002022877
09-06 08:00:00,15.789915143968951
09-06 09:00:00,10.135233470211894
09-06 10:00:00,3.142820684491411
09-06 11:00:00,1.646323958196984
09-06 12:00:00,2.595068255897387
09-06 13:00:00,2.8254405057739675
09-06 14:00:00,2.595068255897387
09-06 15:00:00,2.63315757461875
09-06 16:00:00,2.63315757461875
09-06 17:00:00,2.4123308319570493
09-06 18:00:00,2.945033735834901
09-06 19:00:00,3.5849119317904923
09-06 20:00:00,4.808614173472094
09-06 21:00:00,8.850216338968034
09-06 22:00:00,17.628675200886974
09-06 23:00:00,19.73949860830114
09-07 00:00:00,21.53670595643253
09-07 01:00:00,25.248904831103747
09-07 02:00:00,25.580867265126436
09-07 03:00:00,27.585424942822648
09-07 04:00:00,30.78917497155114
09-07 05:00:00,32.334736068830374
09-07 06:00:00,30.953620685270717
09-07 07:00:00,24.566801343703307
09-07 08:00:00,18.70800120194172
09-07 09:00:00,13.44477086385438
09-07 10:00:00,7.687648890604807
09-07 11:00:00,1.9658415569277035
09-07 12:00:00,2.038104424153631
09-07 13:00:00,2.406437249151182
09-07 14:00:00,2.294697662609418
09-07 15:00:00,2.1108313089061315
09-07 16:00:00,2.786737808280558
09-07 17:00:00,2.7097023414980668
09-07 18:00:00,3.247846557834117
09-07 19:00:00,5.368995765713688
09-07 20:00:00,11.067277208929275
09-07 21:00:00,16.302774248005054
09-07 22:00:00,20.2722647068692
09-07 23:00:00,22.394815856237415
09-08 00:00:00,24.444778987216875
09-08 01:00:00,24.89721550779889
09-08 02:00:00,29.310440903083702
09-08 03:00:00,30.522130665530796
09-08 04:00:00,31.633445872257944
09-08 05:00:00,33.146913319540545
09-08 06:00:00,32.633708555309916
09-08 07:00:00,26.54643519185465
09-08 08:00:00,19.261725089216156
09-08 09:00:00,11.96827889095034
09-08 10:00:00,4.994243697100219
09-08 11:00:00,1.5072457962672106
09-08 12:00:00,1.4383722906864211
09-08 13:00:00,1.100550512769845
09-08 14:00:00,1.0673602693152098
09-08 15:00:00,0.8704390696242614
09-08 16:00:00,1.0673602693152098
09-08 17:00:00,1.646323958196984
09-08 18:00:00,2.5890123959113414
09-08 19:00:00,3.0896454715466657
09-08 20:00:00,6.318555778061119
09-08 21:00:00,8.898113748359712
09-08 22:00:00,7.543616887008047
09-08 23:00:00,8.09679678976825
09-09 00:00:00,8.060055306519654
09-09 01:00:00,9.147248934452529
09-09 02:00:00,12.504777956676778
09-09 03:00:00,18.593391049800104
09-09 04:00:00,22.905598365763534
09-09 05:00:00,25.214954839016105
09-09 06:00:00,24.71302583537726
09-09 07:00:00,22.26996196667635
09-09 08:00:00,18.972622037136826
09-09 09:00:00,8.910258420615072
09-09 10:00:00,7.595326533499239
09-09 11:00:00,6.683156538181974
09-09 12:00:00,3.5118255112082393
09-09 13:00:00,2.001915168903072
09-09 14:00:00,1.8940398244771979
09-09 15:00:00,2.917354304654745
09-09 16:00:00,3.183696801431456
09-09 17:00:00,3.5517599451463178
09-09 18:00:00,7.769380786651682
09-09 19:00:00,8.127138894973072
09-09 20:00:00,11.597587346283762
09-09 21:00:00,12.313316714851744
09-09 22:00:00,17.147221801291927
09-09 23:00:00,20.53649068524299
09-10 00:00:00,22.47818279469415
09-10 01:00:00,25.088000349155646
09-10 02:00:00,25.40149461208763
09-10 03:00:00,26.38578105061923
09-10 04:00:00,28.044856479470837
09-10 05:00:00,29.1784810091031
09-10 06:00:00,29.137227872096187
09-10 07:00:00,20.703018492257385
09-10 08:00:00,13.5558771332981
09-10 09:00:00,7.402758573255273
09-10 10:00:00,4.708035353773749
09-10 11:00:00,2.786737808280558
09-10 12:00:00,2.9032177413386866
09-10 13:00:00,3.219341151027936
09-10 14:00:00,3.5026468161680278
09-10 15:00:00,3.5436377862457147
09-10 16:00:00,3.626012775608796
09-10 17:00:00,6.041566191837086
09-10 18:00:00,15.144183631645259
09-10 19:00:00,20.220894184126653
09-10 20:00:00,23.365853012107088
09-10 21:00:00,24.4688609920752
09-10 22:00:00,25.31227860169536
09-10 23:00:00,25.70517859439416
09-11 00:00:00,28.446811148948505
09-11 01:00:00,30.833899689710766
09-11 02:00:00,30.36807437021418
09-11 03:00:00,29.878629434228607
09-11 04:00:00,30.987244541060505
09-11 05:00:00,30.49647650059577
09-11 06:00:00,29.416593420660355
09-11 07:00:00,25.96271719672464
09-11 08:00:00,17.6693406695711
09-11 09:00:00,9.618447910049017
09-11 10:00:00,3.281022006446101
09-11 11:00:00,2.981493326319248
09-11 12:00:00,2.9032177413386866
09-11 13:00:00,2.6713688103789424
09-11 14:00:00,2.595068255897387
09-11 15:00:00,2.3690715459004736
09-11 16:00:00,2.63315757461875
09-11 17:00:00,3.143107156694877
09-11 18:00:00,10.751106935741014
09-11 19:00:00,12.832783171644166
09-11 20:00:00,13.494610354743687
09-11 21:00:00,12.450526127478733
09-11 22:00:00,16.27258596134977
09-11 23:00:00,17.416473669078897
09-12 00:00:00,20.932990717921108
09-12 01:00:00,24.55034322117029
09-12 02:00:00,27.27583173385014
09-12 03:00:00,30.633872617145357
09-12 04:00:00,31.513450696830205
09-12 05:00:00,31.006001469693786
09-12 06:00:00,28.95581081284262
09-12 07:00:00,25.637105446622122
09-12 08:00:00,21.48977422408315
09-12 09:00:00,13.913487715858206
09-12 10:00:00,8.643579957688146
09-12 11:00:00,5.2842289828479645
09-12 12:00:00,3.36019597089257
09-12 13:00:00,2.294697662609418
09-12 14:00:00,2.406437249151182
09-12 15:00:00,1.9658415569277035
09-12 16:00:00,2.1840251102249435
09-12 17:00:00,3.877224801124635
09-12 18:00:00,6.4638272861109805
09-12 19:00:00,8.781206675412493
09-12 20:00:00,13.201011839728213
09-12 21:00:00,17.70079259152862
09-12 22:00:00,21.293489434847253
09-12 23:00:00,22.682757724268093
09-13 00:00:00,25.328439840426537
09-13 01:00:00,26.434454324860848
09-13 02:00:00,26.74117665949846
09-13 03:00:00,28.00794790054867
09-13 04:00:00,29.602238507777358
09-13 05:00:00,31.214064360867006
09-13 06:00:00,30.869465907914364
09-13 07:00:00,24.353964016453464
09-13 08:00:00,16.787445757146813
09-13 09:00:00,9.890401882714315
09-13 10:00:00,2.957881843267907
09-13 11:00:00,1.9658415569277035
09-13 12:00:00,1.5765620927906825
09-13 13:00:00,1.8583109873766464
09-13 14:00:00,2.6713688103789424
09-13 15:00:00,2.406437249151182
09-13 16:00:00,2.6713688103789424
09-13 17:00:00,2.786737808280558
09-13 18:00:00,3.2793740607424655
09-13 19:00:00,3.090165138363769
09-13 20:00:00,2.8254405057739675
09-13 21:00:00,10.970780702186298
09-13 22:00:00,14.273168512056165
09-13 23:00:00,14.355437313579227
09-14 00:00:00,16.919779952501347
09-14 01:00:00,17.774699011627824
09-14 02:00:00,20.228901775263175
09-14 03:00:00,19.714504485600628
09-14 04:00:00,20.296108545407446
09-14 05:00:00,22.807198552836724
09-14 06:00:00,21.68602010530876
09-14 07:00:00,16.99968628735038
09-14 08:00:00,9.639213795063819
09-14 09:00:00,1.8527909090868009
09-14 10:00:00,1.6113871551378334
09-14 11:00:00,1.2681076506705893
09-14 12:00:00,0.9029966077048243
09-14 13:00:00,1.0673602693152098
09-14 14:00:00,1.100550512769845
09-14 15:00:00,1.7165341864248824
09-14 16:00:00,2.1108313089061315
09-14 17:00:00,2.406437249151182
09-14 18:00:00,2.63315757461875
09-14 19:00:00,2.557100476931003
09-14 20:00:00,2.634159839440356
09-14 21:00:00,5.368209398789215
09-14 22:00:00,5.840261549901434
09-14 23:00:00,4.209481478140215
09-15 00:00:00,6.624400827216352
09-15 01:00:00,9.235532121141704
09-15 02:00:00,11.906545750731699
09-15 03:00:00,12.721874553075303
09-15 04:00:00,12.107716929427081
09-15 05:00:00,12.59914986475293
09-15 06:00:00,12.548316505812174
09-15 07:00:00,11.115756302320452
09-15 08:00:00,8.915128222934872
09-15 09:00:00,7.180498551099573
09-15 10:00:00,1.9514781115979027
09-15 11:00:00,2.1840251102249435
09-15 12:00:00,2.257688743479049
09-15 13:00:00,2.038104424153631
09-15 14:00:00,2.3690715459004736
09-15 15:00:00,4.30161765051288
09-15 16:00:00,4.184391346481845
09-15 17:00:00,6.085756206162086
09-15 18:00:00,8.155786332629948
09-15 19:00:00,9.709363107084467
09-15 20:00:00,8.800872293454594
09-15 21:00:00,12.19862012383473
09-15 22:00:00,13.860849096215151
09-15 23:00:00,15.853657010015613
09-16 00:00:00,14.961697840607057
09-16 01:00:00,15.962306892837578
09-16 02:00:00,15.459174321091936
09-16 03:00:00,16.210341158341464
09-16 04:00:00,16.787388518081798
09-16 05:00:00,15.912981016566562
09-16 06:00:00,16.883448751696804
09-16 07:00:00,14.289961011448788
09-16 08:00:00,10.37935842864821
09-16 09:00:00,11.420302620827684
09-16 10:00:00,8.206494088149856
09-16 11:00:00,4.927779158256031
09-16 12:00:00,3.834261887140012
09-16 13:00:00,5.682572144837113
09-16 14:00:00,7.198241302612691
09-16 15:00:00,11.061798019974814
09-16 16:00:00,14.451209206145787
09-16 17:00:00,18.46474904146867
09-16 18:00:00,19.042087612078834
09-16 19:00:00,20.72493177271099
09-16 20:00:00,21.815707989732037
09-16 21:00:00,24.23088672667258
09-16 22:00:00,24.45854623157076
09-16 23:00:00,25.660933261902606
09-17 00:00:00,27.334199346608266
09-17 01:00:00,28.722117921093627
09-17 02:00:00,31.01630314834662
09-17 03:00:00,32.218189449900805
09-17 04:00:00,31.910189810199732
09-17 05:00:00,33.096976974117695
09-17 06:00:00,34.192495477718836
09-17 07:00:00,28.98876548000451
09-17 08:00:00,23.33378423098889
09-17 09:00:00,18.737931780735707
09-17 10:00:00,16.558265040428456
09-17 11:00:00,11.582294063333345
09-17 12:00:00,8.949160733282978
09-17 13:00:00,5.792063943298959
09-17 14:00:00,3.750563934048891
09-17 15:00:00,4.258657387625567
09-17 16:00:00,6.857750914304484
09-17 17:00:00,13.858413984776636
09-17 18:00:00,16.814856645000216
09-17 19:00:00,20.246923163877366
09-17 20:00:00,23.499747469354688
09-17 21:00:00,25.080609142987115
09-17 22:00:00,28.253269953756394
09-17 23:00:00,32.096676951418274
09-18 00:00:00,35.31683267397678
09-18 01:00:00,38.136065257050596
09-18 02:00:00,41.1509800611779
09-18 03:00:00,43.41067206950263
09-18 04:00:00,44.56621317971371
09-18 05:00:00,46.83361432758072
09-18 06:00:00,46.911778770450745
09-18 07:00:00,40.60325369899647
09-18 08:00:00,35.22430524872241
09-18 09:00:00,31.453950779516482
09-18 10:00:00,22.697472495338655
09-18 11:00:00,14.31201475277765
09-18 12:00:00,5.776620733298348
09-18 13:00:00,2.9422930474824884
09-18 14:00:00,3.626012775608796
09-18 15:00:00,4.135530712593752
09-18 16:00:00,5.466455274238142
09-18 17:00:00,14.147660144475058
09-18 18:00:00,17.05788457709006
09-18 19:00:00,20.593199195267015
09-18 20:00:00,21.659733384634393
09-18 21:00:00,23.343274749467604
09-18 22:00:00,31.634243476050155
09-18 23:00:00,35.45590705153365
09-19 00:00:00,36.733880754364534
09-19 01:00:00,36.98298993711307
09-19 02:00:00,39.701569251747365
09-19 03:00:00,41.82814094361305
09-19 04:00:00,43.20339550238847
09-19 05:00:00,43.20339550238847
09-19 06:00:00,41.5888853121931
09-19 07:00:00,41.50035189962952
09-19 08:00:00,40.120111228340605
09-19 09:00:00,42.54752016514748
09-19 10:00:00,41.654301285329566
09-19 11:00:00,41.420067299625536
09-19 12:00:00,42.97969295577828
09-19 13:00:00,45.63809707966132
09-19 14:00:00,49.13577652484571
09-19 15:00:00,49.56630469980627
09-19 16:00:00,50.87165166218737
09-19 17:00:00,54.93205265517284
09-19 18:00:00,56.749337081631765
09-19 19:00:00,56.75395402668883
09-19 20:00:00,56.03087069043808
09-19 21:00:00,56.45373833798662
09-19 22:00:00,56.751360528834354
09-19 23:00:00,56.087470401304216
09-20 00:00:00,56.11646769525693
09-20 01:00:00,56.14555766057812
09-20 02:00:00,56.682858782822905
09-20 03:00:00,56.04238390737842
09-20 04:00:00,55.37485740057312
09-20 05:00:00,55.37485740057312
09-20 06:00:00,55.2946781228495
09-20 07:00:00,53.988638345867365
09-20 08:00:00,50.6546144433445
09-20 09:00:00,45.357294017800896
09-20 10:00:00,39.712944946942976
09-20 11:00:00,35.713324353521706
09-20 12:00:00,30.498434782261135
09-20 13:00:00,28.231626384452838
09-20 14:00:00,28.231093060687744
09-20 15:00:00,29.756844427790075
09-20 16:00:00,31.79078162340528
09-20 17:00:00,34.74458573409064
09-20 18:00:00,37.47605763366611
09-20 19:00:00,38.976012641527554
09-20 20:00:00,38.74660807328294
09-20 21:00:00,39.822018909630984
09-20 22:00:00,41.969823673556576
09-20 23:00:00,41.43166426618239
09-21 00:00:00,41.87719476045447
09-21 01:00:00,42.87916006168635
09-21 02:00:00,42.869552307695244
09-21 03:00:00,42.86315101473198
09-21 04:00:00,46.44145397734488
09-21 05:00:00,47.76667352521575
09-21 06:00:00,50.31001229670005
09-21 07:00:00,48.31940958416151
09-21 08:00:00,40.539387791357676
09-21 09:00:00,32.51329641634332
09-21 10:00:00,25.620182574066668
09-21 11:00:00,20.36158268482115
09-21 12:00:00,16.95236026555714
09-21 13:00:00,12.879516071666842
09-21 14:00:00,13.538179851983735
09-21 15:00:00,14.018222978030735
09-21 16:00:00,16.478528562659168
09-21 17:00:00,23.62003187741204
09-21 18:00:00,29.150647417904533
09-21 19:00:00,29.579548740872564
09-21 20:00:00,32.17602010518062
09-21 21:00:00,36.11802917980424
09-21 22:00:00,40.75440670327838
09-21 23:00:00,44.47282812962685
09-22 00:00:00,51.89277060461666
09-22 01:00:00,55.09591955705624
09-22 02:00:00,57.73489263898564
09-22 03:00:00,59.24397184848182
09-22 04:00:00,61.63981793540471
09-22 05:00:00,62.89954305110477
09-22 06:00:00,60.70125259415809
09-22 07:00:00,56.153138406387086
09-22 08:00:00,51.32690953625679
09-22 09:00:00,43.977808937966756
09-22 10:00:00,36.630260577261865
09-22 11:00:00,30.872593251616262
09-22 12:00:00,27.829339488468115
09-22 13:00:00,23.223380974612034
09-22 14:00:00,20.091471687661404
09-22 15:00:00,19.39885674818181
09-22 16:00:00,21.704941499979157
09-22 17:00:00,26.33383459611334
09-22 18:00:00,28.352195967853767
09-22 19:00:00,34.85280261593754
09-22 20:00:00,39.660795574931456
09-22 21:00:00,45.91467574299515
09-22 22:00:00,48.38901386978441
09-22 23:00:00,52.989996280342694
09-23 00:00:00,54.12313957065385
09-23 01:00:00,56.41933732954509
09-23 02:00:00,57.188890834572106
09-23 03:00:00,60.06740982571908
09-23 04:00:00,59.646776419076076
09-23 05:00:00,59.29331790581857
09-23 06:00:00,56.82562268760568
09-23 07:00:00,55.559179776179626
09-23 08:00:00,44.97831521241117
09-23 09:00:00,37.21744928277521
09-23 10:00:00,34.138072522321565
09-23 11:00:00,31.032059472868657
09-23 12:00:00,24.534245323156625
09-23 13:00:00,18.760931878598452
09-23 14:00:00,14.706759741387609
09-23 15:00:00,11.78394095323732
09-23 16:00:00,14.928151481299734
09-23 17:00:00,18.74351952930507
09-23 18:00:00,20.92567220551443
09-23 19:00:00,22.68922397994559
09-23 20:00:00,29.814849928408428
09-23 21:00:00,33.363758232242084
09-23 22:00:00,36.915046927993586
09-23 23:00:00,38.40168785973232
09-24 00:00:00,41.568327975274876
09-24 01:00:00,45.13588906187067
09-24 02:00:00,46.07851427510566
09-24 03:00:00,46.67337952256723
09-24 04:00:00,46.52684629367378
09-24 05:00:00,47.36187863812043
09-24 06:00:00,45.697806829408776
09-24 07:00:00,46.03118681490501
09-24 08:00:00,37.87102434252711
09-24 09:00:00,26.01178778363352
09-24 10:00:00,14.594872185323187
09-24 11:00:00,6.35428296107475
09-24 12:00:00,2.074409683531322
09-24 13:00:00,2.001915168903072
09-24 14:00:00,2.038104424153631
09-24 15:00:00,2.491572851110874
09-24 16:00:00,4.995612031928548
09-24 17:00:00,7.705849289564698
09-24 18:00:00,10.010186251321246
09-24 19:00:00,14.66521558435786
09-24 20:00:00,24.193182434633204
09-24 21:00:00,26.877522817359555
09-24 22:00:00,28.91180500729228
09-24 23:00:00,33.57162534607396
09-25 00:00:00,33.228521801690476
09-25 01:00:00,32.96101182140096
09-25 02:00:00,36.83636136544729
09-25 03:00:00,39.610186105478924
09-25 04:00:00,39.707534299531076
09-25 05:00:00,39.79564368128328
09-25 06:00:00,41.64797255584265
09-25 07:00:00,36.749861502071994
09-25 08:00:00,28.850462621611676
09-25 09:00:00,19.73647557701289
09-25 10:00:00,10.384027320282566
09-25 11:00:00,5.781735389075249
09-25 12:00:00,1.3358862278295207
09-25 13:00:00,1.001298289407687
09-25 14:00:00,1.2007622669486346
09-25 15:00:00,1.5470441027309425
09-25 16:00:00,1.9156347076827693
09-25 17:00:00,3.370240787700363
09-25 18:00:00,5.988711521568109
09-25 19:00:00,7.15340538390047
09-25 20:00:00,8.24699650655895
09-25 21:00:00,10.62192405890709
09-25 22:00:00,13.144756471550018
09-25 23:00:00,14.914520206947286
09-26 00:00:00,14.178577034967494
09-26 01:00:00,14.912006261081228
09-26 02:00:00,17.429293066355847
09-26 03:00:00,20.233064428032442
09-26 04:00:00,24.328042494693673
09-26 05:00:00,25.92155094257577
09-26 06:00:00,26.966169341240487
09-26 07:00:00,21.692944161803247
09-26 08:00:00,15.056966126625214
09-26 09:00:00,12.666170425714753
09-26 10:00:00,11.417236674400844
09-26 11:00:00,8.928845097782023
09-26 12:00:00,11.989300405997545
09-26 13:00:00,9.643439953697762
09-26 14:00:00,4.866531253683059
09-26 15:00:00,5.270855066412494
09-26 16:00:00,9.86461206549272
09-26 17:00:00,13.1136915245958
09-26 18:00:00,14.304114957361978
09-26 19:00:00,18.63176052759871
09-26 20:00:00,24.13630912014262
09-26 21:00:00,31.994036058768856
09-26 22:00:00,29.95823398691053
09-26 23:00:00,35.156464820066745
09-27 00:00:00,36.862624556541284
09-27 01:00:00,36.53658752174765
09-27 02:00:00,35.566157445195216
09-27 03:00:00,34.980236689793884
09-27 04:00:00,35.379090941753105
09-27 05:00:00,38.06473358552806
09-27 06:00:00,38.64303374111037
09-27 07:00:00,35.493915551784134
09-27 08:00:00,27.29195525122887
09-27 09:00:00,17.54837516134927
09-27 10:00:00,10.530112869507212
09-27 11:00:00,5.6699357123365814
09-27 12:00:00,3.179382879961091
09-27 13:00:00,2.981493326319248
09-27 14:00:00,3.5436377862457147
09-27 15:00:00,3.876311240841689
09-27 16:00:00,3.9849830528862107
09-27 17:00:00,7.395417221229917
09-27 18:00:00,9.090167033678073
09-27 19:00:00,15.01819903516462
09-27 20:00:00,19.21614302766514
09-27 21:00:00,19.94605423964199
09-27 22:00:00,23.65489501740928
09-27 23:00:00,23.818017895227705
09-28 00:00:00,26.389034123267212
09-28 01:00:00,25.041754259495914
09-28 02:00:00,26.556022431199604
09-28 03:00:00,34.41671454251785
09-28 04:00:00,36.7943855449856
09-28 05:00:00,37.92715401576094
09-28 06:00:00,39.113679954195625
09-28 07:00:00,39.17870300891488
09-28 08:00:00,37.034726382168046
09-28 09:00:00,35.408614584004425
09-28 10:00:00,32.91697660912793
09-28 11:00:00,30.47858128289652
09-28 12:00:00,27.189720364033494
09-28 13:00:00,24.269906735439157
09-28 14:00:00,21.711238544306
09-28 15:00:00,21.191225556776867
09-28 16:00:00,22.749859632820034
09-28 17:00:00,26.03348390169891
09-28 18:00:00,27.26445077432573
09-28 19:00:00,28.0994435195543
09-28 20:00:00,29.20305143640301
09-28 21:00:00,30.057758436712753
09-28 22:00:00,32.682776929480994
09-28 23:00:00,34.86778977781719
09-29 00:00:00,32.53137368433267
09-29 01:00:00,33.38957245196292
09-29 02:00:00,35.63739005831013
09-29 03:00:00,37.284858486206865
09-29 04:00:00,40.61666745358731
09-29 05:00:00,40.40865905381783
09-29 06:00:00,41.032664368199505
09-29 07:00:00,41.75682682991115
09-29 08:00:00,40.51489151497839
09-29 09:00:00,35.22757981589526
09-29 10:00:00,26.04990484772418
09-29 11:00:00,22.012985288382687
09-29 12:00:00,19.119754740400353
09-29 13:00:00,19.21302898585223
09-29 14:00:00,13.495303856730956
09-29 15:00:00,15.937713920905505
09-29 16:00:00,25.28366470190199
09-29 17:00:00,31.371643585953894
09-29 18:00:00,37.06253325256721
09-29 19:00:00,46.94375729138409
09-29 20:00:00,50.32213649861707
09-29 21:00:00,53.40565998417012
09-29 22:00:00,53.82518530750837
09-29 23:00:00,56.795717708312694
09-30 00:00:00,58.566098414113
09-30 01:00:00,62.65564729947643
09-30 02:00:00,62.712595022460974
09-30 03:00:00,63.00330778771364
09-30 04:00:00,61.347699490164864
09-30 05:00:00,63.495551801260895
09-30 06:00:00,64.62613370361447
09-30 07:00:00,64.66050422809339
09-30 08:00:00,55.331586397902704
09-30 09:00:00,47.95967327110549
09-30 10:00:00,39.48527388140935
09-30 11:00:00,36.124839612102576
09-30 12:00:00,31.593014160636542
09-30 13:00:00,27.042160315985534
09-30 14:00:00,25.171553081431604
09-30 15:00:00,26.917442509306078
09-30 16:00:00,36.896959100404004
09-30 17:00:00,40.13561892087942
09-30 18:00:00,42.90670767030124
09-30 19:00:00,47.7275096668625
09-30 20:00:00,48.90939708821142
09-30 21:00:00,54.36045007560046
09-30 22:00:00,59.860369675194
09-30 23:00:00,59.42859627498618
10-01 00:00:00,58.89136496782902
10-01 01:00:00,62.3856971078758
10-01 02:00:00,65.22228087080308
10-01 03:00:00,65.56357553187571
10-01 04:00:00,69.31226407880258
10-01 05:00:00,70.84802022056465
10-01 06:00:00,69.89567600893821
10-01 07:00:00,62.91683189677219
10-01 08:00:00,50.679483657994474
10-01 09:00:00,43.229487178377575
10-01 10:00:00,33.8461870575566
10-01 11:00:00,25.686653717964674
10-01 12:00:00,18.766709857191632
10-01 13:00:00,13.47212930707672
10-01 14:00:00,10.346770842587809
10-01 15:00:00,12.686242242203829
10-01 16:00:00,18.38796804632981
10-01 17:00:00,21.10405366931228
10-01 18:00:00,24.089300174918147
10-01 19:00:00,34.29475666958979
10-01 20:00:00,35.18667757489725
10-01 21:00:00,35.60206651715858
10-01 22:00:00,37.30564119393325
10-01 23:00:00,37.636203917562426
10-02 00:00:00,39.73947955752301
10-02 01:00:00,40.8460919060807
10-02 02:00:00,40.56249560319033
10-02 03:00:00,38.942881297228396
10-02 04:00:00,39.594026087859376
10-02 05:00:00,42.98628900801474
10-02 06:00:00,43.66597050184535
10-02 07:00:00,38.7766330689834
10-02 08:00:00,35.16457284288151
10-02 09:00:00,28.642047941347087
10-02 10:00:00,17.650625225329602
10-02 11:00:00,6.31198967347048
10-02 12:00:00,2.769753430539017
10-02 13:00:00,2.8642670222882125
10-02 14:00:00,3.208519682682823
10-02 15:00:00,3.2594271232405294
10-02 16:00:00,7.790340373771323
10-02 17:00:00,9.234025111485535
10-02 18:00:00,16.049453619265833
10-02 19:00:00,22.221394138098244
10-02 20:00:00,21.350855545626167
10-02 21:00:00,20.77743436045009
10-02 22:00:00,17.634377501867387
10-02 23:00:00,18.55267496130508
10-03 00:00:00,17.63536662832661
10-03 01:00:00,16.229363613148344
10-03 02:00:00,27.543995885392217
10-03 03:00:00,27.543995885392217
10-03 04:00:00,29.010408911569435
10-03 05:00:00,27.419047231643546
10-03 06:00:00,30.051942165960973
10-03 07:00:00,27.810248561248805
10-03 08:00:00,22.40983743674841
10-03 09:00:00,18.46447871520975
10-03 10:00:00,8.873853213038647
10-03 11:00:00,5.733361447241772
10-03 12:00:00,2.7481585473334453
10-03 13:00:00,2.981493326319248
10-03 14:00:00,2.981493326319248
10-03 15:00:00,3.020818964491936
10-03 16:00:00,3.8209609840719776
10-03 17:00:00,7.471175590244363
10-03 18:00:00,14.761300104019103
10-03 19:00:00,20.399311806044018
10-03 20:00:00,23.055617240202217
10-03 21:00:00,27.039729490277566
10-03 22:00:00,38.63536106379532
10-03 23:00:00,44.6981491057441
10-04 00:00:00,46.80857464398733
10-04 01:00:00,46.76113064236195
10-04 02:00:00,46.44378403328189
10-04 03:00:00,48.18690892010868
10-04 04:00:00,49.28562081633047
10-04 05:00:00,55.977316952781734
10-04 06:00:00,57.21410279803938
10-04 07:00:00,57.699138741342516
10-04 08:00:00,55.39099156656417
10-04 09:00:00,54.21672907201918
10-04 10:00:00,52.918574817154465
10-04 11:00:00,50.587187362195905
10-04 12:00:00,47.44960452142344
10-04 13:00:00,41.3005118742355
10-04 14:00:00,39.556843998292464
10-04 15:00:00,38.32888396234905
10-04 16:00:00,41.429424384867566
10-04 17:00:00,42.70449701804877
10-04 18:00:00,44.21608987412094
10-04 19:00:00,42.80128033826391
10-04 20:00:00,43.178981815938855
10-04 21:00:00,43.00058790284501
10-04 22:00:00,45.934462624406855
10-04 23:00:00,47.164867389170766
10-05 00:00:00,47.84335440496653
10-05 01:00:00,48.0037273193561
10-05 02:00:00,48.6477237637247
10-05 03:00:00,49.695739498339336
10-05 04:00:00,51.451340994125076
10-05 05:00:00,52.36084790459098
10-05 06:00:00,52.33945544387589
10-05 07:00:00,50.4841974188745
10-05 08:00:00,48.09344215050473
10-05 09:00:00,45.601369499863665
10-05 10:00:00,43.67263161178492
10-05 11:00:00,41.02804461907171
10-05 12:00:00,40.776666472594364
10-05 13:00:00,41.22530693652132
10-05 14:00:00,42.52053442853985
10-05 15:00:00,40.388824855505625
10-05 16:00:00,41.45645370670667
10-05 17:00:00,43.35889272436184
10-05 18:00:00,45.98179148067574
10-05 19:00:00,45.501807679580196
10-05 20:00:00,46.009432495713014
10-05 21:00:00,47.2816338112598
10-05 22:00:00,54.9241310663366
10-05 23:00:00,53.54835238569379
10-06 00:00:00,53.53544618240968
10-06 01:00:00,54.94964538153771
10-06 02:00:00,57.566584793743964
10-06 03:00:00,61.204740188866865
10-06 04:00:00,61.46840593343864
10-06 05:00:00,60.990830844759216
10-06 06:00:00,63.297162886680496
10-06 07:00:00,65.11552333063833
10-06 08:00:00,69.42442545705589
10-06 09:00:00,64.80032430034201
10-06 10:00:00,58.26704148068145
10-06 11:00:00,49.44355157024065
10-06 12:00:00,57.32654080262867
10-06 13:00:00,54.19322945204805
10-06 14:00:00,64.26765162333002
10-06 15:00:00,60.92457764766951
10-06 16:00:00,65.110320387031
10-06 17:00:00,64.65100236462426
10-06 18:00:00,65.29068773485194
10-06 19:00:00,65.4101795804416
10-06 20:00:00,67.03987833223711
10-06 21:00:00,67.74453614389273
10-06 22:00:00,68.98214063414827
10-06 23:00:00,71.03460315336653
10-07 00:00:00,74.31399502447508
10-07 01:00:00,72.95471215679846
10-07 02:00:00,72.95471215679846
10-07 03:00:00,71.78655042897098
10-07 04:00:00,72.45191757624642
10-07 05:00:00,72.38901432390197
10-07 06:00:00,73.80323178923192
10-07 07:00:00,71.78299785721667
10-07 08:00:00,64.7433734106328
10-07 09:00:00,62.63157997422728
10-07 10:00:00,57.88686792557607
10-07 11:00:00,53.55825966481153
10-07 12:00:00,51.87872061728183
10-07 13:00:00,50.037198630989785
10-07 14:00:00,46.727954702424896
10-07 15:00:00,49.099376884684766
10-07 16:00:00,52.01648605710466
10-07 17:00:00,52.24132910285224
10-07 18:00:00,53.09979577677092
10-07 19:00:00,53.8202978578654
10-07 20:00:00,57.04152323762048
10-07 21:00:00,64.4334378033428
10-07 22:00:00,66.33091135925298
10-07 23:00:00,68.9141927722348
10-08 00:00:00,71.64153363371251
10-08 01:00:00,73.94792223664189
10-08 02:00:00,74.06824969063234
10-08 03:00:00,75.61589453674068
10-08 04:00:00,77.78561277740957
10-08 05:00:00,76.40346275456238
10-08 06:00:00,75.2154011573044
10-08 07:00:00,72.80451911483854
10-08 08:00:00,63.269220425244484
10-08 09:00:00,56.33138053717174
10-08 10:00:00,50.73968433015947
10-08 11:00:00,44.9454287898791
10-08 12:00:00,40.026067057434
10-08 13:00:00,35.00329969857289
10-08 14:00:00,32.2016243959005
10-08 15:00:00,36.682080249175904
10-08 16:00:00,38.58482510442409
10-08 17:00:00,39.35294071423809
10-08 18:00:00,38.14179732597525
10-08 19:00:00,40.528176336407114
10-08 20:00:00,46.706137806689554
10-08 21:00:00,50.199157814988666
10-08 22:00:00,51.50748042972443
10-08 23:00:00,55.26322047187496
10-09 00:00:00,61.54997284034695
10-09 01:00:00,67.11816328231303
10-09 02:00:00,67.68727435958147
10-09 03:00:00,66.60418050426696
10-09 04:00:00,64.73619513778566
10-09 05:00:00,64.20386986021349
10-09 06:00:00,62.003357509979566
10-09 07:00:00,60.34644749404789
10-09 08:00:00,57.905339089232065
10-09 09:00:00,57.38377966406908
10-09 10:00:00,55.86045033530333
10-09 11:00:00,53.56565300127783
10-09 12:00:00,52.360316139863734
10-09 13:00:00,51.04838361979964
10-09 14:00:00,50.34328541732033
10-09 15:00:00,48.48841142690635
10-09 16:00:00,50.12898282813196
10-09 17:00:00,52.117794077048174
10-09 18:00:00,57.72207688099624
10-09 19:00:00,60.139210581143644
10-09 20:00:00,60.0966669777657
10-09 21:00:00,64.5507130816786
10-09 22:00:00,69.96324451463248
10-09 23:00:00,76.35797773188725
10-10 00:00:00,79.0551235368055
10-10 01:00:00,81.59942220872533
10-10 02:00:00,81.90442817622248
10-10 03:00:00,79.44748358344302
10-10 04:00:00,78.48556174147876
10-10 05:00:00,78.58563707170353
10-10 06:00:00,78.97902504804884
10-10 07:00:00,79.34277857197986
10-10 08:00:00,75.57502986376119
10-10 09:00:00,72.15332645458543
10-10 10:00:00,67.52788085078669
10-10 11:00:00,64.08326085583528
10-10 12:00:00,62.25355991202338
10-10 13:00:00,59.69237566609881
10-10 14:00:00,55.45529092670499
10-10 15:00:00,56.062831923606524
10-10 16:00:00,65.83086178104114
10-10 17:00:00,69.66380810582095
10-10 18:00:00,72.21484996565886
10-10 19:00:00,76.94679635156814
10-10 20:00:00,86.20917430704728
10-10 21:00:00,87.27781934785723
10-10 22:00:00,94.0348093765459
10-10 23:00:00,96.37757743589415
10-11 00:00:00,100.22934040988005
10-11 01:00:00,102.96450017800494
10-11 02:00:00,103.7341279370541
10-11 03:00:00,105.12389343514386
10-11 04:00:00,105.68294409491223
10-11 05:00:00,107.8348428619683
10-11 06:00:00,112.81712693422776
10-11 07:00:00,107.04866496504785
10-11 08:00:00,95.64010611081659
10-11 09:00:00,82.61906104439993
10-11 10:00:00,75.87254182518281
10-11 11:00:00,65.59445771474859
10-11 12:00:00,60.26137416552791
10-11 13:00:00,54.4529553224109
10-11 14:00:00,51.10988185871393
10-11 15:00:00,53.44805148544249
10-11 16:00:00,59.5556887784749
10-11 17:00:00,63.345904469562
10-11 18:00:00,63.28836302775203
10-11 19:00:00,70.7357015329005
10-11 20:00:00,70.28177947543008
10-11 21:00:00,73.84277137015506
10-11 22:00:00,74.03146834614427
10-11 23:00:00,82.11741477492367
10-12 00:00:00,86.72075144302308
10-12 01:00:00,88.73900341033499
10-12 02:00:00,92.15820096957964
10-12 03:00:00,94.55295515027682
10-12 04:00:00,93.60624951654174
10-12 05:00:00,94.71345848411008
10-12 06:00:00,94.81939609422236
10-12 07:00:00,90.68050287062162
10-12 08:00:00,85.38975665741381
10-12 09:00:00,83.87491266444768
10-12 10:00:00,77.46189306245209
10-12 11:00:00,70.89500479273349
10-12 12:00:00,67.04260468266989
10-12 13:00:00,64.25332647439328
10-12 14:00:00,61.99864236758382
10-12 15:00:00,60.45693791604644
10-12 16:00:00,63.28955878661455
10-12 17:00:00,66.965828828281
10-12 18:00:00,69.34632440660323
10-12 19:00:00,71.97111067071677
10-12 20:00:00,72.00281333228058
10-12 21:00:00,73.21067031376643
10-12 22:00:00,74.59274697920443
10-12 23:00:00,75.9660899278617
10-13 00:00:00,76.82301493155737
10-13 01:00:00,76.88250455615642
10-13 02:00:00,78.1778246202664
10-13 03:00:00,78.76090899967197
10-13 04:00:00,79.06491698043257
10-13 05:00:00,80.33972577317206
10-13 06:00:00,79.98968628142666
10-13 07:00:00,81.32067185576582
10-13 08:00:00,80.13069354716728
10-13 09:00:00,75.31119117178494
10-13 10:00:00,70.07725821677461
10-13 11:00:00,67.70961481926238
10-13 12:00:00,58.11794701523549
10-13 13:00:00,53.28523431352149
10-13 14:00:00,55.25067145715393
10-13 15:00:00,59.62377831701967
10-13 16:00:00,65.4608744628635
10-13 17:00:00,70.09488926191965
10-13 18:00:00,77.44791090613592
10-13 19:00:00,80.04982070344282
10-13 20:00:00,91.25635897280728
10-13 21:00:00,91.06932093669106
10-13 22:00:00,98.52376484955104
10-13 23:00:00,101.10074719051582
10-14 00:00:00,101.86341460521353
10-14 01:00:00,109.1592082407168
10-14 02:00:00,111.12231616516945
10-14 03:00:00,111.88978633112504
10-14 04:00:00,111.88978633112504
10-14 05:00:00,114.16301663601345
10-14 06:00:00,115.94019009539551
10-14 07:00:00,111.17291610283861
10-14 08:00:00,99.7480398757811
10-14 09:00:00,88.67746335997077
10-14 10:00:00,76.25640477580559
10-14 11:00:00,64.73997137337722
10-14 12:00:00,56.061596414018155
10-14 13:00:00,51.26895216851126
10-14 14:00:00,48.84672534955378
10-14 15:00:00,55.50773783839553
10-14 16:00:00,60.126855517304335
10-14 17:00:00,61.729037972069065
10-14 18:00:00,67.11897996378511
10-14 19:00:00,74.84309263920609
10-14 20:00:00,81.71838233880635
10-14 21:00:00,84.44265711709048
10-14 22:00:00,84.42021560038432
10-14 23:00:00,88.11944101732935
10-15 00:00:00,90.31951639416454
10-15 01:00:00,90.09922170417106
10-15 02:00:00,96.65679336742411
10-15 03:00:00,100.19604239907798
10-15 04:00:00,97.62124318261745
10-15 05:00:00,107.20448725209604
10-15 06:00:00,104.57947617247947
10-15 07:00:00,101.42403297267938
10-15 08:00:00,86.65422367717349
10-15 09:00:00,74.64492677239602
10-15 10:00:00,60.93545380707579
10-15 11:00:00,49.39684158908081
10-15 12:00:00,40.712172698638476
10-15 13:00:00,36.94550382836944
10-15 14:00:00,36.62314877078569
10-15 15:00:00,39.10587899152568
10-15 16:00:00,46.305369192607415
10-15 17:00:00,49.03554674886908
10-15 18:00:00,47.46147715221074
10-15 19:00:00,58.37543744597503
10-15 20:00:00,61.0146185257517
10-15 21:00:00,62.02351325295756
10-15 22:00:00,67.74629407387349
10-15 23:00:00,72.06986744650072
10-16 00:00:00,75.36803645661888
10-16 01:00:00,78.67090800095286
10-16 02:00:00,82.74209061089591
10-16 03:00:00,85.20926663108241
10-16 04:00:00,86.7573077342749
10-16 05:00:00,88.08262192847556
10-16 06:00:00,91.44245484061526
10-16 07:00:00,87.31255545554214
10-16 08:00:00,78.28179853470883
10-16 09:00:00,75.2655683075528
10-16 10:00:00,64.74140980540123
10-16 11:00:00,54.9410675462903
10-16 12:00:00,50.86120348127176
10-16 13:00:00,47.1327173656275
10-16 14:00:00,43.88351946564521
10-16 15:00:00,46.70389138517251
10-16 16:00:00,55.90983743424179
10-16 17:00:00,56.72683802352381
10-16 18:00:00,57.487259039653225
10-16 19:00:00,61.40538063804103
10-16 20:00:00,67.97512150002783
10-16 21:00:00,72.7862479213991
10-16 22:00:00,77.17494573271415
10-16 23:00:00,76.12339383011349
10-17 00:00:00,77.02379921247099
10-17 01:00:00,79.85761984518491
10-17 02:00:00,83.72518720641852
10-17 03:00:00,87.1089336011548
10-17 04:00:00,87.19578232285801
10-17 05:00:00,89.29118231419938
10-17 06:00:00,94.08825891822508
10-17 07:00:00,92.6879544832342
10-17 08:00:00,87.38636408240228
10-17 09:00:00,76.23775750032804
10-17 10:00:00,66.95244152896028
10-17 11:00:00,54.31795843605996
10-17 12:00:00,45.47559255702261
10-17 13:00:00,39.72606862756952
10-17 14:00:00,39.19383693394624
10-17 15:00:00,42.351696512847354
10-17 16:00:00,47.25529995309584
10-17 17:00:00,50.053956350069
10-17 18:00:00,55.074394866516286
10-17 19:00:00,62.30997870404765
10-17 20:00:00,66.57504718027418
10-17 21:00:00,70.03574220067597
10-17 22:00:00,73.74476306719158
10-17 23:00:00,75.05432143869535
10-18 00:00:00,77.05277540541474
10-18 01:00:00,77.10721135658768
10-18 02:00:00,77.95670169502165
10-18 03:00:00,80.15707040098724
10-18 04:00:00,80.80737572703555
10-18 05:00:00,81.35325780317645
10-18 06:00:00,82.60937318372126
10-18 07:00:00,81.77214218670139
10-18 08:00:00,72.4807734600459
10-18 09:00:00,60.28713380152909
10-18 10:00:00,49.97552654181645
10-18 11:00:00,39.33610567423597
10-18 12:00:00,32.306594491868225
10-18 13:00:00,28.803324130046228
10-18 14:00:00,29.233875585971695
10-18 15:00:00,31.08427512545726
10-18 16:00:00,36.929253755236765
10-18 17:00:00,40.75591303307454
10-18 18:00:00,51.357857687920166
10-18 19:00:00,55.52679194088786
10-18 20:00:00,58.51705587286746
10-18 21:00:00,57.18075964911251
10-18 22:00:00,62.31965094637765
10-18 23:00:00,64.04160634961914
10-19 00:00:00,69.22960109437743
10-19 01:00:00,69.89464355714888
10-19 02:00:00,69.90988781301971
10-19 03:00:00,67.71677796171252
10-19 04:00:00,68.03011390161647
10-19 05:00:00,65.63712707476941
10-19 06:00:00,65.07138693353295
10-19 07:00:00,64.89527746663387
10-19 08:00:00,61.74235236994589
10-19 09:00:00,55.871993323113536
10-19 10:00:00,45.96768115464671
10-19 11:00:00,40.00843144565359
10-19 12:00:00,33.70215093571057
10-19 13:00:00,27.935702057037254
10-19 14:00:00,26.41567974399806
10-19 15:00:00,26.964944549337964
10-19 16:00:00,29.158805155861756
10-19 17:00:00,33.91500541088628
10-19 18:00:00,37.88952010258653
10-19 19:00:00,40.308806433115976
10-19 20:00:00,38.268794983314436
10-19 21:00:00,46.5929561327993
10-19 22:00:00,47.11584817931826
10-19 23:00:00,49.69057688002182
10-20 00:00:00,52.084009753783945
10-20 01:00:00,55.9216683979061
10-20 02:00:00,56.84907541442985
10-20 03:00:00,60.69235589955362
10-20 04:00:00,64.70937043709421
10-20 05:00:00,64.08979547811029
10-20 06:00:00,66.07243348331386
10-20 07:00:00,60.84356346982257
10-20 08:00:00,55.54627929603623
10-20 09:00:00,40.55286814094749
10-20 10:00:00,27.581201094997123
10-20 11:00:00,20.32763042284682
10-20 12:00:00,18.47982562423867
10-20 13:00:00,15.777190644304952
10-20 14:00:00,18.604774277987342
10-20 15:00:00,21.321633969467392
10-20 16:00:00,23.139722331174028
10-20 17:00:00,28.944491696997684
10-20 18:00:00,36.7888984571413
10-20 19:00:00,37.596431518832595
10-20 20:00:00,40.82948147944546
10-20 21:00:00,41.487270599114424
10-20 22:00:00,40.444607006939556
10-20 23:00:00,41.929743047983855
10-21 00:00:00,38.9774774269774
10-21 01:00:00,34.09689807582191
10-21 02:00:00,37.91158282760014
10-21 03:00:00,33.369076372519395
10-21 04:00:00,37.32172746475001
10-21 05:00:00,43.22805369308607
10-21 06:00:00,45.767723904799126
10-21 07:00:00,49.08791795958872
10-21 08:00:00,46.78985898010849
10-21 09:00:00,50.059300550506535
10-21 10:00:00,47.17136599016089
10-21 11:00:00,43.12410392140959
10-21 12:00:00,37.53593945216536
10-21 13:00:00,35.79320873885551
10-21 14:00:00,31.968513956320685
10-21 15:00:00,34.50602291726757
10-21 16:00:00,46.081660956592216
10-21 17:00:00,50.92900210206136
10-21 18:00:00,54.899297604790036
10-21 19:00:00,59.33079651128303
10-21 20:00:00,60.10392684305994
10-21 21:00:00,60.443930590953016
10-21 22:00:00,64.8368530353433
10-21 23:00:00,67.39626566117208
10-22 00:00:00,58.163137667136766
10-22 01:00:00,65.27809528114238
10-22 02:00:00,69.73271547105662
10-22 03:00:00,68.6471482861147
10-22 04:00:00,67.0469164800629
10-22 05:00:00,70.77771449929922
10-22 06:00:00,70.08133059630632
10-22 07:00:00,68.00225174043523
10-22 08:00:00,65.68330120864366
10-22 09:00:00,64.49475399445208
10-22 10:00:00,73.10258131448968
10-22 11:00:00,76.1623099365367
10-22 12:00:00,76.09397316801244
10-22 13:00:00,76.19490457214293
10-22 14:00:00,73.5847248570974
10-22 15:00:00,73.16056927400001
10-22 16:00:00,74.23930929046621
10-22 17:00:00,75.95104983392385
10-22 18:00:00,81.27561816612562
10-22 19:00:00,81.90470793591517
10-22 20:00:00,81.36044756272872
10-22 21:00:00,81.41490153921843
10-22 22:00:00,82.4964047459867
10-22 23:00:00,87.27413249957917
10-23 00:00:00,87.46203785398575
10-23 01:00:00,86.54950644730172
10-23 02:00:00,91.68294094358407
10-23 03:00:00,91.12500054224158
10-23 04:00:00,101.11660049998954
10-23 05:00:00,104.72548074099987
10-23 06:00:00,101.48470747668108
10-23 07:00:00,100.99603493124201
10-23 08:00:00,93.93401544937448
10-23 09:00:00,84.69643495086586
10-23 10:00:00,73.85988474850006
10-23 11:00:00,63.54699759451014
10-23 12:00:00,57.2448974564438
10-23 13:00:00,52.80776186667502
10-23 14:00:00,53.409467243099016
10-23 15:00:00,59.71662584382376
10-23 16:00:00,64.79674066471773
10-23 17:00:00,69.6900378672064
10-23 18:00:00,73.62265162608969
10-23 19:00:00,76.05037621909912
10-23 20:00:00,82.37269563266929
10-23 21:00:00,88.08152939775707
10-23 22:00:00,92.02012976153014
10-23 23:00:00,94.84407080556119
10-24 00:00:00,95.85745050953469
10-24 01:00:00,99.5180198690853
10-24 02:00:00,101.43810669886464
10-24 03:00:00,101.0385760238806
10-24 04:00:00,103.228138107026
10-24 05:00:00,107.17068500948751
10-24 06:00:00,108.12972696865995
10-24 07:00:00,106.57891421933954
10-24 08:00:00,101.41347849255853
10-24 09:00:00,86.32061861449829
10-24 10:00:00,74.32532344908951
10-24 11:00:00,66.60686055197766
10-24 12:00:00,55.42119555039341
10-24 13:00:00,48.71328156413084
10-24 14:00:00,49.15630792464901
10-24 15:00:00,55.937878745803644
10-24 16:00:00,60.98649877768878
10-24 17:00:00,61.069718232961385
10-24 18:00:00,66.5558046428096
10-24 19:00:00,74.27226637500704
10-24 20:00:00,76.66061862906659
10-24 21:00:00,82.00887903507095
10-24 22:00:00,81.13902294146318
10-24 23:00:00,80.65918753586668
10-25 00:00:00,80.90655514261272
10-25 01:00:00,80.15096734871784
10-25 02:00:00,81.54292892058596
10-25 03:00:00,83.4982316834975
10-25 04:00:00,83.87981841464466
10-25 05:00:00,85.8100781463074
10-25 06:00:00,90.13068828151388
10-25 07:00:00,90.10574187849399
10-25 08:00:00,85.21390104034943
10-25 09:00:00,75.21700368440555
10-25 10:00:00,66.41476082930505
10-25 11:00:00,60.35623562908826
10-25 12:00:00,54.51043176705021
10-25 13:00:00,46.42525286567492
10-25 14:00:00,41.810075199678366
10-25 15:00:00,42.92512244367908
10-25 16:00:00,46.40368954906129
10-25 17:00:00,52.441478509222605
10-25 18:00:00,62.159488648585295
10-25 19:00:00,66.7901413365849
10-25 20:00:00,68.97417892079373
10-25 21:00:00,74.09906508661658
10-25 22:00:00,76.51326221979645
10-25 23:00:00,79.39634030332982
10-26 00:00:00,82.40564892223406
10-26 01:00:00,83.22980613917595
10-26 02:00:00,83.46437798525173
10-26 03:00:00,78.98240459623433
10-26 04:00:00,76.62307684451213
10-26 05:00:00,79.962824371492
10-26 06:00:00,80.53103583681542
10-26 07:00:00,83.21171069256583
10-26 08:00:00,82.45455861787066
10-26 09:00:00,78.31120585055018
10-26 10:00:00,68.78394223637137
10-26 11:00:00,62.695444730693836
10-26 12:00:00,56.14816299477745
10-26 13:00:00,50.58456947332182
10-26 14:00:00,44.20845882510202
10-26 15:00:00,45.75690691568638
10-26 16:00:00,48.860320724270395
10-26 17:00:00,52.89677212921603
10-26 18:00:00,55.40208629170367
10-26 19:00:00,59.93810160209321
10-26 20:00:00,66.21065611807515
10-26 21:00:00,67.46040341532274
10-26 22:00:00,74.11840022469568
10-26 23:00:00,75.51980811331082
10-27 00:00:00,78.65599056880117
10-27 01:00:00,80.43253310956135
10-27 02:00:00,79.68982439189789
10-27 03:00:00,84.80385537733405
10-27 04:00:00,84.4196803833842
10-27 05:00:00,85.2169017119538
10-27 06:00:00,91.30982252435638
10-27 07:00:00,87.56198459819257
10-27 08:00:00,85.27684332381854
10-27 09:00:00,78.72158783899532
10-27 10:00:00,67.98949424451078
10-27 11:00:00,60.50846308974515
10-27 12:00:00,56.18550224000734
10-27 13:00:00,55.58896980204351
10-27 14:00:00,53.71629317924425
10-27 15:00:00,58.78206300057556
10-27 16:00:00,64.07774154987119
10-27 17:00:00,63.48499542049508
10-27 18:00:00,66.20198534136965
10-27 19:00:00,71.78902077539782
10-27 20:00:00,76.4120955449773
10-27 21:00:00,81.13901028715088
10-27 22:00:00,84.05353434754372
10-27 23:00:00,84.73316329362328
10-28 00:00:00,84.63820876780522
10-28 01:00:00,87.14896860862706
10-28 02:00:00,92.88172322697378
10-28 03:00:00,97.82674106435965
10-28 04:00:00,97.9932746369866
10-28 05:00:00,103.35821939047653
10-28 06:00:00,107.49006463386611
10-28 07:00:00,104.92920275292101
10-28 08:00:00,96.61829404384353
10-28 09:00:00,90.82194478148388
10-28 10:00:00,83.75159802834034
10-28 11:00:00,70.57072273472335
10-28 12:00:00,55.667250598422385
10-28 13:00:00,49.333230766353715
10-28 14:00:00,47.130976139457246
10-28 15:00:00,50.923766053680566
10-28 16:00:00,52.910874050599105
10-28 17:00:00,58.22870354779883
10-28 18:00:00,65.12509401495588
10-28 19:00:00,70.02928402362372
10-28 20:00:00,73.48537221129087
10-28 21:00:00,76.9270954630677
10-28 22:00:00,78.39163224065709
10-28 23:00:00,83.08519189943831
10-29 00:00:00,85.78334843839383
10-29 01:00:00,88.30672367354929
10-29 02:00:00,91.34019968173322
10-29 03:00:00,97.07241567368985
10-29 04:00:00,92.17992293454404
10-29 05:00:00,98.0024504963115
10-29 06:00:00,100.6697040782426
10-29 07:00:00,99.74427639261114
10-29 08:00:00,93.34889783345228
10-29 09:00:00,81.12846047159596
10-29 10:00:00,77.23871867965327
10-29 11:00:00,74.00082939967504
10-29 12:00:00,71.19596903814774
10-29 13:00:00,68.52152338922718
10-29 14:00:00,65.21119922820371
10-29 15:00:00,59.90373890743878
10-29 16:00:00,63.77522041071253
10-29 17:00:00,68.22925044293564
10-29 18:00:00,67.97315209536232
10-29 19:00:00,72.56704114781536
10-29 20:00:00,76.1184249830436
10-29 21:00:00,81.86744073690441
10-29 22:00:00,85.59266312590137
10-29 23:00:00,85.09835019331425
10-30 00:00:00,87.3326828133192
10-30 01:00:00,91.85409155038836
10-30 02:00:00,91.3789179208417
10-30 03:00:00,95.2340470356581
10-30 04:00:00,96.59972872664792
10-30 05:00:00,97.95451428700694
10-30 06:00:00,98.12534673884358
10-30 07:00:00,99.42928767783249
10-30 08:00:00,90.81605999490168
10-30 09:00:00,84.68456529713632
10-30 10:00:00,84.70808341314427
10-30 11:00:00,82.68913311199356
10-30 12:00:00,80.21872241674582
10-30 13:00:00,74.44825412309899
10-30 14:00:00,65.37911415255081
10-30 15:00:00,58.23571589624038
10-30 16:00:00,59.91313589904684
10-30 17:00:00,61.023626978533855
10-30 18:00:00,61.918951086874586
10-30 19:00:00,61.075995515927985
10-30 20:00:00,61.91266298390987
10-30 21:00:00,61.50982312706519
10-30 22:00:00,59.367274815233124
10-30 23:00:00,59.133551123257575
10-31 00:00:00,58.833130142592566
10-31 01:00:00,58.275470979296486
10-31 02:00:00,56.957999606570496
10-31 03:00:00,58.245629286730335
10-31 04:00:00,61.81761703174989
10-31 05:00:00,64.41191209358477
10-31 06:00:00,68.62176808187863
10-31 07:00:00,66.77847005966797
10-31 08:00:00,58.64952841864287
10-31 09:00:00,52.718223559546544
10-31 10:00:00,44.29226933972605
10-31 11:00:00,33.26376285122021
10-31 12:00:00,29.42516430011414
10-31 13:00:00,22.51235624680603
10-31 14:00:00,22.68034729177596
10-31 15:00:00,26.961542900643302
10-31 16:00:00,34.07698783185924
10-31 17:00:00,38.52226363495228
10-31 18:00:00,44.293164371725894
10-31 19:00:00,41.95717675065991
10-31 20:00:00,50.94165427608152
10-31 21:00:00,49.927925729213705
10-31 22:00:00,49.509186650038856
10-31 23:00:00,53.03260149981837
11-01 00:00:00,52.201412834513235
11-01 01:00:00,52.762819897323695
11-01 02:00:00,56.07401144296833
11-01 03:00:00,52.69659026378289
11-01 04:00:00,50.04879990427719
11-01 05:00:00,49.94543663409881
11-01 06:00:00,54.28500819269693
11-01 07:00:00,62.42965307323797
11-01 08:00:00,67.07267686107755
11-01 09:00:00,69.05090030514386
11-01 10:00:00,69.13520262781876
11-01 11:00:00,69.99518933428108
11-01 12:00:00,69.51782572167494
11-01 13:00:00,69.043267512343
11-01 14:00:00,68.01876437003004
11-01 15:00:00,70.60031982253355
11-01 16:00:00,72.00776873033996
11-01 17:00:00,70.70777538913522
11-01 18:00:00,75.84212671747449
11-01 19:00:00,75.78428266116461
11-01 20:00:00,77.65836156486915
11-01 21:00:00,80.50213927272293
11-01 22:00:00,84.62107426249277
11-01 23:00:00,86.75158160006401
11-02 00:00:00,87.69690833849384
11-02 01:00:00,87.84969409974123
11-02 02:00:00,83.16707463737276
11-02 03:00:00,84.52772155864945
11-02 04:00:00,84.68146474782547
11-02 05:00:00,89.48788800329575
11-02 06:00:00,91.59413183967041
11-02 07:00:00,87.4156765260611
11-02 08:00:00,85.24244915552296
11-02 09:00:00,81.67768649753091
11-02 10:00:00,76.87765594964598
11-02 11:00:00,72.17510844476774
11-02 12:00:00,67.7444406449559
11-02 13:00:00,65.60783284738153
11-02 14:00:00,76.60000237460758
11-02 15:00:00,78.16753071086225
11-02 16:00:00,80.39198034309976
11-02 17:00:00,82.90499205992498
11-02 18:00:00,88.27401654966009
11-02 19:00:00,91.77026916270732
11-02 20:00:00,95.01171240422244
11-02 21:00:00,100.31410048112707
11-02 22:00:00,101.25000620188254
11-02 23:00:00,100.43920343130665
11-03 00:00:00,99.08116398097985
11-03 01:00:00,103.32680108431937
11-03 02:00:00,100.4998133173255
11-03 03:00:00,99.11082343821778
11-03 04:00:00,101.52924012801314
11-03 05:00:00,101.68040717137232
11-03 06:00:00,105.38938191176555
11-03 07:00:00,104.58122748478289
11-03 08:00:00,98.94236276197813
11-03 09:00:00,92.49370545241015
11-03 10:00:00,90.5363732537023
11-03 11:00:00,86.12249428664641
11-03 12:00:00,84.64164715458054
11-03 13:00:00,85.04248676231609
11-03 14:00:00,84.3515816591683
11-03 15:00:00,84.69226704445104
11-03 16:00:00,82.35770309701611
11-03 17:00:00,84.72089015859558
11-03 18:00:00,87.42585574645949
11-03 19:00:00,88.96724017501909
11-03 20:00:00,91.85485363035339
11-03 21:00:00,89.91798803274924
11-03 22:00:00,92.00472531109493
11-03 23:00:00,97.05705574790854
11-04 00:00:00,97.85709125830863
11-04 01:00:00,98.55338550382064
11-04 02:00:00,98.27535915819453
11-04 03:00:00,98.28630396337826
11-04 04:00:00,97.72463597006185
11-04 05:00:00,97.10281605190892
11-04 06:00:00,93.69140789829336
11-04 07:00:00,92.19247213992534
11-04 08:00:00,94.17224593748266
11-04 09:00:00,95.23598433464466
11-04 10:00:00,95.09982749150072
11-04 11:00:00,89.56401074662028
11-04 12:00:00,81.48799814114972
11-04 13:00:00,77.73761928907605
11-04 14:00:00,89.85577325710719
11-04 15:00:00,88.76619880070889
11-04 16:00:00,91.16506723882881
11-04 17:00:00,95.06892103834213
11-04 18:00:00,98.83820762422387
11-04 19:00:00,97.33584819342391
11-04 20:00:00,100.81878908211868
11-04 21:00:00,101.02819965637245
11-04 22:00:00,103.38532363316035
11-04 23:00:00,104.13945245715917
11-05 00:00:00,104.59680589461522
11-05 01:00:00,104.77120139222421
11-05 02:00:00,104.1610481096433
11-05 03:00:00,106.5625264313167
11-05 04:00:00,106.12788275120292
11-05 05:00:00,106.8894317985552
11-05 06:00:00,107.66206857357392
11-05 07:00:00,106.26952514068634
11-05 08:00:00,100.43582587054354
11-05 09:00:00,92.68465953146867
11-05 10:00:00,86.5023980294487
11-05 11:00:00,82.57814798219792
11-05 12:00:00,75.55129968906539
11-05 13:00:00,73.28697052166167
11-05 14:00:00,73.9798688929348
11-05 15:00:00,78.51902380169724
11-05 16:00:00,84.31531045169841
11-05 17:00:00,90.66732470886924
11-05 18:00:00,91.7438698158276
11-05 19:00:00,96.55089251394836
11-05 20:00:00,98.22317907242751
11-05 21:00:00,107.16159269133135
11-05 22:00:00,111.31639496366583
11-05 23:00:00,113.82028058614182
11-06 00:00:00,114.87229361180275
11-06 01:00:00,116.57609344598109
11-06 02:00:00,123.28983676614877
11-06 03:00:00,122.93420793407505
11-06 04:00:00,126.51058780883439
11-06 05:00:00,127.1009641067876
11-06 06:00:00,126.42650297242139
11-06 07:00:00,128.13989357971758
11-06 08:00:00,124.35069973783946
11-06 09:00:00,112.86559974732472
11-06 10:00:00,102.75544873340965
11-06 11:00:00,94.64655014147598
11-06 12:00:00,87.64732905329618
11-06 13:00:00,84.94375914235
11-06 14:00:00,84.66580353159704
11-06 15:00:00,89.80988742369232
11-06 16:00:00,95.08403122900185
11-06 17:00:00,95.29489234913635
11-06 18:00:00,97.80979360785427
11-06 19:00:00,108.48134492705088
11-06 20:00:00,111.55345517447144
11-06 21:00:00,115.40253512236863
11-06 22:00:00,119.07151667845213
11-06 23:00:00,119.50363939678678
11-07 00:00:00,121.98115044240049
11-07 01:00:00,123.60368318165777
11-07 02:00:00,128.61132570860295
11-07 03:00:00,134.96491513936667
11-07 04:00:00,134.81979263806912
11-07 05:00:00,131.98253719040238
11-07 06:00:00,132.56050636946676
11-07 07:00:00,134.13734923985965
11-07 08:00:00,128.74365962257193
11-07 09:00:00,120.42958203793769
11-07 10:00:00,104.49416706560521
11-07 11:00:00,95.54545741698624
11-07 12:00:00,81.34635278486228
11-07 13:00:00,75.68045168660457
11-07 14:00:00,75.14747064737406
11-07 15:00:00,81.08222639231576
11-07 16:00:00,85.76858737591107
11-07 17:00:00,82.84521537715827
11-07 18:00:00,87.19621267209939
11-07 19:00:00,84.50347784941181
11-07 20:00:00,87.73541028956154
11-07 21:00:00,92.56549828167054
11-07 22:00:00,89.52784461955875
11-07 23:00:00,96.69615282695864
11-08 00:00:00,95.80698415041856
11-08 01:00:00,98.27931096320886
11-08 02:00:00,101.7922203442982
11-08 03:00:00,107.69182401062572
11-08 04:00:00,108.8457771758577
11-08 05:00:00,108.42086379092845
11-08 06:00:00,110.04545710708099
11-08 07:00:00,108.3967382879246
11-08 08:00:00,106.59652119196382
11-08 09:00:00,100.66404713369622
11-08 10:00:00,93.28516578347546
11-08 11:00:00,87.73491558694067
11-08 12:00:00,81.89008927313344
11-08 13:00:00,76.77924667523672
11-08 14:00:00,72.64734604227704
11-08 15:00:00,73.53828501005
11-08 16:00:00,77.60425682026087
11-08 17:00:00,80.1473781057394
11-08 18:00:00,80.9594445513994
11-08 19:00:00,82.49931532950592
11-08 20:00:00,90.24713355250952
11-08 21:00:00,96.18297350503379
11-08 22:00:00,99.71155895748706
11-08 23:00:00,103.19230871639209
11-09 00:00:00,107.18426596202137
11-09 01:00:00,113.71618665977951
11-09 02:00:00,115.83602906189446
11-09 03:00:00,114.60297187060615
11-09 04:00:00,113.58016229244961
11-09 05:00:00,113.12074206042442
11-09 06:00:00,121.07232450056502
11-09 07:00:00,122.54932211012236
11-09 08:00:00,119.93176028287326
11-09 09:00:00,102.27547531925485
11-09 10:00:00,94.98372281646733
11-09 11:00:00,86.91893130416426
11-09 12:00:00,82.83349290875853
11-09 13:00:00,80.69976863369385
11-09 14:00:00,81.55671396512365
11-09 15:00:00,87.54957207919232
11-09 16:00:00,88.7305767933276
11-09 17:00:00,89.0041841642319
11-09 18:00:00,90.4176387069063
11-09 19:00:00,97.62458125376844
11-09 20:00:00,100.53541802343663
11-09 21:00:00,97.15045020874416
11-09 22:00:00,102.54579597347518
11-09 23:00:00,101.18632279291066
11-10 00:00:00,105.0693666103468
11-10 01:00:00,105.6311106119912
11-10 02:00:00,106.76128495565482
11-10 03:00:00,108.30940659704575
11-10 04:00:00,111.47782427192676
11-10 05:00:00,109.99404078555003
11-10 06:00:00,108.04523335330846
11-10 07:00:00,107.26980234396969
11-10 08:00:00,102.95912406351087
11-10 09:00:00,97.63503080726565
11-10 10:00:00,91.71606025362277
11-10 11:00:00,85.8160314658424
11-10 12:00:00,82.88239714763864
11-10 13:00:00,82.63218678187977
11-10 14:00:00,81.1478481982499
11-10 15:00:00,82.67383619760099
11-10 16:00:00,84.42106933417426
11-10 17:00:00,87.79082638887073
11-10 18:00:00,93.09518104775799
11-10 19:00:00,94.2774214560629
11-10 20:00:00,96.56573912040113
11-10 21:00:00,98.08968432400602
11-10 22:00:00,100.82791800963386
11-10 23:00:00,101.46671845233473
11-11 00:00:00,98.2348658336712
11-11 01:00:00,102.17695186720232
11-11 02:00:00,101.59494521847509
11-11 03:00:00,101.07855200395106
11-11 04:00:00,102.27305560444604
11-11 05:00:00,102.73389651046041
11-11 06:00:00,103.4553413650287
11-11 07:00:00,104.36553203318587
11-11 08:00:00,102.52501666041319
11-11 09:00:00,101.23106361074541
11-11 10:00:00,98.5225653528274
11-11 11:00:00,95.84288029714324
11-11 12:00:00,91.10584075896021
11-11 13:00:00,87.78714574165957
11-11 14:00:00,82.31591034283069
11-11 15:00:00,82.8031326765759
11-11 16:00:00,84.44174092136288
11-11 17:00:00,89.51387946324866
11-11 18:00:00,94.10687652861758
11-11 19:00:00,93.6686803368483
11-11 20:00:00,93.63142085875637
11-11 21:00:00,96.70075096262372
11-11 22:00:00,100.27031810171555
11-11 23:00:00,99.75547360167315
11-12 00:00:00,99.7938853308865
11-12 01:00:00,99.36140823803646
11-12 02:00:00,98.63963896427852
11-12 03:00:00,100.04627936380302
11-12 04:00:00,102.68360984396435
11-12 05:00:00,104.21644258672433
11-12 06:00:00,104.19067492696414
11-12 07:00:00,101.54224864063451
11-12 08:00:00,102.16795245568663
11-12 09:00:00,101.30570016628292
11-12 10:00:00,98.75869056018377
11-12 11:00:00,96.52497647252181
11-12 12:00:00,96.30088831260295
11-12 13:00:00,93.88748897228356
11-12 14:00:00,93.25483535312478
11-12 15:00:00,93.49239547579344
11-12 16:00:00,96.12253062854549
11-12 17:00:00,98.65715482110012
11-12 18:00:00,99.43425681268752
11-12 19:00:00,99.66125875425732
11-12 20:00:00,103.71147351602605
11-12 21:00:00,106.16439773980073
11-12 22:00:00,105.73028166551589
11-12 23:00:00,106.60431107402069
11-13 00:00:00,104.731337800403
11-13 01:00:00,105.82103192659662
11-13 02:00:00,108.60978696094492
11-13 03:00:00,107.73558575915743
11-13 04:00:00,108.55747243645538
11-13 05:00:00,109.65648831454023
11-13 06:00:00,112.4561891693484
11-13 07:00:00,110.10359922595748
11-13 08:00:00,105.75932369354385
11-13 09:00:00,97.96079310813818
11-13 10:00:00,95.05494813586992
11-13 11:00:00,92.7010185181566
11-13 12:00:00,92.1026700584558
11-13 13:00:00,89.67014341491779
11-13 14:00:00,88.78763675412682
11-13 15:00:00,88.16297516199971
11-13 16:00:00,86.1963032588778
11-13 17:00:00,84.771017855812
11-13 18:00:00,84.24930315052477
11-13 19:00:00,84.28255290299363
11-13 20:00:00,84.5462048749393
11-13 21:00:00,84.62908046658805
11-13 22:00:00,84.04597608495297
11-13 23:00:00,83.95426137969729
11-14 00:00:00,83.25652264396317
11-14 01:00:00,84.03854540092098
11-14 02:00:00,85.58469205223918
11-14 03:00:00,87.20771836164667
11-14 04:00:00,88.56052631734585
11-14 05:00:00,88.68080812585845
11-14 06:00:00,89.14693888607786
11-14 07:00:00,88.56052631734585
11-14 08:00:00,87.14785739150197
11-14 09:00:00,83.73655608924473
11-14 10:00:00,82.1623590689827
11-14 11:00:00,79.44340715559116
11-14 12:00:00,77.16628875720588
11-14 13:00:00,73.39578157873328
11-14 14:00:00,72.45683427667979
11-14 15:00:00,72.87842585823557
11-14 16:00:00,77.74436866970606
11-14 17:00:00,81.87502417101433
11-14 18:00:00,87.57495631925929
11-14 19:00:00,87.4605256093302
11-14 20:00:00,83.8522261414931
11-14 21:00:00,81.91212544478768
11-14 22:00:00,80.04207968663206
11-14 23:00:00,84.64121544107539
11-15 00:00:00,85.32792952834711
11-15 01:00:00,85.51349320424572
11-15 02:00:00,87.42846004240573
11-15 03:00:00,86.44337656306638
11-15 04:00:00,85.03082328654617
11-15 05:00:00,87.33385262325305
11-15 06:00:00,89.87049139019963
11-15 07:00:00,90.95878554742805
11-15 08:00:00,88.54015518850116
11-15 09:00:00,83.37344438113442
11-15 10:00:00,78.9789791838934
11-15 11:00:00,76.27717072726551
11-15 12:00:00,73.99569373183573
11-15 13:00:00,74.54000103372279
11-15 14:00:00,75.91777089217408
11-15 15:00:00,75.93435215346169
11-15 16:00:00,76.75921788707487
11-15 17:00:00,78.41023674212556
11-15 18:00:00,79.96763025030333
11-15 19:00:00,81.54579755004963
11-15 20:00:00,83.82130343012075
11-15 21:00:00,85.44289970043543
11-15 22:00:00,86.8379757250859
11-15 23:00:00,89.0523674049822
11-16 00:00:00,90.92776998902008
11-16 01:00:00,93.01756235769699
11-16 02:00:00,93.5385586307066
11-16 03:00:00,93.38233172689856
11-16 04:00:00,93.1646869427451
11-16 05:00:00,92.37931594308392
11-16 06:00:00,91.6586159506684
11-16 07:00:00,91.8548037820558
11-16 08:00:00,90.94072319355345
11-16 09:00:00,89.70111115339793
11-16 10:00:00,88.7977642215938
11-16 11:00:00,87.8936325142124
11-16 12:00:00,86.48520962701443
11-16 13:00:00,86.04889747870385
11-16 14:00:00,86.11015474172186
11-16 15:00:00,86.88974964288366
11-16 16:00:00,89.27903016360891
11-16 17:00:00,89.59331569775895
11-16 18:00:00,91.06472351391324
11-16 19:00:00,90.98447962557525
11-16 20:00:00,91.53695218526883
11-16 21:00:00,90.74019469335924
11-16 22:00:00,91.26765654136375
11-16 23:00:00,92.21744172713036
11-17 00:00:00,93.07028002606145
11-17 01:00:00,94.76922039049069
11-17 02:00:00,95.26753274624912
11-17 03:00:00,95.90753441679514
11-17 04:00:00,96.46491813520741
11-17 05:00:00,97.29603077150233
11-17 06:00:00,99.16043770033068
11-17 07:00:00,99.65482184944534
11-17 08:00:00,100.16072243490413
11-17 09:00:00,99.24779403504115
11-17 10:00:00,97.77570811799295
11-17 11:00:00,96.17418471055277
11-17 12:00:00,96.22734667427666
11-17 13:00:00,97.00686132458122
11-17 14:00:00,96.25866450024716
11-17 15:00:00,98.18279602508036
11-17 16:00:00,101.1149533945901
11-17 17:00:00,101.32838080715206
11-17 18:00:00,101.94427698033869
11-17 19:00:00,103.05216341921604
11-17 20:00:00,103.10735626796927
11-17 21:00:00,102.43209098196076
11-17 22:00:00,102.38189474296593
11-17 23:00:00,102.90413368800633
11-18 00:00:00,101.48627315958032
11-18 01:00:00,104.1340016267716
11-18 02:00:00,106.13969614780048
11-18 03:00:00,103.38798879504526
11-18 04:00:00,104.41478685138237
11-18 05:00:00,104.30388094201197
11-18 06:00:00,104.35924702889187
11-18 07:00:00,104.94317397771925
11-18 08:00:00,106.91919532511264
11-18 09:00:00,102.19435690486247
11-18 10:00:00,93.5838135493847
11-18 11:00:00,85.71223517092707
11-18 12:00:00,82.10592308523428
11-18 13:00:00,77.46397974348375
11-18 14:00:00,78.92610472522993
11-18 15:00:00,80.40404114130268
11-18 16:00:00,80.97340588014012
11-18 17:00:00,82.62564666534962
11-18 18:00:00,83.70810820731735
11-18 19:00:00,85.19111585004626
11-18 20:00:00,88.791269720764
11-18 21:00:00,93.18069333626907
11-18 22:00:00,98.70539820323134
11-18 23:00:00,102.58244350357671
11-19 00:00:00,107.21546387277982
11-19 01:00:00,109.48124813338404
11-19 02:00:00,111.31549620480803
11-19 03:00:00,113.50998192751987
11-19 04:00:00,114.90318485604104
11-19 05:00:00,114.25485763887376
11-19 06:00:00,116.66426288535021
11-19 07:00:00,115.48790815772702
11-19 08:00:00,112.33932410625978
11-19 09:00:00,107.95936024375435
11-19 10:00:00,104.22949199762954
11-19 11:00:00,100.28092845402395
11-19 12:00:00,96.47635502627945
11-19 13:00:00,94.25787125641193
11-19 14:00:00,94.45959970257908
11-19 15:00:00,94.46591847343367
11-19 16:00:00,97.50061357623488
11-19 17:00:00,99.23382252347241
11-19 18:00:00,103.21200722780492
11-19 19:00:00,103.4066967458304
11-19 20:00:00,103.4854325262288
11-19 21:00:00,103.72983088785598
11-19 22:00:00,104.75876941617082
11-19 23:00:00,106.58470779362679
11-20 00:00:00,109.64552430706178
11-20 01:00:00,109.18064507163714
11-20 02:00:00,108.30434540470506
11-20 03:00:00,109.2917586449231
11-20 04:00:00,110.05311706279457
11-20 05:00:00,110.24780658082005
11-20 06:00:00,111.83633145262769
11-20 07:00:00,113.02138363097848
11-20 08:00:00,112.47760820750702
11-20 09:00:00,110.43885792027189
11-20 10:00:00,108.35810292559506
11-20 11:00:00,106.63919865102058
11-20 12:00:00,105.08346762227578
11-20 13:00:00,104.30573132177486
11-20 14:00:00,104.10523508218562
11-20 15:00:00,105.8391859630306
11-20 16:00:00,108.16740156571964
11-20 17:00:00,110.65009035088464
11-20 18:00:00,113.25363230085516
11-20 19:00:00,115.42575631726754
11-20 20:00:00,116.70575758020156
11-20 21:00:00,117.18905194975481
11-20 22:00:00,118.28855365865788
11-20 23:00:00,119.4382776296273
11-21 00:00:00,121.22255839336785
11-21 01:00:00,119.78143833557385
11-21 02:00:00,123.4081799506575
11-21 03:00:00,126.54954420809608
11-21 04:00:00,126.68380581976378
11-21 05:00:00,127.76402421667689
11-21 06:00:00,128.10724266869238
11-21 07:00:00,127.06380909002894
11-21 08:00:00,128.04864912014455
11-21 09:00:00,126.14170239034566
11-21 10:00:00,122.33343227737805
11-21 11:00:00,117.19869484357139
11-21 12:00:00,113.39680283362944
11-21 13:00:00,110.33557335758564
11-21 14:00:00,107.28918335852441
11-21 15:00:00,110.1530569321262
11-21 16:00:00,114.27853058302067
11-21 17:00:00,121.14956759313026
11-21 18:00:00,116.62487944120572
11-21 19:00:00,106.98777349900476
11-21 20:00:00,104.96409688422085
11-21 21:00:00,109.35502060041284
11-21 22:00:00,106.23324984757096
11-21 23:00:00,103.42991912483312
11-22 00:00:00,104.23720986197887
11-22 01:00:00,104.27285880560252
11-22 02:00:00,103.14098486543583
11-22 03:00:00,102.28876526418472
11-22 04:00:00,100.97121855150723
11-22 05:00:00,99.44857761838517
11-22 06:00:00,101.00664281680002
11-22 07:00:00,102.62349697136769
11-22 08:00:00,104.25115044961595
11-22 09:00:00,104.40885139833384
11-22 10:00:00,102.26936750596306
11-22 11:00:00,100.61823590333057
11-22 12:00:00,99.86092242102742
11-22 13:00:00,99.94041888802369
11-22 14:00:00,99.29172096475529
11-22 15:00:00,98.64545904374066
11-22 16:00:00,98.37848936178847
11-22 17:00:00,96.94470706516063
11-22 18:00:00,96.37855952948686
11-22 19:00:00,96.54083161456698
11-22 20:00:00,97.40329459973788
11-22 21:00:00,97.43860702569702
11-22 22:00:00,97.53205690487985
11-22 23:00:00,97.59673643400346
11-23 00:00:00,97.6264146747416
11-23 01:00:00,97.89276863654142
11-23 02:00:00,98.56422119490549
11-23 03:00:00,98.43386184268299
11-23 04:00:00,99.94417634367127
11-23 05:00:00,99.64952145864086
11-23 06:00:00,99.36562349006459
11-23 07:00:00,100.01052893714034
11-23 08:00:00,99.68832840117787
11-23 09:00:00,97.63170274737409
11-23 10:00:00,97.70845354368092
11-23 11:00:00,97.10087590611442
11-23 12:00:00,96.72078066891156
11-23 13:00:00,95.86728073230114
11-23 14:00:00,96.60670697035522
11-23 15:00:00,96.60583598137053
11-23 16:00:00,98.50270893575548
11-23 17:00:00,99.48096228843735
11-23 18:00:00,100.06917613828651
11-23 19:00:00,100.41037069834897
11-23 20:00:00,99.65069412042362
11-23 21:00:00,99.60938193632933
11-23 22:00:00,99.35306215213255
11-23 23:00:00,99.76655818343733
11-24 00:00:00,99.49658555519936
11-24 01:00:00,100.6451598131533
11-24 02:00:00,100.73492566668631
11-24 03:00:00,102.44848160246876
11-24 04:00:00,103.4122696425216
11-24 05:00:00,103.92048664962321
11-24 06:00:00,104.21252138911746
11-24 07:00:00,105.99059644772014
11-24 08:00:00,106.18367527489059
11-24 09:00:00,104.70385228802203
11-24 10:00:00,102.6545391857556
11-24 11:00:00,100.91780809233973
11-24 12:00:00,99.64121228815324
11-24 13:00:00,99.62253690008654
11-24 14:00:00,100.82002424375162
11-24 15:00:00,100.6770948485308
11-24 16:00:00,103.21106405393283
11-24 17:00:00,105.61375159076374
11-24 18:00:00,106.46577808406346
11-24 19:00:00,111.02038446384321
11-24 20:00:00,111.39046996228367
11-24 21:00:00,111.48396834842774
11-24 22:00:00,112.57426140239346
11-24 23:00:00,113.35767653153678
11-25 00:00:00,112.39795194092589
11-25 01:00:00,114.15589242545401
11-25 02:00:00,115.04942577958619
11-25 03:00:00,116.51194615621286
11-25 04:00:00,118.64904367814535
11-25 05:00:00,119.1092781006874
11-25 06:00:00,120.84092725287138
11-25 07:00:00,123.14947185362581
11-25 08:00:00,122.08274440050805
11-25 09:00:00,121.73398294291384
11-25 10:00:00,119.95713368461313
11-25 11:00:00,115.77303351484366
11-25 12:00:00,113.39089341554308
11-25 13:00:00,112.41394104455725
11-25 14:00:00,111.71301392519237
11-25 15:00:00,111.13076279734067
11-25 16:00:00,109.96498863433794
11-25 17:00:00,110.42527569662613
11-25 18:00:00,110.75289751187404
11-25 19:00:00,110.95078273268015
11-25 20:00:00,110.87022092924356
11-25 21:00:00,111.67643481761556
11-25 22:00:00,113.25900738882436
11-25 23:00:00,116.33536650521012
11-26 00:00:00,118.79160604274398
11-26 01:00:00,120.49445875934245
11-26 02:00:00,122.26032930466906
11-26 03:00:00,122.43539792049404
11-26 04:00:00,124.38339414049385
11-26 05:00:00,126.37074392379317
11-26 06:00:00,131.63775226044893
11-26 07:00:00,136.04252581703565
11-26 08:00:00,136.20049306575407
11-26 09:00:00,135.64597778931915
11-26 10:00:00,135.11048694107203
11-26 11:00:00,133.4114144149845
11-26 12:00:00,130.3515933915822
11-26 13:00:00,131.41445247944432
11-26 14:00:00,132.60767822238608
11-26 15:00:00,132.67944819357447
11-26 16:00:00,134.1413184380749
11-26 17:00:00,134.210062708306
11-26 18:00:00,133.2567675764988
11-26 19:00:00,134.558157060093
11-26 20:00:00,135.8378163270363
11-26 21:00:00,137.85102168129092
11-26 22:00:00,139.6522072150005
11-26 23:00:00,138.26130091692897
11-27 00:00:00,138.7889493811078
11-27 01:00:00,140.69343188413467
11-27 02:00:00,140.86459922347092
11-27 03:00:00,140.44914136275705
11-27 04:00:00,143.50800338386262
11-27 05:00:00,139.10082680642125
11-27 06:00:00,139.5015545935459
11-27 07:00:00,139.51530103917466
11-27 08:00:00,136.87371351395294
11-27 09:00:00,137.43508595931496
11-27 10:00:00,130.13282752579693
11-27 11:00:00,119.96595871273207
11-27 12:00:00,110.88821841970127
11-27 13:00:00,115.42317403447667
11-27 14:00:00,116.35525213609404
11-27 15:00:00,126.37922600697493
11-27 16:00:00,128.26218587156114
11-27 17:00:00,129.12779958678976
11-27 18:00:00,127.59855109813793
11-27 19:00:00,129.83642646070132
11-27 20:00:00,131.48686840465086
11-27 21:00:00,131.48121920078512
11-27 22:00:00,122.34949876188571
11-27 23:00:00,128.0613216056743
11-28 00:00:00,133.3801654530386
11-28 01:00:00,136.79215199330167
11-28 02:00:00,135.94369702764786
11-28 03:00:00,137.64327098121265
11-28 04:00:00,140.13169976842042
11-28 05:00:00,140.4352857409458
11-28 06:00:00,141.48107121649062
11-28 07:00:00,139.8007473605319
11-28 08:00:00,137.5111583008102
11-28 09:00:00,134.2119711572681
11-28 10:00:00,129.82430447396746
11-28 11:00:00,123.33346709483334
11-28 12:00:00,123.28829782946136
11-28 13:00:00,121.75799730166585
11-28 14:00:00,123.86684261352761
11-28 15:00:00,123.75398509818339
11-28 16:00:00,128.72347052334686
11-28 17:00:00,136.80827613410918
11-28 18:00:00,139.45521431272397
11-28 19:00:00,141.02684180557227
11-28 20:00:00,140.05794749677491
11-28 21:00:00,135.9501762042122
11-28 22:00:00,135.1378259447385
11-28 23:00:00,133.61387919362645
11-29 00:00:00,136.1319239659981
11-29 01:00:00,138.71965862320295
11-29 02:00:00,138.79430615708606
11-29 03:00:00,138.20611604671245
11-29 04:00:00,138.3574465393225
11-29 05:00:00,140.99397252674385
11-29 06:00:00,142.71961677496253
11-29 07:00:00,141.4234246455363
11-29 08:00:00,142.24459141714004
11-29 09:00:00,140.63685062758378
11-29 10:00:00,139.5473339099876
11-29 11:00:00,142.71961677496253
11-29 12:00:00,139.10059106155353
11-29 13:00:00,134.55676127341647
11-29 14:00:00,136.46623230171173
11-29 15:00:00,144.2425644913755
11-29 16:00:00,150.82603261369212
11-29 17:00:00,155.37416051596034
11-29 18:00:00,149.3486835404671
11-29 19:00:00,144.89748782227264
11-29 20:00:00,143.36419157445692
11-29 21:00:00,145.80132504300173
11-29 22:00:00,151.6392097705777
11-29 23:00:00,150.79196051264645
11-30 00:00:00,149.11020937597766
11-30 01:00:00,149.83105512754048
11-30 02:00:00,150.63898616709125
11-30 03:00:00,150.63898616709125
11-30 04:00:00,150.56043610827695
11-30 05:00:00,150.76610111935076
11-30 06:00:00,151.94995736350242
11-30 07:00:00,148.5334751603963
11-30 08:00:00,148.03450870637772
11-30 09:00:00,145.77132844954363
11-30 10:00:00,145.10594466473853
11-30 11:00:00,145.0482913892548
11-30 12:00:00,144.856107208782
11-30 13:00:00,142.3487590098864
11-30 14:00:00,142.58439846916474
11-30 15:00:00,143.95881193369388
11-30 16:00:00,142.99030543716552
11-30 17:00:00,142.0892963692791
11-30 18:00:00,139.15425140647352
11-30 19:00:00,137.29744136798237
11-30 20:00:00,135.6352675363035
11-30 21:00:00,133.88089832759232
11-30 22:00:00,132.28357666721664
11-30 23:00:00,131.3752014959532
12-01 00:00:00,134.65407967864536
12-01 01:00:00,135.38634990955583
12-01 02:00:00,132.76121074570335
12-01 03:00:00,130.9639746354399
12-01 04:00:00,132.07742537006504
12-01 05:00:00,133.6415585254191
12-01 06:00:00,132.2967524375241
12-01 07:00:00,130.36752899840485
12-01 08:00:00,132.258928869187
12-01 09:00:00,127.25495555932352
12-01 10:00:00,120.47667130571628
12-01 11:00:00,115.12283117110843
12-01 12:00:00,109.04948102103475
12-01 13:00:00,109.02244210134234
12-01 14:00:00,102.39795739784695
12-01 15:00:00,105.7328729542906
12-01 16:00:00,107.96428544608413
12-01 17:00:00,109.7445412886951
12-01 18:00:00,107.22775237118037
12-01 19:00:00,108.38856194497012
12-01 20:00:00,110.16175751427598
12-01 21:00:00,106.1278776585844
12-01 22:00:00,106.34162246953393
12-01 23:00:00,105.09312122480293
12-02 00:00:00,106.7729123452448
12-02 01:00:00,105.61868468290893
12-02 02:00:00,100.41651055447886
12-02 03:00:00,101.3768801983684
12-02 04:00:00,106.98329322392718
12-02 05:00:00,107.84324376256049
12-02 06:00:00,109.33173730371152
12-02 07:00:00,111.80899235585986
12-02 08:00:00,111.063172889471
12-02 09:00:00,106.68433931535105
12-02 10:00:00,98.47717245811734
12-02 11:00:00,102.63879871364898
12-02 12:00:00,108.94979713184358
12-02 13:00:00,113.21574806476278
12-02 14:00:00,117.11657168147593
12-02 15:00:00,126.52359630007341
12-02 16:00:00,131.9280177380382
12-02 17:00:00,135.31566255342779
12-02 18:00:00,135.251854075855
12-02 19:00:00,133.76205326640832
12-02 20:00:00,132.39771820735814
12-02 21:00:00,135.8968851178154
12-02 22:00:00,136.0132219541129
12-02 23:00:00,137.70350199291016
12-03 00:00:00,138.59067772310894
12-03 01:00:00,138.82075998064278
12-03 02:00:00,139.70779752779345
12-03 03:00:00,140.67930398824024
12-03 04:00:00,142.75744603588765
12-03 05:00:00,147.52486757427727
12-03 06:00:00,147.2918956646548
12-03 07:00:00,146.14622553623366
12-03 08:00:00,147.90608930194503
12-03 09:00:00,144.41533480799572
12-03 10:00:00,144.6318321454388
12-03 11:00:00,142.40824029148854
12-03 12:00:00,138.84098940455544
12-03 13:00:00,137.18158469454588
12-03 14:00:00,139.49042340012176
12-03 15:00:00,141.07411801612983
12-03 16:00:00,143.7145167104997
12-03 17:00:00,148.92265406140717
12-03 18:00:00,146.17891476639664
12-03 19:00:00,144.6413160196966
12-03 20:00:00,144.90515317644486
12-03 21:00:00,140.82288369358378
12-03 22:00:00,138.2641189919708
12-03 23:00:00,135.90693788923772
12-04 00:00:00,133.090194532551
12-04 01:00:00,135.99979901702073
12-04 02:00:00,139.72765580861676
12-04 03:00:00,138.85759800274752
12-04 04:00:00,137.24304532741718
12-04 05:00:00,135.51689387027494
12-04 06:00:00,133.74203036976238
12-04 07:00:00,131.940242399876
12-04 08:00:00,129.36511987651664
12-04 09:00:00,126.03845458176616
12-04 10:00:00,124.20570497213745
12-04 11:00:00,119.17938264825605
12-04 12:00:00,113.03810259273064
12-04 13:00:00,110.75012261703111
12-04 14:00:00,110.15702405024041
12-04 15:00:00,114.04223315770065
12-04 16:00:00,108.84183706189734
12-04 17:00:00,106.1905678349615
12-04 18:00:00,105.62004229515338
12-04 19:00:00,103.57566779825977
12-04 20:00:00,89.37926568502186
12-04 21:00:00,104.52371883300236
12-04 22:00:00,109.22669019751493
12-04 23:00:00,110.51021834810632
12-05 00:00:00,110.83717528010494
12-05 01:00:00,110.49943330268175
12-05 02:00:00,114.13986726889198
12-05 03:00:00,114.87830903321935
12-05 04:00:00,117.05185832666807
12-05 05:00:00,120.70609094913203
12-05 06:00:00,123.06766489537456
12-05 07:00:00,123.5726272973654
12-05 08:00:00,124.20116324251913
12-05 09:00:00,119.2813679258688
12-05 10:00:00,118.69397909082667
12-05 11:00:00,111.3534362766534
12-05 12:00:00,109.1465469346021
12-05 13:00:00,106.17272717298846
12-05 14:00:00,112.51199489608385
12-05 15:00:00,114.63768900101962
12-05 16:00:00,118.22299587169643
12-05 17:00:00,120.94669218685507
12-05 18:00:00,121.89972993238976
12-05 19:00:00,121.86614446097927
12-05 20:00:00,125.05791826597309
12-05 21:00:00,126.0140580521192
12-05 22:00:00,126.94458391556242
12-05 23:00:00,126.43822031820609
12-06 00:00:00,128.11822223419932
12-06 01:00:00,132.09371320832707
12-06 02:00:00,135.93794227246343
12-06 03:00:00,138.33109291567285
12-06 04:00:00,137.67128609692202
12-06 05:00:00,134.4029226564342
12-06 06:00:00,133.64189430933578
12-06 07:00:00,133.5278929902322
12-06 08:00:00,134.97410394083568
12-06 09:00:00,133.13995457441524
12-06 10:00:00,128.80675193402928
12-06 11:00:00,124.60737858926689
12-06 12:00:00,122.2510032839796
12-06 13:00:00,117.50275394407288
12-06 14:00:00,115.74806901302179
12-06 15:00:00,120.67921741326532
12-06 16:00:00,130.08320094084803
12-06 17:00:00,130.60805370158022
12-06 18:00:00,133.06313389892156
12-06 19:00:00,138.89488748769833
12-06 20:00:00,139.16645616353657
12-06 21:00:00,135.56682106397514
12-06 22:00:00,139.4503665627946
12-06 23:00:00,142.53718688589743
12-07 00:00:00,135.38012630871364
12-07 01:00:00,140.12133426393353
12-07 02:00:00,145.4081328271234
12-07 03:00:00,147.95182764688926
12-07 04:00:00,150.1698628100894
12-07 05:00:00,149.88147234137247
12-07 06:00:00,147.92860212126635
12-07 07:00:00,144.7084020592215
12-07 08:00:00,136.5551176608115
12-07 09:00:00,132.26015857118406
12-07 10:00:00,127.63375732169939
12-07 11:00:00,125.37503355023608
12-07 12:00:00,121.54861685446289
12-07 13:00:00,118.71573584074413
12-07 14:00:00,123.75558748289005
12-07 15:00:00,127.05680065271453
12-07 16:00:00,134.396911355837
12-07 17:00:00,133.9691929540164
12-07 18:00:00,134.25098263853863
12-07 19:00:00,132.1411612048014
12-07 20:00:00,133.29662986348706
12-07 21:00:00,132.92588581653303
12-07 22:00:00,131.77081428385057
12-07 23:00:00,126.90455367500583
12-08 00:00:00,125.08291990204161
12-08 01:00:00,123.19131852221757
12-08 02:00:00,121.92686438267563
12-08 03:00:00,120.06897004544227
12-08 04:00:00,123.23608048735979
12-08 05:00:00,121.20480118373388
12-08 06:00:00,121.47892567611301
12-08 07:00:00,125.97736348564969
12-08 08:00:00,130.731429431846
12-08 09:00:00,135.838410354181
12-08 10:00:00,136.42553386003567
12-08 11:00:00,138.60724056542983
12-08 12:00:00,138.67394054864087
12-08 13:00:00,137.02034382333312
12-08 14:00:00,136.29855346588488
12-08 15:00:00,138.39922832182458
12-08 16:00:00,139.46854508371246
12-08 17:00:00,140.48265488306615
12-08 18:00:00,140.59313110757893
12-08 19:00:00,139.7693893921894
12-08 20:00:00,139.80994729475205
12-08 21:00:00,139.83964821064893
12-08 22:00:00,139.82938550801182
12-08 23:00:00,140.011281190241
12-09 00:00:00,140.1537357262075
12-09 01:00:00,140.1537357262075
12-09 02:00:00,139.40412140701685
12-09 03:00:00,140.1537357262075
12-09 04:00:00,140.1537357262075
12-09 05:00:00,141.04902989401012
12-09 06:00:00,140.36904618683548
12-09 07:00:00,136.208331640113
12-09 08:00:00,134.5862847327541
12-09 09:00:00,135.37876349157517
12-09 10:00:00,135.32941383231343
12-09 11:00:00,129.77218203934473
12-09 12:00:00,127.93968675786336
12-09 13:00:00,127.86682098428335
12-09 14:00:00,128.05968364554738
12-09 15:00:00,133.04157998292393
12-09 16:00:00,132.46318268690186
12-09 17:00:00,133.67651469415472
12-09 18:00:00,132.87360913447552
12-09 19:00:00,136.9347685883412
12-09 20:00:00,136.28099439656998
12-09 21:00:00,139.75072893246391
12-09 22:00:00,142.59870243109566
12-09 23:00:00,141.43799072289718
12-10 00:00:00,147.80725341296005
12-10 01:00:00,151.6453902325637
12-10 02:00:00,155.9659646647279
12-10 03:00:00,156.8561416409883
12-10 04:00:00,155.7801909859912
12-10 05:00:00,153.29116356994473
12-10 06:00:00,154.49951845887756
12-10 07:00:00,152.29466088187917
12-10 08:00:00,151.47142744199533
12-10 09:00:00,147.09562825396182
12-10 10:00:00,141.18871145312556
12-10 11:00:00,144.41124212110577
12-10 12:00:00,147.33881790715148
12-10 13:00:00,144.36989372609588
12-10 14:00:00,142.70335314479775
12-10 15:00:00,140.03870777768356
12-10 16:00:00,138.21686662519093
12-10 17:00:00,137.49446434767256
12-10 18:00:00,137.6721079298953
12-10 19:00:00,133.8249573351163
12-10 20:00:00,122.16471201205515
12-10 21:00:00,120.69699533461319
12-10 22:00:00,119.85818606087759
12-10 23:00:00,115.52130878879349
12-11 00:00:00,114.10601363839473
12-11 01:00:00,112.8225593015787
12-11 02:00:00,116.49629946612568
12-11 03:00:00,120.1902319215865
12-11 04:00:00,120.3798382275578
12-11 05:00:00,121.14138170488056
12-11 06:00:00,115.18835219001966
12-11 07:00:00,117.46949746113124
12-11 08:00:00,120.41914433538177
12-11 09:00:00,125.68890934563348
12-11 10:00:00,126.25145171798036
12-11 11:00:00,127.48464067020996
12-11 12:00:00,126.4050996908469
12-11 13:00:00,125.6842504285477
12-11 14:00:00,121.70289427630257
12-11 15:00:00,118.6857424064505
12-11 16:00:00,124.30648795858843
12-11 17:00:00,123.72331456104081
12-11 18:00:00,125.1740608528416
12-11 19:00:00,125.92026423406452
12-11 20:00:00,126.74750032917058
12-11 21:00:00,126.7161185923502
12-11 22:00:00,126.67681248452622
12-11 23:00:00,127.46023014425033
12-12 00:00:00,129.1051585780349
12-12 01:00:00,126.88952256144216
12-12 02:00:00,129.52246331043247
12-12 03:00:00,126.60244415350044
12-12 04:00:00,126.96310361353753
12-12 05:00:00,135.88407421275005
12-12 06:00:00,140.47803997643854
12-12 07:00:00,143.40534802586353
12-12 08:00:00,145.92654286088316
12-12 09:00:00,145.27666659085315
12-12 10:00:00,135.1522241046482
12-12 11:00:00,127.22034257645734
12-12 12:00:00,121.47983884710543
12-12 13:00:00,117.99886357653584
12-12 14:00:00,118.18562344238693
12-12 15:00:00,120.3329219769473
12-12 16:00:00,121.00134746410774
12-12 17:00:00,119.38365436159498
12-12 18:00:00,120.79911750315179
12-12 19:00:00,120.0458123150991
12-12 20:00:00,118.41645022725824
12-12 21:00:00,119.35479799861434
12-12 22:00:00,118.87097543149919
12-12 23:00:00,117.27441707892191
12-13 00:00:00,116.17808739948939
12-13 01:00:00,115.22652082010121
12-13 02:00:00,115.15615526277044
12-13 03:00:00,116.67105925099733
12-13 04:00:00,115.20414396074167
12-13 05:00:00,119.62331658125667
12-13 06:00:00,118.7300736773841
12-13 07:00:00,119.54209246471066
12-13 08:00:00,119.4496771822395
12-13 09:00:00,115.28265048511388
12-13 10:00:00,110.27361663060475
12-13 11:00:00,107.43205794264783
12-13 12:00:00,106.97381032038055
12-13 13:00:00,104.38131009196366
12-13 14:00:00,106.76912093396092
12-13 15:00:00,107.31931026380329
12-13 16:00:00,107.00731899600979
12-13 17:00:00,112.88824048757257
12-13 18:00:00,114.54821285942242
12-13 19:00:00,118.6267496789078
12-13 20:00:00,118.26332057270392
12-13 21:00:00,120.47370182986614
12-13 22:00:00,125.25292726335994
12-13 23:00:00,128.73467618663017
12-14 00:00:00,128.21993830113962
12-14 01:00:00,128.1476201870979
12-14 02:00:00,124.47830962225643
12-14 03:00:00,125.18879934074637
12-14 04:00:00,125.53491980376285
12-14 05:00:00,127.45775098850459
12-14 06:00:00,127.04266994056171
12-14 07:00:00,129.96010982931796
12-14 08:00:00,129.24704762535674
12-14 09:00:00,126.87057485983199
12-14 10:00:00,124.61017148344796
12-14 11:00:00,122.10953282062617
12-14 12:00:00,120.54173632287113
12-14 13:00:00,120.66232735663168
12-14 14:00:00,119.53057785469161
12-14 15:00:00,118.47733980253449
12-14 16:00:00,123.55737494964346
12-14 17:00:00,126.50140042816734
12-14 18:00:00,127.01713321568609
12-14 19:00:00,128.21949470219835
12-14 20:00:00,125.49917618841974
12-14 21:00:00,128.13126300523467
12-14 22:00:00,131.3895515845832
12-14 23:00:00,130.13909205878807
12-15 00:00:00,128.34926657511298
12-15 01:00:00,129.61304157245468
12-15 02:00:00,130.6296360877015
12-15 03:00:00,130.79245732468726
12-15 04:00:00,132.15440853370808
12-15 05:00:00,133.13805590658012
12-15 06:00:00,132.63121406400654
12-15 07:00:00,134.44960058238215
12-15 08:00:00,133.61956472042175
12-15 09:00:00,134.1088129286223
12-15 10:00:00,132.61232632231145
12-15 11:00:00,132.2403780877653
12-15 12:00:00,129.55924051715735
12-15 13:00:00,127.79298991890086
12-15 14:00:00,128.79757985037367
12-15 15:00:00,128.5441521386877
12-15 16:00:00,128.5441521386877
12-15 17:00:00,127.79298991890086
12-15 18:00:00,128.2379250567695
12-15 19:00:00,127.61263797390993
12-15 20:00:00,129.14725137310333
12-15 21:00:00,128.23950816313257
12-15 22:00:00,128.2984181725258
12-15 23:00:00,127.39320597973112
12-16 00:00:00,126.39304975101714
12-16 01:00:00,126.4420189620318
12-16 02:00:00,127.34377028518473
12-16 03:00:00,126.7296863899785
12-16 04:00:00,128.02750710331898
12-16 05:00:00,128.1544827305986
12-16 06:00:00,129.01256752376648
12-16 07:00:00,128.16157425292852
12-16 08:00:00,127.43340360105293
12-16 09:00:00,126.77743180373051
12-16 10:00:00,125.03786084271604
12-16 11:00:00,123.63500491732327
12-16 12:00:00,119.74981162734794
12-16 13:00:00,121.68176462074679
12-16 14:00:00,122.68168245326564
12-16 15:00:00,123.32137569707376
12-16 16:00:00,123.4837901467318
12-16 17:00:00,124.26377658602634
12-16 18:00:00,123.73970243501326
12-16 19:00:00,122.16050826634775
12-16 20:00:00,123.13134771350171
12-16 21:00:00,122.53914493841147
12-16 22:00:00,123.26282272676247
12-16 23:00:00,123.95578053205264
12-17 00:00:00,122.65242401136024
12-17 01:00:00,125.48473610824655
12-17 02:00:00,129.11217471332634
12-17 03:00:00,129.10321076843508
12-17 04:00:00,134.14338760088947
12-17 05:00:00,137.53542049590547
12-17 06:00:00,138.77965093486404
12-17 07:00:00,140.14495062496363
12-17 08:00:00,142.5639626415961
12-17 09:00:00,143.38545807663587
12-17 10:00:00,135.91242699225896
12-17 11:00:00,128.66893871896912
12-17 12:00:00,123.25361680478981
12-17 13:00:00,119.61720591765963
12-17 14:00:00,118.91129728042475
12-17 15:00:00,120.56833965806494
12-17 16:00:00,124.48486212761767
12-17 17:00:00,127.35723473964363
12-17 18:00:00,127.41089342788703
12-17 19:00:00,127.71762857009418
12-17 20:00:00,128.90822058421955
12-17 21:00:00,128.87398141405873
12-17 22:00:00,133.44962905208843
12-17 23:00:00,133.16455564499762
12-18 00:00:00,135.39167803561446
12-18 01:00:00,133.9018201820308
12-18 02:00:00,134.321663343558
12-18 03:00:00,138.7171495483259
12-18 04:00:00,139.63632443865725
12-18 05:00:00,137.71646799678135
12-18 06:00:00,142.9884867731775
12-18 07:00:00,148.12283122277645
12-18 08:00:00,147.60692837012814
12-18 09:00:00,143.4220958647557
12-18 10:00:00,136.34165585423847
12-18 11:00:00,130.4133711127647
12-18 12:00:00,124.8710904965317
12-18 13:00:00,121.0526695916332
12-18 14:00:00,122.14739738507495
12-18 15:00:00,124.96142143741025
12-18 16:00:00,123.8670710500615
12-18 17:00:00,129.62241960273445
12-18 18:00:00,134.3780766328021
12-18 19:00:00,135.158772091174
12-18 20:00:00,131.74696550141104
12-18 21:00:00,130.50506508766273
12-18 22:00:00,131.11857370207954
12-18 23:00:00,130.72727051713196
12-19 00:00:00,132.02214726678415
12-19 01:00:00,133.16650110438582
12-19 02:00:00,135.38430477776367
12-19 03:00:00,135.73660062321485
12-19 04:00:00,138.47274601383452
12-19 05:00:00,140.24011661043096
12-19 06:00:00,140.98368599884805
12-19 07:00:00,141.64350482877228
12-19 08:00:00,142.8784800976502
12-19 09:00:00,144.17451082578532
12-19 10:00:00,145.51318233570186
12-19 11:00:00,142.34877788775356
12-19 12:00:00,140.0970909526296
12-19 13:00:00,139.18248567984105
12-19 14:00:00,139.1118168995814
12-19 15:00:00,139.59323632174096
12-19 16:00:00,142.1202103390507
12-19 17:00:00,144.98807251386776
12-19 18:00:00,148.59244018880005
12-19 19:00:00,150.51220622822765
12-19 20:00:00,151.33350475198208
12-19 21:00:00,152.40131252170113
12-19 22:00:00,151.85884940490672
12-19 23:00:00,151.0405960133937
12-20 00:00:00,150.00329884149357
12-20 01:00:00,149.59757378217827
12-20 02:00:00,151.02584996973962
12-20 03:00:00,152.17721507109246
12-20 04:00:00,154.1363609271529
12-20 05:00:00,155.32103029097044
12-20 06:00:00,157.51963236019918
12-20 07:00:00,155.1307609448301
12-20 08:00:00,151.02946633493474
12-20 09:00:00,147.413076978706
12-20 10:00:00,143.4767954246347
12-20 11:00:00,140.22328963282183
12-20 12:00:00,136.7649076785048
12-20 13:00:00,137.30641584625766
12-20 14:00:00,138.98398234839095
12-20 15:00:00,141.76006160916137
12-20 16:00:00,143.28501667563887
12-20 17:00:00,142.49717909887096
12-20 18:00:00,146.08912469410524
12-20 19:00:00,152.11579286318738
12-20 20:00:00,150.37840311097725
12-20 21:00:00,151.75800124549596
12-20 22:00:00,154.33825033783486
12-20 23:00:00,154.33076338082805
12-21 00:00:00,156.92082346024355
12-21 01:00:00,158.00654738681393
12-21 02:00:00,164.91621789338683
12-21 03:00:00,167.16346442939982
12-21 04:00:00,167.15334120553763
12-21 05:00:00,163.1324383511315
12-21 06:00:00,159.89513963336
12-21 07:00:00,154.25330565416868
12-21 08:00:00,150.53056908247356
12-21 09:00:00,148.68929253936307
12-21 10:00:00,148.43511798204335
12-21 11:00:00,149.28994302489997
12-21 12:00:00,148.12822514324944
12-21 13:00:00,147.35019003592805
12-21 14:00:00,147.72958239503077
12-21 15:00:00,148.37574272731973
12-21 16:00:00,148.4659040759819
12-21 17:00:00,151.40574774459049
12-21 18:00:00,151.7191767440139
12-21 19:00:00,151.67532922798642
12-21 20:00:00,153.49068060518252
12-21 21:00:00,155.29864177785225
12-21 22:00:00,157.14254177731692
12-21 23:00:00,159.09856341633423
12-22 00:00:00,159.3386186823741
12-22 01:00:00,161.42308768649409
12-22 02:00:00,162.5159737842045
12-22 03:00:00,163.28448869233165
12-22 04:00:00,163.86376393325483
12-22 05:00:00,166.53059472930474
12-22 06:00:00,168.87687655037314
12-22 07:00:00,171.13152622873923
12-22 08:00:00,173.10816477961833
12-22 09:00:00,172.43208011079685
12-22 10:00:00,169.9317596617253
12-22 11:00:00,166.89676288328468
12-22 12:00:00,163.19410294768272
12-22 13:00:00,162.45616073902102
12-22 14:00:00,161.615658279574
12-22 15:00:00,163.87434556148798
12-22 16:00:00,166.96927229621488
12-22 17:00:00,170.2575202106073
12-22 18:00:00,171.07677683450737
12-22 19:00:00,173.23712406659124
12-22 20:00:00,175.82201279365518
12-22 21:00:00,174.92329384661184
12-22 22:00:00,170.31514238076645
12-22 23:00:00,171.38152973656548
12-23 00:00:00,170.82659769118595
12-23 01:00:00,179.5994156091638
12-23 02:00:00,184.8309780351574
12-23 03:00:00,180.58360016695445
12-23 04:00:00,180.334395307087
12-23 05:00:00,175.90402745263498
12-23 06:00:00,178.89403925447078
12-23 07:00:00,184.36861535212864
12-23 08:00:00,187.94831091432076
12-23 09:00:00,181.62156688556374
12-23 10:00:00,164.73507084388876
12-23 11:00:00,144.21524688832656
12-23 12:00:00,133.16810761953977
12-23 13:00:00,121.7339093032589
12-23 14:00:00,118.93993838125034
12-23 15:00:00,117.92763894497978
12-23 16:00:00,120.98363959189547
12-23 17:00:00,117.65677868764638
12-23 18:00:00,115.133151093348
12-23 19:00:00,117.94621733330212
12-23 20:00:00,115.99811574743718
12-23 21:00:00,112.88819981014647
12-23 22:00:00,112.91037522444371
12-23 23:00:00,111.21233776353347
12-24 00:00:00,108.35906868818267
12-24 01:00:00,110.77080024650141
12-24 02:00:00,111.37233738851542
12-24 03:00:00,113.77969594804844
12-24 04:00:00,113.40810591897137
12-24 05:00:00,119.08695968386706
12-24 06:00:00,118.88954714636954
12-24 07:00:00,120.97730959292359
12-24 08:00:00,122.92683715940362
12-24 09:00:00,116.7105398006424
12-24 10:00:00,111.5174542530772
12-24 11:00:00,109.2395127702118
12-24 12:00:00,108.06075449692923
12-24 13:00:00,102.31363532535784
12-24 14:00:00,102.01740987367006
12-24 15:00:00,106.13969614780048
12-24 16:00:00,105.02176065811204
12-24 17:00:00,104.78301266763262
12-24 18:00:00,104.9066128840364
12-24 19:00:00,103.8085795437498
12-24 20:00:00,103.70998941480232
12-24 21:00:00,104.66245753065436
12-24 22:00:00,102.60945122215553
12-24 23:00:00,101.96161600571244
12-25 00:00:00,102.14850311953606
12-25 01:00:00,103.70804411725885
12-25 02:00:00,102.49040426646391
12-25 03:00:00,109.77503425102927
12-25 04:00:00,106.12796958715705
12-25 05:00:00,107.76138697113828
12-25 06:00:00,109.30417814519163
12-25 07:00:00,107.00482340598478
12-25 08:00:00,108.7321324934307
12-25 09:00:00,104.72479259404027
12-25 10:00:00,109.15101291702402
12-25 11:00:00,103.18212679710145
12-25 12:00:00,101.48928179490484
12-25 13:00:00,97.38727815687525
12-25 14:00:00,94.655709034705
12-25 15:00:00,92.65193921556661
12-25 16:00:00,95.53184850091256
12-25 17:00:00,94.4247578681349
12-25 18:00:00,96.91906399029172
12-25 19:00:00,100.59355231624048
12-25 20:00:00,97.5855383928568
12-25 21:00:00,102.47898724361004
12-25 22:00:00,104.17008562050151
12-25 23:00:00,100.58979026083512
12-26 00:00:00,102.83585165504576
12-26 01:00:00,101.53436970537359
12-26 02:00:00,103.0697691870761
12-26 03:00:00,104.85881787378885
12-26 04:00:00,104.13766414739348
12-26 05:00:00,103.66002344256353
12-26 06:00:00,103.14949564951051
12-26 07:00:00,105.32166451461049
12-26 08:00:00,104.40546586342643
12-26 09:00:00,106.01698164297382
12-26 10:00:00,103.47989539432953
12-26 11:00:00,101.26211001738619
12-26 12:00:00,92.47056702331977
12-26 13:00:00,86.75060782285885
12-26 14:00:00,88.2521032645345
12-26 15:00:00,89.27405646756122
12-26 16:00:00,92.74301273290871
12-26 17:00:00,92.86709289140671
12-26 18:00:00,94.89406180126294
12-26 19:00:00,96.72796445347798
12-26 20:00:00,99.849270260282
12-26 21:00:00,100.05766440717434
12-26 22:00:00,98.39466460198366
12-26 23:00:00,102.12305387461109
12-27 00:00:00,101.46795923866496
12-27 01:00:00,102.22544369801523
12-27 02:00:00,105.26782554203591
12-27 03:00:00,107.40836679947743
12-27 04:00:00,107.78971025556689
12-27 05:00:00,110.25971855678277
12-27 06:00:00,112.85249059100389
12-27 07:00:00,115.08124074883678
12-27 08:00:00,115.75478162643323
12-27 09:00:00,111.82216768050104
12-27 10:00:00,103.5806886714272
12-27 11:00:00,98.03633261305413
12-27 12:00:00,92.73414595532803
12-27 13:00:00,88.80466554429631
12-27 14:00:00,88.75826944333869
12-27 15:00:00,91.48395061815407
12-27 16:00:00,91.51915153701441
12-27 17:00:00,95.21723002655612
12-27 18:00:00,96.96907242017984
12-27 19:00:00,97.25469039420318
12-27 20:00:00,99.80677475977878
12-27 21:00:00,99.31673812488305
12-27 22:00:00,99.31673812488305
12-27 23:00:00,101.64172554039875
12-28 00:00:00,103.76999730836805
12-28 01:00:00,103.08548751270206
12-28 02:00:00,107.0579182253997
12-28 03:00:00,106.29408082869303
12-28 04:00:00,102.15137406013014
12-28 05:00:00,99.35972116049928
12-28 06:00:00,97.43766959258835
12-28 07:00:00,99.79766402924959
12-28 08:00:00,102.38375578053144
12-28 09:00:00,97.62903530096321
12-28 10:00:00,91.9708647008945
12-28 11:00:00,88.2875299377835
12-28 12:00:00,82.50916660274312
12-28 13:00:00,79.33386418398328
12-28 14:00:00,77.67177981548042
12-28 15:00:00,64.02553477055932
12-28 16:00:00,65.5676929733755
12-28 17:00:00,69.99003882413574
12-28 18:00:00,75.37802690384476
12-28 19:00:00,85.31147148406984
12-28 20:00:00,81.04925528728373
12-28 21:00:00,74.99659506492571
12-28 22:00:00,75.70790278234134
12-28 23:00:00,73.51389516150812
12-29 00:00:00,74.05843542209553
12-29 01:00:00,69.93343302742765
12-29 02:00:00,68.31947039716475
12-29 03:00:00,72.93734842347578
12-29 04:00:00,80.26761625610709
12-29 05:00:00,81.76352969317833
12-29 06:00:00,82.01486448656019
12-29 07:00:00,83.41626633772277
12-29 08:00:00,80.95281608926376
12-29 09:00:00,83.52286337371959
12-29 10:00:00,82.33382998838702
12-29 11:00:00,84.98545943819887
12-29 12:00:00,90.69940432229171
12-29 13:00:00,90.45187742985902
12-29 14:00:00,89.53450867676527
12-29 15:00:00,90.98303500099819
12-29 16:00:00,92.43391551402974
12-29 17:00:00,94.71640157749158
12-29 18:00:00,93.15987916844855
12-29 19:00:00,92.86461873451852
12-29 20:00:00,93.35950393268953
12-29 21:00:00,93.12167133911666
12-29 22:00:00,92.95006409321202
12-29 23:00:00,92.91441514958836
12-30 00:00:00,91.66823540325782
12-30 01:00:00,89.55465688251175
12-30 02:00:00,89.36340709062094
12-30 03:00:00,83.69107844403217
12-30 04:00:00,76.63889729154953
12-30 05:00:00,80.46897606879546
12-30 06:00:00,80.00516653347935
12-30 07:00:00,81.49818171211153
12-30 08:00:00,77.55917138540329
12-30 09:00:00,76.5422630765922
12-30 10:00:00,73.03191571395755
12-30 11:00:00,68.91171743660894
12-30 12:00:00,64.65119729201227
12-30 13:00:00,57.7089294824025
12-30 14:00:00,54.60543386587073
12-30 15:00:00,56.021379946272404
12-30 16:00:00,58.29809978359467
12-30 17:00:00,61.30132388883641
12-30 18:00:00,62.179982963656386
12-30 19:00:00,61.242122259984214
12-30 20:00:00,63.796942669218936
12-30 21:00:00,62.80386138034008
12-30 22:00:00,65.57030970113226
12-30 23:00:00,67.9639695947046
12-31 00:00:00,77.85337782725867
12-31 01:00:00,81.35723281651725
12-31 02:00:00,86.0771637884063
12-31 03:00:00,89.2428214493473
12-31 04:00:00,82.00322621246599
12-31 05:00:00,88.24931147130033
12-31 06:00:00,89.51911264991946
12-31 07:00:00,89.79082544359878
12-31 08:00:00,91.38496789109082
12-31 09:00:00,90.64692603998532
12-31 10:00:00,85.0684616861544
12-31 11:00:00,74.9220609167473
12-31 12:00:00,68.29503130247333
12-31 13:00:00,65.20729469162353
12-31 14:00:00,64.93389987519981
12-31 15:00:00,61.119235201778494
12-31 16:00:00,64.5778079178213
12-31 17:00:00,66.8773779680925
12-31 18:00:00,70.28397928494644
12-31 19:00:00,77.52911838850923
12-31 20:00:00,80.00580942897616
12-31 21:00:00,85.42934564054391
12-31 22:00:00,80.73608949635567
12-31 23:00:00,91.26996193144848
