,value_kW
01-01 00:00:00,101.97625798811987
01-01 01:00:00,63.149908611854976
01-01 02:00:00,50.13652924687089
01-01 03:00:00,39.06124730903594
01-01 04:00:00,29.660996942509406
01-01 05:00:00,22.846506503741217
01-01 06:00:00,27.626998674925606
01-01 07:00:00,76.63212383540893
01-01 08:00:00,131.02245975573572
01-01 09:00:00,134.698443623404
01-01 10:00:00,136.0236628473929
01-01 11:00:00,124.8843430311595
01-01 12:00:00,104.82996723665559
01-01 13:00:00,107.39741522266276
01-01 14:00:00,140.99010802672314
01-01 15:00:00,138.1391659387364
01-01 16:00:00,122.9562543087677
01-01 17:00:00,128.2847005022167
01-01 18:00:00,180.86426682591562
01-01 19:00:00,266.08543992507896
01-01 20:00:00,281.5989735744943
01-01 21:00:00,265.8208371917735
01-01 22:00:00,212.6448511023386
01-01 23:00:00,178.95264335231838
01-02 00:00:00,143.8022048266559
01-02 01:00:00,93.147590804096
01-02 02:00:00,63.737419609745814
01-02 03:00:00,40.481074625680584
01-02 04:00:00,28.775950583278707
01-02 05:00:00,18.84620922639372
01-02 06:00:00,23.367205514912015
01-02 07:00:00,59.4615656521766
01-02 08:00:00,106.8281086236031
01-02 09:00:00,115.07343936788736
01-02 10:00:00,145.56832489877888
01-02 11:00:00,114.16341447871223
01-02 12:00:00,131.49999463352768
01-02 13:00:00,136.26731279398678
01-02 14:00:00,153.59453457192768
01-02 15:00:00,122.28122450204324
01-02 16:00:00,124.26193227652415
01-02 17:00:00,136.09576135570063
01-02 18:00:00,207.57250795562737
01-02 19:00:00,281.5758641799994
01-02 20:00:00,289.6128237380369
01-02 21:00:00,273.6772564992759
01-02 22:00:00,219.04659597029374
01-02 23:00:00,180.43329047114932
01-03 00:00:00,133.54505829946805
01-03 01:00:00,90.29246060044356
01-03 02:00:00,67.54624649560579
01-03 03:00:00,43.32293560613386
01-03 04:00:00,37.817754019273
01-03 05:00:00,34.03406106528952
01-03 06:00:00,32.74593664020291
01-03 07:00:00,70.90220280405573
01-03 08:00:00,121.66834660280496
01-03 09:00:00,146.19705731514583
01-03 10:00:00,144.79973422290388
01-03 11:00:00,116.17420914203902
01-03 12:00:00,111.00328331912783
01-03 13:00:00,122.07155096152111
01-03 14:00:00,135.7788585519699
01-03 15:00:00,134.2139366680434
01-03 16:00:00,133.69353214516372
01-03 17:00:00,136.92393266569937
01-03 18:00:00,198.83840026100088
01-03 19:00:00,263.60349765193246
01-03 20:00:00,270.3829074132113
01-03 21:00:00,247.98736901853587
01-03 22:00:00,219.98290697861208
01-03 23:00:00,178.0684566292691
01-04 00:00:00,134.26657119212453
01-04 01:00:00,94.32815973261553
01-04 02:00:00,68.226394875572
01-04 03:00:00,37.451674650808
01-04 04:00:00,25.23057986186826
01-04 05:00:00,19.590005176149557
01-04 06:00:00,21.08768063239657
01-04 07:00:00,55.8987404295252
01-04 08:00:00,107.9219479188348
01-04 09:00:00,124.72022669219469
01-04 10:00:00,122.70511026635381
01-04 11:00:00,113.4500487337083
01-04 12:00:00,136.1801531338102
01-04 13:00:00,131.04596993164515
01-04 14:00:00,132.46074694001243
01-04 15:00:00,112.70883021834356
01-04 16:00:00,124.86521274795362
01-04 17:00:00,122.32068823651021
01-04 18:00:00,191.8492745169702
01-04 19:00:00,274.41313666029464
01-04 20:00:00,286.0019734959653
01-04 21:00:00,270.63503124636645
01-04 22:00:00,220.80724651808708
01-04 23:00:00,187.23821586912874
01-05 00:00:00,151.25917636733777
01-05 01:00:00,103.85415091794988
01-05 02:00:00,75.07319635441564
01-05 03:00:00,51.80219063913713
01-05 04:00:00,34.52088965959007
01-05 05:00:00,24.29272692006173
01-05 06:00:00,24.615354052242072
01-05 07:00:00,57.09746579557023
01-05 08:00:00,94.3534806098631
01-05 09:00:00,106.72479109575661
01-05 10:00:00,110.89532037456729
01-05 11:00:00,110.82054208137419
01-05 12:00:00,111.16561919355988
01-05 13:00:00,121.15843183485748
01-05 14:00:00,118.42760719313542
01-05 15:00:00,142.6141621059751
01-05 16:00:00,143.06516137499267
01-05 17:00:00,156.30715425243122
01-05 18:00:00,212.46846327138394
01-05 19:00:00,271.62637056846245
01-05 20:00:00,296.3490500081528
01-05 21:00:00,253.81885752890824
01-05 22:00:00,207.73774228265492
01-05 23:00:00,166.3502337888789
01-06 00:00:00,133.37044740801304
01-06 01:00:00,100.51588208021185
01-06 02:00:00,78.60365598867233
01-06 03:00:00,61.76980299807137
01-06 04:00:00,37.21044596969859
01-06 05:00:00,24.1582261483273
01-06 06:00:00,18.27309430201492
01-06 07:00:00,19.763024641820472
01-06 08:00:00,43.612075659551884
01-06 09:00:00,70.56889330770483
01-06 10:00:00,99.41014474340811
01-06 11:00:00,162.7968741821001
01-06 12:00:00,191.8588939469476
01-06 13:00:00,148.9045682305324
01-06 14:00:00,141.15936421119133
01-06 15:00:00,149.29620078103497
01-06 16:00:00,169.15176889909063
01-06 17:00:00,169.85835203421846
01-06 18:00:00,210.27906946186934
01-06 19:00:00,188.89356345074953
01-06 20:00:00,189.0794132504807
01-06 21:00:00,137.27643343579774
01-06 22:00:00,107.73384280792226
01-06 23:00:00,100.17062918287
01-07 00:00:00,94.24049744608047
01-07 01:00:00,77.80060497347024
01-07 02:00:00,61.58563441981573
01-07 03:00:00,50.300630417765646
01-07 04:00:00,29.606377485652487
01-07 05:00:00,24.07548282118598
01-07 06:00:00,21.031703912186018
01-07 07:00:00,20.61996523875432
01-07 08:00:00,22.319476744232063
01-07 09:00:00,43.445946730164366
01-07 10:00:00,51.079184416250804
01-07 11:00:00,102.11807140665094
01-07 12:00:00,84.74972191444574
01-07 13:00:00,108.36277381269727
01-07 14:00:00,93.29118059973939
01-07 15:00:00,102.09701740556746
01-07 16:00:00,116.05271581888289
01-07 17:00:00,136.3692270912168
01-07 18:00:00,190.49196278421365
01-07 19:00:00,205.5841648032962
01-07 20:00:00,185.4401439851527
01-07 21:00:00,161.23093756398208
01-07 22:00:00,147.04631245681793
01-07 23:00:00,134.09636549621808
01-08 00:00:00,101.97625798811987
01-08 01:00:00,63.149908611854976
01-08 02:00:00,50.13652924687089
01-08 03:00:00,39.06124730903594
01-08 04:00:00,29.660996942509406
01-08 05:00:00,22.846506503741217
01-08 06:00:00,27.626998674925606
01-08 07:00:00,76.63212383540893
01-08 08:00:00,131.02245975573572
01-08 09:00:00,134.698443623404
01-08 10:00:00,136.0236628473929
01-08 11:00:00,124.8843430311595
01-08 12:00:00,104.82996723665559
01-08 13:00:00,107.39741522266276
01-08 14:00:00,140.99010802672314
01-08 15:00:00,138.1391659387364
01-08 16:00:00,122.9562543087677
01-08 17:00:00,128.2847005022167
01-08 18:00:00,180.86426682591562
01-08 19:00:00,266.08543992507896
01-08 20:00:00,281.5989735744943
01-08 21:00:00,265.8208371917735
01-08 22:00:00,212.6448511023386
01-08 23:00:00,178.95264335231838
01-09 00:00:00,143.8022048266559
01-09 01:00:00,93.147590804096
01-09 02:00:00,63.737419609745814
01-09 03:00:00,40.481074625680584
01-09 04:00:00,28.775950583278707
01-09 05:00:00,18.84620922639372
01-09 06:00:00,23.367205514912015
01-09 07:00:00,59.4615656521766
01-09 08:00:00,106.8281086236031
01-09 09:00:00,115.07343936788736
01-09 10:00:00,145.56832489877888
01-09 11:00:00,114.16341447871223
01-09 12:00:00,131.49999463352768
01-09 13:00:00,136.26731279398678
01-09 14:00:00,153.59453457192768
01-09 15:00:00,122.28122450204324
01-09 16:00:00,124.26193227652415
01-09 17:00:00,136.09576135570063
01-09 18:00:00,207.57250795562737
01-09 19:00:00,281.5758641799994
01-09 20:00:00,289.6128237380369
01-09 21:00:00,273.6772564992759
01-09 22:00:00,219.04659597029374
01-09 23:00:00,180.43329047114932
01-10 00:00:00,133.54505829946805
01-10 01:00:00,90.29246060044356
01-10 02:00:00,67.54624649560579
01-10 03:00:00,43.32293560613386
01-10 04:00:00,37.817754019273
01-10 05:00:00,34.03406106528952
01-10 06:00:00,32.74593664020291
01-10 07:00:00,70.90220280405573
01-10 08:00:00,121.66834660280496
01-10 09:00:00,146.19705731514583
01-10 10:00:00,144.79973422290388
01-10 11:00:00,116.17420914203902
01-10 12:00:00,111.00328331912783
01-10 13:00:00,122.07155096152111
01-10 14:00:00,135.7788585519699
01-10 15:00:00,134.2139366680434
01-10 16:00:00,133.69353214516372
01-10 17:00:00,136.92393266569937
01-10 18:00:00,198.83840026100088
01-10 19:00:00,263.60349765193246
01-10 20:00:00,270.3829074132113
01-10 21:00:00,247.98736901853587
01-10 22:00:00,219.98290697861208
01-10 23:00:00,178.0684566292691
01-11 00:00:00,134.26657119212453
01-11 01:00:00,94.32815973261553
01-11 02:00:00,68.226394875572
01-11 03:00:00,37.451674650808
01-11 04:00:00,25.23057986186826
01-11 05:00:00,19.590005176149557
01-11 06:00:00,21.08768063239657
01-11 07:00:00,55.8987404295252
01-11 08:00:00,107.9219479188348
01-11 09:00:00,124.72022669219469
01-11 10:00:00,122.70511026635381
01-11 11:00:00,113.4500487337083
01-11 12:00:00,136.1801531338102
01-11 13:00:00,131.04596993164515
01-11 14:00:00,132.46074694001243
01-11 15:00:00,112.70883021834356
01-11 16:00:00,124.86521274795362
01-11 17:00:00,122.32068823651021
01-11 18:00:00,191.8492745169702
01-11 19:00:00,274.41313666029464
01-11 20:00:00,286.0019734959653
01-11 21:00:00,270.63503124636645
01-11 22:00:00,220.80724651808708
01-11 23:00:00,187.23821586912874
01-12 00:00:00,151.25917636733777
01-12 01:00:00,103.85415091794988
01-12 02:00:00,75.07319635441564
01-12 03:00:00,51.80219063913713
01-12 04:00:00,34.52088965959007
01-12 05:00:00,24.29272692006173
01-12 06:00:00,24.615354052242072
01-12 07:00:00,57.09746579557023
01-12 08:00:00,94.3534806098631
01-12 09:00:00,106.72479109575661
01-12 10:00:00,110.89532037456729
01-12 11:00:00,110.82054208137419
01-12 12:00:00,111.16561919355988
01-12 13:00:00,121.15843183485748
01-12 14:00:00,118.42760719313542
01-12 15:00:00,142.6141621059751
01-12 16:00:00,143.06516137499267
01-12 17:00:00,156.30715425243122
01-12 18:00:00,212.46846327138394
01-12 19:00:00,271.62637056846245
01-12 20:00:00,296.3490500081528
01-12 21:00:00,253.81885752890824
01-12 22:00:00,207.73774228265492
01-12 23:00:00,166.3502337888789
01-13 00:00:00,133.37044740801304
01-13 01:00:00,100.51588208021185
01-13 02:00:00,78.60365598867233
01-13 03:00:00,61.76980299807137
01-13 04:00:00,37.21044596969859
01-13 05:00:00,24.1582261483273
01-13 06:00:00,18.27309430201492
01-13 07:00:00,19.763024641820472
01-13 08:00:00,43.612075659551884
01-13 09:00:00,70.56889330770483
01-13 10:00:00,99.41014474340811
01-13 11:00:00,162.7968741821001
01-13 12:00:00,191.8588939469476
01-13 13:00:00,148.9045682305324
01-13 14:00:00,141.15936421119133
01-13 15:00:00,149.29620078103497
01-13 16:00:00,169.15176889909063
01-13 17:00:00,169.85835203421846
01-13 18:00:00,210.27906946186934
01-13 19:00:00,188.89356345074953
01-13 20:00:00,189.0794132504807
01-13 21:00:00,137.27643343579774
01-13 22:00:00,107.73384280792226
01-13 23:00:00,100.17062918287
01-14 00:00:00,94.24049744608047
01-14 01:00:00,77.80060497347024
01-14 02:00:00,61.58563441981573
01-14 03:00:00,50.300630417765646
01-14 04:00:00,29.606377485652487
01-14 05:00:00,24.07548282118598
01-14 06:00:00,21.031703912186018
01-14 07:00:00,20.61996523875432
01-14 08:00:00,22.319476744232063
01-14 09:00:00,43.445946730164366
01-14 10:00:00,51.079184416250804
01-14 11:00:00,102.11807140665094
01-14 12:00:00,84.74972191444574
01-14 13:00:00,108.36277381269727
01-14 14:00:00,93.29118059973939
01-14 15:00:00,102.09701740556746
01-14 16:00:00,116.05271581888289
01-14 17:00:00,136.3692270912168
01-14 18:00:00,190.49196278421365
01-14 19:00:00,205.5841648032962
01-14 20:00:00,185.4401439851527
01-14 21:00:00,161.23093756398208
01-14 22:00:00,147.04631245681793
01-14 23:00:00,134.09636549621808
01-15 00:00:00,101.97625798811987
01-15 01:00:00,63.149908611854976
01-15 02:00:00,50.13652924687089
01-15 03:00:00,39.06124730903594
01-15 04:00:00,29.660996942509406
01-15 05:00:00,22.846506503741217
01-15 06:00:00,27.626998674925606
01-15 07:00:00,76.63212383540893
01-15 08:00:00,131.02245975573572
01-15 09:00:00,134.698443623404
01-15 10:00:00,136.0236628473929
01-15 11:00:00,124.8843430311595
01-15 12:00:00,104.82996723665559
01-15 13:00:00,107.39741522266276
01-15 14:00:00,140.99010802672314
01-15 15:00:00,138.1391659387364
01-15 16:00:00,122.9562543087677
01-15 17:00:00,128.2847005022167
01-15 18:00:00,180.86426682591562
01-15 19:00:00,266.08543992507896
01-15 20:00:00,281.5989735744943
01-15 21:00:00,265.8208371917735
01-15 22:00:00,212.6448511023386
01-15 23:00:00,178.95264335231838
01-16 00:00:00,143.8022048266559
01-16 01:00:00,93.147590804096
01-16 02:00:00,63.737419609745814
01-16 03:00:00,40.481074625680584
01-16 04:00:00,28.775950583278707
01-16 05:00:00,18.84620922639372
01-16 06:00:00,23.367205514912015
01-16 07:00:00,59.4615656521766
01-16 08:00:00,106.8281086236031
01-16 09:00:00,115.07343936788736
01-16 10:00:00,145.56832489877888
01-16 11:00:00,114.16341447871223
01-16 12:00:00,131.49999463352768
01-16 13:00:00,136.26731279398678
01-16 14:00:00,153.59453457192768
01-16 15:00:00,122.28122450204324
01-16 16:00:00,124.26193227652415
01-16 17:00:00,136.09576135570063
01-16 18:00:00,207.57250795562737
01-16 19:00:00,281.5758641799994
01-16 20:00:00,289.6128237380369
01-16 21:00:00,273.6772564992759
01-16 22:00:00,219.04659597029374
01-16 23:00:00,180.43329047114932
01-17 00:00:00,133.54505829946805
01-17 01:00:00,90.29246060044356
01-17 02:00:00,67.54624649560579
01-17 03:00:00,43.32293560613386
01-17 04:00:00,37.817754019273
01-17 05:00:00,34.03406106528952
01-17 06:00:00,32.74593664020291
01-17 07:00:00,70.90220280405573
01-17 08:00:00,121.66834660280496
01-17 09:00:00,146.19705731514583
01-17 10:00:00,144.79973422290388
01-17 11:00:00,116.17420914203902
01-17 12:00:00,111.00328331912783
01-17 13:00:00,122.07155096152111
01-17 14:00:00,135.7788585519699
01-17 15:00:00,134.2139366680434
01-17 16:00:00,133.69353214516372
01-17 17:00:00,136.92393266569937
01-17 18:00:00,198.83840026100088
01-17 19:00:00,263.60349765193246
01-17 20:00:00,270.3829074132113
01-17 21:00:00,247.98736901853587
01-17 22:00:00,219.98290697861208
01-17 23:00:00,178.0684566292691
01-18 00:00:00,134.26657119212453
01-18 01:00:00,94.32815973261553
01-18 02:00:00,68.226394875572
01-18 03:00:00,37.451674650808
01-18 04:00:00,25.23057986186826
01-18 05:00:00,19.590005176149557
01-18 06:00:00,21.08768063239657
01-18 07:00:00,55.8987404295252
01-18 08:00:00,107.9219479188348
01-18 09:00:00,124.72022669219469
01-18 10:00:00,122.70511026635381
01-18 11:00:00,113.4500487337083
01-18 12:00:00,136.1801531338102
01-18 13:00:00,131.04596993164515
01-18 14:00:00,132.46074694001243
01-18 15:00:00,112.70883021834356
01-18 16:00:00,124.86521274795362
01-18 17:00:00,122.32068823651021
01-18 18:00:00,191.8492745169702
01-18 19:00:00,274.41313666029464
01-18 20:00:00,286.0019734959653
01-18 21:00:00,270.63503124636645
01-18 22:00:00,220.80724651808708
01-18 23:00:00,187.23821586912874
01-19 00:00:00,151.25917636733777
01-19 01:00:00,103.85415091794988
01-19 02:00:00,75.07319635441564
01-19 03:00:00,51.80219063913713
01-19 04:00:00,34.52088965959007
01-19 05:00:00,24.29272692006173
01-19 06:00:00,24.615354052242072
01-19 07:00:00,57.09746579557023
01-19 08:00:00,94.3534806098631
01-19 09:00:00,106.72479109575661
01-19 10:00:00,110.89532037456729
01-19 11:00:00,110.82054208137419
01-19 12:00:00,111.16561919355988
01-19 13:00:00,121.15843183485748
01-19 14:00:00,118.42760719313542
01-19 15:00:00,142.6141621059751
01-19 16:00:00,143.06516137499267
01-19 17:00:00,156.30715425243122
01-19 18:00:00,212.46846327138394
01-19 19:00:00,271.62637056846245
01-19 20:00:00,296.3490500081528
01-19 21:00:00,253.81885752890824
01-19 22:00:00,207.73774228265492
01-19 23:00:00,166.3502337888789
01-20 00:00:00,133.37044740801304
01-20 01:00:00,100.51588208021185
01-20 02:00:00,78.60365598867233
01-20 03:00:00,61.76980299807137
01-20 04:00:00,37.21044596969859
01-20 05:00:00,24.1582261483273
01-20 06:00:00,18.27309430201492
01-20 07:00:00,19.763024641820472
01-20 08:00:00,43.612075659551884
01-20 09:00:00,70.56889330770483
01-20 10:00:00,99.41014474340811
01-20 11:00:00,162.7968741821001
01-20 12:00:00,191.8588939469476
01-20 13:00:00,148.9045682305324
01-20 14:00:00,141.15936421119133
01-20 15:00:00,149.29620078103497
01-20 16:00:00,169.15176889909063
01-20 17:00:00,169.85835203421846
01-20 18:00:00,210.27906946186934
01-20 19:00:00,188.89356345074953
01-20 20:00:00,189.0794132504807
01-20 21:00:00,137.27643343579774
01-20 22:00:00,107.73384280792226
01-20 23:00:00,100.17062918287
01-21 00:00:00,94.24049744608047
01-21 01:00:00,77.80060497347024
01-21 02:00:00,61.58563441981573
01-21 03:00:00,50.300630417765646
01-21 04:00:00,29.606377485652487
01-21 05:00:00,24.07548282118598
01-21 06:00:00,21.031703912186018
01-21 07:00:00,20.61996523875432
01-21 08:00:00,22.319476744232063
01-21 09:00:00,43.445946730164366
01-21 10:00:00,51.079184416250804
01-21 11:00:00,102.11807140665094
01-21 12:00:00,84.74972191444574
01-21 13:00:00,108.36277381269727
01-21 14:00:00,93.29118059973939
01-21 15:00:00,102.09701740556746
01-21 16:00:00,116.05271581888289
01-21 17:00:00,136.3692270912168
01-21 18:00:00,190.49196278421365
01-21 19:00:00,205.5841648032962
01-21 20:00:00,185.4401439851527
01-21 21:00:00,161.23093756398208
01-21 22:00:00,147.04631245681793
01-21 23:00:00,134.09636549621808
01-22 00:00:00,101.97625798811987
01-22 01:00:00,63.149908611854976
01-22 02:00:00,50.13652924687089
01-22 03:00:00,39.06124730903594
01-22 04:00:00,29.660996942509406
01-22 05:00:00,22.846506503741217
01-22 06:00:00,27.626998674925606
01-22 07:00:00,76.63212383540893
01-22 08:00:00,131.02245975573572
01-22 09:00:00,134.698443623404
01-22 10:00:00,136.0236628473929
01-22 11:00:00,124.8843430311595
01-22 12:00:00,104.82996723665559
01-22 13:00:00,107.39741522266276
01-22 14:00:00,140.99010802672314
01-22 15:00:00,138.1391659387364
01-22 16:00:00,122.9562543087677
01-22 17:00:00,128.2847005022167
01-22 18:00:00,180.86426682591562
01-22 19:00:00,266.08543992507896
01-22 20:00:00,281.5989735744943
01-22 21:00:00,265.8208371917735
01-22 22:00:00,212.6448511023386
01-22 23:00:00,178.95264335231838
01-23 00:00:00,143.8022048266559
01-23 01:00:00,93.147590804096
01-23 02:00:00,63.737419609745814
01-23 03:00:00,40.481074625680584
01-23 04:00:00,28.775950583278707
01-23 05:00:00,18.84620922639372
01-23 06:00:00,23.367205514912015
01-23 07:00:00,59.4615656521766
01-23 08:00:00,106.8281086236031
01-23 09:00:00,115.07343936788736
01-23 10:00:00,145.56832489877888
01-23 11:00:00,114.16341447871223
01-23 12:00:00,131.49999463352768
01-23 13:00:00,136.26731279398678
01-23 14:00:00,153.59453457192768
01-23 15:00:00,122.28122450204324
01-23 16:00:00,124.26193227652415
01-23 17:00:00,136.09576135570063
01-23 18:00:00,207.57250795562737
01-23 19:00:00,281.5758641799994
01-23 20:00:00,289.6128237380369
01-23 21:00:00,273.6772564992759
01-23 22:00:00,219.04659597029374
01-23 23:00:00,180.43329047114932
01-24 00:00:00,133.54505829946805
01-24 01:00:00,90.29246060044356
01-24 02:00:00,67.54624649560579
01-24 03:00:00,43.32293560613386
01-24 04:00:00,37.817754019273
01-24 05:00:00,34.03406106528952
01-24 06:00:00,32.74593664020291
01-24 07:00:00,70.90220280405573
01-24 08:00:00,121.66834660280496
01-24 09:00:00,146.19705731514583
01-24 10:00:00,144.79973422290388
01-24 11:00:00,116.17420914203902
01-24 12:00:00,111.00328331912783
01-24 13:00:00,122.07155096152111
01-24 14:00:00,135.7788585519699
01-24 15:00:00,134.2139366680434
01-24 16:00:00,133.69353214516372
01-24 17:00:00,136.92393266569937
01-24 18:00:00,198.83840026100088
01-24 19:00:00,263.60349765193246
01-24 20:00:00,270.3829074132113
01-24 21:00:00,247.98736901853587
01-24 22:00:00,219.98290697861208
01-24 23:00:00,178.0684566292691
01-25 00:00:00,134.26657119212453
01-25 01:00:00,94.32815973261553
01-25 02:00:00,68.226394875572
01-25 03:00:00,37.451674650808
01-25 04:00:00,25.23057986186826
01-25 05:00:00,19.590005176149557
01-25 06:00:00,21.08768063239657
01-25 07:00:00,55.8987404295252
01-25 08:00:00,107.9219479188348
01-25 09:00:00,124.72022669219469
01-25 10:00:00,122.70511026635381
01-25 11:00:00,113.4500487337083
01-25 12:00:00,136.1801531338102
01-25 13:00:00,131.04596993164515
01-25 14:00:00,132.46074694001243
01-25 15:00:00,112.70883021834356
01-25 16:00:00,124.86521274795362
01-25 17:00:00,122.32068823651021
01-25 18:00:00,191.8492745169702
01-25 19:00:00,274.41313666029464
01-25 20:00:00,286.0019734959653
01-25 21:00:00,270.63503124636645
01-25 22:00:00,220.80724651808708
01-25 23:00:00,187.23821586912874
01-26 00:00:00,151.25917636733777
01-26 01:00:00,103.85415091794988
01-26 02:00:00,75.07319635441564
01-26 03:00:00,51.80219063913713
01-26 04:00:00,34.52088965959007
01-26 05:00:00,24.29272692006173
01-26 06:00:00,24.615354052242072
01-26 07:00:00,57.09746579557023
01-26 08:00:00,94.3534806098631
01-26 09:00:00,106.72479109575661
01-26 10:00:00,110.89532037456729
01-26 11:00:00,110.82054208137419
01-26 12:00:00,111.16561919355988
01-26 13:00:00,121.15843183485748
01-26 14:00:00,118.42760719313542
01-26 15:00:00,142.6141621059751
01-26 16:00:00,143.06516137499267
01-26 17:00:00,156.30715425243122
01-26 18:00:00,212.46846327138394
01-26 19:00:00,271.62637056846245
01-26 20:00:00,296.3490500081528
01-26 21:00:00,253.81885752890824
01-26 22:00:00,207.73774228265492
01-26 23:00:00,166.3502337888789
01-27 00:00:00,133.37044740801304
01-27 01:00:00,100.51588208021185
01-27 02:00:00,78.60365598867233
01-27 03:00:00,61.76980299807137
01-27 04:00:00,37.21044596969859
01-27 05:00:00,24.1582261483273
01-27 06:00:00,18.27309430201492
01-27 07:00:00,19.763024641820472
01-27 08:00:00,43.612075659551884
01-27 09:00:00,70.56889330770483
01-27 10:00:00,99.41014474340811
01-27 11:00:00,162.7968741821001
01-27 12:00:00,191.8588939469476
01-27 13:00:00,148.9045682305324
01-27 14:00:00,141.15936421119133
01-27 15:00:00,149.29620078103497
01-27 16:00:00,169.15176889909063
01-27 17:00:00,169.85835203421846
01-27 18:00:00,210.27906946186934
01-27 19:00:00,188.89356345074953
01-27 20:00:00,189.0794132504807
01-27 21:00:00,137.27643343579774
01-27 22:00:00,107.73384280792226
01-27 23:00:00,100.17062918287
01-28 00:00:00,94.24049744608047
01-28 01:00:00,77.80060497347024
01-28 02:00:00,61.58563441981573
01-28 03:00:00,50.300630417765646
01-28 04:00:00,29.606377485652487
01-28 05:00:00,24.07548282118598
01-28 06:00:00,21.031703912186018
01-28 07:00:00,20.61996523875432
01-28 08:00:00,22.319476744232063
01-28 09:00:00,43.445946730164366
01-28 10:00:00,51.079184416250804
01-28 11:00:00,102.11807140665094
01-28 12:00:00,84.74972191444574
01-28 13:00:00,108.36277381269727
01-28 14:00:00,93.29118059973939
01-28 15:00:00,102.09701740556746
01-28 16:00:00,116.05271581888289
01-28 17:00:00,136.3692270912168
01-28 18:00:00,190.49196278421365
01-28 19:00:00,205.5841648032962
01-28 20:00:00,185.4401439851527
01-28 21:00:00,161.23093756398208
01-28 22:00:00,147.04631245681793
01-28 23:00:00,134.09636549621808
01-29 00:00:00,101.97625798811987
01-29 01:00:00,63.149908611854976
01-29 02:00:00,50.13652924687089
01-29 03:00:00,39.06124730903594
01-29 04:00:00,29.660996942509406
01-29 05:00:00,22.846506503741217
01-29 06:00:00,27.626998674925606
01-29 07:00:00,76.63212383540893
01-29 08:00:00,131.02245975573572
01-29 09:00:00,134.698443623404
01-29 10:00:00,136.0236628473929
01-29 11:00:00,124.8843430311595
01-29 12:00:00,104.82996723665559
01-29 13:00:00,107.39741522266276
01-29 14:00:00,140.99010802672314
01-29 15:00:00,138.1391659387364
01-29 16:00:00,122.9562543087677
01-29 17:00:00,128.2847005022167
01-29 18:00:00,180.86426682591562
01-29 19:00:00,266.08543992507896
01-29 20:00:00,281.5989735744943
01-29 21:00:00,265.8208371917735
01-29 22:00:00,212.6448511023386
01-29 23:00:00,178.95264335231838
01-30 00:00:00,143.8022048266559
01-30 01:00:00,93.147590804096
01-30 02:00:00,63.737419609745814
01-30 03:00:00,40.481074625680584
01-30 04:00:00,28.775950583278707
01-30 05:00:00,18.84620922639372
01-30 06:00:00,23.367205514912015
01-30 07:00:00,59.4615656521766
01-30 08:00:00,106.8281086236031
01-30 09:00:00,115.07343936788736
01-30 10:00:00,145.56832489877888
01-30 11:00:00,114.16341447871223
01-30 12:00:00,131.49999463352768
01-30 13:00:00,136.26731279398678
01-30 14:00:00,153.59453457192768
01-30 15:00:00,122.28122450204324
01-30 16:00:00,124.26193227652415
01-30 17:00:00,136.09576135570063
01-30 18:00:00,207.57250795562737
01-30 19:00:00,281.5758641799994
01-30 20:00:00,289.6128237380369
01-30 21:00:00,273.6772564992759
01-30 22:00:00,219.04659597029374
01-30 23:00:00,180.43329047114932
01-31 00:00:00,133.54505829946805
01-31 01:00:00,90.29246060044356
01-31 02:00:00,67.54624649560579
01-31 03:00:00,43.32293560613386
01-31 04:00:00,37.817754019273
01-31 05:00:00,34.03406106528952
01-31 06:00:00,32.74593664020291
01-31 07:00:00,70.90220280405573
01-31 08:00:00,121.66834660280496
01-31 09:00:00,146.19705731514583
01-31 10:00:00,144.79973422290388
01-31 11:00:00,116.17420914203902
01-31 12:00:00,111.00328331912783
01-31 13:00:00,122.07155096152111
01-31 14:00:00,135.7788585519699
01-31 15:00:00,134.2139366680434
01-31 16:00:00,133.69353214516372
01-31 17:00:00,136.92393266569937
01-31 18:00:00,198.83840026100088
01-31 19:00:00,263.60349765193246
01-31 20:00:00,270.3829074132113
01-31 21:00:00,247.98736901853587
01-31 22:00:00,219.98290697861208
01-31 23:00:00,178.0684566292691
02-01 00:00:00,134.26657119212453
02-01 01:00:00,94.32815973261553
02-01 02:00:00,68.226394875572
02-01 03:00:00,37.451674650808
02-01 04:00:00,25.23057986186826
02-01 05:00:00,19.590005176149557
02-01 06:00:00,21.08768063239657
02-01 07:00:00,55.8987404295252
02-01 08:00:00,107.9219479188348
02-01 09:00:00,124.72022669219469
02-01 10:00:00,122.70511026635381
02-01 11:00:00,113.4500487337083
02-01 12:00:00,136.1801531338102
02-01 13:00:00,131.04596993164515
02-01 14:00:00,132.46074694001243
02-01 15:00:00,112.70883021834356
02-01 16:00:00,124.86521274795362
02-01 17:00:00,122.32068823651021
02-01 18:00:00,191.8492745169702
02-01 19:00:00,274.41313666029464
02-01 20:00:00,286.0019734959653
02-01 21:00:00,270.63503124636645
02-01 22:00:00,220.80724651808708
02-01 23:00:00,187.23821586912874
02-02 00:00:00,151.25917636733777
02-02 01:00:00,103.85415091794988
02-02 02:00:00,75.07319635441564
02-02 03:00:00,51.80219063913713
02-02 04:00:00,34.52088965959007
02-02 05:00:00,24.29272692006173
02-02 06:00:00,24.615354052242072
02-02 07:00:00,57.09746579557023
02-02 08:00:00,94.3534806098631
02-02 09:00:00,106.72479109575661
02-02 10:00:00,110.89532037456729
02-02 11:00:00,110.82054208137419
02-02 12:00:00,111.16561919355988
02-02 13:00:00,121.15843183485748
02-02 14:00:00,118.42760719313542
02-02 15:00:00,142.6141621059751
02-02 16:00:00,143.06516137499267
02-02 17:00:00,156.30715425243122
02-02 18:00:00,212.46846327138394
02-02 19:00:00,271.62637056846245
02-02 20:00:00,296.3490500081528
02-02 21:00:00,253.81885752890824
02-02 22:00:00,207.73774228265492
02-02 23:00:00,166.3502337888789
02-03 00:00:00,133.37044740801304
02-03 01:00:00,100.51588208021185
02-03 02:00:00,78.60365598867233
02-03 03:00:00,61.76980299807137
02-03 04:00:00,37.21044596969859
02-03 05:00:00,24.1582261483273
02-03 06:00:00,18.27309430201492
02-03 07:00:00,19.763024641820472
02-03 08:00:00,43.612075659551884
02-03 09:00:00,70.56889330770483
02-03 10:00:00,99.41014474340811
02-03 11:00:00,162.7968741821001
02-03 12:00:00,191.8588939469476
02-03 13:00:00,148.9045682305324
02-03 14:00:00,141.15936421119133
02-03 15:00:00,149.29620078103497
02-03 16:00:00,169.15176889909063
02-03 17:00:00,169.85835203421846
02-03 18:00:00,210.27906946186934
02-03 19:00:00,188.89356345074953
02-03 20:00:00,189.0794132504807
02-03 21:00:00,137.27643343579774
02-03 22:00:00,107.73384280792226
02-03 23:00:00,100.17062918287
02-04 00:00:00,94.24049744608047
02-04 01:00:00,77.80060497347024
02-04 02:00:00,61.58563441981573
02-04 03:00:00,50.300630417765646
02-04 04:00:00,29.606377485652487
02-04 05:00:00,24.07548282118598
02-04 06:00:00,21.031703912186018
02-04 07:00:00,20.61996523875432
02-04 08:00:00,22.319476744232063
02-04 09:00:00,43.445946730164366
02-04 10:00:00,51.079184416250804
02-04 11:00:00,102.11807140665094
02-04 12:00:00,84.74972191444574
02-04 13:00:00,108.36277381269727
02-04 14:00:00,93.29118059973939
02-04 15:00:00,102.09701740556746
02-04 16:00:00,116.05271581888289
02-04 17:00:00,136.3692270912168
02-04 18:00:00,190.49196278421365
02-04 19:00:00,205.5841648032962
02-04 20:00:00,185.4401439851527
02-04 21:00:00,161.23093756398208
02-04 22:00:00,147.04631245681793
02-04 23:00:00,134.09636549621808
02-05 00:00:00,101.97625798811987
02-05 01:00:00,63.149908611854976
02-05 02:00:00,50.13652924687089
02-05 03:00:00,39.06124730903594
02-05 04:00:00,29.660996942509406
02-05 05:00:00,22.846506503741217
02-05 06:00:00,27.626998674925606
02-05 07:00:00,76.63212383540893
02-05 08:00:00,131.02245975573572
02-05 09:00:00,134.698443623404
02-05 10:00:00,136.0236628473929
02-05 11:00:00,124.8843430311595
02-05 12:00:00,104.82996723665559
02-05 13:00:00,107.39741522266276
02-05 14:00:00,140.99010802672314
02-05 15:00:00,138.1391659387364
02-05 16:00:00,122.9562543087677
02-05 17:00:00,128.2847005022167
02-05 18:00:00,180.86426682591562
02-05 19:00:00,266.08543992507896
02-05 20:00:00,281.5989735744943
02-05 21:00:00,265.8208371917735
02-05 22:00:00,212.6448511023386
02-05 23:00:00,178.95264335231838
02-06 00:00:00,143.8022048266559
02-06 01:00:00,93.147590804096
02-06 02:00:00,63.737419609745814
02-06 03:00:00,40.481074625680584
02-06 04:00:00,28.775950583278707
02-06 05:00:00,18.84620922639372
02-06 06:00:00,23.367205514912015
02-06 07:00:00,59.4615656521766
02-06 08:00:00,106.8281086236031
02-06 09:00:00,115.07343936788736
02-06 10:00:00,145.56832489877888
02-06 11:00:00,114.16341447871223
02-06 12:00:00,131.49999463352768
02-06 13:00:00,136.26731279398678
02-06 14:00:00,153.59453457192768
02-06 15:00:00,122.28122450204324
02-06 16:00:00,124.26193227652415
02-06 17:00:00,136.09576135570063
02-06 18:00:00,207.57250795562737
02-06 19:00:00,281.5758641799994
02-06 20:00:00,289.6128237380369
02-06 21:00:00,273.6772564992759
02-06 22:00:00,219.04659597029374
02-06 23:00:00,180.43329047114932
02-07 00:00:00,133.54505829946805
02-07 01:00:00,90.29246060044356
02-07 02:00:00,67.54624649560579
02-07 03:00:00,43.32293560613386
02-07 04:00:00,37.817754019273
02-07 05:00:00,34.03406106528952
02-07 06:00:00,32.74593664020291
02-07 07:00:00,70.90220280405573
02-07 08:00:00,121.66834660280496
02-07 09:00:00,146.19705731514583
02-07 10:00:00,144.79973422290388
02-07 11:00:00,116.17420914203902
02-07 12:00:00,111.00328331912783
02-07 13:00:00,122.07155096152111
02-07 14:00:00,135.7788585519699
02-07 15:00:00,134.2139366680434
02-07 16:00:00,133.69353214516372
02-07 17:00:00,136.92393266569937
02-07 18:00:00,198.83840026100088
02-07 19:00:00,263.60349765193246
02-07 20:00:00,270.3829074132113
02-07 21:00:00,247.98736901853587
02-07 22:00:00,219.98290697861208
02-07 23:00:00,178.0684566292691
02-08 00:00:00,134.26657119212453
02-08 01:00:00,94.32815973261553
02-08 02:00:00,68.226394875572
02-08 03:00:00,37.451674650808
02-08 04:00:00,25.23057986186826
02-08 05:00:00,19.590005176149557
02-08 06:00:00,21.08768063239657
02-08 07:00:00,55.8987404295252
02-08 08:00:00,107.9219479188348
02-08 09:00:00,124.72022669219469
02-08 10:00:00,122.70511026635381
02-08 11:00:00,113.4500487337083
02-08 12:00:00,136.1801531338102
02-08 13:00:00,131.04596993164515
02-08 14:00:00,132.46074694001243
02-08 15:00:00,112.70883021834356
02-08 16:00:00,124.86521274795362
02-08 17:00:00,122.32068823651021
02-08 18:00:00,191.8492745169702
02-08 19:00:00,274.41313666029464
02-08 20:00:00,286.0019734959653
02-08 21:00:00,270.63503124636645
02-08 22:00:00,220.80724651808708
02-08 23:00:00,187.23821586912874
02-09 00:00:00,151.25917636733777
02-09 01:00:00,103.85415091794988
02-09 02:00:00,75.07319635441564
02-09 03:00:00,51.80219063913713
02-09 04:00:00,34.52088965959007
02-09 05:00:00,24.29272692006173
02-09 06:00:00,24.615354052242072
02-09 07:00:00,57.09746579557023
02-09 08:00:00,94.3534806098631
02-09 09:00:00,106.72479109575661
02-09 10:00:00,110.89532037456729
02-09 11:00:00,110.82054208137419
02-09 12:00:00,111.16561919355988
02-09 13:00:00,121.15843183485748
02-09 14:00:00,118.42760719313542
02-09 15:00:00,142.6141621059751
02-09 16:00:00,143.06516137499267
02-09 17:00:00,156.30715425243122
02-09 18:00:00,212.46846327138394
02-09 19:00:00,271.62637056846245
02-09 20:00:00,296.3490500081528
02-09 21:00:00,253.81885752890824
02-09 22:00:00,207.73774228265492
02-09 23:00:00,166.3502337888789
02-10 00:00:00,133.37044740801304
02-10 01:00:00,100.51588208021185
02-10 02:00:00,78.60365598867233
02-10 03:00:00,61.76980299807137
02-10 04:00:00,37.21044596969859
02-10 05:00:00,24.1582261483273
02-10 06:00:00,18.27309430201492
02-10 07:00:00,19.763024641820472
02-10 08:00:00,43.612075659551884
02-10 09:00:00,70.56889330770483
02-10 10:00:00,99.41014474340811
02-10 11:00:00,162.7968741821001
02-10 12:00:00,191.8588939469476
02-10 13:00:00,148.9045682305324
02-10 14:00:00,141.15936421119133
02-10 15:00:00,149.29620078103497
02-10 16:00:00,169.15176889909063
02-10 17:00:00,169.85835203421846
02-10 18:00:00,210.27906946186934
02-10 19:00:00,188.89356345074953
02-10 20:00:00,189.0794132504807
02-10 21:00:00,137.27643343579774
02-10 22:00:00,107.73384280792226
02-10 23:00:00,100.17062918287
02-11 00:00:00,94.24049744608047
02-11 01:00:00,77.80060497347024
02-11 02:00:00,61.58563441981573
02-11 03:00:00,50.300630417765646
02-11 04:00:00,29.606377485652487
02-11 05:00:00,24.07548282118598
02-11 06:00:00,21.031703912186018
02-11 07:00:00,20.61996523875432
02-11 08:00:00,22.319476744232063
02-11 09:00:00,43.445946730164366
02-11 10:00:00,51.079184416250804
02-11 11:00:00,102.11807140665094
02-11 12:00:00,84.74972191444574
02-11 13:00:00,108.36277381269727
02-11 14:00:00,93.29118059973939
02-11 15:00:00,102.09701740556746
02-11 16:00:00,116.05271581888289
02-11 17:00:00,136.3692270912168
02-11 18:00:00,190.49196278421365
02-11 19:00:00,205.5841648032962
02-11 20:00:00,185.4401439851527
02-11 21:00:00,161.23093756398208
02-11 22:00:00,147.04631245681793
02-11 23:00:00,134.09636549621808
02-12 00:00:00,101.97625798811987
02-12 01:00:00,63.149908611854976
02-12 02:00:00,50.13652924687089
02-12 03:00:00,39.06124730903594
02-12 04:00:00,29.660996942509406
02-12 05:00:00,22.846506503741217
02-12 06:00:00,27.626998674925606
02-12 07:00:00,76.63212383540893
02-12 08:00:00,131.02245975573572
02-12 09:00:00,134.698443623404
02-12 10:00:00,136.0236628473929
02-12 11:00:00,124.8843430311595
02-12 12:00:00,104.82996723665559
02-12 13:00:00,107.39741522266276
02-12 14:00:00,140.99010802672314
02-12 15:00:00,138.1391659387364
02-12 16:00:00,122.9562543087677
02-12 17:00:00,128.2847005022167
02-12 18:00:00,180.86426682591562
02-12 19:00:00,266.08543992507896
02-12 20:00:00,281.5989735744943
02-12 21:00:00,265.8208371917735
02-12 22:00:00,212.6448511023386
02-12 23:00:00,178.95264335231838
02-13 00:00:00,143.8022048266559
02-13 01:00:00,93.147590804096
02-13 02:00:00,63.737419609745814
02-13 03:00:00,40.481074625680584
02-13 04:00:00,28.775950583278707
02-13 05:00:00,18.84620922639372
02-13 06:00:00,23.367205514912015
02-13 07:00:00,59.4615656521766
02-13 08:00:00,106.8281086236031
02-13 09:00:00,115.07343936788736
02-13 10:00:00,145.56832489877888
02-13 11:00:00,114.16341447871223
02-13 12:00:00,131.49999463352768
02-13 13:00:00,136.26731279398678
02-13 14:00:00,153.59453457192768
02-13 15:00:00,122.28122450204324
02-13 16:00:00,124.26193227652415
02-13 17:00:00,136.09576135570063
02-13 18:00:00,207.57250795562737
02-13 19:00:00,281.5758641799994
02-13 20:00:00,289.6128237380369
02-13 21:00:00,273.6772564992759
02-13 22:00:00,219.04659597029374
02-13 23:00:00,180.43329047114932
02-14 00:00:00,133.54505829946805
02-14 01:00:00,90.29246060044356
02-14 02:00:00,67.54624649560579
02-14 03:00:00,43.32293560613386
02-14 04:00:00,37.817754019273
02-14 05:00:00,34.03406106528952
02-14 06:00:00,32.74593664020291
02-14 07:00:00,70.90220280405573
02-14 08:00:00,121.66834660280496
02-14 09:00:00,146.19705731514583
02-14 10:00:00,144.79973422290388
02-14 11:00:00,116.17420914203902
02-14 12:00:00,111.00328331912783
02-14 13:00:00,122.07155096152111
02-14 14:00:00,135.7788585519699
02-14 15:00:00,134.2139366680434
02-14 16:00:00,133.69353214516372
02-14 17:00:00,136.92393266569937
02-14 18:00:00,198.83840026100088
02-14 19:00:00,263.60349765193246
02-14 20:00:00,270.3829074132113
02-14 21:00:00,247.98736901853587
02-14 22:00:00,219.98290697861208
02-14 23:00:00,178.0684566292691
02-15 00:00:00,134.26657119212453
02-15 01:00:00,94.32815973261553
02-15 02:00:00,68.226394875572
02-15 03:00:00,37.451674650808
02-15 04:00:00,25.23057986186826
02-15 05:00:00,19.590005176149557
02-15 06:00:00,21.08768063239657
02-15 07:00:00,55.8987404295252
02-15 08:00:00,107.9219479188348
02-15 09:00:00,124.72022669219469
02-15 10:00:00,122.70511026635381
02-15 11:00:00,113.4500487337083
02-15 12:00:00,136.1801531338102
02-15 13:00:00,131.04596993164515
02-15 14:00:00,132.46074694001243
02-15 15:00:00,112.70883021834356
02-15 16:00:00,124.86521274795362
02-15 17:00:00,122.32068823651021
02-15 18:00:00,191.8492745169702
02-15 19:00:00,274.41313666029464
02-15 20:00:00,286.0019734959653
02-15 21:00:00,270.63503124636645
02-15 22:00:00,220.80724651808708
02-15 23:00:00,187.23821586912874
02-16 00:00:00,151.25917636733777
02-16 01:00:00,103.85415091794988
02-16 02:00:00,75.07319635441564
02-16 03:00:00,51.80219063913713
02-16 04:00:00,34.52088965959007
02-16 05:00:00,24.29272692006173
02-16 06:00:00,24.615354052242072
02-16 07:00:00,57.09746579557023
02-16 08:00:00,94.3534806098631
02-16 09:00:00,106.72479109575661
02-16 10:00:00,110.89532037456729
02-16 11:00:00,110.82054208137419
02-16 12:00:00,111.16561919355988
02-16 13:00:00,121.15843183485748
02-16 14:00:00,118.42760719313542
02-16 15:00:00,142.6141621059751
02-16 16:00:00,143.06516137499267
02-16 17:00:00,156.30715425243122
02-16 18:00:00,212.46846327138394
02-16 19:00:00,271.62637056846245
02-16 20:00:00,296.3490500081528
02-16 21:00:00,253.81885752890824
02-16 22:00:00,207.73774228265492
02-16 23:00:00,166.3502337888789
02-17 00:00:00,133.37044740801304
02-17 01:00:00,100.51588208021185
02-17 02:00:00,78.60365598867233
02-17 03:00:00,61.76980299807137
02-17 04:00:00,37.21044596969859
02-17 05:00:00,24.1582261483273
02-17 06:00:00,18.27309430201492
02-17 07:00:00,19.763024641820472
02-17 08:00:00,43.612075659551884
02-17 09:00:00,70.56889330770483
02-17 10:00:00,99.41014474340811
02-17 11:00:00,162.7968741821001
02-17 12:00:00,191.8588939469476
02-17 13:00:00,148.9045682305324
02-17 14:00:00,141.15936421119133
02-17 15:00:00,149.29620078103497
02-17 16:00:00,169.15176889909063
02-17 17:00:00,169.85835203421846
02-17 18:00:00,210.27906946186934
02-17 19:00:00,188.89356345074953
02-17 20:00:00,189.0794132504807
02-17 21:00:00,137.27643343579774
02-17 22:00:00,107.73384280792226
02-17 23:00:00,100.17062918287
02-18 00:00:00,94.24049744608047
02-18 01:00:00,77.80060497347024
02-18 02:00:00,61.58563441981573
02-18 03:00:00,50.300630417765646
02-18 04:00:00,29.606377485652487
02-18 05:00:00,24.07548282118598
02-18 06:00:00,21.031703912186018
02-18 07:00:00,20.61996523875432
02-18 08:00:00,22.319476744232063
02-18 09:00:00,43.445946730164366
02-18 10:00:00,51.079184416250804
02-18 11:00:00,102.11807140665094
02-18 12:00:00,84.74972191444574
02-18 13:00:00,108.36277381269727
02-18 14:00:00,93.29118059973939
02-18 15:00:00,102.09701740556746
02-18 16:00:00,116.05271581888289
02-18 17:00:00,136.3692270912168
02-18 18:00:00,190.49196278421365
02-18 19:00:00,205.5841648032962
02-18 20:00:00,185.4401439851527
02-18 21:00:00,161.23093756398208
02-18 22:00:00,147.04631245681793
02-18 23:00:00,134.09636549621808
02-19 00:00:00,101.97625798811987
02-19 01:00:00,63.149908611854976
02-19 02:00:00,50.13652924687089
02-19 03:00:00,39.06124730903594
02-19 04:00:00,29.660996942509406
02-19 05:00:00,22.846506503741217
02-19 06:00:00,27.626998674925606
02-19 07:00:00,76.63212383540893
02-19 08:00:00,131.02245975573572
02-19 09:00:00,134.698443623404
02-19 10:00:00,136.0236628473929
02-19 11:00:00,124.8843430311595
02-19 12:00:00,104.82996723665559
02-19 13:00:00,107.39741522266276
02-19 14:00:00,140.99010802672314
02-19 15:00:00,138.1391659387364
02-19 16:00:00,122.9562543087677
02-19 17:00:00,128.2847005022167
02-19 18:00:00,180.86426682591562
02-19 19:00:00,266.08543992507896
02-19 20:00:00,281.5989735744943
02-19 21:00:00,265.8208371917735
02-19 22:00:00,212.6448511023386
02-19 23:00:00,178.95264335231838
02-20 00:00:00,143.8022048266559
02-20 01:00:00,93.147590804096
02-20 02:00:00,63.737419609745814
02-20 03:00:00,40.481074625680584
02-20 04:00:00,28.775950583278707
02-20 05:00:00,18.84620922639372
02-20 06:00:00,23.367205514912015
02-20 07:00:00,59.4615656521766
02-20 08:00:00,106.8281086236031
02-20 09:00:00,115.07343936788736
02-20 10:00:00,145.56832489877888
02-20 11:00:00,114.16341447871223
02-20 12:00:00,131.49999463352768
02-20 13:00:00,136.26731279398678
02-20 14:00:00,153.59453457192768
02-20 15:00:00,122.28122450204324
02-20 16:00:00,124.26193227652415
02-20 17:00:00,136.09576135570063
02-20 18:00:00,207.57250795562737
02-20 19:00:00,281.5758641799994
02-20 20:00:00,289.6128237380369
02-20 21:00:00,273.6772564992759
02-20 22:00:00,219.04659597029374
02-20 23:00:00,180.43329047114932
02-21 00:00:00,133.54505829946805
02-21 01:00:00,90.29246060044356
02-21 02:00:00,67.54624649560579
02-21 03:00:00,43.32293560613386
02-21 04:00:00,37.817754019273
02-21 05:00:00,34.03406106528952
02-21 06:00:00,32.74593664020291
02-21 07:00:00,70.90220280405573
02-21 08:00:00,121.66834660280496
02-21 09:00:00,146.19705731514583
02-21 10:00:00,144.79973422290388
02-21 11:00:00,116.17420914203902
02-21 12:00:00,111.00328331912783
02-21 13:00:00,122.07155096152111
02-21 14:00:00,135.7788585519699
02-21 15:00:00,134.2139366680434
02-21 16:00:00,133.69353214516372
02-21 17:00:00,136.92393266569937
02-21 18:00:00,198.83840026100088
02-21 19:00:00,263.60349765193246
02-21 20:00:00,270.3829074132113
02-21 21:00:00,247.98736901853587
02-21 22:00:00,219.98290697861208
02-21 23:00:00,178.0684566292691
02-22 00:00:00,134.26657119212453
02-22 01:00:00,94.32815973261553
02-22 02:00:00,68.226394875572
02-22 03:00:00,37.451674650808
02-22 04:00:00,25.23057986186826
02-22 05:00:00,19.590005176149557
02-22 06:00:00,21.08768063239657
02-22 07:00:00,55.8987404295252
02-22 08:00:00,107.9219479188348
02-22 09:00:00,124.72022669219469
02-22 10:00:00,122.70511026635381
02-22 11:00:00,113.4500487337083
02-22 12:00:00,136.1801531338102
02-22 13:00:00,131.04596993164515
02-22 14:00:00,132.46074694001243
02-22 15:00:00,112.70883021834356
02-22 16:00:00,124.86521274795362
02-22 17:00:00,122.32068823651021
02-22 18:00:00,191.8492745169702
02-22 19:00:00,274.41313666029464
02-22 20:00:00,286.0019734959653
02-22 21:00:00,270.63503124636645
02-22 22:00:00,220.80724651808708
02-22 23:00:00,187.23821586912874
02-23 00:00:00,151.25917636733777
02-23 01:00:00,103.85415091794988
02-23 02:00:00,75.07319635441564
02-23 03:00:00,51.80219063913713
02-23 04:00:00,34.52088965959007
02-23 05:00:00,24.29272692006173
02-23 06:00:00,24.615354052242072
02-23 07:00:00,57.09746579557023
02-23 08:00:00,94.3534806098631
02-23 09:00:00,106.72479109575661
02-23 10:00:00,110.89532037456729
02-23 11:00:00,110.82054208137419
02-23 12:00:00,111.16561919355988
02-23 13:00:00,121.15843183485748
02-23 14:00:00,118.42760719313542
02-23 15:00:00,142.6141621059751
02-23 16:00:00,143.06516137499267
02-23 17:00:00,156.30715425243122
02-23 18:00:00,212.46846327138394
02-23 19:00:00,271.62637056846245
02-23 20:00:00,296.3490500081528
02-23 21:00:00,253.81885752890824
02-23 22:00:00,207.73774228265492
02-23 23:00:00,166.3502337888789
02-24 00:00:00,133.37044740801304
02-24 01:00:00,100.51588208021185
02-24 02:00:00,78.60365598867233
02-24 03:00:00,61.76980299807137
02-24 04:00:00,37.21044596969859
02-24 05:00:00,24.1582261483273
02-24 06:00:00,18.27309430201492
02-24 07:00:00,19.763024641820472
02-24 08:00:00,43.612075659551884
02-24 09:00:00,70.56889330770483
02-24 10:00:00,99.41014474340811
02-24 11:00:00,162.7968741821001
02-24 12:00:00,191.8588939469476
02-24 13:00:00,148.9045682305324
02-24 14:00:00,141.15936421119133
02-24 15:00:00,149.29620078103497
02-24 16:00:00,169.15176889909063
02-24 17:00:00,169.85835203421846
02-24 18:00:00,210.27906946186934
02-24 19:00:00,188.89356345074953
02-24 20:00:00,189.0794132504807
02-24 21:00:00,137.27643343579774
02-24 22:00:00,107.73384280792226
02-24 23:00:00,100.17062918287
02-25 00:00:00,94.24049744608047
02-25 01:00:00,77.80060497347024
02-25 02:00:00,61.58563441981573
02-25 03:00:00,50.300630417765646
02-25 04:00:00,29.606377485652487
02-25 05:00:00,24.07548282118598
02-25 06:00:00,21.031703912186018
02-25 07:00:00,20.61996523875432
02-25 08:00:00,22.319476744232063
02-25 09:00:00,43.445946730164366
02-25 10:00:00,51.079184416250804
02-25 11:00:00,102.11807140665094
02-25 12:00:00,84.74972191444574
02-25 13:00:00,108.36277381269727
02-25 14:00:00,93.29118059973939
02-25 15:00:00,102.09701740556746
02-25 16:00:00,116.05271581888289
02-25 17:00:00,136.3692270912168
02-25 18:00:00,190.49196278421365
02-25 19:00:00,205.5841648032962
02-25 20:00:00,185.4401439851527
02-25 21:00:00,161.23093756398208
02-25 22:00:00,147.04631245681793
02-25 23:00:00,134.09636549621808
02-26 00:00:00,101.97625798811987
02-26 01:00:00,63.149908611854976
02-26 02:00:00,50.13652924687089
02-26 03:00:00,39.06124730903594
02-26 04:00:00,29.660996942509406
02-26 05:00:00,22.846506503741217
02-26 06:00:00,27.626998674925606
02-26 07:00:00,76.63212383540893
02-26 08:00:00,131.02245975573572
02-26 09:00:00,134.698443623404
02-26 10:00:00,136.0236628473929
02-26 11:00:00,124.8843430311595
02-26 12:00:00,104.82996723665559
02-26 13:00:00,107.39741522266276
02-26 14:00:00,140.99010802672314
02-26 15:00:00,138.1391659387364
02-26 16:00:00,122.9562543087677
02-26 17:00:00,128.2847005022167
02-26 18:00:00,180.86426682591562
02-26 19:00:00,266.08543992507896
02-26 20:00:00,281.5989735744943
02-26 21:00:00,265.8208371917735
02-26 22:00:00,212.6448511023386
02-26 23:00:00,178.95264335231838
02-27 00:00:00,143.8022048266559
02-27 01:00:00,93.147590804096
02-27 02:00:00,63.737419609745814
02-27 03:00:00,40.481074625680584
02-27 04:00:00,28.775950583278707
02-27 05:00:00,18.84620922639372
02-27 06:00:00,23.367205514912015
02-27 07:00:00,59.4615656521766
02-27 08:00:00,106.8281086236031
02-27 09:00:00,115.07343936788736
02-27 10:00:00,145.56832489877888
02-27 11:00:00,114.16341447871223
02-27 12:00:00,131.49999463352768
02-27 13:00:00,136.26731279398678
02-27 14:00:00,153.59453457192768
02-27 15:00:00,122.28122450204324
02-27 16:00:00,124.26193227652415
02-27 17:00:00,136.09576135570063
02-27 18:00:00,207.57250795562737
02-27 19:00:00,281.5758641799994
02-27 20:00:00,289.6128237380369
02-27 21:00:00,273.6772564992759
02-27 22:00:00,219.04659597029374
02-27 23:00:00,180.43329047114932
02-28 00:00:00,133.54505829946805
02-28 01:00:00,90.29246060044356
02-28 02:00:00,67.54624649560579
02-28 03:00:00,43.32293560613386
02-28 04:00:00,37.817754019273
02-28 05:00:00,34.03406106528952
02-28 06:00:00,32.74593664020291
02-28 07:00:00,70.90220280405573
02-28 08:00:00,121.66834660280496
02-28 09:00:00,146.19705731514583
02-28 10:00:00,144.79973422290388
02-28 11:00:00,116.17420914203902
02-28 12:00:00,111.00328331912783
02-28 13:00:00,122.07155096152111
02-28 14:00:00,135.7788585519699
02-28 15:00:00,134.2139366680434
02-28 16:00:00,133.69353214516372
02-28 17:00:00,136.92393266569937
02-28 18:00:00,198.83840026100088
02-28 19:00:00,263.60349765193246
02-28 20:00:00,270.3829074132113
02-28 21:00:00,247.98736901853587
02-28 22:00:00,219.98290697861208
02-28 23:00:00,178.0684566292691
03-01 00:00:00,134.26657119212453
03-01 01:00:00,94.32815973261553
03-01 02:00:00,68.226394875572
03-01 03:00:00,37.451674650808
03-01 04:00:00,25.23057986186826
03-01 05:00:00,19.590005176149557
03-01 06:00:00,21.08768063239657
03-01 07:00:00,55.8987404295252
03-01 08:00:00,107.9219479188348
03-01 09:00:00,124.72022669219469
03-01 10:00:00,122.70511026635381
03-01 11:00:00,113.4500487337083
03-01 12:00:00,136.1801531338102
03-01 13:00:00,131.04596993164515
03-01 14:00:00,132.46074694001243
03-01 15:00:00,112.70883021834356
03-01 16:00:00,124.86521274795362
03-01 17:00:00,122.32068823651021
03-01 18:00:00,191.8492745169702
03-01 19:00:00,274.41313666029464
03-01 20:00:00,286.0019734959653
03-01 21:00:00,270.63503124636645
03-01 22:00:00,220.80724651808708
03-01 23:00:00,187.23821586912874
03-02 00:00:00,151.25917636733777
03-02 01:00:00,103.85415091794988
03-02 02:00:00,75.07319635441564
03-02 03:00:00,51.80219063913713
03-02 04:00:00,34.52088965959007
03-02 05:00:00,24.29272692006173
03-02 06:00:00,24.615354052242072
03-02 07:00:00,57.09746579557023
03-02 08:00:00,94.3534806098631
03-02 09:00:00,106.72479109575661
03-02 10:00:00,110.89532037456729
03-02 11:00:00,110.82054208137419
03-02 12:00:00,111.16561919355988
03-02 13:00:00,121.15843183485748
03-02 14:00:00,118.42760719313542
03-02 15:00:00,142.6141621059751
03-02 16:00:00,143.06516137499267
03-02 17:00:00,156.30715425243122
03-02 18:00:00,212.46846327138394
03-02 19:00:00,271.62637056846245
03-02 20:00:00,296.3490500081528
03-02 21:00:00,253.81885752890824
03-02 22:00:00,207.73774228265492
03-02 23:00:00,166.3502337888789
03-03 00:00:00,133.37044740801304
03-03 01:00:00,100.51588208021185
03-03 02:00:00,78.60365598867233
03-03 03:00:00,61.76980299807137
03-03 04:00:00,37.21044596969859
03-03 05:00:00,24.1582261483273
03-03 06:00:00,18.27309430201492
03-03 07:00:00,19.763024641820472
03-03 08:00:00,43.612075659551884
03-03 09:00:00,70.56889330770483
03-03 10:00:00,99.41014474340811
03-03 11:00:00,162.7968741821001
03-03 12:00:00,191.8588939469476
03-03 13:00:00,148.9045682305324
03-03 14:00:00,141.15936421119133
03-03 15:00:00,149.29620078103497
03-03 16:00:00,169.15176889909063
03-03 17:00:00,169.85835203421846
03-03 18:00:00,210.27906946186934
03-03 19:00:00,188.89356345074953
03-03 20:00:00,189.0794132504807
03-03 21:00:00,137.27643343579774
03-03 22:00:00,107.73384280792226
03-03 23:00:00,100.17062918287
03-04 00:00:00,94.24049744608047
03-04 01:00:00,77.80060497347024
03-04 02:00:00,61.58563441981573
03-04 03:00:00,50.300630417765646
03-04 04:00:00,29.606377485652487
03-04 05:00:00,24.07548282118598
03-04 06:00:00,21.031703912186018
03-04 07:00:00,20.61996523875432
03-04 08:00:00,22.319476744232063
03-04 09:00:00,43.445946730164366
03-04 10:00:00,51.079184416250804
03-04 11:00:00,102.11807140665094
03-04 12:00:00,84.74972191444574
03-04 13:00:00,108.36277381269727
03-04 14:00:00,93.29118059973939
03-04 15:00:00,102.09701740556746
03-04 16:00:00,116.05271581888289
03-04 17:00:00,136.3692270912168
03-04 18:00:00,190.49196278421365
03-04 19:00:00,205.5841648032962
03-04 20:00:00,185.4401439851527
03-04 21:00:00,161.23093756398208
03-04 22:00:00,147.04631245681793
03-04 23:00:00,134.09636549621808
03-05 00:00:00,101.97625798811987
03-05 01:00:00,63.149908611854976
03-05 02:00:00,50.13652924687089
03-05 03:00:00,39.06124730903594
03-05 04:00:00,29.660996942509406
03-05 05:00:00,22.846506503741217
03-05 06:00:00,27.626998674925606
03-05 07:00:00,76.63212383540893
03-05 08:00:00,131.02245975573572
03-05 09:00:00,134.698443623404
03-05 10:00:00,136.0236628473929
03-05 11:00:00,124.8843430311595
03-05 12:00:00,104.82996723665559
03-05 13:00:00,107.39741522266276
03-05 14:00:00,140.99010802672314
03-05 15:00:00,138.1391659387364
03-05 16:00:00,122.9562543087677
03-05 17:00:00,128.2847005022167
03-05 18:00:00,180.86426682591562
03-05 19:00:00,266.08543992507896
03-05 20:00:00,281.5989735744943
03-05 21:00:00,265.8208371917735
03-05 22:00:00,212.6448511023386
03-05 23:00:00,178.95264335231838
03-06 00:00:00,143.8022048266559
03-06 01:00:00,93.147590804096
03-06 02:00:00,63.737419609745814
03-06 03:00:00,40.481074625680584
03-06 04:00:00,28.775950583278707
03-06 05:00:00,18.84620922639372
03-06 06:00:00,23.367205514912015
03-06 07:00:00,59.4615656521766
03-06 08:00:00,106.8281086236031
03-06 09:00:00,115.07343936788736
03-06 10:00:00,145.56832489877888
03-06 11:00:00,114.16341447871223
03-06 12:00:00,131.49999463352768
03-06 13:00:00,136.26731279398678
03-06 14:00:00,153.59453457192768
03-06 15:00:00,122.28122450204324
03-06 16:00:00,124.26193227652415
03-06 17:00:00,136.09576135570063
03-06 18:00:00,207.57250795562737
03-06 19:00:00,281.5758641799994
03-06 20:00:00,289.6128237380369
03-06 21:00:00,273.6772564992759
03-06 22:00:00,219.04659597029374
03-06 23:00:00,180.43329047114932
03-07 00:00:00,133.54505829946805
03-07 01:00:00,90.29246060044356
03-07 02:00:00,67.54624649560579
03-07 03:00:00,43.32293560613386
03-07 04:00:00,37.817754019273
03-07 05:00:00,34.03406106528952
03-07 06:00:00,32.74593664020291
03-07 07:00:00,70.90220280405573
03-07 08:00:00,121.66834660280496
03-07 09:00:00,146.19705731514583
03-07 10:00:00,144.79973422290388
03-07 11:00:00,116.17420914203902
03-07 12:00:00,111.00328331912783
03-07 13:00:00,122.07155096152111
03-07 14:00:00,135.7788585519699
03-07 15:00:00,134.2139366680434
03-07 16:00:00,133.69353214516372
03-07 17:00:00,136.92393266569937
03-07 18:00:00,198.83840026100088
03-07 19:00:00,263.60349765193246
03-07 20:00:00,270.3829074132113
03-07 21:00:00,247.98736901853587
03-07 22:00:00,219.98290697861208
03-07 23:00:00,178.0684566292691
03-08 00:00:00,134.26657119212453
03-08 01:00:00,94.32815973261553
03-08 02:00:00,68.226394875572
03-08 03:00:00,37.451674650808
03-08 04:00:00,25.23057986186826
03-08 05:00:00,19.590005176149557
03-08 06:00:00,21.08768063239657
03-08 07:00:00,55.8987404295252
03-08 08:00:00,107.9219479188348
03-08 09:00:00,124.72022669219469
03-08 10:00:00,122.70511026635381
03-08 11:00:00,113.4500487337083
03-08 12:00:00,136.1801531338102
03-08 13:00:00,131.04596993164515
03-08 14:00:00,132.46074694001243
03-08 15:00:00,112.70883021834356
03-08 16:00:00,124.86521274795362
03-08 17:00:00,122.32068823651021
03-08 18:00:00,191.8492745169702
03-08 19:00:00,274.41313666029464
03-08 20:00:00,286.0019734959653
03-08 21:00:00,270.63503124636645
03-08 22:00:00,220.80724651808708
03-08 23:00:00,187.23821586912874
03-09 00:00:00,151.25917636733777
03-09 01:00:00,103.85415091794988
03-09 02:00:00,75.07319635441564
03-09 03:00:00,51.80219063913713
03-09 04:00:00,34.52088965959007
03-09 05:00:00,24.29272692006173
03-09 06:00:00,24.615354052242072
03-09 07:00:00,57.09746579557023
03-09 08:00:00,94.3534806098631
03-09 09:00:00,106.72479109575661
03-09 10:00:00,110.89532037456729
03-09 11:00:00,110.82054208137419
03-09 12:00:00,111.16561919355988
03-09 13:00:00,121.15843183485748
03-09 14:00:00,118.42760719313542
03-09 15:00:00,142.6141621059751
03-09 16:00:00,143.06516137499267
03-09 17:00:00,156.30715425243122
03-09 18:00:00,212.46846327138394
03-09 19:00:00,271.62637056846245
03-09 20:00:00,296.3490500081528
03-09 21:00:00,253.81885752890824
03-09 22:00:00,207.73774228265492
03-09 23:00:00,166.3502337888789
03-10 00:00:00,133.37044740801304
03-10 01:00:00,100.51588208021185
03-10 02:00:00,78.60365598867233
03-10 03:00:00,61.76980299807137
03-10 04:00:00,37.21044596969859
03-10 05:00:00,24.1582261483273
03-10 06:00:00,18.27309430201492
03-10 07:00:00,19.763024641820472
03-10 08:00:00,43.612075659551884
03-10 09:00:00,70.56889330770483
03-10 10:00:00,99.41014474340811
03-10 11:00:00,162.7968741821001
03-10 12:00:00,191.8588939469476
03-10 13:00:00,148.9045682305324
03-10 14:00:00,141.15936421119133
03-10 15:00:00,149.29620078103497
03-10 16:00:00,169.15176889909063
03-10 17:00:00,169.85835203421846
03-10 18:00:00,210.27906946186934
03-10 19:00:00,188.89356345074953
03-10 20:00:00,189.0794132504807
03-10 21:00:00,137.27643343579774
03-10 22:00:00,107.73384280792226
03-10 23:00:00,100.17062918287
03-11 00:00:00,94.24049744608047
03-11 01:00:00,77.80060497347024
03-11 02:00:00,61.58563441981573
03-11 03:00:00,50.300630417765646
03-11 04:00:00,29.606377485652487
03-11 05:00:00,24.07548282118598
03-11 06:00:00,21.031703912186018
03-11 07:00:00,20.61996523875432
03-11 08:00:00,22.319476744232063
03-11 09:00:00,43.445946730164366
03-11 10:00:00,51.079184416250804
03-11 11:00:00,102.11807140665094
03-11 12:00:00,84.74972191444574
03-11 13:00:00,108.36277381269727
03-11 14:00:00,93.29118059973939
03-11 15:00:00,102.09701740556746
03-11 16:00:00,116.05271581888289
03-11 17:00:00,136.3692270912168
03-11 18:00:00,190.49196278421365
03-11 19:00:00,205.5841648032962
03-11 20:00:00,185.4401439851527
03-11 21:00:00,161.23093756398208
03-11 22:00:00,147.04631245681793
03-11 23:00:00,134.09636549621808
03-12 00:00:00,101.97625798811987
03-12 01:00:00,63.149908611854976
03-12 02:00:00,50.13652924687089
03-12 03:00:00,39.06124730903594
03-12 04:00:00,29.660996942509406
03-12 05:00:00,22.846506503741217
03-12 06:00:00,27.626998674925606
03-12 07:00:00,76.63212383540893
03-12 08:00:00,131.02245975573572
03-12 09:00:00,134.698443623404
03-12 10:00:00,136.0236628473929
03-12 11:00:00,124.8843430311595
03-12 12:00:00,104.82996723665559
03-12 13:00:00,107.39741522266276
03-12 14:00:00,140.99010802672314
03-12 15:00:00,138.1391659387364
03-12 16:00:00,122.9562543087677
03-12 17:00:00,128.2847005022167
03-12 18:00:00,180.86426682591562
03-12 19:00:00,266.08543992507896
03-12 20:00:00,281.5989735744943
03-12 21:00:00,265.8208371917735
03-12 22:00:00,212.6448511023386
03-12 23:00:00,178.95264335231838
03-13 00:00:00,143.8022048266559
03-13 01:00:00,93.147590804096
03-13 02:00:00,63.737419609745814
03-13 03:00:00,40.481074625680584
03-13 04:00:00,28.775950583278707
03-13 05:00:00,18.84620922639372
03-13 06:00:00,23.367205514912015
03-13 07:00:00,59.4615656521766
03-13 08:00:00,106.8281086236031
03-13 09:00:00,115.07343936788736
03-13 10:00:00,145.56832489877888
03-13 11:00:00,114.16341447871223
03-13 12:00:00,131.49999463352768
03-13 13:00:00,136.26731279398678
03-13 14:00:00,153.59453457192768
03-13 15:00:00,122.28122450204324
03-13 16:00:00,124.26193227652415
03-13 17:00:00,136.09576135570063
03-13 18:00:00,207.57250795562737
03-13 19:00:00,281.5758641799994
03-13 20:00:00,289.6128237380369
03-13 21:00:00,273.6772564992759
03-13 22:00:00,219.04659597029374
03-13 23:00:00,180.43329047114932
03-14 00:00:00,133.54505829946805
03-14 01:00:00,90.29246060044356
03-14 02:00:00,67.54624649560579
03-14 03:00:00,43.32293560613386
03-14 04:00:00,37.817754019273
03-14 05:00:00,34.03406106528952
03-14 06:00:00,32.74593664020291
03-14 07:00:00,70.90220280405573
03-14 08:00:00,121.66834660280496
03-14 09:00:00,146.19705731514583
03-14 10:00:00,144.79973422290388
03-14 11:00:00,116.17420914203902
03-14 12:00:00,111.00328331912783
03-14 13:00:00,122.07155096152111
03-14 14:00:00,135.7788585519699
03-14 15:00:00,134.2139366680434
03-14 16:00:00,133.69353214516372
03-14 17:00:00,136.92393266569937
03-14 18:00:00,198.83840026100088
03-14 19:00:00,263.60349765193246
03-14 20:00:00,270.3829074132113
03-14 21:00:00,247.98736901853587
03-14 22:00:00,219.98290697861208
03-14 23:00:00,178.0684566292691
03-15 00:00:00,134.26657119212453
03-15 01:00:00,94.32815973261553
03-15 02:00:00,68.226394875572
03-15 03:00:00,37.451674650808
03-15 04:00:00,25.23057986186826
03-15 05:00:00,19.590005176149557
03-15 06:00:00,21.08768063239657
03-15 07:00:00,55.8987404295252
03-15 08:00:00,107.9219479188348
03-15 09:00:00,124.72022669219469
03-15 10:00:00,122.70511026635381
03-15 11:00:00,113.4500487337083
03-15 12:00:00,136.1801531338102
03-15 13:00:00,131.04596993164515
03-15 14:00:00,132.46074694001243
03-15 15:00:00,112.70883021834356
03-15 16:00:00,124.86521274795362
03-15 17:00:00,122.32068823651021
03-15 18:00:00,191.8492745169702
03-15 19:00:00,274.41313666029464
03-15 20:00:00,286.0019734959653
03-15 21:00:00,270.63503124636645
03-15 22:00:00,220.80724651808708
03-15 23:00:00,187.23821586912874
03-16 00:00:00,151.25917636733777
03-16 01:00:00,103.85415091794988
03-16 02:00:00,75.07319635441564
03-16 03:00:00,51.80219063913713
03-16 04:00:00,34.52088965959007
03-16 05:00:00,24.29272692006173
03-16 06:00:00,24.615354052242072
03-16 07:00:00,57.09746579557023
03-16 08:00:00,94.3534806098631
03-16 09:00:00,106.72479109575661
03-16 10:00:00,110.89532037456729
03-16 11:00:00,110.82054208137419
03-16 12:00:00,111.16561919355988
03-16 13:00:00,121.15843183485748
03-16 14:00:00,118.42760719313542
03-16 15:00:00,142.6141621059751
03-16 16:00:00,143.06516137499267
03-16 17:00:00,156.30715425243122
03-16 18:00:00,212.46846327138394
03-16 19:00:00,271.62637056846245
03-16 20:00:00,296.3490500081528
03-16 21:00:00,253.81885752890824
03-16 22:00:00,207.73774228265492
03-16 23:00:00,166.3502337888789
03-17 00:00:00,133.37044740801304
03-17 01:00:00,100.51588208021185
03-17 02:00:00,78.60365598867233
03-17 03:00:00,61.76980299807137
03-17 04:00:00,37.21044596969859
03-17 05:00:00,24.1582261483273
03-17 06:00:00,18.27309430201492
03-17 07:00:00,19.763024641820472
03-17 08:00:00,43.612075659551884
03-17 09:00:00,70.56889330770483
03-17 10:00:00,99.41014474340811
03-17 11:00:00,162.7968741821001
03-17 12:00:00,191.8588939469476
03-17 13:00:00,148.9045682305324
03-17 14:00:00,141.15936421119133
03-17 15:00:00,149.29620078103497
03-17 16:00:00,169.15176889909063
03-17 17:00:00,169.85835203421846
03-17 18:00:00,210.27906946186934
03-17 19:00:00,188.89356345074953
03-17 20:00:00,189.0794132504807
03-17 21:00:00,137.27643343579774
03-17 22:00:00,107.73384280792226
03-17 23:00:00,100.17062918287
03-18 00:00:00,94.24049744608047
03-18 01:00:00,77.80060497347024
03-18 02:00:00,61.58563441981573
03-18 03:00:00,50.300630417765646
03-18 04:00:00,29.606377485652487
03-18 05:00:00,24.07548282118598
03-18 06:00:00,21.031703912186018
03-18 07:00:00,20.61996523875432
03-18 08:00:00,22.319476744232063
03-18 09:00:00,43.445946730164366
03-18 10:00:00,51.079184416250804
03-18 11:00:00,102.11807140665094
03-18 12:00:00,84.74972191444574
03-18 13:00:00,108.36277381269727
03-18 14:00:00,93.29118059973939
03-18 15:00:00,102.09701740556746
03-18 16:00:00,116.05271581888289
03-18 17:00:00,136.3692270912168
03-18 18:00:00,190.49196278421365
03-18 19:00:00,205.5841648032962
03-18 20:00:00,185.4401439851527
03-18 21:00:00,161.23093756398208
03-18 22:00:00,147.04631245681793
03-18 23:00:00,134.09636549621808
03-19 00:00:00,101.97625798811987
03-19 01:00:00,63.149908611854976
03-19 02:00:00,50.13652924687089
03-19 03:00:00,39.06124730903594
03-19 04:00:00,29.660996942509406
03-19 05:00:00,22.846506503741217
03-19 06:00:00,27.626998674925606
03-19 07:00:00,76.63212383540893
03-19 08:00:00,131.02245975573572
03-19 09:00:00,134.698443623404
03-19 10:00:00,136.0236628473929
03-19 11:00:00,124.8843430311595
03-19 12:00:00,104.82996723665559
03-19 13:00:00,107.39741522266276
03-19 14:00:00,140.99010802672314
03-19 15:00:00,138.1391659387364
03-19 16:00:00,122.9562543087677
03-19 17:00:00,128.2847005022167
03-19 18:00:00,180.86426682591562
03-19 19:00:00,266.08543992507896
03-19 20:00:00,281.5989735744943
03-19 21:00:00,265.8208371917735
03-19 22:00:00,212.6448511023386
03-19 23:00:00,178.95264335231838
03-20 00:00:00,143.8022048266559
03-20 01:00:00,93.147590804096
03-20 02:00:00,63.737419609745814
03-20 03:00:00,40.481074625680584
03-20 04:00:00,28.775950583278707
03-20 05:00:00,18.84620922639372
03-20 06:00:00,23.367205514912015
03-20 07:00:00,59.4615656521766
03-20 08:00:00,106.8281086236031
03-20 09:00:00,115.07343936788736
03-20 10:00:00,145.56832489877888
03-20 11:00:00,114.16341447871223
03-20 12:00:00,131.49999463352768
03-20 13:00:00,136.26731279398678
03-20 14:00:00,153.59453457192768
03-20 15:00:00,122.28122450204324
03-20 16:00:00,124.26193227652415
03-20 17:00:00,136.09576135570063
03-20 18:00:00,207.57250795562737
03-20 19:00:00,281.5758641799994
03-20 20:00:00,289.6128237380369
03-20 21:00:00,273.6772564992759
03-20 22:00:00,219.04659597029374
03-20 23:00:00,180.43329047114932
03-21 00:00:00,133.54505829946805
03-21 01:00:00,90.29246060044356
03-21 02:00:00,67.54624649560579
03-21 03:00:00,43.32293560613386
03-21 04:00:00,37.817754019273
03-21 05:00:00,34.03406106528952
03-21 06:00:00,32.74593664020291
03-21 07:00:00,70.90220280405573
03-21 08:00:00,121.66834660280496
03-21 09:00:00,146.19705731514583
03-21 10:00:00,144.79973422290388
03-21 11:00:00,116.17420914203902
03-21 12:00:00,111.00328331912783
03-21 13:00:00,122.07155096152111
03-21 14:00:00,135.7788585519699
03-21 15:00:00,134.2139366680434
03-21 16:00:00,133.69353214516372
03-21 17:00:00,136.92393266569937
03-21 18:00:00,198.83840026100088
03-21 19:00:00,263.60349765193246
03-21 20:00:00,270.3829074132113
03-21 21:00:00,247.98736901853587
03-21 22:00:00,219.98290697861208
03-21 23:00:00,178.0684566292691
03-22 00:00:00,134.26657119212453
03-22 01:00:00,94.32815973261553
03-22 02:00:00,68.226394875572
03-22 03:00:00,37.451674650808
03-22 04:00:00,25.23057986186826
03-22 05:00:00,19.590005176149557
03-22 06:00:00,21.08768063239657
03-22 07:00:00,55.8987404295252
03-22 08:00:00,107.9219479188348
03-22 09:00:00,124.72022669219469
03-22 10:00:00,122.70511026635381
03-22 11:00:00,113.4500487337083
03-22 12:00:00,136.1801531338102
03-22 13:00:00,131.04596993164515
03-22 14:00:00,132.46074694001243
03-22 15:00:00,112.70883021834356
03-22 16:00:00,124.86521274795362
03-22 17:00:00,122.32068823651021
03-22 18:00:00,191.8492745169702
03-22 19:00:00,274.41313666029464
03-22 20:00:00,286.0019734959653
03-22 21:00:00,270.63503124636645
03-22 22:00:00,220.80724651808708
03-22 23:00:00,187.23821586912874
03-23 00:00:00,151.25917636733777
03-23 01:00:00,103.85415091794988
03-23 02:00:00,75.07319635441564
03-23 03:00:00,51.80219063913713
03-23 04:00:00,34.52088965959007
03-23 05:00:00,24.29272692006173
03-23 06:00:00,24.615354052242072
03-23 07:00:00,57.09746579557023
03-23 08:00:00,94.3534806098631
03-23 09:00:00,106.72479109575661
03-23 10:00:00,110.89532037456729
03-23 11:00:00,110.82054208137419
03-23 12:00:00,111.16561919355988
03-23 13:00:00,121.15843183485748
03-23 14:00:00,118.42760719313542
03-23 15:00:00,142.6141621059751
03-23 16:00:00,143.06516137499267
03-23 17:00:00,156.30715425243122
03-23 18:00:00,212.46846327138394
03-23 19:00:00,271.62637056846245
03-23 20:00:00,296.3490500081528
03-23 21:00:00,253.81885752890824
03-23 22:00:00,207.73774228265492
03-23 23:00:00,166.3502337888789
03-24 00:00:00,133.37044740801304
03-24 01:00:00,100.51588208021185
03-24 02:00:00,78.60365598867233
03-24 03:00:00,61.76980299807137
03-24 04:00:00,37.21044596969859
03-24 05:00:00,24.1582261483273
03-24 06:00:00,18.27309430201492
03-24 07:00:00,19.763024641820472
03-24 08:00:00,43.612075659551884
03-24 09:00:00,70.56889330770483
03-24 10:00:00,99.41014474340811
03-24 11:00:00,162.7968741821001
03-24 12:00:00,191.8588939469476
03-24 13:00:00,148.9045682305324
03-24 14:00:00,141.15936421119133
03-24 15:00:00,149.29620078103497
03-24 16:00:00,169.15176889909063
03-24 17:00:00,169.85835203421846
03-24 18:00:00,210.27906946186934
03-24 19:00:00,188.89356345074953
03-24 20:00:00,189.0794132504807
03-24 21:00:00,137.27643343579774
03-24 22:00:00,107.73384280792226
03-24 23:00:00,100.17062918287
03-25 00:00:00,94.24049744608047
03-25 01:00:00,77.80060497347024
03-25 02:00:00,61.58563441981573
03-25 03:00:00,50.300630417765646
03-25 04:00:00,29.606377485652487
03-25 05:00:00,24.07548282118598
03-25 06:00:00,21.031703912186018
03-25 07:00:00,20.61996523875432
03-25 08:00:00,22.319476744232063
03-25 09:00:00,43.445946730164366
03-25 10:00:00,51.079184416250804
03-25 11:00:00,102.11807140665094
03-25 12:00:00,84.74972191444574
03-25 13:00:00,108.36277381269727
03-25 14:00:00,93.29118059973939
03-25 15:00:00,102.09701740556746
03-25 16:00:00,116.05271581888289
03-25 17:00:00,136.3692270912168
03-25 18:00:00,190.49196278421365
03-25 19:00:00,205.5841648032962
03-25 20:00:00,185.4401439851527
03-25 21:00:00,161.23093756398208
03-25 22:00:00,147.04631245681793
03-25 23:00:00,134.09636549621808
03-26 00:00:00,101.97625798811987
03-26 01:00:00,63.149908611854976
03-26 02:00:00,50.13652924687089
03-26 03:00:00,39.06124730903594
03-26 04:00:00,29.660996942509406
03-26 05:00:00,22.846506503741217
03-26 06:00:00,27.626998674925606
03-26 07:00:00,76.63212383540893
03-26 08:00:00,131.02245975573572
03-26 09:00:00,134.698443623404
03-26 10:00:00,136.0236628473929
03-26 11:00:00,124.8843430311595
03-26 12:00:00,104.82996723665559
03-26 13:00:00,107.39741522266276
03-26 14:00:00,140.99010802672314
03-26 15:00:00,138.1391659387364
03-26 16:00:00,122.9562543087677
03-26 17:00:00,128.2847005022167
03-26 18:00:00,180.86426682591562
03-26 19:00:00,266.08543992507896
03-26 20:00:00,281.5989735744943
03-26 21:00:00,265.8208371917735
03-26 22:00:00,212.6448511023386
03-26 23:00:00,178.95264335231838
03-27 00:00:00,143.8022048266559
03-27 01:00:00,93.147590804096
03-27 02:00:00,63.737419609745814
03-27 03:00:00,40.481074625680584
03-27 04:00:00,28.775950583278707
03-27 05:00:00,18.84620922639372
03-27 06:00:00,23.367205514912015
03-27 07:00:00,59.4615656521766
03-27 08:00:00,106.8281086236031
03-27 09:00:00,115.07343936788736
03-27 10:00:00,145.56832489877888
03-27 11:00:00,114.16341447871223
03-27 12:00:00,131.49999463352768
03-27 13:00:00,136.26731279398678
03-27 14:00:00,153.59453457192768
03-27 15:00:00,122.28122450204324
03-27 16:00:00,124.26193227652415
03-27 17:00:00,136.09576135570063
03-27 18:00:00,207.57250795562737
03-27 19:00:00,281.5758641799994
03-27 20:00:00,289.6128237380369
03-27 21:00:00,273.6772564992759
03-27 22:00:00,219.04659597029374
03-27 23:00:00,180.43329047114932
03-28 00:00:00,133.54505829946805
03-28 01:00:00,90.29246060044356
03-28 02:00:00,67.54624649560579
03-28 03:00:00,43.32293560613386
03-28 04:00:00,37.817754019273
03-28 05:00:00,34.03406106528952
03-28 06:00:00,32.74593664020291
03-28 07:00:00,70.90220280405573
03-28 08:00:00,121.66834660280496
03-28 09:00:00,146.19705731514583
03-28 10:00:00,144.79973422290388
03-28 11:00:00,116.17420914203902
03-28 12:00:00,111.00328331912783
03-28 13:00:00,122.07155096152111
03-28 14:00:00,135.7788585519699
03-28 15:00:00,134.2139366680434
03-28 16:00:00,133.69353214516372
03-28 17:00:00,136.92393266569937
03-28 18:00:00,198.83840026100088
03-28 19:00:00,263.60349765193246
03-28 20:00:00,270.3829074132113
03-28 21:00:00,247.98736901853587
03-28 22:00:00,219.98290697861208
03-28 23:00:00,178.0684566292691
03-29 00:00:00,134.26657119212453
03-29 01:00:00,94.32815973261553
03-29 02:00:00,68.226394875572
03-29 03:00:00,37.451674650808
03-29 04:00:00,25.23057986186826
03-29 05:00:00,19.590005176149557
03-29 06:00:00,21.08768063239657
03-29 07:00:00,55.8987404295252
03-29 08:00:00,107.9219479188348
03-29 09:00:00,124.72022669219469
03-29 10:00:00,122.70511026635381
03-29 11:00:00,113.4500487337083
03-29 12:00:00,136.1801531338102
03-29 13:00:00,131.04596993164515
03-29 14:00:00,132.46074694001243
03-29 15:00:00,112.70883021834356
03-29 16:00:00,124.86521274795362
03-29 17:00:00,122.32068823651021
03-29 18:00:00,191.8492745169702
03-29 19:00:00,274.41313666029464
03-29 20:00:00,286.0019734959653
03-29 21:00:00,270.63503124636645
03-29 22:00:00,220.80724651808708
03-29 23:00:00,187.23821586912874
03-30 00:00:00,151.25917636733777
03-30 01:00:00,103.85415091794988
03-30 02:00:00,75.07319635441564
03-30 03:00:00,51.80219063913713
03-30 04:00:00,34.52088965959007
03-30 05:00:00,24.29272692006173
03-30 06:00:00,24.615354052242072
03-30 07:00:00,57.09746579557023
03-30 08:00:00,94.3534806098631
03-30 09:00:00,106.72479109575661
03-30 10:00:00,110.89532037456729
03-30 11:00:00,110.82054208137419
03-30 12:00:00,111.16561919355988
03-30 13:00:00,121.15843183485748
03-30 14:00:00,118.42760719313542
03-30 15:00:00,142.6141621059751
03-30 16:00:00,143.06516137499267
03-30 17:00:00,156.30715425243122
03-30 18:00:00,212.46846327138394
03-30 19:00:00,271.62637056846245
03-30 20:00:00,296.3490500081528
03-30 21:00:00,253.81885752890824
03-30 22:00:00,207.73774228265492
03-30 23:00:00,166.3502337888789
03-31 00:00:00,133.37044740801304
03-31 01:00:00,100.51588208021185
03-31 02:00:00,78.60365598867233
03-31 03:00:00,61.76980299807137
03-31 04:00:00,37.21044596969859
03-31 05:00:00,24.1582261483273
03-31 06:00:00,18.27309430201492
03-31 07:00:00,19.763024641820472
03-31 08:00:00,43.612075659551884
03-31 09:00:00,70.56889330770483
03-31 10:00:00,99.41014474340811
03-31 11:00:00,162.7968741821001
03-31 12:00:00,191.8588939469476
03-31 13:00:00,148.9045682305324
03-31 14:00:00,141.15936421119133
03-31 15:00:00,149.29620078103497
03-31 16:00:00,169.15176889909063
03-31 17:00:00,169.85835203421846
03-31 18:00:00,210.27906946186934
03-31 19:00:00,188.89356345074953
03-31 20:00:00,189.0794132504807
03-31 21:00:00,137.27643343579774
03-31 22:00:00,107.73384280792226
03-31 23:00:00,100.17062918287
04-01 00:00:00,94.24049744608047
04-01 01:00:00,77.80060497347024
04-01 02:00:00,61.58563441981573
04-01 03:00:00,50.300630417765646
04-01 04:00:00,29.606377485652487
04-01 05:00:00,24.07548282118598
04-01 06:00:00,21.031703912186018
04-01 07:00:00,20.61996523875432
04-01 08:00:00,22.319476744232063
04-01 09:00:00,43.445946730164366
04-01 10:00:00,51.079184416250804
04-01 11:00:00,102.11807140665094
04-01 12:00:00,84.74972191444574
04-01 13:00:00,108.36277381269727
04-01 14:00:00,93.29118059973939
04-01 15:00:00,102.09701740556746
04-01 16:00:00,116.05271581888289
04-01 17:00:00,136.3692270912168
04-01 18:00:00,190.49196278421365
04-01 19:00:00,205.5841648032962
04-01 20:00:00,185.4401439851527
04-01 21:00:00,161.23093756398208
04-01 22:00:00,147.04631245681793
04-01 23:00:00,134.09636549621808
04-02 00:00:00,101.97625798811987
04-02 01:00:00,63.149908611854976
04-02 02:00:00,50.13652924687089
04-02 03:00:00,39.06124730903594
04-02 04:00:00,29.653317511873876
04-02 05:00:00,26.597555517711832
04-02 06:00:00,27.923002294389327
04-02 07:00:00,61.09070625568102
04-02 08:00:00,103.09052619417136
04-02 09:00:00,126.78096173611941
04-02 10:00:00,122.07379285997926
04-02 11:00:00,114.59596532150631
04-02 12:00:00,99.2841916195471
04-02 13:00:00,113.80951619870173
04-02 14:00:00,129.02010172916633
04-02 15:00:00,160.03498147459192
04-02 16:00:00,106.52948160248549
04-02 17:00:00,132.00871186617005
04-02 18:00:00,193.02910690378567
04-02 19:00:00,276.0996562687514
04-02 20:00:00,275.2445466768144
04-02 21:00:00,243.00972875935815
04-02 22:00:00,211.22746662736202
04-02 23:00:00,174.5569601309557
04-03 00:00:00,138.33238734765413
04-03 01:00:00,93.59112705767994
04-03 02:00:00,64.56447198580717
04-03 03:00:00,39.93906773245271
04-03 04:00:00,29.451074960524316
04-03 05:00:00,23.40871503629397
04-03 06:00:00,27.248226649832127
04-03 07:00:00,63.33512252186653
04-03 08:00:00,112.18125650364038
04-03 09:00:00,124.03494545995423
04-03 10:00:00,133.7642206198737
04-03 11:00:00,102.31324125117571
04-03 12:00:00,118.05643519622637
04-03 13:00:00,136.87141324015477
04-03 14:00:00,132.0939989113205
04-03 15:00:00,141.2888552819659
04-03 16:00:00,126.24346794211912
04-03 17:00:00,138.05714295978913
04-03 18:00:00,161.97080630638374
04-03 19:00:00,228.08021742885933
04-03 20:00:00,253.9397165729003
04-03 21:00:00,243.2999413959635
04-03 22:00:00,180.58388445018767
04-03 23:00:00,147.92986740029627
04-04 00:00:00,111.28567087445327
04-04 01:00:00,81.0597414253181
04-04 02:00:00,51.4488445346181
04-04 03:00:00,37.22153006115832
04-04 04:00:00,25.67289630517375
04-04 05:00:00,17.75842715954899
04-04 06:00:00,25.59828809916076
04-04 07:00:00,69.01604718771232
04-04 08:00:00,108.67372789956396
04-04 09:00:00,121.32441378423874
04-04 10:00:00,147.97039185894587
04-04 11:00:00,133.83032400373023
04-04 12:00:00,106.10015764131658
04-04 13:00:00,106.9640646519518
04-04 14:00:00,119.30091165697243
04-04 15:00:00,116.86428559724317
04-04 16:00:00,99.83458179417258
04-04 17:00:00,105.00697784013975
04-04 18:00:00,185.89446581132185
04-04 19:00:00,249.29408629342203
04-04 20:00:00,278.29630234236487
04-04 21:00:00,245.14457157860855
04-04 22:00:00,193.76893393386453
04-04 23:00:00,160.19156413585918
04-05 00:00:00,126.28859537525311
04-05 01:00:00,95.36183638764216
04-05 02:00:00,74.22572775873968
04-05 03:00:00,48.99431619953056
04-05 04:00:00,29.416082468170853
04-05 05:00:00,21.724885765093596
04-05 06:00:00,20.89780450431702
04-05 07:00:00,65.0840498673694
04-05 08:00:00,95.1804936852406
04-05 09:00:00,119.65020540878007
04-05 10:00:00,147.47376694450654
04-05 11:00:00,124.93622487686359
04-05 12:00:00,115.41950232954939
04-05 13:00:00,113.41576895436705
04-05 14:00:00,97.29770907844609
04-05 15:00:00,120.19718806222917
04-05 16:00:00,115.63323422468093
04-05 17:00:00,121.77760779149213
04-05 18:00:00,184.87599978776342
04-05 19:00:00,230.83144715270933
04-05 20:00:00,236.2736339176912
04-05 21:00:00,221.25652937509395
04-05 22:00:00,176.43837259578973
04-05 23:00:00,148.88121867170906
04-06 00:00:00,116.04519217366669
04-06 01:00:00,80.7282991499392
04-06 02:00:00,56.51211456973672
04-06 03:00:00,37.77588146344186
04-06 04:00:00,25.377273163465805
04-06 05:00:00,22.145952095772447
04-06 06:00:00,20.266812385426306
04-06 07:00:00,58.15209587926124
04-06 08:00:00,90.19618719862864
04-06 09:00:00,112.49180531545655
04-06 10:00:00,125.46483431682626
04-06 11:00:00,123.74425517318525
04-06 12:00:00,121.46173946322433
04-06 13:00:00,127.82931340139186
04-06 14:00:00,135.1727357072544
04-06 15:00:00,109.61628688786718
04-06 16:00:00,108.01969212882136
04-06 17:00:00,137.38660975486027
04-06 18:00:00,204.85066413021332
04-06 19:00:00,260.77391263437676
04-06 20:00:00,267.80421155438415
04-06 21:00:00,216.30032206376524
04-06 22:00:00,171.78399066324764
04-06 23:00:00,133.83637242670414
04-07 00:00:00,106.31126518891962
04-07 01:00:00,79.27617193070576
04-07 02:00:00,77.05950441699416
04-07 03:00:00,53.90849327785956
04-07 04:00:00,44.1319486145208
04-07 05:00:00,24.56880528050411
04-07 06:00:00,17.85991304044586
04-07 07:00:00,23.870001586043607
04-07 08:00:00,45.66651867070649
04-07 09:00:00,72.47164664945993
04-07 10:00:00,84.23950782654046
04-07 11:00:00,133.6262929691788
04-07 12:00:00,134.87520093103015
04-07 13:00:00,111.38467397104554
04-07 14:00:00,128.10694447205006
04-07 15:00:00,126.91836959834289
04-07 16:00:00,147.8426630226535
04-07 17:00:00,163.07047366675823
04-07 18:00:00,170.65616454597554
04-07 19:00:00,175.59949299955096
04-07 20:00:00,165.95417773321185
04-07 21:00:00,140.02281085466288
04-07 22:00:00,100.12130094286515
04-07 23:00:00,97.88873764002642
04-08 00:00:00,97.02373360966814
04-08 01:00:00,83.09750166747095
04-08 02:00:00,69.11544248466264
04-08 03:00:00,60.03564964740609
04-08 04:00:00,36.505504113409785
04-08 05:00:00,20.059774633841304
04-08 06:00:00,18.984781989817385
04-08 07:00:00,17.577299542987433
04-08 08:00:00,17.75854775443319
04-08 09:00:00,64.04503119656114
04-08 10:00:00,94.09027191827366
04-08 11:00:00,99.45741164494068
04-08 12:00:00,80.1966348072807
04-08 13:00:00,85.33163606970678
04-08 14:00:00,80.49514276450435
04-08 15:00:00,84.35262014353549
04-08 16:00:00,96.06111835149076
04-08 17:00:00,127.28330247751721
04-08 18:00:00,161.3875087838407
04-08 19:00:00,189.0812225997287
04-08 20:00:00,184.66579087310373
04-08 21:00:00,148.34120529231342
04-08 22:00:00,126.541095374387
04-08 23:00:00,107.00214826297619
04-09 00:00:00,82.1809788258578
04-09 01:00:00,53.91412245067238
04-09 02:00:00,41.718160343812556
04-09 03:00:00,32.69004943449015
04-09 04:00:00,28.34717307689697
04-09 05:00:00,21.40986951739071
04-09 06:00:00,24.223837986474965
04-09 07:00:00,62.40772628329124
04-09 08:00:00,103.29733800362335
04-09 09:00:00,126.98288663516698
04-09 10:00:00,120.47066868462173
04-09 11:00:00,115.36521160564406
04-09 12:00:00,99.2841916195471
04-09 13:00:00,113.80951619870173
04-09 14:00:00,129.02010172916633
04-09 15:00:00,160.03498147459192
04-09 16:00:00,106.52948160248549
04-09 17:00:00,132.00871186617005
04-09 18:00:00,193.02910690378567
04-09 19:00:00,276.0996562687514
04-09 20:00:00,275.2445466768144
04-09 21:00:00,243.00972875935815
04-09 22:00:00,211.22746662736202
04-09 23:00:00,174.5569601309557
04-10 00:00:00,138.33238734765413
04-10 01:00:00,93.59112705767994
04-10 02:00:00,64.56447198580717
04-10 03:00:00,39.93906773245271
04-10 04:00:00,29.451074960524316
04-10 05:00:00,23.40871503629397
04-10 06:00:00,27.248226649832127
04-10 07:00:00,63.33512252186653
04-10 08:00:00,112.18125650364038
04-10 09:00:00,124.03494545995423
04-10 10:00:00,133.7642206198737
04-10 11:00:00,102.31324125117571
04-10 12:00:00,118.05643519622637
04-10 13:00:00,136.87141324015477
04-10 14:00:00,132.0939989113205
04-10 15:00:00,141.2888552819659
04-10 16:00:00,126.24346794211912
04-10 17:00:00,138.05714295978913
04-10 18:00:00,161.97080630638374
04-10 19:00:00,228.08021742885933
04-10 20:00:00,253.9397165729003
04-10 21:00:00,243.2999413959635
04-10 22:00:00,180.58388445018767
04-10 23:00:00,147.92986740029627
04-11 00:00:00,111.28567087445327
04-11 01:00:00,81.0597414253181
04-11 02:00:00,51.4488445346181
04-11 03:00:00,37.22153006115832
04-11 04:00:00,25.67289630517375
04-11 05:00:00,17.75842715954899
04-11 06:00:00,25.59828809916076
04-11 07:00:00,69.01604718771232
04-11 08:00:00,108.67372789956396
04-11 09:00:00,121.32441378423874
04-11 10:00:00,147.97039185894587
04-11 11:00:00,133.83032400373023
04-11 12:00:00,106.10015764131658
04-11 13:00:00,106.9640646519518
04-11 14:00:00,119.30091165697243
04-11 15:00:00,116.86428559724317
04-11 16:00:00,99.83458179417258
04-11 17:00:00,105.00697784013975
04-11 18:00:00,185.89446581132185
04-11 19:00:00,249.29408629342203
04-11 20:00:00,278.29630234236487
04-11 21:00:00,245.14457157860855
04-11 22:00:00,193.76893393386453
04-11 23:00:00,160.19156413585918
04-12 00:00:00,126.28859537525311
04-12 01:00:00,95.36183638764216
04-12 02:00:00,74.22572775873968
04-12 03:00:00,48.99431619953056
04-12 04:00:00,29.416082468170853
04-12 05:00:00,21.724885765093596
04-12 06:00:00,20.89780450431702
04-12 07:00:00,65.0840498673694
04-12 08:00:00,95.1804936852406
04-12 09:00:00,119.65020540878007
04-12 10:00:00,147.47376694450654
04-12 11:00:00,124.93622487686359
04-12 12:00:00,115.41950232954939
04-12 13:00:00,113.41576895436705
04-12 14:00:00,97.29770907844609
04-12 15:00:00,120.19718806222917
04-12 16:00:00,115.63323422468093
04-12 17:00:00,121.77760779149213
04-12 18:00:00,184.87599978776342
04-12 19:00:00,230.83144715270933
04-12 20:00:00,236.2736339176912
04-12 21:00:00,221.25652937509395
04-12 22:00:00,176.43837259578973
04-12 23:00:00,148.88121867170906
04-13 00:00:00,116.04519217366669
04-13 01:00:00,80.7282991499392
04-13 02:00:00,56.51211456973672
04-13 03:00:00,37.77588146344186
04-13 04:00:00,25.377273163465805
04-13 05:00:00,22.145952095772447
04-13 06:00:00,20.266812385426306
04-13 07:00:00,58.15209587926124
04-13 08:00:00,90.19618719862864
04-13 09:00:00,112.49180531545655
04-13 10:00:00,125.46483431682626
04-13 11:00:00,123.74425517318525
04-13 12:00:00,121.46173946322433
04-13 13:00:00,127.82931340139186
04-13 14:00:00,135.1727357072544
04-13 15:00:00,109.61628688786718
04-13 16:00:00,108.01969212882136
04-13 17:00:00,137.38660975486027
04-13 18:00:00,204.85066413021332
04-13 19:00:00,260.77391263437676
04-13 20:00:00,267.80421155438415
04-13 21:00:00,216.30032206376524
04-13 22:00:00,171.78399066324764
04-13 23:00:00,133.83637242670414
04-14 00:00:00,106.31126518891962
04-14 01:00:00,79.27617193070576
04-14 02:00:00,77.05950441699416
04-14 03:00:00,53.90849327785956
04-14 04:00:00,44.1319486145208
04-14 05:00:00,24.56880528050411
04-14 06:00:00,17.85991304044586
04-14 07:00:00,23.870001586043607
04-14 08:00:00,45.66651867070649
04-14 09:00:00,72.47164664945993
04-14 10:00:00,84.23950782654046
04-14 11:00:00,133.6262929691788
04-14 12:00:00,134.87520093103015
04-14 13:00:00,111.38467397104554
04-14 14:00:00,128.10694447205006
04-14 15:00:00,126.91836959834289
04-14 16:00:00,147.8426630226535
04-14 17:00:00,163.07047366675823
04-14 18:00:00,170.65616454597554
04-14 19:00:00,175.59949299955096
04-14 20:00:00,165.95417773321185
04-14 21:00:00,140.02281085466288
04-14 22:00:00,100.12130094286515
04-14 23:00:00,97.88873764002642
04-15 00:00:00,97.02373360966814
04-15 01:00:00,83.09750166747095
04-15 02:00:00,69.11544248466264
04-15 03:00:00,60.03564964740609
04-15 04:00:00,36.505504113409785
04-15 05:00:00,20.059774633841304
04-15 06:00:00,18.984781989817385
04-15 07:00:00,17.577299542987433
04-15 08:00:00,17.75854775443319
04-15 09:00:00,64.04503119656114
04-15 10:00:00,94.09027191827366
04-15 11:00:00,99.45741164494068
04-15 12:00:00,80.1966348072807
04-15 13:00:00,85.33163606970678
04-15 14:00:00,80.49514276450435
04-15 15:00:00,84.35262014353549
04-15 16:00:00,96.06111835149076
04-15 17:00:00,127.28330247751721
04-15 18:00:00,161.3875087838407
04-15 19:00:00,189.0812225997287
04-15 20:00:00,184.66579087310373
04-15 21:00:00,148.34120529231342
04-15 22:00:00,126.541095374387
04-15 23:00:00,107.00214826297619
04-16 00:00:00,82.1809788258578
04-16 01:00:00,53.91412245067238
04-16 02:00:00,41.718160343812556
04-16 03:00:00,32.69004943449015
04-16 04:00:00,28.34717307689697
04-16 05:00:00,21.40986951739071
04-16 06:00:00,24.223837986474965
04-16 07:00:00,62.40772628329124
04-16 08:00:00,103.29733800362335
04-16 09:00:00,126.98288663516698
04-16 10:00:00,120.47066868462173
04-16 11:00:00,115.36521160564406
04-16 12:00:00,99.2841916195471
04-16 13:00:00,113.80951619870173
04-16 14:00:00,129.02010172916633
04-16 15:00:00,160.03498147459192
04-16 16:00:00,106.52948160248549
04-16 17:00:00,132.00871186617005
04-16 18:00:00,193.02910690378567
04-16 19:00:00,276.0996562687514
04-16 20:00:00,275.2445466768144
04-16 21:00:00,243.00972875935815
04-16 22:00:00,211.22746662736202
04-16 23:00:00,174.5569601309557
04-17 00:00:00,138.33238734765413
04-17 01:00:00,93.59112705767994
04-17 02:00:00,64.56447198580717
04-17 03:00:00,39.93906773245271
04-17 04:00:00,29.451074960524316
04-17 05:00:00,23.40871503629397
04-17 06:00:00,27.248226649832127
04-17 07:00:00,63.33512252186653
04-17 08:00:00,112.18125650364038
04-17 09:00:00,124.03494545995423
04-17 10:00:00,133.7642206198737
04-17 11:00:00,102.31324125117571
04-17 12:00:00,118.05643519622637
04-17 13:00:00,136.87141324015477
04-17 14:00:00,132.0939989113205
04-17 15:00:00,141.2888552819659
04-17 16:00:00,126.24346794211912
04-17 17:00:00,138.05714295978913
04-17 18:00:00,161.97080630638374
04-17 19:00:00,228.08021742885933
04-17 20:00:00,253.9397165729003
04-17 21:00:00,243.2999413959635
04-17 22:00:00,180.58388445018767
04-17 23:00:00,147.92986740029627
04-18 00:00:00,111.28567087445327
04-18 01:00:00,81.0597414253181
04-18 02:00:00,51.4488445346181
04-18 03:00:00,37.22153006115832
04-18 04:00:00,25.67289630517375
04-18 05:00:00,17.75842715954899
04-18 06:00:00,25.59828809916076
04-18 07:00:00,69.01604718771232
04-18 08:00:00,108.67372789956396
04-18 09:00:00,121.32441378423874
04-18 10:00:00,147.97039185894587
04-18 11:00:00,133.83032400373023
04-18 12:00:00,106.10015764131658
04-18 13:00:00,106.9640646519518
04-18 14:00:00,119.30091165697243
04-18 15:00:00,116.86428559724317
04-18 16:00:00,99.83458179417258
04-18 17:00:00,105.00697784013975
04-18 18:00:00,185.89446581132185
04-18 19:00:00,249.29408629342203
04-18 20:00:00,278.29630234236487
04-18 21:00:00,245.14457157860855
04-18 22:00:00,193.76893393386453
04-18 23:00:00,160.19156413585918
04-19 00:00:00,126.28859537525311
04-19 01:00:00,95.36183638764216
04-19 02:00:00,74.22572775873968
04-19 03:00:00,48.99431619953056
04-19 04:00:00,29.416082468170853
04-19 05:00:00,21.724885765093596
04-19 06:00:00,20.89780450431702
04-19 07:00:00,65.0840498673694
04-19 08:00:00,95.1804936852406
04-19 09:00:00,119.65020540878007
04-19 10:00:00,147.47376694450654
04-19 11:00:00,124.93622487686359
04-19 12:00:00,115.41950232954939
04-19 13:00:00,113.41576895436705
04-19 14:00:00,97.29770907844609
04-19 15:00:00,120.19718806222917
04-19 16:00:00,115.63323422468093
04-19 17:00:00,121.77760779149213
04-19 18:00:00,184.87599978776342
04-19 19:00:00,230.83144715270933
04-19 20:00:00,236.2736339176912
04-19 21:00:00,221.25652937509395
04-19 22:00:00,176.43837259578973
04-19 23:00:00,148.88121867170906
04-20 00:00:00,116.04519217366669
04-20 01:00:00,80.7282991499392
04-20 02:00:00,56.51211456973672
04-20 03:00:00,37.77588146344186
04-20 04:00:00,25.377273163465805
04-20 05:00:00,22.145952095772447
04-20 06:00:00,20.266812385426306
04-20 07:00:00,58.15209587926124
04-20 08:00:00,90.19618719862864
04-20 09:00:00,112.49180531545655
04-20 10:00:00,125.46483431682626
04-20 11:00:00,123.74425517318525
04-20 12:00:00,121.46173946322433
04-20 13:00:00,127.82931340139186
04-20 14:00:00,135.1727357072544
04-20 15:00:00,109.61628688786718
04-20 16:00:00,108.01969212882136
04-20 17:00:00,137.38660975486027
04-20 18:00:00,204.85066413021332
04-20 19:00:00,260.77391263437676
04-20 20:00:00,267.80421155438415
04-20 21:00:00,216.30032206376524
04-20 22:00:00,171.78399066324764
04-20 23:00:00,133.83637242670414
04-21 00:00:00,106.31126518891962
04-21 01:00:00,79.27617193070576
04-21 02:00:00,77.05950441699416
04-21 03:00:00,53.90849327785956
04-21 04:00:00,44.1319486145208
04-21 05:00:00,24.56880528050411
04-21 06:00:00,17.85991304044586
04-21 07:00:00,23.870001586043607
04-21 08:00:00,45.66651867070649
04-21 09:00:00,72.47164664945993
04-21 10:00:00,84.23950782654046
04-21 11:00:00,133.6262929691788
04-21 12:00:00,134.87520093103015
04-21 13:00:00,111.38467397104554
04-21 14:00:00,128.10694447205006
04-21 15:00:00,126.91836959834289
04-21 16:00:00,147.8426630226535
04-21 17:00:00,163.07047366675823
04-21 18:00:00,170.65616454597554
04-21 19:00:00,175.59949299955096
04-21 20:00:00,165.95417773321185
04-21 21:00:00,140.02281085466288
04-21 22:00:00,100.12130094286515
04-21 23:00:00,97.88873764002642
04-22 00:00:00,97.02373360966814
04-22 01:00:00,83.09750166747095
04-22 02:00:00,69.11544248466264
04-22 03:00:00,60.03564964740609
04-22 04:00:00,36.505504113409785
04-22 05:00:00,20.059774633841304
04-22 06:00:00,18.984781989817385
04-22 07:00:00,17.577299542987433
04-22 08:00:00,17.75854775443319
04-22 09:00:00,64.04503119656114
04-22 10:00:00,94.09027191827366
04-22 11:00:00,99.45741164494068
04-22 12:00:00,80.1966348072807
04-22 13:00:00,85.33163606970678
04-22 14:00:00,80.49514276450435
04-22 15:00:00,84.35262014353549
04-22 16:00:00,96.06111835149076
04-22 17:00:00,127.28330247751721
04-22 18:00:00,161.3875087838407
04-22 19:00:00,189.0812225997287
04-22 20:00:00,184.66579087310373
04-22 21:00:00,148.34120529231342
04-22 22:00:00,126.541095374387
04-22 23:00:00,107.00214826297619
04-23 00:00:00,82.1809788258578
04-23 01:00:00,53.91412245067238
04-23 02:00:00,41.718160343812556
04-23 03:00:00,32.69004943449015
04-23 04:00:00,28.34717307689697
04-23 05:00:00,21.40986951739071
04-23 06:00:00,24.223837986474965
04-23 07:00:00,62.40772628329124
04-23 08:00:00,103.29733800362335
04-23 09:00:00,126.98288663516698
04-23 10:00:00,120.47066868462173
04-23 11:00:00,115.36521160564406
04-23 12:00:00,99.2841916195471
04-23 13:00:00,113.80951619870173
04-23 14:00:00,129.02010172916633
04-23 15:00:00,160.03498147459192
04-23 16:00:00,106.52948160248549
04-23 17:00:00,132.00871186617005
04-23 18:00:00,193.02910690378567
04-23 19:00:00,276.0996562687514
04-23 20:00:00,275.2445466768144
04-23 21:00:00,243.00972875935815
04-23 22:00:00,211.22746662736202
04-23 23:00:00,174.5569601309557
04-24 00:00:00,138.33238734765413
04-24 01:00:00,93.59112705767994
04-24 02:00:00,64.56447198580717
04-24 03:00:00,39.93906773245271
04-24 04:00:00,29.451074960524316
04-24 05:00:00,23.40871503629397
04-24 06:00:00,27.248226649832127
04-24 07:00:00,63.33512252186653
04-24 08:00:00,112.18125650364038
04-24 09:00:00,124.03494545995423
04-24 10:00:00,133.7642206198737
04-24 11:00:00,102.31324125117571
04-24 12:00:00,118.05643519622637
04-24 13:00:00,136.87141324015477
04-24 14:00:00,132.0939989113205
04-24 15:00:00,141.2888552819659
04-24 16:00:00,126.24346794211912
04-24 17:00:00,138.05714295978913
04-24 18:00:00,161.97080630638374
04-24 19:00:00,228.08021742885933
04-24 20:00:00,253.9397165729003
04-24 21:00:00,243.2999413959635
04-24 22:00:00,180.58388445018767
04-24 23:00:00,147.92986740029627
04-25 00:00:00,111.28567087445327
04-25 01:00:00,81.0597414253181
04-25 02:00:00,51.4488445346181
04-25 03:00:00,37.22153006115832
04-25 04:00:00,25.67289630517375
04-25 05:00:00,17.75842715954899
04-25 06:00:00,25.59828809916076
04-25 07:00:00,69.01604718771232
04-25 08:00:00,108.67372789956396
04-25 09:00:00,121.32441378423874
04-25 10:00:00,147.97039185894587
04-25 11:00:00,133.83032400373023
04-25 12:00:00,106.10015764131658
04-25 13:00:00,106.9640646519518
04-25 14:00:00,119.30091165697243
04-25 15:00:00,116.86428559724317
04-25 16:00:00,99.83458179417258
04-25 17:00:00,105.00697784013975
04-25 18:00:00,185.89446581132185
04-25 19:00:00,249.29408629342203
04-25 20:00:00,278.29630234236487
04-25 21:00:00,245.14457157860855
04-25 22:00:00,193.76893393386453
04-25 23:00:00,160.19156413585918
04-26 00:00:00,126.28859537525311
04-26 01:00:00,95.36183638764216
04-26 02:00:00,74.22572775873968
04-26 03:00:00,48.99431619953056
04-26 04:00:00,29.416082468170853
04-26 05:00:00,21.724885765093596
04-26 06:00:00,20.89780450431702
04-26 07:00:00,65.0840498673694
04-26 08:00:00,95.1804936852406
04-26 09:00:00,119.65020540878007
04-26 10:00:00,147.47376694450654
04-26 11:00:00,124.93622487686359
04-26 12:00:00,115.41950232954939
04-26 13:00:00,113.41576895436705
04-26 14:00:00,97.29770907844609
04-26 15:00:00,120.19718806222917
04-26 16:00:00,115.63323422468093
04-26 17:00:00,121.77760779149213
04-26 18:00:00,184.87599978776342
04-26 19:00:00,230.83144715270933
04-26 20:00:00,236.2736339176912
04-26 21:00:00,221.25652937509395
04-26 22:00:00,176.43837259578973
04-26 23:00:00,148.88121867170906
04-27 00:00:00,116.04519217366669
04-27 01:00:00,80.7282991499392
04-27 02:00:00,56.51211456973672
04-27 03:00:00,37.77588146344186
04-27 04:00:00,25.377273163465805
04-27 05:00:00,22.145952095772447
04-27 06:00:00,20.266812385426306
04-27 07:00:00,58.15209587926124
04-27 08:00:00,90.19618719862864
04-27 09:00:00,112.49180531545655
04-27 10:00:00,125.46483431682626
04-27 11:00:00,123.74425517318525
04-27 12:00:00,121.46173946322433
04-27 13:00:00,127.82931340139186
04-27 14:00:00,135.1727357072544
04-27 15:00:00,109.61628688786718
04-27 16:00:00,108.01969212882136
04-27 17:00:00,137.38660975486027
04-27 18:00:00,204.85066413021332
04-27 19:00:00,260.77391263437676
04-27 20:00:00,267.80421155438415
04-27 21:00:00,216.30032206376524
04-27 22:00:00,171.78399066324764
04-27 23:00:00,133.83637242670414
04-28 00:00:00,106.31126518891962
04-28 01:00:00,79.27617193070576
04-28 02:00:00,77.05950441699416
04-28 03:00:00,53.90849327785956
04-28 04:00:00,44.1319486145208
04-28 05:00:00,24.56880528050411
04-28 06:00:00,17.85991304044586
04-28 07:00:00,23.870001586043607
04-28 08:00:00,45.66651867070649
04-28 09:00:00,72.47164664945993
04-28 10:00:00,84.23950782654046
04-28 11:00:00,133.6262929691788
04-28 12:00:00,134.87520093103015
04-28 13:00:00,111.38467397104554
04-28 14:00:00,128.10694447205006
04-28 15:00:00,126.91836959834289
04-28 16:00:00,147.8426630226535
04-28 17:00:00,163.07047366675823
04-28 18:00:00,170.65616454597554
04-28 19:00:00,175.59949299955096
04-28 20:00:00,165.95417773321185
04-28 21:00:00,140.02281085466288
04-28 22:00:00,100.12130094286515
04-28 23:00:00,97.88873764002642
04-29 00:00:00,97.02373360966814
04-29 01:00:00,83.09750166747095
04-29 02:00:00,69.11544248466264
04-29 03:00:00,60.03564964740609
04-29 04:00:00,36.505504113409785
04-29 05:00:00,20.059774633841304
04-29 06:00:00,18.984781989817385
04-29 07:00:00,17.577299542987433
04-29 08:00:00,17.75854775443319
04-29 09:00:00,64.04503119656114
04-29 10:00:00,94.09027191827366
04-29 11:00:00,99.45741164494068
04-29 12:00:00,80.1966348072807
04-29 13:00:00,85.33163606970678
04-29 14:00:00,80.49514276450435
04-29 15:00:00,84.35262014353549
04-29 16:00:00,96.06111835149076
04-29 17:00:00,127.28330247751721
04-29 18:00:00,161.3875087838407
04-29 19:00:00,189.0812225997287
04-29 20:00:00,184.66579087310373
04-29 21:00:00,148.34120529231342
04-29 22:00:00,126.541095374387
04-29 23:00:00,107.00214826297619
04-30 00:00:00,82.1809788258578
04-30 01:00:00,53.91412245067238
04-30 02:00:00,41.718160343812556
04-30 03:00:00,32.69004943449015
04-30 04:00:00,28.34717307689697
04-30 05:00:00,21.40986951739071
04-30 06:00:00,24.223837986474965
04-30 07:00:00,62.40772628329124
04-30 08:00:00,103.29733800362335
04-30 09:00:00,126.98288663516698
04-30 10:00:00,120.47066868462173
04-30 11:00:00,115.36521160564406
04-30 12:00:00,99.2841916195471
04-30 13:00:00,113.80951619870173
04-30 14:00:00,129.02010172916633
04-30 15:00:00,160.03498147459192
04-30 16:00:00,106.52948160248549
04-30 17:00:00,132.00871186617005
04-30 18:00:00,193.02910690378567
04-30 19:00:00,276.0996562687514
04-30 20:00:00,275.2445466768144
04-30 21:00:00,243.00972875935815
04-30 22:00:00,211.22746662736202
04-30 23:00:00,174.5569601309557
05-01 00:00:00,138.33238734765413
05-01 01:00:00,93.59112705767994
05-01 02:00:00,64.56447198580717
05-01 03:00:00,39.93906773245271
05-01 04:00:00,29.451074960524316
05-01 05:00:00,23.40871503629397
05-01 06:00:00,27.248226649832127
05-01 07:00:00,63.33512252186653
05-01 08:00:00,112.18125650364038
05-01 09:00:00,124.03494545995423
05-01 10:00:00,133.7642206198737
05-01 11:00:00,102.31324125117571
05-01 12:00:00,118.05643519622637
05-01 13:00:00,136.87141324015477
05-01 14:00:00,132.0939989113205
05-01 15:00:00,141.2888552819659
05-01 16:00:00,126.24346794211912
05-01 17:00:00,138.05714295978913
05-01 18:00:00,161.97080630638374
05-01 19:00:00,228.08021742885933
05-01 20:00:00,253.9397165729003
05-01 21:00:00,243.2999413959635
05-01 22:00:00,180.58388445018767
05-01 23:00:00,147.92986740029627
05-02 00:00:00,111.28567087445327
05-02 01:00:00,81.0597414253181
05-02 02:00:00,51.4488445346181
05-02 03:00:00,37.22153006115832
05-02 04:00:00,25.67289630517375
05-02 05:00:00,17.75842715954899
05-02 06:00:00,25.59828809916076
05-02 07:00:00,69.01604718771232
05-02 08:00:00,108.67372789956396
05-02 09:00:00,121.32441378423874
05-02 10:00:00,147.97039185894587
05-02 11:00:00,133.83032400373023
05-02 12:00:00,106.10015764131658
05-02 13:00:00,106.9640646519518
05-02 14:00:00,119.30091165697243
05-02 15:00:00,116.86428559724317
05-02 16:00:00,99.83458179417258
05-02 17:00:00,105.00697784013975
05-02 18:00:00,185.89446581132185
05-02 19:00:00,249.29408629342203
05-02 20:00:00,278.29630234236487
05-02 21:00:00,245.14457157860855
05-02 22:00:00,193.76893393386453
05-02 23:00:00,160.19156413585918
05-03 00:00:00,126.28859537525311
05-03 01:00:00,95.36183638764216
05-03 02:00:00,74.22572775873968
05-03 03:00:00,48.99431619953056
05-03 04:00:00,29.416082468170853
05-03 05:00:00,21.724885765093596
05-03 06:00:00,20.89780450431702
05-03 07:00:00,65.0840498673694
05-03 08:00:00,95.1804936852406
05-03 09:00:00,119.65020540878007
05-03 10:00:00,147.47376694450654
05-03 11:00:00,124.93622487686359
05-03 12:00:00,115.41950232954939
05-03 13:00:00,113.41576895436705
05-03 14:00:00,97.29770907844609
05-03 15:00:00,120.19718806222917
05-03 16:00:00,115.63323422468093
05-03 17:00:00,121.77760779149213
05-03 18:00:00,184.87599978776342
05-03 19:00:00,230.83144715270933
05-03 20:00:00,236.2736339176912
05-03 21:00:00,221.25652937509395
05-03 22:00:00,176.43837259578973
05-03 23:00:00,148.88121867170906
05-04 00:00:00,116.04519217366669
05-04 01:00:00,80.7282991499392
05-04 02:00:00,56.51211456973672
05-04 03:00:00,37.77588146344186
05-04 04:00:00,25.377273163465805
05-04 05:00:00,22.145952095772447
05-04 06:00:00,20.266812385426306
05-04 07:00:00,58.15209587926124
05-04 08:00:00,90.19618719862864
05-04 09:00:00,112.49180531545655
05-04 10:00:00,125.46483431682626
05-04 11:00:00,123.74425517318525
05-04 12:00:00,121.46173946322433
05-04 13:00:00,127.82931340139186
05-04 14:00:00,135.1727357072544
05-04 15:00:00,109.61628688786718
05-04 16:00:00,108.01969212882136
05-04 17:00:00,137.38660975486027
05-04 18:00:00,204.85066413021332
05-04 19:00:00,260.77391263437676
05-04 20:00:00,267.80421155438415
05-04 21:00:00,216.30032206376524
05-04 22:00:00,171.78399066324764
05-04 23:00:00,133.83637242670414
05-05 00:00:00,106.31126518891962
05-05 01:00:00,79.27617193070576
05-05 02:00:00,77.05950441699416
05-05 03:00:00,53.90849327785956
05-05 04:00:00,44.1319486145208
05-05 05:00:00,24.56880528050411
05-05 06:00:00,17.85991304044586
05-05 07:00:00,23.870001586043607
05-05 08:00:00,45.66651867070649
05-05 09:00:00,72.47164664945993
05-05 10:00:00,84.23950782654046
05-05 11:00:00,133.6262929691788
05-05 12:00:00,134.87520093103015
05-05 13:00:00,111.38467397104554
05-05 14:00:00,128.10694447205006
05-05 15:00:00,126.91836959834289
05-05 16:00:00,147.8426630226535
05-05 17:00:00,163.07047366675823
05-05 18:00:00,170.65616454597554
05-05 19:00:00,175.59949299955096
05-05 20:00:00,165.95417773321185
05-05 21:00:00,140.02281085466288
05-05 22:00:00,100.12130094286515
05-05 23:00:00,97.88873764002642
05-06 00:00:00,97.02373360966814
05-06 01:00:00,83.09750166747095
05-06 02:00:00,69.11544248466264
05-06 03:00:00,60.03564964740609
05-06 04:00:00,36.505504113409785
05-06 05:00:00,20.059774633841304
05-06 06:00:00,18.984781989817385
05-06 07:00:00,17.577299542987433
05-06 08:00:00,17.75854775443319
05-06 09:00:00,64.04503119656114
05-06 10:00:00,94.09027191827366
05-06 11:00:00,99.45741164494068
05-06 12:00:00,80.1966348072807
05-06 13:00:00,85.33163606970678
05-06 14:00:00,80.49514276450435
05-06 15:00:00,84.35262014353549
05-06 16:00:00,96.06111835149076
05-06 17:00:00,127.28330247751721
05-06 18:00:00,161.3875087838407
05-06 19:00:00,189.0812225997287
05-06 20:00:00,184.66579087310373
05-06 21:00:00,148.34120529231342
05-06 22:00:00,126.541095374387
05-06 23:00:00,107.00214826297619
05-07 00:00:00,82.1809788258578
05-07 01:00:00,53.91412245067238
05-07 02:00:00,41.718160343812556
05-07 03:00:00,32.69004943449015
05-07 04:00:00,28.34717307689697
05-07 05:00:00,21.40986951739071
05-07 06:00:00,24.223837986474965
05-07 07:00:00,62.40772628329124
05-07 08:00:00,103.29733800362335
05-07 09:00:00,126.98288663516698
05-07 10:00:00,120.47066868462173
05-07 11:00:00,115.36521160564406
05-07 12:00:00,99.2841916195471
05-07 13:00:00,113.80951619870173
05-07 14:00:00,129.02010172916633
05-07 15:00:00,160.03498147459192
05-07 16:00:00,106.52948160248549
05-07 17:00:00,132.00871186617005
05-07 18:00:00,193.02910690378567
05-07 19:00:00,276.0996562687514
05-07 20:00:00,275.2445466768144
05-07 21:00:00,243.00972875935815
05-07 22:00:00,211.22746662736202
05-07 23:00:00,174.5569601309557
05-08 00:00:00,138.33238734765413
05-08 01:00:00,93.59112705767994
05-08 02:00:00,64.56447198580717
05-08 03:00:00,39.93906773245271
05-08 04:00:00,29.451074960524316
05-08 05:00:00,23.40871503629397
05-08 06:00:00,27.248226649832127
05-08 07:00:00,63.33512252186653
05-08 08:00:00,112.18125650364038
05-08 09:00:00,124.03494545995423
05-08 10:00:00,133.7642206198737
05-08 11:00:00,102.31324125117571
05-08 12:00:00,118.05643519622637
05-08 13:00:00,136.87141324015477
05-08 14:00:00,132.0939989113205
05-08 15:00:00,141.2888552819659
05-08 16:00:00,126.24346794211912
05-08 17:00:00,138.05714295978913
05-08 18:00:00,161.97080630638374
05-08 19:00:00,228.08021742885933
05-08 20:00:00,253.9397165729003
05-08 21:00:00,243.2999413959635
05-08 22:00:00,180.58388445018767
05-08 23:00:00,147.92986740029627
05-09 00:00:00,111.28567087445327
05-09 01:00:00,81.0597414253181
05-09 02:00:00,51.4488445346181
05-09 03:00:00,37.22153006115832
05-09 04:00:00,25.67289630517375
05-09 05:00:00,17.75842715954899
05-09 06:00:00,25.59828809916076
05-09 07:00:00,69.01604718771232
05-09 08:00:00,108.67372789956396
05-09 09:00:00,121.32441378423874
05-09 10:00:00,147.97039185894587
05-09 11:00:00,133.83032400373023
05-09 12:00:00,106.10015764131658
05-09 13:00:00,106.9640646519518
05-09 14:00:00,119.30091165697243
05-09 15:00:00,116.86428559724317
05-09 16:00:00,99.83458179417258
05-09 17:00:00,105.00697784013975
05-09 18:00:00,185.89446581132185
05-09 19:00:00,249.29408629342203
05-09 20:00:00,278.29630234236487
05-09 21:00:00,245.14457157860855
05-09 22:00:00,193.76893393386453
05-09 23:00:00,160.19156413585918
05-10 00:00:00,126.28859537525311
05-10 01:00:00,95.36183638764216
05-10 02:00:00,74.22572775873968
05-10 03:00:00,48.99431619953056
05-10 04:00:00,29.416082468170853
05-10 05:00:00,21.724885765093596
05-10 06:00:00,20.89780450431702
05-10 07:00:00,65.0840498673694
05-10 08:00:00,95.1804936852406
05-10 09:00:00,119.65020540878007
05-10 10:00:00,147.47376694450654
05-10 11:00:00,124.93622487686359
05-10 12:00:00,115.41950232954939
05-10 13:00:00,113.41576895436705
05-10 14:00:00,97.29770907844609
05-10 15:00:00,120.19718806222917
05-10 16:00:00,115.63323422468093
05-10 17:00:00,121.77760779149213
05-10 18:00:00,184.87599978776342
05-10 19:00:00,230.83144715270933
05-10 20:00:00,236.2736339176912
05-10 21:00:00,221.25652937509395
05-10 22:00:00,176.43837259578973
05-10 23:00:00,148.88121867170906
05-11 00:00:00,116.04519217366669
05-11 01:00:00,80.7282991499392
05-11 02:00:00,56.51211456973672
05-11 03:00:00,37.77588146344186
05-11 04:00:00,25.377273163465805
05-11 05:00:00,22.145952095772447
05-11 06:00:00,20.266812385426306
05-11 07:00:00,58.15209587926124
05-11 08:00:00,90.19618719862864
05-11 09:00:00,112.49180531545655
05-11 10:00:00,125.46483431682626
05-11 11:00:00,123.74425517318525
05-11 12:00:00,121.46173946322433
05-11 13:00:00,127.82931340139186
05-11 14:00:00,135.1727357072544
05-11 15:00:00,109.61628688786718
05-11 16:00:00,108.01969212882136
05-11 17:00:00,137.38660975486027
05-11 18:00:00,204.85066413021332
05-11 19:00:00,260.77391263437676
05-11 20:00:00,267.80421155438415
05-11 21:00:00,216.30032206376524
05-11 22:00:00,171.78399066324764
05-11 23:00:00,133.83637242670414
05-12 00:00:00,106.31126518891962
05-12 01:00:00,79.27617193070576
05-12 02:00:00,77.05950441699416
05-12 03:00:00,53.90849327785956
05-12 04:00:00,44.1319486145208
05-12 05:00:00,24.56880528050411
05-12 06:00:00,17.85991304044586
05-12 07:00:00,23.870001586043607
05-12 08:00:00,45.66651867070649
05-12 09:00:00,72.47164664945993
05-12 10:00:00,84.23950782654046
05-12 11:00:00,133.6262929691788
05-12 12:00:00,134.87520093103015
05-12 13:00:00,111.38467397104554
05-12 14:00:00,128.10694447205006
05-12 15:00:00,126.91836959834289
05-12 16:00:00,147.8426630226535
05-12 17:00:00,163.07047366675823
05-12 18:00:00,170.65616454597554
05-12 19:00:00,175.59949299955096
05-12 20:00:00,165.95417773321185
05-12 21:00:00,140.02281085466288
05-12 22:00:00,100.12130094286515
05-12 23:00:00,97.88873764002642
05-13 00:00:00,97.02373360966814
05-13 01:00:00,83.09750166747095
05-13 02:00:00,69.11544248466264
05-13 03:00:00,60.03564964740609
05-13 04:00:00,36.505504113409785
05-13 05:00:00,20.059774633841304
05-13 06:00:00,18.984781989817385
05-13 07:00:00,17.577299542987433
05-13 08:00:00,17.75854775443319
05-13 09:00:00,64.04503119656114
05-13 10:00:00,94.09027191827366
05-13 11:00:00,99.45741164494068
05-13 12:00:00,80.1966348072807
05-13 13:00:00,85.33163606970678
05-13 14:00:00,80.49514276450435
05-13 15:00:00,84.35262014353549
05-13 16:00:00,96.06111835149076
05-13 17:00:00,127.28330247751721
05-13 18:00:00,161.3875087838407
05-13 19:00:00,189.0812225997287
05-13 20:00:00,184.66579087310373
05-13 21:00:00,148.34120529231342
05-13 22:00:00,126.541095374387
05-13 23:00:00,107.00214826297619
05-14 00:00:00,82.1809788258578
05-14 01:00:00,53.91412245067238
05-14 02:00:00,41.718160343812556
05-14 03:00:00,32.69004943449015
05-14 04:00:00,28.34717307689697
05-14 05:00:00,21.40986951739071
05-14 06:00:00,24.223837986474965
05-14 07:00:00,62.40772628329124
05-14 08:00:00,103.29733800362335
05-14 09:00:00,126.98288663516698
05-14 10:00:00,120.47066868462173
05-14 11:00:00,115.36521160564406
05-14 12:00:00,99.2841916195471
05-14 13:00:00,113.80951619870173
05-14 14:00:00,129.02010172916633
05-14 15:00:00,160.03498147459192
05-14 16:00:00,106.52948160248549
05-14 17:00:00,132.00871186617005
05-14 18:00:00,193.02910690378567
05-14 19:00:00,276.0996562687514
05-14 20:00:00,275.2445466768144
05-14 21:00:00,243.00972875935815
05-14 22:00:00,211.22746662736202
05-14 23:00:00,174.5569601309557
05-15 00:00:00,138.33238734765413
05-15 01:00:00,93.59112705767994
05-15 02:00:00,64.56447198580717
05-15 03:00:00,39.93906773245271
05-15 04:00:00,29.451074960524316
05-15 05:00:00,23.40871503629397
05-15 06:00:00,27.248226649832127
05-15 07:00:00,63.33512252186653
05-15 08:00:00,112.18125650364038
05-15 09:00:00,124.03494545995423
05-15 10:00:00,133.7642206198737
05-15 11:00:00,102.31324125117571
05-15 12:00:00,118.05643519622637
05-15 13:00:00,136.87141324015477
05-15 14:00:00,132.0939989113205
05-15 15:00:00,141.2888552819659
05-15 16:00:00,126.24346794211912
05-15 17:00:00,138.05714295978913
05-15 18:00:00,161.97080630638374
05-15 19:00:00,228.08021742885933
05-15 20:00:00,253.9397165729003
05-15 21:00:00,243.2999413959635
05-15 22:00:00,180.58388445018767
05-15 23:00:00,147.92986740029627
05-16 00:00:00,111.28567087445327
05-16 01:00:00,81.0597414253181
05-16 02:00:00,51.4488445346181
05-16 03:00:00,37.22153006115832
05-16 04:00:00,25.67289630517375
05-16 05:00:00,17.75842715954899
05-16 06:00:00,25.59828809916076
05-16 07:00:00,69.01604718771232
05-16 08:00:00,108.67372789956396
05-16 09:00:00,121.32441378423874
05-16 10:00:00,147.97039185894587
05-16 11:00:00,133.83032400373023
05-16 12:00:00,106.10015764131658
05-16 13:00:00,106.9640646519518
05-16 14:00:00,119.30091165697243
05-16 15:00:00,116.86428559724317
05-16 16:00:00,99.83458179417258
05-16 17:00:00,105.00697784013975
05-16 18:00:00,185.89446581132185
05-16 19:00:00,249.29408629342203
05-16 20:00:00,278.29630234236487
05-16 21:00:00,245.14457157860855
05-16 22:00:00,193.76893393386453
05-16 23:00:00,160.19156413585918
05-17 00:00:00,126.28859537525311
05-17 01:00:00,95.36183638764216
05-17 02:00:00,74.22572775873968
05-17 03:00:00,48.99431619953056
05-17 04:00:00,29.416082468170853
05-17 05:00:00,21.724885765093596
05-17 06:00:00,20.89780450431702
05-17 07:00:00,65.0840498673694
05-17 08:00:00,95.1804936852406
05-17 09:00:00,119.65020540878007
05-17 10:00:00,147.47376694450654
05-17 11:00:00,124.93622487686359
05-17 12:00:00,115.41950232954939
05-17 13:00:00,113.41576895436705
05-17 14:00:00,97.29770907844609
05-17 15:00:00,120.19718806222917
05-17 16:00:00,115.63323422468093
05-17 17:00:00,121.77760779149213
05-17 18:00:00,184.87599978776342
05-17 19:00:00,230.83144715270933
05-17 20:00:00,236.2736339176912
05-17 21:00:00,221.25652937509395
05-17 22:00:00,176.43837259578973
05-17 23:00:00,148.88121867170906
05-18 00:00:00,116.04519217366669
05-18 01:00:00,80.7282991499392
05-18 02:00:00,56.51211456973672
05-18 03:00:00,37.77588146344186
05-18 04:00:00,25.377273163465805
05-18 05:00:00,22.145952095772447
05-18 06:00:00,20.266812385426306
05-18 07:00:00,58.15209587926124
05-18 08:00:00,90.19618719862864
05-18 09:00:00,112.49180531545655
05-18 10:00:00,125.46483431682626
05-18 11:00:00,123.74425517318525
05-18 12:00:00,121.46173946322433
05-18 13:00:00,127.82931340139186
05-18 14:00:00,135.1727357072544
05-18 15:00:00,109.61628688786718
05-18 16:00:00,108.01969212882136
05-18 17:00:00,137.38660975486027
05-18 18:00:00,204.85066413021332
05-18 19:00:00,260.77391263437676
05-18 20:00:00,267.80421155438415
05-18 21:00:00,216.30032206376524
05-18 22:00:00,171.78399066324764
05-18 23:00:00,133.83637242670414
05-19 00:00:00,106.31126518891962
05-19 01:00:00,79.27617193070576
05-19 02:00:00,77.05950441699416
05-19 03:00:00,53.90849327785956
05-19 04:00:00,44.1319486145208
05-19 05:00:00,24.56880528050411
05-19 06:00:00,17.85991304044586
05-19 07:00:00,23.870001586043607
05-19 08:00:00,45.66651867070649
05-19 09:00:00,72.47164664945993
05-19 10:00:00,84.23950782654046
05-19 11:00:00,133.6262929691788
05-19 12:00:00,134.87520093103015
05-19 13:00:00,111.38467397104554
05-19 14:00:00,128.10694447205006
05-19 15:00:00,126.91836959834289
05-19 16:00:00,147.8426630226535
05-19 17:00:00,163.07047366675823
05-19 18:00:00,170.65616454597554
05-19 19:00:00,175.59949299955096
05-19 20:00:00,165.95417773321185
05-19 21:00:00,140.02281085466288
05-19 22:00:00,100.12130094286515
05-19 23:00:00,97.88873764002642
05-20 00:00:00,97.02373360966814
05-20 01:00:00,83.09750166747095
05-20 02:00:00,69.11544248466264
05-20 03:00:00,60.03564964740609
05-20 04:00:00,36.505504113409785
05-20 05:00:00,20.059774633841304
05-20 06:00:00,18.984781989817385
05-20 07:00:00,17.577299542987433
05-20 08:00:00,17.75854775443319
05-20 09:00:00,64.04503119656114
05-20 10:00:00,94.09027191827366
05-20 11:00:00,99.45741164494068
05-20 12:00:00,80.1966348072807
05-20 13:00:00,85.33163606970678
05-20 14:00:00,80.49514276450435
05-20 15:00:00,84.35262014353549
05-20 16:00:00,96.06111835149076
05-20 17:00:00,127.28330247751721
05-20 18:00:00,161.3875087838407
05-20 19:00:00,189.0812225997287
05-20 20:00:00,184.66579087310373
05-20 21:00:00,148.34120529231342
05-20 22:00:00,126.541095374387
05-20 23:00:00,107.00214826297619
05-21 00:00:00,82.1809788258578
05-21 01:00:00,53.91412245067238
05-21 02:00:00,41.718160343812556
05-21 03:00:00,32.69004943449015
05-21 04:00:00,28.34717307689697
05-21 05:00:00,21.40986951739071
05-21 06:00:00,24.223837986474965
05-21 07:00:00,62.40772628329124
05-21 08:00:00,103.29733800362335
05-21 09:00:00,126.98288663516698
05-21 10:00:00,120.47066868462173
05-21 11:00:00,115.36521160564406
05-21 12:00:00,99.2841916195471
05-21 13:00:00,113.80951619870173
05-21 14:00:00,129.02010172916633
05-21 15:00:00,160.03498147459192
05-21 16:00:00,106.52948160248549
05-21 17:00:00,132.00871186617005
05-21 18:00:00,193.02910690378567
05-21 19:00:00,276.0996562687514
05-21 20:00:00,275.2445466768144
05-21 21:00:00,243.00972875935815
05-21 22:00:00,211.22746662736202
05-21 23:00:00,174.5569601309557
05-22 00:00:00,138.33238734765413
05-22 01:00:00,93.59112705767994
05-22 02:00:00,64.56447198580717
05-22 03:00:00,39.93906773245271
05-22 04:00:00,29.451074960524316
05-22 05:00:00,23.40871503629397
05-22 06:00:00,27.248226649832127
05-22 07:00:00,63.33512252186653
05-22 08:00:00,112.18125650364038
05-22 09:00:00,124.03494545995423
05-22 10:00:00,133.7642206198737
05-22 11:00:00,102.31324125117571
05-22 12:00:00,118.05643519622637
05-22 13:00:00,136.87141324015477
05-22 14:00:00,132.0939989113205
05-22 15:00:00,141.2888552819659
05-22 16:00:00,126.24346794211912
05-22 17:00:00,138.05714295978913
05-22 18:00:00,161.97080630638374
05-22 19:00:00,228.08021742885933
05-22 20:00:00,253.9397165729003
05-22 21:00:00,243.2999413959635
05-22 22:00:00,180.58388445018767
05-22 23:00:00,147.92986740029627
05-23 00:00:00,111.28567087445327
05-23 01:00:00,81.0597414253181
05-23 02:00:00,51.4488445346181
05-23 03:00:00,37.22153006115832
05-23 04:00:00,25.67289630517375
05-23 05:00:00,17.75842715954899
05-23 06:00:00,25.59828809916076
05-23 07:00:00,69.01604718771232
05-23 08:00:00,108.67372789956396
05-23 09:00:00,121.32441378423874
05-23 10:00:00,147.97039185894587
05-23 11:00:00,133.83032400373023
05-23 12:00:00,106.10015764131658
05-23 13:00:00,106.9640646519518
05-23 14:00:00,119.30091165697243
05-23 15:00:00,116.86428559724317
05-23 16:00:00,99.83458179417258
05-23 17:00:00,105.00697784013975
05-23 18:00:00,185.89446581132185
05-23 19:00:00,249.29408629342203
05-23 20:00:00,278.29630234236487
05-23 21:00:00,245.14457157860855
05-23 22:00:00,193.76893393386453
05-23 23:00:00,160.19156413585918
05-24 00:00:00,126.28859537525311
05-24 01:00:00,95.36183638764216
05-24 02:00:00,74.22572775873968
05-24 03:00:00,48.99431619953056
05-24 04:00:00,29.416082468170853
05-24 05:00:00,21.724885765093596
05-24 06:00:00,20.89780450431702
05-24 07:00:00,65.0840498673694
05-24 08:00:00,95.1804936852406
05-24 09:00:00,119.65020540878007
05-24 10:00:00,147.47376694450654
05-24 11:00:00,124.93622487686359
05-24 12:00:00,115.41950232954939
05-24 13:00:00,113.41576895436705
05-24 14:00:00,97.29770907844609
05-24 15:00:00,120.19718806222917
05-24 16:00:00,115.63323422468093
05-24 17:00:00,121.77760779149213
05-24 18:00:00,184.87599978776342
05-24 19:00:00,230.83144715270933
05-24 20:00:00,236.2736339176912
05-24 21:00:00,221.25652937509395
05-24 22:00:00,176.43837259578973
05-24 23:00:00,148.88121867170906
05-25 00:00:00,116.04519217366669
05-25 01:00:00,80.7282991499392
05-25 02:00:00,56.51211456973672
05-25 03:00:00,37.77588146344186
05-25 04:00:00,25.377273163465805
05-25 05:00:00,22.145952095772447
05-25 06:00:00,20.266812385426306
05-25 07:00:00,58.15209587926124
05-25 08:00:00,90.19618719862864
05-25 09:00:00,112.49180531545655
05-25 10:00:00,125.46483431682626
05-25 11:00:00,123.74425517318525
05-25 12:00:00,121.46173946322433
05-25 13:00:00,127.82931340139186
05-25 14:00:00,135.1727357072544
05-25 15:00:00,109.61628688786718
05-25 16:00:00,108.01969212882136
05-25 17:00:00,137.38660975486027
05-25 18:00:00,204.85066413021332
05-25 19:00:00,260.77391263437676
05-25 20:00:00,267.80421155438415
05-25 21:00:00,216.30032206376524
05-25 22:00:00,171.78399066324764
05-25 23:00:00,133.83637242670414
05-26 00:00:00,106.31126518891962
05-26 01:00:00,79.27617193070576
05-26 02:00:00,77.05950441699416
05-26 03:00:00,53.90849327785956
05-26 04:00:00,44.1319486145208
05-26 05:00:00,24.56880528050411
05-26 06:00:00,17.85991304044586
05-26 07:00:00,23.870001586043607
05-26 08:00:00,45.66651867070649
05-26 09:00:00,72.47164664945993
05-26 10:00:00,84.23950782654046
05-26 11:00:00,133.6262929691788
05-26 12:00:00,134.87520093103015
05-26 13:00:00,111.38467397104554
05-26 14:00:00,128.10694447205006
05-26 15:00:00,126.91836959834289
05-26 16:00:00,147.8426630226535
05-26 17:00:00,163.07047366675823
05-26 18:00:00,170.65616454597554
05-26 19:00:00,175.59949299955096
05-26 20:00:00,165.95417773321185
05-26 21:00:00,140.02281085466288
05-26 22:00:00,100.12130094286515
05-26 23:00:00,97.88873764002642
05-27 00:00:00,97.02373360966814
05-27 01:00:00,83.09750166747095
05-27 02:00:00,69.11544248466264
05-27 03:00:00,60.03564964740609
05-27 04:00:00,36.505504113409785
05-27 05:00:00,20.059774633841304
05-27 06:00:00,18.984781989817385
05-27 07:00:00,17.577299542987433
05-27 08:00:00,17.75854775443319
05-27 09:00:00,64.04503119656114
05-27 10:00:00,94.09027191827366
05-27 11:00:00,99.45741164494068
05-27 12:00:00,80.1966348072807
05-27 13:00:00,85.33163606970678
05-27 14:00:00,80.49514276450435
05-27 15:00:00,84.35262014353549
05-27 16:00:00,96.06111835149076
05-27 17:00:00,127.28330247751721
05-27 18:00:00,161.3875087838407
05-27 19:00:00,189.0812225997287
05-27 20:00:00,184.66579087310373
05-27 21:00:00,148.34120529231342
05-27 22:00:00,126.541095374387
05-27 23:00:00,107.00214826297619
05-28 00:00:00,82.1809788258578
05-28 01:00:00,53.91412245067238
05-28 02:00:00,41.718160343812556
05-28 03:00:00,32.69004943449015
05-28 04:00:00,28.34717307689697
05-28 05:00:00,21.40986951739071
05-28 06:00:00,24.223837986474965
05-28 07:00:00,62.40772628329124
05-28 08:00:00,103.29733800362335
05-28 09:00:00,126.98288663516698
05-28 10:00:00,120.47066868462173
05-28 11:00:00,115.36521160564406
05-28 12:00:00,99.2841916195471
05-28 13:00:00,113.80951619870173
05-28 14:00:00,129.02010172916633
05-28 15:00:00,160.03498147459192
05-28 16:00:00,106.52948160248549
05-28 17:00:00,132.00871186617005
05-28 18:00:00,193.02910690378567
05-28 19:00:00,276.0996562687514
05-28 20:00:00,275.2445466768144
05-28 21:00:00,243.00972875935815
05-28 22:00:00,211.22746662736202
05-28 23:00:00,174.5569601309557
05-29 00:00:00,138.33238734765413
05-29 01:00:00,93.59112705767994
05-29 02:00:00,64.56447198580717
05-29 03:00:00,39.93906773245271
05-29 04:00:00,29.451074960524316
05-29 05:00:00,23.40871503629397
05-29 06:00:00,27.248226649832127
05-29 07:00:00,63.33512252186653
05-29 08:00:00,112.18125650364038
05-29 09:00:00,124.03494545995423
05-29 10:00:00,133.7642206198737
05-29 11:00:00,102.31324125117571
05-29 12:00:00,118.05643519622637
05-29 13:00:00,136.87141324015477
05-29 14:00:00,132.0939989113205
05-29 15:00:00,141.2888552819659
05-29 16:00:00,126.24346794211912
05-29 17:00:00,138.05714295978913
05-29 18:00:00,161.97080630638374
05-29 19:00:00,228.08021742885933
05-29 20:00:00,253.9397165729003
05-29 21:00:00,243.2999413959635
05-29 22:00:00,180.58388445018767
05-29 23:00:00,147.92986740029627
05-30 00:00:00,111.28567087445327
05-30 01:00:00,81.0597414253181
05-30 02:00:00,51.4488445346181
05-30 03:00:00,37.22153006115832
05-30 04:00:00,25.67289630517375
05-30 05:00:00,17.75842715954899
05-30 06:00:00,25.59828809916076
05-30 07:00:00,69.01604718771232
05-30 08:00:00,108.67372789956396
05-30 09:00:00,121.32441378423874
05-30 10:00:00,147.97039185894587
05-30 11:00:00,133.83032400373023
05-30 12:00:00,106.10015764131658
05-30 13:00:00,106.9640646519518
05-30 14:00:00,119.30091165697243
05-30 15:00:00,116.86428559724317
05-30 16:00:00,99.83458179417258
05-30 17:00:00,105.00697784013975
05-30 18:00:00,185.89446581132185
05-30 19:00:00,249.29408629342203
05-30 20:00:00,278.29630234236487
05-30 21:00:00,245.14457157860855
05-30 22:00:00,193.76893393386453
05-30 23:00:00,160.19156413585918
05-31 00:00:00,126.28859537525311
05-31 01:00:00,95.36183638764216
05-31 02:00:00,74.22572775873968
05-31 03:00:00,48.99431619953056
05-31 04:00:00,29.416082468170853
05-31 05:00:00,21.724885765093596
05-31 06:00:00,20.89780450431702
05-31 07:00:00,65.0840498673694
05-31 08:00:00,95.1804936852406
05-31 09:00:00,119.65020540878007
05-31 10:00:00,147.47376694450654
05-31 11:00:00,124.93622487686359
05-31 12:00:00,115.41950232954939
05-31 13:00:00,113.41576895436705
05-31 14:00:00,97.29770907844609
05-31 15:00:00,120.19718806222917
05-31 16:00:00,115.63323422468093
05-31 17:00:00,121.77760779149213
05-31 18:00:00,184.87599978776342
05-31 19:00:00,230.83144715270933
05-31 20:00:00,236.2736339176912
05-31 21:00:00,221.25652937509395
05-31 22:00:00,176.43837259578973
05-31 23:00:00,148.88121867170906
06-01 00:00:00,116.04519217366669
06-01 01:00:00,80.7282991499392
06-01 02:00:00,56.51211456973672
06-01 03:00:00,37.77588146344186
06-01 04:00:00,25.377273163465805
06-01 05:00:00,22.145952095772447
06-01 06:00:00,20.266812385426306
06-01 07:00:00,58.15209587926124
06-01 08:00:00,90.19618719862864
06-01 09:00:00,112.49180531545655
06-01 10:00:00,125.46483431682626
06-01 11:00:00,123.74425517318525
06-01 12:00:00,121.46173946322433
06-01 13:00:00,127.82931340139186
06-01 14:00:00,135.1727357072544
06-01 15:00:00,109.61628688786718
06-01 16:00:00,108.01969212882136
06-01 17:00:00,137.38660975486027
06-01 18:00:00,204.85066413021332
06-01 19:00:00,260.77391263437676
06-01 20:00:00,267.80421155438415
06-01 21:00:00,216.30032206376524
06-01 22:00:00,171.78399066324764
06-01 23:00:00,133.83637242670414
06-02 00:00:00,106.31126518891962
06-02 01:00:00,79.27617193070576
06-02 02:00:00,77.05950441699416
06-02 03:00:00,53.90849327785956
06-02 04:00:00,44.1319486145208
06-02 05:00:00,24.56880528050411
06-02 06:00:00,17.85991304044586
06-02 07:00:00,23.870001586043607
06-02 08:00:00,45.66651867070649
06-02 09:00:00,72.47164664945993
06-02 10:00:00,84.23950782654046
06-02 11:00:00,133.6262929691788
06-02 12:00:00,134.87520093103015
06-02 13:00:00,111.38467397104554
06-02 14:00:00,128.10694447205006
06-02 15:00:00,126.91836959834289
06-02 16:00:00,147.8426630226535
06-02 17:00:00,163.07047366675823
06-02 18:00:00,170.65616454597554
06-02 19:00:00,175.59949299955096
06-02 20:00:00,165.95417773321185
06-02 21:00:00,140.02281085466288
06-02 22:00:00,100.12130094286515
06-02 23:00:00,97.88873764002642
06-03 00:00:00,97.02373360966814
06-03 01:00:00,83.09750166747095
06-03 02:00:00,69.11544248466264
06-03 03:00:00,60.03564964740609
06-03 04:00:00,36.505504113409785
06-03 05:00:00,20.059774633841304
06-03 06:00:00,18.984781989817385
06-03 07:00:00,17.577299542987433
06-03 08:00:00,17.75854775443319
06-03 09:00:00,64.04503119656114
06-03 10:00:00,94.09027191827366
06-03 11:00:00,99.45741164494068
06-03 12:00:00,80.1966348072807
06-03 13:00:00,85.33163606970678
06-03 14:00:00,80.49514276450435
06-03 15:00:00,84.35262014353549
06-03 16:00:00,96.06111835149076
06-03 17:00:00,127.28330247751721
06-03 18:00:00,161.3875087838407
06-03 19:00:00,189.0812225997287
06-03 20:00:00,184.66579087310373
06-03 21:00:00,148.34120529231342
06-03 22:00:00,126.541095374387
06-03 23:00:00,107.00214826297619
06-04 00:00:00,82.1809788258578
06-04 01:00:00,53.91412245067238
06-04 02:00:00,41.718160343812556
06-04 03:00:00,32.69004943449015
06-04 04:00:00,28.34717307689697
06-04 05:00:00,21.40986951739071
06-04 06:00:00,24.223837986474965
06-04 07:00:00,62.40772628329124
06-04 08:00:00,103.29733800362335
06-04 09:00:00,126.98288663516698
06-04 10:00:00,120.47066868462173
06-04 11:00:00,115.36521160564406
06-04 12:00:00,99.2841916195471
06-04 13:00:00,113.80951619870173
06-04 14:00:00,129.02010172916633
06-04 15:00:00,160.03498147459192
06-04 16:00:00,106.52948160248549
06-04 17:00:00,132.00871186617005
06-04 18:00:00,193.02910690378567
06-04 19:00:00,276.0996562687514
06-04 20:00:00,275.2445466768144
06-04 21:00:00,243.00972875935815
06-04 22:00:00,211.22746662736202
06-04 23:00:00,174.5569601309557
06-05 00:00:00,138.33238734765413
06-05 01:00:00,93.59112705767994
06-05 02:00:00,64.56447198580717
06-05 03:00:00,39.93906773245271
06-05 04:00:00,29.451074960524316
06-05 05:00:00,23.40871503629397
06-05 06:00:00,27.248226649832127
06-05 07:00:00,63.33512252186653
06-05 08:00:00,112.18125650364038
06-05 09:00:00,124.03494545995423
06-05 10:00:00,133.7642206198737
06-05 11:00:00,102.31324125117571
06-05 12:00:00,118.05643519622637
06-05 13:00:00,136.87141324015477
06-05 14:00:00,132.0939989113205
06-05 15:00:00,141.2888552819659
06-05 16:00:00,126.24346794211912
06-05 17:00:00,138.05714295978913
06-05 18:00:00,161.97080630638374
06-05 19:00:00,228.08021742885933
06-05 20:00:00,253.9397165729003
06-05 21:00:00,243.2999413959635
06-05 22:00:00,180.58388445018767
06-05 23:00:00,147.92986740029627
06-06 00:00:00,111.28567087445327
06-06 01:00:00,81.0597414253181
06-06 02:00:00,51.4488445346181
06-06 03:00:00,37.22153006115832
06-06 04:00:00,25.67289630517375
06-06 05:00:00,17.75842715954899
06-06 06:00:00,25.59828809916076
06-06 07:00:00,69.01604718771232
06-06 08:00:00,108.67372789956396
06-06 09:00:00,121.32441378423874
06-06 10:00:00,147.97039185894587
06-06 11:00:00,133.83032400373023
06-06 12:00:00,106.10015764131658
06-06 13:00:00,106.9640646519518
06-06 14:00:00,119.30091165697243
06-06 15:00:00,116.86428559724317
06-06 16:00:00,99.83458179417258
06-06 17:00:00,105.00697784013975
06-06 18:00:00,185.89446581132185
06-06 19:00:00,249.29408629342203
06-06 20:00:00,278.29630234236487
06-06 21:00:00,245.14457157860855
06-06 22:00:00,193.76893393386453
06-06 23:00:00,160.19156413585918
06-07 00:00:00,126.28859537525311
06-07 01:00:00,95.36183638764216
06-07 02:00:00,74.22572775873968
06-07 03:00:00,48.99431619953056
06-07 04:00:00,29.416082468170853
06-07 05:00:00,21.724885765093596
06-07 06:00:00,20.89780450431702
06-07 07:00:00,65.0840498673694
06-07 08:00:00,95.1804936852406
06-07 09:00:00,119.65020540878007
06-07 10:00:00,147.47376694450654
06-07 11:00:00,124.93622487686359
06-07 12:00:00,115.41950232954939
06-07 13:00:00,113.41576895436705
06-07 14:00:00,97.29770907844609
06-07 15:00:00,120.19718806222917
06-07 16:00:00,115.63323422468093
06-07 17:00:00,121.77760779149213
06-07 18:00:00,184.87599978776342
06-07 19:00:00,230.83144715270933
06-07 20:00:00,236.2736339176912
06-07 21:00:00,221.25652937509395
06-07 22:00:00,176.43837259578973
06-07 23:00:00,148.88121867170906
06-08 00:00:00,116.04519217366669
06-08 01:00:00,80.7282991499392
06-08 02:00:00,56.51211456973672
06-08 03:00:00,37.77588146344186
06-08 04:00:00,25.377273163465805
06-08 05:00:00,22.145952095772447
06-08 06:00:00,20.266812385426306
06-08 07:00:00,58.15209587926124
06-08 08:00:00,90.19618719862864
06-08 09:00:00,112.49180531545655
06-08 10:00:00,125.46483431682626
06-08 11:00:00,123.74425517318525
06-08 12:00:00,121.46173946322433
06-08 13:00:00,127.82931340139186
06-08 14:00:00,135.1727357072544
06-08 15:00:00,109.61628688786718
06-08 16:00:00,108.01969212882136
06-08 17:00:00,137.38660975486027
06-08 18:00:00,204.85066413021332
06-08 19:00:00,260.77391263437676
06-08 20:00:00,267.80421155438415
06-08 21:00:00,216.30032206376524
06-08 22:00:00,171.78399066324764
06-08 23:00:00,133.83637242670414
06-09 00:00:00,106.31126518891962
06-09 01:00:00,79.27617193070576
06-09 02:00:00,77.05950441699416
06-09 03:00:00,53.90849327785956
06-09 04:00:00,44.1319486145208
06-09 05:00:00,24.56880528050411
06-09 06:00:00,17.85991304044586
06-09 07:00:00,23.870001586043607
06-09 08:00:00,45.66651867070649
06-09 09:00:00,72.47164664945993
06-09 10:00:00,84.23950782654046
06-09 11:00:00,133.6262929691788
06-09 12:00:00,134.87520093103015
06-09 13:00:00,111.38467397104554
06-09 14:00:00,128.10694447205006
06-09 15:00:00,126.91836959834289
06-09 16:00:00,147.8426630226535
06-09 17:00:00,163.07047366675823
06-09 18:00:00,170.65616454597554
06-09 19:00:00,175.59949299955096
06-09 20:00:00,165.95417773321185
06-09 21:00:00,140.02281085466288
06-09 22:00:00,100.12130094286515
06-09 23:00:00,97.88873764002642
06-10 00:00:00,97.02373360966814
06-10 01:00:00,83.09750166747095
06-10 02:00:00,69.11544248466264
06-10 03:00:00,60.03564964740609
06-10 04:00:00,36.505504113409785
06-10 05:00:00,20.059774633841304
06-10 06:00:00,18.984781989817385
06-10 07:00:00,17.577299542987433
06-10 08:00:00,17.75854775443319
06-10 09:00:00,64.04503119656114
06-10 10:00:00,94.09027191827366
06-10 11:00:00,99.45741164494068
06-10 12:00:00,80.1966348072807
06-10 13:00:00,85.33163606970678
06-10 14:00:00,80.49514276450435
06-10 15:00:00,84.35262014353549
06-10 16:00:00,96.06111835149076
06-10 17:00:00,127.28330247751721
06-10 18:00:00,161.3875087838407
06-10 19:00:00,189.0812225997287
06-10 20:00:00,184.66579087310373
06-10 21:00:00,148.34120529231342
06-10 22:00:00,126.541095374387
06-10 23:00:00,107.00214826297619
06-11 00:00:00,82.1809788258578
06-11 01:00:00,53.91412245067238
06-11 02:00:00,41.718160343812556
06-11 03:00:00,32.69004943449015
06-11 04:00:00,28.34717307689697
06-11 05:00:00,21.40986951739071
06-11 06:00:00,24.223837986474965
06-11 07:00:00,62.40772628329124
06-11 08:00:00,103.29733800362335
06-11 09:00:00,126.98288663516698
06-11 10:00:00,120.47066868462173
06-11 11:00:00,115.36521160564406
06-11 12:00:00,99.2841916195471
06-11 13:00:00,113.80951619870173
06-11 14:00:00,129.02010172916633
06-11 15:00:00,160.03498147459192
06-11 16:00:00,106.52948160248549
06-11 17:00:00,132.00871186617005
06-11 18:00:00,193.02910690378567
06-11 19:00:00,276.0996562687514
06-11 20:00:00,275.2445466768144
06-11 21:00:00,243.00972875935815
06-11 22:00:00,211.22746662736202
06-11 23:00:00,174.5569601309557
06-12 00:00:00,138.33238734765413
06-12 01:00:00,93.59112705767994
06-12 02:00:00,64.56447198580717
06-12 03:00:00,39.93906773245271
06-12 04:00:00,29.451074960524316
06-12 05:00:00,23.40871503629397
06-12 06:00:00,27.248226649832127
06-12 07:00:00,63.33512252186653
06-12 08:00:00,112.18125650364038
06-12 09:00:00,124.03494545995423
06-12 10:00:00,133.7642206198737
06-12 11:00:00,102.31324125117571
06-12 12:00:00,118.05643519622637
06-12 13:00:00,136.87141324015477
06-12 14:00:00,132.0939989113205
06-12 15:00:00,141.2888552819659
06-12 16:00:00,126.24346794211912
06-12 17:00:00,138.05714295978913
06-12 18:00:00,161.97080630638374
06-12 19:00:00,228.08021742885933
06-12 20:00:00,253.9397165729003
06-12 21:00:00,243.2999413959635
06-12 22:00:00,180.58388445018767
06-12 23:00:00,147.92986740029627
06-13 00:00:00,111.28567087445327
06-13 01:00:00,81.0597414253181
06-13 02:00:00,51.4488445346181
06-13 03:00:00,37.22153006115832
06-13 04:00:00,25.67289630517375
06-13 05:00:00,17.75842715954899
06-13 06:00:00,25.59828809916076
06-13 07:00:00,69.01604718771232
06-13 08:00:00,108.67372789956396
06-13 09:00:00,121.32441378423874
06-13 10:00:00,147.97039185894587
06-13 11:00:00,133.83032400373023
06-13 12:00:00,106.10015764131658
06-13 13:00:00,106.9640646519518
06-13 14:00:00,119.30091165697243
06-13 15:00:00,116.86428559724317
06-13 16:00:00,99.83458179417258
06-13 17:00:00,105.00697784013975
06-13 18:00:00,185.89446581132185
06-13 19:00:00,249.29408629342203
06-13 20:00:00,278.29630234236487
06-13 21:00:00,245.14457157860855
06-13 22:00:00,193.76893393386453
06-13 23:00:00,160.19156413585918
06-14 00:00:00,126.28859537525311
06-14 01:00:00,95.36183638764216
06-14 02:00:00,74.22572775873968
06-14 03:00:00,48.99431619953056
06-14 04:00:00,29.416082468170853
06-14 05:00:00,21.724885765093596
06-14 06:00:00,20.89780450431702
06-14 07:00:00,65.0840498673694
06-14 08:00:00,95.1804936852406
06-14 09:00:00,119.65020540878007
06-14 10:00:00,147.47376694450654
06-14 11:00:00,124.93622487686359
06-14 12:00:00,115.41950232954939
06-14 13:00:00,113.41576895436705
06-14 14:00:00,97.29770907844609
06-14 15:00:00,120.19718806222917
06-14 16:00:00,115.63323422468093
06-14 17:00:00,121.77760779149213
06-14 18:00:00,184.87599978776342
06-14 19:00:00,230.83144715270933
06-14 20:00:00,236.2736339176912
06-14 21:00:00,221.25652937509395
06-14 22:00:00,176.43837259578973
06-14 23:00:00,148.88121867170906
06-15 00:00:00,116.04519217366669
06-15 01:00:00,80.7282991499392
06-15 02:00:00,56.51211456973672
06-15 03:00:00,37.77588146344186
06-15 04:00:00,25.377273163465805
06-15 05:00:00,22.145952095772447
06-15 06:00:00,20.266812385426306
06-15 07:00:00,58.15209587926124
06-15 08:00:00,90.19618719862864
06-15 09:00:00,112.49180531545655
06-15 10:00:00,125.46483431682626
06-15 11:00:00,123.74425517318525
06-15 12:00:00,121.46173946322433
06-15 13:00:00,127.82931340139186
06-15 14:00:00,135.1727357072544
06-15 15:00:00,109.61628688786718
06-15 16:00:00,108.01969212882136
06-15 17:00:00,137.38660975486027
06-15 18:00:00,204.85066413021332
06-15 19:00:00,260.77391263437676
06-15 20:00:00,267.80421155438415
06-15 21:00:00,216.30032206376524
06-15 22:00:00,171.78399066324764
06-15 23:00:00,133.83637242670414
06-16 00:00:00,106.31126518891962
06-16 01:00:00,79.27617193070576
06-16 02:00:00,77.05950441699416
06-16 03:00:00,53.90849327785956
06-16 04:00:00,44.1319486145208
06-16 05:00:00,24.56880528050411
06-16 06:00:00,17.85991304044586
06-16 07:00:00,23.870001586043607
06-16 08:00:00,45.66651867070649
06-16 09:00:00,72.47164664945993
06-16 10:00:00,84.23950782654046
06-16 11:00:00,133.6262929691788
06-16 12:00:00,134.87520093103015
06-16 13:00:00,111.38467397104554
06-16 14:00:00,128.10694447205006
06-16 15:00:00,126.91836959834289
06-16 16:00:00,147.8426630226535
06-16 17:00:00,163.07047366675823
06-16 18:00:00,170.65616454597554
06-16 19:00:00,175.59949299955096
06-16 20:00:00,165.95417773321185
06-16 21:00:00,140.02281085466288
06-16 22:00:00,100.12130094286515
06-16 23:00:00,97.88873764002642
06-17 00:00:00,97.02373360966814
06-17 01:00:00,83.09750166747095
06-17 02:00:00,69.11544248466264
06-17 03:00:00,60.03564964740609
06-17 04:00:00,36.505504113409785
06-17 05:00:00,20.059774633841304
06-17 06:00:00,18.984781989817385
06-17 07:00:00,17.577299542987433
06-17 08:00:00,17.75854775443319
06-17 09:00:00,64.04503119656114
06-17 10:00:00,94.09027191827366
06-17 11:00:00,99.45741164494068
06-17 12:00:00,80.1966348072807
06-17 13:00:00,85.33163606970678
06-17 14:00:00,80.49514276450435
06-17 15:00:00,84.35262014353549
06-17 16:00:00,96.06111835149076
06-17 17:00:00,127.28330247751721
06-17 18:00:00,161.3875087838407
06-17 19:00:00,189.0812225997287
06-17 20:00:00,184.66579087310373
06-17 21:00:00,148.34120529231342
06-17 22:00:00,126.541095374387
06-17 23:00:00,107.00214826297619
06-18 00:00:00,82.1809788258578
06-18 01:00:00,53.91412245067238
06-18 02:00:00,41.718160343812556
06-18 03:00:00,32.69004943449015
06-18 04:00:00,28.34717307689697
06-18 05:00:00,21.40986951739071
06-18 06:00:00,24.223837986474965
06-18 07:00:00,62.40772628329124
06-18 08:00:00,103.29733800362335
06-18 09:00:00,126.98288663516698
06-18 10:00:00,120.47066868462173
06-18 11:00:00,115.36521160564406
06-18 12:00:00,99.2841916195471
06-18 13:00:00,113.80951619870173
06-18 14:00:00,129.02010172916633
06-18 15:00:00,160.03498147459192
06-18 16:00:00,106.52948160248549
06-18 17:00:00,132.00871186617005
06-18 18:00:00,193.02910690378567
06-18 19:00:00,276.0996562687514
06-18 20:00:00,275.2445466768144
06-18 21:00:00,243.00972875935815
06-18 22:00:00,211.22746662736202
06-18 23:00:00,174.5569601309557
06-19 00:00:00,138.33238734765413
06-19 01:00:00,93.59112705767994
06-19 02:00:00,64.56447198580717
06-19 03:00:00,39.93906773245271
06-19 04:00:00,29.451074960524316
06-19 05:00:00,23.40871503629397
06-19 06:00:00,27.248226649832127
06-19 07:00:00,63.33512252186653
06-19 08:00:00,112.18125650364038
06-19 09:00:00,124.03494545995423
06-19 10:00:00,133.7642206198737
06-19 11:00:00,102.31324125117571
06-19 12:00:00,118.05643519622637
06-19 13:00:00,136.87141324015477
06-19 14:00:00,132.0939989113205
06-19 15:00:00,141.2888552819659
06-19 16:00:00,126.24346794211912
06-19 17:00:00,138.05714295978913
06-19 18:00:00,161.97080630638374
06-19 19:00:00,228.08021742885933
06-19 20:00:00,253.9397165729003
06-19 21:00:00,243.2999413959635
06-19 22:00:00,180.58388445018767
06-19 23:00:00,147.92986740029627
06-20 00:00:00,111.28567087445327
06-20 01:00:00,81.0597414253181
06-20 02:00:00,51.4488445346181
06-20 03:00:00,37.22153006115832
06-20 04:00:00,25.67289630517375
06-20 05:00:00,17.75842715954899
06-20 06:00:00,25.59828809916076
06-20 07:00:00,69.01604718771232
06-20 08:00:00,108.67372789956396
06-20 09:00:00,121.32441378423874
06-20 10:00:00,147.97039185894587
06-20 11:00:00,133.83032400373023
06-20 12:00:00,106.10015764131658
06-20 13:00:00,106.9640646519518
06-20 14:00:00,119.30091165697243
06-20 15:00:00,116.86428559724317
06-20 16:00:00,99.83458179417258
06-20 17:00:00,105.00697784013975
06-20 18:00:00,185.89446581132185
06-20 19:00:00,249.29408629342203
06-20 20:00:00,278.29630234236487
06-20 21:00:00,245.14457157860855
06-20 22:00:00,193.76893393386453
06-20 23:00:00,160.19156413585918
06-21 00:00:00,126.28859537525311
06-21 01:00:00,95.36183638764216
06-21 02:00:00,74.22572775873968
06-21 03:00:00,48.99431619953056
06-21 04:00:00,29.416082468170853
06-21 05:00:00,21.724885765093596
06-21 06:00:00,20.89780450431702
06-21 07:00:00,65.0840498673694
06-21 08:00:00,95.1804936852406
06-21 09:00:00,119.65020540878007
06-21 10:00:00,147.47376694450654
06-21 11:00:00,124.93622487686359
06-21 12:00:00,115.41950232954939
06-21 13:00:00,113.41576895436705
06-21 14:00:00,97.29770907844609
06-21 15:00:00,120.19718806222917
06-21 16:00:00,115.63323422468093
06-21 17:00:00,121.77760779149213
06-21 18:00:00,184.87599978776342
06-21 19:00:00,230.83144715270933
06-21 20:00:00,236.2736339176912
06-21 21:00:00,221.25652937509395
06-21 22:00:00,176.43837259578973
06-21 23:00:00,148.88121867170906
06-22 00:00:00,116.04519217366669
06-22 01:00:00,80.7282991499392
06-22 02:00:00,56.51211456973672
06-22 03:00:00,37.77588146344186
06-22 04:00:00,25.377273163465805
06-22 05:00:00,22.145952095772447
06-22 06:00:00,20.266812385426306
06-22 07:00:00,58.15209587926124
06-22 08:00:00,90.19618719862864
06-22 09:00:00,112.49180531545655
06-22 10:00:00,125.46483431682626
06-22 11:00:00,123.74425517318525
06-22 12:00:00,121.46173946322433
06-22 13:00:00,127.82931340139186
06-22 14:00:00,135.1727357072544
06-22 15:00:00,109.61628688786718
06-22 16:00:00,108.01969212882136
06-22 17:00:00,137.38660975486027
06-22 18:00:00,204.85066413021332
06-22 19:00:00,260.77391263437676
06-22 20:00:00,267.80421155438415
06-22 21:00:00,216.30032206376524
06-22 22:00:00,171.78399066324764
06-22 23:00:00,133.83637242670414
06-23 00:00:00,106.31126518891962
06-23 01:00:00,79.27617193070576
06-23 02:00:00,77.05950441699416
06-23 03:00:00,53.90849327785956
06-23 04:00:00,44.1319486145208
06-23 05:00:00,24.56880528050411
06-23 06:00:00,17.85991304044586
06-23 07:00:00,23.870001586043607
06-23 08:00:00,45.66651867070649
06-23 09:00:00,72.47164664945993
06-23 10:00:00,84.23950782654046
06-23 11:00:00,133.6262929691788
06-23 12:00:00,134.87520093103015
06-23 13:00:00,111.38467397104554
06-23 14:00:00,128.10694447205006
06-23 15:00:00,126.91836959834289
06-23 16:00:00,147.8426630226535
06-23 17:00:00,163.07047366675823
06-23 18:00:00,170.65616454597554
06-23 19:00:00,175.59949299955096
06-23 20:00:00,165.95417773321185
06-23 21:00:00,140.02281085466288
06-23 22:00:00,100.12130094286515
06-23 23:00:00,97.88873764002642
06-24 00:00:00,97.02373360966814
06-24 01:00:00,83.09750166747095
06-24 02:00:00,69.11544248466264
06-24 03:00:00,60.03564964740609
06-24 04:00:00,36.505504113409785
06-24 05:00:00,20.059774633841304
06-24 06:00:00,18.984781989817385
06-24 07:00:00,17.577299542987433
06-24 08:00:00,17.75854775443319
06-24 09:00:00,64.04503119656114
06-24 10:00:00,94.09027191827366
06-24 11:00:00,99.45741164494068
06-24 12:00:00,80.1966348072807
06-24 13:00:00,85.33163606970678
06-24 14:00:00,80.49514276450435
06-24 15:00:00,84.35262014353549
06-24 16:00:00,96.06111835149076
06-24 17:00:00,127.28330247751721
06-24 18:00:00,161.3875087838407
06-24 19:00:00,189.0812225997287
06-24 20:00:00,184.66579087310373
06-24 21:00:00,148.34120529231342
06-24 22:00:00,126.541095374387
06-24 23:00:00,107.00214826297619
06-25 00:00:00,82.1809788258578
06-25 01:00:00,53.91412245067238
06-25 02:00:00,41.718160343812556
06-25 03:00:00,32.69004943449015
06-25 04:00:00,28.34717307689697
06-25 05:00:00,21.40986951739071
06-25 06:00:00,24.223837986474965
06-25 07:00:00,62.40772628329124
06-25 08:00:00,103.29733800362335
06-25 09:00:00,126.98288663516698
06-25 10:00:00,120.47066868462173
06-25 11:00:00,115.36521160564406
06-25 12:00:00,99.2841916195471
06-25 13:00:00,113.80951619870173
06-25 14:00:00,129.02010172916633
06-25 15:00:00,160.03498147459192
06-25 16:00:00,106.52948160248549
06-25 17:00:00,132.00871186617005
06-25 18:00:00,193.02910690378567
06-25 19:00:00,276.0996562687514
06-25 20:00:00,275.2445466768144
06-25 21:00:00,243.00972875935815
06-25 22:00:00,211.22746662736202
06-25 23:00:00,174.5569601309557
06-26 00:00:00,138.33238734765413
06-26 01:00:00,93.59112705767994
06-26 02:00:00,64.56447198580717
06-26 03:00:00,39.93906773245271
06-26 04:00:00,29.451074960524316
06-26 05:00:00,23.40871503629397
06-26 06:00:00,27.248226649832127
06-26 07:00:00,63.33512252186653
06-26 08:00:00,112.18125650364038
06-26 09:00:00,124.03494545995423
06-26 10:00:00,133.7642206198737
06-26 11:00:00,102.31324125117571
06-26 12:00:00,118.05643519622637
06-26 13:00:00,136.87141324015477
06-26 14:00:00,132.0939989113205
06-26 15:00:00,141.2888552819659
06-26 16:00:00,126.24346794211912
06-26 17:00:00,138.05714295978913
06-26 18:00:00,161.97080630638374
06-26 19:00:00,228.08021742885933
06-26 20:00:00,253.9397165729003
06-26 21:00:00,243.2999413959635
06-26 22:00:00,180.58388445018767
06-26 23:00:00,147.92986740029627
06-27 00:00:00,111.28567087445327
06-27 01:00:00,81.0597414253181
06-27 02:00:00,51.4488445346181
06-27 03:00:00,37.22153006115832
06-27 04:00:00,25.67289630517375
06-27 05:00:00,17.75842715954899
06-27 06:00:00,25.59828809916076
06-27 07:00:00,69.01604718771232
06-27 08:00:00,108.67372789956396
06-27 09:00:00,121.32441378423874
06-27 10:00:00,147.97039185894587
06-27 11:00:00,133.83032400373023
06-27 12:00:00,106.10015764131658
06-27 13:00:00,106.9640646519518
06-27 14:00:00,119.30091165697243
06-27 15:00:00,116.86428559724317
06-27 16:00:00,99.83458179417258
06-27 17:00:00,105.00697784013975
06-27 18:00:00,185.89446581132185
06-27 19:00:00,249.29408629342203
06-27 20:00:00,278.29630234236487
06-27 21:00:00,245.14457157860855
06-27 22:00:00,193.76893393386453
06-27 23:00:00,160.19156413585918
06-28 00:00:00,126.28859537525311
06-28 01:00:00,95.36183638764216
06-28 02:00:00,74.22572775873968
06-28 03:00:00,48.99431619953056
06-28 04:00:00,29.416082468170853
06-28 05:00:00,21.724885765093596
06-28 06:00:00,20.89780450431702
06-28 07:00:00,65.0840498673694
06-28 08:00:00,95.1804936852406
06-28 09:00:00,119.65020540878007
06-28 10:00:00,147.47376694450654
06-28 11:00:00,124.93622487686359
06-28 12:00:00,115.41950232954939
06-28 13:00:00,113.41576895436705
06-28 14:00:00,97.29770907844609
06-28 15:00:00,120.19718806222917
06-28 16:00:00,115.63323422468093
06-28 17:00:00,121.77760779149213
06-28 18:00:00,184.87599978776342
06-28 19:00:00,230.83144715270933
06-28 20:00:00,236.2736339176912
06-28 21:00:00,221.25652937509395
06-28 22:00:00,176.43837259578973
06-28 23:00:00,148.88121867170906
06-29 00:00:00,116.04519217366669
06-29 01:00:00,80.7282991499392
06-29 02:00:00,56.51211456973672
06-29 03:00:00,37.77588146344186
06-29 04:00:00,25.377273163465805
06-29 05:00:00,22.145952095772447
06-29 06:00:00,20.266812385426306
06-29 07:00:00,58.15209587926124
06-29 08:00:00,90.19618719862864
06-29 09:00:00,112.49180531545655
06-29 10:00:00,125.46483431682626
06-29 11:00:00,123.74425517318525
06-29 12:00:00,121.46173946322433
06-29 13:00:00,127.82931340139186
06-29 14:00:00,135.1727357072544
06-29 15:00:00,109.61628688786718
06-29 16:00:00,108.01969212882136
06-29 17:00:00,137.38660975486027
06-29 18:00:00,204.85066413021332
06-29 19:00:00,260.77391263437676
06-29 20:00:00,267.80421155438415
06-29 21:00:00,216.30032206376524
06-29 22:00:00,171.78399066324764
06-29 23:00:00,133.83637242670414
06-30 00:00:00,106.31126518891962
06-30 01:00:00,79.27617193070576
06-30 02:00:00,77.05950441699416
06-30 03:00:00,53.90849327785956
06-30 04:00:00,44.1319486145208
06-30 05:00:00,24.56880528050411
06-30 06:00:00,17.85991304044586
06-30 07:00:00,23.870001586043607
06-30 08:00:00,45.66651867070649
06-30 09:00:00,72.47164664945993
06-30 10:00:00,84.23950782654046
06-30 11:00:00,133.6262929691788
06-30 12:00:00,134.87520093103015
06-30 13:00:00,111.38467397104554
06-30 14:00:00,128.10694447205006
06-30 15:00:00,126.91836959834289
06-30 16:00:00,147.8426630226535
06-30 17:00:00,163.07047366675823
06-30 18:00:00,170.65616454597554
06-30 19:00:00,175.59949299955096
06-30 20:00:00,165.95417773321185
06-30 21:00:00,140.02281085466288
06-30 22:00:00,100.12130094286515
06-30 23:00:00,97.88873764002642
07-01 00:00:00,97.02373360966814
07-01 01:00:00,83.09750166747095
07-01 02:00:00,69.11544248466264
07-01 03:00:00,60.03564964740609
07-01 04:00:00,36.505504113409785
07-01 05:00:00,20.059774633841304
07-01 06:00:00,18.984781989817385
07-01 07:00:00,17.577299542987433
07-01 08:00:00,17.75854775443319
07-01 09:00:00,64.04503119656114
07-01 10:00:00,94.09027191827366
07-01 11:00:00,99.45741164494068
07-01 12:00:00,80.1966348072807
07-01 13:00:00,85.33163606970678
07-01 14:00:00,80.49514276450435
07-01 15:00:00,84.35262014353549
07-01 16:00:00,96.06111835149076
07-01 17:00:00,127.28330247751721
07-01 18:00:00,161.3875087838407
07-01 19:00:00,189.0812225997287
07-01 20:00:00,184.66579087310373
07-01 21:00:00,148.34120529231342
07-01 22:00:00,126.541095374387
07-01 23:00:00,107.00214826297619
07-02 00:00:00,82.1809788258578
07-02 01:00:00,53.91412245067238
07-02 02:00:00,41.718160343812556
07-02 03:00:00,32.69004943449015
07-02 04:00:00,28.34717307689697
07-02 05:00:00,21.40986951739071
07-02 06:00:00,24.223837986474965
07-02 07:00:00,62.40772628329124
07-02 08:00:00,103.29733800362335
07-02 09:00:00,126.98288663516698
07-02 10:00:00,120.47066868462173
07-02 11:00:00,115.36521160564406
07-02 12:00:00,99.2841916195471
07-02 13:00:00,113.80951619870173
07-02 14:00:00,129.02010172916633
07-02 15:00:00,160.03498147459192
07-02 16:00:00,106.52948160248549
07-02 17:00:00,132.00871186617005
07-02 18:00:00,193.02910690378567
07-02 19:00:00,276.0996562687514
07-02 20:00:00,275.2445466768144
07-02 21:00:00,243.00972875935815
07-02 22:00:00,211.22746662736202
07-02 23:00:00,174.5569601309557
07-03 00:00:00,138.33238734765413
07-03 01:00:00,93.59112705767994
07-03 02:00:00,64.56447198580717
07-03 03:00:00,39.93906773245271
07-03 04:00:00,29.451074960524316
07-03 05:00:00,23.40871503629397
07-03 06:00:00,27.248226649832127
07-03 07:00:00,63.33512252186653
07-03 08:00:00,112.18125650364038
07-03 09:00:00,124.03494545995423
07-03 10:00:00,133.7642206198737
07-03 11:00:00,102.31324125117571
07-03 12:00:00,118.05643519622637
07-03 13:00:00,136.87141324015477
07-03 14:00:00,132.0939989113205
07-03 15:00:00,141.2888552819659
07-03 16:00:00,126.24346794211912
07-03 17:00:00,138.05714295978913
07-03 18:00:00,161.97080630638374
07-03 19:00:00,228.08021742885933
07-03 20:00:00,253.9397165729003
07-03 21:00:00,243.2999413959635
07-03 22:00:00,180.58388445018767
07-03 23:00:00,147.92986740029627
07-04 00:00:00,111.28567087445327
07-04 01:00:00,81.0597414253181
07-04 02:00:00,51.4488445346181
07-04 03:00:00,37.22153006115832
07-04 04:00:00,25.67289630517375
07-04 05:00:00,17.75842715954899
07-04 06:00:00,25.59828809916076
07-04 07:00:00,69.01604718771232
07-04 08:00:00,108.67372789956396
07-04 09:00:00,121.32441378423874
07-04 10:00:00,147.97039185894587
07-04 11:00:00,133.83032400373023
07-04 12:00:00,106.10015764131658
07-04 13:00:00,106.9640646519518
07-04 14:00:00,119.30091165697243
07-04 15:00:00,116.86428559724317
07-04 16:00:00,99.83458179417258
07-04 17:00:00,105.00697784013975
07-04 18:00:00,185.89446581132185
07-04 19:00:00,249.29408629342203
07-04 20:00:00,278.29630234236487
07-04 21:00:00,245.14457157860855
07-04 22:00:00,193.76893393386453
07-04 23:00:00,160.19156413585918
07-05 00:00:00,126.28859537525311
07-05 01:00:00,95.36183638764216
07-05 02:00:00,74.22572775873968
07-05 03:00:00,48.99431619953056
07-05 04:00:00,29.416082468170853
07-05 05:00:00,21.724885765093596
07-05 06:00:00,20.89780450431702
07-05 07:00:00,65.0840498673694
07-05 08:00:00,95.1804936852406
07-05 09:00:00,119.65020540878007
07-05 10:00:00,147.47376694450654
07-05 11:00:00,124.93622487686359
07-05 12:00:00,115.41950232954939
07-05 13:00:00,113.41576895436705
07-05 14:00:00,97.29770907844609
07-05 15:00:00,120.19718806222917
07-05 16:00:00,115.63323422468093
07-05 17:00:00,121.77760779149213
07-05 18:00:00,184.87599978776342
07-05 19:00:00,230.83144715270933
07-05 20:00:00,236.2736339176912
07-05 21:00:00,221.25652937509395
07-05 22:00:00,176.43837259578973
07-05 23:00:00,148.88121867170906
07-06 00:00:00,116.04519217366669
07-06 01:00:00,80.7282991499392
07-06 02:00:00,56.51211456973672
07-06 03:00:00,37.77588146344186
07-06 04:00:00,25.377273163465805
07-06 05:00:00,22.145952095772447
07-06 06:00:00,20.266812385426306
07-06 07:00:00,58.15209587926124
07-06 08:00:00,90.19618719862864
07-06 09:00:00,112.49180531545655
07-06 10:00:00,125.46483431682626
07-06 11:00:00,123.74425517318525
07-06 12:00:00,121.46173946322433
07-06 13:00:00,127.82931340139186
07-06 14:00:00,135.1727357072544
07-06 15:00:00,109.61628688786718
07-06 16:00:00,108.01969212882136
07-06 17:00:00,137.38660975486027
07-06 18:00:00,204.85066413021332
07-06 19:00:00,260.77391263437676
07-06 20:00:00,267.80421155438415
07-06 21:00:00,216.30032206376524
07-06 22:00:00,171.78399066324764
07-06 23:00:00,133.83637242670414
07-07 00:00:00,106.31126518891962
07-07 01:00:00,79.27617193070576
07-07 02:00:00,77.05950441699416
07-07 03:00:00,53.90849327785956
07-07 04:00:00,44.1319486145208
07-07 05:00:00,24.56880528050411
07-07 06:00:00,17.85991304044586
07-07 07:00:00,23.870001586043607
07-07 08:00:00,45.66651867070649
07-07 09:00:00,72.47164664945993
07-07 10:00:00,84.23950782654046
07-07 11:00:00,133.6262929691788
07-07 12:00:00,134.87520093103015
07-07 13:00:00,111.38467397104554
07-07 14:00:00,128.10694447205006
07-07 15:00:00,126.91836959834289
07-07 16:00:00,147.8426630226535
07-07 17:00:00,163.07047366675823
07-07 18:00:00,170.65616454597554
07-07 19:00:00,175.59949299955096
07-07 20:00:00,165.95417773321185
07-07 21:00:00,140.02281085466288
07-07 22:00:00,100.12130094286515
07-07 23:00:00,97.88873764002642
07-08 00:00:00,97.02373360966814
07-08 01:00:00,83.09750166747095
07-08 02:00:00,69.11544248466264
07-08 03:00:00,60.03564964740609
07-08 04:00:00,36.505504113409785
07-08 05:00:00,20.059774633841304
07-08 06:00:00,18.984781989817385
07-08 07:00:00,17.577299542987433
07-08 08:00:00,17.75854775443319
07-08 09:00:00,64.04503119656114
07-08 10:00:00,94.09027191827366
07-08 11:00:00,99.45741164494068
07-08 12:00:00,80.1966348072807
07-08 13:00:00,85.33163606970678
07-08 14:00:00,80.49514276450435
07-08 15:00:00,84.35262014353549
07-08 16:00:00,96.06111835149076
07-08 17:00:00,127.28330247751721
07-08 18:00:00,161.3875087838407
07-08 19:00:00,189.0812225997287
07-08 20:00:00,184.66579087310373
07-08 21:00:00,148.34120529231342
07-08 22:00:00,126.541095374387
07-08 23:00:00,107.00214826297619
07-09 00:00:00,82.1809788258578
07-09 01:00:00,53.91412245067238
07-09 02:00:00,41.718160343812556
07-09 03:00:00,32.69004943449015
07-09 04:00:00,28.34717307689697
07-09 05:00:00,21.40986951739071
07-09 06:00:00,24.223837986474965
07-09 07:00:00,62.40772628329124
07-09 08:00:00,103.29733800362335
07-09 09:00:00,126.98288663516698
07-09 10:00:00,120.47066868462173
07-09 11:00:00,115.36521160564406
07-09 12:00:00,99.2841916195471
07-09 13:00:00,113.80951619870173
07-09 14:00:00,129.02010172916633
07-09 15:00:00,160.03498147459192
07-09 16:00:00,106.52948160248549
07-09 17:00:00,132.00871186617005
07-09 18:00:00,193.02910690378567
07-09 19:00:00,276.0996562687514
07-09 20:00:00,275.2445466768144
07-09 21:00:00,243.00972875935815
07-09 22:00:00,211.22746662736202
07-09 23:00:00,174.5569601309557
07-10 00:00:00,138.33238734765413
07-10 01:00:00,93.59112705767994
07-10 02:00:00,64.56447198580717
07-10 03:00:00,39.93906773245271
07-10 04:00:00,29.451074960524316
07-10 05:00:00,23.40871503629397
07-10 06:00:00,27.248226649832127
07-10 07:00:00,63.33512252186653
07-10 08:00:00,112.18125650364038
07-10 09:00:00,124.03494545995423
07-10 10:00:00,133.7642206198737
07-10 11:00:00,102.31324125117571
07-10 12:00:00,118.05643519622637
07-10 13:00:00,136.87141324015477
07-10 14:00:00,132.0939989113205
07-10 15:00:00,141.2888552819659
07-10 16:00:00,126.24346794211912
07-10 17:00:00,138.05714295978913
07-10 18:00:00,161.97080630638374
07-10 19:00:00,228.08021742885933
07-10 20:00:00,253.9397165729003
07-10 21:00:00,243.2999413959635
07-10 22:00:00,180.58388445018767
07-10 23:00:00,147.92986740029627
07-11 00:00:00,111.28567087445327
07-11 01:00:00,81.0597414253181
07-11 02:00:00,51.4488445346181
07-11 03:00:00,37.22153006115832
07-11 04:00:00,25.67289630517375
07-11 05:00:00,17.75842715954899
07-11 06:00:00,25.59828809916076
07-11 07:00:00,69.01604718771232
07-11 08:00:00,108.67372789956396
07-11 09:00:00,121.32441378423874
07-11 10:00:00,147.97039185894587
07-11 11:00:00,133.83032400373023
07-11 12:00:00,106.10015764131658
07-11 13:00:00,106.9640646519518
07-11 14:00:00,119.30091165697243
07-11 15:00:00,116.86428559724317
07-11 16:00:00,99.83458179417258
07-11 17:00:00,105.00697784013975
07-11 18:00:00,185.89446581132185
07-11 19:00:00,249.29408629342203
07-11 20:00:00,278.29630234236487
07-11 21:00:00,245.14457157860855
07-11 22:00:00,193.76893393386453
07-11 23:00:00,160.19156413585918
07-12 00:00:00,126.28859537525311
07-12 01:00:00,95.36183638764216
07-12 02:00:00,74.22572775873968
07-12 03:00:00,48.99431619953056
07-12 04:00:00,29.416082468170853
07-12 05:00:00,21.724885765093596
07-12 06:00:00,20.89780450431702
07-12 07:00:00,65.0840498673694
07-12 08:00:00,95.1804936852406
07-12 09:00:00,119.65020540878007
07-12 10:00:00,147.47376694450654
07-12 11:00:00,124.93622487686359
07-12 12:00:00,115.41950232954939
07-12 13:00:00,113.41576895436705
07-12 14:00:00,97.29770907844609
07-12 15:00:00,120.19718806222917
07-12 16:00:00,115.63323422468093
07-12 17:00:00,121.77760779149213
07-12 18:00:00,184.87599978776342
07-12 19:00:00,230.83144715270933
07-12 20:00:00,236.2736339176912
07-12 21:00:00,221.25652937509395
07-12 22:00:00,176.43837259578973
07-12 23:00:00,148.88121867170906
07-13 00:00:00,116.04519217366669
07-13 01:00:00,80.7282991499392
07-13 02:00:00,56.51211456973672
07-13 03:00:00,37.77588146344186
07-13 04:00:00,25.377273163465805
07-13 05:00:00,22.145952095772447
07-13 06:00:00,20.266812385426306
07-13 07:00:00,58.15209587926124
07-13 08:00:00,90.19618719862864
07-13 09:00:00,112.49180531545655
07-13 10:00:00,125.46483431682626
07-13 11:00:00,123.74425517318525
07-13 12:00:00,121.46173946322433
07-13 13:00:00,127.82931340139186
07-13 14:00:00,135.1727357072544
07-13 15:00:00,109.61628688786718
07-13 16:00:00,108.01969212882136
07-13 17:00:00,137.38660975486027
07-13 18:00:00,204.85066413021332
07-13 19:00:00,260.77391263437676
07-13 20:00:00,267.80421155438415
07-13 21:00:00,216.30032206376524
07-13 22:00:00,171.78399066324764
07-13 23:00:00,133.83637242670414
07-14 00:00:00,106.31126518891962
07-14 01:00:00,79.27617193070576
07-14 02:00:00,77.05950441699416
07-14 03:00:00,53.90849327785956
07-14 04:00:00,44.1319486145208
07-14 05:00:00,24.56880528050411
07-14 06:00:00,17.85991304044586
07-14 07:00:00,23.870001586043607
07-14 08:00:00,45.66651867070649
07-14 09:00:00,72.47164664945993
07-14 10:00:00,84.23950782654046
07-14 11:00:00,133.6262929691788
07-14 12:00:00,134.87520093103015
07-14 13:00:00,111.38467397104554
07-14 14:00:00,128.10694447205006
07-14 15:00:00,126.91836959834289
07-14 16:00:00,147.8426630226535
07-14 17:00:00,163.07047366675823
07-14 18:00:00,170.65616454597554
07-14 19:00:00,175.59949299955096
07-14 20:00:00,165.95417773321185
07-14 21:00:00,140.02281085466288
07-14 22:00:00,100.12130094286515
07-14 23:00:00,97.88873764002642
07-15 00:00:00,97.02373360966814
07-15 01:00:00,83.09750166747095
07-15 02:00:00,69.11544248466264
07-15 03:00:00,60.03564964740609
07-15 04:00:00,36.505504113409785
07-15 05:00:00,20.059774633841304
07-15 06:00:00,18.984781989817385
07-15 07:00:00,17.577299542987433
07-15 08:00:00,17.75854775443319
07-15 09:00:00,64.04503119656114
07-15 10:00:00,94.09027191827366
07-15 11:00:00,99.45741164494068
07-15 12:00:00,80.1966348072807
07-15 13:00:00,85.33163606970678
07-15 14:00:00,80.49514276450435
07-15 15:00:00,84.35262014353549
07-15 16:00:00,96.06111835149076
07-15 17:00:00,127.28330247751721
07-15 18:00:00,161.3875087838407
07-15 19:00:00,189.0812225997287
07-15 20:00:00,184.66579087310373
07-15 21:00:00,148.34120529231342
07-15 22:00:00,126.541095374387
07-15 23:00:00,107.00214826297619
07-16 00:00:00,82.1809788258578
07-16 01:00:00,53.91412245067238
07-16 02:00:00,41.718160343812556
07-16 03:00:00,32.69004943449015
07-16 04:00:00,28.34717307689697
07-16 05:00:00,21.40986951739071
07-16 06:00:00,24.223837986474965
07-16 07:00:00,62.40772628329124
07-16 08:00:00,103.29733800362335
07-16 09:00:00,126.98288663516698
07-16 10:00:00,120.47066868462173
07-16 11:00:00,115.36521160564406
07-16 12:00:00,99.2841916195471
07-16 13:00:00,113.80951619870173
07-16 14:00:00,129.02010172916633
07-16 15:00:00,160.03498147459192
07-16 16:00:00,106.52948160248549
07-16 17:00:00,132.00871186617005
07-16 18:00:00,193.02910690378567
07-16 19:00:00,276.0996562687514
07-16 20:00:00,275.2445466768144
07-16 21:00:00,243.00972875935815
07-16 22:00:00,211.22746662736202
07-16 23:00:00,174.5569601309557
07-17 00:00:00,138.33238734765413
07-17 01:00:00,93.59112705767994
07-17 02:00:00,64.56447198580717
07-17 03:00:00,39.93906773245271
07-17 04:00:00,29.451074960524316
07-17 05:00:00,23.40871503629397
07-17 06:00:00,27.248226649832127
07-17 07:00:00,63.33512252186653
07-17 08:00:00,112.18125650364038
07-17 09:00:00,124.03494545995423
07-17 10:00:00,133.7642206198737
07-17 11:00:00,102.31324125117571
07-17 12:00:00,118.05643519622637
07-17 13:00:00,136.87141324015477
07-17 14:00:00,132.0939989113205
07-17 15:00:00,141.2888552819659
07-17 16:00:00,126.24346794211912
07-17 17:00:00,138.05714295978913
07-17 18:00:00,161.97080630638374
07-17 19:00:00,228.08021742885933
07-17 20:00:00,253.9397165729003
07-17 21:00:00,243.2999413959635
07-17 22:00:00,180.58388445018767
07-17 23:00:00,147.92986740029627
07-18 00:00:00,111.28567087445327
07-18 01:00:00,81.0597414253181
07-18 02:00:00,51.4488445346181
07-18 03:00:00,37.22153006115832
07-18 04:00:00,25.67289630517375
07-18 05:00:00,17.75842715954899
07-18 06:00:00,25.59828809916076
07-18 07:00:00,69.01604718771232
07-18 08:00:00,108.67372789956396
07-18 09:00:00,121.32441378423874
07-18 10:00:00,147.97039185894587
07-18 11:00:00,133.83032400373023
07-18 12:00:00,106.10015764131658
07-18 13:00:00,106.9640646519518
07-18 14:00:00,119.30091165697243
07-18 15:00:00,116.86428559724317
07-18 16:00:00,99.83458179417258
07-18 17:00:00,105.00697784013975
07-18 18:00:00,185.89446581132185
07-18 19:00:00,249.29408629342203
07-18 20:00:00,278.29630234236487
07-18 21:00:00,245.14457157860855
07-18 22:00:00,193.76893393386453
07-18 23:00:00,160.19156413585918
07-19 00:00:00,126.28859537525311
07-19 01:00:00,95.36183638764216
07-19 02:00:00,74.22572775873968
07-19 03:00:00,48.99431619953056
07-19 04:00:00,29.416082468170853
07-19 05:00:00,21.724885765093596
07-19 06:00:00,20.89780450431702
07-19 07:00:00,65.0840498673694
07-19 08:00:00,95.1804936852406
07-19 09:00:00,119.65020540878007
07-19 10:00:00,147.47376694450654
07-19 11:00:00,124.93622487686359
07-19 12:00:00,115.41950232954939
07-19 13:00:00,113.41576895436705
07-19 14:00:00,97.29770907844609
07-19 15:00:00,120.19718806222917
07-19 16:00:00,115.63323422468093
07-19 17:00:00,121.77760779149213
07-19 18:00:00,184.87599978776342
07-19 19:00:00,230.83144715270933
07-19 20:00:00,236.2736339176912
07-19 21:00:00,221.25652937509395
07-19 22:00:00,176.43837259578973
07-19 23:00:00,148.88121867170906
07-20 00:00:00,116.04519217366669
07-20 01:00:00,80.7282991499392
07-20 02:00:00,56.51211456973672
07-20 03:00:00,37.77588146344186
07-20 04:00:00,25.377273163465805
07-20 05:00:00,22.145952095772447
07-20 06:00:00,20.266812385426306
07-20 07:00:00,58.15209587926124
07-20 08:00:00,90.19618719862864
07-20 09:00:00,112.49180531545655
07-20 10:00:00,125.46483431682626
07-20 11:00:00,123.74425517318525
07-20 12:00:00,121.46173946322433
07-20 13:00:00,127.82931340139186
07-20 14:00:00,135.1727357072544
07-20 15:00:00,109.61628688786718
07-20 16:00:00,108.01969212882136
07-20 17:00:00,137.38660975486027
07-20 18:00:00,204.85066413021332
07-20 19:00:00,260.77391263437676
07-20 20:00:00,267.80421155438415
07-20 21:00:00,216.30032206376524
07-20 22:00:00,171.78399066324764
07-20 23:00:00,133.83637242670414
07-21 00:00:00,106.31126518891962
07-21 01:00:00,79.27617193070576
07-21 02:00:00,77.05950441699416
07-21 03:00:00,53.90849327785956
07-21 04:00:00,44.1319486145208
07-21 05:00:00,24.56880528050411
07-21 06:00:00,17.85991304044586
07-21 07:00:00,23.870001586043607
07-21 08:00:00,45.66651867070649
07-21 09:00:00,72.47164664945993
07-21 10:00:00,84.23950782654046
07-21 11:00:00,133.6262929691788
07-21 12:00:00,134.87520093103015
07-21 13:00:00,111.38467397104554
07-21 14:00:00,128.10694447205006
07-21 15:00:00,126.91836959834289
07-21 16:00:00,147.8426630226535
07-21 17:00:00,163.07047366675823
07-21 18:00:00,170.65616454597554
07-21 19:00:00,175.59949299955096
07-21 20:00:00,165.95417773321185
07-21 21:00:00,140.02281085466288
07-21 22:00:00,100.12130094286515
07-21 23:00:00,97.88873764002642
07-22 00:00:00,97.02373360966814
07-22 01:00:00,83.09750166747095
07-22 02:00:00,69.11544248466264
07-22 03:00:00,60.03564964740609
07-22 04:00:00,36.505504113409785
07-22 05:00:00,20.059774633841304
07-22 06:00:00,18.984781989817385
07-22 07:00:00,17.577299542987433
07-22 08:00:00,17.75854775443319
07-22 09:00:00,64.04503119656114
07-22 10:00:00,94.09027191827366
07-22 11:00:00,99.45741164494068
07-22 12:00:00,80.1966348072807
07-22 13:00:00,85.33163606970678
07-22 14:00:00,80.49514276450435
07-22 15:00:00,84.35262014353549
07-22 16:00:00,96.06111835149076
07-22 17:00:00,127.28330247751721
07-22 18:00:00,161.3875087838407
07-22 19:00:00,189.0812225997287
07-22 20:00:00,184.66579087310373
07-22 21:00:00,148.34120529231342
07-22 22:00:00,126.541095374387
07-22 23:00:00,107.00214826297619
07-23 00:00:00,82.1809788258578
07-23 01:00:00,53.91412245067238
07-23 02:00:00,41.718160343812556
07-23 03:00:00,32.69004943449015
07-23 04:00:00,28.34717307689697
07-23 05:00:00,21.40986951739071
07-23 06:00:00,24.223837986474965
07-23 07:00:00,62.40772628329124
07-23 08:00:00,103.29733800362335
07-23 09:00:00,126.98288663516698
07-23 10:00:00,120.47066868462173
07-23 11:00:00,115.36521160564406
07-23 12:00:00,99.2841916195471
07-23 13:00:00,113.80951619870173
07-23 14:00:00,129.02010172916633
07-23 15:00:00,160.03498147459192
07-23 16:00:00,106.52948160248549
07-23 17:00:00,132.00871186617005
07-23 18:00:00,193.02910690378567
07-23 19:00:00,276.0996562687514
07-23 20:00:00,275.2445466768144
07-23 21:00:00,243.00972875935815
07-23 22:00:00,211.22746662736202
07-23 23:00:00,174.5569601309557
07-24 00:00:00,138.33238734765413
07-24 01:00:00,93.59112705767994
07-24 02:00:00,64.56447198580717
07-24 03:00:00,39.93906773245271
07-24 04:00:00,29.451074960524316
07-24 05:00:00,23.40871503629397
07-24 06:00:00,27.248226649832127
07-24 07:00:00,63.33512252186653
07-24 08:00:00,112.18125650364038
07-24 09:00:00,124.03494545995423
07-24 10:00:00,133.7642206198737
07-24 11:00:00,102.31324125117571
07-24 12:00:00,118.05643519622637
07-24 13:00:00,136.87141324015477
07-24 14:00:00,132.0939989113205
07-24 15:00:00,141.2888552819659
07-24 16:00:00,126.24346794211912
07-24 17:00:00,138.05714295978913
07-24 18:00:00,161.97080630638374
07-24 19:00:00,228.08021742885933
07-24 20:00:00,253.9397165729003
07-24 21:00:00,243.2999413959635
07-24 22:00:00,180.58388445018767
07-24 23:00:00,147.92986740029627
07-25 00:00:00,111.28567087445327
07-25 01:00:00,81.0597414253181
07-25 02:00:00,51.4488445346181
07-25 03:00:00,37.22153006115832
07-25 04:00:00,25.67289630517375
07-25 05:00:00,17.75842715954899
07-25 06:00:00,25.59828809916076
07-25 07:00:00,69.01604718771232
07-25 08:00:00,108.67372789956396
07-25 09:00:00,121.32441378423874
07-25 10:00:00,147.97039185894587
07-25 11:00:00,133.83032400373023
07-25 12:00:00,106.10015764131658
07-25 13:00:00,106.9640646519518
07-25 14:00:00,119.30091165697243
07-25 15:00:00,116.86428559724317
07-25 16:00:00,99.83458179417258
07-25 17:00:00,105.00697784013975
07-25 18:00:00,185.89446581132185
07-25 19:00:00,249.29408629342203
07-25 20:00:00,278.29630234236487
07-25 21:00:00,245.14457157860855
07-25 22:00:00,193.76893393386453
07-25 23:00:00,160.19156413585918
07-26 00:00:00,126.28859537525311
07-26 01:00:00,95.36183638764216
07-26 02:00:00,74.22572775873968
07-26 03:00:00,48.99431619953056
07-26 04:00:00,29.416082468170853
07-26 05:00:00,21.724885765093596
07-26 06:00:00,20.89780450431702
07-26 07:00:00,65.0840498673694
07-26 08:00:00,95.1804936852406
07-26 09:00:00,119.65020540878007
07-26 10:00:00,147.47376694450654
07-26 11:00:00,124.93622487686359
07-26 12:00:00,115.41950232954939
07-26 13:00:00,113.41576895436705
07-26 14:00:00,97.29770907844609
07-26 15:00:00,120.19718806222917
07-26 16:00:00,115.63323422468093
07-26 17:00:00,121.77760779149213
07-26 18:00:00,184.87599978776342
07-26 19:00:00,230.83144715270933
07-26 20:00:00,236.2736339176912
07-26 21:00:00,221.25652937509395
07-26 22:00:00,176.43837259578973
07-26 23:00:00,148.88121867170906
07-27 00:00:00,116.04519217366669
07-27 01:00:00,80.7282991499392
07-27 02:00:00,56.51211456973672
07-27 03:00:00,37.77588146344186
07-27 04:00:00,25.377273163465805
07-27 05:00:00,22.145952095772447
07-27 06:00:00,20.266812385426306
07-27 07:00:00,58.15209587926124
07-27 08:00:00,90.19618719862864
07-27 09:00:00,112.49180531545655
07-27 10:00:00,125.46483431682626
07-27 11:00:00,123.74425517318525
07-27 12:00:00,121.46173946322433
07-27 13:00:00,127.82931340139186
07-27 14:00:00,135.1727357072544
07-27 15:00:00,109.61628688786718
07-27 16:00:00,108.01969212882136
07-27 17:00:00,137.38660975486027
07-27 18:00:00,204.85066413021332
07-27 19:00:00,260.77391263437676
07-27 20:00:00,267.80421155438415
07-27 21:00:00,216.30032206376524
07-27 22:00:00,171.78399066324764
07-27 23:00:00,133.83637242670414
07-28 00:00:00,106.31126518891962
07-28 01:00:00,79.27617193070576
07-28 02:00:00,77.05950441699416
07-28 03:00:00,53.90849327785956
07-28 04:00:00,44.1319486145208
07-28 05:00:00,24.56880528050411
07-28 06:00:00,17.85991304044586
07-28 07:00:00,23.870001586043607
07-28 08:00:00,45.66651867070649
07-28 09:00:00,72.47164664945993
07-28 10:00:00,84.23950782654046
07-28 11:00:00,133.6262929691788
07-28 12:00:00,134.87520093103015
07-28 13:00:00,111.38467397104554
07-28 14:00:00,128.10694447205006
07-28 15:00:00,126.91836959834289
07-28 16:00:00,147.8426630226535
07-28 17:00:00,163.07047366675823
07-28 18:00:00,170.65616454597554
07-28 19:00:00,175.59949299955096
07-28 20:00:00,165.95417773321185
07-28 21:00:00,140.02281085466288
07-28 22:00:00,100.12130094286515
07-28 23:00:00,97.88873764002642
07-29 00:00:00,97.02373360966814
07-29 01:00:00,83.09750166747095
07-29 02:00:00,69.11544248466264
07-29 03:00:00,60.03564964740609
07-29 04:00:00,36.505504113409785
07-29 05:00:00,20.059774633841304
07-29 06:00:00,18.984781989817385
07-29 07:00:00,17.577299542987433
07-29 08:00:00,17.75854775443319
07-29 09:00:00,64.04503119656114
07-29 10:00:00,94.09027191827366
07-29 11:00:00,99.45741164494068
07-29 12:00:00,80.1966348072807
07-29 13:00:00,85.33163606970678
07-29 14:00:00,80.49514276450435
07-29 15:00:00,84.35262014353549
07-29 16:00:00,96.06111835149076
07-29 17:00:00,127.28330247751721
07-29 18:00:00,161.3875087838407
07-29 19:00:00,189.0812225997287
07-29 20:00:00,184.66579087310373
07-29 21:00:00,148.34120529231342
07-29 22:00:00,126.541095374387
07-29 23:00:00,107.00214826297619
07-30 00:00:00,82.1809788258578
07-30 01:00:00,53.91412245067238
07-30 02:00:00,41.718160343812556
07-30 03:00:00,32.69004943449015
07-30 04:00:00,28.34717307689697
07-30 05:00:00,21.40986951739071
07-30 06:00:00,24.223837986474965
07-30 07:00:00,62.40772628329124
07-30 08:00:00,103.29733800362335
07-30 09:00:00,126.98288663516698
07-30 10:00:00,120.47066868462173
07-30 11:00:00,115.36521160564406
07-30 12:00:00,99.2841916195471
07-30 13:00:00,113.80951619870173
07-30 14:00:00,129.02010172916633
07-30 15:00:00,160.03498147459192
07-30 16:00:00,106.52948160248549
07-30 17:00:00,132.00871186617005
07-30 18:00:00,193.02910690378567
07-30 19:00:00,276.0996562687514
07-30 20:00:00,275.2445466768144
07-30 21:00:00,243.00972875935815
07-30 22:00:00,211.22746662736202
07-30 23:00:00,174.5569601309557
07-31 00:00:00,138.33238734765413
07-31 01:00:00,93.59112705767994
07-31 02:00:00,64.56447198580717
07-31 03:00:00,39.93906773245271
07-31 04:00:00,29.451074960524316
07-31 05:00:00,23.40871503629397
07-31 06:00:00,27.248226649832127
07-31 07:00:00,63.33512252186653
07-31 08:00:00,112.18125650364038
07-31 09:00:00,124.03494545995423
07-31 10:00:00,133.7642206198737
07-31 11:00:00,102.31324125117571
07-31 12:00:00,118.05643519622637
07-31 13:00:00,136.87141324015477
07-31 14:00:00,132.0939989113205
07-31 15:00:00,141.2888552819659
07-31 16:00:00,126.24346794211912
07-31 17:00:00,138.05714295978913
07-31 18:00:00,161.97080630638374
07-31 19:00:00,228.08021742885933
07-31 20:00:00,253.9397165729003
07-31 21:00:00,243.2999413959635
07-31 22:00:00,180.58388445018767
07-31 23:00:00,147.92986740029627
08-01 00:00:00,111.28567087445327
08-01 01:00:00,81.0597414253181
08-01 02:00:00,51.4488445346181
08-01 03:00:00,37.22153006115832
08-01 04:00:00,25.67289630517375
08-01 05:00:00,17.75842715954899
08-01 06:00:00,25.59828809916076
08-01 07:00:00,69.01604718771232
08-01 08:00:00,108.67372789956396
08-01 09:00:00,121.32441378423874
08-01 10:00:00,147.97039185894587
08-01 11:00:00,133.83032400373023
08-01 12:00:00,106.10015764131658
08-01 13:00:00,106.9640646519518
08-01 14:00:00,119.30091165697243
08-01 15:00:00,116.86428559724317
08-01 16:00:00,99.83458179417258
08-01 17:00:00,105.00697784013975
08-01 18:00:00,185.89446581132185
08-01 19:00:00,249.29408629342203
08-01 20:00:00,278.29630234236487
08-01 21:00:00,245.14457157860855
08-01 22:00:00,193.76893393386453
08-01 23:00:00,160.19156413585918
08-02 00:00:00,126.28859537525311
08-02 01:00:00,95.36183638764216
08-02 02:00:00,74.22572775873968
08-02 03:00:00,48.99431619953056
08-02 04:00:00,29.416082468170853
08-02 05:00:00,21.724885765093596
08-02 06:00:00,20.89780450431702
08-02 07:00:00,65.0840498673694
08-02 08:00:00,95.1804936852406
08-02 09:00:00,119.65020540878007
08-02 10:00:00,147.47376694450654
08-02 11:00:00,124.93622487686359
08-02 12:00:00,115.41950232954939
08-02 13:00:00,113.41576895436705
08-02 14:00:00,97.29770907844609
08-02 15:00:00,120.19718806222917
08-02 16:00:00,115.63323422468093
08-02 17:00:00,121.77760779149213
08-02 18:00:00,184.87599978776342
08-02 19:00:00,230.83144715270933
08-02 20:00:00,236.2736339176912
08-02 21:00:00,221.25652937509395
08-02 22:00:00,176.43837259578973
08-02 23:00:00,148.88121867170906
08-03 00:00:00,116.04519217366669
08-03 01:00:00,80.7282991499392
08-03 02:00:00,56.51211456973672
08-03 03:00:00,37.77588146344186
08-03 04:00:00,25.377273163465805
08-03 05:00:00,22.145952095772447
08-03 06:00:00,20.266812385426306
08-03 07:00:00,58.15209587926124
08-03 08:00:00,90.19618719862864
08-03 09:00:00,112.49180531545655
08-03 10:00:00,125.46483431682626
08-03 11:00:00,123.74425517318525
08-03 12:00:00,121.46173946322433
08-03 13:00:00,127.82931340139186
08-03 14:00:00,135.1727357072544
08-03 15:00:00,109.61628688786718
08-03 16:00:00,108.01969212882136
08-03 17:00:00,137.38660975486027
08-03 18:00:00,204.85066413021332
08-03 19:00:00,260.77391263437676
08-03 20:00:00,267.80421155438415
08-03 21:00:00,216.30032206376524
08-03 22:00:00,171.78399066324764
08-03 23:00:00,133.83637242670414
08-04 00:00:00,106.31126518891962
08-04 01:00:00,79.27617193070576
08-04 02:00:00,77.05950441699416
08-04 03:00:00,53.90849327785956
08-04 04:00:00,44.1319486145208
08-04 05:00:00,24.56880528050411
08-04 06:00:00,17.85991304044586
08-04 07:00:00,23.870001586043607
08-04 08:00:00,45.66651867070649
08-04 09:00:00,72.47164664945993
08-04 10:00:00,84.23950782654046
08-04 11:00:00,133.6262929691788
08-04 12:00:00,134.87520093103015
08-04 13:00:00,111.38467397104554
08-04 14:00:00,128.10694447205006
08-04 15:00:00,126.91836959834289
08-04 16:00:00,147.8426630226535
08-04 17:00:00,163.07047366675823
08-04 18:00:00,170.65616454597554
08-04 19:00:00,175.59949299955096
08-04 20:00:00,165.95417773321185
08-04 21:00:00,140.02281085466288
08-04 22:00:00,100.12130094286515
08-04 23:00:00,97.88873764002642
08-05 00:00:00,97.02373360966814
08-05 01:00:00,83.09750166747095
08-05 02:00:00,69.11544248466264
08-05 03:00:00,60.03564964740609
08-05 04:00:00,36.505504113409785
08-05 05:00:00,20.059774633841304
08-05 06:00:00,18.984781989817385
08-05 07:00:00,17.577299542987433
08-05 08:00:00,17.75854775443319
08-05 09:00:00,64.04503119656114
08-05 10:00:00,94.09027191827366
08-05 11:00:00,99.45741164494068
08-05 12:00:00,80.1966348072807
08-05 13:00:00,85.33163606970678
08-05 14:00:00,80.49514276450435
08-05 15:00:00,84.35262014353549
08-05 16:00:00,96.06111835149076
08-05 17:00:00,127.28330247751721
08-05 18:00:00,161.3875087838407
08-05 19:00:00,189.0812225997287
08-05 20:00:00,184.66579087310373
08-05 21:00:00,148.34120529231342
08-05 22:00:00,126.541095374387
08-05 23:00:00,107.00214826297619
08-06 00:00:00,82.1809788258578
08-06 01:00:00,53.91412245067238
08-06 02:00:00,41.718160343812556
08-06 03:00:00,32.69004943449015
08-06 04:00:00,28.34717307689697
08-06 05:00:00,21.40986951739071
08-06 06:00:00,24.223837986474965
08-06 07:00:00,62.40772628329124
08-06 08:00:00,103.29733800362335
08-06 09:00:00,126.98288663516698
08-06 10:00:00,120.47066868462173
08-06 11:00:00,115.36521160564406
08-06 12:00:00,99.2841916195471
08-06 13:00:00,113.80951619870173
08-06 14:00:00,129.02010172916633
08-06 15:00:00,160.03498147459192
08-06 16:00:00,106.52948160248549
08-06 17:00:00,132.00871186617005
08-06 18:00:00,193.02910690378567
08-06 19:00:00,276.0996562687514
08-06 20:00:00,275.2445466768144
08-06 21:00:00,243.00972875935815
08-06 22:00:00,211.22746662736202
08-06 23:00:00,174.5569601309557
08-07 00:00:00,138.33238734765413
08-07 01:00:00,93.59112705767994
08-07 02:00:00,64.56447198580717
08-07 03:00:00,39.93906773245271
08-07 04:00:00,29.451074960524316
08-07 05:00:00,23.40871503629397
08-07 06:00:00,27.248226649832127
08-07 07:00:00,63.33512252186653
08-07 08:00:00,112.18125650364038
08-07 09:00:00,124.03494545995423
08-07 10:00:00,133.7642206198737
08-07 11:00:00,102.31324125117571
08-07 12:00:00,118.05643519622637
08-07 13:00:00,136.87141324015477
08-07 14:00:00,132.0939989113205
08-07 15:00:00,141.2888552819659
08-07 16:00:00,126.24346794211912
08-07 17:00:00,138.05714295978913
08-07 18:00:00,161.97080630638374
08-07 19:00:00,228.08021742885933
08-07 20:00:00,253.9397165729003
08-07 21:00:00,243.2999413959635
08-07 22:00:00,180.58388445018767
08-07 23:00:00,147.92986740029627
08-08 00:00:00,111.28567087445327
08-08 01:00:00,81.0597414253181
08-08 02:00:00,51.4488445346181
08-08 03:00:00,37.22153006115832
08-08 04:00:00,25.67289630517375
08-08 05:00:00,17.75842715954899
08-08 06:00:00,25.59828809916076
08-08 07:00:00,69.01604718771232
08-08 08:00:00,108.67372789956396
08-08 09:00:00,121.32441378423874
08-08 10:00:00,147.97039185894587
08-08 11:00:00,133.83032400373023
08-08 12:00:00,106.10015764131658
08-08 13:00:00,106.9640646519518
08-08 14:00:00,119.30091165697243
08-08 15:00:00,116.86428559724317
08-08 16:00:00,99.83458179417258
08-08 17:00:00,105.00697784013975
08-08 18:00:00,185.89446581132185
08-08 19:00:00,249.29408629342203
08-08 20:00:00,278.29630234236487
08-08 21:00:00,245.14457157860855
08-08 22:00:00,193.76893393386453
08-08 23:00:00,160.19156413585918
08-09 00:00:00,126.28859537525311
08-09 01:00:00,95.36183638764216
08-09 02:00:00,74.22572775873968
08-09 03:00:00,48.99431619953056
08-09 04:00:00,29.416082468170853
08-09 05:00:00,21.724885765093596
08-09 06:00:00,20.89780450431702
08-09 07:00:00,65.0840498673694
08-09 08:00:00,95.1804936852406
08-09 09:00:00,119.65020540878007
08-09 10:00:00,147.47376694450654
08-09 11:00:00,124.93622487686359
08-09 12:00:00,115.41950232954939
08-09 13:00:00,113.41576895436705
08-09 14:00:00,97.29770907844609
08-09 15:00:00,120.19718806222917
08-09 16:00:00,115.63323422468093
08-09 17:00:00,121.77760779149213
08-09 18:00:00,184.87599978776342
08-09 19:00:00,230.83144715270933
08-09 20:00:00,236.2736339176912
08-09 21:00:00,221.25652937509395
08-09 22:00:00,176.43837259578973
08-09 23:00:00,148.88121867170906
08-10 00:00:00,116.04519217366669
08-10 01:00:00,80.7282991499392
08-10 02:00:00,56.51211456973672
08-10 03:00:00,37.77588146344186
08-10 04:00:00,25.377273163465805
08-10 05:00:00,22.145952095772447
08-10 06:00:00,20.266812385426306
08-10 07:00:00,58.15209587926124
08-10 08:00:00,90.19618719862864
08-10 09:00:00,112.49180531545655
08-10 10:00:00,125.46483431682626
08-10 11:00:00,123.74425517318525
08-10 12:00:00,121.46173946322433
08-10 13:00:00,127.82931340139186
08-10 14:00:00,135.1727357072544
08-10 15:00:00,109.61628688786718
08-10 16:00:00,108.01969212882136
08-10 17:00:00,137.38660975486027
08-10 18:00:00,204.85066413021332
08-10 19:00:00,260.77391263437676
08-10 20:00:00,267.80421155438415
08-10 21:00:00,216.30032206376524
08-10 22:00:00,171.78399066324764
08-10 23:00:00,133.83637242670414
08-11 00:00:00,106.31126518891962
08-11 01:00:00,79.27617193070576
08-11 02:00:00,77.05950441699416
08-11 03:00:00,53.90849327785956
08-11 04:00:00,44.1319486145208
08-11 05:00:00,24.56880528050411
08-11 06:00:00,17.85991304044586
08-11 07:00:00,23.870001586043607
08-11 08:00:00,45.66651867070649
08-11 09:00:00,72.47164664945993
08-11 10:00:00,84.23950782654046
08-11 11:00:00,133.6262929691788
08-11 12:00:00,134.87520093103015
08-11 13:00:00,111.38467397104554
08-11 14:00:00,128.10694447205006
08-11 15:00:00,126.91836959834289
08-11 16:00:00,147.8426630226535
08-11 17:00:00,163.07047366675823
08-11 18:00:00,170.65616454597554
08-11 19:00:00,175.59949299955096
08-11 20:00:00,165.95417773321185
08-11 21:00:00,140.02281085466288
08-11 22:00:00,100.12130094286515
08-11 23:00:00,97.88873764002642
08-12 00:00:00,97.02373360966814
08-12 01:00:00,83.09750166747095
08-12 02:00:00,69.11544248466264
08-12 03:00:00,60.03564964740609
08-12 04:00:00,36.505504113409785
08-12 05:00:00,20.059774633841304
08-12 06:00:00,18.984781989817385
08-12 07:00:00,17.577299542987433
08-12 08:00:00,17.75854775443319
08-12 09:00:00,64.04503119656114
08-12 10:00:00,94.09027191827366
08-12 11:00:00,99.45741164494068
08-12 12:00:00,80.1966348072807
08-12 13:00:00,85.33163606970678
08-12 14:00:00,80.49514276450435
08-12 15:00:00,84.35262014353549
08-12 16:00:00,96.06111835149076
08-12 17:00:00,127.28330247751721
08-12 18:00:00,161.3875087838407
08-12 19:00:00,189.0812225997287
08-12 20:00:00,184.66579087310373
08-12 21:00:00,148.34120529231342
08-12 22:00:00,126.541095374387
08-12 23:00:00,107.00214826297619
08-13 00:00:00,82.1809788258578
08-13 01:00:00,53.91412245067238
08-13 02:00:00,41.718160343812556
08-13 03:00:00,32.69004943449015
08-13 04:00:00,28.34717307689697
08-13 05:00:00,21.40986951739071
08-13 06:00:00,24.223837986474965
08-13 07:00:00,62.40772628329124
08-13 08:00:00,103.29733800362335
08-13 09:00:00,126.98288663516698
08-13 10:00:00,120.47066868462173
08-13 11:00:00,115.36521160564406
08-13 12:00:00,99.2841916195471
08-13 13:00:00,113.80951619870173
08-13 14:00:00,129.02010172916633
08-13 15:00:00,160.03498147459192
08-13 16:00:00,106.52948160248549
08-13 17:00:00,132.00871186617005
08-13 18:00:00,193.02910690378567
08-13 19:00:00,276.0996562687514
08-13 20:00:00,275.2445466768144
08-13 21:00:00,243.00972875935815
08-13 22:00:00,211.22746662736202
08-13 23:00:00,174.5569601309557
08-14 00:00:00,138.33238734765413
08-14 01:00:00,93.59112705767994
08-14 02:00:00,64.56447198580717
08-14 03:00:00,39.93906773245271
08-14 04:00:00,29.451074960524316
08-14 05:00:00,23.40871503629397
08-14 06:00:00,27.248226649832127
08-14 07:00:00,63.33512252186653
08-14 08:00:00,112.18125650364038
08-14 09:00:00,124.03494545995423
08-14 10:00:00,133.7642206198737
08-14 11:00:00,102.31324125117571
08-14 12:00:00,118.05643519622637
08-14 13:00:00,136.87141324015477
08-14 14:00:00,132.0939989113205
08-14 15:00:00,141.2888552819659
08-14 16:00:00,126.24346794211912
08-14 17:00:00,138.05714295978913
08-14 18:00:00,161.97080630638374
08-14 19:00:00,228.08021742885933
08-14 20:00:00,253.9397165729003
08-14 21:00:00,243.2999413959635
08-14 22:00:00,180.58388445018767
08-14 23:00:00,147.92986740029627
08-15 00:00:00,111.28567087445327
08-15 01:00:00,81.0597414253181
08-15 02:00:00,51.4488445346181
08-15 03:00:00,37.22153006115832
08-15 04:00:00,25.67289630517375
08-15 05:00:00,17.75842715954899
08-15 06:00:00,25.59828809916076
08-15 07:00:00,69.01604718771232
08-15 08:00:00,108.67372789956396
08-15 09:00:00,121.32441378423874
08-15 10:00:00,147.97039185894587
08-15 11:00:00,133.83032400373023
08-15 12:00:00,106.10015764131658
08-15 13:00:00,106.9640646519518
08-15 14:00:00,119.30091165697243
08-15 15:00:00,116.86428559724317
08-15 16:00:00,99.83458179417258
08-15 17:00:00,105.00697784013975
08-15 18:00:00,185.89446581132185
08-15 19:00:00,249.29408629342203
08-15 20:00:00,278.29630234236487
08-15 21:00:00,245.14457157860855
08-15 22:00:00,193.76893393386453
08-15 23:00:00,160.19156413585918
08-16 00:00:00,126.28859537525311
08-16 01:00:00,95.36183638764216
08-16 02:00:00,74.22572775873968
08-16 03:00:00,48.99431619953056
08-16 04:00:00,29.416082468170853
08-16 05:00:00,21.724885765093596
08-16 06:00:00,20.89780450431702
08-16 07:00:00,65.0840498673694
08-16 08:00:00,95.1804936852406
08-16 09:00:00,119.65020540878007
08-16 10:00:00,147.47376694450654
08-16 11:00:00,124.93622487686359
08-16 12:00:00,115.41950232954939
08-16 13:00:00,113.41576895436705
08-16 14:00:00,97.29770907844609
08-16 15:00:00,120.19718806222917
08-16 16:00:00,115.63323422468093
08-16 17:00:00,121.77760779149213
08-16 18:00:00,184.87599978776342
08-16 19:00:00,230.83144715270933
08-16 20:00:00,236.2736339176912
08-16 21:00:00,221.25652937509395
08-16 22:00:00,176.43837259578973
08-16 23:00:00,148.88121867170906
08-17 00:00:00,116.04519217366669
08-17 01:00:00,80.7282991499392
08-17 02:00:00,56.51211456973672
08-17 03:00:00,37.77588146344186
08-17 04:00:00,25.377273163465805
08-17 05:00:00,22.145952095772447
08-17 06:00:00,20.266812385426306
08-17 07:00:00,58.15209587926124
08-17 08:00:00,90.19618719862864
08-17 09:00:00,112.49180531545655
08-17 10:00:00,125.46483431682626
08-17 11:00:00,123.74425517318525
08-17 12:00:00,121.46173946322433
08-17 13:00:00,127.82931340139186
08-17 14:00:00,135.1727357072544
08-17 15:00:00,109.61628688786718
08-17 16:00:00,108.01969212882136
08-17 17:00:00,137.38660975486027
08-17 18:00:00,204.85066413021332
08-17 19:00:00,260.77391263437676
08-17 20:00:00,267.80421155438415
08-17 21:00:00,216.30032206376524
08-17 22:00:00,171.78399066324764
08-17 23:00:00,133.83637242670414
08-18 00:00:00,106.31126518891962
08-18 01:00:00,79.27617193070576
08-18 02:00:00,77.05950441699416
08-18 03:00:00,53.90849327785956
08-18 04:00:00,44.1319486145208
08-18 05:00:00,24.56880528050411
08-18 06:00:00,17.85991304044586
08-18 07:00:00,23.870001586043607
08-18 08:00:00,45.66651867070649
08-18 09:00:00,72.47164664945993
08-18 10:00:00,84.23950782654046
08-18 11:00:00,133.6262929691788
08-18 12:00:00,134.87520093103015
08-18 13:00:00,111.38467397104554
08-18 14:00:00,128.10694447205006
08-18 15:00:00,126.91836959834289
08-18 16:00:00,147.8426630226535
08-18 17:00:00,163.07047366675823
08-18 18:00:00,170.65616454597554
08-18 19:00:00,175.59949299955096
08-18 20:00:00,165.95417773321185
08-18 21:00:00,140.02281085466288
08-18 22:00:00,100.12130094286515
08-18 23:00:00,97.88873764002642
08-19 00:00:00,97.02373360966814
08-19 01:00:00,83.09750166747095
08-19 02:00:00,69.11544248466264
08-19 03:00:00,60.03564964740609
08-19 04:00:00,36.505504113409785
08-19 05:00:00,20.059774633841304
08-19 06:00:00,18.984781989817385
08-19 07:00:00,17.577299542987433
08-19 08:00:00,17.75854775443319
08-19 09:00:00,64.04503119656114
08-19 10:00:00,94.09027191827366
08-19 11:00:00,99.45741164494068
08-19 12:00:00,80.1966348072807
08-19 13:00:00,85.33163606970678
08-19 14:00:00,80.49514276450435
08-19 15:00:00,84.35262014353549
08-19 16:00:00,96.06111835149076
08-19 17:00:00,127.28330247751721
08-19 18:00:00,161.3875087838407
08-19 19:00:00,189.0812225997287
08-19 20:00:00,184.66579087310373
08-19 21:00:00,148.34120529231342
08-19 22:00:00,126.541095374387
08-19 23:00:00,107.00214826297619
08-20 00:00:00,82.1809788258578
08-20 01:00:00,53.91412245067238
08-20 02:00:00,41.718160343812556
08-20 03:00:00,32.69004943449015
08-20 04:00:00,28.34717307689697
08-20 05:00:00,21.40986951739071
08-20 06:00:00,24.223837986474965
08-20 07:00:00,62.40772628329124
08-20 08:00:00,103.29733800362335
08-20 09:00:00,126.98288663516698
08-20 10:00:00,120.47066868462173
08-20 11:00:00,115.36521160564406
08-20 12:00:00,99.2841916195471
08-20 13:00:00,113.80951619870173
08-20 14:00:00,129.02010172916633
08-20 15:00:00,160.03498147459192
08-20 16:00:00,106.52948160248549
08-20 17:00:00,132.00871186617005
08-20 18:00:00,193.02910690378567
08-20 19:00:00,276.0996562687514
08-20 20:00:00,275.2445466768144
08-20 21:00:00,243.00972875935815
08-20 22:00:00,211.22746662736202
08-20 23:00:00,174.5569601309557
08-21 00:00:00,138.33238734765413
08-21 01:00:00,93.59112705767994
08-21 02:00:00,64.56447198580717
08-21 03:00:00,39.93906773245271
08-21 04:00:00,29.451074960524316
08-21 05:00:00,23.40871503629397
08-21 06:00:00,27.248226649832127
08-21 07:00:00,63.33512252186653
08-21 08:00:00,112.18125650364038
08-21 09:00:00,124.03494545995423
08-21 10:00:00,133.7642206198737
08-21 11:00:00,102.31324125117571
08-21 12:00:00,118.05643519622637
08-21 13:00:00,136.87141324015477
08-21 14:00:00,132.0939989113205
08-21 15:00:00,141.2888552819659
08-21 16:00:00,126.24346794211912
08-21 17:00:00,138.05714295978913
08-21 18:00:00,161.97080630638374
08-21 19:00:00,228.08021742885933
08-21 20:00:00,253.9397165729003
08-21 21:00:00,243.2999413959635
08-21 22:00:00,180.58388445018767
08-21 23:00:00,147.92986740029627
08-22 00:00:00,111.28567087445327
08-22 01:00:00,81.0597414253181
08-22 02:00:00,51.4488445346181
08-22 03:00:00,37.22153006115832
08-22 04:00:00,25.67289630517375
08-22 05:00:00,17.75842715954899
08-22 06:00:00,25.59828809916076
08-22 07:00:00,69.01604718771232
08-22 08:00:00,108.67372789956396
08-22 09:00:00,121.32441378423874
08-22 10:00:00,147.97039185894587
08-22 11:00:00,133.83032400373023
08-22 12:00:00,106.10015764131658
08-22 13:00:00,106.9640646519518
08-22 14:00:00,119.30091165697243
08-22 15:00:00,116.86428559724317
08-22 16:00:00,99.83458179417258
08-22 17:00:00,105.00697784013975
08-22 18:00:00,185.89446581132185
08-22 19:00:00,249.29408629342203
08-22 20:00:00,278.29630234236487
08-22 21:00:00,245.14457157860855
08-22 22:00:00,193.76893393386453
08-22 23:00:00,160.19156413585918
08-23 00:00:00,126.28859537525311
08-23 01:00:00,95.36183638764216
08-23 02:00:00,74.22572775873968
08-23 03:00:00,48.99431619953056
08-23 04:00:00,29.416082468170853
08-23 05:00:00,21.724885765093596
08-23 06:00:00,20.89780450431702
08-23 07:00:00,65.0840498673694
08-23 08:00:00,95.1804936852406
08-23 09:00:00,119.65020540878007
08-23 10:00:00,147.47376694450654
08-23 11:00:00,124.93622487686359
08-23 12:00:00,115.41950232954939
08-23 13:00:00,113.41576895436705
08-23 14:00:00,97.29770907844609
08-23 15:00:00,120.19718806222917
08-23 16:00:00,115.63323422468093
08-23 17:00:00,121.77760779149213
08-23 18:00:00,184.87599978776342
08-23 19:00:00,230.83144715270933
08-23 20:00:00,236.2736339176912
08-23 21:00:00,221.25652937509395
08-23 22:00:00,176.43837259578973
08-23 23:00:00,148.88121867170906
08-24 00:00:00,116.04519217366669
08-24 01:00:00,80.7282991499392
08-24 02:00:00,56.51211456973672
08-24 03:00:00,37.77588146344186
08-24 04:00:00,25.377273163465805
08-24 05:00:00,22.145952095772447
08-24 06:00:00,20.266812385426306
08-24 07:00:00,58.15209587926124
08-24 08:00:00,90.19618719862864
08-24 09:00:00,112.49180531545655
08-24 10:00:00,125.46483431682626
08-24 11:00:00,123.74425517318525
08-24 12:00:00,121.46173946322433
08-24 13:00:00,127.82931340139186
08-24 14:00:00,135.1727357072544
08-24 15:00:00,109.61628688786718
08-24 16:00:00,108.01969212882136
08-24 17:00:00,137.38660975486027
08-24 18:00:00,204.85066413021332
08-24 19:00:00,260.77391263437676
08-24 20:00:00,267.80421155438415
08-24 21:00:00,216.30032206376524
08-24 22:00:00,171.78399066324764
08-24 23:00:00,133.83637242670414
08-25 00:00:00,106.31126518891962
08-25 01:00:00,79.27617193070576
08-25 02:00:00,77.05950441699416
08-25 03:00:00,53.90849327785956
08-25 04:00:00,44.1319486145208
08-25 05:00:00,24.56880528050411
08-25 06:00:00,17.85991304044586
08-25 07:00:00,23.870001586043607
08-25 08:00:00,45.66651867070649
08-25 09:00:00,72.47164664945993
08-25 10:00:00,84.23950782654046
08-25 11:00:00,133.6262929691788
08-25 12:00:00,134.87520093103015
08-25 13:00:00,111.38467397104554
08-25 14:00:00,128.10694447205006
08-25 15:00:00,126.91836959834289
08-25 16:00:00,147.8426630226535
08-25 17:00:00,163.07047366675823
08-25 18:00:00,170.65616454597554
08-25 19:00:00,175.59949299955096
08-25 20:00:00,165.95417773321185
08-25 21:00:00,140.02281085466288
08-25 22:00:00,100.12130094286515
08-25 23:00:00,97.88873764002642
08-26 00:00:00,97.02373360966814
08-26 01:00:00,83.09750166747095
08-26 02:00:00,69.11544248466264
08-26 03:00:00,60.03564964740609
08-26 04:00:00,36.505504113409785
08-26 05:00:00,20.059774633841304
08-26 06:00:00,18.984781989817385
08-26 07:00:00,17.577299542987433
08-26 08:00:00,17.75854775443319
08-26 09:00:00,64.04503119656114
08-26 10:00:00,94.09027191827366
08-26 11:00:00,99.45741164494068
08-26 12:00:00,80.1966348072807
08-26 13:00:00,85.33163606970678
08-26 14:00:00,80.49514276450435
08-26 15:00:00,84.35262014353549
08-26 16:00:00,96.06111835149076
08-26 17:00:00,127.28330247751721
08-26 18:00:00,161.3875087838407
08-26 19:00:00,189.0812225997287
08-26 20:00:00,184.66579087310373
08-26 21:00:00,148.34120529231342
08-26 22:00:00,126.541095374387
08-26 23:00:00,107.00214826297619
08-27 00:00:00,82.1809788258578
08-27 01:00:00,53.91412245067238
08-27 02:00:00,41.718160343812556
08-27 03:00:00,32.69004943449015
08-27 04:00:00,28.34717307689697
08-27 05:00:00,21.40986951739071
08-27 06:00:00,24.223837986474965
08-27 07:00:00,62.40772628329124
08-27 08:00:00,103.29733800362335
08-27 09:00:00,126.98288663516698
08-27 10:00:00,120.47066868462173
08-27 11:00:00,115.36521160564406
08-27 12:00:00,99.2841916195471
08-27 13:00:00,113.80951619870173
08-27 14:00:00,129.02010172916633
08-27 15:00:00,160.03498147459192
08-27 16:00:00,106.52948160248549
08-27 17:00:00,132.00871186617005
08-27 18:00:00,193.02910690378567
08-27 19:00:00,276.0996562687514
08-27 20:00:00,275.2445466768144
08-27 21:00:00,243.00972875935815
08-27 22:00:00,211.22746662736202
08-27 23:00:00,174.5569601309557
08-28 00:00:00,138.33238734765413
08-28 01:00:00,93.59112705767994
08-28 02:00:00,64.56447198580717
08-28 03:00:00,39.93906773245271
08-28 04:00:00,29.451074960524316
08-28 05:00:00,23.40871503629397
08-28 06:00:00,27.248226649832127
08-28 07:00:00,63.33512252186653
08-28 08:00:00,112.18125650364038
08-28 09:00:00,124.03494545995423
08-28 10:00:00,133.7642206198737
08-28 11:00:00,102.31324125117571
08-28 12:00:00,118.05643519622637
08-28 13:00:00,136.87141324015477
08-28 14:00:00,132.0939989113205
08-28 15:00:00,141.2888552819659
08-28 16:00:00,126.24346794211912
08-28 17:00:00,138.05714295978913
08-28 18:00:00,161.97080630638374
08-28 19:00:00,228.08021742885933
08-28 20:00:00,253.9397165729003
08-28 21:00:00,243.2999413959635
08-28 22:00:00,180.58388445018767
08-28 23:00:00,147.92986740029627
08-29 00:00:00,111.28567087445327
08-29 01:00:00,81.0597414253181
08-29 02:00:00,51.4488445346181
08-29 03:00:00,37.22153006115832
08-29 04:00:00,25.67289630517375
08-29 05:00:00,17.75842715954899
08-29 06:00:00,25.59828809916076
08-29 07:00:00,69.01604718771232
08-29 08:00:00,108.67372789956396
08-29 09:00:00,121.32441378423874
08-29 10:00:00,147.97039185894587
08-29 11:00:00,133.83032400373023
08-29 12:00:00,106.10015764131658
08-29 13:00:00,106.9640646519518
08-29 14:00:00,119.30091165697243
08-29 15:00:00,116.86428559724317
08-29 16:00:00,99.83458179417258
08-29 17:00:00,105.00697784013975
08-29 18:00:00,185.89446581132185
08-29 19:00:00,249.29408629342203
08-29 20:00:00,278.29630234236487
08-29 21:00:00,245.14457157860855
08-29 22:00:00,193.76893393386453
08-29 23:00:00,160.19156413585918
08-30 00:00:00,126.28859537525311
08-30 01:00:00,95.36183638764216
08-30 02:00:00,74.22572775873968
08-30 03:00:00,48.99431619953056
08-30 04:00:00,29.416082468170853
08-30 05:00:00,21.724885765093596
08-30 06:00:00,20.89780450431702
08-30 07:00:00,65.0840498673694
08-30 08:00:00,95.1804936852406
08-30 09:00:00,119.65020540878007
08-30 10:00:00,147.47376694450654
08-30 11:00:00,124.93622487686359
08-30 12:00:00,115.41950232954939
08-30 13:00:00,113.41576895436705
08-30 14:00:00,97.29770907844609
08-30 15:00:00,120.19718806222917
08-30 16:00:00,115.63323422468093
08-30 17:00:00,121.77760779149213
08-30 18:00:00,184.87599978776342
08-30 19:00:00,230.83144715270933
08-30 20:00:00,236.2736339176912
08-30 21:00:00,221.25652937509395
08-30 22:00:00,176.43837259578973
08-30 23:00:00,148.88121867170906
08-31 00:00:00,116.04519217366669
08-31 01:00:00,80.7282991499392
08-31 02:00:00,56.51211456973672
08-31 03:00:00,37.77588146344186
08-31 04:00:00,25.377273163465805
08-31 05:00:00,22.145952095772447
08-31 06:00:00,20.266812385426306
08-31 07:00:00,58.15209587926124
08-31 08:00:00,90.19618719862864
08-31 09:00:00,112.49180531545655
08-31 10:00:00,125.46483431682626
08-31 11:00:00,123.74425517318525
08-31 12:00:00,121.46173946322433
08-31 13:00:00,127.82931340139186
08-31 14:00:00,135.1727357072544
08-31 15:00:00,109.61628688786718
08-31 16:00:00,108.01969212882136
08-31 17:00:00,137.38660975486027
08-31 18:00:00,204.85066413021332
08-31 19:00:00,260.77391263437676
08-31 20:00:00,267.80421155438415
08-31 21:00:00,216.30032206376524
08-31 22:00:00,171.78399066324764
08-31 23:00:00,133.83637242670414
09-01 00:00:00,106.31126518891962
09-01 01:00:00,79.27617193070576
09-01 02:00:00,77.05950441699416
09-01 03:00:00,53.90849327785956
09-01 04:00:00,44.1319486145208
09-01 05:00:00,24.56880528050411
09-01 06:00:00,17.85991304044586
09-01 07:00:00,23.870001586043607
09-01 08:00:00,45.66651867070649
09-01 09:00:00,72.47164664945993
09-01 10:00:00,84.23950782654046
09-01 11:00:00,133.6262929691788
09-01 12:00:00,134.87520093103015
09-01 13:00:00,111.38467397104554
09-01 14:00:00,128.10694447205006
09-01 15:00:00,126.91836959834289
09-01 16:00:00,147.8426630226535
09-01 17:00:00,163.07047366675823
09-01 18:00:00,170.65616454597554
09-01 19:00:00,175.59949299955096
09-01 20:00:00,165.95417773321185
09-01 21:00:00,140.02281085466288
09-01 22:00:00,100.12130094286515
09-01 23:00:00,97.88873764002642
09-02 00:00:00,97.02373360966814
09-02 01:00:00,83.09750166747095
09-02 02:00:00,69.11544248466264
09-02 03:00:00,60.03564964740609
09-02 04:00:00,36.505504113409785
09-02 05:00:00,20.059774633841304
09-02 06:00:00,18.984781989817385
09-02 07:00:00,17.577299542987433
09-02 08:00:00,17.75854775443319
09-02 09:00:00,64.04503119656114
09-02 10:00:00,94.09027191827366
09-02 11:00:00,99.45741164494068
09-02 12:00:00,80.1966348072807
09-02 13:00:00,85.33163606970678
09-02 14:00:00,80.49514276450435
09-02 15:00:00,84.35262014353549
09-02 16:00:00,96.06111835149076
09-02 17:00:00,127.28330247751721
09-02 18:00:00,161.3875087838407
09-02 19:00:00,189.0812225997287
09-02 20:00:00,184.66579087310373
09-02 21:00:00,148.34120529231342
09-02 22:00:00,126.541095374387
09-02 23:00:00,107.00214826297619
09-03 00:00:00,82.1809788258578
09-03 01:00:00,53.91412245067238
09-03 02:00:00,41.718160343812556
09-03 03:00:00,32.69004943449015
09-03 04:00:00,28.34717307689697
09-03 05:00:00,21.40986951739071
09-03 06:00:00,24.223837986474965
09-03 07:00:00,62.40772628329124
09-03 08:00:00,103.29733800362335
09-03 09:00:00,126.98288663516698
09-03 10:00:00,120.47066868462173
09-03 11:00:00,115.36521160564406
09-03 12:00:00,99.2841916195471
09-03 13:00:00,113.80951619870173
09-03 14:00:00,129.02010172916633
09-03 15:00:00,160.03498147459192
09-03 16:00:00,106.52948160248549
09-03 17:00:00,132.00871186617005
09-03 18:00:00,193.02910690378567
09-03 19:00:00,276.0996562687514
09-03 20:00:00,275.2445466768144
09-03 21:00:00,243.00972875935815
09-03 22:00:00,211.22746662736202
09-03 23:00:00,174.5569601309557
09-04 00:00:00,138.33238734765413
09-04 01:00:00,93.59112705767994
09-04 02:00:00,64.56447198580717
09-04 03:00:00,39.93906773245271
09-04 04:00:00,29.451074960524316
09-04 05:00:00,23.40871503629397
09-04 06:00:00,27.248226649832127
09-04 07:00:00,63.33512252186653
09-04 08:00:00,112.18125650364038
09-04 09:00:00,124.03494545995423
09-04 10:00:00,133.7642206198737
09-04 11:00:00,102.31324125117571
09-04 12:00:00,118.05643519622637
09-04 13:00:00,136.87141324015477
09-04 14:00:00,132.0939989113205
09-04 15:00:00,141.2888552819659
09-04 16:00:00,126.24346794211912
09-04 17:00:00,138.05714295978913
09-04 18:00:00,161.97080630638374
09-04 19:00:00,228.08021742885933
09-04 20:00:00,253.9397165729003
09-04 21:00:00,243.2999413959635
09-04 22:00:00,180.58388445018767
09-04 23:00:00,147.92986740029627
09-05 00:00:00,111.28567087445327
09-05 01:00:00,81.0597414253181
09-05 02:00:00,51.4488445346181
09-05 03:00:00,37.22153006115832
09-05 04:00:00,25.67289630517375
09-05 05:00:00,17.75842715954899
09-05 06:00:00,25.59828809916076
09-05 07:00:00,69.01604718771232
09-05 08:00:00,108.67372789956396
09-05 09:00:00,121.32441378423874
09-05 10:00:00,147.97039185894587
09-05 11:00:00,133.83032400373023
09-05 12:00:00,106.10015764131658
09-05 13:00:00,106.9640646519518
09-05 14:00:00,119.30091165697243
09-05 15:00:00,116.86428559724317
09-05 16:00:00,99.83458179417258
09-05 17:00:00,105.00697784013975
09-05 18:00:00,185.89446581132185
09-05 19:00:00,249.29408629342203
09-05 20:00:00,278.29630234236487
09-05 21:00:00,245.14457157860855
09-05 22:00:00,193.76893393386453
09-05 23:00:00,160.19156413585918
09-06 00:00:00,126.28859537525311
09-06 01:00:00,95.36183638764216
09-06 02:00:00,74.22572775873968
09-06 03:00:00,48.99431619953056
09-06 04:00:00,29.416082468170853
09-06 05:00:00,21.724885765093596
09-06 06:00:00,20.89780450431702
09-06 07:00:00,65.0840498673694
09-06 08:00:00,95.1804936852406
09-06 09:00:00,119.65020540878007
09-06 10:00:00,147.47376694450654
09-06 11:00:00,124.93622487686359
09-06 12:00:00,115.41950232954939
09-06 13:00:00,113.41576895436705
09-06 14:00:00,97.29770907844609
09-06 15:00:00,120.19718806222917
09-06 16:00:00,115.63323422468093
09-06 17:00:00,121.77760779149213
09-06 18:00:00,184.87599978776342
09-06 19:00:00,230.83144715270933
09-06 20:00:00,236.2736339176912
09-06 21:00:00,221.25652937509395
09-06 22:00:00,176.43837259578973
09-06 23:00:00,148.88121867170906
09-07 00:00:00,116.04519217366669
09-07 01:00:00,80.7282991499392
09-07 02:00:00,56.51211456973672
09-07 03:00:00,37.77588146344186
09-07 04:00:00,25.377273163465805
09-07 05:00:00,22.145952095772447
09-07 06:00:00,20.266812385426306
09-07 07:00:00,58.15209587926124
09-07 08:00:00,90.19618719862864
09-07 09:00:00,112.49180531545655
09-07 10:00:00,125.46483431682626
09-07 11:00:00,123.74425517318525
09-07 12:00:00,121.46173946322433
09-07 13:00:00,127.82931340139186
09-07 14:00:00,135.1727357072544
09-07 15:00:00,109.61628688786718
09-07 16:00:00,108.01969212882136
09-07 17:00:00,137.38660975486027
09-07 18:00:00,204.85066413021332
09-07 19:00:00,260.77391263437676
09-07 20:00:00,267.80421155438415
09-07 21:00:00,216.30032206376524
09-07 22:00:00,171.78399066324764
09-07 23:00:00,133.83637242670414
09-08 00:00:00,106.31126518891962
09-08 01:00:00,79.27617193070576
09-08 02:00:00,77.05950441699416
09-08 03:00:00,53.90849327785956
09-08 04:00:00,44.1319486145208
09-08 05:00:00,24.56880528050411
09-08 06:00:00,17.85991304044586
09-08 07:00:00,23.870001586043607
09-08 08:00:00,45.66651867070649
09-08 09:00:00,72.47164664945993
09-08 10:00:00,84.23950782654046
09-08 11:00:00,133.6262929691788
09-08 12:00:00,134.87520093103015
09-08 13:00:00,111.38467397104554
09-08 14:00:00,128.10694447205006
09-08 15:00:00,126.91836959834289
09-08 16:00:00,147.8426630226535
09-08 17:00:00,163.07047366675823
09-08 18:00:00,170.65616454597554
09-08 19:00:00,175.59949299955096
09-08 20:00:00,165.95417773321185
09-08 21:00:00,140.02281085466288
09-08 22:00:00,100.12130094286515
09-08 23:00:00,97.88873764002642
09-09 00:00:00,97.02373360966814
09-09 01:00:00,83.09750166747095
09-09 02:00:00,69.11544248466264
09-09 03:00:00,60.03564964740609
09-09 04:00:00,36.505504113409785
09-09 05:00:00,20.059774633841304
09-09 06:00:00,18.984781989817385
09-09 07:00:00,17.577299542987433
09-09 08:00:00,17.75854775443319
09-09 09:00:00,64.04503119656114
09-09 10:00:00,94.09027191827366
09-09 11:00:00,99.45741164494068
09-09 12:00:00,80.1966348072807
09-09 13:00:00,85.33163606970678
09-09 14:00:00,80.49514276450435
09-09 15:00:00,84.35262014353549
09-09 16:00:00,96.06111835149076
09-09 17:00:00,127.28330247751721
09-09 18:00:00,161.3875087838407
09-09 19:00:00,189.0812225997287
09-09 20:00:00,184.66579087310373
09-09 21:00:00,148.34120529231342
09-09 22:00:00,126.541095374387
09-09 23:00:00,107.00214826297619
09-10 00:00:00,82.1809788258578
09-10 01:00:00,53.91412245067238
09-10 02:00:00,41.718160343812556
09-10 03:00:00,32.69004943449015
09-10 04:00:00,28.34717307689697
09-10 05:00:00,21.40986951739071
09-10 06:00:00,24.223837986474965
09-10 07:00:00,62.40772628329124
09-10 08:00:00,103.29733800362335
09-10 09:00:00,126.98288663516698
09-10 10:00:00,120.47066868462173
09-10 11:00:00,115.36521160564406
09-10 12:00:00,99.2841916195471
09-10 13:00:00,113.80951619870173
09-10 14:00:00,129.02010172916633
09-10 15:00:00,160.03498147459192
09-10 16:00:00,106.52948160248549
09-10 17:00:00,132.00871186617005
09-10 18:00:00,193.02910690378567
09-10 19:00:00,276.0996562687514
09-10 20:00:00,275.2445466768144
09-10 21:00:00,243.00972875935815
09-10 22:00:00,211.22746662736202
09-10 23:00:00,174.5569601309557
09-11 00:00:00,138.33238734765413
09-11 01:00:00,93.59112705767994
09-11 02:00:00,64.56447198580717
09-11 03:00:00,39.93906773245271
09-11 04:00:00,29.451074960524316
09-11 05:00:00,23.40871503629397
09-11 06:00:00,27.248226649832127
09-11 07:00:00,63.33512252186653
09-11 08:00:00,112.18125650364038
09-11 09:00:00,124.03494545995423
09-11 10:00:00,133.7642206198737
09-11 11:00:00,102.31324125117571
09-11 12:00:00,118.05643519622637
09-11 13:00:00,136.87141324015477
09-11 14:00:00,132.0939989113205
09-11 15:00:00,141.2888552819659
09-11 16:00:00,126.24346794211912
09-11 17:00:00,138.05714295978913
09-11 18:00:00,161.97080630638374
09-11 19:00:00,228.08021742885933
09-11 20:00:00,253.9397165729003
09-11 21:00:00,243.2999413959635
09-11 22:00:00,180.58388445018767
09-11 23:00:00,147.92986740029627
09-12 00:00:00,111.28567087445327
09-12 01:00:00,81.0597414253181
09-12 02:00:00,51.4488445346181
09-12 03:00:00,37.22153006115832
09-12 04:00:00,25.67289630517375
09-12 05:00:00,17.75842715954899
09-12 06:00:00,25.59828809916076
09-12 07:00:00,69.01604718771232
09-12 08:00:00,108.67372789956396
09-12 09:00:00,121.32441378423874
09-12 10:00:00,147.97039185894587
09-12 11:00:00,133.83032400373023
09-12 12:00:00,106.10015764131658
09-12 13:00:00,106.9640646519518
09-12 14:00:00,119.30091165697243
09-12 15:00:00,116.86428559724317
09-12 16:00:00,99.83458179417258
09-12 17:00:00,105.00697784013975
09-12 18:00:00,185.89446581132185
09-12 19:00:00,249.29408629342203
09-12 20:00:00,278.29630234236487
09-12 21:00:00,245.14457157860855
09-12 22:00:00,193.76893393386453
09-12 23:00:00,160.19156413585918
09-13 00:00:00,126.28859537525311
09-13 01:00:00,95.36183638764216
09-13 02:00:00,74.22572775873968
09-13 03:00:00,48.99431619953056
09-13 04:00:00,29.416082468170853
09-13 05:00:00,21.724885765093596
09-13 06:00:00,20.89780450431702
09-13 07:00:00,65.0840498673694
09-13 08:00:00,95.1804936852406
09-13 09:00:00,119.65020540878007
09-13 10:00:00,147.47376694450654
09-13 11:00:00,124.93622487686359
09-13 12:00:00,115.41950232954939
09-13 13:00:00,113.41576895436705
09-13 14:00:00,97.29770907844609
09-13 15:00:00,120.19718806222917
09-13 16:00:00,115.63323422468093
09-13 17:00:00,121.77760779149213
09-13 18:00:00,184.87599978776342
09-13 19:00:00,230.83144715270933
09-13 20:00:00,236.2736339176912
09-13 21:00:00,221.25652937509395
09-13 22:00:00,176.43837259578973
09-13 23:00:00,148.88121867170906
09-14 00:00:00,116.04519217366669
09-14 01:00:00,80.7282991499392
09-14 02:00:00,56.51211456973672
09-14 03:00:00,37.77588146344186
09-14 04:00:00,25.377273163465805
09-14 05:00:00,22.145952095772447
09-14 06:00:00,20.266812385426306
09-14 07:00:00,58.15209587926124
09-14 08:00:00,90.19618719862864
09-14 09:00:00,112.49180531545655
09-14 10:00:00,125.46483431682626
09-14 11:00:00,123.74425517318525
09-14 12:00:00,121.46173946322433
09-14 13:00:00,127.82931340139186
09-14 14:00:00,135.1727357072544
09-14 15:00:00,109.61628688786718
09-14 16:00:00,108.01969212882136
09-14 17:00:00,137.38660975486027
09-14 18:00:00,204.85066413021332
09-14 19:00:00,260.77391263437676
09-14 20:00:00,267.80421155438415
09-14 21:00:00,216.30032206376524
09-14 22:00:00,171.78399066324764
09-14 23:00:00,133.83637242670414
09-15 00:00:00,106.31126518891962
09-15 01:00:00,79.27617193070576
09-15 02:00:00,77.05950441699416
09-15 03:00:00,53.90849327785956
09-15 04:00:00,44.1319486145208
09-15 05:00:00,24.56880528050411
09-15 06:00:00,17.85991304044586
09-15 07:00:00,23.870001586043607
09-15 08:00:00,45.66651867070649
09-15 09:00:00,72.47164664945993
09-15 10:00:00,84.23950782654046
09-15 11:00:00,133.6262929691788
09-15 12:00:00,134.87520093103015
09-15 13:00:00,111.38467397104554
09-15 14:00:00,128.10694447205006
09-15 15:00:00,126.91836959834289
09-15 16:00:00,147.8426630226535
09-15 17:00:00,163.07047366675823
09-15 18:00:00,170.65616454597554
09-15 19:00:00,175.59949299955096
09-15 20:00:00,165.95417773321185
09-15 21:00:00,140.02281085466288
09-15 22:00:00,100.12130094286515
09-15 23:00:00,97.88873764002642
09-16 00:00:00,97.02373360966814
09-16 01:00:00,83.09750166747095
09-16 02:00:00,69.11544248466264
09-16 03:00:00,60.03564964740609
09-16 04:00:00,36.505504113409785
09-16 05:00:00,20.059774633841304
09-16 06:00:00,18.984781989817385
09-16 07:00:00,17.577299542987433
09-16 08:00:00,17.75854775443319
09-16 09:00:00,64.04503119656114
09-16 10:00:00,94.09027191827366
09-16 11:00:00,99.45741164494068
09-16 12:00:00,80.1966348072807
09-16 13:00:00,85.33163606970678
09-16 14:00:00,80.49514276450435
09-16 15:00:00,84.35262014353549
09-16 16:00:00,96.06111835149076
09-16 17:00:00,127.28330247751721
09-16 18:00:00,161.3875087838407
09-16 19:00:00,189.0812225997287
09-16 20:00:00,184.66579087310373
09-16 21:00:00,148.34120529231342
09-16 22:00:00,126.541095374387
09-16 23:00:00,107.00214826297619
09-17 00:00:00,82.1809788258578
09-17 01:00:00,53.91412245067238
09-17 02:00:00,41.718160343812556
09-17 03:00:00,32.69004943449015
09-17 04:00:00,28.34717307689697
09-17 05:00:00,21.40986951739071
09-17 06:00:00,24.223837986474965
09-17 07:00:00,62.40772628329124
09-17 08:00:00,103.29733800362335
09-17 09:00:00,126.98288663516698
09-17 10:00:00,120.47066868462173
09-17 11:00:00,115.36521160564406
09-17 12:00:00,99.2841916195471
09-17 13:00:00,113.80951619870173
09-17 14:00:00,129.02010172916633
09-17 15:00:00,160.03498147459192
09-17 16:00:00,106.52948160248549
09-17 17:00:00,132.00871186617005
09-17 18:00:00,193.02910690378567
09-17 19:00:00,276.0996562687514
09-17 20:00:00,275.2445466768144
09-17 21:00:00,243.00972875935815
09-17 22:00:00,211.22746662736202
09-17 23:00:00,174.5569601309557
09-18 00:00:00,138.33238734765413
09-18 01:00:00,93.59112705767994
09-18 02:00:00,64.56447198580717
09-18 03:00:00,39.93906773245271
09-18 04:00:00,29.451074960524316
09-18 05:00:00,23.40871503629397
09-18 06:00:00,27.248226649832127
09-18 07:00:00,63.33512252186653
09-18 08:00:00,112.18125650364038
09-18 09:00:00,124.03494545995423
09-18 10:00:00,133.7642206198737
09-18 11:00:00,102.31324125117571
09-18 12:00:00,118.05643519622637
09-18 13:00:00,136.87141324015477
09-18 14:00:00,132.0939989113205
09-18 15:00:00,141.2888552819659
09-18 16:00:00,126.24346794211912
09-18 17:00:00,138.05714295978913
09-18 18:00:00,161.97080630638374
09-18 19:00:00,228.08021742885933
09-18 20:00:00,253.9397165729003
09-18 21:00:00,243.2999413959635
09-18 22:00:00,180.58388445018767
09-18 23:00:00,147.92986740029627
09-19 00:00:00,111.28567087445327
09-19 01:00:00,81.0597414253181
09-19 02:00:00,51.4488445346181
09-19 03:00:00,37.22153006115832
09-19 04:00:00,25.67289630517375
09-19 05:00:00,17.75842715954899
09-19 06:00:00,25.59828809916076
09-19 07:00:00,69.01604718771232
09-19 08:00:00,108.67372789956396
09-19 09:00:00,121.32441378423874
09-19 10:00:00,147.97039185894587
09-19 11:00:00,133.83032400373023
09-19 12:00:00,106.10015764131658
09-19 13:00:00,106.9640646519518
09-19 14:00:00,119.30091165697243
09-19 15:00:00,116.86428559724317
09-19 16:00:00,99.83458179417258
09-19 17:00:00,105.00697784013975
09-19 18:00:00,185.89446581132185
09-19 19:00:00,249.29408629342203
09-19 20:00:00,278.29630234236487
09-19 21:00:00,245.14457157860855
09-19 22:00:00,193.76893393386453
09-19 23:00:00,160.19156413585918
09-20 00:00:00,126.28859537525311
09-20 01:00:00,95.36183638764216
09-20 02:00:00,74.22572775873968
09-20 03:00:00,48.99431619953056
09-20 04:00:00,29.416082468170853
09-20 05:00:00,21.724885765093596
09-20 06:00:00,20.89780450431702
09-20 07:00:00,65.0840498673694
09-20 08:00:00,95.1804936852406
09-20 09:00:00,119.65020540878007
09-20 10:00:00,147.47376694450654
09-20 11:00:00,124.93622487686359
09-20 12:00:00,115.41950232954939
09-20 13:00:00,113.41576895436705
09-20 14:00:00,97.29770907844609
09-20 15:00:00,120.19718806222917
09-20 16:00:00,115.63323422468093
09-20 17:00:00,121.77760779149213
09-20 18:00:00,184.87599978776342
09-20 19:00:00,230.83144715270933
09-20 20:00:00,236.2736339176912
09-20 21:00:00,221.25652937509395
09-20 22:00:00,176.43837259578973
09-20 23:00:00,148.88121867170906
09-21 00:00:00,116.04519217366669
09-21 01:00:00,80.7282991499392
09-21 02:00:00,56.51211456973672
09-21 03:00:00,37.77588146344186
09-21 04:00:00,25.377273163465805
09-21 05:00:00,22.145952095772447
09-21 06:00:00,20.266812385426306
09-21 07:00:00,58.15209587926124
09-21 08:00:00,90.19618719862864
09-21 09:00:00,112.49180531545655
09-21 10:00:00,125.46483431682626
09-21 11:00:00,123.74425517318525
09-21 12:00:00,121.46173946322433
09-21 13:00:00,127.82931340139186
09-21 14:00:00,135.1727357072544
09-21 15:00:00,109.61628688786718
09-21 16:00:00,108.01969212882136
09-21 17:00:00,137.38660975486027
09-21 18:00:00,204.85066413021332
09-21 19:00:00,260.77391263437676
09-21 20:00:00,267.80421155438415
09-21 21:00:00,216.30032206376524
09-21 22:00:00,171.78399066324764
09-21 23:00:00,133.83637242670414
09-22 00:00:00,106.31126518891962
09-22 01:00:00,79.27617193070576
09-22 02:00:00,77.05950441699416
09-22 03:00:00,53.90849327785956
09-22 04:00:00,44.1319486145208
09-22 05:00:00,24.56880528050411
09-22 06:00:00,17.85991304044586
09-22 07:00:00,23.870001586043607
09-22 08:00:00,45.66651867070649
09-22 09:00:00,72.47164664945993
09-22 10:00:00,84.23950782654046
09-22 11:00:00,133.6262929691788
09-22 12:00:00,134.87520093103015
09-22 13:00:00,111.38467397104554
09-22 14:00:00,128.10694447205006
09-22 15:00:00,126.91836959834289
09-22 16:00:00,147.8426630226535
09-22 17:00:00,163.07047366675823
09-22 18:00:00,170.65616454597554
09-22 19:00:00,175.59949299955096
09-22 20:00:00,165.95417773321185
09-22 21:00:00,140.02281085466288
09-22 22:00:00,100.12130094286515
09-22 23:00:00,97.88873764002642
09-23 00:00:00,97.02373360966814
09-23 01:00:00,83.09750166747095
09-23 02:00:00,69.11544248466264
09-23 03:00:00,60.03564964740609
09-23 04:00:00,36.505504113409785
09-23 05:00:00,20.059774633841304
09-23 06:00:00,18.984781989817385
09-23 07:00:00,17.577299542987433
09-23 08:00:00,17.75854775443319
09-23 09:00:00,64.04503119656114
09-23 10:00:00,94.09027191827366
09-23 11:00:00,99.45741164494068
09-23 12:00:00,80.1966348072807
09-23 13:00:00,85.33163606970678
09-23 14:00:00,80.49514276450435
09-23 15:00:00,84.35262014353549
09-23 16:00:00,96.06111835149076
09-23 17:00:00,127.28330247751721
09-23 18:00:00,161.3875087838407
09-23 19:00:00,189.0812225997287
09-23 20:00:00,184.66579087310373
09-23 21:00:00,148.34120529231342
09-23 22:00:00,126.541095374387
09-23 23:00:00,107.00214826297619
09-24 00:00:00,82.1809788258578
09-24 01:00:00,53.91412245067238
09-24 02:00:00,41.718160343812556
09-24 03:00:00,32.69004943449015
09-24 04:00:00,28.34717307689697
09-24 05:00:00,21.40986951739071
09-24 06:00:00,24.223837986474965
09-24 07:00:00,62.40772628329124
09-24 08:00:00,103.29733800362335
09-24 09:00:00,126.98288663516698
09-24 10:00:00,120.47066868462173
09-24 11:00:00,115.36521160564406
09-24 12:00:00,99.2841916195471
09-24 13:00:00,113.80951619870173
09-24 14:00:00,129.02010172916633
09-24 15:00:00,160.03498147459192
09-24 16:00:00,106.52948160248549
09-24 17:00:00,132.00871186617005
09-24 18:00:00,193.02910690378567
09-24 19:00:00,276.0996562687514
09-24 20:00:00,275.2445466768144
09-24 21:00:00,243.00972875935815
09-24 22:00:00,211.22746662736202
09-24 23:00:00,174.5569601309557
09-25 00:00:00,138.33238734765413
09-25 01:00:00,93.59112705767994
09-25 02:00:00,64.56447198580717
09-25 03:00:00,39.93906773245271
09-25 04:00:00,29.451074960524316
09-25 05:00:00,23.40871503629397
09-25 06:00:00,27.248226649832127
09-25 07:00:00,63.33512252186653
09-25 08:00:00,112.18125650364038
09-25 09:00:00,124.03494545995423
09-25 10:00:00,133.7642206198737
09-25 11:00:00,102.31324125117571
09-25 12:00:00,118.05643519622637
09-25 13:00:00,136.87141324015477
09-25 14:00:00,132.0939989113205
09-25 15:00:00,141.2888552819659
09-25 16:00:00,126.24346794211912
09-25 17:00:00,138.05714295978913
09-25 18:00:00,161.97080630638374
09-25 19:00:00,228.08021742885933
09-25 20:00:00,253.9397165729003
09-25 21:00:00,243.2999413959635
09-25 22:00:00,180.58388445018767
09-25 23:00:00,147.92986740029627
09-26 00:00:00,111.28567087445327
09-26 01:00:00,81.0597414253181
09-26 02:00:00,51.4488445346181
09-26 03:00:00,37.22153006115832
09-26 04:00:00,25.67289630517375
09-26 05:00:00,17.75842715954899
09-26 06:00:00,25.59828809916076
09-26 07:00:00,69.01604718771232
09-26 08:00:00,108.67372789956396
09-26 09:00:00,121.32441378423874
09-26 10:00:00,147.97039185894587
09-26 11:00:00,133.83032400373023
09-26 12:00:00,106.10015764131658
09-26 13:00:00,106.9640646519518
09-26 14:00:00,119.30091165697243
09-26 15:00:00,116.86428559724317
09-26 16:00:00,99.83458179417258
09-26 17:00:00,105.00697784013975
09-26 18:00:00,185.89446581132185
09-26 19:00:00,249.29408629342203
09-26 20:00:00,278.29630234236487
09-26 21:00:00,245.14457157860855
09-26 22:00:00,193.76893393386453
09-26 23:00:00,160.19156413585918
09-27 00:00:00,126.28859537525311
09-27 01:00:00,95.36183638764216
09-27 02:00:00,74.22572775873968
09-27 03:00:00,48.99431619953056
09-27 04:00:00,29.416082468170853
09-27 05:00:00,21.724885765093596
09-27 06:00:00,20.89780450431702
09-27 07:00:00,65.0840498673694
09-27 08:00:00,95.1804936852406
09-27 09:00:00,119.65020540878007
09-27 10:00:00,147.47376694450654
09-27 11:00:00,124.93622487686359
09-27 12:00:00,115.41950232954939
09-27 13:00:00,113.41576895436705
09-27 14:00:00,97.29770907844609
09-27 15:00:00,120.19718806222917
09-27 16:00:00,115.63323422468093
09-27 17:00:00,121.77760779149213
09-27 18:00:00,184.87599978776342
09-27 19:00:00,230.83144715270933
09-27 20:00:00,236.2736339176912
09-27 21:00:00,221.25652937509395
09-27 22:00:00,176.43837259578973
09-27 23:00:00,148.88121867170906
09-28 00:00:00,116.04519217366669
09-28 01:00:00,80.7282991499392
09-28 02:00:00,56.51211456973672
09-28 03:00:00,37.77588146344186
09-28 04:00:00,25.377273163465805
09-28 05:00:00,22.145952095772447
09-28 06:00:00,20.266812385426306
09-28 07:00:00,58.15209587926124
09-28 08:00:00,90.19618719862864
09-28 09:00:00,112.49180531545655
09-28 10:00:00,125.46483431682626
09-28 11:00:00,123.74425517318525
09-28 12:00:00,121.46173946322433
09-28 13:00:00,127.82931340139186
09-28 14:00:00,135.1727357072544
09-28 15:00:00,109.61628688786718
09-28 16:00:00,108.01969212882136
09-28 17:00:00,137.38660975486027
09-28 18:00:00,204.85066413021332
09-28 19:00:00,260.77391263437676
09-28 20:00:00,267.80421155438415
09-28 21:00:00,216.30032206376524
09-28 22:00:00,171.78399066324764
09-28 23:00:00,133.83637242670414
09-29 00:00:00,106.31126518891962
09-29 01:00:00,79.27617193070576
09-29 02:00:00,77.05950441699416
09-29 03:00:00,53.90849327785956
09-29 04:00:00,44.1319486145208
09-29 05:00:00,24.56880528050411
09-29 06:00:00,17.85991304044586
09-29 07:00:00,23.870001586043607
09-29 08:00:00,45.66651867070649
09-29 09:00:00,72.47164664945993
09-29 10:00:00,84.23950782654046
09-29 11:00:00,133.6262929691788
09-29 12:00:00,134.87520093103015
09-29 13:00:00,111.38467397104554
09-29 14:00:00,128.10694447205006
09-29 15:00:00,126.91836959834289
09-29 16:00:00,147.8426630226535
09-29 17:00:00,163.07047366675823
09-29 18:00:00,170.65616454597554
09-29 19:00:00,175.59949299955096
09-29 20:00:00,165.95417773321185
09-29 21:00:00,140.02281085466288
09-29 22:00:00,100.12130094286515
09-29 23:00:00,97.88873764002642
09-30 00:00:00,97.02373360966814
09-30 01:00:00,83.09750166747095
09-30 02:00:00,69.11544248466264
09-30 03:00:00,60.03564964740609
09-30 04:00:00,36.505504113409785
09-30 05:00:00,20.059774633841304
09-30 06:00:00,18.984781989817385
09-30 07:00:00,17.577299542987433
09-30 08:00:00,17.75854775443319
09-30 09:00:00,64.04503119656114
09-30 10:00:00,94.09027191827366
09-30 11:00:00,99.45741164494068
09-30 12:00:00,80.1966348072807
09-30 13:00:00,85.33163606970678
09-30 14:00:00,80.49514276450435
09-30 15:00:00,84.35262014353549
09-30 16:00:00,96.06111835149076
09-30 17:00:00,127.28330247751721
09-30 18:00:00,161.3875087838407
09-30 19:00:00,189.0812225997287
09-30 20:00:00,184.66579087310373
09-30 21:00:00,148.34120529231342
09-30 22:00:00,126.541095374387
09-30 23:00:00,107.00214826297619
10-01 00:00:00,82.1809788258578
10-01 01:00:00,53.91412245067238
10-01 02:00:00,41.718160343812556
10-01 03:00:00,32.69004943449015
10-01 04:00:00,28.34717307689697
10-01 05:00:00,21.40986951739071
10-01 06:00:00,24.223837986474965
10-01 07:00:00,62.40772628329124
10-01 08:00:00,103.29733800362335
10-01 09:00:00,126.98288663516698
10-01 10:00:00,120.47066868462173
10-01 11:00:00,115.36521160564406
10-01 12:00:00,99.2841916195471
10-01 13:00:00,113.80951619870173
10-01 14:00:00,129.02010172916633
10-01 15:00:00,160.03498147459192
10-01 16:00:00,106.52948160248549
10-01 17:00:00,132.00871186617005
10-01 18:00:00,193.02910690378567
10-01 19:00:00,276.0996562687514
10-01 20:00:00,275.2445466768144
10-01 21:00:00,243.00972875935815
10-01 22:00:00,211.22746662736202
10-01 23:00:00,174.5569601309557
10-02 00:00:00,138.33238734765413
10-02 01:00:00,93.59112705767994
10-02 02:00:00,64.56447198580717
10-02 03:00:00,39.93906773245271
10-02 04:00:00,29.451074960524316
10-02 05:00:00,23.40871503629397
10-02 06:00:00,27.248226649832127
10-02 07:00:00,63.33512252186653
10-02 08:00:00,112.18125650364038
10-02 09:00:00,124.03494545995423
10-02 10:00:00,133.7642206198737
10-02 11:00:00,102.31324125117571
10-02 12:00:00,118.05643519622637
10-02 13:00:00,136.87141324015477
10-02 14:00:00,132.0939989113205
10-02 15:00:00,141.2888552819659
10-02 16:00:00,126.24346794211912
10-02 17:00:00,138.05714295978913
10-02 18:00:00,161.97080630638374
10-02 19:00:00,228.08021742885933
10-02 20:00:00,253.9397165729003
10-02 21:00:00,243.2999413959635
10-02 22:00:00,180.58388445018767
10-02 23:00:00,147.92986740029627
10-03 00:00:00,111.28567087445327
10-03 01:00:00,81.0597414253181
10-03 02:00:00,51.4488445346181
10-03 03:00:00,37.22153006115832
10-03 04:00:00,25.67289630517375
10-03 05:00:00,17.75842715954899
10-03 06:00:00,25.59828809916076
10-03 07:00:00,69.01604718771232
10-03 08:00:00,108.67372789956396
10-03 09:00:00,121.32441378423874
10-03 10:00:00,147.97039185894587
10-03 11:00:00,133.83032400373023
10-03 12:00:00,106.10015764131658
10-03 13:00:00,106.9640646519518
10-03 14:00:00,119.30091165697243
10-03 15:00:00,116.86428559724317
10-03 16:00:00,99.83458179417258
10-03 17:00:00,105.00697784013975
10-03 18:00:00,185.89446581132185
10-03 19:00:00,249.29408629342203
10-03 20:00:00,278.29630234236487
10-03 21:00:00,245.14457157860855
10-03 22:00:00,193.76893393386453
10-03 23:00:00,160.19156413585918
10-04 00:00:00,126.28859537525311
10-04 01:00:00,95.36183638764216
10-04 02:00:00,74.22572775873968
10-04 03:00:00,48.99431619953056
10-04 04:00:00,29.416082468170853
10-04 05:00:00,21.724885765093596
10-04 06:00:00,20.89780450431702
10-04 07:00:00,65.0840498673694
10-04 08:00:00,95.1804936852406
10-04 09:00:00,119.65020540878007
10-04 10:00:00,147.47376694450654
10-04 11:00:00,124.93622487686359
10-04 12:00:00,115.41950232954939
10-04 13:00:00,113.41576895436705
10-04 14:00:00,97.29770907844609
10-04 15:00:00,120.19718806222917
10-04 16:00:00,115.63323422468093
10-04 17:00:00,121.77760779149213
10-04 18:00:00,184.87599978776342
10-04 19:00:00,230.83144715270933
10-04 20:00:00,236.2736339176912
10-04 21:00:00,221.25652937509395
10-04 22:00:00,176.43837259578973
10-04 23:00:00,148.88121867170906
10-05 00:00:00,116.04519217366669
10-05 01:00:00,80.7282991499392
10-05 02:00:00,56.51211456973672
10-05 03:00:00,37.77588146344186
10-05 04:00:00,25.377273163465805
10-05 05:00:00,22.145952095772447
10-05 06:00:00,20.266812385426306
10-05 07:00:00,58.15209587926124
10-05 08:00:00,90.19618719862864
10-05 09:00:00,112.49180531545655
10-05 10:00:00,125.46483431682626
10-05 11:00:00,123.74425517318525
10-05 12:00:00,121.46173946322433
10-05 13:00:00,127.82931340139186
10-05 14:00:00,135.1727357072544
10-05 15:00:00,109.61628688786718
10-05 16:00:00,108.01969212882136
10-05 17:00:00,137.38660975486027
10-05 18:00:00,204.85066413021332
10-05 19:00:00,260.77391263437676
10-05 20:00:00,267.80421155438415
10-05 21:00:00,216.30032206376524
10-05 22:00:00,171.78399066324764
10-05 23:00:00,133.83637242670414
10-06 00:00:00,106.31126518891962
10-06 01:00:00,79.27617193070576
10-06 02:00:00,77.05950441699416
10-06 03:00:00,53.90849327785956
10-06 04:00:00,44.1319486145208
10-06 05:00:00,24.56880528050411
10-06 06:00:00,17.85991304044586
10-06 07:00:00,23.870001586043607
10-06 08:00:00,45.66651867070649
10-06 09:00:00,72.47164664945993
10-06 10:00:00,84.23950782654046
10-06 11:00:00,133.6262929691788
10-06 12:00:00,134.87520093103015
10-06 13:00:00,111.38467397104554
10-06 14:00:00,128.10694447205006
10-06 15:00:00,126.91836959834289
10-06 16:00:00,147.8426630226535
10-06 17:00:00,163.07047366675823
10-06 18:00:00,170.65616454597554
10-06 19:00:00,175.59949299955096
10-06 20:00:00,165.95417773321185
10-06 21:00:00,140.02281085466288
10-06 22:00:00,100.12130094286515
10-06 23:00:00,97.88873764002642
10-07 00:00:00,97.02373360966814
10-07 01:00:00,83.09750166747095
10-07 02:00:00,69.11544248466264
10-07 03:00:00,60.03564964740609
10-07 04:00:00,36.505504113409785
10-07 05:00:00,20.059774633841304
10-07 06:00:00,18.984781989817385
10-07 07:00:00,17.577299542987433
10-07 08:00:00,17.75854775443319
10-07 09:00:00,64.04503119656114
10-07 10:00:00,94.09027191827366
10-07 11:00:00,99.45741164494068
10-07 12:00:00,80.1966348072807
10-07 13:00:00,85.33163606970678
10-07 14:00:00,80.49514276450435
10-07 15:00:00,84.35262014353549
10-07 16:00:00,96.06111835149076
10-07 17:00:00,127.28330247751721
10-07 18:00:00,161.3875087838407
10-07 19:00:00,189.0812225997287
10-07 20:00:00,184.66579087310373
10-07 21:00:00,148.34120529231342
10-07 22:00:00,126.541095374387
10-07 23:00:00,107.00214826297619
10-08 00:00:00,82.1809788258578
10-08 01:00:00,53.91412245067238
10-08 02:00:00,41.718160343812556
10-08 03:00:00,32.69004943449015
10-08 04:00:00,28.34717307689697
10-08 05:00:00,21.40986951739071
10-08 06:00:00,24.223837986474965
10-08 07:00:00,62.40772628329124
10-08 08:00:00,103.29733800362335
10-08 09:00:00,126.98288663516698
10-08 10:00:00,120.47066868462173
10-08 11:00:00,115.36521160564406
10-08 12:00:00,99.2841916195471
10-08 13:00:00,113.80951619870173
10-08 14:00:00,129.02010172916633
10-08 15:00:00,160.03498147459192
10-08 16:00:00,106.52948160248549
10-08 17:00:00,132.00871186617005
10-08 18:00:00,193.02910690378567
10-08 19:00:00,276.0996562687514
10-08 20:00:00,275.2445466768144
10-08 21:00:00,243.00972875935815
10-08 22:00:00,211.22746662736202
10-08 23:00:00,174.5569601309557
10-09 00:00:00,138.33238734765413
10-09 01:00:00,93.59112705767994
10-09 02:00:00,64.56447198580717
10-09 03:00:00,39.93906773245271
10-09 04:00:00,29.451074960524316
10-09 05:00:00,23.40871503629397
10-09 06:00:00,27.248226649832127
10-09 07:00:00,63.33512252186653
10-09 08:00:00,112.18125650364038
10-09 09:00:00,124.03494545995423
10-09 10:00:00,133.7642206198737
10-09 11:00:00,102.31324125117571
10-09 12:00:00,118.05643519622637
10-09 13:00:00,136.87141324015477
10-09 14:00:00,132.0939989113205
10-09 15:00:00,141.2888552819659
10-09 16:00:00,126.24346794211912
10-09 17:00:00,138.05714295978913
10-09 18:00:00,161.97080630638374
10-09 19:00:00,228.08021742885933
10-09 20:00:00,253.9397165729003
10-09 21:00:00,243.2999413959635
10-09 22:00:00,180.58388445018767
10-09 23:00:00,147.92986740029627
10-10 00:00:00,111.28567087445327
10-10 01:00:00,81.0597414253181
10-10 02:00:00,51.4488445346181
10-10 03:00:00,37.22153006115832
10-10 04:00:00,25.67289630517375
10-10 05:00:00,17.75842715954899
10-10 06:00:00,25.59828809916076
10-10 07:00:00,69.01604718771232
10-10 08:00:00,108.67372789956396
10-10 09:00:00,121.32441378423874
10-10 10:00:00,147.97039185894587
10-10 11:00:00,133.83032400373023
10-10 12:00:00,106.10015764131658
10-10 13:00:00,106.9640646519518
10-10 14:00:00,119.30091165697243
10-10 15:00:00,116.86428559724317
10-10 16:00:00,99.83458179417258
10-10 17:00:00,105.00697784013975
10-10 18:00:00,185.89446581132185
10-10 19:00:00,249.29408629342203
10-10 20:00:00,278.29630234236487
10-10 21:00:00,245.14457157860855
10-10 22:00:00,193.76893393386453
10-10 23:00:00,160.19156413585918
10-11 00:00:00,126.28859537525311
10-11 01:00:00,95.36183638764216
10-11 02:00:00,74.22572775873968
10-11 03:00:00,48.99431619953056
10-11 04:00:00,29.416082468170853
10-11 05:00:00,21.724885765093596
10-11 06:00:00,20.89780450431702
10-11 07:00:00,65.0840498673694
10-11 08:00:00,95.1804936852406
10-11 09:00:00,119.65020540878007
10-11 10:00:00,147.47376694450654
10-11 11:00:00,124.93622487686359
10-11 12:00:00,115.41950232954939
10-11 13:00:00,113.41576895436705
10-11 14:00:00,97.29770907844609
10-11 15:00:00,120.19718806222917
10-11 16:00:00,115.63323422468093
10-11 17:00:00,121.77760779149213
10-11 18:00:00,184.87599978776342
10-11 19:00:00,230.83144715270933
10-11 20:00:00,236.2736339176912
10-11 21:00:00,221.25652937509395
10-11 22:00:00,176.43837259578973
10-11 23:00:00,148.88121867170906
10-12 00:00:00,116.04519217366669
10-12 01:00:00,80.7282991499392
10-12 02:00:00,56.51211456973672
10-12 03:00:00,37.77588146344186
10-12 04:00:00,25.377273163465805
10-12 05:00:00,22.145952095772447
10-12 06:00:00,20.266812385426306
10-12 07:00:00,58.15209587926124
10-12 08:00:00,90.19618719862864
10-12 09:00:00,112.49180531545655
10-12 10:00:00,125.46483431682626
10-12 11:00:00,123.74425517318525
10-12 12:00:00,121.46173946322433
10-12 13:00:00,127.82931340139186
10-12 14:00:00,135.1727357072544
10-12 15:00:00,109.61628688786718
10-12 16:00:00,108.01969212882136
10-12 17:00:00,137.38660975486027
10-12 18:00:00,204.85066413021332
10-12 19:00:00,260.77391263437676
10-12 20:00:00,267.80421155438415
10-12 21:00:00,216.30032206376524
10-12 22:00:00,171.78399066324764
10-12 23:00:00,133.83637242670414
10-13 00:00:00,106.31126518891962
10-13 01:00:00,79.27617193070576
10-13 02:00:00,77.05950441699416
10-13 03:00:00,53.90849327785956
10-13 04:00:00,44.1319486145208
10-13 05:00:00,24.56880528050411
10-13 06:00:00,17.85991304044586
10-13 07:00:00,23.870001586043607
10-13 08:00:00,45.66651867070649
10-13 09:00:00,72.47164664945993
10-13 10:00:00,84.23950782654046
10-13 11:00:00,133.6262929691788
10-13 12:00:00,134.87520093103015
10-13 13:00:00,111.38467397104554
10-13 14:00:00,128.10694447205006
10-13 15:00:00,126.91836959834289
10-13 16:00:00,147.8426630226535
10-13 17:00:00,163.07047366675823
10-13 18:00:00,170.65616454597554
10-13 19:00:00,175.59949299955096
10-13 20:00:00,165.95417773321185
10-13 21:00:00,140.02281085466288
10-13 22:00:00,100.12130094286515
10-13 23:00:00,97.88873764002642
10-14 00:00:00,97.02373360966814
10-14 01:00:00,83.09750166747095
10-14 02:00:00,69.11544248466264
10-14 03:00:00,60.03564964740609
10-14 04:00:00,36.505504113409785
10-14 05:00:00,20.059774633841304
10-14 06:00:00,18.984781989817385
10-14 07:00:00,17.577299542987433
10-14 08:00:00,17.75854775443319
10-14 09:00:00,64.04503119656114
10-14 10:00:00,94.09027191827366
10-14 11:00:00,99.45741164494068
10-14 12:00:00,80.1966348072807
10-14 13:00:00,85.33163606970678
10-14 14:00:00,80.49514276450435
10-14 15:00:00,84.35262014353549
10-14 16:00:00,96.06111835149076
10-14 17:00:00,127.28330247751721
10-14 18:00:00,161.3875087838407
10-14 19:00:00,189.0812225997287
10-14 20:00:00,184.66579087310373
10-14 21:00:00,148.34120529231342
10-14 22:00:00,126.541095374387
10-14 23:00:00,107.00214826297619
10-15 00:00:00,82.1809788258578
10-15 01:00:00,53.91412245067238
10-15 02:00:00,41.718160343812556
10-15 03:00:00,32.69004943449015
10-15 04:00:00,28.34717307689697
10-15 05:00:00,21.40986951739071
10-15 06:00:00,24.223837986474965
10-15 07:00:00,62.40772628329124
10-15 08:00:00,103.29733800362335
10-15 09:00:00,126.98288663516698
10-15 10:00:00,120.47066868462173
10-15 11:00:00,115.36521160564406
10-15 12:00:00,99.2841916195471
10-15 13:00:00,113.80951619870173
10-15 14:00:00,129.02010172916633
10-15 15:00:00,160.03498147459192
10-15 16:00:00,106.52948160248549
10-15 17:00:00,132.00871186617005
10-15 18:00:00,193.02910690378567
10-15 19:00:00,276.0996562687514
10-15 20:00:00,275.2445466768144
10-15 21:00:00,243.00972875935815
10-15 22:00:00,211.22746662736202
10-15 23:00:00,174.5569601309557
10-16 00:00:00,138.33238734765413
10-16 01:00:00,93.59112705767994
10-16 02:00:00,64.56447198580717
10-16 03:00:00,39.93906773245271
10-16 04:00:00,29.451074960524316
10-16 05:00:00,23.40871503629397
10-16 06:00:00,27.248226649832127
10-16 07:00:00,63.33512252186653
10-16 08:00:00,112.18125650364038
10-16 09:00:00,124.03494545995423
10-16 10:00:00,133.7642206198737
10-16 11:00:00,102.31324125117571
10-16 12:00:00,118.05643519622637
10-16 13:00:00,136.87141324015477
10-16 14:00:00,132.0939989113205
10-16 15:00:00,141.2888552819659
10-16 16:00:00,126.24346794211912
10-16 17:00:00,138.05714295978913
10-16 18:00:00,161.97080630638374
10-16 19:00:00,228.08021742885933
10-16 20:00:00,253.9397165729003
10-16 21:00:00,243.2999413959635
10-16 22:00:00,180.58388445018767
10-16 23:00:00,147.92986740029627
10-17 00:00:00,111.28567087445327
10-17 01:00:00,81.0597414253181
10-17 02:00:00,51.4488445346181
10-17 03:00:00,37.22153006115832
10-17 04:00:00,25.67289630517375
10-17 05:00:00,17.75842715954899
10-17 06:00:00,25.59828809916076
10-17 07:00:00,69.01604718771232
10-17 08:00:00,108.67372789956396
10-17 09:00:00,121.32441378423874
10-17 10:00:00,147.97039185894587
10-17 11:00:00,133.83032400373023
10-17 12:00:00,106.10015764131658
10-17 13:00:00,106.9640646519518
10-17 14:00:00,119.30091165697243
10-17 15:00:00,116.86428559724317
10-17 16:00:00,99.83458179417258
10-17 17:00:00,105.00697784013975
10-17 18:00:00,185.89446581132185
10-17 19:00:00,249.29408629342203
10-17 20:00:00,278.29630234236487
10-17 21:00:00,245.14457157860855
10-17 22:00:00,193.76893393386453
10-17 23:00:00,160.19156413585918
10-18 00:00:00,126.28859537525311
10-18 01:00:00,95.36183638764216
10-18 02:00:00,74.22572775873968
10-18 03:00:00,48.99431619953056
10-18 04:00:00,29.416082468170853
10-18 05:00:00,21.724885765093596
10-18 06:00:00,20.89780450431702
10-18 07:00:00,65.0840498673694
10-18 08:00:00,95.1804936852406
10-18 09:00:00,119.65020540878007
10-18 10:00:00,147.47376694450654
10-18 11:00:00,124.93622487686359
10-18 12:00:00,115.41950232954939
10-18 13:00:00,113.41576895436705
10-18 14:00:00,97.29770907844609
10-18 15:00:00,120.19718806222917
10-18 16:00:00,115.63323422468093
10-18 17:00:00,121.77760779149213
10-18 18:00:00,184.87599978776342
10-18 19:00:00,230.83144715270933
10-18 20:00:00,236.2736339176912
10-18 21:00:00,221.25652937509395
10-18 22:00:00,176.43837259578973
10-18 23:00:00,148.88121867170906
10-19 00:00:00,116.04519217366669
10-19 01:00:00,80.7282991499392
10-19 02:00:00,56.51211456973672
10-19 03:00:00,37.77588146344186
10-19 04:00:00,25.377273163465805
10-19 05:00:00,22.145952095772447
10-19 06:00:00,20.266812385426306
10-19 07:00:00,58.15209587926124
10-19 08:00:00,90.19618719862864
10-19 09:00:00,112.49180531545655
10-19 10:00:00,125.46483431682626
10-19 11:00:00,123.74425517318525
10-19 12:00:00,121.46173946322433
10-19 13:00:00,127.82931340139186
10-19 14:00:00,135.1727357072544
10-19 15:00:00,109.61628688786718
10-19 16:00:00,108.01969212882136
10-19 17:00:00,137.38660975486027
10-19 18:00:00,204.85066413021332
10-19 19:00:00,260.77391263437676
10-19 20:00:00,267.80421155438415
10-19 21:00:00,216.30032206376524
10-19 22:00:00,171.78399066324764
10-19 23:00:00,133.83637242670414
10-20 00:00:00,106.31126518891962
10-20 01:00:00,79.27617193070576
10-20 02:00:00,77.05950441699416
10-20 03:00:00,53.90849327785956
10-20 04:00:00,44.1319486145208
10-20 05:00:00,24.56880528050411
10-20 06:00:00,17.85991304044586
10-20 07:00:00,23.870001586043607
10-20 08:00:00,45.66651867070649
10-20 09:00:00,72.47164664945993
10-20 10:00:00,84.23950782654046
10-20 11:00:00,133.6262929691788
10-20 12:00:00,134.87520093103015
10-20 13:00:00,111.38467397104554
10-20 14:00:00,128.10694447205006
10-20 15:00:00,126.91836959834289
10-20 16:00:00,147.8426630226535
10-20 17:00:00,163.07047366675823
10-20 18:00:00,170.65616454597554
10-20 19:00:00,175.59949299955096
10-20 20:00:00,165.95417773321185
10-20 21:00:00,140.02281085466288
10-20 22:00:00,100.12130094286515
10-20 23:00:00,97.88873764002642
10-21 00:00:00,97.02373360966814
10-21 01:00:00,83.09750166747095
10-21 02:00:00,69.11544248466264
10-21 03:00:00,60.03564964740609
10-21 04:00:00,36.505504113409785
10-21 05:00:00,20.059774633841304
10-21 06:00:00,18.984781989817385
10-21 07:00:00,17.577299542987433
10-21 08:00:00,17.75854775443319
10-21 09:00:00,64.04503119656114
10-21 10:00:00,94.09027191827366
10-21 11:00:00,99.45741164494068
10-21 12:00:00,80.1966348072807
10-21 13:00:00,85.33163606970678
10-21 14:00:00,80.49514276450435
10-21 15:00:00,84.35262014353549
10-21 16:00:00,96.06111835149076
10-21 17:00:00,127.28330247751721
10-21 18:00:00,161.3875087838407
10-21 19:00:00,189.0812225997287
10-21 20:00:00,184.66579087310373
10-21 21:00:00,148.34120529231342
10-21 22:00:00,126.541095374387
10-21 23:00:00,107.00214826297619
10-22 00:00:00,82.1809788258578
10-22 01:00:00,53.91412245067238
10-22 02:00:00,41.718160343812556
10-22 03:00:00,32.69004943449015
10-22 04:00:00,28.34717307689697
10-22 05:00:00,21.40986951739071
10-22 06:00:00,24.223837986474965
10-22 07:00:00,62.40772628329124
10-22 08:00:00,103.29733800362335
10-22 09:00:00,126.98288663516698
10-22 10:00:00,120.47066868462173
10-22 11:00:00,115.36521160564406
10-22 12:00:00,99.2841916195471
10-22 13:00:00,113.80951619870173
10-22 14:00:00,129.02010172916633
10-22 15:00:00,160.03498147459192
10-22 16:00:00,106.52948160248549
10-22 17:00:00,132.00871186617005
10-22 18:00:00,193.02910690378567
10-22 19:00:00,276.0996562687514
10-22 20:00:00,275.2445466768144
10-22 21:00:00,243.00972875935815
10-22 22:00:00,211.22746662736202
10-22 23:00:00,174.5569601309557
10-23 00:00:00,138.33238734765413
10-23 01:00:00,93.59112705767994
10-23 02:00:00,64.56447198580717
10-23 03:00:00,39.93906773245271
10-23 04:00:00,29.451074960524316
10-23 05:00:00,23.40871503629397
10-23 06:00:00,27.248226649832127
10-23 07:00:00,63.33512252186653
10-23 08:00:00,112.18125650364038
10-23 09:00:00,124.03494545995423
10-23 10:00:00,133.7642206198737
10-23 11:00:00,102.31324125117571
10-23 12:00:00,118.05643519622637
10-23 13:00:00,136.87141324015477
10-23 14:00:00,132.0939989113205
10-23 15:00:00,141.2888552819659
10-23 16:00:00,126.24346794211912
10-23 17:00:00,138.05714295978913
10-23 18:00:00,161.97080630638374
10-23 19:00:00,228.08021742885933
10-23 20:00:00,253.9397165729003
10-23 21:00:00,243.2999413959635
10-23 22:00:00,180.58388445018767
10-23 23:00:00,147.92986740029627
10-24 00:00:00,111.28567087445327
10-24 01:00:00,81.0597414253181
10-24 02:00:00,51.4488445346181
10-24 03:00:00,37.22153006115832
10-24 04:00:00,25.67289630517375
10-24 05:00:00,17.75842715954899
10-24 06:00:00,25.59828809916076
10-24 07:00:00,69.01604718771232
10-24 08:00:00,108.67372789956396
10-24 09:00:00,121.32441378423874
10-24 10:00:00,147.97039185894587
10-24 11:00:00,133.83032400373023
10-24 12:00:00,106.10015764131658
10-24 13:00:00,106.9640646519518
10-24 14:00:00,119.30091165697243
10-24 15:00:00,116.86428559724317
10-24 16:00:00,99.83458179417258
10-24 17:00:00,105.00697784013975
10-24 18:00:00,185.89446581132185
10-24 19:00:00,249.29408629342203
10-24 20:00:00,278.29630234236487
10-24 21:00:00,245.14457157860855
10-24 22:00:00,193.76893393386453
10-24 23:00:00,160.19156413585918
10-25 00:00:00,126.28859537525311
10-25 01:00:00,95.36183638764216
10-25 02:00:00,74.22572775873968
10-25 03:00:00,48.99431619953056
10-25 04:00:00,29.416082468170853
10-25 05:00:00,21.724885765093596
10-25 06:00:00,20.89780450431702
10-25 07:00:00,65.0840498673694
10-25 08:00:00,95.1804936852406
10-25 09:00:00,119.65020540878007
10-25 10:00:00,147.47376694450654
10-25 11:00:00,124.93622487686359
10-25 12:00:00,115.41950232954939
10-25 13:00:00,113.41576895436705
10-25 14:00:00,97.29770907844609
10-25 15:00:00,120.19718806222917
10-25 16:00:00,115.63323422468093
10-25 17:00:00,121.77760779149213
10-25 18:00:00,184.87599978776342
10-25 19:00:00,230.83144715270933
10-25 20:00:00,236.2736339176912
10-25 21:00:00,221.25652937509395
10-25 22:00:00,176.43837259578973
10-25 23:00:00,148.88121867170906
10-26 00:00:00,116.04519217366669
10-26 01:00:00,80.7282991499392
10-26 02:00:00,56.51211456973672
10-26 03:00:00,37.77588146344186
10-26 04:00:00,25.377273163465805
10-26 05:00:00,22.145952095772447
10-26 06:00:00,20.266812385426306
10-26 07:00:00,58.15209587926124
10-26 08:00:00,90.19618719862864
10-26 09:00:00,112.49180531545655
10-26 10:00:00,125.46483431682626
10-26 11:00:00,123.74425517318525
10-26 12:00:00,121.46173946322433
10-26 13:00:00,127.82931340139186
10-26 14:00:00,135.1727357072544
10-26 15:00:00,109.61628688786718
10-26 16:00:00,108.01969212882136
10-26 17:00:00,137.38660975486027
10-26 18:00:00,204.85066413021332
10-26 19:00:00,260.77391263437676
10-26 20:00:00,267.80421155438415
10-26 21:00:00,216.30032206376524
10-26 22:00:00,171.78399066324764
10-26 23:00:00,133.83637242670414
10-27 00:00:00,106.31126518891962
10-27 01:00:00,79.27617193070576
10-27 02:00:00,77.05950441699416
10-27 03:00:00,53.90849327785956
10-27 04:00:00,44.1319486145208
10-27 05:00:00,24.56880528050411
10-27 06:00:00,17.85991304044586
10-27 07:00:00,23.870001586043607
10-27 08:00:00,45.66651867070649
10-27 09:00:00,72.47164664945993
10-27 10:00:00,84.23950782654046
10-27 11:00:00,133.6262929691788
10-27 12:00:00,134.87520093103015
10-27 13:00:00,111.38467397104554
10-27 14:00:00,128.10694447205006
10-27 15:00:00,126.91836959834289
10-27 16:00:00,147.8426630226535
10-27 17:00:00,163.07047366675823
10-27 18:00:00,170.65616454597554
10-27 19:00:00,175.59949299955096
10-27 20:00:00,165.95417773321185
10-27 21:00:00,140.02281085466288
10-27 22:00:00,100.12130094286515
10-27 23:00:00,97.88873764002642
10-28 00:00:00,97.02373360966814
10-28 01:00:00,83.09750166747095
10-28 02:00:00,69.11544248466264
10-28 03:00:00,60.03564964740609
10-28 04:00:00,36.505504113409785
10-28 05:00:00,20.059774633841304
10-28 06:00:00,18.984781989817385
10-28 07:00:00,17.577299542987433
10-28 08:00:00,17.75854775443319
10-28 09:00:00,64.04503119656114
10-28 10:00:00,94.09027191827366
10-28 11:00:00,99.45741164494068
10-28 12:00:00,80.1966348072807
10-28 13:00:00,85.33163606970678
10-28 14:00:00,80.49514276450435
10-28 15:00:00,84.35262014353549
10-28 16:00:00,96.06111835149076
10-28 17:00:00,127.28330247751721
10-28 18:00:00,161.3875087838407
10-28 19:00:00,189.0812225997287
10-28 20:00:00,184.66579087310373
10-28 21:00:00,148.34120529231342
10-28 22:00:00,126.541095374387
10-28 23:00:00,107.00214826297619
10-29 00:00:00,82.1809788258578
10-29 01:00:00,53.91412245067238
10-29 02:00:00,41.718160343812556
10-29 03:00:00,32.69004943449015
10-29 04:00:00,28.3548525075325
10-29 05:00:00,17.658820503420095
10-29 06:00:00,23.927834367011236
10-29 07:00:00,77.94914386301915
10-29 08:00:00,131.22927156518773
10-29 09:00:00,134.90036852245154
10-29 10:00:00,134.42053867203538
10-29 11:00:00,125.65358931529724
10-29 12:00:00,104.82996723665559
10-29 13:00:00,107.39741522266276
10-29 14:00:00,140.99010802672314
10-29 15:00:00,138.1391659387364
10-29 16:00:00,122.9562543087677
10-29 17:00:00,128.2847005022167
10-29 18:00:00,180.86426682591562
10-29 19:00:00,266.08543992507896
10-29 20:00:00,281.5989735744943
10-29 21:00:00,265.8208371917735
10-29 22:00:00,212.6448511023386
10-29 23:00:00,178.95264335231838
10-30 00:00:00,143.8022048266559
10-30 01:00:00,93.147590804096
10-30 02:00:00,63.737419609745814
10-30 03:00:00,40.481074625680584
10-30 04:00:00,28.775950583278707
10-30 05:00:00,18.84620922639372
10-30 06:00:00,23.367205514912015
10-30 07:00:00,59.4615656521766
10-30 08:00:00,106.8281086236031
10-30 09:00:00,115.07343936788736
10-30 10:00:00,145.56832489877888
10-30 11:00:00,114.16341447871223
10-30 12:00:00,131.49999463352768
10-30 13:00:00,136.26731279398678
10-30 14:00:00,153.59453457192768
10-30 15:00:00,122.28122450204324
10-30 16:00:00,124.26193227652415
10-30 17:00:00,136.09576135570063
10-30 18:00:00,207.57250795562737
10-30 19:00:00,281.5758641799994
10-30 20:00:00,289.6128237380369
10-30 21:00:00,273.6772564992759
10-30 22:00:00,219.04659597029374
10-30 23:00:00,180.43329047114932
10-31 00:00:00,133.54505829946805
10-31 01:00:00,90.29246060044356
10-31 02:00:00,67.54624649560579
10-31 03:00:00,43.32293560613386
10-31 04:00:00,37.817754019273
10-31 05:00:00,34.03406106528952
10-31 06:00:00,32.74593664020291
10-31 07:00:00,70.90220280405573
10-31 08:00:00,121.66834660280496
10-31 09:00:00,146.19705731514583
10-31 10:00:00,144.79973422290388
10-31 11:00:00,116.17420914203902
10-31 12:00:00,111.00328331912783
10-31 13:00:00,122.07155096152111
10-31 14:00:00,135.7788585519699
10-31 15:00:00,134.2139366680434
10-31 16:00:00,133.69353214516372
10-31 17:00:00,136.92393266569937
10-31 18:00:00,198.83840026100088
10-31 19:00:00,263.60349765193246
10-31 20:00:00,270.3829074132113
10-31 21:00:00,247.98736901853587
10-31 22:00:00,219.98290697861208
10-31 23:00:00,178.0684566292691
11-01 00:00:00,134.26657119212453
11-01 01:00:00,94.32815973261553
11-01 02:00:00,68.226394875572
11-01 03:00:00,37.451674650808
11-01 04:00:00,25.23057986186826
11-01 05:00:00,19.590005176149557
11-01 06:00:00,21.08768063239657
11-01 07:00:00,55.8987404295252
11-01 08:00:00,107.9219479188348
11-01 09:00:00,124.72022669219469
11-01 10:00:00,122.70511026635381
11-01 11:00:00,113.4500487337083
11-01 12:00:00,136.1801531338102
11-01 13:00:00,131.04596993164515
11-01 14:00:00,132.46074694001243
11-01 15:00:00,112.70883021834356
11-01 16:00:00,124.86521274795362
11-01 17:00:00,122.32068823651021
11-01 18:00:00,191.8492745169702
11-01 19:00:00,274.41313666029464
11-01 20:00:00,286.0019734959653
11-01 21:00:00,270.63503124636645
11-01 22:00:00,220.80724651808708
11-01 23:00:00,187.23821586912874
11-02 00:00:00,151.25917636733777
11-02 01:00:00,103.85415091794988
11-02 02:00:00,75.07319635441564
11-02 03:00:00,51.80219063913713
11-02 04:00:00,34.52088965959007
11-02 05:00:00,24.29272692006173
11-02 06:00:00,24.615354052242072
11-02 07:00:00,57.09746579557023
11-02 08:00:00,94.3534806098631
11-02 09:00:00,106.72479109575661
11-02 10:00:00,110.89532037456729
11-02 11:00:00,110.82054208137419
11-02 12:00:00,111.16561919355988
11-02 13:00:00,121.15843183485748
11-02 14:00:00,118.42760719313542
11-02 15:00:00,142.6141621059751
11-02 16:00:00,143.06516137499267
11-02 17:00:00,156.30715425243122
11-02 18:00:00,212.46846327138394
11-02 19:00:00,271.62637056846245
11-02 20:00:00,296.3490500081528
11-02 21:00:00,253.81885752890824
11-02 22:00:00,207.73774228265492
11-02 23:00:00,166.3502337888789
11-03 00:00:00,133.37044740801304
11-03 01:00:00,100.51588208021185
11-03 02:00:00,78.60365598867233
11-03 03:00:00,61.76980299807137
11-03 04:00:00,37.21044596969859
11-03 05:00:00,24.1582261483273
11-03 06:00:00,18.27309430201492
11-03 07:00:00,19.763024641820472
11-03 08:00:00,43.612075659551884
11-03 09:00:00,70.56889330770483
11-03 10:00:00,99.41014474340811
11-03 11:00:00,162.7968741821001
11-03 12:00:00,191.8588939469476
11-03 13:00:00,148.9045682305324
11-03 14:00:00,141.15936421119133
11-03 15:00:00,149.29620078103497
11-03 16:00:00,169.15176889909063
11-03 17:00:00,169.85835203421846
11-03 18:00:00,210.27906946186934
11-03 19:00:00,188.89356345074953
11-03 20:00:00,189.0794132504807
11-03 21:00:00,137.27643343579774
11-03 22:00:00,107.73384280792226
11-03 23:00:00,100.17062918287
11-04 00:00:00,94.24049744608047
11-04 01:00:00,77.80060497347024
11-04 02:00:00,61.58563441981573
11-04 03:00:00,50.300630417765646
11-04 04:00:00,29.606377485652487
11-04 05:00:00,24.07548282118598
11-04 06:00:00,21.031703912186018
11-04 07:00:00,20.61996523875432
11-04 08:00:00,22.319476744232063
11-04 09:00:00,43.445946730164366
11-04 10:00:00,51.079184416250804
11-04 11:00:00,102.11807140665094
11-04 12:00:00,84.74972191444574
11-04 13:00:00,108.36277381269727
11-04 14:00:00,93.29118059973939
11-04 15:00:00,102.09701740556746
11-04 16:00:00,116.05271581888289
11-04 17:00:00,136.3692270912168
11-04 18:00:00,190.49196278421365
11-04 19:00:00,205.5841648032962
11-04 20:00:00,185.4401439851527
11-04 21:00:00,161.23093756398208
11-04 22:00:00,147.04631245681793
11-04 23:00:00,134.09636549621808
11-05 00:00:00,101.97625798811987
11-05 01:00:00,63.149908611854976
11-05 02:00:00,50.13652924687089
11-05 03:00:00,39.06124730903594
11-05 04:00:00,29.660996942509406
11-05 05:00:00,22.846506503741217
11-05 06:00:00,27.626998674925606
11-05 07:00:00,76.63212383540893
11-05 08:00:00,131.02245975573572
11-05 09:00:00,134.698443623404
11-05 10:00:00,136.0236628473929
11-05 11:00:00,124.8843430311595
11-05 12:00:00,104.82996723665559
11-05 13:00:00,107.39741522266276
11-05 14:00:00,140.99010802672314
11-05 15:00:00,138.1391659387364
11-05 16:00:00,122.9562543087677
11-05 17:00:00,128.2847005022167
11-05 18:00:00,180.86426682591562
11-05 19:00:00,266.08543992507896
11-05 20:00:00,281.5989735744943
11-05 21:00:00,265.8208371917735
11-05 22:00:00,212.6448511023386
11-05 23:00:00,178.95264335231838
11-06 00:00:00,143.8022048266559
11-06 01:00:00,93.147590804096
11-06 02:00:00,63.737419609745814
11-06 03:00:00,40.481074625680584
11-06 04:00:00,28.775950583278707
11-06 05:00:00,18.84620922639372
11-06 06:00:00,23.367205514912015
11-06 07:00:00,59.4615656521766
11-06 08:00:00,106.8281086236031
11-06 09:00:00,115.07343936788736
11-06 10:00:00,145.56832489877888
11-06 11:00:00,114.16341447871223
11-06 12:00:00,131.49999463352768
11-06 13:00:00,136.26731279398678
11-06 14:00:00,153.59453457192768
11-06 15:00:00,122.28122450204324
11-06 16:00:00,124.26193227652415
11-06 17:00:00,136.09576135570063
11-06 18:00:00,207.57250795562737
11-06 19:00:00,281.5758641799994
11-06 20:00:00,289.6128237380369
11-06 21:00:00,273.6772564992759
11-06 22:00:00,219.04659597029374
11-06 23:00:00,180.43329047114932
11-07 00:00:00,133.54505829946805
11-07 01:00:00,90.29246060044356
11-07 02:00:00,67.54624649560579
11-07 03:00:00,43.32293560613386
11-07 04:00:00,37.817754019273
11-07 05:00:00,34.03406106528952
11-07 06:00:00,32.74593664020291
11-07 07:00:00,70.90220280405573
11-07 08:00:00,121.66834660280496
11-07 09:00:00,146.19705731514583
11-07 10:00:00,144.79973422290388
11-07 11:00:00,116.17420914203902
11-07 12:00:00,111.00328331912783
11-07 13:00:00,122.07155096152111
11-07 14:00:00,135.7788585519699
11-07 15:00:00,134.2139366680434
11-07 16:00:00,133.69353214516372
11-07 17:00:00,136.92393266569937
11-07 18:00:00,198.83840026100088
11-07 19:00:00,263.60349765193246
11-07 20:00:00,270.3829074132113
11-07 21:00:00,247.98736901853587
11-07 22:00:00,219.98290697861208
11-07 23:00:00,178.0684566292691
11-08 00:00:00,134.26657119212453
11-08 01:00:00,94.32815973261553
11-08 02:00:00,68.226394875572
11-08 03:00:00,37.451674650808
11-08 04:00:00,25.23057986186826
11-08 05:00:00,19.590005176149557
11-08 06:00:00,21.08768063239657
11-08 07:00:00,55.8987404295252
11-08 08:00:00,107.9219479188348
11-08 09:00:00,124.72022669219469
11-08 10:00:00,122.70511026635381
11-08 11:00:00,113.4500487337083
11-08 12:00:00,136.1801531338102
11-08 13:00:00,131.04596993164515
11-08 14:00:00,132.46074694001243
11-08 15:00:00,112.70883021834356
11-08 16:00:00,124.86521274795362
11-08 17:00:00,122.32068823651021
11-08 18:00:00,191.8492745169702
11-08 19:00:00,274.41313666029464
11-08 20:00:00,286.0019734959653
11-08 21:00:00,270.63503124636645
11-08 22:00:00,220.80724651808708
11-08 23:00:00,187.23821586912874
11-09 00:00:00,151.25917636733777
11-09 01:00:00,103.85415091794988
11-09 02:00:00,75.07319635441564
11-09 03:00:00,51.80219063913713
11-09 04:00:00,34.52088965959007
11-09 05:00:00,24.29272692006173
11-09 06:00:00,24.615354052242072
11-09 07:00:00,57.09746579557023
11-09 08:00:00,94.3534806098631
11-09 09:00:00,106.72479109575661
11-09 10:00:00,110.89532037456729
11-09 11:00:00,110.82054208137419
11-09 12:00:00,111.16561919355988
11-09 13:00:00,121.15843183485748
11-09 14:00:00,118.42760719313542
11-09 15:00:00,142.6141621059751
11-09 16:00:00,143.06516137499267
11-09 17:00:00,156.30715425243122
11-09 18:00:00,212.46846327138394
11-09 19:00:00,271.62637056846245
11-09 20:00:00,296.3490500081528
11-09 21:00:00,253.81885752890824
11-09 22:00:00,207.73774228265492
11-09 23:00:00,166.3502337888789
11-10 00:00:00,133.37044740801304
11-10 01:00:00,100.51588208021185
11-10 02:00:00,78.60365598867233
11-10 03:00:00,61.76980299807137
11-10 04:00:00,37.21044596969859
11-10 05:00:00,24.1582261483273
11-10 06:00:00,18.27309430201492
11-10 07:00:00,19.763024641820472
11-10 08:00:00,43.612075659551884
11-10 09:00:00,70.56889330770483
11-10 10:00:00,99.41014474340811
11-10 11:00:00,162.7968741821001
11-10 12:00:00,191.8588939469476
11-10 13:00:00,148.9045682305324
11-10 14:00:00,141.15936421119133
11-10 15:00:00,149.29620078103497
11-10 16:00:00,169.15176889909063
11-10 17:00:00,169.85835203421846
11-10 18:00:00,210.27906946186934
11-10 19:00:00,188.89356345074953
11-10 20:00:00,189.0794132504807
11-10 21:00:00,137.27643343579774
11-10 22:00:00,107.73384280792226
11-10 23:00:00,100.17062918287
11-11 00:00:00,94.24049744608047
11-11 01:00:00,77.80060497347024
11-11 02:00:00,61.58563441981573
11-11 03:00:00,50.300630417765646
11-11 04:00:00,29.606377485652487
11-11 05:00:00,24.07548282118598
11-11 06:00:00,21.031703912186018
11-11 07:00:00,20.61996523875432
11-11 08:00:00,22.319476744232063
11-11 09:00:00,43.445946730164366
11-11 10:00:00,51.079184416250804
11-11 11:00:00,102.11807140665094
11-11 12:00:00,84.74972191444574
11-11 13:00:00,108.36277381269727
11-11 14:00:00,93.29118059973939
11-11 15:00:00,102.09701740556746
11-11 16:00:00,116.05271581888289
11-11 17:00:00,136.3692270912168
11-11 18:00:00,190.49196278421365
11-11 19:00:00,205.5841648032962
11-11 20:00:00,185.4401439851527
11-11 21:00:00,161.23093756398208
11-11 22:00:00,147.04631245681793
11-11 23:00:00,134.09636549621808
11-12 00:00:00,101.97625798811987
11-12 01:00:00,63.149908611854976
11-12 02:00:00,50.13652924687089
11-12 03:00:00,39.06124730903594
11-12 04:00:00,29.660996942509406
11-12 05:00:00,22.846506503741217
11-12 06:00:00,27.626998674925606
11-12 07:00:00,76.63212383540893
11-12 08:00:00,131.02245975573572
11-12 09:00:00,134.698443623404
11-12 10:00:00,136.0236628473929
11-12 11:00:00,124.8843430311595
11-12 12:00:00,104.82996723665559
11-12 13:00:00,107.39741522266276
11-12 14:00:00,140.99010802672314
11-12 15:00:00,138.1391659387364
11-12 16:00:00,122.9562543087677
11-12 17:00:00,128.2847005022167
11-12 18:00:00,180.86426682591562
11-12 19:00:00,266.08543992507896
11-12 20:00:00,281.5989735744943
11-12 21:00:00,265.8208371917735
11-12 22:00:00,212.6448511023386
11-12 23:00:00,178.95264335231838
11-13 00:00:00,143.8022048266559
11-13 01:00:00,93.147590804096
11-13 02:00:00,63.737419609745814
11-13 03:00:00,40.481074625680584
11-13 04:00:00,28.775950583278707
11-13 05:00:00,18.84620922639372
11-13 06:00:00,23.367205514912015
11-13 07:00:00,59.4615656521766
11-13 08:00:00,106.8281086236031
11-13 09:00:00,115.07343936788736
11-13 10:00:00,145.56832489877888
11-13 11:00:00,114.16341447871223
11-13 12:00:00,131.49999463352768
11-13 13:00:00,136.26731279398678
11-13 14:00:00,153.59453457192768
11-13 15:00:00,122.28122450204324
11-13 16:00:00,124.26193227652415
11-13 17:00:00,136.09576135570063
11-13 18:00:00,207.57250795562737
11-13 19:00:00,281.5758641799994
11-13 20:00:00,289.6128237380369
11-13 21:00:00,273.6772564992759
11-13 22:00:00,219.04659597029374
11-13 23:00:00,180.43329047114932
11-14 00:00:00,133.54505829946805
11-14 01:00:00,90.29246060044356
11-14 02:00:00,67.54624649560579
11-14 03:00:00,43.32293560613386
11-14 04:00:00,37.817754019273
11-14 05:00:00,34.03406106528952
11-14 06:00:00,32.74593664020291
11-14 07:00:00,70.90220280405573
11-14 08:00:00,121.66834660280496
11-14 09:00:00,146.19705731514583
11-14 10:00:00,144.79973422290388
11-14 11:00:00,116.17420914203902
11-14 12:00:00,111.00328331912783
11-14 13:00:00,122.07155096152111
11-14 14:00:00,135.7788585519699
11-14 15:00:00,134.2139366680434
11-14 16:00:00,133.69353214516372
11-14 17:00:00,136.92393266569937
11-14 18:00:00,198.83840026100088
11-14 19:00:00,263.60349765193246
11-14 20:00:00,270.3829074132113
11-14 21:00:00,247.98736901853587
11-14 22:00:00,219.98290697861208
11-14 23:00:00,178.0684566292691
11-15 00:00:00,134.26657119212453
11-15 01:00:00,94.32815973261553
11-15 02:00:00,68.226394875572
11-15 03:00:00,37.451674650808
11-15 04:00:00,25.23057986186826
11-15 05:00:00,19.590005176149557
11-15 06:00:00,21.08768063239657
11-15 07:00:00,55.8987404295252
11-15 08:00:00,107.9219479188348
11-15 09:00:00,124.72022669219469
11-15 10:00:00,122.70511026635381
11-15 11:00:00,113.4500487337083
11-15 12:00:00,136.1801531338102
11-15 13:00:00,131.04596993164515
11-15 14:00:00,132.46074694001243
11-15 15:00:00,112.70883021834356
11-15 16:00:00,124.86521274795362
11-15 17:00:00,122.32068823651021
11-15 18:00:00,191.8492745169702
11-15 19:00:00,274.41313666029464
11-15 20:00:00,286.0019734959653
11-15 21:00:00,270.63503124636645
11-15 22:00:00,220.80724651808708
11-15 23:00:00,187.23821586912874
11-16 00:00:00,151.25917636733777
11-16 01:00:00,103.85415091794988
11-16 02:00:00,75.07319635441564
11-16 03:00:00,51.80219063913713
11-16 04:00:00,34.52088965959007
11-16 05:00:00,24.29272692006173
11-16 06:00:00,24.615354052242072
11-16 07:00:00,57.09746579557023
11-16 08:00:00,94.3534806098631
11-16 09:00:00,106.72479109575661
11-16 10:00:00,110.89532037456729
11-16 11:00:00,110.82054208137419
11-16 12:00:00,111.16561919355988
11-16 13:00:00,121.15843183485748
11-16 14:00:00,118.42760719313542
11-16 15:00:00,142.6141621059751
11-16 16:00:00,143.06516137499267
11-16 17:00:00,156.30715425243122
11-16 18:00:00,212.46846327138394
11-16 19:00:00,271.62637056846245
11-16 20:00:00,296.3490500081528
11-16 21:00:00,253.81885752890824
11-16 22:00:00,207.73774228265492
11-16 23:00:00,166.3502337888789
11-17 00:00:00,133.37044740801304
11-17 01:00:00,100.51588208021185
11-17 02:00:00,78.60365598867233
11-17 03:00:00,61.76980299807137
11-17 04:00:00,37.21044596969859
11-17 05:00:00,24.1582261483273
11-17 06:00:00,18.27309430201492
11-17 07:00:00,19.763024641820472
11-17 08:00:00,43.612075659551884
11-17 09:00:00,70.56889330770483
11-17 10:00:00,99.41014474340811
11-17 11:00:00,162.7968741821001
11-17 12:00:00,191.8588939469476
11-17 13:00:00,148.9045682305324
11-17 14:00:00,141.15936421119133
11-17 15:00:00,149.29620078103497
11-17 16:00:00,169.15176889909063
11-17 17:00:00,169.85835203421846
11-17 18:00:00,210.27906946186934
11-17 19:00:00,188.89356345074953
11-17 20:00:00,189.0794132504807
11-17 21:00:00,137.27643343579774
11-17 22:00:00,107.73384280792226
11-17 23:00:00,100.17062918287
11-18 00:00:00,94.24049744608047
11-18 01:00:00,77.80060497347024
11-18 02:00:00,61.58563441981573
11-18 03:00:00,50.300630417765646
11-18 04:00:00,29.606377485652487
11-18 05:00:00,24.07548282118598
11-18 06:00:00,21.031703912186018
11-18 07:00:00,20.61996523875432
11-18 08:00:00,22.319476744232063
11-18 09:00:00,43.445946730164366
11-18 10:00:00,51.079184416250804
11-18 11:00:00,102.11807140665094
11-18 12:00:00,84.74972191444574
11-18 13:00:00,108.36277381269727
11-18 14:00:00,93.29118059973939
11-18 15:00:00,102.09701740556746
11-18 16:00:00,116.05271581888289
11-18 17:00:00,136.3692270912168
11-18 18:00:00,190.49196278421365
11-18 19:00:00,205.5841648032962
11-18 20:00:00,185.4401439851527
11-18 21:00:00,161.23093756398208
11-18 22:00:00,147.04631245681793
11-18 23:00:00,134.09636549621808
11-19 00:00:00,101.97625798811987
11-19 01:00:00,63.149908611854976
11-19 02:00:00,50.13652924687089
11-19 03:00:00,39.06124730903594
11-19 04:00:00,29.660996942509406
11-19 05:00:00,22.846506503741217
11-19 06:00:00,27.626998674925606
11-19 07:00:00,76.63212383540893
11-19 08:00:00,131.02245975573572
11-19 09:00:00,134.698443623404
11-19 10:00:00,136.0236628473929
11-19 11:00:00,124.8843430311595
11-19 12:00:00,104.82996723665559
11-19 13:00:00,107.39741522266276
11-19 14:00:00,140.99010802672314
11-19 15:00:00,138.1391659387364
11-19 16:00:00,122.9562543087677
11-19 17:00:00,128.2847005022167
11-19 18:00:00,180.86426682591562
11-19 19:00:00,266.08543992507896
11-19 20:00:00,281.5989735744943
11-19 21:00:00,265.8208371917735
11-19 22:00:00,212.6448511023386
11-19 23:00:00,178.95264335231838
11-20 00:00:00,143.8022048266559
11-20 01:00:00,93.147590804096
11-20 02:00:00,63.737419609745814
11-20 03:00:00,40.481074625680584
11-20 04:00:00,28.775950583278707
11-20 05:00:00,18.84620922639372
11-20 06:00:00,23.367205514912015
11-20 07:00:00,59.4615656521766
11-20 08:00:00,106.8281086236031
11-20 09:00:00,115.07343936788736
11-20 10:00:00,145.56832489877888
11-20 11:00:00,114.16341447871223
11-20 12:00:00,131.49999463352768
11-20 13:00:00,136.26731279398678
11-20 14:00:00,153.59453457192768
11-20 15:00:00,122.28122450204324
11-20 16:00:00,124.26193227652415
11-20 17:00:00,136.09576135570063
11-20 18:00:00,207.57250795562737
11-20 19:00:00,281.5758641799994
11-20 20:00:00,289.6128237380369
11-20 21:00:00,273.6772564992759
11-20 22:00:00,219.04659597029374
11-20 23:00:00,180.43329047114932
11-21 00:00:00,133.54505829946805
11-21 01:00:00,90.29246060044356
11-21 02:00:00,67.54624649560579
11-21 03:00:00,43.32293560613386
11-21 04:00:00,37.817754019273
11-21 05:00:00,34.03406106528952
11-21 06:00:00,32.74593664020291
11-21 07:00:00,70.90220280405573
11-21 08:00:00,121.66834660280496
11-21 09:00:00,146.19705731514583
11-21 10:00:00,144.79973422290388
11-21 11:00:00,116.17420914203902
11-21 12:00:00,111.00328331912783
11-21 13:00:00,122.07155096152111
11-21 14:00:00,135.7788585519699
11-21 15:00:00,134.2139366680434
11-21 16:00:00,133.69353214516372
11-21 17:00:00,136.92393266569937
11-21 18:00:00,198.83840026100088
11-21 19:00:00,263.60349765193246
11-21 20:00:00,270.3829074132113
11-21 21:00:00,247.98736901853587
11-21 22:00:00,219.98290697861208
11-21 23:00:00,178.0684566292691
11-22 00:00:00,134.26657119212453
11-22 01:00:00,94.32815973261553
11-22 02:00:00,68.226394875572
11-22 03:00:00,37.451674650808
11-22 04:00:00,25.23057986186826
11-22 05:00:00,19.590005176149557
11-22 06:00:00,21.08768063239657
11-22 07:00:00,55.8987404295252
11-22 08:00:00,107.9219479188348
11-22 09:00:00,124.72022669219469
11-22 10:00:00,122.70511026635381
11-22 11:00:00,113.4500487337083
11-22 12:00:00,136.1801531338102
11-22 13:00:00,131.04596993164515
11-22 14:00:00,132.46074694001243
11-22 15:00:00,112.70883021834356
11-22 16:00:00,124.86521274795362
11-22 17:00:00,122.32068823651021
11-22 18:00:00,191.8492745169702
11-22 19:00:00,274.41313666029464
11-22 20:00:00,286.0019734959653
11-22 21:00:00,270.63503124636645
11-22 22:00:00,220.80724651808708
11-22 23:00:00,187.23821586912874
11-23 00:00:00,151.25917636733777
11-23 01:00:00,103.85415091794988
11-23 02:00:00,75.07319635441564
11-23 03:00:00,51.80219063913713
11-23 04:00:00,34.52088965959007
11-23 05:00:00,24.29272692006173
11-23 06:00:00,24.615354052242072
11-23 07:00:00,57.09746579557023
11-23 08:00:00,94.3534806098631
11-23 09:00:00,106.72479109575661
11-23 10:00:00,110.89532037456729
11-23 11:00:00,110.82054208137419
11-23 12:00:00,111.16561919355988
11-23 13:00:00,121.15843183485748
11-23 14:00:00,118.42760719313542
11-23 15:00:00,142.6141621059751
11-23 16:00:00,143.06516137499267
11-23 17:00:00,156.30715425243122
11-23 18:00:00,212.46846327138394
11-23 19:00:00,271.62637056846245
11-23 20:00:00,296.3490500081528
11-23 21:00:00,253.81885752890824
11-23 22:00:00,207.73774228265492
11-23 23:00:00,166.3502337888789
11-24 00:00:00,133.37044740801304
11-24 01:00:00,100.51588208021185
11-24 02:00:00,78.60365598867233
11-24 03:00:00,61.76980299807137
11-24 04:00:00,37.21044596969859
11-24 05:00:00,24.1582261483273
11-24 06:00:00,18.27309430201492
11-24 07:00:00,19.763024641820472
11-24 08:00:00,43.612075659551884
11-24 09:00:00,70.56889330770483
11-24 10:00:00,99.41014474340811
11-24 11:00:00,162.7968741821001
11-24 12:00:00,191.8588939469476
11-24 13:00:00,148.9045682305324
11-24 14:00:00,141.15936421119133
11-24 15:00:00,149.29620078103497
11-24 16:00:00,169.15176889909063
11-24 17:00:00,169.85835203421846
11-24 18:00:00,210.27906946186934
11-24 19:00:00,188.89356345074953
11-24 20:00:00,189.0794132504807
11-24 21:00:00,137.27643343579774
11-24 22:00:00,107.73384280792226
11-24 23:00:00,100.17062918287
11-25 00:00:00,94.24049744608047
11-25 01:00:00,77.80060497347024
11-25 02:00:00,61.58563441981573
11-25 03:00:00,50.300630417765646
11-25 04:00:00,29.606377485652487
11-25 05:00:00,24.07548282118598
11-25 06:00:00,21.031703912186018
11-25 07:00:00,20.61996523875432
11-25 08:00:00,22.319476744232063
11-25 09:00:00,43.445946730164366
11-25 10:00:00,51.079184416250804
11-25 11:00:00,102.11807140665094
11-25 12:00:00,84.74972191444574
11-25 13:00:00,108.36277381269727
11-25 14:00:00,93.29118059973939
11-25 15:00:00,102.09701740556746
11-25 16:00:00,116.05271581888289
11-25 17:00:00,136.3692270912168
11-25 18:00:00,190.49196278421365
11-25 19:00:00,205.5841648032962
11-25 20:00:00,185.4401439851527
11-25 21:00:00,161.23093756398208
11-25 22:00:00,147.04631245681793
11-25 23:00:00,134.09636549621808
11-26 00:00:00,101.97625798811987
11-26 01:00:00,63.149908611854976
11-26 02:00:00,50.13652924687089
11-26 03:00:00,39.06124730903594
11-26 04:00:00,29.660996942509406
11-26 05:00:00,22.846506503741217
11-26 06:00:00,27.626998674925606
11-26 07:00:00,76.63212383540893
11-26 08:00:00,131.02245975573572
11-26 09:00:00,134.698443623404
11-26 10:00:00,136.0236628473929
11-26 11:00:00,124.8843430311595
11-26 12:00:00,104.82996723665559
11-26 13:00:00,107.39741522266276
11-26 14:00:00,140.99010802672314
11-26 15:00:00,138.1391659387364
11-26 16:00:00,122.9562543087677
11-26 17:00:00,128.2847005022167
11-26 18:00:00,180.86426682591562
11-26 19:00:00,266.08543992507896
11-26 20:00:00,281.5989735744943
11-26 21:00:00,265.8208371917735
11-26 22:00:00,212.6448511023386
11-26 23:00:00,178.95264335231838
11-27 00:00:00,143.8022048266559
11-27 01:00:00,93.147590804096
11-27 02:00:00,63.737419609745814
11-27 03:00:00,40.481074625680584
11-27 04:00:00,28.775950583278707
11-27 05:00:00,18.84620922639372
11-27 06:00:00,23.367205514912015
11-27 07:00:00,59.4615656521766
11-27 08:00:00,106.8281086236031
11-27 09:00:00,115.07343936788736
11-27 10:00:00,145.56832489877888
11-27 11:00:00,114.16341447871223
11-27 12:00:00,131.49999463352768
11-27 13:00:00,136.26731279398678
11-27 14:00:00,153.59453457192768
11-27 15:00:00,122.28122450204324
11-27 16:00:00,124.26193227652415
11-27 17:00:00,136.09576135570063
11-27 18:00:00,207.57250795562737
11-27 19:00:00,281.5758641799994
11-27 20:00:00,289.6128237380369
11-27 21:00:00,273.6772564992759
11-27 22:00:00,219.04659597029374
11-27 23:00:00,180.43329047114932
11-28 00:00:00,133.54505829946805
11-28 01:00:00,90.29246060044356
11-28 02:00:00,67.54624649560579
11-28 03:00:00,43.32293560613386
11-28 04:00:00,37.817754019273
11-28 05:00:00,34.03406106528952
11-28 06:00:00,32.74593664020291
11-28 07:00:00,70.90220280405573
11-28 08:00:00,121.66834660280496
11-28 09:00:00,146.19705731514583
11-28 10:00:00,144.79973422290388
11-28 11:00:00,116.17420914203902
11-28 12:00:00,111.00328331912783
11-28 13:00:00,122.07155096152111
11-28 14:00:00,135.7788585519699
11-28 15:00:00,134.2139366680434
11-28 16:00:00,133.69353214516372
11-28 17:00:00,136.92393266569937
11-28 18:00:00,198.83840026100088
11-28 19:00:00,263.60349765193246
11-28 20:00:00,270.3829074132113
11-28 21:00:00,247.98736901853587
11-28 22:00:00,219.98290697861208
11-28 23:00:00,178.0684566292691
11-29 00:00:00,134.26657119212453
11-29 01:00:00,94.32815973261553
11-29 02:00:00,68.226394875572
11-29 03:00:00,37.451674650808
11-29 04:00:00,25.23057986186826
11-29 05:00:00,19.590005176149557
11-29 06:00:00,21.08768063239657
11-29 07:00:00,55.8987404295252
11-29 08:00:00,107.9219479188348
11-29 09:00:00,124.72022669219469
11-29 10:00:00,122.70511026635381
11-29 11:00:00,113.4500487337083
11-29 12:00:00,136.1801531338102
11-29 13:00:00,131.04596993164515
11-29 14:00:00,132.46074694001243
11-29 15:00:00,112.70883021834356
11-29 16:00:00,124.86521274795362
11-29 17:00:00,122.32068823651021
11-29 18:00:00,191.8492745169702
11-29 19:00:00,274.41313666029464
11-29 20:00:00,286.0019734959653
11-29 21:00:00,270.63503124636645
11-29 22:00:00,220.80724651808708
11-29 23:00:00,187.23821586912874
11-30 00:00:00,151.25917636733777
11-30 01:00:00,103.85415091794988
11-30 02:00:00,75.07319635441564
11-30 03:00:00,51.80219063913713
11-30 04:00:00,34.52088965959007
11-30 05:00:00,24.29272692006173
11-30 06:00:00,24.615354052242072
11-30 07:00:00,57.09746579557023
11-30 08:00:00,94.3534806098631
11-30 09:00:00,106.72479109575661
11-30 10:00:00,110.89532037456729
11-30 11:00:00,110.82054208137419
11-30 12:00:00,111.16561919355988
11-30 13:00:00,121.15843183485748
11-30 14:00:00,118.42760719313542
11-30 15:00:00,142.6141621059751
11-30 16:00:00,143.06516137499267
11-30 17:00:00,156.30715425243122
11-30 18:00:00,212.46846327138394
11-30 19:00:00,271.62637056846245
11-30 20:00:00,296.3490500081528
11-30 21:00:00,253.81885752890824
11-30 22:00:00,207.73774228265492
11-30 23:00:00,166.3502337888789
12-01 00:00:00,133.37044740801304
12-01 01:00:00,100.51588208021185
12-01 02:00:00,78.60365598867233
12-01 03:00:00,61.76980299807137
12-01 04:00:00,37.21044596969859
12-01 05:00:00,24.1582261483273
12-01 06:00:00,18.27309430201492
12-01 07:00:00,19.763024641820472
12-01 08:00:00,43.612075659551884
12-01 09:00:00,70.56889330770483
12-01 10:00:00,99.41014474340811
12-01 11:00:00,162.7968741821001
12-01 12:00:00,191.8588939469476
12-01 13:00:00,148.9045682305324
12-01 14:00:00,141.15936421119133
12-01 15:00:00,149.29620078103497
12-01 16:00:00,169.15176889909063
12-01 17:00:00,169.85835203421846
12-01 18:00:00,210.27906946186934
12-01 19:00:00,188.89356345074953
12-01 20:00:00,189.0794132504807
12-01 21:00:00,137.27643343579774
12-01 22:00:00,107.73384280792226
12-01 23:00:00,100.17062918287
12-02 00:00:00,94.24049744608047
12-02 01:00:00,77.80060497347024
12-02 02:00:00,61.58563441981573
12-02 03:00:00,50.300630417765646
12-02 04:00:00,29.606377485652487
12-02 05:00:00,24.07548282118598
12-02 06:00:00,21.031703912186018
12-02 07:00:00,20.61996523875432
12-02 08:00:00,22.319476744232063
12-02 09:00:00,43.445946730164366
12-02 10:00:00,51.079184416250804
12-02 11:00:00,102.11807140665094
12-02 12:00:00,84.74972191444574
12-02 13:00:00,108.36277381269727
12-02 14:00:00,93.29118059973939
12-02 15:00:00,102.09701740556746
12-02 16:00:00,116.05271581888289
12-02 17:00:00,136.3692270912168
12-02 18:00:00,190.49196278421365
12-02 19:00:00,205.5841648032962
12-02 20:00:00,185.4401439851527
12-02 21:00:00,161.23093756398208
12-02 22:00:00,147.04631245681793
12-02 23:00:00,134.09636549621808
12-03 00:00:00,101.97625798811987
12-03 01:00:00,63.149908611854976
12-03 02:00:00,50.13652924687089
12-03 03:00:00,39.06892673967147
12-03 04:00:00,29.684035234416
12-03 05:00:00,22.838827073105687
12-03 06:00:00,27.162047581480202
12-03 07:00:00,69.25426501891116
12-03 08:00:00,116.03782533930982
12-03 09:00:00,144.92040632152487
12-03 10:00:00,130.10498395721655
12-03 11:00:00,121.28773023955668
12-03 12:00:00,124.11568352793273
12-03 13:00:00,131.0412816892141
12-03 14:00:00,139.89988408681322
12-03 15:00:00,139.59062391262725
12-03 16:00:00,142.49973351643123
12-03 17:00:00,137.3448726807897
12-03 18:00:00,185.44760613427698
12-03 19:00:00,272.70656263960404
12-03 20:00:00,300.34840671587756
12-03 21:00:00,296.0862014338233
12-03 22:00:00,232.19918720953225
12-03 23:00:00,191.85985203944225
12-04 00:00:00,151.13086133525005
12-04 01:00:00,104.33222939017686
12-04 02:00:00,81.31945877920946
12-04 03:00:00,51.18426974015314
12-04 04:00:00,36.28204825052429
12-04 05:00:00,27.840586146481094
12-04 06:00:00,30.33021929167176
12-04 07:00:00,56.95444817515512
12-04 08:00:00,123.42435648598565
12-04 09:00:00,124.07778430584924
12-04 10:00:00,130.07961647075348
12-04 11:00:00,112.1982956177841
12-04 12:00:00,129.12996767034963
12-04 13:00:00,114.38709503393416
12-04 14:00:00,127.89225178320237
12-04 15:00:00,136.4549127221106
12-04 16:00:00,133.9350959218817
12-04 17:00:00,152.48470397117305
12-04 18:00:00,223.03224020844686
12-04 19:00:00,275.22931696875577
12-04 20:00:00,285.8888352341725
12-04 21:00:00,260.68290853519954
12-04 22:00:00,205.03612231470206
12-04 23:00:00,157.7192275108189
12-05 00:00:00,129.8726729857677
12-05 01:00:00,92.20902514927727
12-05 02:00:00,73.86918549222285
12-05 03:00:00,43.34083216078781
12-05 04:00:00,32.0283316766818
12-05 05:00:00,22.817151100576083
12-05 06:00:00,22.8922806828878
12-05 07:00:00,57.7495030532943
12-05 08:00:00,114.65078191534636
12-05 09:00:00,125.98566602897084
12-05 10:00:00,131.5541473192422
12-05 11:00:00,110.09570765700603
12-05 12:00:00,119.682907399417
12-05 13:00:00,129.25567901932664
12-05 14:00:00,139.23055419473084
12-05 15:00:00,112.7271862697171
12-05 16:00:00,111.4668375673421
12-05 17:00:00,149.6690339769545
12-05 18:00:00,192.1040609076719
12-05 19:00:00,288.98290992303777
12-05 20:00:00,291.5476447344279
12-05 21:00:00,252.89097451945372
12-05 22:00:00,214.18371939626846
12-05 23:00:00,178.56765575698836
12-06 00:00:00,141.38746770919036
12-06 01:00:00,107.03935699018375
12-06 02:00:00,91.10203875672086
12-06 03:00:00,51.61633922885037
12-06 04:00:00,31.112034777201632
12-06 05:00:00,20.98721845023498
12-06 06:00:00,26.38349966445836
12-06 07:00:00,72.22606417957537
12-06 08:00:00,139.56729649237488
12-06 09:00:00,130.3720314239394
12-06 10:00:00,136.51974513600013
12-06 11:00:00,128.2577611721103
12-06 12:00:00,128.6362510961959
12-06 13:00:00,136.09940426637576
12-06 14:00:00,145.77747931551053
12-06 15:00:00,117.62108774578073
12-06 16:00:00,107.85810298770542
12-06 17:00:00,153.14602761414582
12-06 18:00:00,216.03570349770865
12-06 19:00:00,291.83004018340057
12-06 20:00:00,291.36695564624625
12-06 21:00:00,263.74237215534174
12-06 22:00:00,208.72019936681923
12-06 23:00:00,174.7206741575157
12-07 00:00:00,146.45319706068074
12-07 01:00:00,99.12775843787925
12-07 02:00:00,67.05219702151466
12-07 03:00:00,41.14591238687506
12-07 04:00:00,22.699568566907494
12-07 05:00:00,17.28148220421384
12-07 06:00:00,30.06284692095235
12-07 07:00:00,64.35255495899958
12-07 08:00:00,102.55255449154203
12-07 09:00:00,131.47064620086343
12-07 10:00:00,119.41535571850835
12-07 11:00:00,128.75264614976905
12-07 12:00:00,127.45321807647494
12-07 13:00:00,127.72404304659597
12-07 14:00:00,141.93158329435232
12-07 15:00:00,149.15408848287043
12-07 16:00:00,156.33426034631302
12-07 17:00:00,149.77680655340444
12-07 18:00:00,226.03914901088092
12-07 19:00:00,280.6935906792938
12-07 20:00:00,294.84044405019415
12-07 21:00:00,249.69063647395643
12-07 22:00:00,204.09765342607565
12-07 23:00:00,157.16337069494423
12-08 00:00:00,133.55537666058652
12-08 01:00:00,90.97664578156389
12-08 02:00:00,72.89122500985422
12-08 03:00:00,52.26271623337521
12-08 04:00:00,33.71350104912288
12-08 05:00:00,26.60601115149431
12-08 06:00:00,22.786519367498638
12-08 07:00:00,32.31944933161572
12-08 08:00:00,57.40281165523555
12-08 09:00:00,67.50393663846307
12-08 10:00:00,103.0178714570605
12-08 11:00:00,149.24119285048144
12-08 12:00:00,159.4885528883835
12-08 13:00:00,134.04225091822795
12-08 14:00:00,169.51152191055968
12-08 15:00:00,155.67168678127825
12-08 16:00:00,193.5767520564331
12-08 17:00:00,219.64475156266153
12-08 18:00:00,222.8163964798354
12-08 19:00:00,211.94396989862403
12-08 20:00:00,196.57991796088857
12-08 21:00:00,145.58250749700647
12-08 22:00:00,118.72329727044585
12-08 23:00:00,94.32994952245103
12-09 00:00:00,107.94419379135616
12-09 01:00:00,70.7946470035667
12-09 02:00:00,74.40497615053324
12-09 03:00:00,60.06973617555632
12-09 04:00:00,42.720785126563115
12-09 05:00:00,23.583877134637547
12-09 06:00:00,17.74445883768917
12-09 07:00:00,22.046605322515124
12-09 08:00:00,27.692754271968372
12-09 09:00:00,55.759396800171615
12-09 10:00:00,74.32527195017379
12-09 11:00:00,96.06718130058204
12-09 12:00:00,100.654532635531
12-09 13:00:00,101.16143494301235
12-09 14:00:00,90.8575803336341
12-09 15:00:00,114.56425217710024
12-09 16:00:00,125.53859593862205
12-09 17:00:00,136.81284874914982
12-09 18:00:00,190.71924250124735
12-09 19:00:00,205.35528129592342
12-09 20:00:00,193.00715858153592
12-09 21:00:00,157.6941712912726
12-09 22:00:00,143.78918851582742
12-09 23:00:00,128.58586227679973
12-10 00:00:00,88.36534791940335
12-10 01:00:00,64.81975878446787
12-10 02:00:00,54.664684535600614
12-10 03:00:00,38.02933881082416
12-10 04:00:00,25.70365368915875
12-10 05:00:00,17.630491659342393
12-10 06:00:00,22.417306662489633
12-10 07:00:00,70.58105886733026
12-10 08:00:00,116.846166906683
12-10 09:00:00,145.15653959340344
12-10 10:00:00,129.5767578553618
12-10 11:00:00,122.06675034450329
12-10 12:00:00,125.16614704941338
12-10 13:00:00,131.0412816892141
12-10 14:00:00,139.89988408681322
12-10 15:00:00,139.59062391262725
12-10 16:00:00,142.49973351643123
12-10 17:00:00,137.3448726807897
12-10 18:00:00,185.44760613427698
12-10 19:00:00,272.70656263960404
12-10 20:00:00,300.34840671587756
12-10 21:00:00,296.0862014338233
12-10 22:00:00,232.19918720953225
12-10 23:00:00,191.85985203944225
12-11 00:00:00,151.13086133525005
12-11 01:00:00,104.33222939017686
12-11 02:00:00,81.31945877920946
12-11 03:00:00,51.18426974015314
12-11 04:00:00,36.28204825052429
12-11 05:00:00,27.840586146481094
12-11 06:00:00,30.33021929167176
12-11 07:00:00,56.95444817515512
12-11 08:00:00,123.42435648598565
12-11 09:00:00,124.07778430584924
12-11 10:00:00,130.07961647075348
12-11 11:00:00,112.1982956177841
12-11 12:00:00,129.12996767034963
12-11 13:00:00,114.38709503393416
12-11 14:00:00,127.89225178320237
12-11 15:00:00,136.4549127221106
12-11 16:00:00,133.9350959218817
12-11 17:00:00,152.48470397117305
12-11 18:00:00,223.03224020844686
12-11 19:00:00,275.22931696875577
12-11 20:00:00,285.8888352341725
12-11 21:00:00,260.68290853519954
12-11 22:00:00,205.03612231470206
12-11 23:00:00,157.7192275108189
12-12 00:00:00,129.8726729857677
12-12 01:00:00,92.20902514927727
12-12 02:00:00,73.86918549222285
12-12 03:00:00,43.34083216078781
12-12 04:00:00,32.0283316766818
12-12 05:00:00,22.817151100576083
12-12 06:00:00,22.8922806828878
12-12 07:00:00,57.7495030532943
12-12 08:00:00,114.65078191534636
12-12 09:00:00,125.98566602897084
12-12 10:00:00,131.5541473192422
12-12 11:00:00,110.09570765700603
12-12 12:00:00,119.682907399417
12-12 13:00:00,129.25567901932664
12-12 14:00:00,139.23055419473084
12-12 15:00:00,112.7271862697171
12-12 16:00:00,111.4668375673421
12-12 17:00:00,149.6690339769545
12-12 18:00:00,192.1040609076719
12-12 19:00:00,288.98290992303777
12-12 20:00:00,291.5476447344279
12-12 21:00:00,252.89097451945372
12-12 22:00:00,214.18371939626846
12-12 23:00:00,178.56765575698836
12-13 00:00:00,141.38746770919036
12-13 01:00:00,107.03935699018375
12-13 02:00:00,91.10203875672086
12-13 03:00:00,51.61633922885037
12-13 04:00:00,31.112034777201632
12-13 05:00:00,20.98721845023498
12-13 06:00:00,26.38349966445836
12-13 07:00:00,72.22606417957537
12-13 08:00:00,139.56729649237488
12-13 09:00:00,130.3720314239394
12-13 10:00:00,136.51974513600013
12-13 11:00:00,128.2577611721103
12-13 12:00:00,128.6362510961959
12-13 13:00:00,136.09940426637576
12-13 14:00:00,145.77747931551053
12-13 15:00:00,117.62108774578073
12-13 16:00:00,107.85810298770542
12-13 17:00:00,153.14602761414582
12-13 18:00:00,216.03570349770865
12-13 19:00:00,291.83004018340057
12-13 20:00:00,291.36695564624625
12-13 21:00:00,263.74237215534174
12-13 22:00:00,208.72019936681923
12-13 23:00:00,174.7206741575157
12-14 00:00:00,146.45319706068074
12-14 01:00:00,99.12775843787925
12-14 02:00:00,67.05219702151466
12-14 03:00:00,41.14591238687506
12-14 04:00:00,22.699568566907494
12-14 05:00:00,17.28148220421384
12-14 06:00:00,30.06284692095235
12-14 07:00:00,64.35255495899958
12-14 08:00:00,102.55255449154203
12-14 09:00:00,131.47064620086343
12-14 10:00:00,119.41535571850835
12-14 11:00:00,128.75264614976905
12-14 12:00:00,127.45321807647494
12-14 13:00:00,127.72404304659597
12-14 14:00:00,141.93158329435232
12-14 15:00:00,149.15408848287043
12-14 16:00:00,156.33426034631302
12-14 17:00:00,149.77680655340444
12-14 18:00:00,226.03914901088092
12-14 19:00:00,280.6935906792938
12-14 20:00:00,294.84044405019415
12-14 21:00:00,249.69063647395643
12-14 22:00:00,204.09765342607565
12-14 23:00:00,157.16337069494423
12-15 00:00:00,133.55537666058652
12-15 01:00:00,90.97664578156389
12-15 02:00:00,72.89122500985422
12-15 03:00:00,52.26271623337521
12-15 04:00:00,33.71350104912288
12-15 05:00:00,26.60601115149431
12-15 06:00:00,22.786519367498638
12-15 07:00:00,32.31944933161572
12-15 08:00:00,57.40281165523555
12-15 09:00:00,67.50393663846307
12-15 10:00:00,103.0178714570605
12-15 11:00:00,149.24119285048144
12-15 12:00:00,159.4885528883835
12-15 13:00:00,134.04225091822795
12-15 14:00:00,169.51152191055968
12-15 15:00:00,155.67168678127825
12-15 16:00:00,193.5767520564331
12-15 17:00:00,219.64475156266153
12-15 18:00:00,222.8163964798354
12-15 19:00:00,211.94396989862403
12-15 20:00:00,196.57991796088857
12-15 21:00:00,145.58250749700647
12-15 22:00:00,118.72329727044585
12-15 23:00:00,94.32994952245103
12-16 00:00:00,107.94419379135616
12-16 01:00:00,70.7946470035667
12-16 02:00:00,74.40497615053324
12-16 03:00:00,60.06973617555632
12-16 04:00:00,42.720785126563115
12-16 05:00:00,23.583877134637547
12-16 06:00:00,17.74445883768917
12-16 07:00:00,22.046605322515124
12-16 08:00:00,27.692754271968372
12-16 09:00:00,55.759396800171615
12-16 10:00:00,74.32527195017379
12-16 11:00:00,96.06718130058204
12-16 12:00:00,100.654532635531
12-16 13:00:00,101.16143494301235
12-16 14:00:00,90.8575803336341
12-16 15:00:00,114.56425217710024
12-16 16:00:00,125.53859593862205
12-16 17:00:00,136.81284874914982
12-16 18:00:00,190.71924250124735
12-16 19:00:00,205.35528129592342
12-16 20:00:00,193.00715858153592
12-16 21:00:00,157.6941712912726
12-16 22:00:00,143.78918851582742
12-16 23:00:00,128.58586227679973
12-17 00:00:00,88.36534791940335
12-17 01:00:00,64.81975878446787
12-17 02:00:00,54.664684535600614
12-17 03:00:00,38.02933881082416
12-17 04:00:00,25.70365368915875
12-17 05:00:00,17.630491659342393
12-17 06:00:00,22.417306662489633
12-17 07:00:00,70.58105886733026
12-17 08:00:00,116.846166906683
12-17 09:00:00,145.15653959340344
12-17 10:00:00,129.5767578553618
12-17 11:00:00,122.06675034450329
12-17 12:00:00,125.16614704941338
12-17 13:00:00,131.0412816892141
12-17 14:00:00,139.89988408681322
12-17 15:00:00,139.59062391262725
12-17 16:00:00,142.49973351643123
12-17 17:00:00,137.3448726807897
12-17 18:00:00,185.44760613427698
12-17 19:00:00,272.70656263960404
12-17 20:00:00,300.34840671587756
12-17 21:00:00,296.0862014338233
12-17 22:00:00,232.19918720953225
12-17 23:00:00,191.85985203944225
12-18 00:00:00,151.13086133525005
12-18 01:00:00,104.33222939017686
12-18 02:00:00,81.31945877920946
12-18 03:00:00,51.18426974015314
12-18 04:00:00,36.28204825052429
12-18 05:00:00,27.840586146481094
12-18 06:00:00,30.33021929167176
12-18 07:00:00,56.95444817515512
12-18 08:00:00,123.42435648598565
12-18 09:00:00,124.07778430584924
12-18 10:00:00,130.07961647075348
12-18 11:00:00,112.1982956177841
12-18 12:00:00,129.12996767034963
12-18 13:00:00,114.38709503393416
12-18 14:00:00,127.89225178320237
12-18 15:00:00,136.4549127221106
12-18 16:00:00,133.9350959218817
12-18 17:00:00,152.48470397117305
12-18 18:00:00,223.03224020844686
12-18 19:00:00,275.22931696875577
12-18 20:00:00,285.8888352341725
12-18 21:00:00,260.68290853519954
12-18 22:00:00,205.03612231470206
12-18 23:00:00,157.7192275108189
12-19 00:00:00,129.8726729857677
12-19 01:00:00,92.20902514927727
12-19 02:00:00,73.86918549222285
12-19 03:00:00,43.34083216078781
12-19 04:00:00,32.0283316766818
12-19 05:00:00,22.817151100576083
12-19 06:00:00,22.8922806828878
12-19 07:00:00,57.7495030532943
12-19 08:00:00,114.65078191534636
12-19 09:00:00,125.98566602897084
12-19 10:00:00,131.5541473192422
12-19 11:00:00,110.09570765700603
12-19 12:00:00,119.682907399417
12-19 13:00:00,129.25567901932664
12-19 14:00:00,139.23055419473084
12-19 15:00:00,112.7271862697171
12-19 16:00:00,111.4668375673421
12-19 17:00:00,149.6690339769545
12-19 18:00:00,192.1040609076719
12-19 19:00:00,288.98290992303777
12-19 20:00:00,291.5476447344279
12-19 21:00:00,252.89097451945372
12-19 22:00:00,214.18371939626846
12-19 23:00:00,178.56765575698836
12-20 00:00:00,141.38746770919036
12-20 01:00:00,107.03935699018375
12-20 02:00:00,91.10203875672086
12-20 03:00:00,51.61633922885037
12-20 04:00:00,31.112034777201632
12-20 05:00:00,20.98721845023498
12-20 06:00:00,26.38349966445836
12-20 07:00:00,72.22606417957537
12-20 08:00:00,139.56729649237488
12-20 09:00:00,130.3720314239394
12-20 10:00:00,136.51974513600013
12-20 11:00:00,128.2577611721103
12-20 12:00:00,128.6362510961959
12-20 13:00:00,136.09940426637576
12-20 14:00:00,145.77747931551053
12-20 15:00:00,117.62108774578073
12-20 16:00:00,107.85810298770542
12-20 17:00:00,153.14602761414582
12-20 18:00:00,216.03570349770865
12-20 19:00:00,291.83004018340057
12-20 20:00:00,291.36695564624625
12-20 21:00:00,263.74237215534174
12-20 22:00:00,208.72019936681923
12-20 23:00:00,174.7206741575157
12-21 00:00:00,146.45319706068074
12-21 01:00:00,99.12775843787925
12-21 02:00:00,67.05219702151466
12-21 03:00:00,41.14591238687506
12-21 04:00:00,22.699568566907494
12-21 05:00:00,17.28148220421384
12-21 06:00:00,30.06284692095235
12-21 07:00:00,64.35255495899958
12-21 08:00:00,102.55255449154203
12-21 09:00:00,131.47064620086343
12-21 10:00:00,119.41535571850835
12-21 11:00:00,128.75264614976905
12-21 12:00:00,127.45321807647494
12-21 13:00:00,127.72404304659597
12-21 14:00:00,141.93158329435232
12-21 15:00:00,149.15408848287043
12-21 16:00:00,156.33426034631302
12-21 17:00:00,149.77680655340444
12-21 18:00:00,226.03914901088092
12-21 19:00:00,280.6935906792938
12-21 20:00:00,294.84044405019415
12-21 21:00:00,249.69063647395643
12-21 22:00:00,204.09765342607565
12-21 23:00:00,157.16337069494423
12-22 00:00:00,133.55537666058652
12-22 01:00:00,90.97664578156389
12-22 02:00:00,72.89122500985422
12-22 03:00:00,52.26271623337521
12-22 04:00:00,33.71350104912288
12-22 05:00:00,26.60601115149431
12-22 06:00:00,22.786519367498638
12-22 07:00:00,32.31944933161572
12-22 08:00:00,57.40281165523555
12-22 09:00:00,67.50393663846307
12-22 10:00:00,103.0178714570605
12-22 11:00:00,149.24119285048144
12-22 12:00:00,159.4885528883835
12-22 13:00:00,134.04225091822795
12-22 14:00:00,169.51152191055968
12-22 15:00:00,155.67168678127825
12-22 16:00:00,193.5767520564331
12-22 17:00:00,219.64475156266153
12-22 18:00:00,222.8163964798354
12-22 19:00:00,211.94396989862403
12-22 20:00:00,196.57991796088857
12-22 21:00:00,145.58250749700647
12-22 22:00:00,118.72329727044585
12-22 23:00:00,94.32994952245103
12-23 00:00:00,107.94419379135616
12-23 01:00:00,70.7946470035667
12-23 02:00:00,74.40497615053324
12-23 03:00:00,60.06973617555632
12-23 04:00:00,42.720785126563115
12-23 05:00:00,23.583877134637547
12-23 06:00:00,17.74445883768917
12-23 07:00:00,22.046605322515124
12-23 08:00:00,27.692754271968372
12-23 09:00:00,55.759396800171615
12-23 10:00:00,74.32527195017379
12-23 11:00:00,96.06718130058204
12-23 12:00:00,100.654532635531
12-23 13:00:00,101.16143494301235
12-23 14:00:00,90.8575803336341
12-23 15:00:00,114.56425217710024
12-23 16:00:00,125.53859593862205
12-23 17:00:00,136.81284874914982
12-23 18:00:00,190.71924250124735
12-23 19:00:00,205.35528129592342
12-23 20:00:00,193.00715858153592
12-23 21:00:00,157.6941712912726
12-23 22:00:00,143.78918851582742
12-23 23:00:00,128.58586227679973
12-24 00:00:00,88.36534791940335
12-24 01:00:00,64.81975878446787
12-24 02:00:00,54.664684535600614
12-24 03:00:00,38.02933881082416
12-24 04:00:00,25.70365368915875
12-24 05:00:00,17.630491659342393
12-24 06:00:00,22.417306662489633
12-24 07:00:00,70.58105886733026
12-24 08:00:00,116.846166906683
12-24 09:00:00,145.15653959340344
12-24 10:00:00,129.5767578553618
12-24 11:00:00,122.06675034450329
12-24 12:00:00,125.16614704941338
12-24 13:00:00,131.0412816892141
12-24 14:00:00,139.89988408681322
12-24 15:00:00,139.59062391262725
12-24 16:00:00,142.49973351643123
12-24 17:00:00,137.3448726807897
12-24 18:00:00,185.44760613427698
12-24 19:00:00,272.70656263960404
12-24 20:00:00,300.34840671587756
12-24 21:00:00,296.0862014338233
12-24 22:00:00,232.19918720953225
12-24 23:00:00,191.85985203944225
12-25 00:00:00,151.13086133525005
12-25 01:00:00,104.33222939017686
12-25 02:00:00,81.31945877920946
12-25 03:00:00,51.18426974015314
12-25 04:00:00,36.28204825052429
12-25 05:00:00,27.840586146481094
12-25 06:00:00,30.33021929167176
12-25 07:00:00,56.95444817515512
12-25 08:00:00,123.42435648598565
12-25 09:00:00,124.07778430584924
12-25 10:00:00,130.07961647075348
12-25 11:00:00,112.1982956177841
12-25 12:00:00,129.12996767034963
12-25 13:00:00,114.38709503393416
12-25 14:00:00,127.89225178320237
12-25 15:00:00,136.4549127221106
12-25 16:00:00,133.9350959218817
12-25 17:00:00,152.48470397117305
12-25 18:00:00,223.03224020844686
12-25 19:00:00,275.22931696875577
12-25 20:00:00,285.8888352341725
12-25 21:00:00,260.68290853519954
12-25 22:00:00,205.03612231470206
12-25 23:00:00,157.7192275108189
12-26 00:00:00,129.8726729857677
12-26 01:00:00,92.20902514927727
12-26 02:00:00,73.86918549222285
12-26 03:00:00,43.34083216078781
12-26 04:00:00,32.0283316766818
12-26 05:00:00,22.817151100576083
12-26 06:00:00,22.8922806828878
12-26 07:00:00,57.7495030532943
12-26 08:00:00,114.65078191534636
12-26 09:00:00,125.98566602897084
12-26 10:00:00,131.5541473192422
12-26 11:00:00,110.09570765700603
12-26 12:00:00,119.682907399417
12-26 13:00:00,129.25567901932664
12-26 14:00:00,139.23055419473084
12-26 15:00:00,112.7271862697171
12-26 16:00:00,111.4668375673421
12-26 17:00:00,149.6690339769545
12-26 18:00:00,192.1040609076719
12-26 19:00:00,288.98290992303777
12-26 20:00:00,291.5476447344279
12-26 21:00:00,252.89097451945372
12-26 22:00:00,214.18371939626846
12-26 23:00:00,178.56765575698836
12-27 00:00:00,141.38746770919036
12-27 01:00:00,107.03935699018375
12-27 02:00:00,91.10203875672086
12-27 03:00:00,51.61633922885037
12-27 04:00:00,31.112034777201632
12-27 05:00:00,20.98721845023498
12-27 06:00:00,26.38349966445836
12-27 07:00:00,72.22606417957537
12-27 08:00:00,139.56729649237488
12-27 09:00:00,130.3720314239394
12-27 10:00:00,136.51974513600013
12-27 11:00:00,128.2577611721103
12-27 12:00:00,128.6362510961959
12-27 13:00:00,136.09940426637576
12-27 14:00:00,145.77747931551053
12-27 15:00:00,117.62108774578073
12-27 16:00:00,107.85810298770542
12-27 17:00:00,153.14602761414582
12-27 18:00:00,216.03570349770865
12-27 19:00:00,291.83004018340057
12-27 20:00:00,291.36695564624625
12-27 21:00:00,263.74237215534174
12-27 22:00:00,208.72019936681923
12-27 23:00:00,174.7206741575157
12-28 00:00:00,146.45319706068074
12-28 01:00:00,99.12775843787925
12-28 02:00:00,67.05219702151466
12-28 03:00:00,41.14591238687506
12-28 04:00:00,22.699568566907494
12-28 05:00:00,17.28148220421384
12-28 06:00:00,30.06284692095235
12-28 07:00:00,64.35255495899958
12-28 08:00:00,102.55255449154203
12-28 09:00:00,131.47064620086343
12-28 10:00:00,119.41535571850835
12-28 11:00:00,128.75264614976905
12-28 12:00:00,127.45321807647494
12-28 13:00:00,127.72404304659597
12-28 14:00:00,141.93158329435232
12-28 15:00:00,149.15408848287043
12-28 16:00:00,156.33426034631302
12-28 17:00:00,149.77680655340444
12-28 18:00:00,226.03914901088092
12-28 19:00:00,280.6935906792938
12-28 20:00:00,294.84044405019415
12-28 21:00:00,249.69063647395643
12-28 22:00:00,204.09765342607565
12-28 23:00:00,157.16337069494423
12-29 00:00:00,133.55537666058652
12-29 01:00:00,90.97664578156389
12-29 02:00:00,72.89122500985422
12-29 03:00:00,52.26271623337521
12-29 04:00:00,33.71350104912288
12-29 05:00:00,26.60601115149431
12-29 06:00:00,22.786519367498638
12-29 07:00:00,32.31944933161572
12-29 08:00:00,57.40281165523555
12-29 09:00:00,67.50393663846307
12-29 10:00:00,103.0178714570605
12-29 11:00:00,149.24119285048144
12-29 12:00:00,159.4885528883835
12-29 13:00:00,134.04225091822795
12-29 14:00:00,169.51152191055968
12-29 15:00:00,155.67168678127825
12-29 16:00:00,193.5767520564331
12-29 17:00:00,219.64475156266153
12-29 18:00:00,222.8163964798354
12-29 19:00:00,211.94396989862403
12-29 20:00:00,196.57991796088857
12-29 21:00:00,145.58250749700647
12-29 22:00:00,118.72329727044585
12-29 23:00:00,94.32994952245103
12-30 00:00:00,107.94419379135616
12-30 01:00:00,70.7946470035667
12-30 02:00:00,74.40497615053324
12-30 03:00:00,60.06973617555632
12-30 04:00:00,42.720785126563115
12-30 05:00:00,23.583877134637547
12-30 06:00:00,17.74445883768917
12-30 07:00:00,22.046605322515124
12-30 08:00:00,27.692754271968372
12-30 09:00:00,55.759396800171615
12-30 10:00:00,74.32527195017379
12-30 11:00:00,96.06718130058204
12-30 12:00:00,100.654532635531
12-30 13:00:00,101.16143494301235
12-30 14:00:00,90.8575803336341
12-30 15:00:00,114.56425217710024
12-30 16:00:00,125.53859593862205
12-30 17:00:00,136.81284874914982
12-30 18:00:00,190.71924250124735
12-30 19:00:00,205.35528129592342
12-30 20:00:00,193.00715858153592
12-30 21:00:00,157.6941712912726
12-30 22:00:00,143.78918851582742
12-30 23:00:00,128.58586227679973
12-31 00:00:00,88.36534791940335
12-31 01:00:00,64.81975878446787
12-31 02:00:00,54.664684535600614
12-31 03:00:00,38.02933881082416
12-31 04:00:00,25.70365368915875
12-31 05:00:00,17.630491659342393
12-31 06:00:00,22.417306662489633
12-31 07:00:00,70.58105886733026
12-31 08:00:00,116.846166906683
12-31 09:00:00,145.15653959340344
12-31 10:00:00,129.5767578553618
12-31 11:00:00,122.06675034450329
12-31 12:00:00,125.16614704941338
12-31 13:00:00,131.0412816892141
12-31 14:00:00,139.89988408681322
12-31 15:00:00,139.59062391262725
12-31 16:00:00,142.49973351643123
12-31 17:00:00,137.3448726807897
12-31 18:00:00,185.44760613427698
12-31 19:00:00,272.70656263960404
12-31 20:00:00,300.34840671587756
12-31 21:00:00,296.0862014338233
12-31 22:00:00,232.19918720953225
12-31 23:00:00,191.85985203944225
