,value_kW
01-01 00:00:00,979.164911285685
01-01 01:00:00,956.702537998807
01-01 02:00:00,955.964410076634
01-01 03:00:00,962.936543214061
01-01 04:00:00,961.470220208598
01-01 05:00:00,964.8190330994876
01-01 06:00:00,978.7361982028189
01-01 07:00:00,991.4659670859382
01-01 08:00:00,952.7062452200385
01-01 09:00:00,944.8085213462163
01-01 10:00:00,885.208043822067
01-01 11:00:00,850.1958928003356
01-01 12:00:00,839.7217918720999
01-01 13:00:00,824.2396660350687
01-01 14:00:00,819.1726471061356
01-01 15:00:00,842.874721325517
01-01 16:00:00,867.0425311885015
01-01 17:00:00,880.2492233372179
01-01 18:00:00,876.3044863860899
01-01 19:00:00,881.584836202031
01-01 20:00:00,887.2847714241839
01-01 21:00:00,897.2267835990345
01-01 22:00:00,902.9600346404274
01-01 23:00:00,904.8348610405146
01-02 00:00:00,898.5005439351725
01-02 01:00:00,893.598698061485
01-02 02:00:00,883.6538331654546
01-02 03:00:00,884.6647805745408
01-02 04:00:00,878.6288546901818
01-02 05:00:00,878.4957527493863
01-02 06:00:00,879.3881451428631
01-02 07:00:00,878.5892276948953
01-02 08:00:00,885.0222491774496
01-02 09:00:00,872.7622743253203
01-02 10:00:00,863.3785634956657
01-02 11:00:00,845.0420673448344
01-02 12:00:00,855.197393076618
01-02 13:00:00,853.0518421827447
01-02 14:00:00,848.6413890395282
01-02 15:00:00,857.0038121459148
01-02 16:00:00,876.1346287894797
01-02 17:00:00,894.9137729127776
01-02 18:00:00,908.3351854337935
01-02 19:00:00,921.5149272600286
01-02 20:00:00,927.7423473125568
01-02 21:00:00,935.8478453980754
01-02 22:00:00,948.5037566355188
01-02 23:00:00,957.4610258910827
01-03 00:00:00,989.0894972723572
01-03 01:00:00,999.8095501708143
01-03 02:00:00,1004.5744280384138
01-03 03:00:00,1005.0682078561707
01-03 04:00:00,1006.4311838417084
01-03 05:00:00,1011.3931201070958
01-03 06:00:00,1016.0683288861333
01-03 07:00:00,1021.8577957254794
01-03 08:00:00,1021.3188793265952
01-03 09:00:00,1003.7432819736082
01-03 10:00:00,989.8832201747969
01-03 11:00:00,977.0560725993155
01-03 12:00:00,961.7298488278865
01-03 13:00:00,956.1072837894811
01-03 14:00:00,949.9142142860118
01-03 15:00:00,950.3802665509592
01-03 16:00:00,955.3927202152123
01-03 17:00:00,956.8033533106739
01-03 18:00:00,964.8070475372531
01-03 19:00:00,977.3228357716785
01-03 20:00:00,993.09008250437
01-03 21:00:00,987.4706834704065
01-03 22:00:00,982.8199199023078
01-03 23:00:00,983.1686715082452
01-04 00:00:00,982.8091878377983
01-04 01:00:00,1015.9558832063765
01-04 02:00:00,1038.8516220657398
01-04 03:00:00,1017.7627036111598
01-04 04:00:00,1031.890621652916
01-04 05:00:00,1030.6644560006534
01-04 06:00:00,1031.3036107367325
01-04 07:00:00,1031.5451128436246
01-04 08:00:00,1026.7257278578518
01-04 09:00:00,1007.2428636830808
01-04 10:00:00,994.3778139919476
01-04 11:00:00,979.6446878072043
01-04 12:00:00,954.0429284846988
01-04 13:00:00,937.398943805631
01-04 14:00:00,933.9480329464184
01-04 15:00:00,938.7194860487061
01-04 16:00:00,960.6697918219885
01-04 17:00:00,979.4904043233552
01-04 18:00:00,989.9953354518476
01-04 19:00:00,1001.1632369038787
01-04 20:00:00,995.3371582948513
01-04 21:00:00,1003.4783203526562
01-04 22:00:00,1017.0134773234352
01-04 23:00:00,1031.524061060365
01-05 00:00:00,1045.289864318633
01-05 01:00:00,1053.8945173543789
01-05 02:00:00,1059.1447426256484
01-05 03:00:00,1059.2367294664652
01-05 04:00:00,1043.5469124273775
01-05 05:00:00,1044.1863332483058
01-05 06:00:00,1050.164693404326
01-05 07:00:00,1057.4208174725036
01-05 08:00:00,1062.206883556284
01-05 09:00:00,1059.4757660874213
01-05 10:00:00,1037.945624313095
01-05 11:00:00,1017.525613215316
01-05 12:00:00,1006.2257703317267
01-05 13:00:00,1000.4195587541868
01-05 14:00:00,1009.403146856209
01-05 15:00:00,1018.6040905228955
01-05 16:00:00,1020.4307225804934
01-05 17:00:00,1022.0377084705527
01-05 18:00:00,1029.05927985953
01-05 19:00:00,1041.4344792312422
01-05 20:00:00,1043.1752742857984
01-05 21:00:00,1048.7556228132844
01-05 22:00:00,1044.0589837883294
01-05 23:00:00,1051.402151964086
01-06 00:00:00,1053.1629327864382
01-06 01:00:00,1054.3466629111817
01-06 02:00:00,1066.9283606196816
01-06 03:00:00,1074.225030412956
01-06 04:00:00,1091.6835007311442
01-06 05:00:00,1120.3249044692116
01-06 06:00:00,1126.0076506762105
01-06 07:00:00,1126.8634477150806
01-06 08:00:00,1124.8979200928368
01-06 09:00:00,1108.880849627031
01-06 10:00:00,1097.5739204378388
01-06 11:00:00,1072.6169875952287
01-06 12:00:00,1064.423278955383
01-06 13:00:00,1060.6632649573864
01-06 14:00:00,1049.5791460814517
01-06 15:00:00,1041.3842586990115
01-06 16:00:00,1062.7668642051724
01-06 17:00:00,1075.0415834120556
01-06 18:00:00,1074.8013325576694
01-06 19:00:00,1075.1427037716587
01-06 20:00:00,1075.6269684904673
01-06 21:00:00,1081.2043815537916
01-06 22:00:00,1081.2043815537916
01-06 23:00:00,1086.9030305805434
01-07 00:00:00,1087.008010638549
01-07 01:00:00,1087.4983506149479
01-07 02:00:00,1089.2158936783649
01-07 03:00:00,1078.4573031143736
01-07 04:00:00,1085.1037354762607
01-07 05:00:00,1094.0168887849898
01-07 06:00:00,1102.171653793759
01-07 07:00:00,1103.4521140811107
01-07 08:00:00,1123.8898740917882
01-07 09:00:00,1109.03577317245
01-07 10:00:00,1066.469691815704
01-07 11:00:00,1016.1703332142466
01-07 12:00:00,990.2970391325446
01-07 13:00:00,972.7903556621956
01-07 14:00:00,963.9697694154963
01-07 15:00:00,996.2507255661496
01-07 16:00:00,1014.0599810407522
01-07 17:00:00,1050.9675334496255
01-07 18:00:00,1056.789939434863
01-07 19:00:00,1074.2530322895723
01-07 20:00:00,1073.50863034856
01-07 21:00:00,1072.0457165227847
01-07 22:00:00,1103.1009039065027
01-07 23:00:00,1118.1202402823324
01-08 00:00:00,1123.424936512482
01-08 01:00:00,1142.3143236861602
01-08 02:00:00,1118.4584622890575
01-08 03:00:00,1124.218091706117
01-08 04:00:00,1123.5230649428393
01-08 05:00:00,1135.9070562370641
01-08 06:00:00,1151.180400935122
01-08 07:00:00,1170.1315031270135
01-08 08:00:00,1169.402320553804
01-08 09:00:00,1158.009858637391
01-08 10:00:00,1094.6229551970434
01-08 11:00:00,1034.3945187237075
01-08 12:00:00,996.5800524040006
01-08 13:00:00,954.4358659405818
01-08 14:00:00,953.6917395891339
01-08 15:00:00,999.6792159708443
01-08 16:00:00,1058.3527160710219
01-08 17:00:00,1106.3608491701978
01-08 18:00:00,1158.6118926272475
01-08 19:00:00,1199.021067042907
01-08 20:00:00,1222.7463262119404
01-08 21:00:00,1265.5057599831014
01-08 22:00:00,1283.7210984574683
01-08 23:00:00,1323.8114735737017
01-09 00:00:00,1340.312419454952
01-09 01:00:00,1352.1720814586743
01-09 02:00:00,1375.3496173288588
01-09 03:00:00,1390.8245196960554
01-09 04:00:00,1406.1868553868655
01-09 05:00:00,1408.2818408432618
01-09 06:00:00,1418.7454802373577
01-09 07:00:00,1411.6093876001405
01-09 08:00:00,1421.4736494505844
01-09 09:00:00,1381.6575408005185
01-09 10:00:00,1286.5714991123964
01-09 11:00:00,1193.0854449776718
01-09 12:00:00,1128.3699005005508
01-09 13:00:00,1095.6677106480743
01-09 14:00:00,1101.729822488457
01-09 15:00:00,1087.9188672866921
01-09 16:00:00,1106.3584713318828
01-09 17:00:00,1130.9296379316575
01-09 18:00:00,1132.5806540315032
01-09 19:00:00,1161.0923844277702
01-09 20:00:00,1204.2735831584414
01-09 21:00:00,1237.3347457022037
01-09 22:00:00,1241.2362643899278
01-09 23:00:00,1232.7283851649725
01-10 00:00:00,1252.5357821933335
01-10 01:00:00,1248.7063410891988
01-10 02:00:00,1268.434843472095
01-10 03:00:00,1296.2515298151077
01-10 04:00:00,1322.6669730651163
01-10 05:00:00,1345.1261111298293
01-10 06:00:00,1357.5655312510971
01-10 07:00:00,1370.5354386548552
01-10 08:00:00,1364.9458022657477
01-10 09:00:00,1365.541169486474
01-10 10:00:00,1283.1977958441817
01-10 11:00:00,1230.666177926635
01-10 12:00:00,1203.4959964698387
01-10 13:00:00,1160.6931742111028
01-10 14:00:00,1175.6445190121362
01-10 15:00:00,1205.4502618132092
01-10 16:00:00,1225.5827553755923
01-10 17:00:00,1238.109796574512
01-10 18:00:00,1203.5060964892718
01-10 19:00:00,1230.9176510556517
01-10 20:00:00,1303.316543795795
01-10 21:00:00,1333.5171711727544
01-10 22:00:00,1312.6344164860448
01-10 23:00:00,1341.1577000394157
01-11 00:00:00,1361.9902655985186
01-11 01:00:00,1374.097395596608
01-11 02:00:00,1418.5922171581635
01-11 03:00:00,1428.1274840495232
01-11 04:00:00,1418.1629975815295
01-11 05:00:00,1431.2074788143811
01-11 06:00:00,1451.9580641010364
01-11 07:00:00,1458.1464229377113
01-11 08:00:00,1441.0823105858385
01-11 09:00:00,1407.7628479817672
01-11 10:00:00,1378.7532495012344
01-11 11:00:00,1311.2646921863738
01-11 12:00:00,1253.6450828172324
01-11 13:00:00,1240.8612028249354
01-11 14:00:00,1243.1090203330698
01-11 15:00:00,1271.5712718566986
01-11 16:00:00,1315.2079776827022
01-11 17:00:00,1341.1757094773814
01-11 18:00:00,1364.5635584769586
01-11 19:00:00,1374.9455496595842
01-11 20:00:00,1336.3223731393543
01-11 21:00:00,1347.1216781994992
01-11 22:00:00,1330.1385807560782
01-11 23:00:00,1315.836736842208
01-12 00:00:00,1310.789101476761
01-12 01:00:00,1278.4714950048847
01-12 02:00:00,1298.8733596630445
01-12 03:00:00,1292.6800370058934
01-12 04:00:00,1274.7927755011192
01-12 05:00:00,1280.8768796734712
01-12 06:00:00,1222.5528769147827
01-12 07:00:00,1248.3600809064355
01-12 08:00:00,1172.5398136764218
01-12 09:00:00,1133.9489772589316
01-12 10:00:00,1111.7446377646615
01-12 11:00:00,1044.7867562740996
01-12 12:00:00,1056.212685328106
01-12 13:00:00,1044.6783799681004
01-12 14:00:00,1004.6183622583975
01-12 15:00:00,1044.8367305210757
01-12 16:00:00,1049.1838998847754
01-12 17:00:00,1018.1407592904709
01-12 18:00:00,1030.8282473008164
01-12 19:00:00,1025.9530358251404
01-12 20:00:00,1006.8041900852995
01-12 21:00:00,988.2412127219476
01-12 22:00:00,971.838725015061
01-12 23:00:00,965.6689793752291
01-13 00:00:00,954.3442705586799
01-13 01:00:00,957.2005075899376
01-13 02:00:00,962.6529837407847
01-13 03:00:00,942.9757205637591
01-13 04:00:00,925.1518871453774
01-13 05:00:00,925.760925785722
01-13 06:00:00,916.2051197714036
01-13 07:00:00,928.0165230853723
01-13 08:00:00,931.6952659110289
01-13 09:00:00,912.5443214583736
01-13 10:00:00,904.7773833615348
01-13 11:00:00,900.0320471287362
01-13 12:00:00,891.3214847424716
01-13 13:00:00,868.4560734495715
01-13 14:00:00,865.6590798839827
01-13 15:00:00,844.5757014773017
01-13 16:00:00,839.7192392303824
01-13 17:00:00,848.2200839693272
01-13 18:00:00,779.6526313997808
01-13 19:00:00,829.3589195613058
01-13 20:00:00,921.2931958040905
01-13 21:00:00,973.6973397042135
01-13 22:00:00,986.2484111748923
01-13 23:00:00,979.7719539201189
01-14 00:00:00,966.3775815479916
01-14 01:00:00,935.2005575782831
01-14 02:00:00,872.669932783671
01-14 03:00:00,714.7511609507192
01-14 04:00:00,685.0525991979316
01-14 05:00:00,683.8654568100161
01-14 06:00:00,703.8531246799037
01-14 07:00:00,794.2068799009324
01-14 08:00:00,942.5798860227945
01-14 09:00:00,962.591654418466
01-14 10:00:00,970.7599138960711
01-14 11:00:00,974.3669740582405
01-14 12:00:00,992.6800155706895
01-14 13:00:00,983.0258766069078
01-14 14:00:00,992.8326094381147
01-14 15:00:00,1000.0879799423916
01-14 16:00:00,1011.8218168668889
01-14 17:00:00,1015.9197033246264
01-14 18:00:00,1021.2261153695918
01-14 19:00:00,1020.9766967262808
01-14 20:00:00,1019.7850786105957
01-14 21:00:00,1016.7079752105517
01-14 22:00:00,1007.5215212387427
01-14 23:00:00,1006.3577065951306
01-15 00:00:00,1002.0989399349138
01-15 01:00:00,999.8531390974722
01-15 02:00:00,1000.9128181223401
01-15 03:00:00,1007.1472566785128
01-15 04:00:00,1014.355131260071
01-15 05:00:00,1016.8585766397085
01-15 06:00:00,1031.4891709301169
01-15 07:00:00,1044.2699870284011
01-15 08:00:00,1051.4817226123635
01-15 09:00:00,1050.6173296195902
01-15 10:00:00,1050.495275724939
01-15 11:00:00,1050.974811569077
01-15 12:00:00,1063.9985180535832
01-15 13:00:00,1078.4310996776637
01-15 14:00:00,1102.3767035671335
01-15 15:00:00,1137.0744363894146
01-15 16:00:00,1157.3634939822236
01-15 17:00:00,1176.6978243066485
01-15 18:00:00,1190.7693970713474
01-15 19:00:00,1190.2716292606394
01-15 20:00:00,1200.2226273426559
01-15 21:00:00,1213.3722035686324
01-15 22:00:00,1230.510500578389
01-15 23:00:00,1291.2405704790326
01-16 00:00:00,1339.9729280276765
01-16 01:00:00,1340.5347794540576
01-16 02:00:00,1351.066702322286
01-16 03:00:00,1387.9898266763305
01-16 04:00:00,1422.7395266987562
01-16 05:00:00,1423.6488631045409
01-16 06:00:00,1434.9499419173094
01-16 07:00:00,1433.4144925326984
01-16 08:00:00,1436.1476653563036
01-16 09:00:00,1367.4232224280531
01-16 10:00:00,1296.3566177862772
01-16 11:00:00,1235.8051788470768
01-16 12:00:00,1238.4110550262726
01-16 13:00:00,1221.7401874987504
01-16 14:00:00,1220.086775626967
01-16 15:00:00,1250.9378828024169
01-16 16:00:00,1284.0905472516574
01-16 17:00:00,1320.5596880182866
01-16 18:00:00,1307.5934589207352
01-16 19:00:00,1292.9029809576537
01-16 20:00:00,1323.1820636959164
01-16 21:00:00,1326.7152978209842
01-16 22:00:00,1300.0216870067936
01-16 23:00:00,1305.301770181949
01-17 00:00:00,1319.801829552437
01-17 01:00:00,1301.8210107208768
01-17 02:00:00,1251.500480581399
01-17 03:00:00,1229.2031571077089
01-17 04:00:00,1226.7402577237535
01-17 05:00:00,1217.6218589288355
01-17 06:00:00,1224.4737287525882
01-17 07:00:00,1183.6555025143205
01-17 08:00:00,1072.8532955720875
01-17 09:00:00,1075.9374251094828
01-17 10:00:00,1026.930155245778
01-17 11:00:00,987.5110050460569
01-17 12:00:00,954.6531264661841
01-17 13:00:00,950.6543854576349
01-17 14:00:00,955.3727436280834
01-17 15:00:00,965.4147649134438
01-17 16:00:00,972.0071488710045
01-17 17:00:00,969.2793235049166
01-17 18:00:00,964.2213312850082
01-17 19:00:00,948.7108272226715
01-17 20:00:00,943.4553852826939
01-17 21:00:00,937.4135020281504
01-17 22:00:00,936.7282263658718
01-17 23:00:00,926.9847552321864
01-18 00:00:00,927.9742907189901
01-18 01:00:00,938.7993687137069
01-18 02:00:00,945.5810815582256
01-18 03:00:00,946.5388277859427
01-18 04:00:00,937.0402135821614
01-18 05:00:00,955.0977257067091
01-18 06:00:00,965.2259009066199
01-18 07:00:00,961.1344831992418
01-18 08:00:00,939.083792221436
01-18 09:00:00,916.9858451003835
01-18 10:00:00,919.5037543426231
01-18 11:00:00,911.7952884250705
01-18 12:00:00,908.8042987759433
01-18 13:00:00,892.851426235521
01-18 14:00:00,882.2114871581738
01-18 15:00:00,888.6390566177284
01-18 16:00:00,915.0422078193344
01-18 17:00:00,943.2372772405661
01-18 18:00:00,992.3855044215883
01-18 19:00:00,1052.1224090653836
01-18 20:00:00,1064.0689569914184
01-18 21:00:00,1090.844662167718
01-18 22:00:00,1081.8150601831735
01-18 23:00:00,1109.6635781637547
01-19 00:00:00,1167.5676414482318
01-19 01:00:00,1151.5433503292343
01-19 02:00:00,1181.2965784441953
01-19 03:00:00,1238.2634925611335
01-19 04:00:00,1249.8602780398642
01-19 05:00:00,1261.6759094148078
01-19 06:00:00,1242.4040181443772
01-19 07:00:00,1302.529825212675
01-19 08:00:00,1251.7430526252756
01-19 09:00:00,1220.937477553095
01-19 10:00:00,1131.7522896121532
01-19 11:00:00,1084.427972862029
01-19 12:00:00,1034.714073915415
01-19 13:00:00,970.4218160539535
01-19 14:00:00,930.5501728817991
01-19 15:00:00,915.4205109212835
01-19 16:00:00,917.2874981655204
01-19 17:00:00,936.071231096714
01-19 18:00:00,972.62071417688
01-19 19:00:00,963.7674446017096
01-19 20:00:00,943.0725733831064
01-19 21:00:00,922.0052243646488
01-19 22:00:00,925.2093553110756
01-19 23:00:00,956.354627287023
01-20 00:00:00,974.7765721688669
01-20 01:00:00,1008.4070247845757
01-20 02:00:00,1014.3201714697473
01-20 03:00:00,985.254276976976
01-20 04:00:00,1007.8840222665475
01-20 05:00:00,1023.0673809536779
01-20 06:00:00,1036.3265038696973
01-20 07:00:00,998.8296665520238
01-20 08:00:00,1013.5725238404917
01-20 09:00:00,970.669492233263
01-20 10:00:00,898.968340502163
01-20 11:00:00,836.5472243269157
01-20 12:00:00,811.2568330583936
01-20 13:00:00,779.3696351038125
01-20 14:00:00,750.9747296332895
01-20 15:00:00,719.7009818362205
01-20 16:00:00,741.0581885435614
01-20 17:00:00,759.0342737689434
01-20 18:00:00,784.6213139015348
01-20 19:00:00,776.4733607540556
01-20 20:00:00,784.4830771944792
01-20 21:00:00,801.3695806684667
01-20 22:00:00,831.635803615755
01-20 23:00:00,843.433212399485
01-21 00:00:00,832.853396331683
01-21 01:00:00,805.2074259218191
01-21 02:00:00,775.4954101976573
01-21 03:00:00,759.1236405960789
01-21 04:00:00,703.6032334354948
01-21 05:00:00,671.3390149221382
01-21 06:00:00,637.3140001103097
01-21 07:00:00,670.6762736599741
01-21 08:00:00,686.5223911962004
01-21 09:00:00,659.0618547276521
01-21 10:00:00,639.7597785659658
01-21 11:00:00,611.5453236652023
01-21 12:00:00,556.651768092338
01-21 13:00:00,535.2138436708764
01-21 14:00:00,575.9809741795938
01-21 15:00:00,567.8566027526606
01-21 16:00:00,587.2911991465257
01-21 17:00:00,656.1089453588902
01-21 18:00:00,667.9716496775917
01-21 19:00:00,676.6385984112112
01-21 20:00:00,702.3463883125544
01-21 21:00:00,662.8141704595163
01-21 22:00:00,640.5005041307874
01-21 23:00:00,629.5594963656354
01-22 00:00:00,639.4363107908421
01-22 01:00:00,654.03033525759
01-22 02:00:00,706.6220260088108
01-22 03:00:00,697.4137209760985
01-22 04:00:00,675.4031286200475
01-22 05:00:00,720.3820776352467
01-22 06:00:00,684.8750871312516
01-22 07:00:00,703.6243057709712
01-22 08:00:00,659.8552366646643
01-22 09:00:00,700.0952051101863
01-22 10:00:00,622.2577577662578
01-22 11:00:00,577.8167722893032
01-22 12:00:00,583.7152934475379
01-22 13:00:00,570.2590752508573
01-22 14:00:00,562.1550907074038
01-22 15:00:00,575.3538866311195
01-22 16:00:00,614.8390724143702
01-22 17:00:00,640.055094869786
01-22 18:00:00,671.0852741558361
01-22 19:00:00,712.3756567591105
01-22 20:00:00,749.8175222820247
01-22 21:00:00,725.4926847292152
01-22 22:00:00,731.0850852668807
01-22 23:00:00,776.1170537540454
01-23 00:00:00,789.3753304815151
01-23 01:00:00,849.8869252911044
01-23 02:00:00,849.4977870844857
01-23 03:00:00,854.8135426821216
01-23 04:00:00,861.7221124980978
01-23 05:00:00,875.4996466149285
01-23 06:00:00,918.3859102056906
01-23 07:00:00,930.5356015114285
01-23 08:00:00,922.4372167707792
01-23 09:00:00,917.4285493155553
01-23 10:00:00,930.8528148594564
01-23 11:00:00,897.8887975089696
01-23 12:00:00,840.9292869819323
01-23 13:00:00,810.6729754676211
01-23 14:00:00,817.7463387047803
01-23 15:00:00,847.2838739176754
01-23 16:00:00,854.0765033719514
01-23 17:00:00,906.6401899138799
01-23 18:00:00,879.4624330899044
01-23 19:00:00,884.4236168478074
01-23 20:00:00,930.4389056335792
01-23 21:00:00,936.3627830379294
01-23 22:00:00,919.584398110687
01-23 23:00:00,903.674909569646
01-24 00:00:00,887.7593920375886
01-24 01:00:00,876.0221003545402
01-24 02:00:00,849.2981996200173
01-24 03:00:00,804.6783983152047
01-24 04:00:00,881.8239377321175
01-24 05:00:00,899.2642640172674
01-24 06:00:00,914.6717589097545
01-24 07:00:00,936.3272212597897
01-24 08:00:00,994.4543847752182
01-24 09:00:00,969.0238408628195
01-24 10:00:00,948.8800765979934
01-24 11:00:00,911.4326704779751
01-24 12:00:00,894.4259433912121
01-24 13:00:00,901.4340416469005
01-24 14:00:00,921.7753663736517
01-24 15:00:00,956.0929667999307
01-24 16:00:00,1032.2228327461166
01-24 17:00:00,1076.47192873617
01-24 18:00:00,1087.6347319749018
01-24 19:00:00,1134.326598185477
01-24 20:00:00,1121.2337810443544
01-24 21:00:00,1101.1444177723693
01-24 22:00:00,1109.4241959442015
01-24 23:00:00,1101.9000953091092
01-25 00:00:00,1075.2110491956043
01-25 01:00:00,1053.2279673645514
01-25 02:00:00,1051.1797047276627
01-25 03:00:00,1106.7713122606672
01-25 04:00:00,1127.4140121968512
01-25 05:00:00,1113.9113609354408
01-25 06:00:00,1117.2873088398446
01-25 07:00:00,1093.3838769459228
01-25 08:00:00,1085.6625306667597
01-25 09:00:00,1070.8945334883852
01-25 10:00:00,1025.662915728315
01-25 11:00:00,1028.777354692059
01-25 12:00:00,997.0721688091154
01-25 13:00:00,973.4961104414134
01-25 14:00:00,994.9292638632855
01-25 15:00:00,990.6327291386124
01-25 16:00:00,995.2788167025584
01-25 17:00:00,1058.0256709891732
01-25 18:00:00,1046.3834326272072
01-25 19:00:00,1044.0404624488635
01-25 20:00:00,1014.3950193936678
01-25 21:00:00,1002.7171411187105
01-25 22:00:00,982.452942633116
01-25 23:00:00,994.5600583211367
01-26 00:00:00,1000.5840425629855
01-26 01:00:00,996.266613016438
01-26 02:00:00,1021.0833419520917
01-26 03:00:00,1033.2522008750584
01-26 04:00:00,1012.1470435244017
01-26 05:00:00,1061.991138091895
01-26 06:00:00,1051.9921054339827
01-26 07:00:00,1043.9100415026905
01-26 08:00:00,1052.0386871039495
01-26 09:00:00,1028.1259630699908
01-26 10:00:00,992.1938114430512
01-26 11:00:00,975.5169678372
01-26 12:00:00,940.337337179619
01-26 13:00:00,919.3340721497733
01-26 14:00:00,948.2376027716775
01-26 15:00:00,954.3991094342759
01-26 16:00:00,986.8372430373822
01-26 17:00:00,1007.5767617803239
01-26 18:00:00,1036.0939552530697
01-26 19:00:00,1060.4805259102118
01-26 20:00:00,1050.8759854391728
01-26 21:00:00,1071.658191237494
01-26 22:00:00,1096.2351738977543
01-26 23:00:00,1114.884688903423
01-27 00:00:00,1152.8586625382516
01-27 01:00:00,1195.597496698559
01-27 02:00:00,1199.780794359484
01-27 03:00:00,1201.9929861557232
01-27 04:00:00,1212.9475377165172
01-27 05:00:00,1196.0568531958138
01-27 06:00:00,1172.9152072899058
01-27 07:00:00,1188.5023729549405
01-27 08:00:00,1183.2777396222775
01-27 09:00:00,1168.1534097030114
01-27 10:00:00,1202.5292238323973
01-27 11:00:00,1215.289600704365
01-27 12:00:00,1186.2813574698234
01-27 13:00:00,1163.2159791243805
01-27 14:00:00,1143.6323228630963
01-27 15:00:00,1148.8090115856546
01-27 16:00:00,1141.7923188799734
01-27 17:00:00,1118.516427856438
01-27 18:00:00,1095.4472886294832
01-27 19:00:00,1082.5570842106001
01-27 20:00:00,1065.7975644842506
01-27 21:00:00,1045.702333727121
01-27 22:00:00,1038.5162784984461
01-27 23:00:00,1015.3559892396672
01-28 00:00:00,1011.1335901391883
01-28 01:00:00,1011.1823897417066
01-28 02:00:00,997.7864570191194
01-28 03:00:00,984.200425944448
01-28 04:00:00,969.2515476903831
01-28 05:00:00,954.4837950268316
01-28 06:00:00,932.4564418131337
01-28 07:00:00,914.9463356858735
01-28 08:00:00,891.1403164276751
01-28 09:00:00,886.6406674778098
01-28 10:00:00,858.8120838681256
01-28 11:00:00,839.4339784577761
01-28 12:00:00,841.1593560214474
01-28 13:00:00,840.6317621855269
01-28 14:00:00,806.3172173103551
01-28 15:00:00,806.3172173103551
01-28 16:00:00,790.3896713771609
01-28 17:00:00,747.5638081487108
01-28 18:00:00,592.1550501963055
01-28 19:00:00,627.226340458547
01-28 20:00:00,495.5929425460779
01-28 21:00:00,644.3864994020558
01-28 22:00:00,715.03351826516
01-28 23:00:00,751.8793602449193
01-29 00:00:00,736.5635601932765
01-29 01:00:00,750.378056193427
01-29 02:00:00,755.030966290958
01-29 03:00:00,756.8915246152171
01-29 04:00:00,760.7879778989052
01-29 05:00:00,786.8258231077332
01-29 06:00:00,769.978814194624
01-29 07:00:00,708.0215500270126
01-29 08:00:00,534.7713059646408
01-29 09:00:00,507.2975654708219
01-29 10:00:00,506.163000624099
01-29 11:00:00,513.1625361573165
01-29 12:00:00,595.4161827580981
01-29 13:00:00,692.1371714039135
01-29 14:00:00,669.2112838410872
01-29 15:00:00,586.3152766207579
01-29 16:00:00,532.2876355750135
01-29 17:00:00,564.1200134423077
01-29 18:00:00,667.2893281283059
01-29 19:00:00,672.6635746511872
01-29 20:00:00,693.1455458689271
01-29 21:00:00,652.2853580620639
01-29 22:00:00,629.3251199407243
01-29 23:00:00,622.6983727483816
01-30 00:00:00,608.5627688977241
01-30 01:00:00,605.1862747422949
01-30 02:00:00,629.0576733897183
01-30 03:00:00,631.8354853886706
01-30 04:00:00,693.566127555703
01-30 05:00:00,703.5756215395189
01-30 06:00:00,748.0107204755705
01-30 07:00:00,792.0858798284298
01-30 08:00:00,799.632195623485
01-30 09:00:00,773.9190286305188
01-30 10:00:00,761.6858027802375
01-30 11:00:00,699.8924928846437
01-30 12:00:00,717.2114205713048
01-30 13:00:00,733.3601014401705
01-30 14:00:00,751.7200475858747
01-30 15:00:00,769.8380432015671
01-30 16:00:00,765.6960341273073
01-30 17:00:00,784.7123358684037
01-30 18:00:00,786.2956252228471
01-30 19:00:00,790.8447572394941
01-30 20:00:00,788.6627949455122
01-30 21:00:00,795.2382087020962
01-30 22:00:00,795.1689694042991
01-30 23:00:00,784.3782886600964
01-31 00:00:00,779.9126040418116
01-31 01:00:00,775.8599583078253
01-31 02:00:00,781.4313226891535
01-31 03:00:00,781.5490244294481
01-31 04:00:00,798.4914602701264
01-31 05:00:00,784.3981027607618
01-31 06:00:00,808.1594120142212
01-31 07:00:00,807.7809049757686
01-31 08:00:00,798.6056129212894
01-31 09:00:00,814.1869516588708
01-31 10:00:00,797.6693675985856
01-31 11:00:00,777.1798706625373
01-31 12:00:00,751.4082597862488
01-31 13:00:00,719.4426963523929
01-31 14:00:00,695.0702041329631
01-31 15:00:00,671.2188305650562
01-31 16:00:00,663.6459479311222
01-31 17:00:00,691.822612991842
01-31 18:00:00,722.0019692887691
01-31 19:00:00,738.1470344927545
01-31 20:00:00,778.6676851471044
01-31 21:00:00,787.8833394962364
01-31 22:00:00,807.5662255454669
01-31 23:00:00,797.3636244672265
02-01 00:00:00,786.1787341946798
02-01 01:00:00,772.0773756329171
02-01 02:00:00,776.2140335196024
02-01 03:00:00,774.7242695765912
02-01 04:00:00,765.7647578447176
02-01 05:00:00,784.1142154545131
02-01 06:00:00,775.3113488512964
02-01 07:00:00,754.2732872872482
02-01 08:00:00,745.1259139067142
02-01 09:00:00,737.1413169205998
02-01 10:00:00,722.8312870130262
02-01 11:00:00,722.4798294397232
02-01 12:00:00,692.672369074313
02-01 13:00:00,650.5417399467262
02-01 14:00:00,669.6125204803983
02-01 15:00:00,688.1071479614322
02-01 16:00:00,712.1603295392065
02-01 17:00:00,712.3597809748087
02-01 18:00:00,720.5371148273728
02-01 19:00:00,720.0342110397188
02-01 20:00:00,725.7445854347854
02-01 21:00:00,719.8277018890814
02-01 22:00:00,717.0865084284546
02-01 23:00:00,730.5657279541965
02-02 00:00:00,735.2296381796538
02-02 01:00:00,734.425552834192
02-02 02:00:00,709.8424935694043
02-02 03:00:00,676.8335115384853
02-02 04:00:00,714.3177512396801
02-02 05:00:00,740.0240501064753
02-02 06:00:00,759.859381899983
02-02 07:00:00,744.6748630842052
02-02 08:00:00,732.2337438398567
02-02 09:00:00,709.2919406625944
02-02 10:00:00,683.4789803280289
02-02 11:00:00,652.2269194066305
02-02 12:00:00,620.2278662707499
02-02 13:00:00,622.2983770230261
02-02 14:00:00,605.5345861887754
02-02 15:00:00,600.5974856460182
02-02 16:00:00,600.3134063897073
02-02 17:00:00,619.1541325329285
02-02 18:00:00,626.5658655237567
02-02 19:00:00,637.1286786178308
02-02 20:00:00,643.854953528545
02-02 21:00:00,645.7101059957715
02-02 22:00:00,609.6895495264278
02-02 23:00:00,653.1818228115295
02-03 00:00:00,657.588808707938
02-03 01:00:00,647.3416693310025
02-03 02:00:00,657.0292675080332
02-03 03:00:00,663.7695881447703
02-03 04:00:00,663.1208738190294
02-03 05:00:00,676.6137906410222
02-03 06:00:00,651.6291508494138
02-03 07:00:00,664.9126406486663
02-03 08:00:00,662.7776338138551
02-03 09:00:00,648.0178516338262
02-03 10:00:00,578.516600770088
02-03 11:00:00,542.1279099414595
02-03 12:00:00,542.2900631718645
02-03 13:00:00,559.102435938912
02-03 14:00:00,549.170061210662
02-03 15:00:00,561.5300130212524
02-03 16:00:00,565.0629318985774
02-03 17:00:00,556.8252794395669
02-03 18:00:00,559.9959943451382
02-03 19:00:00,491.82398839989116
02-03 20:00:00,491.3711213373453
02-03 21:00:00,564.893165796864
02-03 22:00:00,593.3643714918063
02-03 23:00:00,516.6948243239161
02-04 00:00:00,472.3804847141196
02-04 01:00:00,489.283531828221
02-04 02:00:00,588.3584172161902
02-04 03:00:00,620.0106497201097
02-04 04:00:00,655.141893268551
02-04 05:00:00,649.9728070387787
02-04 06:00:00,667.119844953611
02-04 07:00:00,747.3526807226269
02-04 08:00:00,760.8439295915799
02-04 09:00:00,687.7051392486312
02-04 10:00:00,615.0320106555657
02-04 11:00:00,533.4249051389736
02-04 12:00:00,479.1214108874288
02-04 13:00:00,477.22654981727203
02-04 14:00:00,485.50777589593935
02-04 15:00:00,486.62984405600866
02-04 16:00:00,524.6360887500254
02-04 17:00:00,566.937991068618
02-04 18:00:00,620.2497464725125
02-04 19:00:00,652.0623032450721
02-04 20:00:00,639.3564837950485
02-04 21:00:00,668.6447910010512
02-04 22:00:00,671.737849051765
02-04 23:00:00,671.4580798277066
02-05 00:00:00,689.3760467379861
02-05 01:00:00,701.5050285543645
02-05 02:00:00,724.2142627304947
02-05 03:00:00,734.6368157027696
02-05 04:00:00,737.2487947684415
02-05 05:00:00,762.0515962222064
02-05 06:00:00,766.4607867533584
02-05 07:00:00,792.3989777752164
02-05 08:00:00,815.8234065632329
02-05 09:00:00,687.7115652079835
02-05 10:00:00,591.9187752370782
02-05 11:00:00,540.0207260408173
02-05 12:00:00,442.71513018508006
02-05 13:00:00,370.3272598176114
02-05 14:00:00,369.42600300715964
02-05 15:00:00,376.3771113449492
02-05 16:00:00,443.7470561630521
02-05 17:00:00,465.0575510260827
02-05 18:00:00,504.3708561544545
02-05 19:00:00,542.6527476627268
02-05 20:00:00,548.2154267762946
02-05 21:00:00,589.6678786133339
02-05 22:00:00,618.5333721807762
02-05 23:00:00,652.2721640529398
02-06 00:00:00,658.3474640422523
02-06 01:00:00,667.0688704329635
02-06 02:00:00,696.4995147849941
02-06 03:00:00,723.3382405609594
02-06 04:00:00,715.3075254094344
02-06 05:00:00,722.1489115770595
02-06 06:00:00,735.339770043196
02-06 07:00:00,731.2447094438044
02-06 08:00:00,739.6463023647703
02-06 09:00:00,702.7134692824826
02-06 10:00:00,656.2158114706768
02-06 11:00:00,637.654150671103
02-06 12:00:00,587.7479568510192
02-06 13:00:00,565.0627999015437
02-06 14:00:00,582.0536920012047
02-06 15:00:00,562.3629009773999
02-06 16:00:00,576.6976767412721
02-06 17:00:00,614.0879779801111
02-06 18:00:00,623.0690156685132
02-06 19:00:00,644.0466309867084
02-06 20:00:00,652.6849476898478
02-06 21:00:00,644.3412203481927
02-06 22:00:00,659.9474500511201
02-06 23:00:00,685.3338202881184
02-07 00:00:00,718.2927960348876
02-07 01:00:00,711.5594353482068
02-07 02:00:00,716.2380796671466
02-07 03:00:00,712.8772559212855
02-07 04:00:00,730.8175599867747
02-07 05:00:00,748.2513913092903
02-07 06:00:00,761.6736225215092
02-07 07:00:00,751.3787204578988
02-07 08:00:00,765.8771566686036
02-07 09:00:00,694.187663141978
02-07 10:00:00,660.7981631543282
02-07 11:00:00,684.2188278543755
02-07 12:00:00,646.8933002568392
02-07 13:00:00,653.6917390823153
02-07 14:00:00,670.0980991783606
02-07 15:00:00,692.4483646448844
02-07 16:00:00,715.2026064122757
02-07 17:00:00,756.4165121300983
02-07 18:00:00,796.9413639286472
02-07 19:00:00,852.1509496747306
02-07 20:00:00,874.590037918595
02-07 21:00:00,879.7697834458994
02-07 22:00:00,884.8942058136857
02-07 23:00:00,841.2783146016055
02-08 00:00:00,873.3044712746937
02-08 01:00:00,886.8451423812038
02-08 02:00:00,905.4640773586051
02-08 03:00:00,916.3509293122848
02-08 04:00:00,928.7292005642585
02-08 05:00:00,933.7330002876025
02-08 06:00:00,930.2142082902773
02-08 07:00:00,939.7662877034201
02-08 08:00:00,933.6012893377227
02-08 09:00:00,906.2431705802167
02-08 10:00:00,808.6471360106549
02-08 11:00:00,718.0340505851836
02-08 12:00:00,673.2812444332938
02-08 13:00:00,636.5379702872877
02-08 14:00:00,636.5314711622668
02-08 15:00:00,652.8371302385871
02-08 16:00:00,802.0816644245136
02-08 17:00:00,854.0050611019385
02-08 18:00:00,880.1542018059251
02-08 19:00:00,898.8824088186874
02-08 20:00:00,917.2532286086577
02-08 21:00:00,930.833502908812
02-08 22:00:00,944.6427019558478
02-08 23:00:00,953.9872153714776
02-09 00:00:00,961.9655885847409
02-09 01:00:00,957.5513117220086
02-09 02:00:00,954.7362728423742
02-09 03:00:00,966.6551540850659
02-09 04:00:00,977.2934065016975
02-09 05:00:00,996.7251954810928
02-09 06:00:00,995.6749837363318
02-09 07:00:00,999.4097824963501
02-09 08:00:00,999.2989787679797
02-09 09:00:00,986.2080113303872
02-09 10:00:00,978.0794596679287
02-09 11:00:00,976.5634823566941
02-09 12:00:00,959.0801420116078
02-09 13:00:00,945.9964451643898
02-09 14:00:00,945.5379774363033
02-09 15:00:00,938.9425706034735
02-09 16:00:00,942.6521871751495
02-09 17:00:00,957.3598728548087
02-09 18:00:00,964.3374017267445
02-09 19:00:00,1004.7156504438518
02-09 20:00:00,1025.158295231699
02-09 21:00:00,1021.7790116731597
02-09 22:00:00,1008.6837979085687
02-09 23:00:00,995.9937038473996
02-10 00:00:00,1007.9516120311159
02-10 01:00:00,1018.1941888226013
02-10 02:00:00,1003.6671537336051
02-10 03:00:00,999.4439135266389
02-10 04:00:00,998.371211768555
02-10 05:00:00,989.2191033134787
02-10 06:00:00,990.8461538440953
02-10 07:00:00,990.1613365409763
02-10 08:00:00,988.63341421978
02-10 09:00:00,987.4696663425487
02-10 10:00:00,967.6395323443911
02-10 11:00:00,936.0963340333811
02-10 12:00:00,923.3880879863352
02-10 13:00:00,872.6922776481
02-10 14:00:00,839.1072709047385
02-10 15:00:00,815.7489829887594
02-10 16:00:00,853.7821528545727
02-10 17:00:00,930.6903620615689
02-10 18:00:00,1003.5460205189412
02-10 19:00:00,1105.276415285656
02-10 20:00:00,1169.1471350765746
02-10 21:00:00,1211.9818195183225
02-10 22:00:00,1243.7900892191751
02-10 23:00:00,1300.7835554902028
02-11 00:00:00,1346.6913908145625
02-11 01:00:00,1375.8615141896987
02-11 02:00:00,1403.1944515187054
02-11 03:00:00,1424.2240978908985
02-11 04:00:00,1449.9282766880265
02-11 05:00:00,1466.2692868489703
02-11 06:00:00,1470.3562044339692
02-11 07:00:00,1466.612006652478
02-11 08:00:00,1454.5156830315434
02-11 09:00:00,1442.501450828858
02-11 10:00:00,1431.1292972416893
02-11 11:00:00,1422.5799270275058
02-11 12:00:00,1400.7465638235822
02-11 13:00:00,1379.0246717761902
02-11 14:00:00,1363.8581822762371
02-11 15:00:00,1357.5782993995547
02-11 16:00:00,1364.0342488590013
02-11 17:00:00,1390.4525784307511
02-11 18:00:00,1404.3739448873034
02-11 19:00:00,1410.1551082351664
02-11 20:00:00,1417.5972939428214
02-11 21:00:00,1417.4015126743718
02-11 22:00:00,1433.885777347108
02-11 23:00:00,1447.8133737888527
02-12 00:00:00,1477.964303082601
02-12 01:00:00,1498.5839023963727
02-12 02:00:00,1493.85284899631
02-12 03:00:00,1473.190458813253
02-12 04:00:00,1479.4346070864426
02-12 05:00:00,1494.3881883610081
02-12 06:00:00,1498.2491990811789
02-12 07:00:00,1504.510361873335
02-12 08:00:00,1487.6031840239377
02-12 09:00:00,1478.509197827157
02-12 10:00:00,1455.9413712276512
02-12 11:00:00,1425.1467267792054
02-12 12:00:00,1388.464182306906
02-12 13:00:00,1367.986364707617
02-12 14:00:00,1367.9500338299563
02-12 15:00:00,1369.1844998374836
02-12 16:00:00,1382.6523376444106
02-12 17:00:00,1401.9759679449521
02-12 18:00:00,1417.5705682570729
02-12 19:00:00,1383.6524746039684
02-12 20:00:00,1361.5733684066818
02-12 21:00:00,1365.0667967656054
02-12 22:00:00,1379.9444444370183
02-12 23:00:00,1402.9898418297594
02-13 00:00:00,1418.9026441936103
02-13 01:00:00,1433.4682917929697
02-13 02:00:00,1444.300973783804
02-13 03:00:00,1475.1083790205957
02-13 04:00:00,1501.1907426253217
02-13 05:00:00,1519.2290944737622
02-13 06:00:00,1543.2715105279087
02-13 07:00:00,1543.5571597350347
02-13 08:00:00,1542.8848319778747
02-13 09:00:00,1534.262788386677
02-13 10:00:00,1496.2691549258534
02-13 11:00:00,1464.4801359602852
02-13 12:00:00,1460.5050039359228
02-13 13:00:00,1436.6347663039628
02-13 14:00:00,1409.112302464711
02-13 15:00:00,1398.9085990975952
02-13 16:00:00,1395.41877399553
02-13 17:00:00,1417.617903424873
02-13 18:00:00,1500.7147481294555
02-13 19:00:00,1532.0098480686395
02-13 20:00:00,1513.01448467946
02-13 21:00:00,1543.4683904636065
02-13 22:00:00,1598.0641322941576
02-13 23:00:00,1659.6355342075108
02-14 00:00:00,1713.454099541072
02-14 01:00:00,1737.0031607365179
02-14 02:00:00,1747.9551595168487
02-14 03:00:00,1777.2445868165057
02-14 04:00:00,1764.260098024233
02-14 05:00:00,1771.926286180535
02-14 06:00:00,1808.643846829049
02-14 07:00:00,1813.5661513890109
02-14 08:00:00,1772.9748440682533
02-14 09:00:00,1685.8390118937368
02-14 10:00:00,1523.5622947548113
02-14 11:00:00,1414.4015988218034
02-14 12:00:00,1337.830566145712
02-14 13:00:00,1271.6940345484813
02-14 14:00:00,1237.1921665823606
02-14 15:00:00,1223.0332023412652
02-14 16:00:00,1246.3554123619317
02-14 17:00:00,1298.041021850415
02-14 18:00:00,1352.2664455475867
02-14 19:00:00,1365.5399166927843
02-14 20:00:00,1389.5597142652407
02-14 21:00:00,1390.9095944559958
02-14 22:00:00,1370.3641475250633
02-14 23:00:00,1348.8663340195726
02-15 00:00:00,1327.905328543609
02-15 01:00:00,1349.750618607145
02-15 02:00:00,1378.4506761534083
02-15 03:00:00,1385.9375156288318
02-15 04:00:00,1383.5461796977052
02-15 05:00:00,1424.3480429055003
02-15 06:00:00,1374.1140932483586
02-15 07:00:00,1386.2534322578915
02-15 08:00:00,1319.166534387409
02-15 09:00:00,1144.8085714353283
02-15 10:00:00,1035.1127199838945
02-15 11:00:00,974.8665479125788
02-15 12:00:00,914.2700348073691
02-15 13:00:00,861.5930675840516
02-15 14:00:00,851.8644815737327
02-15 15:00:00,851.0231642012064
02-15 16:00:00,865.5678414105594
02-15 17:00:00,870.9811357164484
02-15 18:00:00,863.7487447309893
02-15 19:00:00,872.1632438495049
02-15 20:00:00,860.1890732910168
02-15 21:00:00,831.4724410370321
02-15 22:00:00,836.166066533167
02-15 23:00:00,857.8019910381114
02-16 00:00:00,867.5350380550315
02-16 01:00:00,884.8632565825361
02-16 02:00:00,875.9774188110446
02-16 03:00:00,854.7732378366148
02-16 04:00:00,864.2657935262168
02-16 05:00:00,840.6570569115016
02-16 06:00:00,839.8152275891478
02-16 07:00:00,837.150713099479
02-16 08:00:00,818.0641852681226
02-16 09:00:00,749.1740436837764
02-16 10:00:00,716.3549990180281
02-16 11:00:00,674.835611680558
02-16 12:00:00,646.3243686421624
02-16 13:00:00,580.0636636457128
02-16 14:00:00,532.2982341377318
02-16 15:00:00,546.9445570668365
02-16 16:00:00,590.2258295389599
02-16 17:00:00,615.1181621848087
02-16 18:00:00,624.6252466951046
02-16 19:00:00,663.4725755693784
02-16 20:00:00,695.5095775205716
02-16 21:00:00,698.7958015387956
02-16 22:00:00,695.6078984984495
02-16 23:00:00,727.0868138455988
02-17 00:00:00,683.5173495162888
02-17 01:00:00,694.5822964251207
02-17 02:00:00,709.8556448845399
02-17 03:00:00,656.8301688599814
02-17 04:00:00,649.227893910347
02-17 05:00:00,664.913743784363
02-17 06:00:00,680.7809220704708
02-17 07:00:00,695.5783610203468
02-17 08:00:00,685.31148081826
02-17 09:00:00,665.6379256700737
02-17 10:00:00,605.7371472941155
02-17 11:00:00,568.4865809796295
02-17 12:00:00,465.09449092688277
02-17 13:00:00,462.2057322152444
02-17 14:00:00,456.29098688567575
02-17 15:00:00,465.9091339085014
02-17 16:00:00,527.3354213678977
02-17 17:00:00,590.6374216954265
02-17 18:00:00,633.9396546580475
02-17 19:00:00,638.7187360554608
02-17 20:00:00,713.6599182574456
02-17 21:00:00,749.5197054507901
02-17 22:00:00,782.7057410046183
02-17 23:00:00,800.7623343128284
02-18 00:00:00,811.6444279090188
02-18 01:00:00,811.148883554461
02-18 02:00:00,826.908912336781
02-18 03:00:00,845.6293322673237
02-18 04:00:00,877.2396555116812
02-18 05:00:00,895.1234817362983
02-18 06:00:00,908.7095113095405
02-18 07:00:00,922.816968948381
02-18 08:00:00,885.5187808791329
02-18 09:00:00,797.6876190124684
02-18 10:00:00,702.234834088146
02-18 11:00:00,614.5946372226432
02-18 12:00:00,545.4320772664424
02-18 13:00:00,478.2681117619071
02-18 14:00:00,438.0981065907293
02-18 15:00:00,433.7071356238701
02-18 16:00:00,499.89876038639187
02-18 17:00:00,550.2302574872823
02-18 18:00:00,582.143486090639
02-18 19:00:00,598.8445810128862
02-18 20:00:00,606.2813912481122
02-18 21:00:00,615.2539244040419
02-18 22:00:00,647.5308415036394
02-18 23:00:00,604.5500406346116
02-19 00:00:00,621.9809094291079
02-19 01:00:00,670.0252892753739
02-19 02:00:00,653.9039352013572
02-19 03:00:00,670.2898629914821
02-19 04:00:00,665.0433631863299
02-19 05:00:00,645.9668018577916
02-19 06:00:00,659.7823365901779
02-19 07:00:00,652.973142142314
02-19 08:00:00,647.1205222581584
02-19 09:00:00,616.7447225654274
02-19 10:00:00,535.5164593126802
02-19 11:00:00,434.63148719870424
02-19 12:00:00,353.05674803863707
02-19 13:00:00,310.37535945549257
02-19 14:00:00,292.42891051780674
02-19 15:00:00,306.3239964396849
02-19 16:00:00,374.94973675110106
02-19 17:00:00,412.78653411425273
02-19 18:00:00,485.273050753157
02-19 19:00:00,520.6560020166407
02-19 20:00:00,542.0886351389395
02-19 21:00:00,584.0265781490808
02-19 22:00:00,597.7410970472718
02-19 23:00:00,620.2181059180898
02-20 00:00:00,613.0550670836677
02-20 01:00:00,623.3264528042198
02-20 02:00:00,660.86261057619
02-20 03:00:00,683.5581505901731
02-20 04:00:00,742.1544215469158
02-20 05:00:00,741.2776908951361
02-20 06:00:00,734.0125420333181
02-20 07:00:00,765.0776151083543
02-20 08:00:00,741.1298905407164
02-20 09:00:00,645.7433974905407
02-20 10:00:00,533.2397928506359
02-20 11:00:00,429.15058392632346
02-20 12:00:00,354.9322930727127
02-20 13:00:00,311.05708097206286
02-20 14:00:00,286.41008672741
02-20 15:00:00,294.7983287634259
02-20 16:00:00,354.02741764386866
02-20 17:00:00,398.11829781183263
02-20 18:00:00,456.9178776909539
02-20 19:00:00,528.4871230499795
02-20 20:00:00,548.7423135997592
02-20 21:00:00,565.2005826090738
02-20 22:00:00,606.1845296655096
02-20 23:00:00,637.581450642398
02-21 00:00:00,633.0503503990295
02-21 01:00:00,662.79696369296
02-21 02:00:00,683.3434036613277
02-21 03:00:00,701.2370150489309
02-21 04:00:00,754.0983247480737
02-21 05:00:00,747.2666802867851
02-21 06:00:00,789.7746979353234
02-21 07:00:00,787.6795124371171
02-21 08:00:00,767.747802863616
02-21 09:00:00,657.5554640691299
02-21 10:00:00,509.68340279040905
02-21 11:00:00,459.85385393638444
02-21 12:00:00,373.80200009993916
02-21 13:00:00,308.34884487860205
02-21 14:00:00,253.1011860425098
02-21 15:00:00,265.6556273986676
02-21 16:00:00,350.9972642957795
02-21 17:00:00,387.70561196802225
02-21 18:00:00,445.84033747886065
02-21 19:00:00,468.53502231132154
02-21 20:00:00,547.3970986072289
02-21 21:00:00,597.2073638929201
02-21 22:00:00,577.9299185368747
02-21 23:00:00,602.8108366350239
02-22 00:00:00,609.802705940566
02-22 01:00:00,637.8211624675704
02-22 02:00:00,648.7033226496036
02-22 03:00:00,708.5352360111048
02-22 04:00:00,721.6999048805367
02-22 05:00:00,742.0722286121778
02-22 06:00:00,719.1872327710972
02-22 07:00:00,724.8418901815437
02-22 08:00:00,643.1022342976134
02-22 09:00:00,516.6624389974868
02-22 10:00:00,386.21427089601104
02-22 11:00:00,348.7252148158796
02-22 12:00:00,296.5641649442987
02-22 13:00:00,245.2288329136681
02-22 14:00:00,235.98266097000575
02-22 15:00:00,236.17431235255347
02-22 16:00:00,267.38997204134523
02-22 17:00:00,333.6658921131474
02-22 18:00:00,354.9100855751369
02-22 19:00:00,417.1795982803658
02-22 20:00:00,422.5762630610418
02-22 21:00:00,460.11955873887325
02-22 22:00:00,516.4097427950394
02-22 23:00:00,538.7477567625513
02-23 00:00:00,535.6906897253232
02-23 01:00:00,557.1262153754501
02-23 02:00:00,573.4623236619884
02-23 03:00:00,585.6272295424717
02-23 04:00:00,668.5556071655482
02-23 05:00:00,638.9032197935296
02-23 06:00:00,646.2452645164083
02-23 07:00:00,718.8824217477865
02-23 08:00:00,663.3611515708081
02-23 09:00:00,575.2914641235524
02-23 10:00:00,496.7504154855404
02-23 11:00:00,402.32922878688174
02-23 12:00:00,329.4227328904572
02-23 13:00:00,284.0828534748638
02-23 14:00:00,243.21266922636983
02-23 15:00:00,244.42342699486392
02-23 16:00:00,271.1946115561999
02-23 17:00:00,336.4961356178106
02-23 18:00:00,385.5628294042317
02-23 19:00:00,435.66124658677654
02-23 20:00:00,474.6057513329255
02-23 21:00:00,490.9780392148183
02-23 22:00:00,528.1414495585492
02-23 23:00:00,532.9868715489417
02-24 00:00:00,536.1643733548609
02-24 01:00:00,536.0904483149902
02-24 02:00:00,547.0332308328813
02-24 03:00:00,566.8619553805041
02-24 04:00:00,600.3631484187662
02-24 05:00:00,609.8514966401264
02-24 06:00:00,647.5393597978324
02-24 07:00:00,659.8046194310022
02-24 08:00:00,593.2260601785653
02-24 09:00:00,539.423708324328
02-24 10:00:00,440.34300933326267
02-24 11:00:00,363.25980178535946
02-24 12:00:00,297.6509508277243
02-24 13:00:00,237.07516234795185
02-24 14:00:00,191.0401162962516
02-24 15:00:00,188.73587131008293
02-24 16:00:00,242.96820171816123
02-24 17:00:00,287.916069820468
02-24 18:00:00,341.3388528994269
02-24 19:00:00,369.69633254992306
02-24 20:00:00,429.2728327884694
02-24 21:00:00,458.02441723682597
02-24 22:00:00,482.15546668916295
02-24 23:00:00,518.884505127724
02-25 00:00:00,521.148496402436
02-25 01:00:00,563.3854793469494
02-25 02:00:00,546.6833758172038
02-25 03:00:00,599.4451619156405
02-25 04:00:00,594.0353455361569
02-25 05:00:00,614.9691892307853
02-25 06:00:00,649.8159995161268
02-25 07:00:00,662.6612566576251
02-25 08:00:00,651.2328875110064
02-25 09:00:00,525.2703983949672
02-25 10:00:00,400.69630708788446
02-25 11:00:00,329.2408760616147
02-25 12:00:00,264.0536396160826
02-25 13:00:00,214.9818284083666
02-25 14:00:00,176.91472421875574
02-25 15:00:00,177.96838601702643
02-25 16:00:00,224.85172206467925
02-25 17:00:00,282.16914902169395
02-25 18:00:00,343.0299541280814
02-25 19:00:00,401.84494112134024
02-25 20:00:00,422.84343825026787
02-25 21:00:00,453.8244094249226
02-25 22:00:00,495.58871065866373
02-25 23:00:00,536.4392933287485
02-26 00:00:00,556.8115003193856
02-26 01:00:00,580.1947353116441
02-26 02:00:00,627.1932282739053
02-26 03:00:00,613.1202220161761
02-26 04:00:00,628.5743959250866
02-26 05:00:00,638.0869354978482
02-26 06:00:00,684.4513188384943
02-26 07:00:00,679.4077044707661
02-26 08:00:00,620.409878100505
02-26 09:00:00,512.3715528708084
02-26 10:00:00,437.70286103413594
02-26 11:00:00,331.8245830794162
02-26 12:00:00,251.43022346771878
02-26 13:00:00,228.1546351112693
02-26 14:00:00,203.58478505173522
02-26 15:00:00,209.30754932758094
02-26 16:00:00,241.71053252395097
02-26 17:00:00,311.4582375265336
02-26 18:00:00,358.2329689749663
02-26 19:00:00,384.61284694563216
02-26 20:00:00,416.13953224354555
02-26 21:00:00,439.61609180144046
02-26 22:00:00,482.445015683093
02-26 23:00:00,477.9934802386245
02-27 00:00:00,480.9438026946875
02-27 01:00:00,496.4114805518138
02-27 02:00:00,551.2310294315884
02-27 03:00:00,585.7329224562053
02-27 04:00:00,623.7682738026921
02-27 05:00:00,656.4185440493636
02-27 06:00:00,675.3061250431704
02-27 07:00:00,687.1955503933931
02-27 08:00:00,693.773824342935
02-27 09:00:00,698.1689997918693
02-27 10:00:00,687.993554188308
02-27 11:00:00,686.9927033972189
02-27 12:00:00,685.732586444809
02-27 13:00:00,682.4510369955754
02-27 14:00:00,674.8924202736962
02-27 15:00:00,662.8220195437016
02-27 16:00:00,661.0570238857332
02-27 17:00:00,663.0728507300721
02-27 18:00:00,664.2105021244654
02-27 19:00:00,665.5662198497105
02-27 20:00:00,677.6275562549993
02-27 21:00:00,691.8133302188814
02-27 22:00:00,718.9255087648338
02-27 23:00:00,757.3453663538785
02-28 00:00:00,806.7738551764935
02-28 01:00:00,845.8440412507791
02-28 02:00:00,840.5121480688331
02-28 03:00:00,835.7882337206665
02-28 04:00:00,838.1950512864097
02-28 05:00:00,832.7005781216666
02-28 06:00:00,837.4671972347533
02-28 07:00:00,857.3365818081044
02-28 08:00:00,865.9868561509503
02-28 09:00:00,836.1358405703066
02-28 10:00:00,789.0421688139911
02-28 11:00:00,754.39661293521
02-28 12:00:00,718.9332758353039
02-28 13:00:00,674.7885474622451
02-28 14:00:00,659.4606048571167
02-28 15:00:00,641.8260875575834
02-28 16:00:00,641.9221312236762
02-28 17:00:00,688.8628375288345
02-28 18:00:00,732.4540138255597
02-28 19:00:00,755.3364061255169
02-28 20:00:00,807.5437198166863
02-28 21:00:00,845.6467785956819
02-28 22:00:00,859.71979189183
02-28 23:00:00,860.3867874769078
03-01 00:00:00,910.1937606836204
03-01 01:00:00,903.9884773907338
03-01 02:00:00,939.344919712391
03-01 03:00:00,942.3225968151389
03-01 04:00:00,984.3423039543007
03-01 05:00:00,998.9634224344397
03-01 06:00:00,1032.4232386112378
03-01 07:00:00,1043.3225269641323
03-01 08:00:00,990.539192129627
03-01 09:00:00,943.9188899905042
03-01 10:00:00,885.4324891192042
03-01 11:00:00,783.7018376315036
03-01 12:00:00,644.092227969804
03-01 13:00:00,556.6743003586055
03-01 14:00:00,468.8420332737552
03-01 15:00:00,430.6817322727654
03-01 16:00:00,460.16491176369414
03-01 17:00:00,539.3337735529519
03-01 18:00:00,579.4606854179084
03-01 19:00:00,606.2303198303766
03-01 20:00:00,683.7638989166767
03-01 21:00:00,724.5136498826853
03-01 22:00:00,745.1264159574322
03-01 23:00:00,775.9485800261175
03-02 00:00:00,811.1202434045882
03-02 01:00:00,846.0130908915056
03-02 02:00:00,828.4125673270867
03-02 03:00:00,857.8206340062974
03-02 04:00:00,906.5365837600598
03-02 05:00:00,924.3195279419078
03-02 06:00:00,935.4811094508027
03-02 07:00:00,942.8413124529268
03-02 08:00:00,870.9827305142948
03-02 09:00:00,734.2062595776164
03-02 10:00:00,610.276107752035
03-02 11:00:00,509.59939055439827
03-02 12:00:00,450.91208627560076
03-02 13:00:00,358.3696795199604
03-02 14:00:00,299.5424708677091
03-02 15:00:00,289.34607186022635
03-02 16:00:00,351.73593882653296
03-02 17:00:00,388.20764691074334
03-02 18:00:00,463.8667681919136
03-02 19:00:00,488.65174977075276
03-02 20:00:00,578.3187905700921
03-02 21:00:00,607.0820339861781
03-02 22:00:00,628.7358857473399
03-02 23:00:00,635.8749550333235
03-03 00:00:00,679.2382572201532
03-03 01:00:00,673.6884430702087
03-03 02:00:00,664.6525622978437
03-03 03:00:00,720.8223695869207
03-03 04:00:00,738.869780894766
03-03 05:00:00,727.5573836535788
03-03 06:00:00,756.0305875176543
03-03 07:00:00,744.8722668273891
03-03 08:00:00,717.8191394317885
03-03 09:00:00,688.6878926031594
03-03 10:00:00,625.1199971101886
03-03 11:00:00,548.0206737651697
03-03 12:00:00,492.4022662012036
03-03 13:00:00,445.3575802962959
03-03 14:00:00,426.41415869768963
03-03 15:00:00,443.64157600771296
03-03 16:00:00,465.0999336452497
03-03 17:00:00,492.6328115716883
03-03 18:00:00,527.6488631795307
03-03 19:00:00,549.8380614187238
03-03 20:00:00,592.0482498158043
03-03 21:00:00,626.3647639569576
03-03 22:00:00,621.3651041717063
03-03 23:00:00,667.2374153914612
03-04 00:00:00,686.2110185364513
03-04 01:00:00,710.7677328883912
03-04 02:00:00,688.3478728174533
03-04 03:00:00,695.6657565562706
03-04 04:00:00,680.724429783319
03-04 05:00:00,690.6282552755006
03-04 06:00:00,693.6340622046813
03-04 07:00:00,667.6666139826837
03-04 08:00:00,634.9461331978516
03-04 09:00:00,576.2408905185246
03-04 10:00:00,505.3886305041103
03-04 11:00:00,420.6551505263476
03-04 12:00:00,357.97490004965863
03-04 13:00:00,309.9106649997521
03-04 14:00:00,310.38561690036005
03-04 15:00:00,324.2365865116607
03-04 16:00:00,337.2991219080841
03-04 17:00:00,366.60610634947835
03-04 18:00:00,447.41425566423834
03-04 19:00:00,475.75886021692116
03-04 20:00:00,513.1733004502842
03-04 21:00:00,594.9153691384802
03-04 22:00:00,635.3811284806716
03-04 23:00:00,634.5160723543852
03-05 00:00:00,665.3372590948619
03-05 01:00:00,673.1909395314482
03-05 02:00:00,677.6470824521559
03-05 03:00:00,683.4350844551047
03-05 04:00:00,688.5638594704033
03-05 05:00:00,691.6860698457659
03-05 06:00:00,693.7109897378446
03-05 07:00:00,688.3467801041228
03-05 08:00:00,658.3665201037276
03-05 09:00:00,647.43971679987
03-05 10:00:00,673.7884458015942
03-05 11:00:00,688.5551761376528
03-05 12:00:00,676.0971850177586
03-05 13:00:00,729.7727778776214
03-05 14:00:00,753.3942032512084
03-05 15:00:00,736.1857866372354
03-05 16:00:00,740.7006919105914
03-05 17:00:00,764.3143396630888
03-05 18:00:00,791.2638567514689
03-05 19:00:00,785.162136769704
03-05 20:00:00,782.3724097657569
03-05 21:00:00,786.2884429320985
03-05 22:00:00,797.1437768187857
03-05 23:00:00,806.9228620233213
03-06 00:00:00,823.2648423011924
03-06 01:00:00,843.6204869147807
03-06 02:00:00,867.3196330781863
03-06 03:00:00,884.0031421533653
03-06 04:00:00,908.0220934286896
03-06 05:00:00,929.8966147493703
03-06 06:00:00,937.6111948623077
03-06 07:00:00,957.9887785439496
03-06 08:00:00,935.5603982824542
03-06 09:00:00,884.8582135577547
03-06 10:00:00,831.0988824372537
03-06 11:00:00,786.605143626034
03-06 12:00:00,760.0537977442076
03-06 13:00:00,737.0234637065522
03-06 14:00:00,717.4990123288882
03-06 15:00:00,703.4343889079762
03-06 16:00:00,701.1266821669784
03-06 17:00:00,709.3787661923086
03-06 18:00:00,742.0996925693273
03-06 19:00:00,774.5587662047079
03-06 20:00:00,840.1119114575004
03-06 21:00:00,869.0302140206201
03-06 22:00:00,888.9779749846957
03-06 23:00:00,921.4151927653227
03-07 00:00:00,931.1096158054947
03-07 01:00:00,959.0225200009123
03-07 02:00:00,976.5286347058918
03-07 03:00:00,996.954917027844
03-07 04:00:00,990.1968411516692
03-07 05:00:00,986.4743502715486
03-07 06:00:00,967.1541851355302
03-07 07:00:00,950.2974101369841
03-07 08:00:00,910.2554486995699
03-07 09:00:00,842.6783089667932
03-07 10:00:00,821.7134833027512
03-07 11:00:00,758.0600661190824
03-07 12:00:00,717.0127554967075
03-07 13:00:00,675.2049423598364
03-07 14:00:00,642.8416248258341
03-07 15:00:00,597.2328627918317
03-07 16:00:00,561.9474081334232
03-07 17:00:00,571.8428423094567
03-07 18:00:00,627.0957780643778
03-07 19:00:00,647.3347054391478
03-07 20:00:00,668.2679687986255
03-07 21:00:00,684.0479909999459
03-07 22:00:00,689.1019895457962
03-07 23:00:00,700.5405554487039
03-08 00:00:00,725.8146165143714
03-08 01:00:00,726.8228912821453
03-08 02:00:00,726.8228912821453
03-08 03:00:00,721.6090866576008
03-08 04:00:00,738.87250024834
03-08 05:00:00,740.7228920868127
03-08 06:00:00,750.3086485944368
03-08 07:00:00,768.1005660479269
03-08 08:00:00,757.2699916859159
03-08 09:00:00,740.5421039139096
03-08 10:00:00,703.9993258977703
03-08 11:00:00,624.110161362968
03-08 12:00:00,558.984150388489
03-08 13:00:00,549.1915577605838
03-08 14:00:00,500.20850719359805
03-08 15:00:00,505.2428454755482
03-08 16:00:00,528.9923220178124
03-08 17:00:00,601.296024854414
03-08 18:00:00,680.0917615173885
03-08 19:00:00,722.2345099114215
03-08 20:00:00,746.9145654869284
03-08 21:00:00,724.3201112638549
03-08 22:00:00,741.8492020982092
03-08 23:00:00,785.6257669704474
03-09 00:00:00,853.4284704203232
03-09 01:00:00,898.6754216421836
03-09 02:00:00,923.9248902314795
03-09 03:00:00,965.4876192627227
03-09 04:00:00,986.4514355472961
03-09 05:00:00,1006.6519626255986
03-09 06:00:00,1036.5185402598754
03-09 07:00:00,1001.6871512336029
03-09 08:00:00,965.1472260507596
03-09 09:00:00,912.5002108135452
03-09 10:00:00,868.7703570582055
03-09 11:00:00,804.8692663280551
03-09 12:00:00,752.1956762024628
03-09 13:00:00,686.3603617539516
03-09 14:00:00,631.8407239204208
03-09 15:00:00,607.9097798309151
03-09 16:00:00,607.9681679980117
03-09 17:00:00,634.109239200604
03-09 18:00:00,703.4970220583523
03-09 19:00:00,732.3341040402331
03-09 20:00:00,752.1812709117914
03-09 21:00:00,738.180888459959
03-09 22:00:00,746.3433441270022
03-09 23:00:00,758.6358916612751
03-10 00:00:00,767.6909685627095
03-10 01:00:00,788.1432100015887
03-10 02:00:00,795.9977438148339
03-10 03:00:00,814.506674643081
03-10 04:00:00,826.5476139958229
03-10 05:00:00,841.5617499554163
03-10 06:00:00,840.662903023607
03-10 07:00:00,843.542383221848
03-10 08:00:00,771.8970823597134
03-10 09:00:00,683.6161354566786
03-10 10:00:00,621.0728561187922
03-10 11:00:00,589.1022236915221
03-10 12:00:00,564.0960158507053
03-10 13:00:00,516.323710306622
03-10 14:00:00,486.0061492744208
03-10 15:00:00,471.1837328565724
03-10 16:00:00,491.33511517705233
03-10 17:00:00,555.6179351093155
03-10 18:00:00,630.5416589806065
03-10 19:00:00,642.7872243466405
03-10 20:00:00,690.1855474479802
03-10 21:00:00,699.2497941469221
03-10 22:00:00,711.7278167626864
03-10 23:00:00,681.0471475996571
03-11 00:00:00,673.1077544395371
03-11 01:00:00,659.0235505919928
03-11 02:00:00,653.6942827202187
03-11 03:00:00,648.3239660245063
03-11 04:00:00,641.7708025252758
03-11 05:00:00,629.411691259495
03-11 06:00:00,625.5258199883561
03-11 07:00:00,655.6352972662239
03-11 08:00:00,588.1534537034207
03-11 09:00:00,541.0824253820891
03-11 10:00:00,437.0336118611909
03-11 11:00:00,364.79928695069606
03-11 12:00:00,270.28619055120504
03-11 13:00:00,246.22918729648237
03-11 14:00:00,230.12287283644108
03-11 15:00:00,232.39690898290476
03-11 16:00:00,241.1222403061559
03-11 17:00:00,241.99275861664833
03-11 18:00:00,336.24800449998446
03-11 19:00:00,430.0893227725808
03-11 20:00:00,442.76285941061064
03-11 21:00:00,423.65604733781424
03-11 22:00:00,414.21209622673126
03-11 23:00:00,427.64750193805605
03-12 00:00:00,442.5473143352306
03-12 01:00:00,562.002816974781
03-12 02:00:00,629.2388011554259
03-12 03:00:00,636.2894175962053
03-12 04:00:00,674.4175895924484
03-12 05:00:00,656.7022063107761
03-12 06:00:00,677.5619640623389
03-12 07:00:00,691.4793489059282
03-12 08:00:00,649.1732837226305
03-12 09:00:00,606.4951138591449
03-12 10:00:00,581.1528723728449
03-12 11:00:00,526.1326703945879
03-12 12:00:00,488.9431906085186
03-12 13:00:00,458.295326589014
03-12 14:00:00,443.7566857369373
03-12 15:00:00,413.7924675907679
03-12 16:00:00,429.6190140866834
03-12 17:00:00,503.74044451439005
03-12 18:00:00,589.6097341356764
03-12 19:00:00,640.6634963140259
03-12 20:00:00,652.1366188313799
03-12 21:00:00,679.5199679716275
03-12 22:00:00,693.4153400563711
03-12 23:00:00,671.2960075333483
03-13 00:00:00,679.0524377193734
03-13 01:00:00,652.3213657205388
03-13 02:00:00,652.7656882571146
03-13 03:00:00,629.7728242147751
03-13 04:00:00,673.2036267558813
03-13 05:00:00,703.2918131143174
03-13 06:00:00,776.3726198749382
03-13 07:00:00,781.1155417787929
03-13 08:00:00,706.9371314786432
03-13 09:00:00,580.9233393113055
03-13 10:00:00,502.3984456626198
03-13 11:00:00,413.15817192535286
03-13 12:00:00,328.362027041735
03-13 13:00:00,296.14561507285646
03-13 14:00:00,289.6663986411043
03-13 15:00:00,306.0434221940019
03-13 16:00:00,338.03478718807577
03-13 17:00:00,529.7316705532348
03-13 18:00:00,649.1920815662063
03-13 19:00:00,695.6996109884376
03-13 20:00:00,734.4511547320376
03-13 21:00:00,682.6172758488419
03-13 22:00:00,609.0747437518811
03-13 23:00:00,618.6323045690546
03-14 00:00:00,583.8125321713178
03-14 01:00:00,718.9758980940212
03-14 02:00:00,910.0799739115682
03-14 03:00:00,954.9479871879569
03-14 04:00:00,961.7315772585384
03-14 05:00:00,907.5449637277668
03-14 06:00:00,907.8758025076936
03-14 07:00:00,904.6728120686768
03-14 08:00:00,873.8568099735633
03-14 09:00:00,823.9591332008063
03-14 10:00:00,757.0583279031965
03-14 11:00:00,721.8799239851508
03-14 12:00:00,685.465264022345
03-14 13:00:00,735.2607475787112
03-14 14:00:00,885.1376284928124
03-14 15:00:00,883.0712066492068
03-14 16:00:00,876.4982922986283
03-14 17:00:00,842.5147058955013
03-14 18:00:00,834.5353141406516
03-14 19:00:00,841.9405167782309
03-14 20:00:00,800.503121773089
03-14 21:00:00,777.657943623944
03-14 22:00:00,850.446715055962
03-14 23:00:00,807.9063631197536
03-15 00:00:00,822.9143659693032
03-15 01:00:00,838.3881131008743
03-15 02:00:00,865.3782113751276
03-15 03:00:00,878.8671558851195
03-15 04:00:00,909.8788304561497
03-15 05:00:00,917.631330939811
03-15 06:00:00,913.7548938845971
03-15 07:00:00,914.6105014855908
03-15 08:00:00,911.7807227674324
03-15 09:00:00,914.7866345360828
03-15 10:00:00,923.5419142625185
03-15 11:00:00,883.9487493212824
03-15 12:00:00,851.8015709690094
03-15 13:00:00,863.0478302287073
03-15 14:00:00,896.9404763590205
03-15 15:00:00,869.3791304847676
03-15 16:00:00,817.9422765899607
03-15 17:00:00,841.6388586717719
03-15 18:00:00,909.629434370622
03-15 19:00:00,905.5716932367786
03-15 20:00:00,922.6456381041063
03-15 21:00:00,895.4543865483835
03-15 22:00:00,894.5359467025794
03-15 23:00:00,899.9204707500973
03-16 00:00:00,905.4916296968199
03-16 01:00:00,912.7340129755094
03-16 02:00:00,875.0825285178114
03-16 03:00:00,836.6836367278789
03-16 04:00:00,832.5552707799395
03-16 05:00:00,892.600539837103
03-16 06:00:00,895.6013031889817
03-16 07:00:00,868.9569705916905
03-16 08:00:00,857.1862630705594
03-16 09:00:00,814.7150051694134
03-16 10:00:00,781.9690214360725
03-16 11:00:00,770.265802820165
03-16 12:00:00,805.2660538115538
03-16 13:00:00,820.7152205638936
03-16 14:00:00,779.8364909387893
03-16 15:00:00,847.6676975540083
03-16 16:00:00,856.5277033719026
03-16 17:00:00,859.8639799122487
03-16 18:00:00,871.3478842203245
03-16 19:00:00,882.3542720549053
03-16 20:00:00,873.3714779631064
03-16 21:00:00,866.4082248543101
03-16 22:00:00,908.43105305802
03-16 23:00:00,916.4369329784222
03-17 00:00:00,921.7021589272169
03-17 01:00:00,931.5056676894441
03-17 02:00:00,936.9524864537678
03-17 03:00:00,938.2792713223844
03-17 04:00:00,954.5005440951688
03-17 05:00:00,975.9829677363656
03-17 06:00:00,981.797401088643
03-17 07:00:00,985.7022208210334
03-17 08:00:00,970.7532483450851
03-17 09:00:00,960.8887564326155
03-17 10:00:00,927.808435416594
03-17 11:00:00,845.7471063870595
03-17 12:00:00,800.1779354347834
03-17 13:00:00,783.7066955923767
03-17 14:00:00,793.5003970660063
03-17 15:00:00,959.3077484131724
03-17 16:00:00,912.7474479873024
03-17 17:00:00,931.3917114771641
03-17 18:00:00,964.5576915204625
03-17 19:00:00,948.2496013560806
03-17 20:00:00,954.1901257469331
03-17 21:00:00,957.3372080562679
03-17 22:00:00,947.8950067592739
03-17 23:00:00,943.4290639997
03-18 00:00:00,949.905961490749
03-18 01:00:00,953.0171464957745
03-18 02:00:00,958.6670542597133
03-18 03:00:00,977.0302060896373
03-18 04:00:00,990.4885620839259
03-18 05:00:00,1006.6629999029509
03-18 06:00:00,1002.6543940394101
03-18 07:00:00,1023.5539376477608
03-18 08:00:00,990.6246251543134
03-18 09:00:00,925.3599271133525
03-18 10:00:00,877.5208998887846
03-18 11:00:00,891.4966424668681
03-18 12:00:00,842.6173117097869
03-18 13:00:00,789.9199756488183
03-18 14:00:00,760.6434480428858
03-18 15:00:00,778.8320707413286
03-18 16:00:00,800.977936633827
03-18 17:00:00,844.1867443483335
03-18 18:00:00,905.8449562806932
03-18 19:00:00,970.7318011638954
03-18 20:00:00,1012.1861546098253
03-18 21:00:00,1066.4459662392705
03-18 22:00:00,1099.7728703787718
03-18 23:00:00,1106.235812231902
03-19 00:00:00,1122.8685121992448
03-19 01:00:00,1124.3811464300604
03-19 02:00:00,1149.7756868340844
03-19 03:00:00,1153.9612405790308
03-19 04:00:00,1152.904249811026
03-19 05:00:00,1183.074721204213
03-19 06:00:00,1204.8005589164275
03-19 07:00:00,1175.5885013146108
03-19 08:00:00,1086.855178854323
03-19 09:00:00,966.4280027133218
03-19 10:00:00,858.2394171822564
03-19 11:00:00,783.7263115554284
03-19 12:00:00,733.2978000567543
03-19 13:00:00,687.5611092252152
03-19 14:00:00,687.4665983765881
03-19 15:00:00,670.6685691624796
03-19 16:00:00,679.7725494803317
03-19 17:00:00,749.3114388067534
03-19 18:00:00,828.1861885912834
03-19 19:00:00,874.1716228185393
03-19 20:00:00,904.993116453096
03-19 21:00:00,940.1600482931642
03-19 22:00:00,994.3247462538884
03-19 23:00:00,1001.7728166042386
03-20 00:00:00,1004.0875821168328
03-20 01:00:00,1005.5960668036544
03-20 02:00:00,1016.9487640464555
03-20 03:00:00,1024.6696204556856
03-20 04:00:00,1028.0556214902847
03-20 05:00:00,1051.0331101322954
03-20 06:00:00,1077.3474364350232
03-20 07:00:00,1072.054155430127
03-20 08:00:00,1037.5806068744084
03-20 09:00:00,997.1278263691415
03-20 10:00:00,976.0345375072644
03-20 11:00:00,952.8886751912437
03-20 12:00:00,913.6755548890542
03-20 13:00:00,859.6617410024159
03-20 14:00:00,856.2298763499089
03-20 15:00:00,837.9950356346
03-20 16:00:00,853.4584022573328
03-20 17:00:00,909.6954415878638
03-20 18:00:00,980.0333135900424
03-20 19:00:00,1046.4891096449446
03-20 20:00:00,1103.6350743296225
03-20 21:00:00,1129.6684690659915
03-20 22:00:00,1161.632804555618
03-20 23:00:00,1155.435504982548
03-21 00:00:00,1137.4325465591844
03-21 01:00:00,1121.1898481637697
03-21 02:00:00,1111.8007630631457
03-21 03:00:00,1103.735548596028
03-21 04:00:00,1107.7563504890616
03-21 05:00:00,1091.795402573326
03-21 06:00:00,1077.1889130593074
03-21 07:00:00,1058.2215718773791
03-21 08:00:00,1006.4487730163529
03-21 09:00:00,957.4181697268476
03-21 10:00:00,903.8378829348085
03-21 11:00:00,877.5599564543621
03-21 12:00:00,864.8241479937549
03-21 13:00:00,842.5500456784987
03-21 14:00:00,833.4846560454978
03-21 15:00:00,845.0109754277355
03-21 16:00:00,868.8815206385048
03-21 17:00:00,905.2683724325732
03-21 18:00:00,917.9576073126266
03-21 19:00:00,913.0029494475125
03-21 20:00:00,903.8633010635372
03-21 21:00:00,922.0476490519148
03-21 22:00:00,906.4931535655542
03-21 23:00:00,897.7558288497836
03-22 00:00:00,910.8523756683946
03-22 01:00:00,898.9100765823592
03-22 02:00:00,895.2027492418674
03-22 03:00:00,910.6593886737862
03-22 04:00:00,901.4786451250874
03-22 05:00:00,901.834837127752
03-22 06:00:00,895.7240390148947
03-22 07:00:00,876.762365016108
03-22 08:00:00,840.616161801685
03-22 09:00:00,801.9909043444814
03-22 10:00:00,786.5727916109246
03-22 11:00:00,759.9656693619424
03-22 12:00:00,756.1826395590202
03-22 13:00:00,737.4308416734289
03-22 14:00:00,725.6747045277044
03-22 15:00:00,720.2472268750524
03-22 16:00:00,717.1528167863854
03-22 17:00:00,734.4251003208184
03-22 18:00:00,766.3820643847348
03-22 19:00:00,790.6673071873055
03-22 20:00:00,820.9365488924952
03-22 21:00:00,838.2425680689764
03-22 22:00:00,872.8217283160068
03-22 23:00:00,907.1097969945968
03-23 00:00:00,937.5125572679693
03-23 01:00:00,967.9880469028265
03-23 02:00:00,983.1515244162863
03-23 03:00:00,1021.1094391566854
03-23 04:00:00,1040.1628995189747
03-23 05:00:00,1058.8817833970998
03-23 06:00:00,1082.5853172945099
03-23 07:00:00,995.2019193682776
03-23 08:00:00,891.3413795752044
03-23 09:00:00,765.5138347556729
03-23 10:00:00,668.1882110484872
03-23 11:00:00,616.3740337640692
03-23 12:00:00,560.2415910946366
03-23 13:00:00,518.0487102627591
03-23 14:00:00,487.70768900953385
03-23 15:00:00,464.8262293868323
03-23 16:00:00,482.69823030296175
03-23 17:00:00,557.5099811524351
03-23 18:00:00,619.4086467500236
03-23 19:00:00,676.7330544323992
03-23 20:00:00,719.5342637812072
03-23 21:00:00,749.4918605481976
03-23 22:00:00,803.6642816326442
03-23 23:00:00,819.9170822571467
03-24 00:00:00,844.1953934486439
03-24 01:00:00,874.7288991091294
03-24 02:00:00,888.0876569838628
03-24 03:00:00,902.3801369229338
03-24 04:00:00,900.7084355554349
03-24 05:00:00,926.601405288028
03-24 06:00:00,938.0640160396679
03-24 07:00:00,890.8393604742528
03-24 08:00:00,777.3385506334206
03-24 09:00:00,661.281728117825
03-24 10:00:00,556.87743554663
03-24 11:00:00,476.0117403338945
03-24 12:00:00,397.10804634605756
03-24 13:00:00,350.83813178327665
03-24 14:00:00,302.6468482005745
03-24 15:00:00,285.4140481800748
03-24 16:00:00,321.5756330511275
03-24 17:00:00,419.43212458973323
03-24 18:00:00,498.3796589976779
03-24 19:00:00,540.0709528716268
03-24 20:00:00,586.4303850919313
03-24 21:00:00,621.5235653616322
03-24 22:00:00,659.3734507929796
03-24 23:00:00,689.887107353066
03-25 00:00:00,691.0503935256709
03-25 01:00:00,718.7233577925414
03-25 02:00:00,741.8569736259909
03-25 03:00:00,741.2776831715978
03-25 04:00:00,748.7850353398417
03-25 05:00:00,803.0738280827475
03-25 06:00:00,791.9284130340104
03-25 07:00:00,757.8404598930689
03-25 08:00:00,647.0065102469933
03-25 09:00:00,522.0416868044429
03-25 10:00:00,419.01344948398025
03-25 11:00:00,332.28320874673494
03-25 12:00:00,275.03928549708513
03-25 13:00:00,233.8118583313242
03-25 14:00:00,206.45072948600267
03-25 15:00:00,212.9266302428195
03-25 16:00:00,225.0734398914832
03-25 17:00:00,312.045073657244
03-25 18:00:00,401.0578568424404
03-25 19:00:00,458.7415910171692
03-25 20:00:00,473.4244247655473
03-25 21:00:00,512.6835133399123
03-25 22:00:00,546.4332260106759
03-25 23:00:00,573.8859923493513
03-26 00:00:00,618.2946227136612
03-26 01:00:00,645.8789202178606
03-26 02:00:00,679.4815835100543
03-26 03:00:00,689.2865085286943
03-26 04:00:00,725.9359907432455
03-26 05:00:00,771.0517385567445
03-26 06:00:00,768.3698356077359
03-26 07:00:00,677.3181585574258
03-26 08:00:00,582.9951168817163
03-26 09:00:00,490.9899378585621
03-26 10:00:00,392.7059417202073
03-26 11:00:00,306.2213064058711
03-26 12:00:00,246.63427832304484
03-26 13:00:00,230.3031511610518
03-26 14:00:00,184.4124424695577
03-26 15:00:00,163.9596363524064
03-26 16:00:00,171.21546069109598
03-26 17:00:00,287.8630269275122
03-26 18:00:00,364.67678120911967
03-26 19:00:00,402.01444176225857
03-26 20:00:00,397.3655449977431
03-26 21:00:00,477.80515330108756
03-26 22:00:00,489.31487112040065
03-26 23:00:00,496.02328354241155
03-27 00:00:00,470.47947297940595
03-27 01:00:00,495.7759388253141
03-27 02:00:00,517.8113507604804
03-27 03:00:00,475.41526371036815
03-27 04:00:00,521.8395907375457
03-27 05:00:00,542.0092785352721
03-27 06:00:00,532.3572810694051
03-27 07:00:00,604.473002860661
03-27 08:00:00,658.0693337358791
03-27 09:00:00,632.9001434432412
03-27 10:00:00,612.5923699539026
03-27 11:00:00,569.9607419686237
03-27 12:00:00,555.0831266654864
03-27 13:00:00,539.9620553916621
03-27 14:00:00,526.0142109939184
03-27 15:00:00,487.05107461240334
03-27 16:00:00,469.2384672109092
03-27 17:00:00,478.65548747773397
03-27 18:00:00,518.615378926424
03-27 19:00:00,584.5764538289147
03-27 20:00:00,630.4897203183929
03-27 21:00:00,639.8204525792114
03-27 22:00:00,655.7334407876937
03-27 23:00:00,682.6140585191669
03-28 00:00:00,679.7387841059169
03-28 01:00:00,731.3538568844359
03-28 02:00:00,778.1309089186993
03-28 03:00:00,822.6449819830125
03-28 04:00:00,867.4542693564703
03-28 05:00:00,870.7145901394505
03-28 06:00:00,849.3468710846092
03-28 07:00:00,812.0294857497017
03-28 08:00:00,713.3898148698058
03-28 09:00:00,592.0607859981933
03-28 10:00:00,488.4311890849267
03-28 11:00:00,407.7565635493058
03-28 12:00:00,365.5273396106955
03-28 13:00:00,310.6428352162117
03-28 14:00:00,280.3508225743067
03-28 15:00:00,256.1115590903371
03-28 16:00:00,250.417997449451
03-28 17:00:00,304.64640217141294
03-28 18:00:00,384.1159268945745
03-28 19:00:00,437.3114200205252
03-28 20:00:00,489.46445191224836
03-28 21:00:00,533.7374052421811
03-28 22:00:00,565.0743471942466
03-28 23:00:00,594.4112918566939
03-29 00:00:00,621.4366548216708
03-29 01:00:00,628.8302776035518
03-29 02:00:00,636.3654261774116
03-29 03:00:00,644.9599045426654
03-29 04:00:00,655.7612493654515
03-29 05:00:00,675.2905600734197
03-29 06:00:00,670.9545894833482
03-29 07:00:00,628.7478991388058
03-29 08:00:00,503.77703761211393
03-29 09:00:00,379.29676346093646
03-29 10:00:00,295.9953919519165
03-29 11:00:00,213.02244047540955
03-29 12:00:00,157.68805383453304
03-29 13:00:00,116.93375899142434
03-29 14:00:00,75.38148002929165
03-29 15:00:00,48.01290372628759
03-29 16:00:00,69.4469284960778
03-29 17:00:00,143.78096719583695
03-29 18:00:00,242.30363689259715
03-29 19:00:00,290.8533961660315
03-29 20:00:00,366.06288300728676
03-29 21:00:00,408.7069364819797
03-29 22:00:00,437.6404720232285
03-29 23:00:00,466.79299842289316
03-30 00:00:00,513.5088979430348
03-30 01:00:00,502.0902135098847
03-30 02:00:00,531.0907702727859
03-30 03:00:00,550.1106865285078
03-30 04:00:00,608.9519425961114
03-30 05:00:00,613.8924735590512
03-30 06:00:00,609.2557417710581
03-30 07:00:00,541.1689163506985
03-30 08:00:00,443.7536543198889
03-30 09:00:00,343.0468568517787
03-30 10:00:00,256.5521155409359
03-30 11:00:00,175.5767468172699
03-30 12:00:00,125.77984488512497
03-30 13:00:00,79.7093221775691
03-30 14:00:00,35.77572926848097
03-30 15:00:00,13.322468551027997
03-30 16:00:00,17.091127407483434
03-30 17:00:00,86.3246476469843
03-30 18:00:00,167.47574926137693
03-30 19:00:00,213.7909474551615
03-30 20:00:00,283.27678505414235
03-30 21:00:00,320.33024671374676
03-30 22:00:00,361.3650833528077
03-30 23:00:00,397.5558048561547
03-31 00:00:00,426.996926965446
03-31 01:00:00,442.7435562797583
03-31 02:00:00,467.5939787568381
03-31 03:00:00,479.7278740726558
03-31 04:00:00,515.9522045081228
03-31 05:00:00,527.3038985261431
03-31 06:00:00,542.2409840020724
03-31 07:00:00,483.26194267197855
03-31 08:00:00,364.733550321612
03-31 09:00:00,265.36873602317354
03-31 10:00:00,178.61525652643965
03-31 11:00:00,105.94965430513246
03-31 12:00:00,50.61616997950892
03-31 13:00:00,10.121853122526062
03-31 14:00:00,7.1674037286554775
03-31 15:00:00,5.3184395508144995
03-31 16:00:00,7.2793710673880465
03-31 17:00:00,45.65849269843372
03-31 18:00:00,124.42013040269195
03-31 19:00:00,180.49047876532336
03-31 20:00:00,234.12051798737184
03-31 21:00:00,284.54904783297866
03-31 22:00:00,323.3853032862076
03-31 23:00:00,334.3803634938706
04-01 00:00:00,360.4071186999505
04-01 01:00:00,394.12525190521944
04-01 02:00:00,409.32481207352316
04-01 03:00:00,427.69745245079946
04-01 04:00:00,443.78310779633455
04-01 05:00:00,467.0313388731558
04-01 06:00:00,488.5589004966897
04-01 07:00:00,454.0032372937867
04-01 08:00:00,333.4740670312102
04-01 09:00:00,226.2252995156265
04-01 10:00:00,143.03491881400151
04-01 11:00:00,57.07633604617993
04-01 12:00:00,9.082704321442804
04-01 13:00:00,6.548646865690305
04-01 14:00:00,5.819227054844731
04-01 15:00:00,6.257466887602783
04-01 16:00:00,6.183843284646819
04-01 17:00:00,24.469751550273873
04-01 18:00:00,106.51275995182498
04-01 19:00:00,138.662118481684
04-01 20:00:00,167.39552878251277
04-01 21:00:00,159.52220012104746
04-01 22:00:00,243.99951776078512
04-01 23:00:00,291.8822796322727
04-02 00:00:00,314.0553210497155
04-02 01:00:00,323.45615675103306
04-02 02:00:00,346.09814829063134
04-02 03:00:00,379.5180933366584
04-02 04:00:00,404.3654927556961
04-02 05:00:00,444.74484706898045
04-02 06:00:00,469.7284050365362
04-02 07:00:00,404.622945226399
04-02 08:00:00,327.5630815590498
04-02 09:00:00,266.87591536287914
04-02 10:00:00,203.90684156078567
04-02 11:00:00,165.59247084667928
04-02 12:00:00,116.87105534863038
04-02 13:00:00,78.18139009301605
04-02 14:00:00,53.43850716436735
04-02 15:00:00,58.69906693062068
04-02 16:00:00,92.94300185089372
04-02 17:00:00,194.55175318208816
04-02 18:00:00,268.93588099264684
04-02 19:00:00,287.304696629002
04-02 20:00:00,297.548141131446
04-02 21:00:00,332.02127459664905
04-02 22:00:00,395.7566970168166
04-02 23:00:00,478.2100850026337
04-03 00:00:00,522.1415954217616
04-03 01:00:00,542.4856160566659
04-03 02:00:00,576.7811257488714
04-03 03:00:00,594.6387696461574
04-03 04:00:00,662.5960654700916
04-03 05:00:00,700.8758988164184
04-03 06:00:00,709.563821452164
04-03 07:00:00,710.53750061721
04-03 08:00:00,698.7332121298853
04-03 09:00:00,663.7571625143628
04-03 10:00:00,590.7839442988212
04-03 11:00:00,549.631832409696
04-03 12:00:00,563.8012736418508
04-03 13:00:00,552.1592294251288
04-03 14:00:00,521.9191568189838
04-03 15:00:00,522.7563442808106
04-03 16:00:00,535.7198331031816
04-03 17:00:00,566.6464320716949
04-03 18:00:00,585.2047241860796
04-03 19:00:00,608.569218246483
04-03 20:00:00,632.4675215231409
04-03 21:00:00,661.8564192734543
04-03 22:00:00,703.4860080961346
04-03 23:00:00,754.1874178516128
04-04 00:00:00,798.2329635092113
04-04 01:00:00,817.6466365194581
04-04 02:00:00,845.9673458598982
04-04 03:00:00,876.0564066004374
04-04 04:00:00,904.0675619956284
04-04 05:00:00,941.7968182144318
04-04 06:00:00,892.1418032236224
04-04 07:00:00,796.9481157096822
04-04 08:00:00,709.7553987872756
04-04 09:00:00,611.8845080347347
04-04 10:00:00,530.8628863736965
04-04 11:00:00,457.74568957221385
04-04 12:00:00,405.7390069699341
04-04 13:00:00,363.8247412474562
04-04 14:00:00,334.18278185243145
04-04 15:00:00,317.66534786101704
04-04 16:00:00,321.04407473759676
04-04 17:00:00,372.2791250982061
04-04 18:00:00,483.3677187126065
04-04 19:00:00,545.7572560539613
04-04 20:00:00,587.360880512025
04-04 21:00:00,617.9971788436252
04-04 22:00:00,657.9088187808522
04-04 23:00:00,687.186809263863
04-05 00:00:00,698.0414530440784
04-05 01:00:00,749.5041044568379
04-05 02:00:00,759.0990670368076
04-05 03:00:00,778.9425139766388
04-05 04:00:00,781.726650925348
04-05 05:00:00,795.9326018104289
04-05 06:00:00,787.6985777286956
04-05 07:00:00,696.4144385875005
04-05 08:00:00,592.8630207201687
04-05 09:00:00,495.49922104018634
04-05 10:00:00,413.2421642825618
04-05 11:00:00,362.0564903577372
04-05 12:00:00,302.90570173945093
04-05 13:00:00,225.13456031853963
04-05 14:00:00,194.27631587898966
04-05 15:00:00,225.83785674630928
04-05 16:00:00,256.15781641309303
04-05 17:00:00,305.65762560138074
04-05 18:00:00,369.9053576677525
04-05 19:00:00,479.34823008720775
04-05 20:00:00,651.3905200987616
04-05 21:00:00,935.957247141063
04-05 22:00:00,964.0524287657479
04-05 23:00:00,1077.0687291801867
04-06 00:00:00,1124.1094213128777
04-06 01:00:00,1134.003033118931
04-06 02:00:00,1138.0673024263315
04-06 03:00:00,1151.6328345666632
04-06 04:00:00,1198.1325581033425
04-06 05:00:00,1282.291373213376
04-06 06:00:00,1273.493923517391
04-06 07:00:00,1175.9896576267743
04-06 08:00:00,1093.1196372654538
04-06 09:00:00,1045.2198221764108
04-06 10:00:00,994.4117483535011
04-06 11:00:00,898.4977964506428
04-06 12:00:00,894.4644850943343
04-06 13:00:00,882.852573335857
04-06 14:00:00,862.1893699013617
04-06 15:00:00,862.0336033564604
04-06 16:00:00,919.2983858014226
04-06 17:00:00,1028.9414829203033
04-06 18:00:00,1062.7095778593846
04-06 19:00:00,1103.617018527137
04-06 20:00:00,1104.4977987779505
04-06 21:00:00,1090.563821928854
04-06 22:00:00,1061.5615677842125
04-06 23:00:00,1055.6514508458995
04-07 00:00:00,1074.184680276817
04-07 01:00:00,1112.5945700558302
04-07 02:00:00,1106.6611930324302
04-07 03:00:00,1145.9477075984717
04-07 04:00:00,1125.6206217540682
04-07 05:00:00,1157.4342385511898
04-07 06:00:00,1141.4294381283573
04-07 07:00:00,1124.149732054894
04-07 08:00:00,1087.4787728491817
04-07 09:00:00,1053.1541108668225
04-07 10:00:00,1000.8972391373293
04-07 11:00:00,999.7392383110088
04-07 12:00:00,928.815670840341
04-07 13:00:00,889.5054495545409
04-07 14:00:00,893.841789309464
04-07 15:00:00,894.6243278840691
04-07 16:00:00,916.515962186173
04-07 17:00:00,949.4790389010685
04-07 18:00:00,942.9275261483224
04-07 19:00:00,950.6234105923514
04-07 20:00:00,971.2148975151997
04-07 21:00:00,960.6623280199606
04-07 22:00:00,982.5424703869461
04-07 23:00:00,965.7593188383614
04-08 00:00:00,983.2300124394872
04-08 01:00:00,979.382928642935
04-08 02:00:00,965.738490226466
04-08 03:00:00,969.9956693959723
04-08 04:00:00,1011.1741646411067
04-08 05:00:00,1049.572006594379
04-08 06:00:00,1016.4176277677453
04-08 07:00:00,945.9723384177112
04-08 08:00:00,849.8294082465035
04-08 09:00:00,766.8046271924836
04-08 10:00:00,697.5035194904776
04-08 11:00:00,634.2982010729066
04-08 12:00:00,609.4429811548391
04-08 13:00:00,562.9825741505009
04-08 14:00:00,545.2931097468864
04-08 15:00:00,523.1947186857642
04-08 16:00:00,518.8540670678249
04-08 17:00:00,563.7223844260878
04-08 18:00:00,652.7427980486941
04-08 19:00:00,700.8267237231709
04-08 20:00:00,753.2176062147461
04-08 21:00:00,777.3074412830076
04-08 22:00:00,791.001412276635
04-08 23:00:00,818.8088713117315
04-09 00:00:00,832.5733944887891
04-09 01:00:00,831.1577880986925
04-09 02:00:00,836.0257850369916
04-09 03:00:00,819.4771556870207
04-09 04:00:00,833.7687056537216
04-09 05:00:00,826.0880155806631
04-09 06:00:00,796.3969067822
04-09 07:00:00,702.7408784231063
04-09 08:00:00,548.5358178669975
04-09 09:00:00,468.6539261782628
04-09 10:00:00,395.6347744070265
04-09 11:00:00,343.2049796994541
04-09 12:00:00,295.2324139011743
04-09 13:00:00,252.79208419799983
04-09 14:00:00,199.6597815659023
04-09 15:00:00,197.0435795228365
04-09 16:00:00,193.19227630670926
04-09 17:00:00,268.4159133839467
04-09 18:00:00,365.15967115156946
04-09 19:00:00,417.1472378074171
04-09 20:00:00,470.87626100917356
04-09 21:00:00,511.1599219043347
04-09 22:00:00,544.4331300115364
04-09 23:00:00,547.1188312000697
04-10 00:00:00,573.0431384337481
04-10 01:00:00,559.5310150575639
04-10 02:00:00,556.4864242489015
04-10 03:00:00,571.7585501901395
04-10 04:00:00,575.3689888136032
04-10 05:00:00,570.781791985414
04-10 06:00:00,554.6091281427626
04-10 07:00:00,508.8095564282529
04-10 08:00:00,467.33566528281386
04-10 09:00:00,435.3359251826551
04-10 10:00:00,391.07115312158453
04-10 11:00:00,338.7844253695959
04-10 12:00:00,266.5008835114213
04-10 13:00:00,209.45372416543236
04-10 14:00:00,164.82446607022442
04-10 15:00:00,176.45419411667785
04-10 16:00:00,168.9974528029148
04-10 17:00:00,191.44879923109553
04-10 18:00:00,270.53891090880984
04-10 19:00:00,353.92562218240874
04-10 20:00:00,382.2234192046283
04-10 21:00:00,410.28355612214295
04-10 22:00:00,438.90200777707526
04-10 23:00:00,453.9288575494885
04-11 00:00:00,461.0689140188107
04-11 01:00:00,473.93381432212425
04-11 02:00:00,476.7116178229961
04-11 03:00:00,484.836998957877
04-11 04:00:00,506.67669033508355
04-11 05:00:00,517.562566822394
04-11 06:00:00,514.2805737658132
04-11 07:00:00,482.7765418597018
04-11 08:00:00,373.69462290820576
04-11 09:00:00,291.65775179405347
04-11 10:00:00,245.80481650269618
04-11 11:00:00,183.90243811800104
04-11 12:00:00,127.63000585857758
04-11 13:00:00,78.33496150478365
04-11 14:00:00,50.81584680205041
04-11 15:00:00,39.681199830996
04-11 16:00:00,48.03496489024512
04-11 17:00:00,143.21125629457487
04-11 18:00:00,264.0043530660156
04-11 19:00:00,325.9457370413625
04-11 20:00:00,366.3503064110133
04-11 21:00:00,394.0539233687615
04-11 22:00:00,419.4432086700626
04-11 23:00:00,467.5906712484163
04-12 00:00:00,505.0964450560894
04-12 01:00:00,535.6616715440457
04-12 02:00:00,631.7331282440836
04-12 03:00:00,699.1929635092113
04-12 04:00:00,768.2448345660458
04-12 05:00:00,851.4336904792353
04-12 06:00:00,886.803398885549
04-12 07:00:00,896.2996423707616
04-12 08:00:00,954.5570297712474
04-12 09:00:00,973.9333696110599
04-12 10:00:00,948.3678334322968
04-12 11:00:00,914.535142661859
04-12 12:00:00,866.6785912459006
04-12 13:00:00,815.8310192074302
04-12 14:00:00,792.1465353928419
04-12 15:00:00,821.9476309057942
04-12 16:00:00,840.1993302666245
04-12 17:00:00,820.8710461663777
04-12 18:00:00,818.5533789548371
04-12 19:00:00,857.7727158200232
04-12 20:00:00,890.3036973030661
04-12 21:00:00,897.5769729828166
04-12 22:00:00,909.4591661850586
04-12 23:00:00,903.5716626907312
04-13 00:00:00,894.9893721904067
04-13 01:00:00,918.5765960990343
04-13 02:00:00,926.8810821503366
04-13 03:00:00,959.0279996674477
04-13 04:00:00,969.4336101051622
04-13 05:00:00,997.2446306599658
04-13 06:00:00,983.6645765811611
04-13 07:00:00,940.1393925516629
04-13 08:00:00,840.2326678114644
04-13 09:00:00,749.5913856939462
04-13 10:00:00,732.7995047388704
04-13 11:00:00,686.5389177555732
04-13 12:00:00,639.509946845796
04-13 13:00:00,636.8402184433434
04-13 14:00:00,705.742998948056
04-13 15:00:00,700.2977696410701
04-13 16:00:00,669.0313925198656
04-13 17:00:00,703.4194768311154
04-13 18:00:00,765.7642582593035
04-13 19:00:00,808.9565517681335
04-13 20:00:00,843.0381487746904
04-13 21:00:00,849.4410241454001
04-13 22:00:00,862.1793612901043
04-13 23:00:00,906.1342033404163
04-14 00:00:00,955.1555593178686
04-14 01:00:00,972.7172501549699
04-14 02:00:00,1000.3769671042785
04-14 03:00:00,1032.3722487978096
04-14 04:00:00,1046.2411285831388
04-14 05:00:00,1079.0060554493139
04-14 06:00:00,1031.284371612567
04-14 07:00:00,924.1084659908854
04-14 08:00:00,821.1721412274544
04-14 09:00:00,729.2219693347396
04-14 10:00:00,669.3359619006271
04-14 11:00:00,617.135371652247
04-14 12:00:00,591.0736436785139
04-14 13:00:00,555.8602623796326
04-14 14:00:00,580.0271901439054
04-14 15:00:00,583.8243526098748
04-14 16:00:00,601.0999742918998
04-14 17:00:00,644.9799467341352
04-14 18:00:00,705.1682013603776
04-14 19:00:00,771.891722043127
04-14 20:00:00,797.6420555564321
04-14 21:00:00,804.8744496147822
04-14 22:00:00,827.0563255048773
04-14 23:00:00,865.6452845752781
04-15 00:00:00,884.0634440986523
04-15 01:00:00,893.708556813688
04-15 02:00:00,912.4454354154122
04-15 03:00:00,932.6572229571063
04-15 04:00:00,922.6668510664183
04-15 05:00:00,953.0148808152973
04-15 06:00:00,928.6237164082961
04-15 07:00:00,847.5155520571863
04-15 08:00:00,797.3966521056873
04-15 09:00:00,760.7524674230032
04-15 10:00:00,695.802290497439
04-15 11:00:00,666.5901431906839
04-15 12:00:00,627.1094087875806
04-15 13:00:00,628.4017286107849
04-15 14:00:00,616.1224567703782
04-15 15:00:00,613.8525697440383
04-15 16:00:00,616.6184263101059
04-15 17:00:00,638.4405177554914
04-15 18:00:00,664.3427467105514
04-15 19:00:00,728.222704584475
04-15 20:00:00,758.7272302217992
04-15 21:00:00,795.4074061746396
04-15 22:00:00,820.6702937362865
04-15 23:00:00,861.7779009705955
04-16 00:00:00,915.8691633456201
04-16 01:00:00,939.3715127289557
04-16 02:00:00,958.0816364308786
04-16 03:00:00,988.0239452703837
04-16 04:00:00,1003.8465547295928
04-16 05:00:00,1027.5235601791644
04-16 06:00:00,987.4027594568637
04-16 07:00:00,902.6559121841179
04-16 08:00:00,809.14774086332
04-16 09:00:00,736.7937749424916
04-16 10:00:00,664.5283822702104
04-16 11:00:00,611.9304205880934
04-16 12:00:00,553.3269179270006
04-16 13:00:00,514.643485278745
04-16 14:00:00,497.24152334485046
04-16 15:00:00,512.243774182419
04-16 16:00:00,528.8946352434523
04-16 17:00:00,552.332337581449
04-16 18:00:00,587.1341695546952
04-16 19:00:00,644.3233354957031
04-16 20:00:00,679.7736149732702
04-16 21:00:00,727.0827842660914
04-16 22:00:00,795.6439378438117
04-16 23:00:00,843.8404595142741
04-17 00:00:00,872.5184859805859
04-17 01:00:00,899.1251570987919
04-17 02:00:00,946.808335305587
04-17 03:00:00,982.9989452078279
04-17 04:00:00,1017.623772595318
04-17 05:00:00,1035.3551412923696
04-17 06:00:00,992.87382412219
04-17 07:00:00,940.0500271756972
04-17 08:00:00,830.6962754897766
04-17 09:00:00,739.1765904340375
04-17 10:00:00,658.1361418375533
04-17 11:00:00,579.7777592809006
04-17 12:00:00,522.0062858827887
04-17 13:00:00,497.02459725643996
04-17 14:00:00,509.6083134984473
04-17 15:00:00,528.7528315239365
04-17 16:00:00,548.0473359896636
04-17 17:00:00,565.698347313884
04-17 18:00:00,595.1422083966737
04-17 19:00:00,616.6926800111038
04-17 20:00:00,626.6966497096471
04-17 21:00:00,647.3987287785086
04-17 22:00:00,643.1430546877485
04-17 23:00:00,650.3088373254825
04-18 00:00:00,668.6627714996433
04-18 01:00:00,686.8707915895407
04-18 02:00:00,713.3538057079808
04-18 03:00:00,727.4540749802601
04-18 04:00:00,733.0962147637794
04-18 05:00:00,743.5407518488706
04-18 06:00:00,735.741805119332
04-18 07:00:00,713.2387258893395
04-18 08:00:00,678.5033158998539
04-18 09:00:00,642.1911890890942
04-18 10:00:00,598.2056892817071
04-18 11:00:00,532.0434389885536
04-18 12:00:00,501.72657439728704
04-18 13:00:00,494.81205096103906
04-18 14:00:00,501.9774308578622
04-18 15:00:00,507.7003962441159
04-18 16:00:00,534.5338445776082
04-18 17:00:00,553.577538262908
04-18 18:00:00,573.1787206001959
04-18 19:00:00,595.7029350569753
04-18 20:00:00,613.1148477609833
04-18 21:00:00,643.5517654987253
04-18 22:00:00,707.1918576913222
04-18 23:00:00,759.4841435088766
04-19 00:00:00,777.3439768178467
04-19 01:00:00,784.2830450412457
04-19 02:00:00,795.5103651485884
04-19 03:00:00,765.0868827670831
04-19 04:00:00,780.0029090153846
04-19 05:00:00,782.1655169627182
04-19 06:00:00,765.4249549267661
04-19 07:00:00,739.0308690258678
04-19 08:00:00,646.8575092119358
04-19 09:00:00,558.9455489598874
04-19 10:00:00,473.78870320140373
04-19 11:00:00,409.50661966271326
04-19 12:00:00,387.4331930079859
04-19 13:00:00,370.8662364954492
04-19 14:00:00,368.1460151143217
04-19 15:00:00,357.3949227248089
04-19 16:00:00,359.31481261479814
04-19 17:00:00,379.2830009214037
04-19 18:00:00,417.50712610969185
04-19 19:00:00,491.97701512493364
04-19 20:00:00,518.9496774932022
04-19 21:00:00,537.7251180941554
04-19 22:00:00,607.4530002297845
04-19 23:00:00,658.21375722605
04-20 00:00:00,683.2457387462633
04-20 01:00:00,719.2821521793838
04-20 02:00:00,736.8869409524983
04-20 03:00:00,775.3948384323136
04-20 04:00:00,774.1323684445459
04-20 05:00:00,818.93044408292
04-20 06:00:00,771.0919503762937
04-20 07:00:00,651.5428240253594
04-20 08:00:00,547.6957706574925
04-20 09:00:00,460.0275227269561
04-20 10:00:00,380.5394934800908
04-20 11:00:00,311.9565060886279
04-20 12:00:00,268.06468638783986
04-20 13:00:00,236.0554943954824
04-20 14:00:00,219.55737560910595
04-20 15:00:00,238.13821360199708
04-20 16:00:00,243.53198184103334
04-20 17:00:00,252.70998823797157
04-20 18:00:00,301.0191894084158
04-20 19:00:00,388.3530969323677
04-20 20:00:00,443.1886584032699
04-20 21:00:00,510.24983608653827
04-20 22:00:00,543.0443692244855
04-20 23:00:00,587.8207490250363
04-21 00:00:00,610.9342490599714
04-21 01:00:00,639.9205055259204
04-21 02:00:00,651.0564653931017
04-21 03:00:00,663.9131572680047
04-21 04:00:00,697.4494374113563
04-21 05:00:00,704.178180409142
04-21 06:00:00,655.3081794792868
04-21 07:00:00,552.8218175171065
04-21 08:00:00,468.62469139810605
04-21 09:00:00,387.2813447361024
04-21 10:00:00,291.7496859293447
04-21 11:00:00,229.75860631468123
04-21 12:00:00,187.87477527360647
04-21 13:00:00,155.2948617754823
04-21 14:00:00,131.22527626875384
04-21 15:00:00,125.26140266387854
04-21 16:00:00,168.60188390243118
04-21 17:00:00,218.69754749013708
04-21 18:00:00,247.44527420181927
04-21 19:00:00,321.42644433169284
04-21 20:00:00,352.0585304739895
04-21 21:00:00,377.9035374006349
04-21 22:00:00,427.1292113592593
04-21 23:00:00,473.066963922647
04-22 00:00:00,511.84103100602977
04-22 01:00:00,537.8863652230724
04-22 02:00:00,585.3164725903059
04-22 03:00:00,575.8279122646481
04-22 04:00:00,582.3619037473273
04-22 05:00:00,608.2588389027326
04-22 06:00:00,583.8448438154015
04-22 07:00:00,519.9184093046396
04-22 08:00:00,432.5669414609071
04-22 09:00:00,320.39506250656774
04-22 10:00:00,274.2034236732748
04-22 11:00:00,239.36408645828539
04-22 12:00:00,190.23163211284194
04-22 13:00:00,249.17945784620215
04-22 14:00:00,228.34479326981736
04-22 15:00:00,237.64063353722756
04-22 16:00:00,315.8451795827814
04-22 17:00:00,329.88738059599433
04-22 18:00:00,351.7026206331561
04-22 19:00:00,378.8916227820528
04-22 20:00:00,414.14462925597167
04-22 21:00:00,449.62816480004494
04-22 22:00:00,462.7445501342768
04-22 23:00:00,494.02019126070957
04-23 00:00:00,533.4411948547713
04-23 01:00:00,591.3862033449861
04-23 02:00:00,629.1104698962331
04-23 03:00:00,674.4035388859023
04-23 04:00:00,706.5628072500197
04-23 05:00:00,725.2111058335838
04-23 06:00:00,677.3868651242759
04-23 07:00:00,583.7680333295161
04-23 08:00:00,497.527218596163
04-23 09:00:00,411.94248987079305
04-23 10:00:00,332.0319662953823
04-23 11:00:00,256.47767501814684
04-23 12:00:00,199.64469068187356
04-23 13:00:00,153.95258874036438
04-23 14:00:00,122.34877865922806
04-23 15:00:00,113.92343223919478
04-23 16:00:00,127.26860663383525
04-23 17:00:00,159.88567988360455
04-23 18:00:00,217.85259737294624
04-23 19:00:00,299.6031534338168
04-23 20:00:00,357.30319690808847
04-23 21:00:00,409.4491688660833
04-23 22:00:00,479.74148441405305
04-23 23:00:00,520.5848161405951
04-24 00:00:00,546.2568855458915
04-24 01:00:00,570.1692155598232
04-24 02:00:00,591.7861997908228
04-24 03:00:00,609.7425033229727
04-24 04:00:00,639.814989596504
04-24 05:00:00,646.190995642395
04-24 06:00:00,585.7949416995523
04-24 07:00:00,486.9010996927903
04-24 08:00:00,405.9689959060457
04-24 09:00:00,313.6863606172971
04-24 10:00:00,238.25994165826484
04-24 11:00:00,170.7473714668422
04-24 12:00:00,120.89039406217749
04-24 13:00:00,66.90210872631674
04-24 14:00:00,40.421992922699864
04-24 15:00:00,28.79202259029695
04-24 16:00:00,29.289490286796244
04-24 17:00:00,41.22055546839545
04-24 18:00:00,112.5286741057277
04-24 19:00:00,194.09106530434144
04-24 20:00:00,262.45542982635135
04-24 21:00:00,315.4391653536775
04-24 22:00:00,342.62295919594334
04-24 23:00:00,371.8238221143177
04-25 00:00:00,408.1458054908778
04-25 01:00:00,435.889883954329
04-25 02:00:00,459.40084594435433
04-25 03:00:00,509.699485405143
04-25 04:00:00,531.5584839404593
04-25 05:00:00,523.9036593853486
04-25 06:00:00,489.0207774155214
04-25 07:00:00,463.68936648585657
04-25 08:00:00,391.636886040712
04-25 09:00:00,327.5867767837805
04-25 10:00:00,247.34258984208955
04-25 11:00:00,174.6233870092353
04-25 12:00:00,125.74077586699794
04-25 13:00:00,87.78568861581344
04-25 14:00:00,70.27371670440512
04-25 15:00:00,68.29822303496282
04-25 16:00:00,75.5107203040816
04-25 17:00:00,112.62385796436746
04-25 18:00:00,185.75148059746155
04-25 19:00:00,252.96615382153087
04-25 20:00:00,301.26985256061556
04-25 21:00:00,333.74462486771245
04-25 22:00:00,376.972698493812
04-25 23:00:00,421.8083013634164
04-26 00:00:00,451.3427701615857
04-26 01:00:00,486.05359046530634
04-26 02:00:00,536.4031200583495
04-26 03:00:00,578.298217841049
04-26 04:00:00,610.7307003525417
04-26 05:00:00,622.0794173070211
04-26 06:00:00,582.2200295626097
04-26 07:00:00,524.8377442341183
04-26 08:00:00,475.91894894846206
04-26 09:00:00,418.4914112885008
04-26 10:00:00,373.72758467240556
04-26 11:00:00,313.8266579334828
04-26 12:00:00,245.65658288294097
04-26 13:00:00,212.33478309908963
04-26 14:00:00,173.69035730575155
04-26 15:00:00,143.95942237508035
04-26 16:00:00,136.0726405461672
04-26 17:00:00,166.38977995686884
04-26 18:00:00,226.56888918190728
04-26 19:00:00,294.2776744733012
04-26 20:00:00,355.701779926644
04-26 21:00:00,385.9340564204332
04-26 22:00:00,436.12771661421806
04-26 23:00:00,483.8110613069179
04-27 00:00:00,516.548489281551
04-27 01:00:00,579.8121770653818
04-27 02:00:00,614.8177920727552
04-27 03:00:00,638.478716167827
04-27 04:00:00,678.0812579661678
04-27 05:00:00,676.0416251027776
04-27 06:00:00,619.2703688706628
04-27 07:00:00,536.6775755959712
04-27 08:00:00,468.50488812180373
04-27 09:00:00,403.8159755084582
04-27 10:00:00,329.9740331853588
04-27 11:00:00,266.681396723724
04-27 12:00:00,222.41749145582114
04-27 13:00:00,153.02189250207311
04-27 14:00:00,124.08414341550557
04-27 15:00:00,106.20848096073085
04-27 16:00:00,102.64557810195426
04-27 17:00:00,127.40905128726426
04-27 18:00:00,174.2987592344422
04-27 19:00:00,216.6137292125685
04-27 20:00:00,256.8973685209875
04-27 21:00:00,291.3001582117783
04-27 22:00:00,297.321698184868
04-27 23:00:00,363.4642562094101
04-28 00:00:00,397.0854598187663
04-28 01:00:00,387.70143163892743
04-28 02:00:00,387.3820964324853
04-28 03:00:00,394.79438113540493
04-28 04:00:00,398.84971651548614
04-28 05:00:00,417.7167983352319
04-28 06:00:00,403.57524570661064
04-28 07:00:00,370.0624969433389
04-28 08:00:00,353.9255952913675
04-28 09:00:00,287.5412662277399
04-28 10:00:00,214.46703800849002
04-28 11:00:00,152.84869476243978
04-28 12:00:00,118.81836827559394
04-28 13:00:00,76.9647248711542
04-28 14:00:00,55.01879745971115
04-28 15:00:00,45.470003951055034
04-28 16:00:00,72.59002325162261
04-28 17:00:00,97.86580601430911
04-28 18:00:00,141.1520670107458
04-28 19:00:00,192.20002686894628
04-28 20:00:00,253.08668474496864
04-28 21:00:00,299.7410243460393
04-28 22:00:00,349.2382923927317
04-28 23:00:00,362.2421288849265
04-29 00:00:00,385.17859769865305
04-29 01:00:00,373.32257266636407
04-29 02:00:00,367.61431898459165
04-29 03:00:00,370.8738174835629
04-29 04:00:00,424.71900048971867
04-29 05:00:00,476.5420094514906
04-29 06:00:00,495.5029579783304
04-29 07:00:00,483.98286767191433
04-29 08:00:00,440.26797578358577
04-29 09:00:00,408.1880784644777
04-29 10:00:00,382.31217245176674
04-29 11:00:00,382.46986871163745
04-29 12:00:00,371.4026356993093
04-29 13:00:00,329.7437902550681
04-29 14:00:00,329.4856460293971
04-29 15:00:00,321.5157685523013
04-29 16:00:00,329.34158716143304
04-29 17:00:00,384.9350323320075
04-29 18:00:00,409.82984632877157
04-29 19:00:00,427.88316565110114
04-29 20:00:00,446.29649241849035
04-29 21:00:00,449.25420668231925
04-29 22:00:00,471.0842087472776
04-29 23:00:00,476.86903759598863
04-30 00:00:00,474.87300353684986
04-30 01:00:00,485.5061553408322
04-30 02:00:00,519.7678919645618
04-30 03:00:00,527.4856229095951
04-30 04:00:00,521.0489673942584
04-30 05:00:00,537.4226857050854
04-30 06:00:00,493.29135841383845
04-30 07:00:00,415.7927530274013
04-30 08:00:00,357.7180644536749
04-30 09:00:00,293.1113801401452
04-30 10:00:00,231.63231438867996
04-30 11:00:00,186.72931660920253
04-30 12:00:00,161.6092228011179
04-30 13:00:00,240.81424045054837
04-30 14:00:00,340.0750236568717
04-30 15:00:00,394.8222064265291
04-30 16:00:00,431.3520730701639
04-30 17:00:00,452.5598048406206
04-30 18:00:00,504.1673602501541
04-30 19:00:00,535.893392817094
04-30 20:00:00,566.1379293644264
04-30 21:00:00,577.4492615846269
04-30 22:00:00,578.8326176740087
04-30 23:00:00,580.2750023873796
05-01 00:00:00,583.3453344175872
05-01 01:00:00,582.6804445031609
05-01 02:00:00,583.8985602425284
05-01 03:00:00,583.9980136652733
05-01 04:00:00,581.5492146301277
05-01 05:00:00,571.2212833908378
05-01 06:00:00,564.9649994125465
05-01 07:00:00,562.8234477030057
05-01 08:00:00,544.4363637938008
05-01 09:00:00,515.6515843870831
05-01 10:00:00,505.71004136297586
05-01 11:00:00,504.53359331851493
05-01 12:00:00,506.9454517223274
05-01 13:00:00,508.2528451236412
05-01 14:00:00,514.2569639223838
05-01 15:00:00,525.1094070643913
05-01 16:00:00,522.0993916239757
05-01 17:00:00,522.6705252040063
05-01 18:00:00,547.4081983726159
05-01 19:00:00,572.7073867585475
05-01 20:00:00,594.1433216008311
05-01 21:00:00,625.8474276831395
05-01 22:00:00,665.5881300001852
05-01 23:00:00,689.7846771754755
05-02 00:00:00,702.9678974293264
05-02 01:00:00,712.5873828993908
05-02 02:00:00,719.8173605646742
05-02 03:00:00,723.555481603357
05-02 04:00:00,740.3778515153299
05-02 05:00:00,746.3460947082596
05-02 06:00:00,739.7389882237691
05-02 07:00:00,728.5504248792786
05-02 08:00:00,700.8994373385246
05-02 09:00:00,673.9819268967235
05-02 10:00:00,648.9683403432106
05-02 11:00:00,607.9531420269482
05-02 12:00:00,564.0051133870408
05-02 13:00:00,481.5422622844313
05-02 14:00:00,533.3453276703656
05-02 15:00:00,633.4241952202476
05-02 16:00:00,608.9677910738911
05-02 17:00:00,621.7160766480114
05-02 18:00:00,632.8033125793381
05-02 19:00:00,648.6266843029715
05-02 20:00:00,678.3162368103459
05-02 21:00:00,686.8943042927491
05-02 22:00:00,690.0815806891143
05-02 23:00:00,711.3072658967366
05-03 00:00:00,714.1909589484815
05-03 01:00:00,706.9970096897891
05-03 02:00:00,723.9642472227616
05-03 03:00:00,740.4498763737096
05-03 04:00:00,747.0794388059279
05-03 05:00:00,766.5164735765571
05-03 06:00:00,723.8931014917683
05-03 07:00:00,613.6794141490179
05-03 08:00:00,530.3962078311283
05-03 09:00:00,462.09674452340295
05-03 10:00:00,426.09320934494383
05-03 11:00:00,381.4752690907476
05-03 12:00:00,348.67511822906624
05-03 13:00:00,312.6068000596169
05-03 14:00:00,298.2901414523094
05-03 15:00:00,281.02110881656256
05-03 16:00:00,276.42540118959397
05-03 17:00:00,281.7542950273918
05-03 18:00:00,345.33020345278777
05-03 19:00:00,425.38574130807507
05-03 20:00:00,464.2159909242209
05-03 21:00:00,534.7568025516363
05-03 22:00:00,567.7794084229781
05-03 23:00:00,574.5419591805253
05-04 00:00:00,597.9289612888155
05-04 01:00:00,637.7742915945472
05-04 02:00:00,659.5293423233005
05-04 03:00:00,673.6144772739273
05-04 04:00:00,688.7194221064398
05-04 05:00:00,698.5387481229973
05-04 06:00:00,571.2087412421089
05-04 07:00:00,488.03537188513104
05-04 08:00:00,407.5963054225894
05-04 09:00:00,309.679485511457
05-04 10:00:00,247.5281453910962
05-04 11:00:00,203.7996208737919
05-04 12:00:00,131.09146989029367
05-04 13:00:00,103.57599750824495
05-04 14:00:00,101.07639375004989
05-04 15:00:00,115.90737986419308
05-04 16:00:00,140.78154108983532
05-04 17:00:00,167.86028361214335
05-04 18:00:00,191.05739084570823
05-04 19:00:00,190.7656296962879
05-04 20:00:00,300.88057736769616
05-04 21:00:00,344.57032641135027
05-04 22:00:00,373.8458576603451
05-04 23:00:00,392.2426505258548
05-05 00:00:00,389.3015329025699
05-05 01:00:00,382.5251897945823
05-05 02:00:00,382.70804518408653
05-05 03:00:00,404.01722795590695
05-05 04:00:00,448.7597633961233
05-05 05:00:00,473.5074179982637
05-05 06:00:00,550.637503855817
05-05 07:00:00,604.7322288646826
05-05 08:00:00,623.082649885317
05-05 09:00:00,619.3183543003662
05-05 10:00:00,579.5739463271633
05-05 11:00:00,549.7964281501713
05-05 12:00:00,489.69027745980003
05-05 13:00:00,413.1501546848563
05-05 14:00:00,401.58173768569367
05-05 15:00:00,492.21983296766797
05-05 16:00:00,480.5539418281507
05-05 17:00:00,468.8804028321571
05-05 18:00:00,489.9905050334079
05-05 19:00:00,511.30497799623157
05-05 20:00:00,550.5764946206292
05-05 21:00:00,558.8238349335854
05-05 22:00:00,568.4313171545606
05-05 23:00:00,605.408009331627
05-06 00:00:00,635.5040696880461
05-06 01:00:00,694.4396105073605
05-06 02:00:00,676.2046863036568
05-06 03:00:00,654.4406938187105
05-06 04:00:00,638.1488347188324
05-06 05:00:00,643.214675432912
05-06 06:00:00,598.2225826300032
05-06 07:00:00,526.5244078580592
05-06 08:00:00,466.0934142797415
05-06 09:00:00,405.5342696809517
05-06 10:00:00,401.7269312696755
05-06 11:00:00,413.4376304194513
05-06 12:00:00,427.81258138548645
05-06 13:00:00,476.84599509009433
05-06 14:00:00,516.3296662481475
05-06 15:00:00,530.6298039350988
05-06 16:00:00,537.9062687504623
05-06 17:00:00,542.288467407917
05-06 18:00:00,546.4014295050525
05-06 19:00:00,522.3271286657097
05-06 20:00:00,411.41634792352176
05-06 21:00:00,384.09894910376477
05-06 22:00:00,458.6877818221413
05-06 23:00:00,415.2073835563577
05-07 00:00:00,392.6162559157616
05-07 01:00:00,409.0196810892276
05-07 02:00:00,435.9205960947753
05-07 03:00:00,443.0767758543485
05-07 04:00:00,435.14583756918006
05-07 05:00:00,458.44614215170395
05-07 06:00:00,474.94055586892006
05-07 07:00:00,440.9137105589981
05-07 08:00:00,373.9338816523867
05-07 09:00:00,556.7953153657761
05-07 10:00:00,573.8678984041416
05-07 11:00:00,564.8410009945726
05-07 12:00:00,558.1128920154424
05-07 13:00:00,574.9232766093405
05-07 14:00:00,556.2130208948934
05-07 15:00:00,430.1229099890911
05-07 16:00:00,420.56010955418134
05-07 17:00:00,426.29226405615503
05-07 18:00:00,477.19603747312857
05-07 19:00:00,535.2473424839679
05-07 20:00:00,567.285094416743
05-07 21:00:00,603.7411223127856
05-07 22:00:00,640.2875295175754
05-07 23:00:00,675.7850827852023
05-08 00:00:00,717.1090046885288
05-08 01:00:00,734.8987779797376
05-08 02:00:00,724.3091312400137
05-08 03:00:00,746.8839637741606
05-08 04:00:00,745.5739496157595
05-08 05:00:00,720.3025794808431
05-08 06:00:00,628.3509428285414
05-08 07:00:00,515.981902540701
05-08 08:00:00,454.3970028124684
05-08 09:00:00,367.12063320963
05-08 10:00:00,277.15546680902503
05-08 11:00:00,213.24847540572466
05-08 12:00:00,154.1929008272221
05-08 13:00:00,112.80962725138794
05-08 14:00:00,78.5222105494265
05-08 15:00:00,57.015391825396144
05-08 16:00:00,59.542873621935854
05-08 17:00:00,58.853367137830446
05-08 18:00:00,133.6776884634692
05-08 19:00:00,176.62702195499838
05-08 20:00:00,219.33867947927575
05-08 21:00:00,284.61112412053546
05-08 22:00:00,328.5642022047583
05-08 23:00:00,347.3812217426989
05-09 00:00:00,359.8824097484724
05-09 01:00:00,361.39771090422755
05-09 02:00:00,348.89092118486815
05-09 03:00:00,358.33366091041086
05-09 04:00:00,384.2378251161902
05-09 05:00:00,364.7334506847389
05-09 06:00:00,289.7676543741093
05-09 07:00:00,186.49665027814666
05-09 08:00:00,111.54864952017977
05-09 09:00:00,49.54486074896488
05-09 10:00:00,4.898012492769467
05-09 11:00:00,4.622171922525813
05-09 12:00:00,4.282293981290223
05-09 13:00:00,4.147856997597773
05-09 14:00:00,4.349835599614951
05-09 15:00:00,4.690801842813384
05-09 16:00:00,5.037260510128586
05-09 17:00:00,5.389297317190546
05-09 18:00:00,5.891685785707968
05-09 19:00:00,6.6291263763710475
05-09 20:00:00,14.400440490192679
05-09 21:00:00,86.40461028061645
05-09 22:00:00,109.54751195382114
05-09 23:00:00,84.92291067249101
05-10 00:00:00,55.154210859217116
05-10 01:00:00,10.901394329455584
05-10 02:00:00,21.04108863006499
05-10 03:00:00,20.964351336705032
05-10 04:00:00,23.716470640428078
05-10 05:00:00,27.044760277722702
05-10 06:00:00,26.712164392695115
05-10 07:00:00,11.795176430094411
05-10 08:00:00,6.7794564452957555
05-10 09:00:00,6.554319860850386
05-10 10:00:00,6.6291263763710475
05-10 11:00:00,6.7794564452957555
05-10 12:00:00,38.03942341194525
05-10 13:00:00,63.453816613240946
05-10 14:00:00,80.81826620368315
05-10 15:00:00,102.35345454468535
05-10 16:00:00,109.28909692197912
05-10 17:00:00,122.48896022119912
05-10 18:00:00,144.52176992509013
05-10 19:00:00,181.57567351128645
05-10 20:00:00,212.41951894466254
05-10 21:00:00,230.337412730001
05-10 22:00:00,248.444693045961
05-10 23:00:00,272.36210083464357
05-11 00:00:00,309.9220508793778
05-11 01:00:00,337.7534483759487
05-11 02:00:00,367.43948060988015
05-11 03:00:00,347.0119232711339
05-11 04:00:00,351.9075144487595
05-11 05:00:00,348.16172445169235
05-11 06:00:00,352.4675702499598
05-11 07:00:00,324.97956096292864
05-11 08:00:00,281.29782423499887
05-11 09:00:00,241.37692809939153
05-11 10:00:00,219.37068028663748
05-11 11:00:00,180.00940976488954
05-11 12:00:00,251.9682632279536
05-11 13:00:00,334.81595075041
05-11 14:00:00,352.55452658078457
05-11 15:00:00,357.23990912666244
05-11 16:00:00,385.7224946915999
05-11 17:00:00,396.2190199193672
05-11 18:00:00,412.39969172394564
05-11 19:00:00,429.9805340476245
05-11 20:00:00,444.2534677463629
05-11 21:00:00,453.7776705861819
05-11 22:00:00,471.2796733264892
05-11 23:00:00,498.69449025586835
05-12 00:00:00,500.8668191875162
05-12 01:00:00,511.02384851398637
05-12 02:00:00,511.37931695627225
05-12 03:00:00,501.31315278317936
05-12 04:00:00,505.82334574019006
05-12 05:00:00,512.6855556012864
05-12 06:00:00,539.2483855377208
05-12 07:00:00,541.7183745951083
05-12 08:00:00,523.3206354982359
05-12 09:00:00,503.0748876246012
05-12 10:00:00,454.8552282652025
05-12 11:00:00,405.44161013718855
05-12 12:00:00,333.15941168536233
05-12 13:00:00,285.2497539403646
05-12 14:00:00,262.74244007153334
05-12 15:00:00,240.47268511819215
05-12 16:00:00,279.68812870788366
05-12 17:00:00,310.33575136873935
05-12 18:00:00,335.08769298977745
05-12 19:00:00,375.57339331468285
05-12 20:00:00,406.8271246721424
05-12 21:00:00,423.48289606779565
05-12 22:00:00,473.5920773268387
05-12 23:00:00,519.7244828282472
05-13 00:00:00,548.9681167177081
05-13 01:00:00,572.3454167285199
05-13 02:00:00,593.7668882194242
05-13 03:00:00,622.2105454056763
05-13 04:00:00,634.8147246181417
05-13 05:00:00,611.715305251931
05-13 06:00:00,546.3494753440608
05-13 07:00:00,464.6627562337117
05-13 08:00:00,412.9118927736463
05-13 09:00:00,384.7392603129439
05-13 10:00:00,339.7127381878446
05-13 11:00:00,315.879374095086
05-13 12:00:00,451.64384683594363
05-13 13:00:00,484.24939301774356
05-13 14:00:00,445.7757428614434
05-13 15:00:00,406.8482343401535
05-13 16:00:00,375.4332701518753
05-13 17:00:00,359.06470232981303
05-13 18:00:00,372.2280908268813
05-13 19:00:00,433.00207599296436
05-13 20:00:00,477.5875756936388
05-13 21:00:00,492.00241285955394
05-13 22:00:00,521.0068026680456
05-13 23:00:00,520.4535375434122
05-14 00:00:00,579.3810034844556
05-14 01:00:00,611.8138527149341
05-14 02:00:00,623.0720569816025
05-14 03:00:00,642.3541375270039
05-14 04:00:00,675.790863991451
05-14 05:00:00,640.1646941615295
05-14 06:00:00,601.7009295864132
05-14 07:00:00,503.24009821954155
05-14 08:00:00,378.54519482511233
05-14 09:00:00,303.11070233102754
05-14 10:00:00,250.15147200171657
05-14 11:00:00,203.2373455060742
05-14 12:00:00,172.04291243659708
05-14 13:00:00,148.5934052374166
05-14 14:00:00,149.16777151805843
05-14 15:00:00,116.7863201219471
05-14 16:00:00,193.17880342270476
05-14 17:00:00,278.9709982140724
05-14 18:00:00,327.7619380665635
05-14 19:00:00,369.9815972119535
05-14 20:00:00,424.0038125524151
05-14 21:00:00,465.73340133895175
05-14 22:00:00,486.86864241224805
05-14 23:00:00,506.0046862919523
05-15 00:00:00,533.70565391852
05-15 01:00:00,553.6900569528523
05-15 02:00:00,551.3234152268296
05-15 03:00:00,570.805269091665
05-15 04:00:00,600.974960900387
05-15 05:00:00,610.3592215391024
05-15 06:00:00,519.6817853230767
05-15 07:00:00,450.32938433154834
05-15 08:00:00,380.29604799764064
05-15 09:00:00,311.2792318805512
05-15 10:00:00,259.74827804920676
05-15 11:00:00,240.29162571523568
05-15 12:00:00,233.03980686198224
05-15 13:00:00,261.4688528035507
05-15 14:00:00,280.47375886235415
05-15 15:00:00,344.31414719888573
05-15 16:00:00,399.7302928333075
05-15 17:00:00,446.13736569553896
05-15 18:00:00,469.31452453326546
05-15 19:00:00,482.02586087411674
05-15 20:00:00,493.0666392002435
05-15 21:00:00,506.53366359535295
05-15 22:00:00,527.376312858368
05-15 23:00:00,532.5159757648521
05-16 00:00:00,548.4221319346829
05-16 01:00:00,565.8820769954156
05-16 02:00:00,577.1758721101912
05-16 03:00:00,609.3861736272409
05-16 04:00:00,639.1885534215087
05-16 05:00:00,590.4717796463857
05-16 06:00:00,542.3069035105235
05-16 07:00:00,498.01632459500644
05-16 08:00:00,436.998740748334
05-16 09:00:00,368.52093066506563
05-16 10:00:00,312.5703274691018
05-16 11:00:00,290.6422779130106
05-16 12:00:00,342.0480890291875
05-16 13:00:00,310.279050629767
05-16 14:00:00,359.2662599675484
05-16 15:00:00,417.7614398867074
05-16 16:00:00,418.5969652738392
05-16 17:00:00,400.8265849475793
05-16 18:00:00,414.96787194426116
05-16 19:00:00,436.97231782247474
05-16 20:00:00,387.8726201704888
05-16 21:00:00,400.4636607830516
05-16 22:00:00,453.75809896445145
05-16 23:00:00,449.4177296757019
05-17 00:00:00,466.9743213046583
05-17 01:00:00,493.2985854808507
05-17 02:00:00,520.0283059839063
05-17 03:00:00,502.1692197583951
05-17 04:00:00,521.888864670312
05-17 05:00:00,522.4887130385476
05-17 06:00:00,531.3809952173322
05-17 07:00:00,496.6777313725104
05-17 08:00:00,464.11560637023894
05-17 09:00:00,423.25882979723013
05-17 10:00:00,373.6330158929988
05-17 11:00:00,304.2278186847674
05-17 12:00:00,265.6780782933006
05-17 13:00:00,233.9849681459785
05-17 14:00:00,226.0528884341208
05-17 15:00:00,292.45241082516293
05-17 16:00:00,247.24101119124205
05-17 17:00:00,279.86337169978447
05-17 18:00:00,304.47125775188016
05-17 19:00:00,332.0007850917465
05-17 20:00:00,349.94649577798594
05-17 21:00:00,353.3047856404707
05-17 22:00:00,422.55647758239826
05-17 23:00:00,466.1212176746896
05-18 00:00:00,493.5653911213163
05-18 01:00:00,494.27633145778105
05-18 02:00:00,519.9304800942524
05-18 03:00:00,525.9295850052721
05-18 04:00:00,527.1422289401409
05-18 05:00:00,524.4506916597886
05-18 06:00:00,505.77732478496523
05-18 07:00:00,488.8528413449191
05-18 08:00:00,451.6801320849543
05-18 09:00:00,415.79213083815796
05-18 10:00:00,453.4034188985037
05-18 11:00:00,404.4724208033287
05-18 12:00:00,352.44975519237784
05-18 13:00:00,338.3558340228603
05-18 14:00:00,302.49392753524387
05-18 15:00:00,279.91351205308763
05-18 16:00:00,261.33234948356863
05-18 17:00:00,245.90959024012102
05-18 18:00:00,306.078569287304
05-18 19:00:00,413.08964419312485
05-18 20:00:00,422.18907002463396
05-18 21:00:00,460.8717433338986
05-18 22:00:00,511.48561280917033
05-18 23:00:00,578.9642316906361
05-19 00:00:00,588.003063251537
05-19 01:00:00,596.2798010958305
05-19 02:00:00,606.3835678174091
05-19 03:00:00,607.0688244371033
05-19 04:00:00,611.5689720515953
05-19 05:00:00,602.7744437827462
05-19 06:00:00,588.2803559714987
05-19 07:00:00,572.5566762190491
05-19 08:00:00,535.355425671648
05-19 09:00:00,508.3563194454812
05-19 10:00:00,442.0378832101431
05-19 11:00:00,430.3146304601725
05-19 12:00:00,546.322711601363
05-19 13:00:00,429.06839652783447
05-19 14:00:00,344.2162279429001
05-19 15:00:00,423.46966083491293
05-19 16:00:00,450.8426870045622
05-19 17:00:00,444.24036474478714
05-19 18:00:00,469.02911611449514
05-19 19:00:00,519.1212598208698
05-19 20:00:00,567.0239162121976
05-19 21:00:00,590.1240170120625
05-19 22:00:00,596.5694374792465
05-19 23:00:00,585.9824743006401
05-20 00:00:00,584.8336460907666
05-20 01:00:00,589.0596171987117
05-20 02:00:00,607.1285717410526
05-20 03:00:00,607.6780674433597
05-20 04:00:00,600.1067410679269
05-20 05:00:00,589.6895109664573
05-20 06:00:00,578.165026831643
05-20 07:00:00,557.6469752044804
05-20 08:00:00,533.3689656007215
05-20 09:00:00,517.3972342577594
05-20 10:00:00,468.2978010982011
05-20 11:00:00,409.8055314490351
05-20 12:00:00,335.83232215312444
05-20 13:00:00,313.0653000125127
05-20 14:00:00,283.4631453156596
05-20 15:00:00,251.5546766176797
05-20 16:00:00,237.3874668364992
05-20 17:00:00,237.8290472645432
05-20 18:00:00,282.42310792343454
05-20 19:00:00,350.88502081056157
05-20 20:00:00,372.9287398848838
05-20 21:00:00,403.390211518956
05-20 22:00:00,448.78673636208316
05-20 23:00:00,463.33855388707605
05-21 00:00:00,479.011056937827
05-21 01:00:00,495.89912740883153
05-21 02:00:00,482.07798978217255
05-21 03:00:00,480.2305067946467
05-21 04:00:00,473.6446714845929
05-21 05:00:00,478.75556486892185
05-21 06:00:00,435.1347558966845
05-21 07:00:00,392.6576662874853
05-21 08:00:00,349.77887106381684
05-21 09:00:00,351.4233391527374
05-21 10:00:00,371.6760487701197
05-21 11:00:00,372.79008320893604
05-21 12:00:00,365.77428382096804
05-21 13:00:00,342.96922863123143
05-21 14:00:00,344.1445407691086
05-21 15:00:00,330.0262392213084
05-21 16:00:00,355.41868769674664
05-21 17:00:00,400.29197747463616
05-21 18:00:00,423.2411123677678
05-21 19:00:00,437.15914476113704
05-21 20:00:00,455.9142741155765
05-21 21:00:00,500.39944159195176
05-21 22:00:00,536.9126929001042
05-21 23:00:00,561.8892083037668
05-22 00:00:00,595.935013189729
05-22 01:00:00,576.1818218315133
05-22 02:00:00,582.6547642627737
05-22 03:00:00,585.8674862455451
05-22 04:00:00,604.398627956982
05-22 05:00:00,618.0153591303845
05-22 06:00:00,581.3104802977294
05-22 07:00:00,525.5048747056167
05-22 08:00:00,455.23105742756076
05-22 09:00:00,369.535097167888
05-22 10:00:00,306.8330204557545
05-22 11:00:00,263.3672578990173
05-22 12:00:00,229.3477478233502
05-22 13:00:00,214.7101410351044
05-22 14:00:00,184.5415456823548
05-22 15:00:00,169.78445156156067
05-22 16:00:00,160.68793399648
05-22 17:00:00,164.99779744924427
05-22 18:00:00,188.54745510878382
05-22 19:00:00,254.7268102207517
05-22 20:00:00,302.6014646066587
05-22 21:00:00,339.6624442353194
05-22 22:00:00,399.32254401054087
05-22 23:00:00,411.43197096583873
05-23 00:00:00,414.4781925074639
05-23 01:00:00,507.4010008256895
05-23 02:00:00,560.4790979439973
05-23 03:00:00,586.376452762796
05-23 04:00:00,603.0659072959533
05-23 05:00:00,575.2930474027386
05-23 06:00:00,573.423502519929
05-23 07:00:00,532.8486637223019
05-23 08:00:00,461.99839647675213
05-23 09:00:00,383.80553229122637
05-23 10:00:00,329.6183232255277
05-23 11:00:00,326.1177806219969
05-23 12:00:00,319.7446086876178
05-23 13:00:00,252.41836199878196
05-23 14:00:00,202.49127016659352
05-23 15:00:00,176.8531092473462
05-23 16:00:00,166.85091929389858
05-23 17:00:00,173.48594117515
05-23 18:00:00,239.7153974981216
05-23 19:00:00,300.5814564626643
05-23 20:00:00,323.07150448148127
05-23 21:00:00,369.91568731103814
05-23 22:00:00,395.9416620366169
05-23 23:00:00,445.16735576310833
05-24 00:00:00,469.88244328490185
05-24 01:00:00,480.5998868082953
05-24 02:00:00,476.6991228353998
05-24 03:00:00,494.2889096867368
05-24 04:00:00,505.14620703348356
05-24 05:00:00,507.66825337315925
05-24 06:00:00,470.88351922210575
05-24 07:00:00,407.40026880955463
05-24 08:00:00,402.7718739518952
05-24 09:00:00,349.9612893005089
05-24 10:00:00,310.41821741379886
05-24 11:00:00,256.95296887002473
05-24 12:00:00,228.36526984112913
05-24 13:00:00,257.7035815403467
05-24 14:00:00,263.8938008822223
05-24 15:00:00,261.5182005453699
05-24 16:00:00,263.7935488664506
05-24 17:00:00,279.3097598343958
05-24 18:00:00,307.0444264489248
05-24 19:00:00,328.7105883594096
05-24 20:00:00,343.5462687093007
05-24 21:00:00,352.07618492537506
05-24 22:00:00,357.38758230564815
05-24 23:00:00,411.23917779298006
05-25 00:00:00,424.9369217356332
05-25 01:00:00,477.7531173173906
05-25 02:00:00,492.41189240828186
05-25 03:00:00,484.24728800040907
05-25 04:00:00,482.02362085599003
05-25 05:00:00,499.39341057225073
05-25 06:00:00,478.0268823007695
05-25 07:00:00,469.8458621089873
05-25 08:00:00,451.93899792749363
05-25 09:00:00,420.94856803108644
05-25 10:00:00,350.68433374743745
05-25 11:00:00,315.26843724042436
05-25 12:00:00,261.48964371657195
05-25 13:00:00,252.91165311810028
05-25 14:00:00,234.30596559325542
05-25 15:00:00,214.72440343895926
05-25 16:00:00,213.93426182079853
05-25 17:00:00,223.1215307102816
05-25 18:00:00,246.152584634799
05-25 19:00:00,281.5643976311356
05-25 20:00:00,345.664252437503
05-25 21:00:00,380.39752229326507
05-25 22:00:00,431.8217223299784
05-25 23:00:00,447.0133224824497
05-26 00:00:00,471.0941606149017
05-26 01:00:00,504.66085396658497
05-26 02:00:00,541.0838255604751
05-26 03:00:00,528.240182151103
05-26 04:00:00,526.9009826855647
05-26 05:00:00,519.3656685058257
05-26 06:00:00,478.49785679834116
05-26 07:00:00,415.4749355220025
05-26 08:00:00,379.58120993217113
05-26 09:00:00,297.8689592588556
05-26 10:00:00,240.5478817433
05-26 11:00:00,239.97489425357452
05-26 12:00:00,221.35423854995767
05-26 13:00:00,205.34043941929514
05-26 14:00:00,193.65618747689237
05-26 15:00:00,174.8299927687377
05-26 16:00:00,200.65981468465026
05-26 17:00:00,239.16366614826015
05-26 18:00:00,283.3178945082607
05-26 19:00:00,325.2210059653308
05-26 20:00:00,350.31527561169054
05-26 21:00:00,362.0053878842434
05-26 22:00:00,382.5477059924677
05-26 23:00:00,394.2641422817371
05-27 00:00:00,387.5255683152977
05-27 01:00:00,403.06370340757826
05-27 02:00:00,400.36453079405914
05-27 03:00:00,440.03611327501824
05-27 04:00:00,494.22186147254496
05-27 05:00:00,509.8928422356062
05-27 06:00:00,514.1183105203315
05-27 07:00:00,496.3491127137482
05-27 08:00:00,498.34746940918956
05-27 09:00:00,510.413170412236
05-27 10:00:00,499.6111364957806
05-27 11:00:00,462.19106852023873
05-27 12:00:00,443.7427075222003
05-27 13:00:00,391.74068732576046
05-27 14:00:00,337.6931967192682
05-27 15:00:00,356.3009838110461
05-27 16:00:00,334.18579409317084
05-27 17:00:00,325.330581450461
05-27 18:00:00,339.12339554102596
05-27 19:00:00,352.2970987648982
05-27 20:00:00,372.66949283584165
05-27 21:00:00,411.9778611898926
05-27 22:00:00,452.12879236438755
05-27 23:00:00,492.02720632912053
05-28 00:00:00,527.3502200259094
05-28 01:00:00,563.221599771206
05-28 02:00:00,583.8480170218508
05-28 03:00:00,606.01243076998
05-28 04:00:00,616.1186715920634
05-28 05:00:00,562.0939524518128
05-28 06:00:00,478.43669699100474
05-28 07:00:00,392.1059262231744
05-28 08:00:00,323.7312849552537
05-28 09:00:00,248.6332189769923
05-28 10:00:00,178.78704197787658
05-28 11:00:00,122.19535860880048
05-28 12:00:00,74.12233287349818
05-28 13:00:00,40.66488942476389
05-28 14:00:00,27.569856438302583
05-28 15:00:00,16.19938764404536
05-28 16:00:00,20.396645720077608
05-28 17:00:00,25.950503713298072
05-28 18:00:00,66.46950073248338
05-28 19:00:00,152.2460085372267
05-28 20:00:00,206.7386107620634
05-28 21:00:00,244.65983061803098
05-28 22:00:00,263.2209842619089
05-28 23:00:00,270.80871798770943
05-29 00:00:00,296.16645471416143
05-29 01:00:00,314.74582659153214
05-29 02:00:00,342.42452355663323
05-29 03:00:00,374.3799715711995
05-29 04:00:00,387.28392112513706
05-29 05:00:00,377.2099491427612
05-29 06:00:00,329.53225578965953
05-29 07:00:00,308.3134294518683
05-29 08:00:00,259.93943769872646
05-29 09:00:00,221.5851980639005
05-29 10:00:00,206.79019197747462
05-29 11:00:00,166.56773973930407
05-29 12:00:00,122.60178273226066
05-29 13:00:00,109.93951758128937
05-29 14:00:00,120.95783493608349
05-29 15:00:00,85.89981292630033
05-29 16:00:00,64.12311344594855
05-29 17:00:00,70.84689326382286
05-29 18:00:00,102.69674202436725
05-29 19:00:00,175.89631622682424
05-29 20:00:00,254.0797491292884
05-29 21:00:00,295.98384560202066
05-29 22:00:00,315.3970764479587
05-29 23:00:00,336.8804963714676
05-30 00:00:00,372.12195601654116
05-30 01:00:00,434.1516773019873
05-30 02:00:00,481.1493655879343
05-30 03:00:00,505.37284166821667
05-30 04:00:00,525.9914600565007
05-30 05:00:00,500.0162045445931
05-30 06:00:00,422.2624837440596
05-30 07:00:00,336.38320770827437
05-30 08:00:00,243.74340782487138
05-30 09:00:00,171.28845526858797
05-30 10:00:00,118.294783798292
05-30 11:00:00,77.49464730846289
05-30 12:00:00,58.96463537221616
05-30 13:00:00,52.22973397810509
05-30 14:00:00,41.3273999634178
05-30 15:00:00,45.45979188216086
05-30 16:00:00,59.00503406744619
05-30 17:00:00,83.58621991880361
05-30 18:00:00,115.72309659214726
05-30 19:00:00,174.0239290299826
05-30 20:00:00,237.3059623399864
05-30 21:00:00,285.4244694417215
05-30 22:00:00,323.5312977870697
05-30 23:00:00,363.0290334214722
05-31 00:00:00,411.11344041461007
05-31 01:00:00,438.8400972730362
05-31 02:00:00,489.2417820632285
05-31 03:00:00,523.1015666795573
05-31 04:00:00,534.2398486081618
05-31 05:00:00,493.88762317715623
05-31 06:00:00,416.3516814391917
05-31 07:00:00,348.5085012658898
05-31 08:00:00,278.27248672123295
05-31 09:00:00,220.64390001318867
05-31 10:00:00,149.3554536000109
05-31 11:00:00,89.06636720646088
05-31 12:00:00,42.325817720267715
05-31 13:00:00,8.808540435219056
05-31 14:00:00,8.808540435219056
05-31 15:00:00,8.648331631611118
05-31 16:00:00,11.030954034822104
05-31 17:00:00,16.35396990621991
05-31 18:00:00,25.222526987561857
05-31 19:00:00,100.80220918149956
05-31 20:00:00,158.74664198172445
05-31 21:00:00,215.71315430331734
05-31 22:00:00,240.74960755541542
05-31 23:00:00,277.39086563885104
06-01 00:00:00,353.13719601179776
06-01 01:00:00,390.38416050888435
06-01 02:00:00,410.6189656253286
06-01 03:00:00,429.8127813700884
06-01 04:00:00,447.82333244325105
06-01 05:00:00,406.87574249854885
06-01 06:00:00,322.5494354853776
06-01 07:00:00,253.39479766852395
06-01 08:00:00,190.00863289518725
06-01 09:00:00,133.94651419868222
06-01 10:00:00,62.82793082220104
06-01 11:00:00,5.603233005909134
06-01 12:00:00,6.6291263763710475
06-01 13:00:00,6.704171660175633
06-01 14:00:00,6.405420212053882
06-01 15:00:00,6.257466887602783
06-01 16:00:00,5.964376059147582
06-01 17:00:00,6.037298589187204
06-01 18:00:00,9.965007579952799
06-01 19:00:00,24.69923309149393
06-01 20:00:00,78.54398374678968
06-01 21:00:00,116.16241206603178
06-01 22:00:00,153.78405158266213
06-01 23:00:00,196.21044108156494
06-02 00:00:00,246.44419561587267
06-02 01:00:00,257.85090828949234
06-02 02:00:00,284.63687351286063
06-02 03:00:00,310.5824496952251
06-02 04:00:00,309.95300557593225
06-02 05:00:00,295.4261050698909
06-02 06:00:00,201.2560436763431
06-02 07:00:00,145.25125128143173
06-02 08:00:00,55.96797592656872
06-02 09:00:00,4.553761015359676
06-02 10:00:00,4.48556844308385
06-02 11:00:00,3.947807148622054
06-02 12:00:00,3.4236346110855003
06-02 13:00:00,3.5534222180706414
06-02 14:00:00,3.7496681423100955
06-02 15:00:00,4.417593529334853
06-02 16:00:00,5.177401016688488
06-02 17:00:00,8.376675608440998
06-02 18:00:00,34.26737603896644
06-02 19:00:00,69.12720075369856
06-02 20:00:00,103.67024410236338
06-02 21:00:00,121.37616213087412
06-02 22:00:00,142.00624002121742
06-02 23:00:00,155.46607657169503
06-03 00:00:00,189.56912890538828
06-03 01:00:00,223.14268450645926
06-03 02:00:00,256.18769878465025
06-03 03:00:00,263.1215469183229
06-03 04:00:00,268.94113643314205
06-03 05:00:00,238.9607464659699
06-03 06:00:00,216.19485970267758
06-03 07:00:00,174.10543927749507
06-03 08:00:00,125.84357789138684
06-03 09:00:00,69.11001654640742
06-03 10:00:00,4.349835599614951
06-03 11:00:00,4.759651456323027
06-03 12:00:00,4.898012492769467
06-03 13:00:00,4.147856997597773
06-03 14:00:00,4.898012492769467
06-03 15:00:00,4.690801842813384
06-03 16:00:00,4.48556844308385
06-03 17:00:00,4.898012492769467
06-03 18:00:00,4.690801842813384
06-03 19:00:00,5.037260510128586
06-03 20:00:00,14.759940514315549
06-03 21:00:00,21.208187108856364
06-03 22:00:00,48.483566270154355
06-03 23:00:00,63.970234620630706
06-04 00:00:00,81.89738190827927
06-04 01:00:00,95.19691365800374
06-04 02:00:00,109.78592101831924
06-04 03:00:00,164.11015352437565
06-04 04:00:00,162.96266089748326
06-04 05:00:00,151.89332856893748
06-04 06:00:00,94.98225258106389
06-04 07:00:00,57.46247340871417
06-04 08:00:00,11.46779458261511
06-04 09:00:00,8.57804045954695
06-04 10:00:00,6.318417066994794
06-04 11:00:00,5.037260510128586
06-04 12:00:00,3.230504760739726
06-04 13:00:00,3.166539319075933
06-04 14:00:00,4.147856997597773
06-04 15:00:00,4.147856997597773
06-04 16:00:00,4.282293981290223
06-04 17:00:00,4.967525285271267
06-04 18:00:00,4.967525285271267
06-04 19:00:00,11.369453833150137
06-04 20:00:00,20.987451986256776
06-04 21:00:00,45.229442424272456
06-04 22:00:00,60.25371214417146
06-04 23:00:00,105.27539550782349
06-05 00:00:00,167.62268042575172
06-05 01:00:00,187.23500349151922
06-05 02:00:00,195.38792822102045
06-05 03:00:00,204.87486146399215
06-05 04:00:00,220.81787071188847
06-05 05:00:00,226.51703182607878
06-05 06:00:00,182.00450556109084
06-05 07:00:00,145.40626633437176
06-05 08:00:00,114.43176135394603
06-05 09:00:00,103.70769255124613
06-05 10:00:00,123.01876935588565
06-05 11:00:00,150.33879120854945
06-05 12:00:00,192.87218909017182
06-05 13:00:00,200.34358343946005
06-05 14:00:00,227.9711839462375
06-05 15:00:00,241.75318168374935
06-05 16:00:00,194.2743733251253
06-05 17:00:00,159.19991325160484
06-05 18:00:00,188.99128556997238
06-05 19:00:00,224.31578251753044
06-05 20:00:00,254.3038217961868
06-05 21:00:00,266.090141690183
06-05 22:00:00,262.6831625515258
06-05 23:00:00,273.9335563312076
06-06 00:00:00,286.10176160605585
06-06 01:00:00,293.82755908172794
06-06 02:00:00,284.9109406757875
06-06 03:00:00,279.56356162080584
06-06 04:00:00,278.02331748541235
06-06 05:00:00,280.30955729661747
06-06 06:00:00,266.30900932526947
06-06 07:00:00,249.19644267133273
06-06 08:00:00,199.04879945512155
06-06 09:00:00,170.8813612383328
06-06 10:00:00,141.78116204565492
06-06 11:00:00,135.80147832138817
06-06 12:00:00,134.26727783517381
06-06 13:00:00,126.15230709811189
06-06 14:00:00,125.80173831828107
06-06 15:00:00,148.65094676110846
06-06 16:00:00,131.58605797473783
06-06 17:00:00,165.01359306011443
06-06 18:00:00,175.69394771910848
06-06 19:00:00,192.00331223873226
06-06 20:00:00,199.45631073731147
06-06 21:00:00,191.75290901658784
06-06 22:00:00,191.97875947858088
06-06 23:00:00,198.94879353632513
06-07 00:00:00,202.67000355931677
06-07 01:00:00,203.48196237507855
06-07 02:00:00,207.53050720744793
06-07 03:00:00,211.68880603819238
06-07 04:00:00,219.27786641838952
06-07 05:00:00,225.85497383543216
06-07 06:00:00,228.078018679719
06-07 07:00:00,220.23070625209778
06-07 08:00:00,201.91963399691932
06-07 09:00:00,167.78659805081324
06-07 10:00:00,137.2318515162612
06-07 11:00:00,92.32911488165867
06-07 12:00:00,53.90607268602915
06-07 13:00:00,29.08233077960327
06-07 14:00:00,17.549639864016964
06-07 15:00:00,32.77241253618728
06-07 16:00:00,149.21192287748684
06-07 17:00:00,185.42394701009823
06-07 18:00:00,211.7896722130706
06-07 19:00:00,212.58143966176436
06-07 20:00:00,211.92631653151057
06-07 21:00:00,223.74005023306051
06-07 22:00:00,231.92920880992008
06-07 23:00:00,236.19585894477208
06-08 00:00:00,239.1890948056326
06-08 01:00:00,235.3624108564716
06-08 02:00:00,240.76866861648313
06-08 03:00:00,235.46517888003993
06-08 04:00:00,235.8355025903967
06-08 05:00:00,230.66964656292186
06-08 06:00:00,216.6030253099648
06-08 07:00:00,180.93643214499934
06-08 08:00:00,152.80562611353878
06-08 09:00:00,124.07022366009217
06-08 10:00:00,96.04871718599296
06-08 11:00:00,42.37194939093477
06-08 12:00:00,21.634421531217868
06-08 13:00:00,21.634421531217868
06-08 14:00:00,22.384853314449977
06-08 15:00:00,82.32756145899383
06-08 16:00:00,94.93931381039741
06-08 17:00:00,99.91831759212988
06-08 18:00:00,123.99746727190367
06-08 19:00:00,150.97577931840394
06-08 20:00:00,165.17063843160986
06-08 21:00:00,174.6771044027486
06-08 22:00:00,167.74379360314728
06-08 23:00:00,189.0387553188209
06-09 00:00:00,197.8855928670225
06-09 01:00:00,203.26270310096498
06-09 02:00:00,197.10990251428888
06-09 03:00:00,201.56007605080015
06-09 04:00:00,201.4949901760269
06-09 05:00:00,196.97900841362969
06-09 06:00:00,176.32239912763313
06-09 07:00:00,155.89024354232083
06-09 08:00:00,134.51569216707563
06-09 09:00:00,86.1970613517083
06-09 10:00:00,37.15131787393999
06-09 11:00:00,15.697535545639127
06-09 12:00:00,7.571925600186293
06-09 13:00:00,8.854729026362524
06-09 14:00:00,7.785165220980088
06-09 15:00:00,18.57188050615301
06-09 16:00:00,119.516160500631
06-09 17:00:00,103.2046344489349
06-09 18:00:00,110.63511478304409
06-09 19:00:00,134.51792609968615
06-09 20:00:00,182.77358349440152
06-09 21:00:00,212.254223806945
06-09 22:00:00,241.19438337333315
06-09 23:00:00,271.3006211997055
06-10 00:00:00,283.3571097518819
06-10 01:00:00,295.416250475614
06-10 02:00:00,315.14428115377166
06-10 03:00:00,317.02074031081895
06-10 04:00:00,329.18556059737836
06-10 05:00:00,300.7593371106998
06-10 06:00:00,239.75714261088186
06-10 07:00:00,163.86510503020708
06-10 08:00:00,96.89412280260396
06-10 09:00:00,46.20797740543687
06-10 10:00:00,4.690801842813384
06-10 11:00:00,5.389297317190546
06-10 12:00:00,5.3184395508144995
06-10 13:00:00,4.828721445026697
06-10 14:00:00,5.177401016688488
06-10 15:00:00,5.746999154430151
06-10 16:00:00,5.819227054844731
06-10 17:00:00,6.318423367511331
06-10 18:00:00,7.715530606328217
06-10 19:00:00,15.66288469060272
06-10 20:00:00,27.688568257070227
06-10 21:00:00,48.0553169836022
06-10 22:00:00,93.23795222323693
06-10 23:00:00,138.38332052726673
06-11 00:00:00,164.69666488854259
06-11 01:00:00,188.20116459220722
06-11 02:00:00,205.312113892411
06-11 03:00:00,231.8604389495855
06-11 04:00:00,256.5997974684246
06-11 05:00:00,223.69910110952225
06-11 06:00:00,164.06304450338905
06-11 07:00:00,111.51237957585174
06-11 08:00:00,52.88798412399017
06-11 09:00:00,6.876717326131233
06-11 10:00:00,5.891685785707968
06-11 11:00:00,6.037298589187204
06-11 12:00:00,6.037298589187204
06-11 13:00:00,5.531693343016848
06-11 14:00:00,5.675001374231347
06-11 15:00:00,5.746999154430151
06-11 16:00:00,5.389297317190546
06-11 17:00:00,4.967525285271267
06-11 18:00:00,4.898012492769467
06-11 19:00:00,15.630463524348771
06-11 20:00:00,28.0140656681155
06-11 21:00:00,36.22716107747093
06-11 22:00:00,97.38126777053624
06-11 23:00:00,118.02790787833258
06-12 00:00:00,149.0186002208383
06-12 01:00:00,185.7685623739154
06-12 02:00:00,202.20465273335495
06-12 03:00:00,219.88669252474224
06-12 04:00:00,227.71038600839006
06-12 05:00:00,201.60639316796158
06-12 06:00:00,131.29421634893976
06-12 07:00:00,52.26641592084945
06-12 08:00:00,9.418448600407334
06-12 09:00:00,3.8815493774763223
06-12 10:00:00,3.815503261304812
06-12 11:00:00,2.9127163879520124
06-12 12:00:00,3.0392213589519335
06-12 13:00:00,2.849767189501116
06-12 14:00:00,3.3590517645526674
06-12 15:00:00,3.230504760739726
06-12 16:00:00,4.349835599614951
06-12 17:00:00,4.553761015359676
06-12 18:00:00,5.10721885681614
06-12 19:00:00,5.746999154430151
06-12 20:00:00,7.604247858872147
06-12 21:00:00,13.64636202216943
06-12 22:00:00,14.78735004201098
06-12 23:00:00,15.662216141330685
06-13 00:00:00,21.2765929207371
06-13 01:00:00,47.45575099360846
06-13 02:00:00,72.46855330158164
06-13 03:00:00,71.70906084348671
06-13 04:00:00,88.17288210167487
06-13 05:00:00,84.59188364009718
06-13 06:00:00,46.82253300866913
06-13 07:00:00,25.684419699460435
06-13 08:00:00,12.468877387293393
06-13 09:00:00,6.183843284646819
06-13 10:00:00,5.819227054844731
06-13 11:00:00,5.746999154430151
06-13 12:00:00,5.603233005909134
06-13 13:00:00,5.603233005909134
06-13 14:00:00,5.3184395508144995
06-13 15:00:00,4.622171922525813
06-13 16:00:00,5.037260510128586
06-13 17:00:00,5.10721885681614
06-13 18:00:00,5.10721885681614
06-13 19:00:00,13.717078541304879
06-13 20:00:00,30.714035392057042
06-13 21:00:00,61.953162514699756
06-13 22:00:00,87.64570570646063
06-13 23:00:00,108.28686465748093
06-14 00:00:00,141.2552831408346
06-14 01:00:00,179.28443840443617
06-14 02:00:00,215.63755098388967
06-14 03:00:00,239.64376522804227
06-14 04:00:00,263.7565068588602
06-14 05:00:00,228.18430046918152
06-14 06:00:00,153.9463282768758
06-14 07:00:00,105.43969308655049
06-14 08:00:00,55.4977154551863
06-14 09:00:00,17.51102726596985
06-14 10:00:00,2.0495234840487107
06-14 11:00:00,1.5733910592029157
06-14 12:00:00,1.4562551250716436
06-14 13:00:00,1.8099299895043646
06-14 14:00:00,1.3398685712963871
06-14 15:00:00,2.2312463491523067
06-14 16:00:00,2.662125183212436
06-14 17:00:00,2.849767189501116
06-14 18:00:00,3.230504760739726
06-14 19:00:00,6.3115727340519365
06-14 20:00:00,16.456695166604007
06-14 21:00:00,28.746503308028206
06-14 22:00:00,42.23658378437184
06-14 23:00:00,84.89600194698968
06-15 00:00:00,113.59275925684811
06-15 01:00:00,146.59494416837663
06-15 02:00:00,164.67549739273662
06-15 03:00:00,183.0665838793192
06-15 04:00:00,192.8538764042256
06-15 05:00:00,162.68238063349565
06-15 06:00:00,89.61321838625882
06-15 07:00:00,29.885707188601575
06-15 08:00:00,2.4762784173109362
06-15 09:00:00,1.8695404987429458
06-15 10:00:00,1.397968469755004
06-15 11:00:00,1.2242267024459597
06-15 12:00:00,1.8695404987429458
06-15 13:00:00,2.662125183212436
06-15 14:00:00,1.8099299895043646
06-15 15:00:00,2.292210114756443
06-15 16:00:00,2.787019341307723
06-15 17:00:00,2.787019341307723
06-15 18:00:00,2.9127163879520124
06-15 19:00:00,3.4884245466703243
06-15 20:00:00,12.850138372104055
06-15 21:00:00,20.709270190301922
06-15 22:00:00,29.416433632600373
06-15 23:00:00,34.98883725150906
06-16 00:00:00,63.76775967198151
06-16 01:00:00,66.35732832815327
06-16 02:00:00,101.21982579796581
06-16 03:00:00,102.01199743481601
06-16 04:00:00,116.9224258796107
06-16 05:00:00,106.64243426133673
06-16 06:00:00,42.760142384638776
06-16 07:00:00,3.6602891137093945
06-16 08:00:00,2.109903643560566
06-16 09:00:00,1.3398685712963871
06-16 10:00:00,0.8252774142268386
06-16 11:00:00,0.49038650062903577
06-16 12:00:00,0.545754408957527
06-16 13:00:00,1.6912810969502967
06-16 14:00:00,1.9893366433341841
06-16 15:00:00,2.109903643560566
06-16 16:00:00,1.8695404987429458
06-16 17:00:00,1.929342516086618
06-16 18:00:00,2.2312463491523067
06-16 19:00:00,2.292210114756443
06-16 20:00:00,2.4147255337315947
06-16 21:00:00,7.388398884237426
06-16 22:00:00,14.223673778552595
06-16 23:00:00,17.297071145574613
06-17 00:00:00,23.150955633249623
06-17 01:00:00,26.45681425652029
06-17 02:00:00,28.516855749620067
06-17 03:00:00,39.2864303224332
06-17 04:00:00,35.25426081616037
06-17 05:00:00,26.758783504146457
06-17 06:00:00,6.062944460911012
06-17 07:00:00,2.849767189501116
06-17 08:00:00,1.929342516086618
06-17 09:00:00,1.5733910592029157
06-17 10:00:00,0.43519617830522916
06-17 11:00:00,0.8252774142268386
06-17 12:00:00,1.2242267024459597
06-17 13:00:00,1.6322415188309845
06-17 14:00:00,1.2819548436357548
06-17 15:00:00,1.4562551250716436
06-17 16:00:00,1.1093248508153644
06-17 17:00:00,1.397968469755004
06-17 18:00:00,1.5147291250424568
06-17 19:00:00,1.6322415188309845
06-17 20:00:00,1.6322415188309845
06-17 21:00:00,2.341487767040487
06-17 22:00:00,4.128170575107252
06-17 23:00:00,11.084838318410842
06-18 00:00:00,17.812270724820475
06-18 01:00:00,12.300220631485875
06-18 02:00:00,11.248395365596593
06-18 03:00:00,19.523265249564023
06-18 04:00:00,22.713703600725783
06-18 05:00:00,18.103177348710837
06-18 06:00:00,3.4478148353368256
06-18 07:00:00,2.4762784173109362
06-18 08:00:00,1.5733910592029157
06-18 09:00:00,1.0521499803555563
06-18 10:00:00,0.6013004637040469
06-18 11:00:00,0.16188885989044371
06-18 12:00:00,0.0
06-18 13:00:00,0.0
06-18 14:00:00,0.0
06-18 15:00:00,0.10775237890800972
06-18 16:00:00,1.1093248508153644
06-18 17:00:00,1.5147291250424568
06-18 18:00:00,1.8695404987429458
06-18 19:00:00,2.662125183212436
06-18 20:00:00,3.3590517645526674
06-18 21:00:00,6.556823901269729
06-18 22:00:00,23.693926478078545
06-18 23:00:00,38.82938512630521
06-19 00:00:00,51.144150724614306
06-19 01:00:00,71.46489369972929
06-19 02:00:00,71.51386085455844
06-19 03:00:00,93.58409537046862
06-19 04:00:00,86.1882461694315
06-19 05:00:00,56.96576702350727
06-19 06:00:00,20.161922159353907
06-19 07:00:00,3.3590517645526674
06-19 08:00:00,2.975867567039285
06-19 09:00:00,2.4147255337315947
06-19 10:00:00,2.0495234840487107
06-19 11:00:00,1.5147291250424568
06-19 12:00:00,0.16188885989044371
06-19 13:00:00,0.0
06-19 14:00:00,0.0
06-19 15:00:00,0.0
06-19 16:00:00,0.7690131358990588
06-19 17:00:00,0.545754408957527
06-19 18:00:00,0.3801828832555386
06-19 19:00:00,0.8817226664009779
06-19 20:00:00,1.2242267024459597
06-19 21:00:00,0.8252774142268386
06-19 22:00:00,0.9951583763220255
06-19 23:00:00,0.9951583763220255
06-20 00:00:00,4.021253236638052
06-20 01:00:00,6.500006207638803
06-20 02:00:00,8.02923675426008
06-20 03:00:00,3.166539319075933
06-20 04:00:00,4.080960296263327
06-20 05:00:00,6.792571173211326
06-20 06:00:00,6.724813243491424
06-20 07:00:00,4.080960296263327
06-20 08:00:00,3.8815493774763223
06-20 09:00:00,3.815503261304812
06-20 10:00:00,3.0392213589519335
06-20 11:00:00,2.5380289067349726
06-20 12:00:00,1.4562551250716436
06-20 13:00:00,1.5733910592029157
06-20 14:00:00,1.0521499803555563
06-20 15:00:00,1.1666835651295222
06-20 16:00:00,1.5733910592029157
06-20 17:00:00,3.3590517645526674
06-20 18:00:00,4.025369486368183
06-20 19:00:00,12.582865780775546
06-20 20:00:00,40.07412632387032
06-20 21:00:00,83.44201510169019
06-20 22:00:00,82.29667097639243
06-20 23:00:00,94.65401561971152
06-21 00:00:00,106.42863617429862
06-21 01:00:00,125.62536360774874
06-21 02:00:00,134.75058927715472
06-21 03:00:00,115.41420407656203
06-21 04:00:00,135.81044250554214
06-21 05:00:00,119.45658020407488
06-21 06:00:00,64.17149950262585
06-21 07:00:00,19.26604672529829
06-21 08:00:00,5.982674369909757
06-21 09:00:00,3.6186282738830258
06-21 10:00:00,3.815503261304812
06-21 11:00:00,2.5380289067349726
06-21 12:00:00,4.147856997597773
06-21 13:00:00,4.48556844308385
06-21 14:00:00,4.622171922525813
06-21 15:00:00,4.417593529334853
06-21 16:00:00,4.349835599614951
06-21 17:00:00,4.417593529334853
06-21 18:00:00,4.48556844308385
06-21 19:00:00,79.67358114523387
06-21 20:00:00,106.87675403906368
06-21 21:00:00,115.88143893804484
06-21 22:00:00,95.70027006015931
06-21 23:00:00,120.91589500847616
06-22 00:00:00,156.64654849273273
06-22 01:00:00,174.69892891097967
06-22 02:00:00,166.77696040115373
06-22 03:00:00,167.33645143981647
06-22 04:00:00,159.77819630310145
06-22 05:00:00,150.15217223227606
06-22 06:00:00,131.02098040923005
06-22 07:00:00,99.67246486089289
06-22 08:00:00,76.90483417515
06-22 09:00:00,90.1002246645777
06-22 10:00:00,115.30062306264735
06-22 11:00:00,93.9729277005845
06-22 12:00:00,63.251141828204084
06-22 13:00:00,50.73929782674155
06-22 14:00:00,36.88488374940262
06-22 15:00:00,68.16816635498803
06-22 16:00:00,36.700282789891645
06-22 17:00:00,12.247144335421325
06-22 18:00:00,45.173932567124155
06-22 19:00:00,61.971998849850706
06-22 20:00:00,98.03160159977026
06-22 21:00:00,144.02945945149762
06-22 22:00:00,170.12669467120017
06-22 23:00:00,170.09032307477767
06-23 00:00:00,184.46490749491377
06-23 01:00:00,182.20963557256025
06-23 02:00:00,192.89165833630582
06-23 03:00:00,195.00341984449668
06-23 04:00:00,208.55543943735606
06-23 05:00:00,205.12916715093235
06-23 06:00:00,157.31189021163087
06-23 07:00:00,94.40316754526098
06-23 08:00:00,53.13659669081543
06-23 09:00:00,17.21911711161371
06-23 10:00:00,4.828721445026697
06-23 11:00:00,5.2478076829816205
06-23 12:00:00,5.746999154430151
06-23 13:00:00,5.891685785707968
06-23 14:00:00,5.891685785707968
06-23 15:00:00,5.891685785707968
06-23 16:00:00,5.819227054844731
06-23 17:00:00,5.891685785707968
06-23 18:00:00,24.169387101696103
06-23 19:00:00,75.19432754495327
06-23 20:00:00,69.5521729039764
06-23 21:00:00,120.2100789171736
06-23 22:00:00,177.9991819224953
06-23 23:00:00,191.1888026018833
06-24 00:00:00,197.47701293106047
06-24 01:00:00,224.3921789715048
06-24 02:00:00,261.0788093472056
06-24 03:00:00,278.47130424066324
06-24 04:00:00,273.22031600303137
06-24 05:00:00,226.53806573819915
06-24 06:00:00,173.53199843256726
06-24 07:00:00,134.49843551085846
06-24 08:00:00,152.76735609809995
06-24 09:00:00,131.53865260716472
06-24 10:00:00,90.31445882638216
06-24 11:00:00,27.28373983256652
06-24 12:00:00,7.483826923197272
06-24 13:00:00,14.763236959931808
06-24 14:00:00,40.25144757857754
06-24 15:00:00,51.855166157941404
06-24 16:00:00,57.970262995818445
06-24 17:00:00,163.2253842858756
06-24 18:00:00,194.72901836558307
06-24 19:00:00,205.33440722171702
06-24 20:00:00,211.16671296116263
06-24 21:00:00,246.4005013615581
06-24 22:00:00,273.19270681793483
06-24 23:00:00,276.4686282975833
06-25 00:00:00,271.7606598668746
06-25 01:00:00,268.59476339473775
06-25 02:00:00,269.2799392345084
06-25 03:00:00,271.41379953162084
06-25 04:00:00,267.4266996717037
06-25 05:00:00,263.4400467645186
06-25 06:00:00,264.91442137922263
06-25 07:00:00,241.25690689354082
06-25 08:00:00,195.19455219284092
06-25 09:00:00,185.35893019570545
06-25 10:00:00,137.3239466967412
06-25 11:00:00,134.41567431422965
06-25 12:00:00,106.86809861813107
06-25 13:00:00,63.519550781845865
06-25 14:00:00,53.13103514110119
06-25 15:00:00,40.09872031607251
06-25 16:00:00,50.57431012353884
06-25 17:00:00,57.54639596651805
06-25 18:00:00,63.43180648663126
06-25 19:00:00,95.1504705567564
06-25 20:00:00,121.5964945406878
06-25 21:00:00,128.6098969685554
06-25 22:00:00,170.50885080761836
06-25 23:00:00,172.50363793751737
06-26 00:00:00,200.060561687009
06-26 01:00:00,230.9600728504002
06-26 02:00:00,245.62195086038255
06-26 03:00:00,272.0920502713422
06-26 04:00:00,279.59396096383045
06-26 05:00:00,264.9136967774855
06-26 06:00:00,208.87568480997518
06-26 07:00:00,141.56262843851377
06-26 08:00:00,88.57215969718449
06-26 09:00:00,49.68975591176861
06-26 10:00:00,17.679556708919012
06-26 11:00:00,3.947807148622054
06-26 12:00:00,4.828721445026697
06-26 13:00:00,5.460381680999106
06-26 14:00:00,5.531693343016848
06-26 15:00:00,5.531693343016848
06-26 16:00:00,5.2478076829816205
06-26 17:00:00,5.10721885681614
06-26 18:00:00,6.14694864252889
06-26 19:00:00,15.268808687408232
06-26 20:00:00,29.170115674864853
06-26 21:00:00,35.60560111887912
06-26 22:00:00,55.27606768437865
06-26 23:00:00,98.20461268228694
06-27 00:00:00,123.88484932355354
06-27 01:00:00,137.67811742641754
06-27 02:00:00,138.29972263387137
06-27 03:00:00,156.4454496596091
06-27 04:00:00,154.27411275018042
06-27 05:00:00,151.7745826133916
06-27 06:00:00,97.54451906929685
06-27 07:00:00,34.92636405236022
06-27 08:00:00,3.166539319075933
06-27 09:00:00,2.1704777289704364
06-27 10:00:00,1.7505103883332955
06-27 11:00:00,1.2242267024459597
06-27 12:00:00,1.2242267024459597
06-27 13:00:00,1.1093248508153644
06-27 14:00:00,0.9951583763220255
06-27 15:00:00,1.4562551250716436
06-27 16:00:00,2.1704777289704364
06-27 17:00:00,2.4762784173109362
06-27 18:00:00,2.4762784173109362
06-27 19:00:00,2.975867567039285
06-27 20:00:00,8.14747302721097
06-27 21:00:00,50.09951752912753
06-27 22:00:00,77.74231466108048
06-27 23:00:00,92.71544255790185
06-28 00:00:00,86.12217820169953
06-28 01:00:00,95.45964557993858
06-28 02:00:00,93.98220102657295
06-28 03:00:00,115.06929061963135
06-28 04:00:00,120.284862263273
06-28 05:00:00,115.66743306234615
06-28 06:00:00,55.72286853049112
06-28 07:00:00,10.976859184320205
06-28 08:00:00,2.4147255337315947
06-28 09:00:00,1.929342516086618
06-28 10:00:00,1.2819548436357548
06-28 11:00:00,0.7129292625390744
06-28 12:00:00,0.49038650062903577
06-28 13:00:00,0.49038650062903577
06-28 14:00:00,0.7690131358990588
06-28 15:00:00,0.9951583763220255
06-28 16:00:00,1.0521499803555563
06-28 17:00:00,1.6322415188309845
06-28 18:00:00,95.48076951028098
06-28 19:00:00,154.17183019887918
06-28 20:00:00,150.6594539699978
06-28 21:00:00,146.12515659832928
06-28 22:00:00,146.45121795317704
06-28 23:00:00,139.9796622144978
06-29 00:00:00,148.52976848994538
06-29 01:00:00,148.96210246273588
06-29 02:00:00,151.49979255086166
06-29 03:00:00,163.0920261077364
06-29 04:00:00,172.8065841009363
06-29 05:00:00,199.12873538090017
06-29 06:00:00,131.73234315917776
06-29 07:00:00,65.04306651099085
06-29 08:00:00,18.264978107321095
06-29 09:00:00,5.802966819421148
06-29 10:00:00,3.3590517645526674
06-29 11:00:00,4.695082002091268
06-29 12:00:00,73.32912897620423
06-29 13:00:00,159.12818018036313
06-29 14:00:00,164.56337441056016
06-29 15:00:00,156.12558300038597
06-29 16:00:00,149.52773522232252
06-29 17:00:00,146.32258381054396
06-29 18:00:00,157.94323312143626
06-29 19:00:00,190.42266572532358
06-29 20:00:00,210.95795637088364
06-29 21:00:00,216.6275334520302
06-29 22:00:00,216.2015838887292
06-29 23:00:00,299.4340718451384
06-30 00:00:00,312.8804404339117
06-30 01:00:00,326.37746487697774
06-30 02:00:00,346.11590737222855
06-30 03:00:00,345.9004459412876
06-30 04:00:00,341.8838898174665
06-30 05:00:00,339.615654209329
06-30 06:00:00,315.3351634831175
06-30 07:00:00,262.4174536856643
06-30 08:00:00,206.3100472644542
06-30 09:00:00,144.4690569764151
06-30 10:00:00,109.47488648919132
06-30 11:00:00,101.24974059247386
06-30 12:00:00,71.70564268131915
06-30 13:00:00,47.532607575242
06-30 14:00:00,24.039358084545242
06-30 15:00:00,19.93818642113865
06-30 16:00:00,70.37027758310943
06-30 17:00:00,115.61623476308523
06-30 18:00:00,181.53820203994218
06-30 19:00:00,197.06918583128194
06-30 20:00:00,240.53740939716238
06-30 21:00:00,266.04541146076224
06-30 22:00:00,278.4097141981791
06-30 23:00:00,302.1676827233746
07-01 00:00:00,310.6828618696957
07-01 01:00:00,316.00091326515286
07-01 02:00:00,325.52685197089824
07-01 03:00:00,318.3997455724262
07-01 04:00:00,322.57891418950226
07-01 05:00:00,324.1616565927343
07-01 06:00:00,305.1117552072177
07-01 07:00:00,277.9615754936994
07-01 08:00:00,260.4352499872649
07-01 09:00:00,239.37863039795383
07-01 10:00:00,239.88385631671792
07-01 11:00:00,222.6478481065687
07-01 12:00:00,214.00556751762477
07-01 13:00:00,200.7500501068695
07-01 14:00:00,154.78932828665185
07-01 15:00:00,110.2496301294934
07-01 16:00:00,163.55456742417437
07-01 17:00:00,157.1399529169489
07-01 18:00:00,153.97639731103627
07-01 19:00:00,169.11561392170427
07-01 20:00:00,196.5643113862321
07-01 21:00:00,196.76594691295617
07-01 22:00:00,211.76644588437625
07-01 23:00:00,222.56825255954482
07-02 00:00:00,234.23918229925937
07-02 01:00:00,243.23546386125406
07-02 02:00:00,259.4111610354053
07-02 03:00:00,268.9102431325068
07-02 04:00:00,281.0199830615911
07-02 05:00:00,249.17118486859667
07-02 06:00:00,217.72369213686204
07-02 07:00:00,163.99966626886422
07-02 08:00:00,117.61610375210877
07-02 09:00:00,68.68965159099298
07-02 10:00:00,46.919033939556215
07-02 11:00:00,12.815804079068329
07-02 12:00:00,5.675001374231347
07-02 13:00:00,5.460381680999106
07-02 14:00:00,5.460381680999106
07-02 15:00:00,5.460381680999106
07-02 16:00:00,5.964376059147582
07-02 17:00:00,6.183843284646819
07-02 18:00:00,10.819499896151097
07-02 19:00:00,34.22435778931713
07-02 20:00:00,58.172031344165646
07-02 21:00:00,99.5550351546399
07-02 22:00:00,160.95809629647587
07-02 23:00:00,165.47419523075715
07-03 00:00:00,213.0040531395573
07-03 01:00:00,225.91798418961787
07-03 02:00:00,232.19352372555954
07-03 03:00:00,253.11217469633422
07-03 04:00:00,268.1572221233714
07-03 05:00:00,238.66025357657665
07-03 06:00:00,175.76249324380143
07-03 07:00:00,130.45007782588078
07-03 08:00:00,68.76739759368559
07-03 09:00:00,25.513158762751637
07-03 10:00:00,4.080960296263327
07-03 11:00:00,3.947807148622054
07-03 12:00:00,4.898012492769467
07-03 13:00:00,5.603233005909134
07-03 14:00:00,5.460381680999106
07-03 15:00:00,5.891685785707968
07-03 16:00:00,21.836633073477362
07-03 17:00:00,84.35723286938305
07-03 18:00:00,98.13453176675151
07-03 19:00:00,108.60206225798983
07-03 20:00:00,131.15370378675345
07-03 21:00:00,140.06841076983872
07-03 22:00:00,152.74238399416993
07-03 23:00:00,157.2365742475142
07-04 00:00:00,161.10394663181012
07-04 01:00:00,171.73759963760614
07-04 02:00:00,169.8222021300873
07-04 03:00:00,171.32914824074967
07-04 04:00:00,170.10461910926946
07-04 05:00:00,171.97815810634825
07-04 06:00:00,136.9406600927397
07-04 07:00:00,109.97790616589232
07-04 08:00:00,67.6190012298713
07-04 09:00:00,51.484031599818685
07-04 10:00:00,47.84369867758134
07-04 11:00:00,47.712763301022896
07-04 12:00:00,43.68474034076414
07-04 13:00:00,83.46505261271393
07-04 14:00:00,83.234550811216
07-04 15:00:00,102.20619540026179
07-04 16:00:00,106.74941544234417
07-04 17:00:00,184.68274972547275
07-04 18:00:00,204.07678524630026
07-04 19:00:00,206.4823573093848
07-04 20:00:00,211.62742026481953
07-04 21:00:00,231.0190987572428
07-04 22:00:00,236.45348183760848
07-04 23:00:00,217.94026042542671
07-05 00:00:00,255.56517976191617
07-05 01:00:00,264.3366601104093
07-05 02:00:00,258.1988748990365
07-05 03:00:00,262.61400592888896
07-05 04:00:00,273.7045820263799
07-05 05:00:00,237.51621139169362
07-05 06:00:00,202.8344395381077
07-05 07:00:00,166.5427624943769
07-05 08:00:00,134.79996899323567
07-05 09:00:00,109.93859904961661
07-05 10:00:00,86.01162170770061
07-05 11:00:00,52.61626086929038
07-05 12:00:00,25.134023217819195
07-05 13:00:00,11.914326130129531
07-05 14:00:00,7.055867951528608
07-05 15:00:00,6.405795540780277
07-05 16:00:00,4.95231797493325
07-05 17:00:00,5.062786359369511
07-05 18:00:00,7.655292792038791
07-05 19:00:00,21.526251489926782
07-05 20:00:00,76.91802365515446
07-05 21:00:00,115.31742268645353
07-05 22:00:00,142.87815399739006
07-05 23:00:00,151.2470039770895
07-06 00:00:00,167.72189139732546
07-06 01:00:00,179.3459795094756
07-06 02:00:00,168.6123579280184
07-06 03:00:00,183.91239743917498
07-06 04:00:00,197.32685978589737
07-06 05:00:00,148.675564323618
07-06 06:00:00,66.60731121699834
07-06 07:00:00,7.853281733286204
07-06 08:00:00,2.6616254366415255
07-06 09:00:00,2.849767189501116
07-06 10:00:00,3.230504760739726
07-06 11:00:00,2.292210114756443
07-06 12:00:00,1.9893366433341841
07-06 13:00:00,3.5534222180706414
07-06 14:00:00,15.697535545639127
07-06 15:00:00,30.569702147447696
07-06 16:00:00,9.897951427718654
07-06 17:00:00,20.58255616012024
07-06 18:00:00,91.88151065760484
07-06 19:00:00,140.86805891445917
07-06 20:00:00,153.208448225379
07-06 21:00:00,159.0768471151791
07-06 22:00:00,156.67354467389214
07-06 23:00:00,164.43414095220828
07-07 00:00:00,166.06132069615114
07-07 01:00:00,172.67485224259548
07-07 02:00:00,173.41046341723006
07-07 03:00:00,168.7456182092826
07-07 04:00:00,179.5863520814206
07-07 05:00:00,197.16053121726716
07-07 06:00:00,197.4558126848892
07-07 07:00:00,182.2505332935427
07-07 08:00:00,178.25191930679082
07-07 09:00:00,164.55427613260596
07-07 10:00:00,167.88966586318352
07-07 11:00:00,160.87008353610796
07-07 12:00:00,158.0035469287462
07-07 13:00:00,150.2896609956833
07-07 14:00:00,126.43075706834215
07-07 15:00:00,90.15368421608035
07-07 16:00:00,89.43067928216213
07-07 17:00:00,88.54003745073587
07-07 18:00:00,111.98484164584355
07-07 19:00:00,134.47891735186266
07-07 20:00:00,133.9100370915671
07-07 21:00:00,148.16733034075972
07-07 22:00:00,162.14950468024463
07-07 23:00:00,159.23045713135878
07-08 00:00:00,161.01041701966756
07-08 01:00:00,170.93132825192697
07-08 02:00:00,171.7159595581428
07-08 03:00:00,176.2723104722068
07-08 04:00:00,183.73947623379942
07-08 05:00:00,179.22838947092322
07-08 06:00:00,172.0191127629008
07-08 07:00:00,168.03858904420832
07-08 08:00:00,178.5336938072579
07-08 09:00:00,178.6746759795213
07-08 10:00:00,180.90501234735723
07-08 11:00:00,185.80310098844066
07-08 12:00:00,147.83817906464273
07-08 13:00:00,84.2921735672292
07-08 14:00:00,84.50503470326227
07-08 15:00:00,117.99625101377359
07-08 16:00:00,154.00308629621412
07-08 17:00:00,198.04249184546413
07-08 18:00:00,234.26169752046366
07-08 19:00:00,261.9806099216516
07-08 20:00:00,309.48146824393854
07-08 21:00:00,304.35436087451706
07-08 22:00:00,313.91796950622717
07-08 23:00:00,317.19163301097353
07-09 00:00:00,324.74742797766083
07-09 01:00:00,321.1485624398173
07-09 02:00:00,325.12335855491455
07-09 03:00:00,327.3595025691583
07-09 04:00:00,325.2782696484419
07-09 05:00:00,319.3864823852287
07-09 06:00:00,307.3465767928619
07-09 07:00:00,287.69076624835316
07-09 08:00:00,253.04123145319417
07-09 09:00:00,202.1250847612516
07-09 10:00:00,144.04460778841997
07-09 11:00:00,84.58581334778985
07-09 12:00:00,51.37073395963276
07-09 13:00:00,15.004654682567928
07-09 14:00:00,8.335859225872243
07-09 15:00:00,7.781472818093985
07-09 16:00:00,8.675759996779242
07-09 17:00:00,10.179792977671045
07-09 18:00:00,21.006517745607756
07-09 19:00:00,63.96405270080068
07-09 20:00:00,117.06787837411308
07-09 21:00:00,164.28192301596047
07-09 22:00:00,184.66816635278454
07-09 23:00:00,221.15830183813384
07-10 00:00:00,249.09213677585248
07-10 01:00:00,273.7798436136137
07-10 02:00:00,277.66730448701384
07-10 03:00:00,312.60998902279226
07-10 04:00:00,318.9181530890765
07-10 05:00:00,285.4689598893967
07-10 06:00:00,220.072270656463
07-10 07:00:00,161.70035917449673
07-10 08:00:00,109.25205603237639
07-10 09:00:00,55.149444137955356
07-10 10:00:00,12.583411410241492
07-10 11:00:00,3.4884245466703243
07-10 12:00:00,3.102778397691748
07-10 13:00:00,3.947807148622054
07-10 14:00:00,4.622171922525813
07-10 15:00:00,4.553761015359676
07-10 16:00:00,3.4236346110855003
07-10 17:00:00,4.349835599614951
07-10 18:00:00,4.828721445026697
07-10 19:00:00,8.442924023828791
07-10 20:00:00,93.61068912350845
07-10 21:00:00,166.25798645571047
07-10 22:00:00,191.4201071069348
07-10 23:00:00,215.84669215508882
07-11 00:00:00,248.1650128473094
07-11 01:00:00,268.7009744002937
07-11 02:00:00,272.37087830090655
07-11 03:00:00,274.1137900904663
07-11 04:00:00,265.83209690017134
07-11 05:00:00,256.49025430908534
07-11 06:00:00,227.90813472109485
07-11 07:00:00,185.7097847782949
07-11 08:00:00,119.40216629235293
07-11 09:00:00,67.97489414908922
07-11 10:00:00,62.86240661425765
07-11 11:00:00,29.514607612481182
07-11 12:00:00,8.485431735623909
07-11 13:00:00,5.675001374231347
07-11 14:00:00,5.2478076829816205
07-11 15:00:00,5.746999154430151
07-11 16:00:00,4.967525285271267
07-11 17:00:00,6.929023362599332
07-11 18:00:00,12.98457840659292
07-11 19:00:00,26.08656508014684
07-11 20:00:00,67.3293602977594
07-11 21:00:00,102.52533209120077
07-11 22:00:00,153.20643601745823
07-11 23:00:00,190.12312704132398
07-12 00:00:00,205.75808856818082
07-12 01:00:00,220.10036309624547
07-12 02:00:00,237.58869019814145
07-12 03:00:00,241.72374435047345
07-12 04:00:00,250.83359968145632
07-12 05:00:00,221.26770378409097
07-12 06:00:00,165.44035767922915
07-12 07:00:00,107.53155978496426
07-12 08:00:00,35.33871225670155
07-12 09:00:00,5.592862180632343
07-12 10:00:00,1.6322415188309845
07-12 11:00:00,0.7129292625390744
07-12 12:00:00,0.657025226968158
07-12 13:00:00,1.397968469755004
07-12 14:00:00,1.5733910592029157
07-12 15:00:00,2.662125183212436
07-12 16:00:00,2.5999776215791237
07-12 17:00:00,3.4884245466703243
07-12 18:00:00,3.230504760739726
07-12 19:00:00,2.975867567039285
07-12 20:00:00,10.957502395960992
07-12 21:00:00,13.780523813115902
07-12 22:00:00,17.293277203298228
07-12 23:00:00,30.819986737409316
07-13 00:00:00,48.13447715535958
07-13 01:00:00,83.57944981901849
07-13 02:00:00,135.19827973985485
07-13 03:00:00,146.5698862769029
07-13 04:00:00,155.870049007343
07-13 05:00:00,167.69656087258863
07-13 06:00:00,204.6816823863846
07-13 07:00:00,241.75916437735407
07-13 08:00:00,267.9105041065654
07-13 09:00:00,287.6853877971227
07-13 10:00:00,264.25984440313727
07-13 11:00:00,241.70019080838773
07-13 12:00:00,241.41995273006052
07-13 13:00:00,261.2057118200345
07-13 14:00:00,287.8254199465803
07-13 15:00:00,262.5663647384532
07-13 16:00:00,246.88741520867023
07-13 17:00:00,267.2401769309716
07-13 18:00:00,275.03447804213465
07-13 19:00:00,281.38025130134525
07-13 20:00:00,294.6637114256981
07-13 21:00:00,310.94193680227505
07-13 22:00:00,339.6742194430307
07-13 23:00:00,344.26423076654714
07-14 00:00:00,360.0773834623233
07-14 01:00:00,364.2735426932199
07-14 02:00:00,343.0288687714415
07-14 03:00:00,346.5098579717991
07-14 04:00:00,335.6466815430806
07-14 05:00:00,335.6165761987148
07-14 06:00:00,317.9669442969502
07-14 07:00:00,309.8649942649424
07-14 08:00:00,293.62232654856734
07-14 09:00:00,280.8564878795405
07-14 10:00:00,237.5264506692554
07-14 11:00:00,199.69945915268457
07-14 12:00:00,171.631739721702
07-14 13:00:00,109.40058968082242
07-14 14:00:00,84.4337298447557
07-14 15:00:00,85.04544950081927
07-14 16:00:00,120.89566530862419
07-14 17:00:00,183.57661857327068
07-14 18:00:00,197.4280018899134
07-14 19:00:00,209.66501257349907
07-14 20:00:00,226.55845714109648
07-14 21:00:00,234.8942040162408
07-14 22:00:00,246.02655502943048
07-14 23:00:00,250.83317179090847
07-15 00:00:00,259.8616647454291
07-15 01:00:00,273.94655225894013
07-15 02:00:00,284.95034311010346
07-15 03:00:00,294.67912889637495
07-15 04:00:00,294.7708469960589
07-15 05:00:00,290.12455035306516
07-15 06:00:00,280.71002136668943
07-15 07:00:00,262.0793044822522
07-15 08:00:00,252.6256871610224
07-15 09:00:00,240.4666525700327
07-15 10:00:00,227.5923025916723
07-15 11:00:00,217.72954141197758
07-15 12:00:00,213.0722450647505
07-15 13:00:00,206.0933519463132
07-15 14:00:00,160.20746916198797
07-15 15:00:00,160.43293136147847
07-15 16:00:00,162.33887612719042
07-15 17:00:00,161.81910602624015
07-15 18:00:00,162.80606931928537
07-15 19:00:00,175.95651041591432
07-15 20:00:00,180.2459523960683
07-15 21:00:00,187.27695683980764
07-15 22:00:00,200.5375304489474
07-15 23:00:00,204.78180280342806
07-16 00:00:00,202.68730589964957
07-16 01:00:00,208.03139147679863
07-16 02:00:00,226.32324314504055
07-16 03:00:00,249.18308689975535
07-16 04:00:00,255.411459786491
07-16 05:00:00,258.2871412901247
07-16 06:00:00,241.23987682913508
07-16 07:00:00,198.0915665160285
07-16 08:00:00,157.09289715833322
07-16 09:00:00,129.1081508158766
07-16 10:00:00,104.32749177954028
07-16 11:00:00,63.39807597268036
07-16 12:00:00,65.95889010696537
07-16 13:00:00,59.410501004044576
07-16 14:00:00,23.95404203963455
07-16 15:00:00,45.933427324932964
07-16 16:00:00,42.6092277644671
07-16 17:00:00,43.033835846125626
07-16 18:00:00,70.01708900485377
07-16 19:00:00,106.28716478630774
07-16 20:00:00,129.5792188524958
07-16 21:00:00,146.60047928001606
07-16 22:00:00,139.86107724974516
07-16 23:00:00,162.67545323886517
07-17 00:00:00,169.04976966355517
07-17 01:00:00,176.53036968905982
07-17 02:00:00,174.02809453715003
07-17 03:00:00,184.97573548779752
07-17 04:00:00,184.37830772637093
07-17 05:00:00,177.07276904743364
07-17 06:00:00,169.22478428476188
07-17 07:00:00,156.92159623582316
07-17 08:00:00,139.58966883536232
07-17 09:00:00,102.76068788496086
07-17 10:00:00,76.10586378814848
07-17 11:00:00,71.1695315488644
07-17 12:00:00,34.3025754735648
07-17 13:00:00,14.866541262218528
07-17 14:00:00,9.709551138176087
07-17 15:00:00,12.80952473594116
07-17 16:00:00,19.844475708378457
07-17 17:00:00,56.753031316680726
07-17 18:00:00,65.90760339606885
07-17 19:00:00,73.6262213687919
07-17 20:00:00,86.66961978349316
07-17 21:00:00,74.45576059473048
07-17 22:00:00,96.33673749307148
07-17 23:00:00,95.61498712084988
07-18 00:00:00,95.95643258443197
07-18 01:00:00,95.41707034016218
07-18 02:00:00,88.80432772697233
07-18 03:00:00,86.55231158710404
07-18 04:00:00,91.32295139794039
07-18 05:00:00,92.68826769456226
07-18 06:00:00,83.2074199695443
07-18 07:00:00,53.67676101021408
07-18 08:00:00,20.81154063458645
07-18 09:00:00,10.597845448519678
07-18 10:00:00,6.704171660175633
07-18 11:00:00,6.479751382486052
07-18 12:00:00,6.479751382486052
07-18 13:00:00,10.149714625456456
07-18 14:00:00,9.380017257236636
07-18 15:00:00,6.805817422663676
07-18 16:00:00,8.27798764346428
07-18 17:00:00,9.22671354291865
07-18 18:00:00,9.129223022579437
07-18 19:00:00,18.88692754060943
07-18 20:00:00,28.959495259986642
07-18 21:00:00,67.1127855173896
07-18 22:00:00,81.978413648278
07-18 23:00:00,130.81925906238772
07-19 00:00:00,154.67116803378553
07-19 01:00:00,180.97865309319764
07-19 02:00:00,205.08177463487274
07-19 03:00:00,212.0608956848759
07-19 04:00:00,223.55025231903093
07-19 05:00:00,212.884502088769
07-19 06:00:00,152.91342133766972
07-19 07:00:00,94.58146018277247
07-19 08:00:00,46.70112058891563
07-19 09:00:00,5.2478076829816205
07-19 10:00:00,5.037260510128586
07-19 11:00:00,5.10721885681614
07-19 12:00:00,4.622171922525813
07-19 13:00:00,4.690801842813384
07-19 14:00:00,4.553761015359676
07-19 15:00:00,4.282293981290223
07-19 16:00:00,4.214968003588582
07-19 17:00:00,4.147856997597773
07-19 18:00:00,4.48556844308385
07-19 19:00:00,5.037260510128586
07-19 20:00:00,9.965822279346789
07-19 21:00:00,19.052660339609524
07-19 22:00:00,28.571829986990025
07-19 23:00:00,34.99188441378439
07-20 00:00:00,61.54842820426991
07-20 01:00:00,96.54290285377189
07-20 02:00:00,116.59915533317427
07-20 03:00:00,127.684355847128
07-20 04:00:00,147.90763585756426
07-20 05:00:00,156.71015686120512
07-20 06:00:00,105.7053123513086
07-20 07:00:00,64.4859997773524
07-20 08:00:00,29.796515861878245
07-20 09:00:00,4.967525285271267
07-20 10:00:00,5.10721885681614
07-20 11:00:00,4.553761015359676
07-20 12:00:00,4.690801842813384
07-20 13:00:00,3.4236346110855003
07-20 14:00:00,3.3590517645526674
07-20 15:00:00,3.4236346110855003
07-20 16:00:00,3.5534222180706414
07-20 17:00:00,4.014277234386476
07-20 18:00:00,4.759651456323027
07-20 19:00:00,8.442924023828791
07-20 20:00:00,19.639643129349825
07-20 21:00:00,29.625221011177434
07-20 22:00:00,47.660438333579414
07-20 23:00:00,61.93532777134941
07-21 00:00:00,94.51952167177028
07-21 01:00:00,131.45153340110656
07-21 02:00:00,137.1653890109316
07-21 03:00:00,155.07417712839538
07-21 04:00:00,176.20869435690076
07-21 05:00:00,180.7537519797802
07-21 06:00:00,130.56643089082357
07-21 07:00:00,83.98658073045404
07-21 08:00:00,35.85127594276136
07-21 09:00:00,4.014277234386476
07-21 10:00:00,3.4236346110855003
07-21 11:00:00,2.5999776215791237
07-21 12:00:00,3.8815493774763223
07-21 13:00:00,3.815503261304812
07-21 14:00:00,2.9127163879520124
07-21 15:00:00,3.6186282738830258
07-21 16:00:00,3.815503261304812
07-21 17:00:00,3.8815493774763223
07-21 18:00:00,4.080960296263327
07-21 19:00:00,4.821782867912492
07-21 20:00:00,16.18619900408688
07-21 21:00:00,28.22405609972567
07-21 22:00:00,34.5080789776403
07-21 23:00:00,49.84524736712028
07-22 00:00:00,77.61425628282812
07-22 01:00:00,105.75951350690181
07-22 02:00:00,127.81148958509247
07-22 03:00:00,140.2387797360881
07-22 04:00:00,158.375522910683
07-22 05:00:00,152.71551385023784
07-22 06:00:00,107.39469279957268
07-22 07:00:00,44.46695969718006
07-22 08:00:00,3.0392213589519335
07-22 09:00:00,2.5999776215791237
07-22 10:00:00,2.7244722148003966
07-22 11:00:00,3.230504760739726
07-22 12:00:00,2.7244722148003966
07-22 13:00:00,2.5380289067349726
07-22 14:00:00,3.4884245466703243
07-22 15:00:00,3.166539319075933
07-22 16:00:00,3.102778397691748
07-22 17:00:00,3.5534222180706414
07-22 18:00:00,3.7496681423100955
07-22 19:00:00,4.214968003588582
07-22 20:00:00,17.126943563008176
07-22 21:00:00,26.709087077911086
07-22 22:00:00,30.950683418834924
07-22 23:00:00,50.799908655040156
07-23 00:00:00,57.886155132802806
07-23 01:00:00,94.78981680736457
07-23 02:00:00,111.04339437755617
07-23 03:00:00,128.1216771103968
07-23 04:00:00,144.17874109189444
07-23 05:00:00,147.2092782519433
07-23 06:00:00,99.8710793563789
07-23 07:00:00,36.56679387774686
07-23 08:00:00,3.8815493774763223
07-23 09:00:00,2.9127163879520124
07-23 10:00:00,2.5999776215791237
07-23 11:00:00,2.2312463491523067
07-23 12:00:00,1.8099299895043646
07-23 13:00:00,1.397968469755004
07-23 14:00:00,1.0521499803555563
07-23 15:00:00,0.8817226664009779
07-23 16:00:00,1.0521499803555563
07-23 17:00:00,1.3398685712963871
07-23 18:00:00,1.5147291250424568
07-23 19:00:00,2.1704777289704364
07-23 20:00:00,4.364314287210656
07-23 21:00:00,5.817355192723786
07-23 22:00:00,9.48669995320916
07-23 23:00:00,14.994001922359903
07-24 00:00:00,16.83070624095913
07-24 01:00:00,20.061713595239734
07-24 02:00:00,21.799468103374643
07-24 03:00:00,20.847161564257704
07-24 04:00:00,20.022419908267867
07-24 05:00:00,11.658884993454869
07-24 06:00:00,10.648905952827876
07-24 07:00:00,7.0024266691063035
07-24 08:00:00,4.898012492769467
07-24 09:00:00,4.828721445026697
07-24 10:00:00,4.014277234386476
07-24 11:00:00,3.0392213589519335
07-24 12:00:00,4.080960296263327
07-24 13:00:00,3.7496681423100955
07-24 14:00:00,3.102778397691748
07-24 15:00:00,2.1704777289704364
07-24 16:00:00,17.28806592891572
07-24 17:00:00,67.26412147712236
07-24 18:00:00,69.59293668969228
07-24 19:00:00,76.80760365269695
07-24 20:00:00,88.01660180227981
07-24 21:00:00,106.12785187718235
07-24 22:00:00,100.71493575016719
07-24 23:00:00,98.50155430539809
07-25 00:00:00,96.90584220738533
07-25 01:00:00,97.74722315131586
07-25 02:00:00,120.19112481700151
07-25 03:00:00,112.16856963350217
07-25 04:00:00,116.31617102006646
07-25 05:00:00,116.36659872509976
07-25 06:00:00,99.88156501994598
07-25 07:00:00,68.2637103461377
07-25 08:00:00,20.705267516761683
07-25 09:00:00,8.095356623335679
07-25 10:00:00,12.000593266438575
07-25 11:00:00,12.879325677796292
07-25 12:00:00,93.83677979909791
07-25 13:00:00,78.46516352251908
07-25 14:00:00,81.68533951790252
07-25 15:00:00,101.79001375314063
07-25 16:00:00,90.2480797988979
07-25 17:00:00,107.44843114263706
07-25 18:00:00,125.97935759029279
07-25 19:00:00,148.15331380017625
07-25 20:00:00,159.303254766784
07-25 21:00:00,167.1140144704746
07-25 22:00:00,155.47786625355343
07-25 23:00:00,179.16942151040163
07-26 00:00:00,180.80591937488006
07-26 01:00:00,180.41369281266176
07-26 02:00:00,186.37525021893003
07-26 03:00:00,193.99328436507463
07-26 04:00:00,198.14134193300296
07-26 05:00:00,204.69261306455985
07-26 06:00:00,174.79361147491372
07-26 07:00:00,105.78964427107925
07-26 08:00:00,74.74423812105586
07-26 09:00:00,41.21968068013813
07-26 10:00:00,8.276845809328627
07-26 11:00:00,3.0392213589519335
07-26 12:00:00,3.8815493774763223
07-26 13:00:00,3.230504760739726
07-26 14:00:00,9.273989705742153
07-26 15:00:00,48.894202851857045
07-26 16:00:00,86.98173086700778
07-26 17:00:00,110.62009936112672
07-26 18:00:00,85.57785595367244
07-26 19:00:00,109.63773729124176
07-26 20:00:00,134.38738562010317
07-26 21:00:00,150.87898303926556
07-26 22:00:00,144.96859824341098
07-26 23:00:00,163.57616048983093
07-27 00:00:00,183.34970480957028
07-27 01:00:00,208.04621288939447
07-27 02:00:00,219.20680883848735
07-27 03:00:00,234.42624194445764
07-27 04:00:00,245.75883910654395
07-27 05:00:00,229.20594764999584
07-27 06:00:00,189.65872289593304
07-27 07:00:00,136.66780513063895
07-27 08:00:00,58.25387703724672
07-27 09:00:00,7.077912078156657
07-27 10:00:00,4.349835599614951
07-27 11:00:00,3.6840433645395385
07-27 12:00:00,3.947807148622054
07-27 13:00:00,3.7496681423100955
07-27 14:00:00,3.166539319075933
07-27 15:00:00,2.7244722148003966
07-27 16:00:00,3.230504760739726
07-27 17:00:00,4.349835599614951
07-27 18:00:00,7.074325242643432
07-27 19:00:00,39.20369064970484
07-27 20:00:00,51.05562726769637
07-27 21:00:00,46.31215633688653
07-27 22:00:00,50.60215530368865
07-27 23:00:00,73.6253501687783
07-28 00:00:00,108.10010435912302
07-28 01:00:00,105.63447182580317
07-28 02:00:00,103.04042095986445
07-28 03:00:00,106.52856418699886
07-28 04:00:00,116.97142589925845
07-28 05:00:00,123.40938500611274
07-28 06:00:00,123.09170524174687
07-28 07:00:00,140.034135358546
07-28 08:00:00,173.53463655860259
07-28 09:00:00,159.3637260764603
07-28 10:00:00,124.6069023748089
07-28 11:00:00,111.7535893785986
07-28 12:00:00,98.7404394297829
07-28 13:00:00,79.87808727825804
07-28 14:00:00,59.70689033862963
07-28 15:00:00,38.410725808515394
07-28 16:00:00,21.027317588098356
07-28 17:00:00,31.85752921201044
07-28 18:00:00,37.133220939607064
07-28 19:00:00,58.69727515773029
07-28 20:00:00,96.75708324046207
07-28 21:00:00,129.38086270553734
07-28 22:00:00,145.26120017545566
07-28 23:00:00,138.97320421800006
07-29 00:00:00,151.6245399205001
07-29 01:00:00,159.95353913261096
07-29 02:00:00,172.3073506883516
07-29 03:00:00,198.6049375560658
07-29 04:00:00,205.53148195749807
07-29 05:00:00,194.19818896689
07-29 06:00:00,168.40502715894885
07-29 07:00:00,116.8491532151279
07-29 08:00:00,62.51560044053983
07-29 09:00:00,9.40252317161757
07-29 10:00:00,5.531693343016848
07-29 11:00:00,5.10721885681614
07-29 12:00:00,4.147856997597773
07-29 13:00:00,4.080960296263327
07-29 14:00:00,3.947807148622054
07-29 15:00:00,3.8815493774763223
07-29 16:00:00,3.7496681423100955
07-29 17:00:00,3.4884245466703243
07-29 18:00:00,3.5534222180706414
07-29 19:00:00,10.962249914212906
07-29 20:00:00,22.008098946815657
07-29 21:00:00,41.66158996895381
07-29 22:00:00,67.06854550526445
07-29 23:00:00,64.0093863456636
07-30 00:00:00,73.5298694261551
07-30 01:00:00,91.17995773762956
07-30 02:00:00,109.09222427259536
07-30 03:00:00,118.56440336962572
07-30 04:00:00,127.52063321415636
07-30 05:00:00,126.82191314538494
07-30 06:00:00,114.24055482806924
07-30 07:00:00,53.62233209525183
07-30 08:00:00,3.8815493774763223
07-30 09:00:00,3.166539319075933
07-30 10:00:00,2.787019341307723
07-30 11:00:00,2.975867567039285
07-30 12:00:00,3.0392213589519335
07-30 13:00:00,2.4147255337315947
07-30 14:00:00,2.7244722148003966
07-30 15:00:00,2.3533696382123264
07-30 16:00:00,41.89403367727787
07-30 17:00:00,48.07757286729692
07-30 18:00:00,64.72016402850802
07-30 19:00:00,89.34189525473604
07-30 20:00:00,99.87909923316461
07-30 21:00:00,96.95565804959686
07-30 22:00:00,109.30792826242416
07-30 23:00:00,126.11593594938911
07-31 00:00:00,135.85265000562964
07-31 01:00:00,143.5809924366318
07-31 02:00:00,141.16165551661675
07-31 03:00:00,141.06560321912593
07-31 04:00:00,134.75662764352612
07-31 05:00:00,138.8036607726244
07-31 06:00:00,124.99552099776027
07-31 07:00:00,101.52254544482552
07-31 08:00:00,75.0883113502303
07-31 09:00:00,80.08217704870513
07-31 10:00:00,66.26222299022474
07-31 11:00:00,42.26681398514824
07-31 12:00:00,30.87643352276036
07-31 13:00:00,35.2475671726916
07-31 14:00:00,11.786452990878603
07-31 15:00:00,13.945113470291183
07-31 16:00:00,12.734956257576826
07-31 17:00:00,17.31733619989
07-31 18:00:00,39.87014800582838
07-31 19:00:00,80.88583743939562
07-31 20:00:00,139.8875012003408
07-31 21:00:00,157.9567446238217
07-31 22:00:00,198.51260513882747
07-31 23:00:00,207.01124049182434
08-01 00:00:00,202.29964024618832
08-01 01:00:00,214.3204726791754
08-01 02:00:00,224.0583750875123
08-01 03:00:00,236.60563895624145
08-01 04:00:00,249.85776520665615
08-01 05:00:00,261.3407004886309
08-01 06:00:00,275.98151134265805
08-01 07:00:00,285.25067899727344
08-01 08:00:00,269.1100687521137
08-01 09:00:00,230.25866265321793
08-01 10:00:00,222.35558071495663
08-01 11:00:00,209.84695747548545
08-01 12:00:00,191.7679695530553
08-01 13:00:00,179.70005305742913
08-01 14:00:00,163.3337068598253
08-01 15:00:00,175.0997468275228
08-01 16:00:00,158.77766298160472
08-01 17:00:00,156.8084945700984
08-01 18:00:00,207.6483422036897
08-01 19:00:00,226.26196679087943
08-01 20:00:00,246.08432055451632
08-01 21:00:00,266.9622290712562
08-01 22:00:00,286.5782083513406
08-01 23:00:00,310.93574161951494
08-02 00:00:00,318.9430308679255
08-02 01:00:00,317.5603537918634
08-02 02:00:00,350.47533056439903
08-02 03:00:00,358.8158366369799
08-02 04:00:00,367.57196120101503
08-02 05:00:00,351.42931951625525
08-02 06:00:00,320.19708286611103
08-02 07:00:00,275.2852994053619
08-02 08:00:00,219.81572094833953
08-02 09:00:00,160.86329830395556
08-02 10:00:00,129.9010100230641
08-02 11:00:00,86.46145833525348
08-02 12:00:00,42.72270285924779
08-02 13:00:00,17.7639739158309
08-02 14:00:00,14.991866722595507
08-02 15:00:00,14.272622883685793
08-02 16:00:00,20.810278213511218
08-02 17:00:00,45.87919789267509
08-02 18:00:00,65.84739146331955
08-02 19:00:00,104.31795733694958
08-02 20:00:00,127.61127378961888
08-02 21:00:00,186.1735186568901
08-02 22:00:00,216.8467930324736
08-02 23:00:00,232.27659779231084
08-03 00:00:00,248.97661367706039
08-03 01:00:00,257.957277338914
08-03 02:00:00,285.3346278330759
08-03 03:00:00,301.18358008746367
08-03 04:00:00,304.34484732618176
08-03 05:00:00,310.44441175951135
08-03 06:00:00,266.1139241716704
08-03 07:00:00,214.72982248421994
08-03 08:00:00,170.08417794617884
08-03 09:00:00,94.84215595512723
08-03 10:00:00,48.12144776808402
08-03 11:00:00,23.9781557917591
08-03 12:00:00,14.712781563646647
08-03 13:00:00,22.656002517030743
08-03 14:00:00,124.19825626110887
08-03 15:00:00,154.34338624998173
08-03 16:00:00,148.9388408668807
08-03 17:00:00,167.49892120576493
08-03 18:00:00,208.17454462084845
08-03 19:00:00,231.6933349867206
08-03 20:00:00,254.23517640360149
08-03 21:00:00,264.68976614510376
08-03 22:00:00,275.42305859472935
08-03 23:00:00,284.95432729722876
08-04 00:00:00,294.77318740140134
08-04 01:00:00,303.3844913765532
08-04 02:00:00,308.2894216542121
08-04 03:00:00,307.58727303205353
08-04 04:00:00,311.4353369640594
08-04 05:00:00,304.26264300028504
08-04 06:00:00,289.58975995580585
08-04 07:00:00,268.46996926814666
08-04 08:00:00,234.27795714305057
08-04 09:00:00,203.6846156682798
08-04 10:00:00,176.08252736319022
08-04 11:00:00,163.06220488956126
08-04 12:00:00,153.66000527717685
08-04 13:00:00,160.0691345271949
08-04 14:00:00,189.14983527303636
08-04 15:00:00,197.27138486298273
08-04 16:00:00,197.43415867133942
08-04 17:00:00,198.09541927192308
08-04 18:00:00,217.3519098092531
08-04 19:00:00,225.45531969205612
08-04 20:00:00,230.53618747154275
08-04 21:00:00,234.647005484775
08-04 22:00:00,234.7954024712112
08-04 23:00:00,231.4439429934361
08-05 00:00:00,227.95532690859415
08-05 01:00:00,231.99328250883067
08-05 02:00:00,240.0070435152395
08-05 03:00:00,237.01719105558027
08-05 04:00:00,243.92651365842696
08-05 05:00:00,240.76770722553923
08-05 06:00:00,238.7397300957429
08-05 07:00:00,225.48404132114047
08-05 08:00:00,192.44829129278068
08-05 09:00:00,177.576045782974
08-05 10:00:00,139.32737443675245
08-05 11:00:00,111.23330081948123
08-05 12:00:00,60.24837868928877
08-05 13:00:00,72.87595931084205
08-05 14:00:00,118.08074195059754
08-05 15:00:00,136.59070787051294
08-05 16:00:00,150.47778265028373
08-05 17:00:00,142.92507214218838
08-05 18:00:00,139.01141126773973
08-05 19:00:00,188.6686058502927
08-05 20:00:00,221.72571920385258
08-05 21:00:00,231.34632317213288
08-05 22:00:00,249.67507710868017
08-05 23:00:00,257.45783412240513
08-06 00:00:00,264.36344599224344
08-06 01:00:00,253.32415827628918
08-06 02:00:00,244.6671381660819
08-06 03:00:00,243.33241205441237
08-06 04:00:00,230.95480668148366
08-06 05:00:00,227.10775217024678
08-06 06:00:00,208.18312320485202
08-06 07:00:00,178.6898327133444
08-06 08:00:00,137.48891760646072
08-06 09:00:00,99.73636641470814
08-06 10:00:00,58.708085372733855
08-06 11:00:00,55.21511530402278
08-06 12:00:00,56.03379666659983
08-06 13:00:00,13.828580566591844
08-06 14:00:00,6.037298589187204
08-06 15:00:00,6.854981466667557
08-06 16:00:00,7.051098351950569
08-06 17:00:00,7.527029171053138
08-06 18:00:00,16.328892418067237
08-06 19:00:00,56.20348722162237
08-06 20:00:00,95.6602160500265
08-06 21:00:00,106.37150677733257
08-06 22:00:00,118.54471481856525
08-06 23:00:00,149.4854738378658
08-07 00:00:00,177.03524582302288
08-07 01:00:00,181.94535219112845
08-07 02:00:00,193.26556132275104
08-07 03:00:00,201.9874070390893
08-07 04:00:00,203.14615611082348
08-07 05:00:00,200.42659784009672
08-07 06:00:00,160.21581402408165
08-07 07:00:00,129.60820389302356
08-07 08:00:00,90.41919417909814
08-07 09:00:00,25.392313084617577
08-07 10:00:00,4.898012492769467
08-07 11:00:00,4.417593529334853
08-07 12:00:00,16.388186425897437
08-07 13:00:00,36.46330167580563
08-07 14:00:00,156.26791772175258
08-07 15:00:00,199.719840338806
08-07 16:00:00,203.97807663995746
08-07 17:00:00,215.34348035501674
08-07 18:00:00,212.24266007384216
08-07 19:00:00,212.54644298097858
08-07 20:00:00,225.3284413398039
08-07 21:00:00,227.66447394746035
08-07 22:00:00,236.38119856707513
08-07 23:00:00,236.47349740233716
08-08 00:00:00,237.14465982374276
08-08 01:00:00,232.3928386918956
08-08 02:00:00,228.37339104258854
08-08 03:00:00,232.47926724299106
08-08 04:00:00,233.7605712452007
08-08 05:00:00,227.76091925937294
08-08 06:00:00,226.15423717582675
08-08 07:00:00,211.55104185366525
08-08 08:00:00,191.5291933568112
08-08 09:00:00,203.61169021671594
08-08 10:00:00,223.75921148883788
08-08 11:00:00,239.9127395630649
08-08 12:00:00,212.31964032000167
08-08 13:00:00,178.68524879589526
08-08 14:00:00,151.34818764906558
08-08 15:00:00,112.83180813609589
08-08 16:00:00,72.50353899048882
08-08 17:00:00,97.71640941978681
08-08 18:00:00,109.92984473187256
08-08 19:00:00,154.42505693169338
08-08 20:00:00,181.68109544478145
08-08 21:00:00,185.04153380877474
08-08 22:00:00,203.5464168012906
08-08 23:00:00,197.9159452020618
08-09 00:00:00,205.55342620740367
08-09 01:00:00,219.30101479315147
08-09 02:00:00,226.75625595788117
08-09 03:00:00,232.32542174313764
08-09 04:00:00,242.90163734955505
08-09 05:00:00,243.28622706344552
08-09 06:00:00,226.38783333381463
08-09 07:00:00,166.36321316154738
08-09 08:00:00,145.42106849407017
08-09 09:00:00,94.26241237172509
08-09 10:00:00,37.23497876797055
08-09 11:00:00,6.183843284646819
08-09 12:00:00,6.877367480351425
08-09 13:00:00,6.6291263763710475
08-09 14:00:00,5.3184395508144995
08-09 15:00:00,5.3184395508144995
08-09 16:00:00,5.603233005909134
08-09 17:00:00,8.746255457216499
08-09 18:00:00,18.290015375350308
08-09 19:00:00,48.97193515028884
08-09 20:00:00,82.30301016924389
08-09 21:00:00,122.10530977621073
08-09 22:00:00,134.4354889921817
08-09 23:00:00,163.5140532188168
08-10 00:00:00,163.30760502675554
08-10 01:00:00,191.83458645679812
08-10 02:00:00,215.22723512285043
08-10 03:00:00,241.74819305899533
08-10 04:00:00,234.22700874859942
08-10 05:00:00,252.2738599017197
08-10 06:00:00,202.72199606516276
08-10 07:00:00,121.65777504368148
08-10 08:00:00,59.9518963410264
08-10 09:00:00,16.414224109759466
08-10 10:00:00,3.5534222180706414
08-10 11:00:00,3.102778397691748
08-10 12:00:00,2.4762784173109362
08-10 13:00:00,3.294675362138971
08-10 14:00:00,3.6840433645395385
08-10 15:00:00,4.214968003588582
08-10 16:00:00,3.4236346110855003
08-10 17:00:00,3.3590517645526674
08-10 18:00:00,3.294675362138971
08-10 19:00:00,11.321902106378875
08-10 20:00:00,22.829028283360042
08-10 21:00:00,29.905860168988873
08-10 22:00:00,54.46198653486395
08-10 23:00:00,77.82700730440774
08-11 00:00:00,91.18616721270996
08-11 01:00:00,104.88696922576466
08-11 02:00:00,120.78556708865077
08-11 03:00:00,139.28686391738066
08-11 04:00:00,147.79458069761054
08-11 05:00:00,149.18021737963912
08-11 06:00:00,118.78660189575841
08-11 07:00:00,54.877904392487956
08-11 08:00:00,7.484511451821123
08-11 09:00:00,3.0392213589519335
08-11 10:00:00,2.5380289067349726
08-11 11:00:00,1.8695404987429458
08-11 12:00:00,1.6322415188309845
08-11 13:00:00,2.0495234840487107
08-11 14:00:00,2.4762784173109362
08-11 15:00:00,1.8695404987429458
08-11 16:00:00,2.0495234840487107
08-11 17:00:00,2.4762784173109362
08-11 18:00:00,3.0392213589519335
08-11 19:00:00,2.9127163879520124
08-11 20:00:00,13.275643270286354
08-11 21:00:00,17.87843517536129
08-11 22:00:00,21.589056906957765
08-11 23:00:00,35.46798645604622
08-12 00:00:00,61.72907063854646
08-12 01:00:00,81.92087416704916
08-12 02:00:00,92.71714946504596
08-12 03:00:00,107.29289539350579
08-12 04:00:00,119.931517953237
08-12 05:00:00,118.98715875627573
08-12 06:00:00,80.43629292636898
08-12 07:00:00,27.350106573661403
08-12 08:00:00,1.929342516086618
08-12 09:00:00,1.3398685712963871
08-12 10:00:00,0.8817226664009779
08-12 11:00:00,0.10775237890800972
08-12 12:00:00,0.0
08-12 13:00:00,0.0
08-12 14:00:00,0.2706851484494456
08-12 15:00:00,0.6013004637040469
08-12 16:00:00,0.2706851484494456
08-12 17:00:00,0.0
08-12 18:00:00,0.49038650062903577
08-12 19:00:00,1.4562551250716436
08-12 20:00:00,2.1120974249106936
08-12 21:00:00,4.078796373954489
08-12 22:00:00,5.469309632810853
08-12 23:00:00,2.9127163879520124
08-13 00:00:00,4.025369486368183
08-13 01:00:00,8.699414116278342
08-13 02:00:00,14.605705484564036
08-13 03:00:00,16.077175188835795
08-13 04:00:00,19.542342129349908
08-13 05:00:00,27.61886387514896
08-13 06:00:00,29.28653148655089
08-13 07:00:00,3.8966829915362635
08-13 08:00:00,2.2312463491523067
08-13 09:00:00,1.1666835651295222
08-13 10:00:00,0.7690131358990588
08-13 11:00:00,0.545754408957527
08-13 12:00:00,0.545754408957527
08-13 13:00:00,0.10775237890800972
08-13 14:00:00,0.0
08-13 15:00:00,0.21619959961470303
08-13 16:00:00,1.1666835651295222
08-13 17:00:00,1.2242267024459597
08-13 18:00:00,1.6322415188309845
08-13 19:00:00,1.9893366433341841
08-13 20:00:00,4.484881287437037
08-13 21:00:00,6.717763778744919
08-13 22:00:00,8.24454151842496
08-13 23:00:00,12.225758554668602
08-14 00:00:00,13.865841938623484
08-14 01:00:00,17.158206111537062
08-14 02:00:00,21.888670389674438
08-14 03:00:00,33.50172408665237
08-14 04:00:00,39.050092118287
08-14 05:00:00,43.64346073605763
08-14 06:00:00,21.443947299157777
08-14 07:00:00,2.0495234840487107
08-14 08:00:00,1.7505103883332955
08-14 09:00:00,1.2242267024459597
08-14 10:00:00,0.10775237890800972
08-14 11:00:00,0.0
08-14 12:00:00,0.0
08-14 13:00:00,0.0
08-14 14:00:00,0.0
08-14 15:00:00,0.3801828832555386
08-14 16:00:00,0.657025226968158
08-14 17:00:00,0.7690131358990588
08-14 18:00:00,1.0521499803555563
08-14 19:00:00,1.5147291250424568
08-14 20:00:00,1.5733910592029157
08-14 21:00:00,1.5147291250424568
08-14 22:00:00,4.369298796550987
08-14 23:00:00,8.932222907065846
08-15 00:00:00,11.046387725077878
08-15 01:00:00,10.841372323759083
08-15 02:00:00,13.601175849725637
08-15 03:00:00,15.279599791993618
08-15 04:00:00,18.078678290562852
08-15 05:00:00,20.450609524019516
08-15 06:00:00,10.169993986724759
08-15 07:00:00,0.8252774142268386
08-15 08:00:00,0.325346058428734
08-15 09:00:00,0.16188885989044371
08-15 10:00:00,0.43519617830522916
08-15 11:00:00,0.0
08-15 12:00:00,0.0
08-15 13:00:00,1.2242267024459597
08-15 14:00:00,0.0
08-15 15:00:00,0.7129292625390744
08-15 16:00:00,1.2242267024459597
08-15 17:00:00,1.5733910592029157
08-15 18:00:00,1.8099299895043646
08-15 19:00:00,2.3533696382123264
08-15 20:00:00,2.787019341307723
08-15 21:00:00,3.294675362138971
08-15 22:00:00,3.5534222180706414
08-15 23:00:00,5.301953951701651
08-16 00:00:00,10.895138908222098
08-16 01:00:00,14.956270457752552
08-16 02:00:00,28.282785649731174
08-16 03:00:00,96.1199923873368
08-16 04:00:00,90.34935085223044
08-16 05:00:00,79.72125179818444
08-16 06:00:00,72.6404740688231
08-16 07:00:00,62.51901607557381
08-16 08:00:00,66.81935776507844
08-16 09:00:00,85.16768308649208
08-16 10:00:00,116.93406908890384
08-16 11:00:00,129.3292571410866
08-16 12:00:00,150.30415767905083
08-16 13:00:00,158.50842571710118
08-16 14:00:00,177.99912316001897
08-16 15:00:00,162.98253341787475
08-16 16:00:00,140.52856439301087
08-16 17:00:00,137.2456513540205
08-16 18:00:00,147.45286187215763
08-16 19:00:00,165.2285123620838
08-16 20:00:00,166.4730237308253
08-16 21:00:00,187.95102589280881
08-16 22:00:00,186.5622566781917
08-16 23:00:00,186.1278787676629
08-17 00:00:00,174.6230501025469
08-17 01:00:00,253.8844496178673
08-17 02:00:00,303.75304668390584
08-17 03:00:00,305.277516765377
08-17 04:00:00,312.7642870769965
08-17 05:00:00,314.56227824179706
08-17 06:00:00,307.62465613057026
08-17 07:00:00,306.32716296748634
08-17 08:00:00,286.33186751602767
08-17 09:00:00,225.510840780755
08-17 10:00:00,171.8850532659589
08-17 11:00:00,130.9047363859902
08-17 12:00:00,101.45496460184727
08-17 13:00:00,82.30573678686153
08-17 14:00:00,56.607032728043755
08-17 15:00:00,52.98612834339878
08-17 16:00:00,48.83190276836512
08-17 17:00:00,84.88810197029339
08-17 18:00:00,109.82143994597416
08-17 19:00:00,130.98295930539848
08-17 20:00:00,142.57419978007033
08-17 21:00:00,165.0712840394961
08-17 22:00:00,184.59922357117105
08-17 23:00:00,209.10435750512897
08-18 00:00:00,246.34659489585695
08-18 01:00:00,252.49414032245457
08-18 02:00:00,260.39154889886004
08-18 03:00:00,266.21786260476995
08-18 04:00:00,263.66883257753295
08-18 05:00:00,253.14405263175738
08-18 06:00:00,247.83580845644056
08-18 07:00:00,212.68735940913234
08-18 08:00:00,179.9360284389166
08-18 09:00:00,146.9853762377101
08-18 10:00:00,116.25307809907476
08-18 11:00:00,88.7398059210397
08-18 12:00:00,51.31472601822271
08-18 13:00:00,20.267038823779693
08-18 14:00:00,13.208504635340162
08-18 15:00:00,10.888976264845768
08-18 16:00:00,8.758247531081505
08-18 17:00:00,14.567606777716279
08-18 18:00:00,57.7365629892445
08-18 19:00:00,96.38347441032448
08-18 20:00:00,125.16971371133951
08-18 21:00:00,159.0700740817886
08-18 22:00:00,158.2694348440753
08-18 23:00:00,146.60580717323057
08-19 00:00:00,152.4787142583639
08-19 01:00:00,153.79323875082233
08-19 02:00:00,157.53606455468784
08-19 03:00:00,164.19672170129252
08-19 04:00:00,175.27784639580747
08-19 05:00:00,180.08855695091333
08-19 06:00:00,176.46780315930621
08-19 07:00:00,127.11084031447939
08-19 08:00:00,86.90836115929258
08-19 09:00:00,46.39376855492685
08-19 10:00:00,33.48297578722226
08-19 11:00:00,14.620807415411576
08-19 12:00:00,5.819227054844731
08-19 13:00:00,10.898875354405739
08-19 14:00:00,13.278240399302753
08-19 15:00:00,13.870068186486598
08-19 16:00:00,14.365315941246912
08-19 17:00:00,14.515646010171622
08-19 18:00:00,41.15554103329611
08-19 19:00:00,46.976973666481705
08-19 20:00:00,65.95974250207232
08-19 21:00:00,76.92872397913776
08-19 22:00:00,101.95073887879116
08-19 23:00:00,113.56878365799544
08-20 00:00:00,128.59357600026843
08-20 01:00:00,122.84273795422715
08-20 02:00:00,132.8117119417687
08-20 03:00:00,161.32665826801812
08-20 04:00:00,162.2283306748063
08-20 05:00:00,152.35940835819875
08-20 06:00:00,136.83380978807406
08-20 07:00:00,98.45644780232598
08-20 08:00:00,50.10993060282659
08-20 09:00:00,6.052632716597312
08-20 10:00:00,4.690801842813384
08-20 11:00:00,4.417593529334853
08-20 12:00:00,5.10721885681614
08-20 13:00:00,3.6186282738830258
08-20 14:00:00,3.6840433645395385
08-20 15:00:00,3.6186282738830258
08-20 16:00:00,4.014277234386476
08-20 17:00:00,4.622171922525813
08-20 18:00:00,5.509207778426128
08-20 19:00:00,19.926235866217294
08-20 20:00:00,30.47748445706999
08-20 21:00:00,46.71643404924923
08-20 22:00:00,82.20966066736086
08-20 23:00:00,98.26422417079195
08-21 00:00:00,123.48670154616771
08-21 01:00:00,136.91499432622663
08-21 02:00:00,143.39381094602845
08-21 03:00:00,144.95793788440383
08-21 04:00:00,157.9734384094337
08-21 05:00:00,180.1850708745739
08-21 06:00:00,145.01641713847366
08-21 07:00:00,72.03778545956307
08-21 08:00:00,25.249547651761706
08-21 09:00:00,3.166539319075933
08-21 10:00:00,2.5380289067349726
08-21 11:00:00,2.109903643560566
08-21 12:00:00,1.6322415188309845
08-21 13:00:00,1.4562551250716436
08-21 14:00:00,1.7505103883332955
08-21 15:00:00,1.6912810969502967
08-21 16:00:00,1.929342516086618
08-21 17:00:00,2.787019341307723
08-21 18:00:00,3.294675362138971
08-21 19:00:00,10.004873017400868
08-21 20:00:00,18.005246943074866
08-21 21:00:00,22.0656088411418
08-21 22:00:00,22.58592686130423
08-21 23:00:00,33.145777713540504
08-22 00:00:00,42.61567116865895
08-22 01:00:00,21.800679650959903
08-22 02:00:00,79.66229991803878
08-22 03:00:00,103.38654778293932
08-22 04:00:00,119.19295162946884
08-22 05:00:00,91.03868248372285
08-22 06:00:00,127.068939038001
08-22 07:00:00,108.07051024089945
08-22 08:00:00,77.32035648287882
08-22 09:00:00,55.88136439735945
08-22 10:00:00,29.98906085820975
08-22 11:00:00,10.42160582582989
08-22 12:00:00,9.207686320414469
08-22 13:00:00,9.741125379066535
08-22 14:00:00,8.854729026362524
08-22 15:00:00,76.42288686192177
08-22 16:00:00,90.3245552800901
08-22 17:00:00,109.94093073945538
08-22 18:00:00,143.54401283623648
08-22 19:00:00,165.61498025765331
08-22 20:00:00,182.26215600128046
08-22 21:00:00,184.3984198649308
08-22 22:00:00,203.85210528395285
08-22 23:00:00,212.7171330672436
08-23 00:00:00,217.51178362850783
08-23 01:00:00,226.34735493543565
08-23 02:00:00,230.0899944916543
08-23 03:00:00,225.64136719434828
08-23 04:00:00,248.44181968415702
08-23 05:00:00,246.87385093033237
08-23 06:00:00,231.20211547758515
08-23 07:00:00,196.56591926617207
08-23 08:00:00,152.50395983698053
08-23 09:00:00,98.5366143858064
08-23 10:00:00,64.33315436989535
08-23 11:00:00,54.29440162225605
08-23 12:00:00,41.07598620340247
08-23 13:00:00,12.635612008536482
08-23 14:00:00,14.63138717620662
08-23 15:00:00,17.201078450338386
08-23 16:00:00,18.026371710289546
08-23 17:00:00,45.716258280684826
08-23 18:00:00,66.85088009534907
08-23 19:00:00,88.60896812281618
08-23 20:00:00,105.17336997018022
08-23 21:00:00,131.21672554857895
08-23 22:00:00,134.77607069125014
08-23 23:00:00,165.84814968619705
08-24 00:00:00,156.04281278494184
08-24 01:00:00,174.4446894481196
08-24 02:00:00,216.87945187400146
08-24 03:00:00,222.6041764126663
08-24 04:00:00,210.7806616564278
08-24 05:00:00,214.80167777356684
08-24 06:00:00,212.45370523842683
08-24 07:00:00,209.1709600168948
08-24 08:00:00,200.16343241162923
08-24 09:00:00,177.03401061424555
08-24 10:00:00,155.88345489853887
08-24 11:00:00,127.82018366047545
08-24 12:00:00,141.38920655274046
08-24 13:00:00,132.62744071200046
08-24 14:00:00,129.15718060325216
08-24 15:00:00,106.16532766703502
08-24 16:00:00,103.45403917399048
08-24 17:00:00,112.20408351522491
08-24 18:00:00,118.90390747387391
08-24 19:00:00,141.06476757268783
08-24 20:00:00,161.71604673476097
08-24 21:00:00,163.19939263960057
08-24 22:00:00,194.06630811345545
08-24 23:00:00,224.95797369916136
08-25 00:00:00,208.38045230710193
08-25 01:00:00,217.27037484519906
08-25 02:00:00,221.32845289836692
08-25 03:00:00,232.0395850544775
08-25 04:00:00,232.15883870461548
08-25 05:00:00,235.68138881289676
08-25 06:00:00,227.5367703048572
08-25 07:00:00,209.01725726052229
08-25 08:00:00,194.7310336592496
08-25 09:00:00,161.50615861979387
08-25 10:00:00,135.10985928391625
08-25 11:00:00,114.55063792487404
08-25 12:00:00,113.98501991987547
08-25 13:00:00,108.84263084710562
08-25 14:00:00,104.1986687418936
08-25 15:00:00,91.38143671056297
08-25 16:00:00,79.17119512985714
08-25 17:00:00,95.09021678239911
08-25 18:00:00,123.37254415715982
08-25 19:00:00,153.15744175634075
08-25 20:00:00,182.92062885115098
08-25 21:00:00,210.69319745767626
08-25 22:00:00,245.47720113908738
08-25 23:00:00,263.74847933360917
08-26 00:00:00,289.7701250272621
08-26 01:00:00,294.960880866459
08-26 02:00:00,308.32012033061994
08-26 03:00:00,321.81302101158866
08-26 04:00:00,329.8314920729794
08-26 05:00:00,340.8816475120379
08-26 06:00:00,315.64127980470016
08-26 07:00:00,233.62158150256488
08-26 08:00:00,154.48385166490323
08-26 09:00:00,124.3934468426578
08-26 10:00:00,60.46378493140242
08-26 11:00:00,30.37569166041449
08-26 12:00:00,16.250220906845197
08-26 13:00:00,16.409414544474167
08-26 14:00:00,17.487871582257966
08-26 15:00:00,24.738267205168214
08-26 16:00:00,70.64279235920321
08-26 17:00:00,66.38493752141193
08-26 18:00:00,106.83832165870848
08-26 19:00:00,143.3634429715171
08-26 20:00:00,164.28015949687892
08-26 21:00:00,193.27879182409615
08-26 22:00:00,199.69556663120306
08-26 23:00:00,206.66918010281697
08-27 00:00:00,210.6718723948619
08-27 01:00:00,227.4434529438112
08-27 02:00:00,243.30893185542647
08-27 03:00:00,253.81893271299822
08-27 04:00:00,272.1268072540298
08-27 05:00:00,291.4701932016181
08-27 06:00:00,286.7315982436372
08-27 07:00:00,252.49572627268896
08-27 08:00:00,200.013085025071
08-27 09:00:00,167.2372271619266
08-27 10:00:00,121.54885492800783
08-27 11:00:00,96.3146277143788
08-27 12:00:00,77.07788226480156
08-27 13:00:00,74.79150521755656
08-27 14:00:00,78.08140961764207
08-27 15:00:00,83.84534642464703
08-27 16:00:00,92.75220879994542
08-27 17:00:00,108.79399426592654
08-27 18:00:00,149.75177336448118
08-27 19:00:00,183.7395227321895
08-27 20:00:00,206.11151047184342
08-27 21:00:00,244.5791138009751
08-27 22:00:00,279.5464398320726
08-27 23:00:00,297.26773955717283
08-28 00:00:00,303.30276504420925
08-28 01:00:00,314.37563791553777
08-28 02:00:00,320.80495536170235
08-28 03:00:00,342.0401300477522
08-28 04:00:00,357.6250059604785
08-28 05:00:00,359.07482709687577
08-28 06:00:00,353.98583637148124
08-28 07:00:00,314.7955041394176
08-28 08:00:00,290.9964569936884
08-28 09:00:00,281.3827324581535
08-28 10:00:00,244.77296744043568
08-28 11:00:00,205.31621110260858
08-28 12:00:00,172.47901425837654
08-28 13:00:00,163.55430744074042
08-28 14:00:00,256.2993802309126
08-28 15:00:00,339.2203717626949
08-28 16:00:00,325.372956510119
08-28 17:00:00,332.28357585132034
08-28 18:00:00,332.45961816834904
08-28 19:00:00,350.4920525837413
08-28 20:00:00,358.6722618236913
08-28 21:00:00,354.3150582518357
08-28 22:00:00,354.12973479748496
08-28 23:00:00,361.7571672306187
08-29 00:00:00,366.0471991937411
08-29 01:00:00,372.98977987906824
08-29 02:00:00,371.9070935180466
08-29 03:00:00,378.8320039735789
08-29 04:00:00,376.18331022535403
08-29 05:00:00,378.68875884725264
08-29 06:00:00,365.11452364205235
08-29 07:00:00,343.2243541270514
08-29 08:00:00,324.4120294721687
08-29 09:00:00,317.9776700539667
08-29 10:00:00,289.5526139559543
08-29 11:00:00,268.03990495372227
08-29 12:00:00,235.59744484856859
08-29 13:00:00,255.8605128731968
08-29 14:00:00,256.55534010556767
08-29 15:00:00,257.1437477075295
08-29 16:00:00,238.66099336004262
08-29 17:00:00,237.72948473206532
08-29 18:00:00,231.68766173228403
08-29 19:00:00,236.3970731582939
08-29 20:00:00,243.31961110793307
08-29 21:00:00,254.052310007178
08-29 22:00:00,265.5106968387131
08-29 23:00:00,276.1344561127528
08-30 00:00:00,294.5456223999266
08-30 01:00:00,294.5456223999266
08-30 02:00:00,299.7082399070484
08-30 03:00:00,303.78561042894523
08-30 04:00:00,314.59538666355945
08-30 05:00:00,311.04660042181956
08-30 06:00:00,298.8748616788724
08-30 07:00:00,260.0475837627052
08-30 08:00:00,244.94361856186302
08-30 09:00:00,221.81153048565645
08-30 10:00:00,207.60986989461108
08-30 11:00:00,204.0464086791149
08-30 12:00:00,205.6966256370844
08-30 13:00:00,185.9276687365023
08-30 14:00:00,136.45506858316284
08-30 15:00:00,144.65141725318853
08-30 16:00:00,138.48483393489659
08-30 17:00:00,160.81568436178225
08-30 18:00:00,199.84410237995294
08-30 19:00:00,230.78801869303064
08-30 20:00:00,250.05709081255793
08-30 21:00:00,249.965772887894
08-30 22:00:00,253.42147419682266
08-30 23:00:00,261.4058929293541
08-31 00:00:00,263.1011849144716
08-31 01:00:00,263.25391835601454
08-31 02:00:00,264.17270817337726
08-31 03:00:00,261.7023268469362
08-31 04:00:00,265.1152557151868
08-31 05:00:00,269.33053984742094
08-31 06:00:00,272.7659440836081
08-31 07:00:00,241.59930660862014
08-31 08:00:00,221.90954086655697
08-31 09:00:00,185.49409587774156
08-31 10:00:00,155.75032559571153
08-31 11:00:00,113.46923376768287
08-31 12:00:00,86.01541542324647
08-31 13:00:00,75.09761383865454
08-31 14:00:00,46.07333670470239
08-31 15:00:00,63.000923455716595
08-31 16:00:00,89.29033740053458
08-31 17:00:00,114.22663896699487
08-31 18:00:00,147.59250986444465
08-31 19:00:00,191.41288721164062
08-31 20:00:00,216.10837836070573
08-31 21:00:00,236.80775379723792
08-31 22:00:00,276.09766171117093
08-31 23:00:00,288.1919760308081
09-01 00:00:00,301.5509345337258
09-01 01:00:00,310.790554950643
09-01 02:00:00,331.678881212039
09-01 03:00:00,342.7738664148948
09-01 04:00:00,346.38760828054984
09-01 05:00:00,385.07405477131607
09-01 06:00:00,353.08593322982506
09-01 07:00:00,285.9262458776419
09-01 08:00:00,233.35080563813707
09-01 09:00:00,170.5568442864944
09-01 10:00:00,107.66148662257287
09-01 11:00:00,62.0827372711736
09-01 12:00:00,23.025283838420247
09-01 13:00:00,10.418710493244316
09-01 14:00:00,11.157607534348887
09-01 15:00:00,14.329013785284687
09-01 16:00:00,16.554370822664513
09-01 17:00:00,23.64964127314933
09-01 18:00:00,100.47700733345617
09-01 19:00:00,145.57365681401174
09-01 20:00:00,179.3205274465015
09-01 21:00:00,205.64413193314735
09-01 22:00:00,249.57549758486715
09-01 23:00:00,275.4936318176178
09-02 00:00:00,294.2115141722639
09-02 01:00:00,321.9043466647205
09-02 02:00:00,340.63822413877705
09-02 03:00:00,351.2852802768779
09-02 04:00:00,376.97510586256504
09-02 05:00:00,378.99171590091044
09-02 06:00:00,364.95326084370294
09-02 07:00:00,295.77671079327945
09-02 08:00:00,226.79199478497807
09-02 09:00:00,176.84144413672033
09-02 10:00:00,108.2107408227815
09-02 11:00:00,54.25088282242362
09-02 12:00:00,17.226121717400908
09-02 13:00:00,2.849767189501116
09-02 14:00:00,3.5534222180706414
09-02 15:00:00,3.815503261304812
09-02 16:00:00,4.147856997597773
09-02 17:00:00,10.503249191933888
09-02 18:00:00,32.94918856925799
09-02 19:00:00,75.16171068535863
09-02 20:00:00,93.16606966364436
09-02 21:00:00,150.01031257662646
09-02 22:00:00,184.44657020879714
09-02 23:00:00,206.94070870450852
09-03 00:00:00,216.99436739443374
09-03 01:00:00,237.5799072000156
09-03 02:00:00,255.5680791938108
09-03 03:00:00,262.23163532523535
09-03 04:00:00,265.15321146393546
09-03 05:00:00,276.065024911476
09-03 06:00:00,255.58437636154383
09-03 07:00:00,204.02613197603736
09-03 08:00:00,166.8084742310991
09-03 09:00:00,98.26301506160479
09-03 10:00:00,41.25095895542349
09-03 11:00:00,6.750837406622988
09-03 12:00:00,4.967525285271267
09-03 13:00:00,4.690801842813384
09-03 14:00:00,4.690801842813384
09-03 15:00:00,4.690801842813384
09-03 16:00:00,5.177401016688488
09-03 17:00:00,6.207954406756488
09-03 18:00:00,17.45549272177063
09-03 19:00:00,32.66925337506537
09-03 20:00:00,63.57142678921742
09-03 21:00:00,129.28317152175168
09-03 22:00:00,159.5909686899275
09-03 23:00:00,187.09128745467268
09-04 00:00:00,213.92727259267616
09-04 01:00:00,227.5003601924234
09-04 02:00:00,243.94784215549677
09-04 03:00:00,253.3021604870316
09-04 04:00:00,263.73022417052096
09-04 05:00:00,280.2312676114999
09-04 06:00:00,276.10209205111454
09-04 07:00:00,201.3479815632039
09-04 08:00:00,132.8979263658337
09-04 09:00:00,66.7864184594641
09-04 10:00:00,14.50619994595614
09-04 11:00:00,5.2478076829816205
09-04 12:00:00,5.460381680999106
09-04 13:00:00,5.964376059147582
09-04 14:00:00,5.675001374231347
09-04 15:00:00,5.891685785707968
09-04 16:00:00,5.819227054844731
09-04 17:00:00,5.566030500574685
09-04 18:00:00,21.566842995509475
09-04 19:00:00,45.733608462582815
09-04 20:00:00,82.62456304462388
09-04 21:00:00,136.80944257628326
09-04 22:00:00,159.41098389806123
09-04 23:00:00,193.68344973403666
09-05 00:00:00,221.459422959071
09-05 01:00:00,227.5469279478993
09-05 02:00:00,251.39664683600023
09-05 03:00:00,260.88673639588643
09-05 04:00:00,260.23372766717347
09-05 05:00:00,274.5776144987167
09-05 06:00:00,265.56705529531797
09-05 07:00:00,192.69164907828676
09-05 08:00:00,118.40581924919539
09-05 09:00:00,52.93932133987329
09-05 10:00:00,9.943211154372317
09-05 11:00:00,3.947807148622054
09-05 12:00:00,4.349835599614951
09-05 13:00:00,4.967525285271267
09-05 14:00:00,5.177401016688488
09-05 15:00:00,4.967525285271267
09-05 16:00:00,5.037260510128586
09-05 17:00:00,4.898012492769467
09-05 18:00:00,21.406663910003356
09-05 19:00:00,35.59952978017297
09-05 20:00:00,55.30599329951174
09-05 21:00:00,100.32074873437068
09-05 22:00:00,153.27937712047992
09-05 23:00:00,170.1631289822481
09-06 00:00:00,184.87353713331638
09-06 01:00:00,200.44655026503065
09-06 02:00:00,217.25963109076912
09-06 03:00:00,238.26932912248236
09-06 04:00:00,256.0089349962555
09-06 05:00:00,249.35804465377225
09-06 06:00:00,237.89383107183906
09-06 07:00:00,182.7452910210934
09-06 08:00:00,104.71226720769954
09-06 09:00:00,60.58983369995659
09-06 10:00:00,11.930279623758409
09-06 11:00:00,2.975867567039285
09-06 12:00:00,4.690801842813384
09-06 13:00:00,5.10721885681614
09-06 14:00:00,4.690801842813384
09-06 15:00:00,4.759651456323027
09-06 16:00:00,4.759651456323027
09-06 17:00:00,4.529884931050409
09-06 18:00:00,17.85026245633832
09-06 19:00:00,32.677147736497744
09-06 20:00:00,46.39785807386806
09-06 21:00:00,78.91945374128869
09-06 22:00:00,141.23148038542135
09-06 23:00:00,154.89572686961776
09-07 00:00:00,170.16632933667745
09-07 01:00:00,194.72984146799698
09-07 02:00:00,199.27042790915874
09-07 03:00:00,215.87550942859005
09-07 04:00:00,238.02153581587845
09-07 05:00:00,249.74804463050623
09-07 06:00:00,237.920383357582
09-07 07:00:00,182.02463702404762
09-07 08:00:00,130.62427857782134
09-07 09:00:00,89.36919552854273
09-07 10:00:00,45.39286672940412
09-07 11:00:00,3.5534222180706414
09-07 12:00:00,3.6840433645395385
09-07 13:00:00,4.349835599614951
09-07 14:00:00,4.147856997597773
09-07 15:00:00,3.815503261304812
09-07 16:00:00,5.037260510128586
09-07 17:00:00,8.71640149599339
09-07 18:00:00,27.636559271844973
09-07 19:00:00,50.27492962754936
09-07 20:00:00,91.60627117407134
09-07 21:00:00,131.09383156386696
09-07 22:00:00,160.5979553472007
09-07 23:00:00,175.88837011553258
09-08 00:00:00,191.40779912755045
09-08 01:00:00,196.57699161834628
09-08 02:00:00,227.5677827391795
09-08 03:00:00,236.47224247418862
09-08 04:00:00,246.1052210302905
09-08 05:00:00,256.21406410867644
09-08 06:00:00,249.7886736223253
09-08 07:00:00,189.92128742480233
09-08 08:00:00,127.12428409097157
09-08 09:00:00,71.74454745353165
09-08 10:00:00,23.7036522049959
09-08 11:00:00,2.7244722148003966
09-08 12:00:00,2.5999776215791237
09-08 13:00:00,1.9893366433341841
09-08 14:00:00,1.929342516086618
09-08 15:00:00,1.5733910592029157
09-08 16:00:00,1.929342516086618
09-08 17:00:00,2.975867567039285
09-08 18:00:00,12.232468722837584
09-08 19:00:00,23.846311483297317
09-08 20:00:00,51.77790522447831
09-08 21:00:00,72.21932274634753
09-08 22:00:00,63.921885479731166
09-08 23:00:00,69.99393396165704
09-09 00:00:00,71.9374910107423
09-09 01:00:00,80.03254702639867
09-09 02:00:00,89.97245720709037
09-09 03:00:00,129.6409339227089
09-09 04:00:00,162.96773679187402
09-09 05:00:00,176.33721735406672
09-09 06:00:00,173.05381450527005
09-09 07:00:00,154.60051321760204
09-09 08:00:00,125.45500890149201
09-09 09:00:00,53.09759389053907
09-09 10:00:00,46.51617034976694
09-09 11:00:00,41.74248931073716
09-09 12:00:00,14.810090579994435
09-09 13:00:00,3.6186282738830258
09-09 14:00:00,3.4236346110855003
09-09 15:00:00,5.784833235885968
09-09 16:00:00,6.70009399230784
09-09 17:00:00,13.620472942055821
09-09 18:00:00,49.02228804546165
09-09 19:00:00,59.814536289951384
09-09 20:00:00,87.12996401434006
09-09 21:00:00,98.7663303460303
09-09 22:00:00,132.2122130688266
09-09 23:00:00,152.37768440767246
09-10 00:00:00,161.59464524550643
09-10 01:00:00,181.91210542462142
09-10 02:00:00,189.25606352862908
09-10 03:00:00,197.74814108127828
09-10 04:00:00,208.49159087523634
09-10 05:00:00,215.81840215887024
09-10 06:00:00,209.73164927673815
09-10 07:00:00,143.597024498424
09-10 08:00:00,84.01054362718355
09-10 09:00:00,41.20643182883322
09-10 10:00:00,21.445404080085634
09-10 11:00:00,5.037260510128586
09-10 12:00:00,5.2478076829816205
09-10 13:00:00,5.819227054844731
09-10 14:00:00,8.228249848187478
09-10 15:00:00,9.741125379066535
09-10 16:00:00,11.342741123508686
09-10 17:00:00,30.10131851742387
09-10 18:00:00,95.84028463270793
09-10 19:00:00,137.5973312955103
09-10 20:00:00,160.4224381382041
09-10 21:00:00,167.972832808739
09-10 22:00:00,174.32267964943554
09-10 23:00:00,179.81200793357445
09-11 00:00:00,198.21811242768834
09-11 01:00:00,216.39644698193538
09-11 02:00:00,212.12054756332847
09-11 03:00:00,210.08503838615127
09-11 04:00:00,216.679598960855
09-11 05:00:00,211.6759033313338
09-11 06:00:00,203.48196237507855
09-11 07:00:00,176.74520045378245
09-11 08:00:00,114.65896996308538
09-11 09:00:00,54.81974414264609
09-11 10:00:00,7.912206541569466
09-11 11:00:00,5.389297317190546
09-11 12:00:00,5.2478076829816205
09-11 13:00:00,4.828721445026697
09-11 14:00:00,4.690801842813384
09-11 15:00:00,4.282293981290223
09-11 16:00:00,4.759651456323027
09-11 17:00:00,7.747748181624265
09-11 18:00:00,66.99893601809205
09-11 19:00:00,82.74183169920242
09-11 20:00:00,89.07143957303579
09-11 21:00:00,86.94483652884347
09-11 22:00:00,117.12322512691185
09-11 23:00:00,123.87883967570552
09-12 00:00:00,150.55792719452796
09-12 01:00:00,180.75646100965955
09-12 02:00:00,198.4154536933059
09-12 03:00:00,219.98293785177705
09-12 04:00:00,227.30256367133268
09-12 05:00:00,221.74089452353013
09-12 06:00:00,206.11679655976133
09-12 07:00:00,184.7459909568973
09-12 08:00:00,152.4222855743564
09-12 09:00:00,93.12935239819359
09-12 10:00:00,55.07042923713731
09-12 11:00:00,33.960984229024
09-12 12:00:00,19.464891597294958
09-12 13:00:00,11.884046562473637
09-12 14:00:00,4.349835599614951
09-12 15:00:00,5.928399861947115
09-12 16:00:00,7.766196151845977
09-12 17:00:00,21.490806365305847
09-12 18:00:00,49.119688270506295
09-12 19:00:00,71.79832377494625
09-12 20:00:00,104.93920431642397
09-12 21:00:00,135.89446149770794
09-12 22:00:00,160.15396214447634
09-12 23:00:00,172.96897013851967
09-13 00:00:00,193.64402198173963
09-13 01:00:00,200.94502309178088
09-13 02:00:00,202.80002362987508
09-13 03:00:00,211.9607385763258
09-13 04:00:00,224.53208044103903
09-13 05:00:00,236.60223296419096
09-13 06:00:00,235.2548380770555
09-13 07:00:00,178.74850847279902
09-13 08:00:00,112.31637312950146
09-13 09:00:00,58.48792845522625
09-13 10:00:00,7.4230490445063415
09-13 11:00:00,3.5534222180706414
09-13 12:00:00,2.849767189501116
09-13 13:00:00,3.3590517645526674
09-13 14:00:00,4.828721445026697
09-13 15:00:00,4.349835599614951
09-13 16:00:00,4.828721445026697
09-13 17:00:00,5.037260510128586
09-13 18:00:00,16.518874817876377
09-13 19:00:00,21.89150458464804
09-13 20:00:00,26.833959000543192
09-13 21:00:00,86.43605355348154
09-13 22:00:00,108.4532831924939
09-13 23:00:00,110.78899897967118
09-14 00:00:00,129.56294432663665
09-14 01:00:00,138.19209614717684
09-14 02:00:00,155.71011878214654
09-14 03:00:00,150.61558905867489
09-14 04:00:00,156.84531735903937
09-14 05:00:00,176.3687013910429
09-14 06:00:00,167.6405581762897
09-14 07:00:00,121.9727615534316
09-14 08:00:00,60.14534893184077
09-14 09:00:00,4.294370829445352
09-14 10:00:00,2.9127163879520124
09-14 11:00:00,2.292210114756443
09-14 12:00:00,1.6322415188309845
09-14 13:00:00,1.929342516086618
09-14 14:00:00,1.9893366433341841
09-14 15:00:00,3.102778397691748
09-14 16:00:00,3.815503261304812
09-14 17:00:00,4.349835599614951
09-14 18:00:00,8.095356623335679
09-14 19:00:00,15.869978134039123
09-14 20:00:00,21.23937709913226
09-14 21:00:00,44.12006927454388
09-14 22:00:00,47.625200644921954
09-14 23:00:00,34.31428071081949
09-15 00:00:00,49.75966262525708
09-15 01:00:00,67.16771285422648
09-15 02:00:00,87.99652229484617
09-15 03:00:00,93.14708213523019
09-15 04:00:00,91.17923069988119
09-15 05:00:00,93.82753496325034
09-15 06:00:00,92.19815306133448
09-15 07:00:00,79.49431179889766
09-15 08:00:00,60.82895831736726
09-15 09:00:00,46.923749907497566
09-15 10:00:00,5.5089453025318225
09-15 11:00:00,3.947807148622054
09-15 12:00:00,4.080960296263327
09-15 13:00:00,3.6840433645395385
09-15 14:00:00,9.558073486483064
09-15 15:00:00,26.80200954220321
09-15 16:00:00,23.044515376528956
09-15 17:00:00,37.601986389548
09-15 18:00:00,52.35670854194249
09-15 19:00:00,66.60674570642735
09-15 20:00:00,64.57279443462318
09-15 21:00:00,89.78652444517432
09-15 22:00:00,102.76397540550113
09-15 23:00:00,115.31433559646959
09-16 00:00:00,107.44342556486343
09-16 01:00:00,113.468303663865
09-16 02:00:00,110.12421111307034
09-16 03:00:00,111.268327945046
09-16 04:00:00,117.21889708685188
09-16 05:00:00,107.1152200568082
09-16 06:00:00,112.74384581651546
09-16 07:00:00,93.61648857457264
09-16 08:00:00,66.41538652560793
09-16 09:00:00,72.4695614323164
09-16 10:00:00,45.29806719104999
09-16 11:00:00,22.809901206200152
09-16 12:00:00,15.662216141330685
09-16 13:00:00,28.520196519274148
09-16 14:00:00,46.17480051345826
09-16 15:00:00,73.0857086705199
09-16 16:00:00,94.61133939687147
09-16 17:00:00,122.14093414762444
09-16 18:00:00,126.9222848789989
09-16 19:00:00,139.42649417481107
09-16 20:00:00,152.28591197391813
09-16 21:00:00,171.92478563043628
09-16 22:00:00,173.29916609454537
09-16 23:00:00,181.48165201215545
09-17 00:00:00,195.3269271159794
09-17 01:00:00,203.04592751395242
09-17 02:00:00,219.72735516489413
09-17 03:00:00,228.73787528598115
09-17 04:00:00,225.819374117839
09-17 05:00:00,233.70722213944043
09-17 06:00:00,241.26357735055976
09-17 07:00:00,203.40734675149565
09-17 08:00:00,164.59806104786207
09-17 09:00:00,128.6322767666068
09-17 10:00:00,106.84380964948781
09-17 11:00:00,73.63955714927116
09-17 12:00:00,51.144203600543136
09-17 13:00:00,33.695961721972466
09-17 14:00:00,18.535394740358676
09-17 15:00:00,23.66214577965356
09-17 16:00:00,44.05844014928549
09-17 17:00:00,97.47772074049851
09-17 18:00:00,121.01838929095375
09-17 19:00:00,142.39368176235297
09-17 20:00:00,167.13764357856775
09-17 21:00:00,181.21696722376447
09-17 22:00:00,211.54441350949713
09-17 23:00:00,235.32798950693126
09-18 00:00:00,255.35264397766028
09-18 01:00:00,277.7684186751554
09-18 02:00:00,298.6430792960719
09-18 03:00:00,317.3135448181558
09-18 04:00:00,329.2092029970348
09-18 05:00:00,349.00903822440813
09-18 06:00:00,347.07925151154353
09-18 07:00:00,297.20334934890553
09-18 08:00:00,248.32658557821952
09-18 09:00:00,208.29165145917034
09-18 10:00:00,146.1240907428069
09-18 11:00:00,85.9546618462691
09-18 12:00:00,29.10564900321754
09-18 13:00:00,11.08314527793226
09-18 14:00:00,12.80952473594116
09-18 15:00:00,20.425186328443257
09-18 16:00:00,33.39682101760267
09-18 17:00:00,96.55808941262673
09-18 18:00:00,124.95780027383269
09-18 19:00:00,160.14469137235665
09-18 20:00:00,169.2586320735128
09-18 21:00:00,184.53887739214412
09-18 22:00:00,241.38556141506214
09-18 23:00:00,267.57703800517754
09-19 00:00:00,280.3307214834782
09-19 01:00:00,284.337420313356
09-19 02:00:00,302.4430511184985
09-19 03:00:00,315.0687337058355
09-19 04:00:00,327.3693617951478
09-19 05:00:00,331.4414307904077
09-19 06:00:00,312.7976693476001
09-19 07:00:00,298.5099781094326
09-19 08:00:00,286.3353092126459
09-19 09:00:00,299.32149956517
09-19 10:00:00,292.32247511954955
09-19 11:00:00,288.68508799819506
09-19 12:00:00,302.57662365447214
09-19 13:00:00,321.18886538751053
09-19 14:00:00,341.85146309928774
09-19 15:00:00,347.4021240353846
09-19 16:00:00,356.4691283432983
09-19 17:00:00,385.02086873212835
09-19 18:00:00,397.74471411039474
09-19 19:00:00,397.9812465878325
09-19 20:00:00,393.1051584423451
09-19 21:00:00,396.42141023896477
09-19 22:00:00,399.63442741783035
09-19 23:00:00,395.0860613754095
09-20 00:00:00,394.58087621852036
09-20 01:00:00,394.0783552394781
09-20 02:00:00,397.1709111322885
09-20 03:00:00,393.2249723676506
09-20 04:00:00,389.1251077676461
09-20 05:00:00,388.46034080850455
09-20 06:00:00,387.53920882350127
09-20 07:00:00,376.6782117557298
09-20 08:00:00,354.4675919322094
09-20 09:00:00,318.5259489747024
09-20 10:00:00,273.86839631081233
09-20 11:00:00,245.76780092796915
09-20 12:00:00,207.3679174486932
09-20 13:00:00,191.7808005058876
09-20 14:00:00,191.58599276215438
09-20 15:00:00,201.75812861284936
09-20 16:00:00,216.05232836562158
09-20 17:00:00,237.70599673294404
09-20 18:00:00,260.7645041608689
09-20 19:00:00,272.1716473259791
09-20 20:00:00,271.5206135053632
09-20 21:00:00,279.8250002941463
09-20 22:00:00,292.8229867994137
09-20 23:00:00,290.95996896770095
09-21 00:00:00,297.5570656632169
09-21 01:00:00,304.12529776054794
09-21 02:00:00,305.941400045375
09-21 03:00:00,307.01528749153584
09-21 04:00:00,330.56364699205665
09-21 05:00:00,340.9296264503016
09-21 06:00:00,362.3428241262075
09-21 07:00:00,346.2995934781912
09-21 08:00:00,276.07827685394216
09-21 09:00:00,211.88008822100156
09-21 10:00:00,163.86250466065235
09-21 11:00:00,125.36638851579411
09-21 12:00:00,101.96069810231867
09-21 13:00:00,76.27254225091343
09-21 14:00:00,82.61517571567903
09-21 15:00:00,91.32643652336405
09-21 16:00:00,107.49062408132511
09-21 17:00:00,161.31854771012073
09-21 18:00:00,200.80961551780652
09-21 19:00:00,205.28102118809824
09-21 20:00:00,223.64225028324879
09-21 21:00:00,254.16967263708975
09-21 22:00:00,293.6197823519543
09-21 23:00:00,326.393877879508
09-22 00:00:00,375.2595622005288
09-22 01:00:00,398.84225347339583
09-22 02:00:00,424.7877557340765
09-22 03:00:00,438.39892551765234
09-22 04:00:00,448.32429409167753
09-22 05:00:00,457.1393871387215
09-22 06:00:00,443.09678023565476
09-22 07:00:00,412.76770592244526
09-22 08:00:00,376.9927921100074
09-22 09:00:00,320.60087506414396
09-22 10:00:00,267.81698883613694
09-22 11:00:00,225.97236174801955
09-22 12:00:00,194.04783908056226
09-22 13:00:00,163.63743505420175
09-22 14:00:00,138.73251319458637
09-22 15:00:00,135.37546399809196
09-22 16:00:00,153.13377713669811
09-22 17:00:00,190.81442725017124
09-22 18:00:00,207.02363042123054
09-22 19:00:00,256.0947172964251
09-22 20:00:00,295.5302478616453
09-22 21:00:00,342.4850108369124
09-22 22:00:00,360.5449863198657
09-22 23:00:00,393.42487986844213
09-23 00:00:00,405.9289358684995
09-23 01:00:00,426.30415761175425
09-23 02:00:00,436.1352127235442
09-23 03:00:00,462.5492864107686
09-23 04:00:00,461.2739589879185
09-23 05:00:00,440.7103595452787
09-23 06:00:00,418.83024050329806
09-23 07:00:00,409.77168393745626
09-23 08:00:00,335.5865722553767
09-23 09:00:00,269.1358914366055
09-23 10:00:00,241.22399828855333
09-23 11:00:00,215.6685418678922
09-23 12:00:00,166.04740873022928
09-23 13:00:00,123.14028987739371
09-23 14:00:00,91.90650159403346
09-23 15:00:00,72.29494397141916
09-23 16:00:00,93.68462008675111
09-23 17:00:00,127.76100598961366
09-23 18:00:00,157.1657123350257
09-23 19:00:00,176.642621018224
09-23 20:00:00,229.36611206549088
09-23 21:00:00,254.33162801527712
09-23 22:00:00,276.29372494594156
09-23 23:00:00,288.4473049597801
09-24 00:00:00,310.23745251555204
09-24 01:00:00,333.390374784655
09-24 02:00:00,338.58570408227143
09-24 03:00:00,345.107530909579
09-24 04:00:00,346.77271827047855
09-24 05:00:00,354.3919718729791
09-24 06:00:00,344.16276820854216
09-24 07:00:00,336.53493894092054
09-24 08:00:00,262.69010660271476
09-24 09:00:00,169.06914503333186
09-24 10:00:00,91.69089219486253
09-24 11:00:00,34.19491533080627
09-24 12:00:00,4.221615410607637
09-24 13:00:00,3.6186282738830258
09-24 14:00:00,3.6840433645395385
09-24 15:00:00,5.2746558736019065
09-24 16:00:00,21.94860995424045
09-24 17:00:00,51.821723591767324
09-24 18:00:00,81.61673511709479
09-24 19:00:00,126.3164664610839
09-24 20:00:00,191.22184346292457
09-24 21:00:00,208.03489060785327
09-24 22:00:00,225.67509813632913
09-24 23:00:00,258.09514909381994
09-25 00:00:00,257.9792784131942
09-25 01:00:00,258.4831818512561
09-25 02:00:00,285.0417349936822
09-25 03:00:00,303.60252511861586
09-25 04:00:00,306.00734672382345
09-25 05:00:00,308.53150729737405
09-25 06:00:00,317.9491847938264
09-25 07:00:00,274.7163299097743
09-25 08:00:00,198.57352622191738
09-25 09:00:00,123.86438670310372
09-25 10:00:00,61.22012500724962
09-25 11:00:00,32.03011599759857
09-25 12:00:00,2.4147255337315947
09-25 13:00:00,1.8099299895043646
09-25 14:00:00,2.1704777289704364
09-25 15:00:00,3.2219517595959806
09-25 16:00:00,4.019178409289595
09-25 17:00:00,20.75562841608353
09-25 18:00:00,44.88613242305924
09-25 19:00:00,52.14525977619786
09-25 20:00:00,62.125871027489275
09-25 21:00:00,72.45267381948787
09-25 22:00:00,92.44890382538738
09-25 23:00:00,101.71164329663118
09-26 00:00:00,95.49755765815392
09-26 01:00:00,103.24957611931907
09-26 02:00:00,123.90332465871323
09-26 03:00:00,153.94527164515978
09-26 04:00:00,184.20337270831527
09-26 05:00:00,195.76213055695698
09-26 06:00:00,196.65732098325114
09-26 07:00:00,159.0539116979986
09-26 08:00:00,100.92223649465681
09-26 09:00:00,80.76870084182794
09-26 10:00:00,69.17373337167298
09-26 11:00:00,50.64917883768289
09-26 12:00:00,71.12573791045547
09-26 13:00:00,59.87806489109644
09-26 14:00:00,25.048164773239204
09-26 15:00:00,29.46111890284662
09-26 16:00:00,63.49071639777453
09-26 17:00:00,88.33258307751656
09-26 18:00:00,99.12464586791043
09-26 19:00:00,128.62669560930277
09-26 20:00:00,168.77818470629333
09-26 21:00:00,228.63076425733232
09-26 22:00:00,221.64863776241322
09-26 23:00:00,258.20575631685296
09-27 00:00:00,272.4894774775065
09-27 01:00:00,268.6031290800624
09-27 02:00:00,258.5428159367744
09-27 03:00:00,252.87863678309373
09-27 04:00:00,253.38775732651916
09-27 05:00:00,271.1223739185668
09-27 06:00:00,279.41401762450306
09-27 07:00:00,254.56637472536042
09-27 08:00:00,188.6578489508254
09-27 09:00:00,114.07826505513913
09-27 10:00:00,65.82771922349184
09-27 11:00:00,29.17055036059389
09-27 12:00:00,10.04962522211148
09-27 13:00:00,6.334711176971717
09-27 14:00:00,13.64636202216943
09-27 15:00:00,15.239785348596705
09-27 16:00:00,17.865151216787382
09-27 17:00:00,44.35835465344937
09-27 18:00:00,65.71377578279989
09-27 19:00:00,111.73090675498081
09-27 20:00:00,145.77170765556883
09-27 21:00:00,149.0749811583191
09-27 22:00:00,170.05777313916334
09-27 23:00:00,170.05879247434535
09-28 00:00:00,188.41994802247672
09-28 01:00:00,176.59641152159546
09-28 02:00:00,182.48621492680314
09-28 03:00:00,241.51659227217726
09-28 04:00:00,259.71978885191436
09-28 05:00:00,269.1027043769561
09-28 06:00:00,278.01669307940745
09-28 07:00:00,283.06135116053764
09-28 08:00:00,268.6656460756961
09-28 09:00:00,252.4000638191086
09-28 10:00:00,230.61948591463027
09-28 11:00:00,214.47355601455928
09-28 12:00:00,194.42956808532597
09-28 13:00:00,177.40987523471816
09-28 14:00:00,162.4870181629328
09-28 15:00:00,161.35839857404935
09-28 16:00:00,172.09178020740762
09-28 17:00:00,194.07787079025633
09-28 18:00:00,202.52369575429938
09-28 19:00:00,206.74743705469996
09-28 20:00:00,213.9051431466418
09-28 21:00:00,221.44327632440243
09-28 22:00:00,242.1587150954704
09-28 23:00:00,256.8566727538035
09-29 00:00:00,236.7938282905855
09-29 01:00:00,237.01816846977965
09-29 02:00:00,249.85184187300152
09-29 03:00:00,257.563636567921
09-29 04:00:00,276.73811543077403
09-29 05:00:00,276.76006752029514
09-29 06:00:00,284.08332146232414
09-29 07:00:00,289.329021345494
09-29 08:00:00,275.52664130513335
09-29 09:00:00,232.61469363289544
09-29 10:00:00,167.38321736923302
09-29 11:00:00,137.66879800242532
09-29 12:00:00,118.6287777896497
09-29 13:00:00,124.93981331942246
09-29 14:00:00,86.83037136501949
09-29 15:00:00,101.96812635618689
09-29 16:00:00,167.07244763492287
09-29 17:00:00,211.08820395636278
09-29 18:00:00,255.3467465054779
09-29 19:00:00,324.81613281007446
09-29 20:00:00,348.69572646829135
09-29 21:00:00,372.90993381793544
09-29 22:00:00,376.25333494181626
09-29 23:00:00,397.43128987364605
09-30 00:00:00,411.9759528471678
09-30 01:00:00,441.23617456938007
09-30 02:00:00,439.9289746582883
09-30 03:00:00,441.6236043387661
09-30 04:00:00,432.34714637616014
09-30 05:00:00,449.16198125969663
09-30 06:00:00,458.5088547568905
09-30 07:00:00,456.7746941111428
09-30 08:00:00,390.96908786717415
09-30 09:00:00,328.7706887091824
09-30 10:00:00,269.57519084253914
09-30 11:00:00,241.33324028519235
09-30 12:00:00,203.95232559400657
09-30 13:00:00,179.6933020591721
09-30 14:00:00,171.50841272181165
09-30 15:00:00,182.40241194425508
09-30 16:00:00,248.95221292246623
09-30 17:00:00,280.85461222083444
09-30 18:00:00,315.3943250076834
09-30 19:00:00,358.9615323586999
09-30 20:00:00,372.7470581879191
09-30 21:00:00,408.5575018377255
09-30 22:00:00,448.46337284465994
09-30 23:00:00,449.67953461333065
10-01 00:00:00,448.326433859506
10-01 01:00:00,474.2812343810871
10-01 02:00:00,495.4367214445067
10-01 03:00:00,497.0452261955601
10-01 04:00:00,523.4685298918965
10-01 05:00:00,534.3282636945378
10-01 06:00:00,529.4782880686448
10-01 07:00:00,471.0285317570074
10-01 08:00:00,365.3878522985082
10-01 09:00:00,298.85132027725257
10-01 10:00:00,227.51945817884481
10-01 11:00:00,172.185074343756
10-01 12:00:00,118.64895996091617
10-01 13:00:00,79.83650892534808
10-01 14:00:00,63.770233312050884
10-01 15:00:00,78.1122009762769
10-01 16:00:00,117.64843012663157
10-01 17:00:00,147.2216418786209
10-01 18:00:00,183.247261665124
10-01 19:00:00,255.9743725437752
10-01 20:00:00,261.64573455373204
10-01 21:00:00,267.0825341084803
10-01 22:00:00,279.2816844837634
10-01 23:00:00,279.0036487518003
10-02 00:00:00,284.72686060337367
10-02 01:00:00,287.40749165470027
10-02 02:00:00,283.1383213517553
10-02 03:00:00,272.1776064879708
10-02 04:00:00,276.4131717548292
10-02 05:00:00,300.977849478483
10-02 06:00:00,307.3733891911061
10-02 07:00:00,271.1561578036631
10-02 08:00:00,232.84383885684116
10-02 09:00:00,178.2602012604147
10-02 10:00:00,102.91643551694774
10-02 11:00:00,31.297911740548887
10-02 12:00:00,5.091121815177821
10-02 13:00:00,5.177401016688488
10-02 14:00:00,6.22520714392599
10-02 15:00:00,5.891685785707968
10-02 16:00:00,41.40456900714874
10-02 17:00:00,69.27793606097498
10-02 18:00:00,125.78105803541749
10-02 19:00:00,173.9052971220325
10-02 20:00:00,170.88688246113304
10-02 21:00:00,166.808298958556
10-02 22:00:00,147.26848790814103
10-02 23:00:00,153.33620014174062
10-03 00:00:00,149.78653807389938
10-03 01:00:00,142.88091789966822
10-03 02:00:00,215.19836351011463
10-03 03:00:00,215.19836351011463
10-03 04:00:00,224.54617397365664
10-03 05:00:00,211.79373119141187
10-03 06:00:00,225.07232089855665
10-03 07:00:00,202.7191420126097
10-03 08:00:00,148.80887909417288
10-03 09:00:00,106.96614714805251
10-03 10:00:00,43.56133282520246
10-03 11:00:00,25.039669050233428
10-03 12:00:00,4.967525285271267
10-03 13:00:00,5.389297317190546
10-03 14:00:00,5.389297317190546
10-03 15:00:00,5.460381680999106
10-03 16:00:00,11.066252606804579
10-03 17:00:00,42.80547740503046
10-03 18:00:00,99.77610112996973
10-03 19:00:00,142.16769986156385
10-03 20:00:00,156.93501207080163
10-03 21:00:00,185.17575064086063
10-03 22:00:00,269.2789047304363
10-03 23:00:00,315.5381489358154
10-04 00:00:00,334.4806963254653
10-04 01:00:00,337.0161672653699
10-04 02:00:00,334.652894422381
10-04 03:00:00,345.8283173623845
10-04 04:00:00,353.42445638240235
10-04 05:00:00,393.006024357951
10-04 06:00:00,402.50368741592126
10-04 07:00:00,404.1576638333295
10-04 08:00:00,388.14994306765936
10-04 09:00:00,378.2890050927863
10-04 10:00:00,368.1485745108389
10-04 11:00:00,353.04300319839183
10-04 12:00:00,331.8971492840643
10-04 13:00:00,289.7696228299707
10-04 14:00:00,277.34233182101167
10-04 15:00:00,268.56627885300696
10-04 16:00:00,291.4251371403247
10-04 17:00:00,301.13934229848235
10-04 18:00:00,313.63815749954637
10-04 19:00:00,305.9479258797424
10-04 20:00:00,312.7290265731584
10-04 21:00:00,312.4065647287019
10-04 22:00:00,328.72388987344976
10-04 23:00:00,338.45213183378934
10-05 00:00:00,342.90451298734354
10-05 01:00:00,343.7393801846092
10-05 02:00:00,347.0504758572774
10-05 03:00:00,353.7025375106975
10-05 04:00:00,363.0822729644854
10-05 05:00:00,369.7616666217686
10-05 06:00:00,371.8220019453193
10-05 07:00:00,359.5127967792689
10-05 08:00:00,342.6422080257155
10-05 09:00:00,319.6028849188177
10-05 10:00:00,305.68191227211435
10-05 11:00:00,290.7033210396463
10-05 12:00:00,287.8745088594781
10-05 13:00:00,288.75311536165344
10-05 14:00:00,297.1190423667962
10-05 15:00:00,282.5045149555221
10-05 16:00:00,288.45138203429576
10-05 17:00:00,302.61272952138364
10-05 18:00:00,320.6131742134302
10-05 19:00:00,319.1323894464663
10-05 20:00:00,322.69083720406513
10-05 21:00:00,331.58746795123795
10-05 22:00:00,387.0539293757116
10-05 23:00:00,377.11460177045603
10-06 00:00:00,375.0470490588649
10-06 01:00:00,385.0143559756102
10-06 02:00:00,401.6963129261342
10-06 03:00:00,427.2786022216308
10-06 04:00:00,428.1102640085835
10-06 05:00:00,425.3588403279874
10-06 06:00:00,441.9219858491575
10-06 07:00:00,455.22725945977413
10-06 08:00:00,483.8970433913416
10-06 09:00:00,451.07273742643775
10-06 10:00:00,404.5815241939884
10-06 11:00:00,342.25245139976283
10-06 12:00:00,410.8413531442468
10-06 13:00:00,373.6363632324008
10-06 14:00:00,446.6090816309998
10-06 15:00:00,424.29373087069047
10-06 16:00:00,451.470157338274
10-06 17:00:00,456.16170456454165
10-06 18:00:00,462.7304939798611
10-06 19:00:00,463.18432818109966
10-06 20:00:00,475.4333212105263
10-06 21:00:00,479.74167141300416
10-06 22:00:00,486.3774514670294
10-06 23:00:00,499.4264142354821
10-07 00:00:00,524.2185193369263
10-07 01:00:00,515.6299932444442
10-07 02:00:00,514.1557809357798
10-07 03:00:00,506.43764952176184
10-07 04:00:00,510.990480098457
10-07 05:00:00,510.6304585305884
10-07 06:00:00,519.3007436093372
10-07 07:00:00,506.18724916598427
10-07 08:00:00,454.7611208110697
10-07 09:00:00,435.76199974750375
10-07 10:00:00,401.7266019337486
10-07 11:00:00,373.3876555038764
10-07 12:00:00,358.12595453325844
10-07 13:00:00,341.595787131559
10-07 14:00:00,316.6841782821072
10-07 15:00:00,337.9179812902486
10-07 16:00:00,360.9151133240204
10-07 17:00:00,364.00024996977623
10-07 18:00:00,370.51691210028343
10-07 19:00:00,377.16268156581754
10-07 20:00:00,402.38933808990436
10-07 21:00:00,456.23943049311833
10-07 22:00:00,470.9936614562515
10-07 23:00:00,489.9249961489369
10-08 00:00:00,512.7640165624244
10-08 01:00:00,531.9296428317051
10-08 02:00:00,533.8959227647109
10-08 03:00:00,548.852863413996
10-08 04:00:00,565.9691870441126
10-08 05:00:00,551.7244088701041
10-08 06:00:00,545.6266457604917
10-08 07:00:00,529.5300903294204
10-08 08:00:00,462.1296325141874
10-08 09:00:00,408.97409014395674
10-08 10:00:00,358.8738472216455
10-08 11:00:00,313.8751658993083
10-08 12:00:00,278.9436786670676
10-08 13:00:00,244.40830122319505
10-08 14:00:00,224.3198051565959
10-08 15:00:00,252.34398092380934
10-08 16:00:00,263.9823066553453
10-08 17:00:00,272.340422880873
10-08 18:00:00,266.2125520625731
10-08 19:00:00,286.5645819501995
10-08 20:00:00,332.8101007007443
10-08 21:00:00,360.1105695742573
10-08 22:00:00,371.0870095267807
10-08 23:00:00,394.5255085337362
10-09 00:00:00,436.5469681508782
10-09 01:00:00,475.0212672184187
10-09 02:00:00,480.40362614534536
10-09 03:00:00,472.5681924567236
10-09 04:00:00,463.8226769909942
10-09 05:00:00,461.49621227415554
10-09 06:00:00,453.7679685106691
10-09 07:00:00,444.06960353458373
10-09 08:00:00,425.42699754857256
10-09 09:00:00,419.7832380245742
10-09 10:00:00,409.43429942214374
10-09 11:00:00,391.96971549819324
10-09 12:00:00,381.8732140899808
10-09 13:00:00,363.2280767488561
10-09 14:00:00,349.784640456855
10-09 15:00:00,329.0738712642353
10-09 16:00:00,343.2528552693447
10-09 17:00:00,362.3549732379013
10-09 18:00:00,399.83054754352736
10-09 19:00:00,420.35518934807754
10-09 20:00:00,438.6449957369933
10-09 21:00:00,478.1155899630711
10-09 22:00:00,520.5937006720085
10-09 23:00:00,568.1828879771695
10-10 00:00:00,589.5912369007023
10-10 01:00:00,608.3488706514682
10-10 02:00:00,612.5606250134597
10-10 03:00:00,598.6233768592442
10-10 04:00:00,586.6896865519298
10-10 05:00:00,580.7901175257139
10-10 06:00:00,581.7778693170841
10-10 07:00:00,584.614484933034
10-10 08:00:00,559.6005100013922
10-10 09:00:00,534.4070671892295
10-10 10:00:00,500.6355495535157
10-10 11:00:00,472.8003414841865
10-10 12:00:00,453.89088546061356
10-10 13:00:00,431.49027338950583
10-10 14:00:00,401.01527915672
10-10 15:00:00,401.8715777741618
10-10 16:00:00,467.5812158067094
10-10 17:00:00,508.5710013158329
10-10 18:00:00,536.2636410201436
10-10 19:00:00,576.9115246707796
10-10 20:00:00,642.8153231351672
10-10 21:00:00,650.7639733730133
10-10 22:00:00,699.8231212410169
10-10 23:00:00,718.2461612526115
10-11 00:00:00,748.5419102526326
10-11 01:00:00,769.6938468634337
10-11 02:00:00,778.7718137412019
10-11 03:00:00,790.1874860862439
10-11 04:00:00,796.7676239890696
10-11 05:00:00,812.0452184996082
10-11 06:00:00,844.1157439263183
10-11 07:00:00,800.5892505071208
10-11 08:00:00,692.531630867562
10-11 09:00:00,589.2015541069256
10-11 10:00:00,534.0114572029893
10-11 11:00:00,453.00402251967984
10-11 12:00:00,418.1856489012233
10-11 13:00:00,377.06448581930596
10-11 14:00:00,355.9576544955031
10-11 15:00:00,371.27922462670824
10-11 16:00:00,415.91936010048335
10-11 17:00:00,454.87582122746824
10-11 18:00:00,462.72764173451174
10-11 19:00:00,516.7201360720605
10-11 20:00:00,520.2307076871696
10-11 21:00:00,542.6386775763257
10-11 22:00:00,545.7757616699582
10-11 23:00:00,601.8844077814737
10-12 00:00:00,638.2732535688021
10-12 01:00:00,652.3392014908401
10-12 02:00:00,676.4098882568243
10-12 03:00:00,694.3168471673271
10-12 04:00:00,680.9351532597111
10-12 05:00:00,687.5762491058011
10-12 06:00:00,682.4101544551745
10-12 07:00:00,647.6321287467938
10-12 08:00:00,601.1014223446178
10-12 09:00:00,585.6614324831085
10-12 10:00:00,536.8445078277858
10-12 11:00:00,489.32303715323286
10-12 12:00:00,461.48333820557974
10-12 13:00:00,438.2355282148583
10-12 14:00:00,427.91940831528626
10-12 15:00:00,418.557182383436
10-12 16:00:00,440.4791019094817
10-12 17:00:00,469.00371755252314
10-12 18:00:00,487.2757485248331
10-12 19:00:00,505.79900496939416
10-12 20:00:00,505.98045253365217
10-12 21:00:00,514.3851954978264
10-12 22:00:00,524.1089353310182
10-12 23:00:00,532.2810295233979
10-13 00:00:00,539.4549008828178
10-13 01:00:00,538.8241586746184
10-13 02:00:00,548.2645602187092
10-13 03:00:00,556.6111987887141
10-13 04:00:00,558.927049611489
10-13 05:00:00,567.5240893263657
10-13 06:00:00,564.5636048184952
10-13 07:00:00,575.0654063884928
10-13 08:00:00,560.65914185823
10-13 09:00:00,522.7195127142244
10-13 10:00:00,482.7236886081593
10-13 11:00:00,465.11503499576236
10-13 12:00:00,409.3115437180458
10-13 13:00:00,377.43784548830416
10-13 14:00:00,386.79514652349457
10-13 15:00:00,416.5802342604162
10-13 16:00:00,459.4305674079217
10-13 17:00:00,501.4606856327707
10-13 18:00:00,559.4988083572206
10-13 19:00:00,581.0049193669247
10-13 20:00:00,661.478389437722
10-13 21:00:00,666.5972275608093
10-13 22:00:00,717.4189634571168
10-13 23:00:00,737.2063764543288
10-14 00:00:00,745.3675440906659
10-14 01:00:00,796.5320264065333
10-14 02:00:00,811.6280091081358
10-14 03:00:00,815.4460611755349
10-14 04:00:00,818.2241060441999
10-14 05:00:00,833.9955777646101
10-14 06:00:00,844.6197185892622
10-14 07:00:00,810.3306453290825
10-14 08:00:00,711.6030651130454
10-14 09:00:00,614.7852465819817
10-14 10:00:00,510.6831821239835
10-14 11:00:00,431.83919510570007
10-14 12:00:00,370.3067137641521
10-14 13:00:00,339.6763280866348
10-14 14:00:00,324.21544327558496
10-14 15:00:00,374.4614190170205
10-14 16:00:00,417.01451571584687
10-14 17:00:00,445.84289931097624
10-14 18:00:00,498.84178665150284
10-14 19:00:00,556.4289782835231
10-14 20:00:00,606.1243789132374
10-14 21:00:00,629.9760101858702
10-14 22:00:00,635.4646913266214
10-14 23:00:00,662.6026871744851
10-15 00:00:00,680.7796031783715
10-15 01:00:00,675.1339846905598
10-15 02:00:00,713.8404265060116
10-15 03:00:00,742.7086097450076
10-15 04:00:00,721.235218684126
10-15 05:00:00,782.5691502464584
10-15 06:00:00,765.4153203733769
10-15 07:00:00,740.7344049328185
10-15 08:00:00,615.9264215497828
10-15 09:00:00,530.0459896000984
10-15 10:00:00,424.9622129799058
10-15 11:00:00,337.6257552950868
10-15 12:00:00,275.6727032062563
10-15 13:00:00,250.02719936826026
10-15 14:00:00,249.06285893135995
10-15 15:00:00,266.58683392195087
10-15 16:00:00,321.12387465120474
10-15 17:00:00,355.29846932773495
10-15 18:00:00,359.5587272137453
10-15 19:00:00,436.98461497788634
10-15 20:00:00,454.0453396510651
10-15 21:00:00,464.42682033416986
10-15 22:00:00,508.14690478051136
10-15 23:00:00,540.766145908464
10-16 00:00:00,566.3056136920845
10-16 01:00:00,589.704676683381
10-16 02:00:00,619.9911260486416
10-16 03:00:00,639.5595070474914
10-16 04:00:00,650.1732683201215
10-16 05:00:00,659.7236793892688
10-16 06:00:00,685.8037061974333
10-16 07:00:00,654.2597074965364
10-16 08:00:00,567.4109805724446
10-16 09:00:00,527.2281493936523
10-16 10:00:00,449.15431099586937
10-16 11:00:00,381.66107681424285
10-16 12:00:00,354.18606836288546
10-16 13:00:00,327.3272335358417
10-16 14:00:00,305.96123374062245
10-16 15:00:00,325.94571473650103
10-16 16:00:00,389.62596137411197
10-16 17:00:00,409.13898639780416
10-16 18:00:00,426.0852906029547
10-16 19:00:00,455.71078643695574
10-16 20:00:00,501.15327835883716
10-16 21:00:00,541.338765553539
10-16 22:00:00,569.3722576259072
10-16 23:00:00,565.2350575323179
10-17 00:00:00,577.1544010666156
10-17 01:00:00,600.2628553979501
10-17 02:00:00,623.2983107637007
10-17 03:00:00,640.4864475932673
10-17 04:00:00,645.677872522956
10-17 05:00:00,663.8967355119099
10-17 06:00:00,699.6831147814917
10-17 07:00:00,685.240820142403
10-17 08:00:00,618.0134154615146
10-17 09:00:00,523.1124667807301
10-17 10:00:00,456.3794481377533
10-17 11:00:00,369.9772903072546
10-17 12:00:00,311.9149461548649
10-17 13:00:00,278.47527472382495
10-17 14:00:00,272.85926799538237
10-17 15:00:00,289.81371416559733
10-17 16:00:00,326.93534324398297
10-17 17:00:00,368.86874170567626
10-17 18:00:00,414.4627907170669
10-17 19:00:00,465.8431623751252
10-17 20:00:00,492.8922869749648
10-17 21:00:00,518.293191883535
10-17 22:00:00,548.6201052819248
10-17 23:00:00,560.5006252688744
10-18 00:00:00,570.9862422094543
10-18 01:00:00,571.4865486954563
10-18 02:00:00,577.8560875012053
10-18 03:00:00,587.9824206900693
10-18 04:00:00,588.6003647275215
10-18 05:00:00,602.3207073534101
10-18 06:00:00,616.1270178082173
10-18 07:00:00,609.4716460794688
10-18 08:00:00,513.9698798705324
10-18 09:00:00,411.82124258256084
10-18 10:00:00,339.6231345415849
10-18 11:00:00,262.2883448047
10-18 12:00:00,214.71508053482194
10-18 13:00:00,196.3481329270375
10-18 14:00:00,196.33024084025834
10-18 15:00:00,209.6104000845999
10-18 16:00:00,258.02721032255795
10-18 17:00:00,303.5406646553074
10-18 18:00:00,383.75088892045505
10-18 19:00:00,412.3549286353273
10-18 20:00:00,439.39276830434284
10-18 21:00:00,439.706990281904
10-18 22:00:00,472.25859840839024
10-18 23:00:00,485.6312592383541
10-19 00:00:00,520.3147984808172
10-19 01:00:00,525.935435446853
10-19 02:00:00,522.3094716869248
10-19 03:00:00,508.86485428181004
10-19 04:00:00,493.5727657351406
10-19 05:00:00,482.0533412362599
10-19 06:00:00,474.93436410283743
10-19 07:00:00,466.66815324394366
10-19 08:00:00,436.32373469679
10-19 09:00:00,387.73902106397753
10-19 10:00:00,312.0830551500819
10-19 11:00:00,265.6653162730268
10-19 12:00:00,220.52133399405244
10-19 13:00:00,180.02296672698358
10-19 14:00:00,175.5038921820148
10-19 15:00:00,178.90351583984352
10-19 16:00:00,199.53083867605676
10-19 17:00:00,242.15149053758614
10-19 18:00:00,277.38158090006795
10-19 19:00:00,297.40338833164094
10-19 20:00:00,293.26300046055474
10-19 21:00:00,357.4773344238652
10-19 22:00:00,363.22242849823056
10-19 23:00:00,382.0812237559782
10-20 00:00:00,394.21079785723344
10-20 01:00:00,421.3075244217492
10-20 02:00:00,429.9898342009219
10-20 03:00:00,454.1181442116481
10-20 04:00:00,479.30013719142084
10-20 05:00:00,477.90678805052835
10-20 06:00:00,480.28101223084116
10-20 07:00:00,433.12651867106956
10-20 08:00:00,388.066009515055
10-20 09:00:00,286.5172314424438
10-20 10:00:00,193.46876573493253
10-20 11:00:00,137.8441599324375
10-20 12:00:00,122.66180376698425
10-20 13:00:00,102.17892945493027
10-20 14:00:00,118.15003135981426
10-20 15:00:00,142.9597933127314
10-20 16:00:00,163.3221867578397
10-20 17:00:00,212.00397500444208
10-20 18:00:00,278.0160138721073
10-20 19:00:00,287.4419354654765
10-20 20:00:00,310.53290743875044
10-20 21:00:00,315.65433687226437
10-20 22:00:00,303.4910969632816
10-20 23:00:00,303.77368360554004
10-21 00:00:00,281.08529078167436
10-21 01:00:00,231.93899076377957
10-21 02:00:00,257.32756281859656
10-21 03:00:00,228.79772140966267
10-21 04:00:00,259.88120818948806
10-21 05:00:00,302.68533043662023
10-21 06:00:00,324.0914986416605
10-21 07:00:00,347.87330290815765
10-21 08:00:00,326.1225293193407
10-21 09:00:00,345.2108117252552
10-21 10:00:00,323.3377227302383
10-21 11:00:00,289.63846855665156
10-21 12:00:00,252.44968104447634
10-21 13:00:00,245.41360065886644
10-21 14:00:00,218.2899958688202
10-21 15:00:00,229.84537730948716
10-21 16:00:00,309.80258237656614
10-21 17:00:00,351.5212867143406
10-21 18:00:00,390.0910680812805
10-21 19:00:00,407.5656426904164
10-21 20:00:00,427.29201870929603
10-21 21:00:00,429.6602257675617
10-21 22:00:00,449.3217697713969
10-21 23:00:00,469.2006965153379
10-22 00:00:00,413.1107071731479
10-22 01:00:00,461.0769038061009
10-22 02:00:00,489.2053646318547
10-22 03:00:00,486.4406398749662
10-22 04:00:00,474.40283175295843
10-22 05:00:00,493.98242072778123
10-22 06:00:00,489.26239098626337
10-22 07:00:00,469.09702728185556
10-22 08:00:00,455.88144499550214
10-22 09:00:00,453.12986956586724
10-22 10:00:00,511.38509301490666
10-22 11:00:00,534.3958130508147
10-22 12:00:00,537.7515352505136
10-22 13:00:00,542.9493469390655
10-22 14:00:00,524.4388993776449
10-22 15:00:00,518.7111789425333
10-22 16:00:00,527.4694931116837
10-22 17:00:00,541.9882579723311
10-22 18:00:00,591.0781926308485
10-22 19:00:00,601.7234598574937
10-22 20:00:00,588.7114750393263
10-22 21:00:00,584.6201053410014
10-22 22:00:00,589.4114025179318
10-22 23:00:00,622.9404102343977
10-23 00:00:00,627.7522287640641
10-23 01:00:00,627.7896380286841
10-23 02:00:00,668.4740381835976
10-23 03:00:00,667.8988618280687
10-23 04:00:00,735.8480300780319
10-23 05:00:00,764.7335332567769
10-23 06:00:00,744.7695035922463
10-23 07:00:00,742.7680974132574
10-23 08:00:00,675.0508160489728
10-23 09:00:00,597.4400203491942
10-23 10:00:00,511.84528957184006
10-23 11:00:00,439.515712365521
10-23 12:00:00,397.2975106149898
10-23 13:00:00,366.79916504612504
10-23 14:00:00,374.09221223347816
10-23 15:00:00,420.031456359776
10-23 16:00:00,459.9521585787391
10-23 17:00:00,502.3939319190781
10-23 18:00:00,544.6853141998064
10-23 19:00:00,568.702029717993
10-23 20:00:00,622.4902580460847
10-23 21:00:00,660.4418236770797
10-23 22:00:00,691.9020475987035
10-23 23:00:00,716.0649530261513
10-24 00:00:00,731.8325938030326
10-24 01:00:00,759.2977497007306
10-24 02:00:00,772.0374746832733
10-24 03:00:00,771.1703047545487
10-24 04:00:00,789.4417662198039
10-24 05:00:00,815.0453839181371
10-24 06:00:00,822.4633487444762
10-24 07:00:00,807.4171557645715
10-24 08:00:00,744.5435640912635
10-24 09:00:00,609.6181977412175
10-24 10:00:00,518.9143375045013
10-24 11:00:00,465.60626031080096
10-24 12:00:00,387.0642816282705
10-24 13:00:00,339.1724268581639
10-24 14:00:00,332.90837424123833
10-24 15:00:00,375.76939837687
10-24 16:00:00,424.4022326038823
10-24 17:00:00,453.2972323665639
10-24 18:00:00,495.0446101353795
10-24 19:00:00,550.1880690359507
10-24 20:00:00,572.1105573399698
10-24 21:00:00,611.590646384177
10-24 22:00:00,605.0771385863085
10-24 23:00:00,601.650396722063
10-25 00:00:00,605.9370410266997
10-25 01:00:00,600.5175215924394
10-25 02:00:00,609.9200716155426
10-25 03:00:00,622.5927318374623
10-25 04:00:00,624.3578865464551
10-25 05:00:00,635.3514805410359
10-25 06:00:00,661.7436820671093
10-25 07:00:00,660.6222941286607
10-25 08:00:00,612.0208026433421
10-25 09:00:00,522.7717344312158
10-25 10:00:00,454.2713539454345
10-25 11:00:00,415.3984448259209
10-25 12:00:00,376.40743514477475
10-25 13:00:00,320.7089841595103
10-25 14:00:00,289.2634970574865
10-25 15:00:00,294.9157172544687
10-25 16:00:00,326.37293244437706
10-25 17:00:00,383.0233650395684
10-25 18:00:00,461.9675645661573
10-25 19:00:00,500.42943147469725
10-25 20:00:00,517.7928731241365
10-25 21:00:00,549.7623185056538
10-25 22:00:00,563.5660535808992
10-25 23:00:00,586.1542963326
10-26 00:00:00,602.5207647499368
10-26 01:00:00,600.8749665932935
10-26 02:00:00,592.132278049539
10-26 03:00:00,558.0757135181633
10-26 04:00:00,546.1306532124412
10-26 05:00:00,564.756101248221
10-26 06:00:00,566.8788888994115
10-26 07:00:00,581.4464890106527
10-26 08:00:00,570.4414151718995
10-26 09:00:00,535.9021612787184
10-26 10:00:00,463.0691363792293
10-26 11:00:00,417.0247322758233
10-26 12:00:00,377.571525977783
10-26 13:00:00,340.85468913742494
10-26 14:00:00,299.1183839873421
10-26 15:00:00,310.1596665409732
10-26 16:00:00,339.957725179917
10-26 17:00:00,372.1083070472672
10-26 18:00:00,393.32368871186287
10-26 19:00:00,430.15311533828725
10-26 20:00:00,484.62265971776594
10-26 21:00:00,495.87171472484243
10-26 22:00:00,542.98199532191
10-26 23:00:00,556.1793398761087
10-27 00:00:00,578.3659600655047
10-27 01:00:00,592.3591646170387
10-27 02:00:00,589.7918629873786
10-27 03:00:00,624.0772648060099
10-27 04:00:00,623.3592203760364
10-27 05:00:00,630.7259267531647
10-27 06:00:00,673.7104621798678
10-27 07:00:00,651.087898493926
10-27 08:00:00,618.0634601405384
10-27 09:00:00,556.8238208713791
10-27 10:00:00,469.1177236415021
10-27 11:00:00,410.7062032213517
10-27 12:00:00,386.6472005636729
10-27 13:00:00,385.1884036321593
10-27 14:00:00,374.4835322426131
10-27 15:00:00,413.5861217771078
10-27 16:00:00,458.9155785590078
10-27 17:00:00,471.5902659660147
10-27 18:00:00,499.4746707328416
10-27 19:00:00,540.7421214826614
10-27 20:00:00,574.231660920625
10-27 21:00:00,608.4384473284952
10-27 22:00:00,630.8984393268728
10-27 23:00:00,641.080589238409
10-28 00:00:00,638.8033419626446
10-28 01:00:00,654.3175314829872
10-28 02:00:00,695.1186989302855
10-28 03:00:00,727.3111546669573
10-28 04:00:00,730.4315506935291
10-28 05:00:00,768.3438284126762
10-28 06:00:00,792.2775004413735
10-28 07:00:00,777.1951828569653
10-28 08:00:00,700.7230004823994
10-28 09:00:00,630.6913590705664
10-28 10:00:00,573.5257784545687
10-28 11:00:00,482.70573952180683
10-28 12:00:00,388.41406881197776
10-28 13:00:00,338.58692325181147
10-28 14:00:00,319.09620031523525
10-28 15:00:00,345.2664107343336
10-28 16:00:00,371.85677764097375
10-28 17:00:00,433.31066875931435
10-28 18:00:00,487.92068466142496
10-28 19:00:00,527.1457139081949
10-28 20:00:00,555.5725866774528
10-28 21:00:00,583.3115834777652
10-28 22:00:00,600.7490714271626
10-28 23:00:00,629.6477140222006
10-29 00:00:00,652.7624308793314
10-29 01:00:00,668.2179092768656
10-29 02:00:00,688.0280333242061
10-29 03:00:00,721.8375974993476
10-29 04:00:00,685.513068724493
10-29 05:00:00,722.9883662821808
10-29 06:00:00,742.3857393568538
10-29 07:00:00,730.373227072609
10-29 08:00:00,675.5233613204209
10-29 09:00:00,568.9298451197769
10-29 10:00:00,533.3391653017884
10-29 11:00:00,515.7960065290179
10-29 12:00:00,498.57920790944877
10-29 13:00:00,477.9513748446498
10-29 14:00:00,450.9150866486884
10-29 15:00:00,416.28151843488814
10-29 16:00:00,446.97930607736794
10-29 17:00:00,496.497709567061
10-29 18:00:00,503.99933190950827
10-29 19:00:00,539.7848800227943
10-29 20:00:00,567.2067048995762
10-29 21:00:00,606.8518094421363
10-29 22:00:00,628.0371571326817
10-29 23:00:00,627.7429654846101
10-30 00:00:00,644.4017784173019
10-30 01:00:00,677.5106896541904
10-30 02:00:00,673.2281371314202
10-30 03:00:00,699.6034844765686
10-30 04:00:00,708.9531771500783
10-30 05:00:00,714.3464382758532
10-30 06:00:00,715.4847997599296
10-30 07:00:00,709.9285295894465
10-30 08:00:00,602.6391652335669
10-30 09:00:00,560.630598646972
10-30 10:00:00,560.0173227491226
10-30 11:00:00,546.5921908892836
10-30 12:00:00,527.2433250733831
10-30 13:00:00,488.75493853721156
10-30 14:00:00,431.7384856016569
10-30 15:00:00,380.8023815289007
10-30 16:00:00,409.55855219647435
10-30 17:00:00,429.77819372169216
10-30 18:00:00,438.688219079291
10-30 19:00:00,431.3549309565708
10-30 20:00:00,443.8213585445731
10-30 21:00:00,448.81913371103127
10-30 22:00:00,429.6820747539915
10-30 23:00:00,424.6129552868004
10-31 00:00:00,418.55020711330747
10-31 01:00:00,409.14220533005687
10-31 02:00:00,408.90119640608884
10-31 03:00:00,422.33258330462746
10-31 04:00:00,454.03531424363547
10-31 05:00:00,473.9654068395201
10-31 06:00:00,505.6651266407979
10-31 07:00:00,495.03587070980706
10-31 08:00:00,425.3945045261287
10-31 09:00:00,365.9784707423761
10-31 10:00:00,300.2569277415277
10-31 11:00:00,216.45475960326618
10-31 12:00:00,180.51736180932264
10-31 13:00:00,137.49067152030628
10-31 14:00:00,146.70307200642145
10-31 15:00:00,179.47591016458517
10-31 16:00:00,238.85979931219606
10-31 17:00:00,282.59131454600794
10-31 18:00:00,330.79826726466956
10-31 19:00:00,317.87405308941794
10-31 20:00:00,376.1923639783393
10-31 21:00:00,373.4486549142399
10-31 22:00:00,377.0005363910909
10-31 23:00:00,398.5568238060446
11-01 00:00:00,386.9945727921484
11-01 01:00:00,387.7185171204408
11-01 02:00:00,409.3681825436593
11-01 03:00:00,386.2894058021413
11-01 04:00:00,367.181650036178
11-01 05:00:00,352.00838251587635
11-01 06:00:00,377.187415534011
11-01 07:00:00,438.7255016595956
11-01 08:00:00,470.5964360653665
11-01 09:00:00,483.339843361208
11-01 10:00:00,484.0849390470462
11-01 11:00:00,490.4946746138118
11-01 12:00:00,487.5158895709929
11-01 13:00:00,484.55422655522665
11-01 14:00:00,478.8949294897987
11-01 15:00:00,496.6581488153209
11-01 16:00:00,506.97016652724676
11-01 17:00:00,505.87691833351823
11-01 18:00:00,542.666176570848
11-01 19:00:00,540.2827331911958
11-01 20:00:00,550.558091748115
11-01 21:00:00,567.5382928313151
11-01 22:00:00,600.7195561780776
11-01 23:00:00,611.0484116333719
11-02 00:00:00,618.3702063049553
11-02 01:00:00,620.3127532380126
11-02 02:00:00,585.8579116003594
11-02 03:00:00,595.4912544887281
11-02 04:00:00,601.2853997122486
11-02 05:00:00,634.7590442635782
11-02 06:00:00,652.7742504911371
11-02 07:00:00,620.2142975231724
11-02 08:00:00,599.4200107966254
11-02 09:00:00,574.5070460205136
11-02 10:00:00,543.0276801822013
11-02 11:00:00,508.16993114478254
11-02 12:00:00,469.48629742859674
11-02 13:00:00,457.1119279037268
11-02 14:00:00,540.4212421351109
11-02 15:00:00,551.4656898253651
11-02 16:00:00,567.7669735269093
11-02 17:00:00,600.0497763791494
11-02 18:00:00,642.3139872586208
11-02 19:00:00,666.420316498665
11-02 20:00:00,690.1319713336909
11-02 21:00:00,726.5902532488317
11-02 22:00:00,735.9715916307416
11-02 23:00:00,731.8522431086994
11-03 00:00:00,714.9741018993485
11-03 01:00:00,744.4727824464454
11-03 02:00:00,728.5094914353072
11-03 03:00:00,717.3117233921453
11-03 04:00:00,736.126416883975
11-03 05:00:00,742.2263137276678
11-03 06:00:00,764.526170264217
11-03 07:00:00,762.7430050968347
11-03 08:00:00,720.0422832237947
11-03 09:00:00,669.3988213435514
11-03 10:00:00,657.6522033443548
11-03 11:00:00,610.0281137174128
11-03 12:00:00,591.4217616130194
11-03 13:00:00,597.2785782127319
11-03 14:00:00,594.0121287118607
11-03 15:00:00,597.3045351470236
11-03 16:00:00,583.9065473195406
11-03 17:00:00,599.639488521011
11-03 18:00:00,619.6668766623474
11-03 19:00:00,629.8920137742272
11-03 20:00:00,649.1941867797549
11-03 21:00:00,636.6819534203888
11-03 22:00:00,651.3419034226442
11-03 23:00:00,685.580888268599
11-04 00:00:00,692.0975417674352
11-04 01:00:00,695.6041618393488
11-04 02:00:00,698.7108805693783
11-04 03:00:00,696.5126200031588
11-04 04:00:00,694.130384966059
11-04 05:00:00,690.2637706816741
11-04 06:00:00,668.1754629778636
11-04 07:00:00,656.5030087003859
11-04 08:00:00,670.3430649260483
11-04 09:00:00,679.4867271480484
11-04 10:00:00,682.3328743877713
11-04 11:00:00,637.5817128701146
11-04 12:00:00,579.1804376195556
11-04 13:00:00,553.9697719168316
11-04 14:00:00,640.7705614413143
11-04 15:00:00,633.17412909073
11-04 16:00:00,648.0582033692202
11-04 17:00:00,674.0761563857258
11-04 18:00:00,701.805430108867
11-04 19:00:00,697.3517608604122
11-04 20:00:00,726.1601225286862
11-04 21:00:00,731.4644982815026
11-04 22:00:00,744.0790867413587
11-04 23:00:00,748.9822535174807
11-05 00:00:00,749.3292770627523
11-05 01:00:00,748.3478868325687
11-05 02:00:00,746.8520568434308
11-05 03:00:00,766.8315440645815
11-05 04:00:00,765.2593173387249
11-05 05:00:00,764.9337048796172
11-05 06:00:00,765.8900893988327
11-05 07:00:00,754.6936007278391
11-05 08:00:00,713.3810805382052
11-05 09:00:00,650.2860126834983
11-05 10:00:00,601.9844459911509
11-05 11:00:00,576.2561305494546
11-05 12:00:00,531.2809952861614
11-05 13:00:00,514.9697836598048
11-05 14:00:00,516.3575389959441
11-05 15:00:00,542.024908491229
11-05 16:00:00,596.4384690033042
11-05 17:00:00,650.102114474524
11-05 18:00:00,662.2750698997564
11-05 19:00:00,699.9170733675099
11-05 20:00:00,718.943109601938
11-05 21:00:00,781.6279717697032
11-05 22:00:00,808.1518323378591
11-05 23:00:00,828.1188495148012
11-06 00:00:00,837.2786925179539
11-06 01:00:00,846.3985513968834
11-06 02:00:00,890.4516116624429
11-06 03:00:00,887.2614369591613
11-06 04:00:00,915.3676241840751
11-06 05:00:00,922.4987331413777
11-06 06:00:00,917.7345005874743
11-06 07:00:00,930.0434932658826
11-06 08:00:00,897.1585617472182
11-06 09:00:00,797.6985883417202
11-06 10:00:00,712.0788279874535
11-06 11:00:00,652.0161537097352
11-06 12:00:00,601.0422304737592
11-06 13:00:00,583.9233387028995
11-06 14:00:00,586.1221073238037
11-06 15:00:00,630.177487264621
11-06 16:00:00,674.1287671982521
11-06 17:00:00,695.6329580741995
11-06 18:00:00,727.2686444272236
11-06 19:00:00,807.2904492315271
11-06 20:00:00,834.204185219525
11-06 21:00:00,863.299431164902
11-06 22:00:00,890.1821953018009
11-06 23:00:00,896.0630045488438
11-07 00:00:00,913.5382134948534
11-07 01:00:00,922.3087252641902
11-07 02:00:00,953.583505188205
11-07 03:00:00,995.0516994093332
11-07 04:00:00,997.735897934822
11-07 05:00:00,980.3376434627186
11-07 06:00:00,986.6792471268212
11-07 07:00:00,998.2812342429037
11-07 08:00:00,940.5239481874077
11-07 09:00:00,857.2703438672469
11-07 10:00:00,741.2052545087628
11-07 11:00:00,676.1897182726892
11-07 12:00:00,569.6626098403765
11-07 13:00:00,532.2290454673076
11-07 14:00:00,525.8786722619681
11-07 15:00:00,573.2131442262805
11-07 16:00:00,610.3214914571439
11-07 17:00:00,589.2929469175696
11-07 18:00:00,624.4560045322535
11-07 19:00:00,602.4030514971922
11-07 20:00:00,623.8680834101377
11-07 21:00:00,652.1111868560995
11-07 22:00:00,631.4744998920011
11-07 23:00:00,677.5365884077211
11-08 00:00:00,675.4935234110369
11-08 01:00:00,694.0630597131338
11-08 02:00:00,717.4858586243598
11-08 03:00:00,756.5591220112067
11-08 04:00:00,761.7713773804122
11-08 05:00:00,758.3173963074361
11-08 06:00:00,771.2938496901637
11-08 07:00:00,760.092077028422
11-08 08:00:00,746.1258882185913
11-08 09:00:00,708.6209002959421
11-08 10:00:00,655.8389282446441
11-08 11:00:00,613.6138824785728
11-08 12:00:00,572.5229983050491
11-08 13:00:00,537.523496167256
11-08 14:00:00,509.7548245808347
11-08 15:00:00,516.4093430067954
11-08 16:00:00,544.345090937047
11-08 17:00:00,561.0114323827092
11-08 18:00:00,567.4642330731182
11-08 19:00:00,581.969770648719
11-08 20:00:00,647.5481372392087
11-08 21:00:00,692.9604613047654
11-08 22:00:00,713.9925741917614
11-08 23:00:00,737.9425029257009
11-09 00:00:00,774.5085533140708
11-09 01:00:00,815.7992929797608
11-09 02:00:00,835.9361846349478
11-09 03:00:00,826.9858851817552
11-09 04:00:00,829.4457069457942
11-09 05:00:00,834.682222871156
11-09 06:00:00,886.4947439984887
11-09 07:00:00,895.5451091828404
11-09 08:00:00,876.3960225283957
11-09 09:00:00,753.1216995981191
11-09 10:00:00,701.9851704581221
11-09 11:00:00,634.5246840631526
11-09 12:00:00,602.9989787913204
11-09 13:00:00,587.463332293049
11-09 14:00:00,595.6916912452225
11-09 15:00:00,634.2713175944051
11-09 16:00:00,650.0051119632849
11-09 17:00:00,661.6340774540951
11-09 18:00:00,676.793658003518
11-09 19:00:00,729.8907520895107
11-09 20:00:00,753.5560394693399
11-09 21:00:00,725.2533308785481
11-09 22:00:00,756.3886133755134
11-09 23:00:00,753.6261530559515
11-10 00:00:00,782.654222038534
11-10 01:00:00,788.7230702641367
11-10 02:00:00,794.1610312851462
11-10 03:00:00,797.9449386225834
11-10 04:00:00,822.1295223965448
11-10 05:00:00,804.9871848987867
11-10 06:00:00,796.4757591378492
11-10 07:00:00,789.609579763522
11-10 08:00:00,759.4457006315276
11-10 09:00:00,711.2214018103714
11-10 10:00:00,654.0332111059457
11-10 11:00:00,618.3678522134577
11-10 12:00:00,597.1272417030738
11-10 13:00:00,599.6207933672671
11-10 14:00:00,588.5718155399588
11-10 15:00:00,604.8314297956474
11-10 16:00:00,618.6040040017235
11-10 17:00:00,644.795790555717
11-10 18:00:00,685.8388803310462
11-10 19:00:00,694.7223913183503
11-10 20:00:00,711.9738627282468
11-10 21:00:00,728.055005714614
11-10 22:00:00,743.9766293702859
11-10 23:00:00,751.8408851519284
11-11 00:00:00,729.6794349561526
11-11 01:00:00,754.2097275949027
11-11 02:00:00,752.1170659518519
11-11 03:00:00,748.040447289858
11-11 04:00:00,755.8956124601254
11-11 05:00:00,759.3093445514955
11-11 06:00:00,761.9013991328842
11-11 07:00:00,768.8453410585695
11-11 08:00:00,748.0187153539721
11-11 09:00:00,709.8881368559591
11-11 10:00:00,677.1379100887028
11-11 11:00:00,649.6826021840632
11-11 12:00:00,622.1999675697908
11-11 13:00:00,605.4368030776093
11-11 14:00:00,569.7808882165715
11-11 15:00:00,575.9210960569754
11-11 16:00:00,597.0544071484109
11-11 17:00:00,641.090050001257
11-11 18:00:00,682.339755412661
11-11 19:00:00,684.5450537279419
11-11 20:00:00,682.7562876728612
11-11 21:00:00,704.8978389461549
11-11 22:00:00,729.8753994800294
11-11 23:00:00,729.7025229637437
11-12 00:00:00,733.2196280327535
11-12 01:00:00,733.1144621115133
11-12 02:00:00,734.1833978937894
11-12 03:00:00,742.5823965683587
11-12 04:00:00,758.7475666596386
11-12 05:00:00,772.742588035544
11-12 06:00:00,775.4623964241451
11-12 07:00:00,754.1271549016072
11-12 08:00:00,745.9241169654912
11-12 09:00:00,716.6914421817752
11-12 10:00:00,684.5502466373982
11-12 11:00:00,671.8594197460453
11-12 12:00:00,668.9116828952228
11-12 13:00:00,649.9018878841404
11-12 14:00:00,649.9495740395299
11-12 15:00:00,658.5839096650296
11-12 16:00:00,682.8633815914337
11-12 17:00:00,710.4475523670656
11-12 18:00:00,722.0315927978897
11-12 19:00:00,731.7862681773465
11-12 20:00:00,758.3593016170763
11-12 21:00:00,775.67053067522
11-12 22:00:00,769.8754061092501
11-12 23:00:00,770.3077004799746
11-13 00:00:00,763.922070484387
11-13 01:00:00,766.5778008942327
11-13 02:00:00,782.419918325824
11-13 03:00:00,774.8139276840801
11-13 04:00:00,784.3943983416108
11-13 05:00:00,789.698353892269
11-13 06:00:00,785.9548946755206
11-13 07:00:00,770.0915125181646
11-13 08:00:00,735.2309692984815
11-13 09:00:00,671.7025962245199
11-13 10:00:00,658.3719962259071
11-13 11:00:00,648.3543659214191
11-13 12:00:00,640.069871874987
11-13 13:00:00,622.4162539700158
11-13 14:00:00,618.9924948025786
11-13 15:00:00,616.8434754051871
11-13 16:00:00,605.4077348754871
11-13 17:00:00,595.8538964418786
11-13 18:00:00,591.8737975655357
11-13 19:00:00,592.0640997767717
11-13 20:00:00,591.9306682110783
11-13 21:00:00,590.4756461885945
11-13 22:00:00,586.8705673423436
11-13 23:00:00,588.0538906900862
11-14 00:00:00,585.7524852072529
11-14 01:00:00,590.3128551176675
11-14 02:00:00,600.3107365842121
11-14 03:00:00,612.2635195857508
11-14 04:00:00,625.707294391018
11-14 05:00:00,625.1529752611
11-14 06:00:00,629.8541600902696
11-14 07:00:00,625.707294391018
11-14 08:00:00,614.4414255322733
11-14 09:00:00,589.1366923167185
11-14 10:00:00,577.2534732565738
11-14 11:00:00,555.8319991553432
11-14 12:00:00,540.6632854787596
11-14 13:00:00,518.5642434444886
11-14 14:00:00,511.24725801138004
11-14 15:00:00,513.2457926707694
11-14 16:00:00,544.2446327790128
11-14 17:00:00,572.2798536752368
11-14 18:00:00,612.8836316408248
11-14 19:00:00,615.6628449249181
11-14 20:00:00,595.7346619898585
11-14 21:00:00,583.9876318719134
11-14 22:00:00,572.8789448829334
11-14 23:00:00,605.1780163185775
11-15 00:00:00,613.9602590635693
11-15 01:00:00,618.399590702518
11-15 02:00:00,631.6261504943518
11-15 03:00:00,626.4332443883635
11-15 04:00:00,618.4255624898001
11-15 05:00:00,635.5913720622649
11-15 06:00:00,653.1396725954854
11-15 07:00:00,661.0922271566654
11-15 08:00:00,645.9456445153502
11-15 09:00:00,612.081096235873
11-15 10:00:00,584.0473772372106
11-15 11:00:00,564.6620695078567
11-15 12:00:00,551.3346217961561
11-15 13:00:00,554.6039993898908
11-15 14:00:00,562.206472662262
11-15 15:00:00,563.2698120430313
11-15 16:00:00,570.8415387880824
11-15 17:00:00,583.4963150545284
11-15 18:00:00,593.6738209183625
11-15 19:00:00,604.822406290613
11-15 20:00:00,620.0984618281227
11-15 21:00:00,630.2961295676287
11-15 22:00:00,640.9919016763033
11-15 23:00:00,654.3558407403182
11-16 00:00:00,664.6229922088984
11-16 01:00:00,677.9429503964354
11-16 02:00:00,683.0995112584177
11-16 03:00:00,682.3983307648916
11-16 04:00:00,682.5320118979754
11-16 05:00:00,677.6534510553514
11-16 06:00:00,674.3815514950581
11-16 07:00:00,675.5479053041753
11-16 08:00:00,668.701955563206
11-16 09:00:00,661.5572855156394
11-16 10:00:00,654.773667407497
11-16 11:00:00,649.3372662274144
11-16 12:00:00,640.9505230080605
11-16 13:00:00,638.3968254455979
11-16 14:00:00,638.3752713874965
11-16 15:00:00,643.8290429443641
11-16 16:00:00,658.0558591552475
11-16 17:00:00,658.889780984493
11-16 18:00:00,669.8728877873579
11-16 19:00:00,669.9962038148706
11-16 20:00:00,670.9948439451349
11-16 21:00:00,666.264950778109
11-16 22:00:00,669.0219893828045
11-16 23:00:00,674.8481040320376
11-17 00:00:00,679.7002757354749
11-17 01:00:00,689.5592253596317
11-17 02:00:00,694.6138871273589
11-17 03:00:00,699.2592088086839
11-17 04:00:00,702.8184137037936
11-17 05:00:00,708.3708441041402
11-17 06:00:00,718.7929519694727
11-17 07:00:00,724.0436639958506
11-17 08:00:00,725.0950929720053
11-17 09:00:00,719.0873946219269
11-17 10:00:00,711.2735494511862
11-17 11:00:00,701.7669926382968
11-17 12:00:00,702.2842889393772
11-17 13:00:00,706.5147537959524
11-17 14:00:00,703.2639565713827
11-17 15:00:00,714.8544140295857
11-17 16:00:00,733.3829405736072
11-17 17:00:00,734.1809465249156
11-17 18:00:00,739.5492941375851
11-17 19:00:00,745.8204139116019
11-17 20:00:00,745.9201795790573
11-17 21:00:00,742.5094711984825
11-17 22:00:00,738.1584497242118
11-17 23:00:00,739.1024400798478
11-18 00:00:00,730.4095535664942
11-18 01:00:00,750.1392105634866
11-18 02:00:00,774.7876601363556
11-18 03:00:00,759.0380658298633
11-18 04:00:00,768.0786775648844
11-18 05:00:00,766.1302677986375
11-18 06:00:00,764.4933355486618
11-18 07:00:00,761.9637208567245
11-18 08:00:00,772.9688602911631
11-18 09:00:00,742.2193424202709
11-18 10:00:00,676.6233343599308
11-18 11:00:00,615.7770700674778
11-18 12:00:00,591.2644334926414
11-18 13:00:00,566.1324189683304
11-18 14:00:00,575.773994038548
11-18 15:00:00,583.6028867244607
11-18 16:00:00,586.7972715635968
11-18 17:00:00,599.8184803126898
11-18 18:00:00,612.0267080561293
11-18 19:00:00,627.1938117758046
11-18 20:00:00,661.8732213663865
11-18 21:00:00,688.5310781536729
11-18 22:00:00,735.6979385731142
11-18 23:00:00,768.7290607484804
11-19 00:00:00,800.5623277985828
11-19 01:00:00,821.9039221111765
11-19 02:00:00,833.8310263096992
11-19 03:00:00,851.7937518086894
11-19 04:00:00,860.482330962272
11-19 05:00:00,856.9078470930292
11-19 06:00:00,874.8127577032894
11-19 07:00:00,867.6369398119014
11-19 08:00:00,844.5409812905604
11-19 09:00:00,796.6636062209948
11-19 10:00:00,749.4613367789383
11-19 11:00:00,716.542637578216
11-19 12:00:00,693.2125205900415
11-19 13:00:00,687.8271291981001
11-19 14:00:00,688.9817052933887
11-19 15:00:00,691.1279023277573
11-19 16:00:00,726.3606503534261
11-19 17:00:00,745.7838711991413
11-19 18:00:00,770.8476626311432
11-19 19:00:00,777.1894150208403
11-19 20:00:00,786.5737712720176
11-19 21:00:00,783.2930511889629
11-19 22:00:00,791.2192604582809
11-19 23:00:00,801.5156770918586
11-20 00:00:00,823.6348312572062
11-20 01:00:00,822.8893308311248
11-20 02:00:00,825.7217385605857
11-20 03:00:00,835.4150162985203
11-20 04:00:00,845.9163385757545
11-20 05:00:00,847.0306279473646
11-20 06:00:00,864.3338039897804
11-20 07:00:00,872.9885930826048
11-20 08:00:00,867.1090538368607
11-20 09:00:00,845.4005806123608
11-20 10:00:00,822.9364096167496
11-20 11:00:00,798.1757465156912
11-20 12:00:00,776.3583144608375
11-20 13:00:00,773.6101626928296
11-20 14:00:00,776.4386980272101
11-20 15:00:00,787.6218511156345
11-20 16:00:00,804.6181828889089
11-20 17:00:00,824.3225764325634
11-20 18:00:00,850.5327045765247
11-20 19:00:00,871.0377363660643
11-20 20:00:00,875.0144958341755
11-20 21:00:00,880.9396853219014
11-20 22:00:00,885.8378524941089
11-20 23:00:00,884.4787455801882
11-21 00:00:00,894.7021356855529
11-21 01:00:00,882.3049684514466
11-21 02:00:00,908.4517284905509
11-21 03:00:00,927.142568337924
11-21 04:00:00,924.1278983998428
11-21 05:00:00,928.5910250906906
11-21 06:00:00,925.1533076278665
11-21 07:00:00,920.9475944970523
11-21 08:00:00,920.8551963509105
11-21 09:00:00,874.7960329552492
11-21 10:00:00,827.1812614117258
11-21 11:00:00,786.4495429225383
11-21 12:00:00,764.1113012908827
11-21 13:00:00,752.2104472109855
11-21 14:00:00,738.1951502803116
11-21 15:00:00,763.6283464040574
11-21 16:00:00,809.6665124876192
11-21 17:00:00,866.5530912175824
11-21 18:00:00,836.2129354471275
11-21 19:00:00,769.2619987612209
11-21 20:00:00,749.3313511314401
11-21 21:00:00,777.6279870955132
11-21 22:00:00,757.567778591536
11-21 23:00:00,738.6803041507195
11-22 00:00:00,744.2555128874295
11-22 01:00:00,745.2789849192085
11-22 02:00:00,739.5305682946005
11-22 03:00:00,735.1276514781324
11-22 04:00:00,728.4574368214627
11-22 05:00:00,722.1958905466607
11-22 06:00:00,734.6170416855217
11-22 07:00:00,745.2030892025637
11-22 08:00:00,754.1283653001832
11-22 09:00:00,752.837232794457
11-22 10:00:00,736.8750590985131
11-22 11:00:00,726.1232383886081
11-22 12:00:00,721.8150274347884
11-22 13:00:00,720.7008115095911
11-22 14:00:00,714.4762084914504
11-22 15:00:00,709.1149152007896
11-22 16:00:00,704.452458264202
11-22 17:00:00,693.6766559696018
11-22 18:00:00,688.786387498034
11-22 19:00:00,689.2171134119073
11-22 20:00:00,694.2245234972199
11-22 21:00:00,694.4266312497641
11-22 22:00:00,693.6300554992386
11-22 23:00:00,694.5741857115329
11-23 00:00:00,694.4899906410917
11-23 01:00:00,695.2475661582171
11-23 02:00:00,699.9210845251114
11-23 03:00:00,700.5152737016849
11-23 04:00:00,712.5634670393887
11-23 05:00:00,711.0540047349307
11-23 06:00:00,712.3580174498242
11-23 07:00:00,718.5651380803165
11-23 08:00:00,716.8592304189962
11-23 09:00:00,705.62358552053
11-23 10:00:00,708.2968566801318
11-23 11:00:00,709.2135321946765
11-23 12:00:00,706.6957742002917
11-23 13:00:00,700.8341470457157
11-23 14:00:00,705.6439434629285
11-23 15:00:00,706.3037836727261
11-23 16:00:00,718.6794003985552
11-23 17:00:00,725.6616026294538
11-23 18:00:00,730.5179364609588
11-23 19:00:00,733.5399816401792
11-23 20:00:00,728.193861649834
11-23 21:00:00,727.5461383209199
11-23 22:00:00,728.6442367960848
11-23 23:00:00,732.2401296003467
11-24 00:00:00,732.6057728247338
11-24 01:00:00,738.4977762902232
11-24 02:00:00,741.3745052837272
11-24 03:00:00,753.8819690050052
11-24 04:00:00,759.3441996544077
11-24 05:00:00,764.5822930280906
11-24 06:00:00,765.3838622470826
11-24 07:00:00,777.8549809903709
11-24 08:00:00,780.2669662257758
11-24 09:00:00,772.6477211707082
11-24 10:00:00,758.8308298384885
11-24 11:00:00,747.0242850678654
11-24 12:00:00,736.698846947846
11-24 13:00:00,732.2403760102956
11-24 14:00:00,737.6614143488367
11-24 15:00:00,738.7843620449144
11-24 16:00:00,757.9967339767255
11-24 17:00:00,775.1890154484078
11-24 18:00:00,781.5319619018107
11-24 19:00:00,814.5296522770652
11-24 20:00:00,825.3454771289319
11-24 21:00:00,820.2949179646454
11-24 22:00:00,827.8303011242701
11-24 23:00:00,837.6287238575765
11-25 00:00:00,838.8462129075551
11-25 01:00:00,857.6573115785886
11-25 02:00:00,869.7757420117224
11-25 03:00:00,879.8079193612011
11-25 04:00:00,894.8973124940256
11-25 05:00:00,894.7120617857369
11-25 06:00:00,904.732235361587
11-25 07:00:00,918.9133583932957
11-25 08:00:00,911.825199110747
11-25 09:00:00,909.2850041602959
11-25 10:00:00,895.2061635146059
11-25 11:00:00,862.5106402680394
11-25 12:00:00,839.3146697383307
11-25 13:00:00,828.1624898696545
11-25 14:00:00,821.8400029484118
11-25 15:00:00,816.1911820494199
11-25 16:00:00,807.7064803008606
11-25 17:00:00,804.268948643904
11-25 18:00:00,804.1326377670454
11-25 19:00:00,803.4709082409302
11-25 20:00:00,802.6022428797448
11-25 21:00:00,808.4672239724459
11-25 22:00:00,818.2902231630769
11-25 23:00:00,838.7848896252568
11-26 00:00:00,855.1304769441049
11-26 01:00:00,868.3110672312912
11-26 02:00:00,881.228455164979
11-26 03:00:00,882.8843118709283
11-26 04:00:00,895.9046747182318
11-26 05:00:00,908.001335068689
11-26 06:00:00,941.2184647060893
11-26 07:00:00,969.8938904523309
11-26 08:00:00,972.6185112679631
11-26 09:00:00,969.5846665289803
11-26 10:00:00,966.9209780321403
11-26 11:00:00,956.7970232283423
11-26 12:00:00,936.5408539967119
11-26 13:00:00,938.3081440530478
11-26 14:00:00,943.4695371206258
11-26 15:00:00,942.673255066894
11-26 16:00:00,950.34241298141
11-26 17:00:00,952.9528075896444
11-26 18:00:00,946.1961776942833
11-26 19:00:00,956.4690538003725
11-26 20:00:00,969.7410640665473
11-26 21:00:00,987.369631906606
11-26 22:00:00,1006.11398169021
11-26 23:00:00,1000.7752294749655
11-27 00:00:00,1000.6500800427681
11-27 01:00:00,1014.9591622556713
11-27 02:00:00,1024.9823047377258
11-27 03:00:00,1023.673816471153
11-27 04:00:00,1040.6868974575832
11-27 05:00:00,1007.2197105597562
11-27 06:00:00,1002.4352900765217
11-27 07:00:00,996.2887094030801
11-27 08:00:00,971.1987244994727
11-27 09:00:00,966.4064645919749
11-27 10:00:00,918.637194367288
11-27 11:00:00,852.0729122920189
11-27 12:00:00,790.4315079296396
11-27 13:00:00,817.4838530316017
11-27 14:00:00,823.2468788934627
11-27 15:00:00,893.0064023811764
11-27 16:00:00,907.1574208875347
11-27 17:00:00,911.8489291457997
11-27 18:00:00,903.6267784570097
11-27 19:00:00,928.551372141942
11-27 20:00:00,942.5159878938673
11-27 21:00:00,939.3493312116128
11-27 22:00:00,876.0292592656034
11-27 23:00:00,909.1969504434683
11-28 00:00:00,945.3305294278558
11-28 01:00:00,971.8778972727027
11-28 02:00:00,966.3601426777458
11-28 03:00:00,975.53480026
11-28 04:00:00,991.7809789189159
11-28 05:00:00,993.5845028978468
11-28 06:00:00,1000.303106881747
11-28 07:00:00,992.1829891772994
11-28 08:00:00,973.6510415296548
11-28 09:00:00,952.1340683913952
11-28 10:00:00,916.5926029250282
11-28 11:00:00,871.9104649704882
11-28 12:00:00,870.1604483363383
11-28 13:00:00,859.2462367842159
11-28 14:00:00,875.3001017138466
11-28 15:00:00,880.4422817642422
11-28 16:00:00,918.9526964867405
11-28 17:00:00,967.7001422702267
11-28 18:00:00,983.5720479919821
11-28 19:00:00,994.491311571068
11-28 20:00:00,988.8522465565886
11-28 21:00:00,962.0124290308302
11-28 22:00:00,956.4145895101991
11-28 23:00:00,946.3793690486023
11-29 00:00:00,963.1125244360591
11-29 01:00:00,981.489622747869
11-29 02:00:00,983.5027337276565
11-29 03:00:00,979.5316794667654
11-29 04:00:00,980.7516467186197
11-29 05:00:00,998.8515748830207
11-29 06:00:00,1010.074577785015
11-29 07:00:00,1002.0163764665604
11-29 08:00:00,1007.3884116631814
11-29 09:00:00,994.0163251445567
11-29 10:00:00,983.2949933582703
11-29 11:00:00,1006.2829645754225
11-29 12:00:00,983.4329569008112
11-29 13:00:00,951.9745798018009
11-29 14:00:00,962.705681490921
11-29 15:00:00,1020.2624723123881
11-29 16:00:00,1071.3022974539174
11-29 17:00:00,1098.2092697042651
11-29 18:00:00,1055.5445741827664
11-29 19:00:00,1026.6121908806147
11-29 20:00:00,1016.8405085591779
11-29 21:00:00,1034.780064519582
11-29 22:00:00,1074.2988760397275
11-29 23:00:00,1067.7707764420259
11-30 00:00:00,1057.0751834365703
11-30 01:00:00,1062.19952188246
11-30 02:00:00,1065.861853703331
11-30 03:00:00,1064.8855695744815
11-30 04:00:00,1064.7435838059753
11-30 05:00:00,1067.5687012801186
11-30 06:00:00,1074.7294322967896
11-30 07:00:00,1052.4143080570907
11-30 08:00:00,1049.1952952910235
11-30 09:00:00,1034.7513190806465
11-30 10:00:00,1029.8351801351225
11-30 11:00:00,1035.6114733951156
11-30 12:00:00,1038.4195616244444
11-30 13:00:00,1025.6547603587203
11-30 14:00:00,1027.1459623515623
11-30 15:00:00,1035.497579424259
11-30 16:00:00,1029.7731248203352
11-30 17:00:00,1021.3437988436948
11-30 18:00:00,1000.0057055476997
11-30 19:00:00,984.8228891749068
11-30 20:00:00,970.5605197164831
11-30 21:00:00,956.0675301810238
11-30 22:00:00,941.7936578740193
11-30 23:00:00,933.5365525840442
12-01 00:00:00,953.2059465127847
12-01 01:00:00,958.5508374113381
12-01 02:00:00,943.999575713649
12-01 03:00:00,933.1083848436149
12-01 04:00:00,943.3265040635472
12-01 05:00:00,949.8794801934789
12-01 06:00:00,938.1823030907871
12-01 07:00:00,926.6836686644548
12-01 08:00:00,938.544629385746
12-01 09:00:00,903.2342279514937
12-01 10:00:00,852.0834194631736
12-01 11:00:00,814.2641954170277
12-01 12:00:00,770.8864921988602
12-01 13:00:00,771.8852445632779
12-01 14:00:00,733.1330245580918
12-01 15:00:00,756.3813312316908
12-01 16:00:00,770.2519544033405
12-01 17:00:00,779.6380106045563
12-01 18:00:00,761.4231660269828
12-01 19:00:00,771.0188694847893
12-01 20:00:00,783.3217133049666
12-01 21:00:00,754.2302852047401
12-01 22:00:00,755.3022626033433
12-01 23:00:00,743.9835774735427
12-02 00:00:00,752.3875978447583
12-02 01:00:00,743.5829075499678
12-02 02:00:00,712.7616350479382
12-02 03:00:00,721.9277209567832
12-02 04:00:00,757.4170521959044
12-02 05:00:00,763.2558156751425
12-02 06:00:00,771.8612127298636
12-02 07:00:00,788.4802917439778
12-02 08:00:00,786.7608345571309
12-02 09:00:00,756.3998905618201
12-02 10:00:00,703.8289940431706
12-02 11:00:00,730.5195557864514
12-02 12:00:00,777.9886446938169
12-02 13:00:00,805.501031237544
12-02 14:00:00,830.8947741121946
12-02 15:00:00,893.2484058961265
12-02 16:00:00,934.3248183971118
12-02 17:00:00,952.5816820363042
12-02 18:00:00,954.9284042239917
12-02 19:00:00,946.6472060166984
12-02 20:00:00,937.8789047558079
12-02 21:00:00,962.1500195910627
12-02 22:00:00,963.4596779112644
12-02 23:00:00,976.0474457649946
12-03 00:00:00,982.4397445978161
12-03 01:00:00,984.7632639356449
12-03 02:00:00,993.7518556325457
12-03 03:00:00,999.3713595587643
12-03 04:00:00,1010.7203788653198
12-03 05:00:00,1053.9013784282354
12-03 06:00:00,1052.5827625060942
12-03 07:00:00,1041.0253359701153
12-03 08:00:00,1051.7769245375223
12-03 09:00:00,1020.1559414692683
12-03 10:00:00,1018.1236372853103
12-03 11:00:00,1007.6184488040817
12-03 12:00:00,984.9864028973599
12-03 13:00:00,976.3009785913836
12-03 14:00:00,997.5920308269727
12-03 15:00:00,1011.686435046005
12-03 16:00:00,1029.2937610360457
12-03 17:00:00,1062.1915903976067
12-03 18:00:00,1046.3486047284928
12-03 19:00:00,1035.9768770116768
12-03 20:00:00,1035.2990422039632
12-03 21:00:00,1013.8700264970911
12-03 22:00:00,1002.5938489195324
12-03 23:00:00,990.5940736175605
12-04 00:00:00,968.1901890735226
12-04 01:00:00,990.6182878399854
12-04 02:00:00,1013.4331245993353
12-04 03:00:00,1000.7746465611965
12-04 04:00:00,986.5151585710278
12-04 05:00:00,971.6709004514234
12-04 06:00:00,956.8341889545754
12-04 07:00:00,943.2358670944676
12-04 08:00:00,924.3518999010541
12-04 09:00:00,900.329570965684
12-04 10:00:00,878.2351365460668
12-04 11:00:00,847.3669858108602
12-04 12:00:00,807.2235627200873
12-04 13:00:00,797.3220318651092
12-04 14:00:00,793.2671124514467
12-04 15:00:00,812.3818514712866
12-04 16:00:00,768.971382000798
12-04 17:00:00,753.5943013515465
12-04 18:00:00,746.0212547106819
12-04 19:00:00,730.7907546790074
12-04 20:00:00,640.1586202087941
12-04 21:00:00,744.2174515250994
12-04 22:00:00,782.284620086403
12-04 23:00:00,789.6963856533134
12-05 00:00:00,788.515825085852
12-05 01:00:00,785.7579831430062
12-05 02:00:00,807.9218914990495
12-05 03:00:00,814.2471153080886
12-05 04:00:00,829.98207005958
12-05 05:00:00,852.550506052087
12-05 06:00:00,874.6235672240587
12-05 07:00:00,881.4907621055531
12-05 08:00:00,884.7313811301725
12-05 09:00:00,846.6697762245265
12-05 10:00:00,840.2491010413917
12-05 11:00:00,789.7208785897676
12-05 12:00:00,770.4179934067465
12-05 13:00:00,756.218303419905
12-05 14:00:00,799.2520022057963
12-05 15:00:00,815.1198812553724
12-05 16:00:00,840.2747935199583
12-05 17:00:00,859.5889033728912
12-05 18:00:00,867.2048357379068
12-05 19:00:00,868.2116067208541
12-05 20:00:00,887.8013027028519
12-05 21:00:00,893.0502914037053
12-05 22:00:00,900.5572535168951
12-05 23:00:00,899.5025241067143
12-06 00:00:00,911.3231731730579
12-06 01:00:00,936.0843387015859
12-06 02:00:00,959.5147915946943
12-06 03:00:00,979.8476769682171
12-06 04:00:00,975.1149173645534
12-06 05:00:00,954.703702908678
12-06 06:00:00,950.6330844964484
12-06 07:00:00,947.4582667282691
12-06 08:00:00,956.1167691419631
12-06 09:00:00,939.0655933616498
12-06 10:00:00,910.6329691904265
12-06 11:00:00,885.1618249117043
12-06 12:00:00,865.8806003753726
12-06 13:00:00,834.355694900661
12-06 14:00:00,823.9270119477335
12-06 15:00:00,857.1520360416251
12-06 16:00:00,931.3720627870359
12-06 17:00:00,942.2877976038487
12-06 18:00:00,957.0138703099844
12-06 19:00:00,1000.3396939735173
12-06 20:00:00,1003.298077230633
12-06 21:00:00,983.1229946498536
12-06 22:00:00,994.083114744899
12-06 23:00:00,1015.0290669530295
12-07 00:00:00,965.1805736948414
12-07 01:00:00,991.8270842849078
12-07 02:00:00,1029.232780930057
12-07 03:00:00,1046.7216110017632
12-07 04:00:00,1064.8296519791236
12-07 05:00:00,1058.638569646628
12-07 06:00:00,1040.4280535395662
12-07 07:00:00,1016.86092820787
12-07 08:00:00,957.7731154402547
12-07 09:00:00,931.0784180715488
12-07 10:00:00,899.8557365679238
12-07 11:00:00,883.7660270702617
12-07 12:00:00,853.3682048927581
12-07 13:00:00,836.328764094208
12-07 14:00:00,871.3299030547606
12-07 15:00:00,898.1883190320889
12-07 16:00:00,962.7590470368441
12-07 17:00:00,964.4917874990396
12-07 18:00:00,975.362260618861
12-07 19:00:00,968.670841506103
12-07 20:00:00,981.3446630888089
12-07 21:00:00,982.3607938732295
12-07 22:00:00,973.600449800753
12-07 23:00:00,934.5697361639403
12-08 00:00:00,918.4925314931725
12-08 01:00:00,895.5108376537706
12-08 02:00:00,882.4762068788835
12-08 03:00:00,866.0096148713269
12-08 04:00:00,884.0937636900801
12-08 05:00:00,868.3819441536951
12-08 06:00:00,871.4794576280526
12-08 07:00:00,902.0635486293824
12-08 08:00:00,934.722197675572
12-08 09:00:00,965.486338671189
12-08 10:00:00,970.9251679351916
12-08 11:00:00,979.3523891753205
12-08 12:00:00,977.6918571076118
12-08 13:00:00,964.8534572332924
12-08 14:00:00,959.5280032790912
12-08 15:00:00,972.5209135782185
12-08 16:00:00,982.0712259088975
12-08 17:00:00,988.2762147227198
12-08 18:00:00,987.7366906509294
12-08 19:00:00,983.2453479309114
12-08 20:00:00,983.4774777354263
12-08 21:00:00,984.2726981252057
12-08 22:00:00,983.937999584441
12-08 23:00:00,984.4246175353012
12-09 00:00:00,985.5852865050439
12-09 01:00:00,984.6821159646046
12-09 02:00:00,980.3425883209944
12-09 03:00:00,984.6821159646046
12-09 04:00:00,987.4001166810909
12-09 05:00:00,993.8300126450993
12-09 06:00:00,989.6155108147552
12-09 07:00:00,961.547687770055
12-09 08:00:00,949.7483003766338
12-09 09:00:00,952.560699900058
12-09 10:00:00,949.0056634049056
12-09 11:00:00,910.2635351399125
12-09 12:00:00,900.2400280981327
12-09 13:00:00,899.2163746864279
12-09 14:00:00,901.2121506561197
12-09 15:00:00,936.0228669583599
12-09 16:00:00,935.7420430835451
12-09 17:00:00,949.599251901259
12-09 18:00:00,944.9987018781228
12-09 19:00:00,971.8224987550287
12-09 20:00:00,973.7931057360528
12-09 21:00:00,1003.9198601599842
12-09 22:00:00,1028.049666943694
12-09 23:00:00,1028.9920905734002
12-10 00:00:00,1077.7132774952734
12-10 01:00:00,1107.5087136437303
12-10 02:00:00,1146.8248958626345
12-10 03:00:00,1153.2261499588913
12-10 04:00:00,1148.6643978495156
12-10 05:00:00,1128.4790227554984
12-10 06:00:00,1132.8440916039567
12-10 07:00:00,1121.8001206496854
12-10 08:00:00,1105.9785367718923
12-10 09:00:00,1066.2906873216505
12-10 10:00:00,1014.881443736129
12-10 11:00:00,1023.3419849932629
12-10 12:00:00,1039.009482228709
12-10 13:00:00,1021.0852030479249
12-10 14:00:00,1012.5859899018783
12-10 15:00:00,990.341584503345
12-10 16:00:00,978.1965264955215
12-10 17:00:00,971.0538266783797
12-10 18:00:00,970.6352180784161
12-10 19:00:00,942.697913916683
12-10 20:00:00,865.4917262258913
12-10 21:00:00,854.7872756476961
12-10 22:00:00,850.257867012409
12-10 23:00:00,821.1744479770806
12-11 00:00:00,812.4714926133331
12-11 01:00:00,803.9159937897354
12-11 02:00:00,827.9811183318209
12-11 03:00:00,852.2101628034685
12-11 04:00:00,853.9121029011162
12-11 05:00:00,860.7031927445013
12-11 06:00:00,820.5093642692897
12-11 07:00:00,835.4001179834659
12-11 08:00:00,856.8550688783514
12-11 09:00:00,891.7043160877138
12-11 10:00:00,894.592024385302
12-11 11:00:00,901.0674501283072
12-11 12:00:00,893.0153372656872
12-11 13:00:00,885.6419459326731
12-11 14:00:00,857.9245521071988
12-11 15:00:00,838.7605256904244
12-11 16:00:00,875.6434911020649
12-11 17:00:00,874.3400294421758
12-11 18:00:00,884.7522002270921
12-11 19:00:00,890.8334534590316
12-11 20:00:00,896.4849171230258
12-11 21:00:00,896.5821082217004
12-11 22:00:00,896.3571429609518
12-11 23:00:00,900.5874479511737
12-12 00:00:00,911.9084969295064
12-12 01:00:00,896.7416341274229
12-12 02:00:00,913.8498479418159
12-12 03:00:00,895.5216159061188
12-12 04:00:00,899.6925237602042
12-12 05:00:00,964.0697995142398
12-12 06:00:00,1002.8845697164345
12-12 07:00:00,1032.1465781874888
12-12 08:00:00,1060.3391538222088
12-12 09:00:00,1052.0279172637543
12-12 10:00:00,957.8956644145306
12-12 11:00:00,895.2134412740887
12-12 12:00:00,852.9862743551552
12-12 13:00:00,831.6351284272171
12-12 14:00:00,834.81799379101
12-12 15:00:00,848.6484098830981
12-12 16:00:00,859.7633210410565
12-12 17:00:00,853.6457247389914
12-12 18:00:00,862.0027199543346
12-12 19:00:00,860.062776437641
12-12 20:00:00,852.1819702994959
12-12 21:00:00,861.7854099395594
12-12 22:00:00,860.5606258067803
12-12 23:00:00,849.5087122111639
12-13 00:00:00,843.4822393878893
12-13 01:00:00,837.8409923817335
12-13 02:00:00,838.7383947165548
12-13 03:00:00,848.0014789439979
12-13 04:00:00,841.191339087775
12-13 05:00:00,869.1442760178343
12-13 06:00:00,865.1501107618321
12-13 07:00:00,870.1811117879525
12-13 08:00:00,868.9843245529286
12-13 09:00:00,837.6429090145276
12-13 10:00:00,794.9110937355513
12-13 11:00:00,767.9141109746654
12-13 12:00:00,766.8807588329936
12-13 13:00:00,751.3997127640108
12-13 14:00:00,775.7336167138288
12-13 15:00:00,783.4696465200659
12-13 16:00:00,794.0247505178887
12-13 17:00:00,838.3975481629278
12-13 18:00:00,852.8654364683639
12-13 19:00:00,882.4849993153609
12-13 20:00:00,879.7697543392868
12-13 21:00:00,901.752097380367
12-13 22:00:00,930.179186973408
12-13 23:00:00,955.8985543067062
12-14 00:00:00,936.8892466519385
12-14 01:00:00,946.0851644491839
12-14 02:00:00,925.6677985330401
12-14 03:00:00,931.8884690309192
12-14 04:00:00,934.9864598664617
12-14 05:00:00,939.1825395501563
12-14 06:00:00,947.9223618111115
12-14 07:00:00,963.230470094679
12-14 08:00:00,960.927180424213
12-14 09:00:00,933.8481981816399
12-14 10:00:00,908.5023690040754
12-14 11:00:00,879.8909843120224
12-14 12:00:00,870.8315278925793
12-14 13:00:00,862.5083716304493
12-14 14:00:00,853.4460034943909
12-14 15:00:00,850.5635641890692
12-14 16:00:00,881.6622433366701
12-14 17:00:00,906.0764091542446
12-14 18:00:00,914.6331578369907
12-14 19:00:00,922.2372724023954
12-14 20:00:00,909.3239009689037
12-14 21:00:00,931.8340716952183
12-14 22:00:00,945.6580151148288
12-14 23:00:00,935.0039181925989
12-15 00:00:00,921.0881754254315
12-15 01:00:00,934.8240487669499
12-15 02:00:00,953.5942251916612
12-15 03:00:00,962.8855840188578
12-15 04:00:00,978.9998609153353
12-15 05:00:00,988.1656317804325
12-15 06:00:00,978.4880623620907
12-15 07:00:00,993.8275786640617
12-15 08:00:00,992.4455269617231
12-15 09:00:00,997.6855157819393
12-15 10:00:00,983.8901170458498
12-15 11:00:00,976.1266985940489
12-15 12:00:00,953.0549935906075
12-15 13:00:00,940.3752978011718
12-15 14:00:00,944.2092708585403
12-15 15:00:00,943.0071771488946
12-15 16:00:00,944.8106992220883
12-15 17:00:00,939.4693002383841
12-15 18:00:00,942.0883877051224
12-15 19:00:00,939.2822459292244
12-15 20:00:00,953.8589853421618
12-15 21:00:00,947.4648904409977
12-15 22:00:00,948.3390659508676
12-15 23:00:00,944.7482512855509
12-16 00:00:00,936.3503411686189
12-16 01:00:00,936.4388570929099
12-16 02:00:00,944.658892153454
12-16 03:00:00,945.106064447476
12-16 04:00:00,955.7218823286934
12-16 05:00:00,955.3240394381936
12-16 06:00:00,962.5984163599895
12-16 07:00:00,956.1205693622147
12-16 08:00:00,952.2347362914317
12-16 09:00:00,946.1329200427501
12-16 10:00:00,934.2963756657281
12-16 11:00:00,920.4803464580209
12-16 12:00:00,892.7901807694623
12-16 13:00:00,902.4804385479263
12-16 14:00:00,904.212905671353
12-16 15:00:00,910.0221215798786
12-16 16:00:00,911.0729748607997
12-16 17:00:00,915.2350315442321
12-16 18:00:00,915.2108526536341
12-16 19:00:00,905.805916519997
12-16 20:00:00,913.4631214524173
12-16 21:00:00,910.6880377219226
12-16 22:00:00,919.6641789347784
12-16 23:00:00,921.5093569035818
12-17 00:00:00,912.9575626698124
12-17 01:00:00,933.6945706051921
12-17 02:00:00,957.032811188327
12-17 03:00:00,961.0189735294823
12-17 04:00:00,998.2928264405891
12-17 05:00:00,1015.8194392451851
12-17 06:00:00,1025.1420811622922
12-17 07:00:00,1038.1792285378153
12-17 08:00:00,1058.9653836162663
12-17 09:00:00,1063.924446378256
12-17 10:00:00,1006.8089173039741
12-17 11:00:00,954.722383202345
12-17 12:00:00,915.1733921855358
12-17 13:00:00,891.9704630615539
12-17 14:00:00,885.4685287323244
12-17 15:00:00,897.4056685112913
12-17 16:00:00,924.5858508515726
12-17 17:00:00,938.9973462762039
12-17 18:00:00,940.8801678355259
12-17 19:00:00,943.4797540331552
12-17 20:00:00,953.7887789740945
12-17 21:00:00,956.2499182969125
12-17 22:00:00,984.7884835971654
12-17 23:00:00,982.5265642700977
12-18 00:00:00,995.3327166249371
12-18 01:00:00,986.2104555373203
12-18 02:00:00,988.3972671433513
12-18 03:00:00,1023.2904716771247
12-18 04:00:00,1027.5917805141332
12-18 05:00:00,1017.7343720182387
12-18 06:00:00,1053.4085800092014
12-18 07:00:00,1091.537309233437
12-18 08:00:00,1089.7835899106003
12-18 09:00:00,1065.748656659706
12-18 10:00:00,1017.0831517976653
12-18 11:00:00,969.2511788852053
12-18 12:00:00,923.8563440394219
12-18 13:00:00,898.5893230470738
12-18 14:00:00,906.6046429448667
12-18 15:00:00,928.7233620664055
12-18 16:00:00,926.7729963508002
12-18 17:00:00,967.9197395072167
12-18 18:00:00,1000.8620911561588
12-18 19:00:00,1008.845323191233
12-18 20:00:00,994.7388455375421
12-18 21:00:00,978.9957441013262
12-18 22:00:00,973.3368852507191
12-18 23:00:00,976.5626062586792
12-19 00:00:00,991.3099325308559
12-19 01:00:00,1002.3244164133089
12-19 02:00:00,1019.2429643943469
12-19 03:00:00,1024.134122611819
12-19 04:00:00,1047.0577544247215
12-19 05:00:00,1057.298720394893
12-19 06:00:00,1058.7076895910416
12-19 07:00:00,1073.801442399107
12-19 08:00:00,1091.947828835785
12-19 09:00:00,1099.8002037782687
12-19 10:00:00,1084.5239330849297
12-19 11:00:00,1041.1196316851506
12-19 12:00:00,1012.6869247502293
12-19 13:00:00,1005.2769398520006
12-19 14:00:00,997.9389513821462
12-19 15:00:00,1020.6285915160662
12-19 16:00:00,1042.42520242824
12-19 17:00:00,1070.326325266604
12-19 18:00:00,1095.3372039305284
12-19 19:00:00,1115.6648828691273
12-19 20:00:00,1121.2748626090065
12-19 21:00:00,1126.708426337152
12-19 22:00:00,1124.8927923426377
12-19 23:00:00,1130.3505608112214
12-20 00:00:00,1137.5826673352908
12-20 01:00:00,1123.3145807176397
12-20 02:00:00,1124.6181056389157
12-20 03:00:00,1127.4351707428248
12-20 04:00:00,1143.5477626935976
12-20 05:00:00,1151.2402136779228
12-20 06:00:00,1160.7035535474727
12-20 07:00:00,1146.0373793191739
12-20 08:00:00,1119.135707216764
12-20 09:00:00,1090.149603007688
12-20 10:00:00,1055.7430057723413
12-20 11:00:00,1019.3823281373824
12-20 12:00:00,991.3487649295168
12-20 13:00:00,990.3482250731382
12-20 14:00:00,1002.8952109259067
12-20 15:00:00,1025.4425419270383
12-20 16:00:00,1038.516585816755
12-20 17:00:00,1033.0937914630942
12-20 18:00:00,1061.653588904492
12-20 19:00:00,1105.823076126613
12-20 20:00:00,1099.9819104513294
12-20 21:00:00,1104.6326323390251
12-20 22:00:00,1124.175860593099
12-20 23:00:00,1126.0031881987104
12-21 00:00:00,1147.0535950552837
12-21 01:00:00,1157.6358368389388
12-21 02:00:00,1209.2110478479199
12-21 03:00:00,1231.2429838132477
12-21 04:00:00,1227.4521238805794
12-21 05:00:00,1199.0505875972494
12-21 06:00:00,1177.2924805346415
12-21 07:00:00,1141.6905608205498
12-21 08:00:00,1116.4509736566577
12-21 09:00:00,1104.664077059321
12-21 10:00:00,1102.995227399527
12-21 11:00:00,1104.889583530439
12-21 12:00:00,1093.499779918068
12-21 13:00:00,1085.6913989133548
12-21 14:00:00,1085.2180818901063
12-21 15:00:00,1090.2376255578286
12-21 16:00:00,1091.5689979959132
12-21 17:00:00,1109.4152531962204
12-21 18:00:00,1110.3028610278468
12-21 19:00:00,1111.068250259086
12-21 20:00:00,1125.4587717782422
12-21 21:00:00,1139.0516028577401
12-21 22:00:00,1155.203234947707
12-21 23:00:00,1171.318045012184
12-22 00:00:00,1175.6371766465957
12-22 01:00:00,1190.670301297634
12-22 02:00:00,1199.5647264362917
12-22 03:00:00,1208.4586346390793
12-22 04:00:00,1217.7698597305262
12-22 05:00:00,1237.0841308898887
12-22 06:00:00,1260.2281587511645
12-22 07:00:00,1275.9977546346151
12-22 08:00:00,1293.8412790923262
12-22 09:00:00,1285.818637950778
12-22 10:00:00,1261.3249767034456
12-22 11:00:00,1237.27513400119
12-22 12:00:00,1193.2332577697266
12-22 13:00:00,1180.57039832091
12-22 14:00:00,1178.4045013726159
12-22 15:00:00,1206.411307928372
12-22 16:00:00,1239.2414175448987
12-22 17:00:00,1272.3896233490034
12-22 18:00:00,1288.2365835142482
12-22 19:00:00,1308.8470854408943
12-22 20:00:00,1324.4824051821859
12-22 21:00:00,1315.53484505914
12-22 22:00:00,1291.5779629394094
12-22 23:00:00,1298.1216136532955
12-23 00:00:00,1299.63142348514
12-23 01:00:00,1342.4952868910882
12-23 02:00:00,1354.701458323103
12-23 03:00:00,1319.961263399579
12-23 04:00:00,1325.6651537901162
12-23 05:00:00,1297.8646976367131
12-23 06:00:00,1328.0079171125901
12-23 07:00:00,1345.683320472774
12-23 08:00:00,1364.5687982833579
12-23 09:00:00,1309.069041067043
12-23 10:00:00,1165.5215642025044
12-23 11:00:00,1011.2701833140408
12-23 12:00:00,928.9432871660122
12-23 13:00:00,861.043397195402
12-23 14:00:00,847.9057440707868
12-23 15:00:00,843.2938800214902
12-23 16:00:00,866.8621006751534
12-23 17:00:00,839.2775558105793
12-23 18:00:00,823.0981144428902
12-23 19:00:00,838.4661252538306
12-23 20:00:00,828.2064012938938
12-23 21:00:00,812.1186931694581
12-23 22:00:00,811.6226931687954
12-23 23:00:00,800.6712220857049
12-24 00:00:00,776.7122560138628
12-24 01:00:00,796.6955206742252
12-24 02:00:00,800.3270814119459
12-24 03:00:00,825.7457130130616
12-24 04:00:00,830.8123211858083
12-24 05:00:00,864.173793905051
12-24 06:00:00,838.6087526708004
12-24 07:00:00,862.8342954122948
12-24 08:00:00,863.106252003827
12-24 09:00:00,816.9662505678582
12-24 10:00:00,781.9035782580829
12-24 11:00:00,767.031161161244
12-24 12:00:00,762.1086459682394
12-24 13:00:00,728.2928292811966
12-24 14:00:00,727.474188599993
12-24 15:00:00,752.3761535630775
12-24 16:00:00,742.992590692661
12-24 17:00:00,747.4806400479682
12-24 18:00:00,750.863742881263
12-24 19:00:00,741.891612073213
12-24 20:00:00,740.3735957875291
12-24 21:00:00,752.6112856477469
12-24 22:00:00,735.1898662711955
12-24 23:00:00,731.7081955546233
12-25 00:00:00,734.4192902012971
12-25 01:00:00,748.232327450713
12-25 02:00:00,736.7554497345034
12-25 03:00:00,789.8882094981849
12-25 04:00:00,768.9743314798901
12-25 05:00:00,778.271027626452
12-25 06:00:00,793.6435485642345
12-25 07:00:00,781.9173584646112
12-25 08:00:00,779.8026580289209
12-25 09:00:00,750.3417759270204
12-25 10:00:00,775.890485425828
12-25 11:00:00,735.0949310320844
12-25 12:00:00,717.0183741421546
12-25 13:00:00,687.5517665035802
12-25 14:00:00,674.5737493675064
12-25 15:00:00,663.2235067774816
12-25 16:00:00,688.1041777384007
12-25 17:00:00,680.6250783872697
12-25 18:00:00,695.1172528171248
12-25 19:00:00,721.2748048428123
12-25 20:00:00,703.617842758078
12-25 21:00:00,735.1094650304183
12-25 22:00:00,747.4000023779993
12-25 23:00:00,723.3630949498261
12-26 00:00:00,739.0369157738687
12-26 01:00:00,730.1842593735266
12-26 02:00:00,737.8027000452006
12-26 03:00:00,751.936354028313
12-26 04:00:00,750.1005523761376
12-26 05:00:00,740.7162698096256
12-26 06:00:00,734.5137783940121
12-26 07:00:00,752.0066674069196
12-26 08:00:00,748.6579119088728
12-26 09:00:00,752.834472677721
12-26 10:00:00,738.3995654178492
12-26 11:00:00,722.5356763059121
12-26 12:00:00,663.57464102689
12-26 13:00:00,620.2273903950601
12-26 14:00:00,629.4652150410362
12-26 15:00:00,640.5168964279519
12-26 16:00:00,666.6445670500633
12-26 17:00:00,667.586957062852
12-26 18:00:00,679.0305051803878
12-26 19:00:00,696.6162444026395
12-26 20:00:00,717.6226801090008
12-26 21:00:00,719.4137258764206
12-26 22:00:00,709.3592488884291
12-26 23:00:00,732.5367806176076
12-27 00:00:00,726.3056127949719
12-27 01:00:00,731.584950913845
12-27 02:00:00,750.8829100364353
12-27 03:00:00,766.7005086655009
12-27 04:00:00,768.5351393789844
12-27 05:00:00,782.9243377091353
12-27 06:00:00,806.3417112484944
12-27 07:00:00,823.7557555965543
12-27 08:00:00,829.5709343357083
12-27 09:00:00,803.3688911566691
12-27 10:00:00,736.04841386341
12-27 11:00:00,691.5257825003619
12-27 12:00:00,666.0824490030905
12-27 13:00:00,646.220068006654
12-27 14:00:00,639.2634452760628
12-27 15:00:00,658.7553753512657
12-27 16:00:00,659.771135432741
12-27 17:00:00,680.2832194396932
12-27 18:00:00,686.5439477953897
12-27 19:00:00,693.0861885267495
12-27 20:00:00,715.8555595913213
12-27 21:00:00,709.1865134394783
12-27 22:00:00,710.0033740554614
12-27 23:00:00,728.353350510409
12-28 00:00:00,746.8510956121747
12-28 01:00:00,743.1882933890349
12-28 02:00:00,768.8964478404454
12-28 03:00:00,767.5157481767895
12-28 04:00:00,739.4671690990065
12-28 05:00:00,720.2628964550097
12-28 06:00:00,706.1065502748069
12-28 07:00:00,717.0958106393552
12-28 08:00:00,735.6195578325694
12-28 09:00:00,701.9199721037049
12-28 10:00:00,660.9188589189871
12-28 11:00:00,630.0267965400155
12-28 12:00:00,586.3270402422671
12-28 13:00:00,570.0475747797376
12-28 14:00:00,561.1155615982221
12-28 15:00:00,465.99935577558716
12-28 16:00:00,467.1605637685636
12-28 17:00:00,497.69599862131827
12-28 18:00:00,536.4257016135883
12-28 19:00:00,604.0534002275753
12-28 20:00:00,576.9532271709537
12-28 21:00:00,533.2513521419883
12-28 22:00:00,537.3165490672646
12-28 23:00:00,523.9788387032412
12-29 00:00:00,529.6179520881296
12-29 01:00:00,501.4910054491265
12-29 02:00:00,490.2697269542971
12-29 03:00:00,518.9269652027799
12-29 04:00:00,571.4061356337712
12-29 05:00:00,583.6788362911171
12-29 06:00:00,582.8468700177939
12-29 07:00:00,593.8113259950813
12-29 08:00:00,575.5216245501377
12-29 09:00:00,593.4587141407183
12-29 10:00:00,580.394031187048
12-29 11:00:00,605.755094388099
12-29 12:00:00,647.2407113318725
12-29 13:00:00,648.2537280959582
12-29 14:00:00,644.7122225911999
12-29 15:00:00,656.396504239746
12-29 16:00:00,670.7069676718493
12-29 17:00:00,682.3302399442279
12-29 18:00:00,668.303314910956
12-29 19:00:00,662.2430240111906
12-29 20:00:00,661.9262793819906
12-29 21:00:00,657.652323599558
12-29 22:00:00,652.6946710489744
12-29 23:00:00,644.0024103981517
12-30 00:00:00,633.7556180090872
12-30 01:00:00,619.2696653813362
12-30 02:00:00,615.6397020812681
12-30 03:00:00,579.8830109000838
12-30 04:00:00,534.4993333490125
12-30 05:00:00,562.8943539828207
12-30 06:00:00,559.9986662130169
12-30 07:00:00,571.0267386336114
12-30 08:00:00,546.5359524774397
12-30 09:00:00,536.4799576240459
12-30 10:00:00,511.58718333140644
12-30 11:00:00,484.401332727038
12-30 12:00:00,453.12781196264183
12-30 13:00:00,405.9567909037868
12-30 14:00:00,389.0901498738946
12-30 15:00:00,400.1699589584921
12-30 16:00:00,416.6883816954864
12-30 17:00:00,438.69475322198156
12-30 18:00:00,447.73949612773544
12-30 19:00:00,443.53571718554196
12-30 20:00:00,459.85152008111623
12-30 21:00:00,453.8574835894467
12-30 22:00:00,475.2010473609346
12-30 23:00:00,500.5897278237443
12-31 00:00:00,574.5869754539333
12-31 01:00:00,599.4716739380221
12-31 02:00:00,634.3992303219522
12-31 03:00:00,660.6374059020724
12-31 04:00:00,612.3200550388598
12-31 05:00:00,656.5522915438781
12-31 06:00:00,669.9015929524027
12-31 07:00:00,669.8510805733056
12-31 08:00:00,686.6015345610805
12-31 09:00:00,675.9634339268603
12-31 10:00:00,617.8944785890305
12-31 11:00:00,529.1457805297558
12-31 12:00:00,476.891393367389
12-31 13:00:00,454.2141093702548
12-31 14:00:00,454.0494890947953
12-31 15:00:00,435.62494169074165
12-31 16:00:00,464.6722529036407
12-31 17:00:00,490.03139527157987
12-31 18:00:00,514.303744530939
12-31 19:00:00,557.2979659765211
12-31 20:00:00,577.0848456090059
12-31 21:00:00,613.0782496412136
12-31 22:00:00,580.3515514559857
12-31 23:00:00,650.4495809606105
