,value_kW
01-01 00:00:00,874.1819870496753
01-01 01:00:00,853.597346687982
01-01 02:00:00,853.170363085832
01-01 03:00:00,858.9629826142145
01-01 04:00:00,857.8959303416354
01-01 05:00:00,860.7657466527469
01-01 06:00:00,873.3149816043599
01-01 07:00:00,885.3771760695173
01-01 08:00:00,849.312764884954
01-01 09:00:00,841.2569167979282
01-01 10:00:00,788.3483668053306
01-01 11:00:00,757.6481514215624
01-01 12:00:00,747.3122681987602
01-01 13:00:00,734.0114320611901
01-01 14:00:00,728.789508927707
01-01 15:00:00,749.6703409905069
01-01 16:00:00,770.7756038442564
01-01 17:00:00,782.0248153651315
01-01 18:00:00,778.5955578871649
01-01 19:00:00,783.272228632765
01-01 20:00:00,788.3994829182909
01-01 21:00:00,797.3792952737522
01-01 22:00:00,802.8293940248476
01-01 23:00:00,804.8576837782508
01-02 00:00:00,799.4798488080837
01-02 01:00:00,795.3918067496617
01-02 02:00:00,786.5259627736506
01-02 03:00:00,787.570241861137
01-02 04:00:00,782.7153575124346
01-02 05:00:00,782.7658464745471
01-02 06:00:00,783.8689412684029
01-02 07:00:00,783.2821827736219
01-02 08:00:00,789.3504243975026
01-02 09:00:00,779.0933014194163
01-02 10:00:00,770.9213455024866
01-02 11:00:00,754.840666478134
01-02 12:00:00,763.9920736397826
01-02 13:00:00,762.0573560857907
01-02 14:00:00,758.3113843072773
01-02 15:00:00,765.9945079498801
01-02 16:00:00,783.1034181902601
01-02 17:00:00,799.9006997954656
01-02 18:00:00,811.7308983873232
01-02 19:00:00,823.4234618072853
01-02 20:00:00,829.1067390318128
01-02 21:00:00,836.1855891314214
01-02 22:00:00,846.9749507719926
01-02 23:00:00,853.7888454769513
01-03 00:00:00,880.7109062952984
01-03 01:00:00,889.8156477342081
01-03 02:00:00,894.5733443595142
01-03 03:00:00,894.8526402553441
01-03 04:00:00,895.9614241361262
01-03 05:00:00,899.9850750825549
01-03 06:00:00,904.0162096187279
01-03 07:00:00,909.0733052801342
01-03 08:00:00,908.8779462641695
01-03 09:00:00,893.3502054872623
01-03 10:00:00,881.9633019181998
01-03 11:00:00,870.8880492977737
01-03 12:00:00,857.1407114456695
01-03 13:00:00,852.2251341907192
01-03 14:00:00,846.6130743261962
01-03 15:00:00,847.2807051418113
01-03 16:00:00,851.867053371668
01-03 17:00:00,853.0770603296978
01-03 18:00:00,860.0606155529044
01-03 19:00:00,871.2928416673979
01-03 20:00:00,885.4477720077841
01-03 21:00:00,880.6881788989967
01-03 22:00:00,876.4891429769675
01-03 23:00:00,877.2245645097331
01-04 00:00:00,877.0942504642536
01-04 01:00:00,907.2447941669125
01-04 02:00:00,928.0886924896282
01-04 03:00:00,909.0611296866551
01-04 04:00:00,921.4655629012276
01-04 05:00:00,920.3928821792351
01-04 06:00:00,921.0493243122343
01-04 07:00:00,921.1368696421843
01-04 08:00:00,917.2551104839218
01-04 09:00:00,900.2869775344757
01-04 10:00:00,889.0416590740548
01-04 11:00:00,875.8170475567177
01-04 12:00:00,852.967247670968
01-04 13:00:00,838.5358452427852
01-04 14:00:00,835.0154516487661
01-04 15:00:00,838.7214588503201
01-04 16:00:00,858.198231313988
01-04 17:00:00,875.0058406366913
01-04 18:00:00,884.2070313579673
01-04 19:00:00,893.89041053642
01-04 20:00:00,888.7511716765165
01-04 21:00:00,895.9763243602299
01-04 22:00:00,907.9084636691267
01-04 23:00:00,920.8779891433919
01-05 00:00:00,933.1136618713441
01-05 01:00:00,940.8313475910113
01-05 02:00:00,945.6280077023597
01-05 03:00:00,945.7452064111515
01-05 04:00:00,931.8165427901383
01-05 05:00:00,932.2619161643463
01-05 06:00:00,937.2087085030797
01-05 07:00:00,943.90600279495
01-05 08:00:00,947.6955507077332
01-05 09:00:00,945.86087230277
01-05 10:00:00,926.6381219955778
01-05 11:00:00,908.9751836168704
01-05 12:00:00,900.062348038283
01-05 13:00:00,894.4994153846982
01-05 14:00:00,902.4569861534184
01-05 15:00:00,909.3661352857843
01-05 16:00:00,910.7557898445465
01-05 17:00:00,911.9665191897939
01-05 18:00:00,918.1010309712069
01-05 19:00:00,929.0628766967593
01-05 20:00:00,930.4301749598203
01-05 21:00:00,935.4399959612143
01-05 22:00:00,930.8530438284876
01-05 23:00:00,936.3993717228215
01-06 00:00:00,937.1405029951882
01-06 01:00:00,937.7762606281522
01-06 02:00:00,948.7608525675865
01-06 03:00:00,955.1653897205779
01-06 04:00:00,970.4968237765928
01-06 05:00:00,995.9271556446016
01-06 06:00:00,1000.9816520565005
01-06 07:00:00,1001.929869005488
01-06 08:00:00,1000.4719368391259
01-06 09:00:00,986.3574766189855
01-06 10:00:00,976.1441920034554
01-06 11:00:00,954.322882845732
01-06 12:00:00,947.2795793436317
01-06 13:00:00,943.4960743867337
01-06 14:00:00,932.8340616121039
01-06 15:00:00,925.4933569943505
01-06 16:00:00,944.7261961751453
01-06 17:00:00,955.8560238916947
01-06 18:00:00,955.6641441091856
01-06 19:00:00,955.9977959152844
01-06 20:00:00,956.3845608621117
01-06 21:00:00,961.345369120895
01-06 22:00:00,961.345369120895
01-06 23:00:00,966.4654152692088
01-07 00:00:00,966.6099057693345
01-07 01:00:00,967.0015228075647
01-07 02:00:00,968.5698239908851
01-07 03:00:00,958.7058766304652
01-07 04:00:00,964.3245202858666
01-07 05:00:00,972.4605447888839
01-07 06:00:00,979.7065233319709
01-07 07:00:00,980.6051391158177
01-07 08:00:00,999.7392525489432
01-07 09:00:00,986.0364842438557
01-07 10:00:00,949.4519743150868
01-07 11:00:00,903.3327502627228
01-07 12:00:00,879.9578106084246
01-07 13:00:00,865.0297647317776
01-07 14:00:00,857.4854654979832
01-07 15:00:00,887.0427387438389
01-07 16:00:00,901.9556358335335
01-07 17:00:00,934.4534224879291
01-07 18:00:00,939.5532254522724
01-07 19:00:00,955.1414822654078
01-07 20:00:00,954.3485580684328
01-07 21:00:00,953.2117450672314
01-07 22:00:00,981.656030449238
01-07 23:00:00,994.4359676682442
01-08 00:00:00,998.8147360022907
01-08 01:00:00,1015.1415981853758
01-08 02:00:00,993.3302694793085
01-08 03:00:00,998.5808274032531
01-08 04:00:00,998.2905885506193
01-08 05:00:00,1009.416120281491
01-08 06:00:00,1023.3382980985416
01-08 07:00:00,1040.5198794435262
01-08 08:00:00,1040.2555482963285
01-08 09:00:00,1029.9398329933288
01-08 10:00:00,971.9987116069738
01-08 11:00:00,919.9483196461014
01-08 12:00:00,886.5083199550216
01-08 13:00:00,848.8499227355854
01-08 14:00:00,847.6201368577817
01-08 15:00:00,887.9627613625264
01-08 16:00:00,941.038051092469
01-08 17:00:00,984.8646398345342
01-08 18:00:00,1033.3344327532056
01-08 19:00:00,1069.4940079194732
01-08 20:00:00,1091.0926926701443
01-08 21:00:00,1130.400280982265
01-08 22:00:00,1147.104103666771
01-08 23:00:00,1183.6660416074567
01-09 00:00:00,1198.7454737833157
01-09 01:00:00,1209.331880176192
01-09 02:00:00,1229.962438060333
01-09 03:00:00,1244.0660923574926
01-09 04:00:00,1258.4587262297518
01-09 05:00:00,1260.258660509309
01-09 06:00:00,1269.5067172138142
01-09 07:00:00,1261.522575510045
01-09 08:00:00,1271.8874759452667
01-09 09:00:00,1235.293061247946
01-09 10:00:00,1148.8390441624372
01-09 11:00:00,1064.7716347313517
01-09 12:00:00,1006.5471591219241
01-09 13:00:00,976.2860921444511
01-09 14:00:00,981.3231688203676
01-09 15:00:00,968.6485897756877
01-09 16:00:00,984.8208931201718
01-09 17:00:00,1006.620433814558
01-09 18:00:00,1007.8490728013671
01-09 19:00:00,1033.7109076152433
01-09 20:00:00,1073.3623484703708
01-09 21:00:00,1104.4608716144821
01-09 22:00:00,1107.142234333231
01-09 23:00:00,1099.3952098434495
01-10 00:00:00,1116.9402218675375
01-10 01:00:00,1113.3221478612982
01-10 02:00:00,1130.4837345990081
01-10 03:00:00,1155.6649173168955
01-10 04:00:00,1179.6685339594533
01-10 05:00:00,1199.997907901482
01-10 06:00:00,1211.2406628501344
01-10 07:00:00,1223.2720720575653
01-10 08:00:00,1218.4610344081088
01-10 09:00:00,1219.3807415066824
01-10 10:00:00,1146.1767240432794
01-10 11:00:00,1099.3294449796947
01-10 12:00:00,1074.5710600933066
01-10 13:00:00,1036.273512358846
01-10 14:00:00,1050.1759219382839
01-10 15:00:00,1075.5873210522973
01-10 16:00:00,1093.446472617242
01-10 17:00:00,1104.7818998778162
01-10 18:00:00,1073.6570838739358
01-10 19:00:00,1098.117763643633
01-10 20:00:00,1162.5616748967648
01-10 21:00:00,1189.7902208045784
01-10 22:00:00,1171.6294171724498
01-10 23:00:00,1197.3176519767333
01-11 00:00:00,1216.1558888503293
01-11 01:00:00,1227.1885662944085
01-11 02:00:00,1266.7281772251797
01-11 03:00:00,1275.5343569223787
01-11 04:00:00,1267.2311593614772
01-11 05:00:00,1279.204324358845
01-11 06:00:00,1298.1602869997585
01-11 07:00:00,1303.8643543040141
01-11 08:00:00,1289.3019941121554
01-11 09:00:00,1259.8625872384953
01-11 10:00:00,1234.3243117804564
01-11 11:00:00,1173.7906151025816
01-11 12:00:00,1121.5667115192261
01-11 13:00:00,1110.2146179796116
01-11 14:00:00,1112.7692896183341
01-11 15:00:00,1136.3591742770132
01-11 16:00:00,1177.2284979763756
01-11 17:00:00,1200.3692132518775
01-11 18:00:00,1223.7150938488967
01-11 19:00:00,1232.4258126783645
01-11 20:00:00,1196.572468716103
01-11 21:00:00,1204.35241706762
01-11 22:00:00,1188.6582071926427
01-11 23:00:00,1176.128599342759
01-12 00:00:00,1171.274032486783
01-12 01:00:00,1141.1389708264326
01-12 02:00:00,1159.0498586506924
01-12 03:00:00,1154.1772439261733
01-12 04:00:00,1137.9014905136771
01-12 05:00:00,1143.6034635092988
01-12 06:00:00,1090.1206954150082
01-12 07:00:00,1112.5370232890616
01-12 08:00:00,1044.1930378393315
01-12 09:00:00,1009.4225277954301
01-12 10:00:00,989.8260216925863
01-12 11:00:00,930.1939678290634
01-12 12:00:00,940.1816216638284
01-12 13:00:00,929.8049973183696
01-12 14:00:00,894.0600165225288
01-12 15:00:00,929.6042733116325
01-12 16:00:00,933.3801035928606
01-12 17:00:00,906.595147215297
01-12 18:00:00,917.5390504103003
01-12 19:00:00,912.789092370435
01-12 20:00:00,895.461402288082
01-12 21:00:00,878.7979683310231
01-12 22:00:00,864.2302451366426
01-12 23:00:00,858.7636219283286
01-13 00:00:00,848.5379554172032
01-13 01:00:00,851.1249057536727
01-13 02:00:00,856.0878593651654
01-13 03:00:00,838.6912777350093
01-13 04:00:00,822.6913207128516
01-13 05:00:00,823.192714306177
01-13 06:00:00,814.6310850948872
01-13 07:00:00,824.9648541226314
01-13 08:00:00,828.2227990398455
01-13 09:00:00,811.2295419199212
01-13 10:00:00,804.5468705252291
01-13 11:00:00,800.1414313862363
01-13 12:00:00,792.2912369618035
01-13 13:00:00,771.8701734052808
01-13 14:00:00,769.2711089391042
01-13 15:00:00,750.4882210962356
01-13 16:00:00,746.1025497586309
01-13 17:00:00,753.1641278893388
01-13 18:00:00,692.3421408827794
01-13 19:00:00,737.289096067369
01-13 20:00:00,819.9842616636306
01-13 21:00:00,867.027235821395
01-13 22:00:00,878.5951225095079
01-13 23:00:00,872.2670416895083
01-14 00:00:00,860.1630585395047
01-14 01:00:00,831.9745146534118
01-14 02:00:00,776.3379922946918
01-14 03:00:00,635.595139245568
01-14 04:00:00,609.0538577458246
01-14 05:00:00,607.9859969014495
01-14 06:00:00,626.352962227528
01-14 07:00:00,707.1831382217918
01-14 08:00:00,838.6437730399476
01-14 09:00:00,855.9274512371975
01-14 10:00:00,863.241120600995
01-14 11:00:00,866.8481807631646
01-14 12:00:00,883.1395778802492
01-14 13:00:00,875.2671426754861
01-14 14:00:00,884.6420376906833
01-14 15:00:00,891.4161482502255
01-14 16:00:00,902.0681165290825
01-14 17:00:00,905.8020812769796
01-14 18:00:00,910.6936562552186
01-14 19:00:00,910.7051229048627
01-14 20:00:00,909.6660497551894
01-14 21:00:00,906.7405563218188
01-14 22:00:00,898.2589873695458
01-14 23:00:00,897.2449275524134
01-15 00:00:00,893.5383395532817
01-15 01:00:00,892.160401916427
01-15 02:00:00,893.1460071279693
01-15 03:00:00,898.7556898966881
01-15 04:00:00,905.4383637637766
01-15 05:00:00,907.463880814071
01-15 06:00:00,920.3534458399648
01-15 07:00:00,931.4847855144819
01-15 08:00:00,938.2443848994452
01-15 09:00:00,937.4108626992489
01-15 10:00:00,937.3666177499339
01-15 11:00:00,937.6429723014529
01-15 12:00:00,949.443056347615
01-15 13:00:00,962.1076439860808
01-15 14:00:00,984.1123553167442
01-15 15:00:00,1014.6678242168123
01-15 16:00:00,1031.6734227816012
01-15 17:00:00,1047.3006678832262
01-15 18:00:00,1059.4160967032856
01-15 19:00:00,1058.6759132995162
01-15 20:00:00,1068.4800943041573
01-15 21:00:00,1081.6296705301338
01-15 22:00:00,1097.631724568179
01-15 23:00:00,1151.8103540087995
01-16 00:00:00,1194.3754792617392
01-16 01:00:00,1194.530245608233
01-16 02:00:00,1204.8447664213336
01-16 03:00:00,1240.18697777013
01-16 04:00:00,1272.596682435854
01-16 05:00:00,1274.0396276489098
01-16 06:00:00,1284.2841488679512
01-16 07:00:00,1283.2803300531389
01-16 08:00:00,1284.2850524363014
01-16 09:00:00,1221.4885789627056
01-16 10:00:00,1155.3823536418965
01-16 11:00:00,1098.2067575956332
01-16 12:00:00,1103.286685330545
01-16 13:00:00,1088.7970265846018
01-16 14:00:00,1087.6382311677382
01-16 15:00:00,1113.803336248601
01-16 16:00:00,1143.0135988042227
01-16 17:00:00,1177.1327108773835
01-16 18:00:00,1165.9502979457375
01-16 19:00:00,1151.6447314266884
01-16 20:00:00,1178.6771586448676
01-16 21:00:00,1182.246939481372
01-16 22:00:00,1158.3155396987759
01-16 23:00:00,1163.155208461556
01-17 00:00:00,1176.7766286220824
01-17 01:00:00,1161.3273537936814
01-17 02:00:00,1116.0149014161475
01-17 03:00:00,1096.2248027367118
01-17 04:00:00,1093.4674453996076
01-17 05:00:00,1084.6407535392204
01-17 06:00:00,1090.5311485119496
01-17 07:00:00,1052.936843293745
01-17 08:00:00,953.579228767344
01-17 09:00:00,956.4251046624214
01-17 10:00:00,912.8023600903952
01-17 11:00:00,877.8779860283614
01-17 12:00:00,848.6674215801232
01-17 13:00:00,844.8254583797851
01-17 14:00:00,848.9494772536848
01-17 15:00:00,857.9904805287067
01-17 16:00:00,863.8648562364701
01-17 17:00:00,861.6908847417627
01-17 18:00:00,857.2381116870552
01-17 19:00:00,843.353363611403
01-17 20:00:00,838.6789313103715
01-17 21:00:00,833.4346463199471
01-17 22:00:00,832.7043606643757
01-17 23:00:00,824.158838226339
01-18 00:00:00,824.9046412497255
01-18 01:00:00,834.3241207423572
01-18 02:00:00,840.5155802955738
01-18 03:00:00,841.3497835688179
01-18 04:00:00,832.8830256405467
01-18 05:00:00,848.9872093753744
01-18 06:00:00,857.7309537211062
01-18 07:00:00,854.0513860371115
01-18 08:00:00,834.4076415594751
01-18 09:00:00,814.6913069668572
01-18 10:00:00,816.8595125606272
01-18 11:00:00,809.5436725162469
01-18 12:00:00,806.3790007024398
01-18 13:00:00,792.0010775517726
01-18 14:00:00,782.5771942972353
01-18 15:00:00,788.529368709062
01-18 16:00:00,812.525676533471
01-18 17:00:00,838.1417544769588
01-18 18:00:00,883.4437201111241
01-18 19:00:00,937.6334403347713
01-18 20:00:00,948.769056114004
01-18 21:00:00,972.7733964667308
01-18 22:00:00,964.4926445717505
01-18 23:00:00,989.7424926175751
01-19 00:00:00,1041.693191751066
01-19 01:00:00,1027.3040902667929
01-19 02:00:00,1054.750959179932
01-19 03:00:00,1106.448210886058
01-19 04:00:00,1117.5090350198684
01-19 05:00:00,1127.1207489237029
01-19 06:00:00,1109.1158166151376
01-19 07:00:00,1163.5102303960457
01-19 08:00:00,1118.644200566152
01-19 09:00:00,1089.1173328795173
01-19 10:00:00,1007.3083210375926
01-19 11:00:00,966.264227995514
01-19 12:00:00,922.0441609710704
01-19 13:00:00,864.9944201755757
01-19 14:00:00,829.5503577623009
01-19 15:00:00,815.7889193617294
01-19 16:00:00,818.1902270999378
01-19 17:00:00,835.5193771600937
01-19 18:00:00,869.1302202575268
01-19 19:00:00,861.7798467119294
01-19 20:00:00,844.0569136305321
01-19 21:00:00,825.3951438153636
01-19 22:00:00,828.2641863077372
01-19 23:00:00,855.750919139175
01-20 00:00:00,873.051734335217
01-20 01:00:00,903.6754331415316
01-20 02:00:00,908.3053798690985
01-20 03:00:00,882.6682087157981
01-20 04:00:00,903.3961828055224
01-20 05:00:00,916.3168125337189
01-20 06:00:00,928.4036902246147
01-20 07:00:00,894.2025884428865
01-20 08:00:00,907.039525386147
01-20 09:00:00,868.875694782565
01-20 10:00:00,803.8157707941369
01-20 11:00:00,746.8191241131798
01-20 12:00:00,722.3367801789975
01-20 13:00:00,694.8151343174058
01-20 14:00:00,670.2933085607145
01-20 15:00:00,642.2356204697024
01-20 16:00:00,662.6184097593231
01-20 17:00:00,680.2664698030158
01-20 18:00:00,703.3265677962851
01-20 19:00:00,695.9933289614919
01-20 20:00:00,703.5822712969874
01-20 21:00:00,718.4409300526672
01-20 22:00:00,744.4670229322943
01-20 23:00:00,754.0855094572275
01-21 00:00:00,744.4387392376195
01-21 01:00:00,717.5167030276453
01-21 02:00:00,690.5127401699183
01-21 03:00:00,674.006196274949
01-21 04:00:00,627.0892890462993
01-21 05:00:00,597.6303053352451
01-21 06:00:00,565.5310381315204
01-21 07:00:00,596.2468900187041
01-21 08:00:00,611.8574343719088
01-21 09:00:00,587.5145281192446
01-21 10:00:00,570.3468335628094
01-21 11:00:00,544.6046487911187
01-21 12:00:00,495.1326882300126
01-21 13:00:00,476.06389221145344
01-21 14:00:00,512.7903721551808
01-21 15:00:00,506.1993131381646
01-21 16:00:00,524.1006034088695
01-21 17:00:00,586.0083176952994
01-21 18:00:00,597.0280360496917
01-21 19:00:00,604.4852080460099
01-21 20:00:00,626.5522740049273
01-21 21:00:00,590.2276187860347
01-21 22:00:00,570.1078062280408
01-21 23:00:00,561.6388110692499
01-22 00:00:00,570.5119584216114
01-22 01:00:00,582.5049219788147
01-22 02:00:00,628.642432727332
01-22 03:00:00,620.4866665263212
01-22 04:00:00,602.6209093694906
01-22 05:00:00,642.885595298048
01-22 06:00:00,610.1661427858611
01-22 07:00:00,626.504914459256
01-22 08:00:00,588.0271655361566
01-22 09:00:00,622.6725090552143
01-22 10:00:00,552.6034271191614
01-22 11:00:00,513.2191871081077
01-22 12:00:00,519.0984486979528
01-22 13:00:00,507.3733065435947
01-22 14:00:00,501.0191498345454
01-22 15:00:00,512.8966830621179
01-22 16:00:00,548.8784656146623
01-22 17:00:00,572.2962583259857
01-22 18:00:00,600.2854398671154
01-22 19:00:00,636.3106080173571
01-22 20:00:00,668.7170312367435
01-22 21:00:00,646.4895065682213
01-22 22:00:00,650.9799639942
01-22 23:00:00,691.0240898142474
01-23 00:00:00,702.375605412433
01-23 01:00:00,755.9101374099677
01-23 02:00:00,755.35879636817
01-23 03:00:00,759.9983905604105
01-23 04:00:00,766.0949117810334
01-23 05:00:00,778.2162572926783
01-23 06:00:00,816.4751632460757
01-23 07:00:00,827.6072935995317
01-23 08:00:00,820.8256719092126
01-23 09:00:00,816.3009069360974
01-23 10:00:00,828.2376092608814
01-23 11:00:00,797.8136315819721
01-23 12:00:00,746.2551729270331
01-23 13:00:00,719.4399651304217
01-23 14:00:00,726.4268431958112
01-23 15:00:00,753.9260193267867
01-23 16:00:00,760.1482524222221
01-23 17:00:00,808.39495239105
01-23 18:00:00,783.6869032332839
01-23 19:00:00,786.6079835410413
01-23 20:00:00,827.6713775293297
01-23 21:00:00,834.1708193703464
01-23 22:00:00,818.4564509905548
01-23 23:00:00,803.4702096540332
01-24 00:00:00,789.0606063759692
01-24 01:00:00,778.8777449415674
01-24 02:00:00,754.8213981161981
01-24 03:00:00,714.7162524364113
01-24 04:00:00,783.491996168007
01-24 05:00:00,799.1917013336245
01-24 06:00:00,812.8171300109858
01-24 07:00:00,832.412273030752
01-24 08:00:00,884.18891823885
01-24 09:00:00,861.5394847372555
01-24 10:00:00,843.6283951088227
01-24 11:00:00,810.4474826576487
01-24 12:00:00,794.74349343428
01-24 13:00:00,801.0577221750975
01-24 14:00:00,818.5665076554837
01-24 15:00:00,849.1519107321188
01-24 16:00:00,918.376420442441
01-24 17:00:00,958.9620447741191
01-24 18:00:00,970.6609651531634
01-24 19:00:00,1012.976554179234
01-24 20:00:00,1001.3593772728847
01-24 21:00:00,983.2055934483607
01-24 22:00:00,989.9149022592563
01-24 23:00:00,983.2456912769885
01-25 00:00:00,959.019037930888
01-25 01:00:00,938.1296637924265
01-25 02:00:00,935.6455841342558
01-25 03:00:00,985.2764292930274
01-25 04:00:00,1003.2939975400965
01-25 05:00:00,990.942822605455
01-25 06:00:00,993.7337593702705
01-25 07:00:00,971.796803709302
01-25 08:00:00,965.2044868748209
01-25 09:00:00,951.6920549882802
01-25 10:00:00,910.9181647333455
01-25 11:00:00,914.0471037177316
01-25 12:00:00,885.5755496846301
01-25 13:00:00,864.492722198216
01-25 14:00:00,883.7967011055326
01-25 15:00:00,879.8178608440421
01-25 16:00:00,883.8253163275618
01-25 17:00:00,940.232048795139
01-25 18:00:00,930.0796437103331
01-25 19:00:00,928.1971822731451
01-25 20:00:00,901.7842302065011
01-25 21:00:00,891.1652567622368
01-25 22:00:00,873.2999855594867
01-25 23:00:00,884.0061678135478
01-26 00:00:00,889.3120048154896
01-26 01:00:00,885.450493891043
01-26 02:00:00,907.6109327979236
01-26 03:00:00,918.2504981915937
01-26 04:00:00,899.43463602643
01-26 05:00:00,944.3435625360594
01-26 06:00:00,935.2343852038471
01-26 07:00:00,927.8070399643273
01-26 08:00:00,935.0036329396986
01-26 09:00:00,913.7322927264946
01-26 10:00:00,881.3943356583092
01-26 11:00:00,866.2594938650624
01-26 12:00:00,835.3715749020155
01-26 13:00:00,815.9821189857399
01-26 14:00:00,841.6900001955833
01-26 15:00:00,847.7596317072381
01-26 16:00:00,878.1378223076151
01-26 17:00:00,896.5643378064194
01-26 18:00:00,921.3832211999196
01-26 19:00:00,943.092325052528
01-26 20:00:00,934.0474308507686
01-26 21:00:00,952.3331449355474
01-26 22:00:00,975.159594976214
01-26 23:00:00,992.5218930121522
01-27 00:00:00,1026.2646135522216
01-27 01:00:00,1064.8810030036857
01-27 02:00:00,1069.0702476971926
01-27 03:00:00,1070.9299183887792
01-27 04:00:00,1080.671084994733
01-27 05:00:00,1065.7271230733093
01-27 06:00:00,1043.9726638408415
01-27 07:00:00,1058.3136472314295
01-27 08:00:00,1053.0890138987666
01-27 09:00:00,1039.2855991539827
01-27 10:00:00,1070.9120577762637
01-27 11:00:00,1082.4427433678247
01-27 12:00:00,1056.6623270997604
01-27 13:00:00,1035.544035429802
01-27 14:00:00,1018.289736136076
01-27 15:00:00,1023.1165899348314
01-27 16:00:00,1016.4465245718402
01-27 17:00:00,995.5565971736557
01-27 18:00:00,974.6226151966548
01-27 19:00:00,963.3739967430345
01-27 20:00:00,948.3675332730687
01-27 21:00:00,930.4068239881087
01-27 22:00:00,924.0847971041576
01-27 23:00:00,903.2495657479894
01-28 00:00:00,899.7329396758704
01-28 01:00:00,900.1013863913554
01-28 02:00:00,888.2549095281948
01-28 03:00:00,876.0377347505203
01-28 04:00:00,862.617022225874
01-28 05:00:00,850.031334797819
01-28 06:00:00,830.4672146139297
01-28 07:00:00,814.9774297774846
01-28 08:00:00,794.0206212106692
01-28 09:00:00,789.5675621578891
01-28 10:00:00,765.1788663514601
01-28 11:00:00,747.4306279112543
01-28 12:00:00,749.0031491437105
01-28 13:00:00,748.0545400019199
01-28 14:00:00,717.5463499693102
01-28 15:00:00,717.5463499693102
01-28 16:00:00,703.3657982516593
01-28 17:00:00,664.3442397634633
01-28 18:00:00,526.5982116371233
01-28 19:00:00,557.6365951458414
01-28 20:00:00,440.0892701083412
01-28 21:00:00,572.5081978292523
01-28 22:00:00,636.2562511606019
01-28 23:00:00,668.8709811132621
01-29 00:00:00,655.2819770107019
01-29 01:00:00,667.9318827349404
01-29 02:00:00,672.3658135978163
01-29 03:00:00,673.2328024454094
01-29 04:00:00,676.4827105578393
01-29 05:00:00,700.2162122481107
01-29 06:00:00,685.2919860335679
01-29 07:00:00,629.62786944039
01-29 08:00:00,475.4855281194348
01-29 09:00:00,450.9769416441354
01-29 10:00:00,450.0731576040963
01-29 11:00:00,455.48516373562194
01-29 12:00:00,529.0018463230002
01-29 13:00:00,615.3547878662673
01-29 14:00:00,594.9583702675604
01-29 15:00:00,521.1305680387203
01-29 16:00:00,472.47403026072806
01-29 17:00:00,501.0146465260966
01-29 18:00:00,593.0947264740794
01-29 19:00:00,597.7622636699432
01-29 20:00:00,616.598993716478
01-29 21:00:00,579.9904548913263
01-29 22:00:00,559.4700495747144
01-29 23:00:00,553.3840299919838
01-30 00:00:00,540.7000341969798
01-30 01:00:00,537.7272134737873
01-30 02:00:00,558.9407148046391
01-30 03:00:00,561.1882141349279
01-30 04:00:00,616.5949194095095
01-30 05:00:00,625.481560642513
01-30 06:00:00,664.6433491730597
01-30 07:00:00,703.7259759949006
01-30 08:00:00,711.0958917876108
01-30 09:00:00,687.6868905007254
01-30 10:00:00,676.2631947506633
01-30 11:00:00,621.2185795419572
01-30 12:00:00,637.1232605503712
01-30 13:00:00,653.081476857672
01-30 14:00:00,669.7000640719211
01-30 15:00:00,686.1461261588845
01-30 16:00:00,681.737197961195
01-30 17:00:00,698.6334812506507
01-30 18:00:00,700.017351950494
01-30 19:00:00,704.0456364241336
01-30 20:00:00,702.5320437404147
01-30 21:00:00,708.3000522697579
01-30 22:00:00,707.4196085311139
01-30 23:00:00,697.5565560723693
01-31 00:00:00,693.7144731809142
01-31 01:00:00,690.4676431685787
01-31 02:00:00,695.4755977244405
01-31 03:00:00,695.5911534040318
01-31 04:00:00,710.857517518223
01-31 05:00:00,698.055984227671
01-31 06:00:00,719.3148498153719
01-31 07:00:00,718.6725718641577
01-31 08:00:00,710.7237520885361
01-31 09:00:00,724.7356943682724
01-31 10:00:00,709.8637246176668
01-31 11:00:00,691.7925843675574
01-31 12:00:00,669.1930421629843
01-31 13:00:00,640.5491656587778
01-31 14:00:00,618.5620732722645
01-31 15:00:00,597.4979261895231
01-31 16:00:00,590.5378860945265
01-31 17:00:00,615.6476701822593
01-31 18:00:00,642.3759956590999
01-31 19:00:00,656.7826342578899
01-31 20:00:00,692.8909319607864
01-31 21:00:00,701.324024158712
01-31 22:00:00,718.8108488440786
01-31 23:00:00,709.7762050865248
02-01 00:00:00,699.6194188571552
02-01 01:00:00,686.9968752615785
02-01 02:00:00,690.7361451367334
02-01 03:00:00,689.2755709611528
02-01 04:00:00,681.5211171220443
02-01 05:00:00,697.9480970094369
02-01 06:00:00,690.4089188936803
02-01 07:00:00,671.7990394336368
02-01 08:00:00,663.1204922349225
02-01 09:00:00,655.53260280381
02-01 10:00:00,642.7239991874098
02-01 11:00:00,642.6867179703212
02-01 12:00:00,616.4320101554864
02-01 13:00:00,579.0016186218392
02-01 14:00:00,596.3884256294064
02-01 15:00:00,612.657145919273
02-01 16:00:00,634.1232623229855
02-01 17:00:00,634.449105288083
02-01 18:00:00,641.5399914616362
02-01 19:00:00,640.9254962812172
02-01 20:00:00,646.0762672591536
02-01 21:00:00,640.2975575322023
02-01 22:00:00,637.9617917061036
02-01 23:00:00,649.8420751893664
02-02 00:00:00,653.8804087160318
02-02 01:00:00,653.07632337057
02-02 02:00:00,631.104410360414
02-02 03:00:00,601.9297831061156
02-02 04:00:00,635.3778250684129
02-02 05:00:00,658.2547428749999
02-02 06:00:00,676.379936753591
02-02 07:00:00,662.6711295763942
02-02 08:00:00,651.5250743200784
02-02 09:00:00,631.5460464752553
02-02 10:00:00,608.6512058248325
02-02 11:00:00,580.5727242942819
02-02 12:00:00,552.0929393849386
02-02 13:00:00,554.0170345816275
02-02 14:00:00,539.4433989412476
02-02 15:00:00,534.9467125675474
02-02 16:00:00,534.6059536357477
02-02 17:00:00,551.6477998170114
02-02 18:00:00,559.0398549153299
02-02 19:00:00,568.6453679805027
02-02 20:00:00,574.0784658459224
02-02 21:00:00,575.126303001238
02-02 22:00:00,543.1769337728583
02-02 23:00:00,582.0585804509425
02-03 00:00:00,585.9456431433387
02-03 01:00:00,577.212438952164
02-03 02:00:00,585.9682439969191
02-03 03:00:00,592.0827991241558
02-03 04:00:00,591.6146707678283
02-03 05:00:00,603.8776778179842
02-03 06:00:00,581.5501108176829
02-03 07:00:00,593.2261549170174
02-03 08:00:00,591.4478225480354
02-03 09:00:00,578.9061443467039
02-03 10:00:00,517.1008836510002
02-03 11:00:00,484.67814090498547
02-03 12:00:00,485.0759677576258
02-03 13:00:00,498.65970393342
02-03 14:00:00,488.6650053436219
02-03 15:00:00,500.35706663579396
02-03 16:00:00,502.31833941314073
02-03 17:00:00,494.92600429895776
02-03 18:00:00,497.91183197477017
02-03 19:00:00,436.57090798034665
02-03 20:00:00,436.6131427219703
02-03 21:00:00,502.8191711691111
02-03 22:00:00,527.8503135337965
02-03 23:00:00,458.82603549299193
02-04 00:00:00,418.3266937761483
02-04 01:00:00,433.3297537827711
02-04 02:00:00,521.4879421549183
02-04 03:00:00,550.588582904633
02-04 04:00:00,582.8994267912309
02-04 05:00:00,578.8783407009225
02-04 06:00:00,594.2921448082996
02-04 07:00:00,666.2915856272178
02-04 08:00:00,678.435732713499
02-04 09:00:00,611.3434879400809
02-04 10:00:00,546.4144677570467
02-04 11:00:00,473.69666868657043
02-04 12:00:00,425.0788914428422
02-04 13:00:00,423.9087745603352
02-04 14:00:00,431.65535935170726
02-04 15:00:00,432.55151514297245
02-04 16:00:00,468.0747310544346
02-04 17:00:00,505.55876184646155
02-04 18:00:00,553.7233122746113
02-04 19:00:00,582.8218027555274
02-04 20:00:00,571.5474800867389
02-04 21:00:00,597.3695016406679
02-04 22:00:00,600.947423493037
02-04 23:00:00,600.0724395367686
02-05 00:00:00,616.5621322216558
02-05 01:00:00,628.677953366717
02-05 02:00:00,648.839385227675
02-05 03:00:00,657.431413332987
02-05 04:00:00,659.3616953179672
02-05 05:00:00,681.8723190538747
02-05 06:00:00,685.2392532922098
02-05 07:00:00,709.0382808895931
02-05 08:00:00,729.5537197046856
02-05 09:00:00,613.0175500898805
02-05 10:00:00,526.1245331031857
02-05 11:00:00,479.56219034931337
02-05 12:00:00,392.43451597410683
02-05 13:00:00,329.27533948846315
02-05 14:00:00,329.5298265811955
02-05 15:00:00,335.5549876204522
02-05 16:00:00,396.1284187458218
02-05 17:00:00,416.1230821878113
02-05 18:00:00,451.2283013574566
02-05 19:00:00,485.6855423280171
02-05 20:00:00,490.4299262660708
02-05 21:00:00,526.8798268614356
02-05 22:00:00,553.5078915850212
02-05 23:00:00,584.4020107377287
02-06 00:00:00,590.1136280872911
02-06 01:00:00,598.2726637903406
02-06 02:00:00,624.0077576582283
02-06 03:00:00,648.16390138557
02-06 04:00:00,640.5144598293714
02-06 05:00:00,646.4456208262563
02-06 06:00:00,657.9869116136538
02-06 07:00:00,654.2576659332902
02-06 08:00:00,661.7806540623405
02-06 09:00:00,627.923144166235
02-06 10:00:00,586.182655334586
02-06 11:00:00,569.1294646818527
02-06 12:00:00,524.5578652063193
02-06 13:00:00,504.97643929665156
02-06 14:00:00,520.0282977164828
02-06 15:00:00,502.25521323784636
02-06 16:00:00,515.5826254659024
02-06 17:00:00,549.3448566825673
02-06 18:00:00,557.5865810845538
02-06 19:00:00,576.0448051185667
02-06 20:00:00,583.0243731339085
02-06 21:00:00,572.6386388502682
02-06 22:00:00,588.8512902861812
02-06 23:00:00,612.5753721795222
02-07 00:00:00,642.4916039988635
02-07 01:00:00,636.0127515955405
02-07 02:00:00,639.3677716174332
02-07 03:00:00,637.5240305223326
02-07 04:00:00,653.3013705133133
02-07 05:00:00,668.311798415104
02-07 06:00:00,680.3139259757
02-07 07:00:00,670.8857674790321
02-07 08:00:00,683.1385228607704
02-07 09:00:00,618.0492740154256
02-07 10:00:00,587.5133951902179
02-07 11:00:00,607.7784674793899
02-07 12:00:00,575.1481628092677
02-07 13:00:00,581.1619324622856
02-07 14:00:00,595.8625579695527
02-07 15:00:00,615.8278904283391
02-07 16:00:00,635.8217308049651
02-07 17:00:00,672.8212644368659
02-07 18:00:00,708.6814946024485
02-07 19:00:00,757.9152722027104
02-07 20:00:00,777.4975707466697
02-07 21:00:00,781.7559316594918
02-07 22:00:00,786.479266704925
02-07 23:00:00,747.5595118472758
02-08 00:00:00,775.8081048999509
02-08 01:00:00,788.6223296078672
02-08 02:00:00,805.2104440018795
02-08 03:00:00,814.9524382948636
02-08 04:00:00,825.9628229923178
02-08 05:00:00,830.6533275780528
02-08 06:00:00,827.7526500714692
02-08 07:00:00,836.0747894844276
02-08 08:00:00,830.6055819135795
02-08 09:00:00,807.3548537609904
02-08 10:00:00,719.8682498382667
02-08 11:00:00,638.4356722480555
02-08 12:00:00,597.2775887891831
02-08 13:00:00,563.9802921659826
02-08 14:00:00,563.975728403059
02-08 15:00:00,579.3473298794868
02-08 16:00:00,712.1700249100412
02-08 17:00:00,758.5329119225653
02-08 18:00:00,782.3874537786619
02-08 19:00:00,799.4393284514513
02-08 20:00:00,816.0588571891265
02-08 21:00:00,828.213430133692
02-08 22:00:00,840.504179476437
02-08 23:00:00,848.9471767186008
02-09 00:00:00,856.1168897778666
02-09 01:00:00,852.3807347116277
02-09 02:00:00,849.8682771133507
02-09 03:00:00,860.9361773978218
02-09 04:00:00,870.4769573546295
02-09 05:00:00,888.1314601869451
02-09 06:00:00,887.1585818045887
02-09 07:00:00,890.598267897757
02-09 08:00:00,890.456537774579
02-09 09:00:00,878.6485578244357
02-09 10:00:00,871.2969550965191
02-09 11:00:00,870.0595564918626
02-09 12:00:00,855.0127249481468
02-09 13:00:00,843.3376543543903
02-09 14:00:00,843.0739514460764
02-09 15:00:00,836.6523783716243
02-09 16:00:00,839.7461553915045
02-09 17:00:00,852.6830770302508
02-09 18:00:00,859.0850713130541
02-09 19:00:00,896.136136555436
02-09 20:00:00,915.106526453704
02-09 21:00:00,912.3262881197124
02-09 22:00:00,900.8426842927495
02-09 23:00:00,889.4433035671991
02-10 00:00:00,900.0631737404638
02-10 01:00:00,909.2774213263067
02-10 02:00:00,896.1622415029946
02-10 03:00:00,892.1985620075112
02-10 04:00:00,891.0985050841986
02-10 05:00:00,882.9309622639405
02-10 06:00:00,884.3505520493537
02-10 07:00:00,884.0016896867785
02-10 08:00:00,882.1576165532059
02-10 09:00:00,880.6535503027006
02-10 10:00:00,862.0093579668703
02-10 11:00:00,833.4630854851553
02-10 12:00:00,822.0066258964653
02-10 13:00:00,776.6528497646616
02-10 14:00:00,746.51482123139
02-10 15:00:00,725.9078463847
02-10 16:00:00,760.0368597294918
02-10 17:00:00,828.4043035783437
02-10 18:00:00,893.0185543743371
02-10 19:00:00,984.5507364666013
02-10 20:00:00,1042.726689806467
02-10 21:00:00,1080.2224478228902
02-10 22:00:00,1108.3048549637397
02-10 23:00:00,1159.333691122997
02-11 00:00:00,1200.3137211395351
02-11 01:00:00,1226.3039268741268
02-11 02:00:00,1250.763929932365
02-11 03:00:00,1269.8314899636143
02-11 04:00:00,1293.2791521893912
02-11 05:00:00,1307.916377164185
02-11 06:00:00,1311.7561166959367
02-11 07:00:00,1308.581752506074
02-11 08:00:00,1297.9789120109044
02-11 09:00:00,1288.2096435446163
02-11 10:00:00,1279.1302034379935
02-11 11:00:00,1271.1114694778428
02-11 12:00:00,1251.2858195271851
02-11 13:00:00,1231.807999021391
02-11 14:00:00,1219.4556041841392
02-11 15:00:00,1214.9666144282305
02-11 16:00:00,1221.1891984517997
02-11 17:00:00,1241.9610146956245
02-11 18:00:00,1253.3419349205205
02-11 19:00:00,1258.7954770565498
02-11 20:00:00,1265.4473386927061
02-11 21:00:00,1265.5903319245397
02-11 22:00:00,1280.6969258069626
02-11 23:00:00,1293.2932925516466
02-12 00:00:00,1320.4581016706409
02-12 01:00:00,1338.4101872981055
02-12 02:00:00,1334.0969368289866
02-12 03:00:00,1315.8739854817482
02-12 04:00:00,1321.4538298550642
02-12 05:00:00,1335.1988576515303
02-12 06:00:00,1338.8956241216586
02-12 07:00:00,1344.3751501880192
02-12 08:00:00,1331.0702707385433
02-12 09:00:00,1323.5840878875083
02-12 10:00:00,1304.1094507747982
02-12 11:00:00,1276.9531022080114
02-12 12:00:00,1244.8543770613335
02-12 13:00:00,1226.1314993003584
02-12 14:00:00,1224.5298080206037
02-12 15:00:00,1225.4297106900653
02-12 16:00:00,1235.9481155087992
02-12 17:00:00,1252.0819143566623
02-12 18:00:00,1266.3639446819761
02-12 19:00:00,1235.2875069413758
02-12 20:00:00,1216.0499394708054
02-12 21:00:00,1220.1248422459785
02-12 22:00:00,1233.7331581689436
02-12 23:00:00,1254.329283908317
02-13 00:00:00,1268.7898377427985
02-13 01:00:00,1282.063631333922
02-13 02:00:00,1291.8999444211358
02-13 03:00:00,1319.9499927059735
02-13 04:00:00,1343.2517467985315
02-13 05:00:00,1359.4817857949897
02-13 06:00:00,1380.9383151472236
02-13 07:00:00,1381.1664529737352
02-13 08:00:00,1381.0477021125992
02-13 09:00:00,1373.481268419485
02-13 10:00:00,1338.2555703314583
02-13 11:00:00,1310.7196471866455
02-13 12:00:00,1304.1455920457286
02-13 13:00:00,1281.2760784209293
02-13 14:00:00,1255.5455768791196
02-13 15:00:00,1245.842109181904
02-13 16:00:00,1243.4880422151107
02-13 17:00:00,1264.6795114494034
02-13 18:00:00,1339.619688634787
02-13 19:00:00,1368.6527475990888
02-13 20:00:00,1352.5281228513084
02-13 21:00:00,1380.4384622327843
02-13 22:00:00,1431.4452373732324
02-13 23:00:00,1486.7257584059912
02-14 00:00:00,1535.2242131692603
02-14 01:00:00,1556.3644692177506
02-14 02:00:00,1567.795744278075
02-14 03:00:00,1594.9250702647737
02-14 04:00:00,1581.9501625324563
02-14 05:00:00,1588.6953104126565
02-14 06:00:00,1622.5394983068695
02-14 07:00:00,1627.454783503612
02-14 08:00:00,1591.071080895814
02-14 09:00:00,1509.6301931779126
02-14 10:00:00,1363.0340409594614
02-14 11:00:00,1263.6023677478327
02-14 12:00:00,1193.3046347826714
02-14 13:00:00,1133.4991841247122
02-14 14:00:00,1103.1105538294876
02-14 15:00:00,1091.2125221561078
02-14 16:00:00,1112.6855988857847
02-14 17:00:00,1160.2403487491608
02-14 18:00:00,1209.3435741465876
02-14 19:00:00,1221.7072007848406
02-14 20:00:00,1243.937254654567
02-14 21:00:00,1245.920185417278
02-14 22:00:00,1228.0045651405803
02-14 23:00:00,1208.6151396711139
02-15 00:00:00,1189.6216006096283
02-15 01:00:00,1208.3912101478838
02-15 02:00:00,1235.0126666387662
02-15 03:00:00,1242.023212184665
02-15 04:00:00,1240.3979630998856
02-15 05:00:00,1277.3501890770049
02-15 06:00:00,1231.7421848068573
02-15 07:00:00,1241.4998467974506
02-15 08:00:00,1179.7711808421418
02-15 09:00:00,1022.5980826363165
02-15 10:00:00,922.1036134027379
02-15 11:00:00,867.8530441536742
02-15 12:00:00,814.3891956937699
02-15 13:00:00,767.9385890871017
02-15 14:00:00,759.1381965651248
02-15 15:00:00,758.2760154686573
02-15 16:00:00,771.8965431306817
02-15 17:00:00,776.2607710052508
02-15 18:00:00,769.3001423508131
02-15 19:00:00,776.2284734605844
02-15 20:00:00,766.8635897559318
02-15 21:00:00,741.539561647492
02-15 22:00:00,744.88969807557
02-15 23:00:00,763.6657256803272
02-16 00:00:00,773.2703946037565
02-16 01:00:00,789.2965448987021
02-16 02:00:00,781.9716173737863
02-16 03:00:00,763.0160756117267
02-16 04:00:00,771.0808313952173
02-16 05:00:00,750.3271202573726
02-16 06:00:00,749.3083352455686
02-16 07:00:00,746.7098546170539
02-16 08:00:00,729.4743977281181
02-16 09:00:00,666.9258027060013
02-16 10:00:00,636.6211129643541
02-16 11:00:00,599.4005555711675
02-16 12:00:00,574.83725775397
02-16 13:00:00,514.9108928375706
02-16 14:00:00,474.0937753034536
02-16 15:00:00,487.7311453190487
02-16 16:00:00,527.7613299780229
02-16 17:00:00,550.1293853617369
02-16 18:00:00,558.4379132441187
02-16 19:00:00,593.2261354626755
02-16 20:00:00,621.7629240135981
02-16 21:00:00,624.2858865602742
02-16 22:00:00,621.5544191224083
02-16 23:00:00,648.9505531102485
02-17 00:00:00,609.5482426548372
02-17 01:00:00,618.0584278950076
02-17 02:00:00,631.0993439093771
02-17 03:00:00,583.8864066179287
02-17 04:00:00,577.1583644918948
02-17 05:00:00,591.4907306139555
02-17 06:00:00,605.6298687866323
02-17 07:00:00,618.7644894598681
02-17 08:00:00,609.4216463954923
02-17 09:00:00,591.7574396699852
02-17 10:00:00,538.1386456377235
02-17 11:00:00,504.70849138833864
02-17 12:00:00,412.0122900209333
02-17 13:00:00,409.6024101079116
02-17 14:00:00,404.36671773577655
02-17 15:00:00,411.8249873013467
02-17 16:00:00,467.604450354111
02-17 17:00:00,524.6703931548651
02-17 18:00:00,565.3690414987867
02-17 19:00:00,570.2180280918088
02-17 20:00:00,637.3279545448767
02-17 21:00:00,669.8704981176852
02-17 22:00:00,699.7084482608674
02-17 23:00:00,715.9755207787985
02-18 00:00:00,726.2731286359057
02-18 01:00:00,726.0012507886067
02-18 02:00:00,740.2330333437818
02-18 03:00:00,757.7594819472175
02-18 04:00:00,785.833664988871
02-18 05:00:00,802.0182817861597
02-18 06:00:00,814.3434019894023
02-18 07:00:00,826.9097504521254
02-18 08:00:00,793.238737755571
02-18 09:00:00,712.1323657962504
02-18 10:00:00,626.0568343169717
02-18 11:00:00,546.6999145161377
02-18 12:00:00,484.2784441996553
02-18 13:00:00,425.12466533098296
02-18 14:00:00,390.0823144514862
02-18 15:00:00,385.7413147636217
02-18 16:00:00,445.8652447038625
02-18 17:00:00,491.91023558030327
02-18 18:00:00,520.5841076068841
02-18 19:00:00,535.981290141697
02-18 20:00:00,540.8745840963315
02-18 21:00:00,548.6205725442741
02-18 22:00:00,578.39183491469
02-18 23:00:00,539.9163305170722
02-19 00:00:00,554.8173509386338
02-19 01:00:00,597.0146864651198
02-19 02:00:00,582.1643680670181
02-19 03:00:00,595.4053204720423
02-19 04:00:00,592.1531309114472
02-19 05:00:00,574.9196871296028
02-19 06:00:00,586.5722846684102
02-19 07:00:00,580.7306447670229
02-19 08:00:00,576.3316945426868
02-19 09:00:00,549.0877893053004
02-19 10:00:00,475.66068052915256
02-19 11:00:00,384.8288772721228
02-19 12:00:00,311.9230079786433
02-19 13:00:00,274.09305245121936
02-19 14:00:00,258.49988020053644
02-19 15:00:00,270.8501024668247
02-19 16:00:00,332.1204681853628
02-19 17:00:00,367.2326044340199
02-19 18:00:00,433.4801418827469
02-19 19:00:00,465.5778105104684
02-19 20:00:00,484.85523423797633
02-19 21:00:00,522.439872309837
02-19 22:00:00,534.6435470369939
02-19 23:00:00,554.6092337567101
02-20 00:00:00,548.1640411448218
02-20 01:00:00,557.2425303053359
02-20 02:00:00,591.3956723654671
02-20 03:00:00,611.3658134627238
02-20 04:00:00,664.0620779490488
02-20 05:00:00,664.04794294898
02-20 06:00:00,657.4956083949828
02-20 07:00:00,685.2407373400397
02-20 08:00:00,662.6634432068769
02-20 09:00:00,576.0111746024896
02-20 10:00:00,475.06834610127623
02-20 11:00:00,382.4489439510189
02-20 12:00:00,315.1870776438048
02-20 13:00:00,275.89237428471154
02-20 14:00:00,253.8622672389142
02-20 15:00:00,261.4963497588276
02-20 16:00:00,314.2307029547497
02-20 17:00:00,355.1815155425031
02-20 18:00:00,410.12936276592205
02-20 19:00:00,474.71320085328085
02-20 20:00:00,492.921068998635
02-20 21:00:00,507.37377710075634
02-20 22:00:00,544.524834888515
02-20 23:00:00,572.8555613812907
02-21 00:00:00,569.7426610296394
02-21 01:00:00,595.6280629750715
02-21 02:00:00,613.3028303881945
02-21 03:00:00,629.620218472516
02-21 04:00:00,676.9072849602201
02-21 05:00:00,670.6378919890399
02-21 06:00:00,708.1971774444071
02-21 07:00:00,706.2516252555955
02-21 08:00:00,688.0944247358531
02-21 09:00:00,587.1282680608173
02-21 10:00:00,453.5005743526481
02-21 11:00:00,408.8192041877517
02-21 12:00:00,331.50805149273424
02-21 13:00:00,273.18841372786625
02-21 14:00:00,223.88117324455604
02-21 15:00:00,235.3041224652501
02-21 16:00:00,312.0097151985525
02-21 17:00:00,346.00875856486323
02-21 18:00:00,398.8673190746269
02-21 19:00:00,419.5495829365748
02-21 20:00:00,489.87808696946945
02-21 21:00:00,534.3352652221303
02-21 22:00:00,517.3757235334773
02-21 23:00:00,539.4886876321887
02-22 00:00:00,546.1662172315641
02-22 01:00:00,570.9604887359983
02-22 02:00:00,580.5096082340837
02-22 03:00:00,633.320839861896
02-22 04:00:00,645.7395396370879
02-22 05:00:00,663.7274822709871
02-22 06:00:00,643.2675950271362
02-22 07:00:00,647.4740089138792
02-22 08:00:00,574.5420058375792
02-22 09:00:00,458.64457391657766
02-22 10:00:00,340.93824079733486
02-22 11:00:00,307.33382653020004
02-22 12:00:00,260.22124749044923
02-22 13:00:00,214.92092044843844
02-22 14:00:00,206.71691565362676
02-22 15:00:00,208.7428299567827
02-22 16:00:00,237.57614633518128
02-22 17:00:00,298.0617375546664
02-22 18:00:00,317.2844407028771
02-22 19:00:00,373.5132090791275
02-22 20:00:00,379.063379708097
02-22 21:00:00,412.98509326529074
02-22 22:00:00,463.6278829274869
02-22 23:00:00,482.7993183921191
02-23 00:00:00,480.11347976537905
02-23 01:00:00,499.50222588330325
02-23 02:00:00,513.5873633267415
02-23 03:00:00,524.1638173440322
02-23 04:00:00,598.7473395084884
02-23 05:00:00,571.4235889802649
02-23 06:00:00,577.9450016360612
02-23 07:00:00,642.0061475346721
02-23 08:00:00,592.9306883416612
02-23 09:00:00,511.97381583249495
02-23 10:00:00,440.87967590799053
02-23 11:00:00,356.5368901971297
02-23 12:00:00,292.17295564512443
02-23 13:00:00,251.80612583190586
02-23 14:00:00,215.35975270552132
02-23 15:00:00,216.72029440191926
02-23 16:00:00,240.99361400592332
02-23 17:00:00,300.8875033713956
02-23 18:00:00,345.84590499071624
02-23 19:00:00,391.5436020116806
02-23 20:00:00,425.9699389138674
02-23 21:00:00,439.8380958032668
02-23 22:00:00,472.5462337836465
02-23 23:00:00,477.2123320001621
02-24 00:00:00,480.08549375369716
02-24 01:00:00,479.7716515410042
02-24 02:00:00,489.15308551444605
02-24 03:00:00,506.61666606095895
02-24 04:00:00,536.3138661216083
02-24 05:00:00,544.7668753637187
02-24 06:00:00,579.0994978116216
02-24 07:00:00,589.6519530349759
02-24 08:00:00,529.0913105785759
02-24 09:00:00,480.1945540204611
02-24 10:00:00,390.8310932559151
02-24 11:00:00,321.15849047031645
02-24 12:00:00,262.00129742601695
02-24 13:00:00,208.44978995575974
02-24 14:00:00,167.31391580397434
02-24 15:00:00,165.25166059064378
02-24 16:00:00,214.9334408574768
02-24 17:00:00,256.77031400068165
02-24 18:00:00,306.19349675241386
02-24 19:00:00,332.0018858201349
02-24 20:00:00,385.16009277896956
02-24 21:00:00,411.40200204689836
02-24 22:00:00,433.18120574040495
02-24 23:00:00,465.8422912444371
02-25 00:00:00,468.9406160353669
02-25 01:00:00,507.1272863726432
02-25 02:00:00,491.1759677245738
02-25 03:00:00,537.4748088802103
02-25 04:00:00,533.4337857647334
02-25 05:00:00,552.0060604144321
02-25 06:00:00,583.1124519912687
02-25 07:00:00,595.109181625609
02-25 08:00:00,584.0510098814385
02-25 09:00:00,469.12858155787285
02-25 10:00:00,356.38754232403886
02-25 11:00:00,292.47830402791385
02-25 12:00:00,235.04552804255263
02-25 13:00:00,190.80889180108306
02-25 14:00:00,156.71448422514516
02-25 15:00:00,156.83757211701993
02-25 16:00:00,198.60869225192644
02-25 17:00:00,251.02691244582618
02-25 18:00:00,308.0011457751826
02-25 19:00:00,360.6928172225642
02-25 20:00:00,380.2103009566349
02-25 21:00:00,407.1101868690204
02-25 22:00:00,444.1469413996161
02-25 23:00:00,480.58628021549936
02-26 00:00:00,499.5170117433277
02-26 01:00:00,519.3713931576535
02-26 02:00:00,560.7165199726588
02-26 03:00:00,548.5995264956917
02-26 04:00:00,562.0297772515602
02-26 05:00:00,569.7929723225895
02-26 06:00:00,610.7562013257473
02-26 07:00:00,606.1299612506715
02-26 08:00:00,553.1174857511902
02-26 09:00:00,454.5849600971145
02-26 10:00:00,387.0944602427911
02-26 11:00:00,292.37490214874583
02-26 12:00:00,221.64163032492053
02-26 13:00:00,201.1970205167412
02-26 14:00:00,179.5935221020298
02-26 15:00:00,184.11647245646623
02-26 16:00:00,213.0234583938977
02-26 17:00:00,276.28916289710963
02-26 18:00:00,318.90386167926715
02-26 19:00:00,341.97461542393796
02-26 20:00:00,370.35737291599776
02-26 21:00:00,391.5235695465584
02-26 22:00:00,428.61681718771604
02-26 23:00:00,423.36324109507865
02-27 00:00:00,426.717324570228
02-27 01:00:00,441.6094696604891
02-27 02:00:00,490.87151891258287
02-27 03:00:00,521.7387357024274
02-27 04:00:00,556.4339438517305
02-27 05:00:00,585.6657722209188
02-27 06:00:00,602.434738735835
02-27 07:00:00,612.8589950912278
02-27 08:00:00,618.7239429082506
02-27 09:00:00,622.6508223838825
02-27 10:00:00,613.8812266235523
02-27 11:00:00,613.2686156183146
02-27 12:00:00,612.4007355409984
02-27 13:00:00,609.3655404943472
02-27 14:00:00,602.1098486486298
02-27 15:00:00,590.5909636537815
02-27 16:00:00,588.5260818828915
02-27 17:00:00,590.1048750245747
02-27 18:00:00,590.7654965931716
02-27 19:00:00,591.8626041026668
02-27 20:00:00,602.9156463248003
02-27 21:00:00,616.0504928445453
02-27 22:00:00,640.5227303469221
02-27 23:00:00,675.3219778518767
02-28 00:00:00,719.5826873522697
02-28 01:00:00,754.5076858654718
02-28 02:00:00,749.5865859022537
02-28 03:00:00,745.3748455185873
02-28 04:00:00,748.1542897163891
02-28 05:00:00,743.483269429974
02-28 06:00:00,748.0981805003439
02-28 07:00:00,766.3152342026973
02-28 08:00:00,774.714001337233
02-28 09:00:00,748.4526749032433
02-28 10:00:00,706.1232088755833
02-28 11:00:00,675.092177525789
02-28 12:00:00,643.3009282606863
02-28 13:00:00,603.6854382257669
02-28 14:00:00,590.4450055858364
02-28 15:00:00,573.7928653521569
02-28 16:00:00,574.1907686186014
02-28 17:00:00,616.246834061853
02-28 18:00:00,655.4940598291663
02-28 19:00:00,675.8345031070526
02-28 20:00:00,722.5639585384699
02-28 21:00:00,757.9641005456375
02-28 22:00:00,770.3545317998193
02-28 23:00:00,771.2748402023146
03-01 00:00:00,815.6806544445535
03-01 01:00:00,810.0274978914624
03-01 02:00:00,841.4224325026894
03-01 03:00:00,844.514007875991
03-01 04:00:00,882.0715283688004
03-01 05:00:00,894.7970974337813
03-01 06:00:00,924.5220066464924
03-01 07:00:00,934.4828308324809
03-01 08:00:00,886.5724144565958
03-01 09:00:00,842.5663488098095
03-01 10:00:00,789.0893333438336
03-01 11:00:00,696.9021516301061
03-01 12:00:00,572.9145297105541
03-01 13:00:00,494.47417589415096
03-01 14:00:00,416.319432663062
03-01 15:00:00,382.28193032396746
03-01 16:00:00,408.32507934093326
03-01 17:00:00,479.9299666402708
03-01 18:00:00,518.2538542796254
03-01 19:00:00,542.6973498541345
03-01 20:00:00,612.134404779917
03-01 21:00:00,649.321399730563
03-01 22:00:00,667.7792877810799
03-01 23:00:00,695.1235607011929
03-02 00:00:00,726.957930896254
03-02 01:00:00,758.3789532139109
03-02 02:00:00,742.441673817303
03-02 03:00:00,768.4569460195477
03-02 04:00:00,812.1740372125981
03-02 05:00:00,828.8823627033405
03-02 06:00:00,839.1760899103963
03-02 07:00:00,845.3654033217437
03-02 08:00:00,779.0921399082661
03-02 09:00:00,655.2457844463437
03-02 10:00:00,542.9842842131092
03-02 11:00:00,452.6807475093947
03-02 12:00:00,400.93839979347825
03-02 13:00:00,318.5144262560069
03-02 14:00:00,265.4323228462861
03-02 15:00:00,255.29389576731623
03-02 16:00:00,311.1897961524618
03-02 17:00:00,344.0703022029053
03-02 18:00:00,413.9372385088868
03-02 19:00:00,437.54105462657935
03-02 20:00:00,517.2173649913915
03-02 21:00:00,543.1892187394802
03-02 22:00:00,562.8482441833427
03-02 23:00:00,568.8257607134025
03-03 00:00:00,607.5789936260279
03-03 01:00:00,603.474960381723
03-03 02:00:00,594.850531026952
03-03 03:00:00,645.314415307811
03-03 04:00:00,661.1010875462603
03-03 05:00:00,651.8021321725909
03-03 06:00:00,676.786973987856
03-03 07:00:00,666.8051185650712
03-03 08:00:00,641.0092552652304
03-03 09:00:00,613.949345855615
03-03 10:00:00,555.8061167681909
03-03 11:00:00,486.3831472005892
03-03 12:00:00,436.9671087306716
03-03 13:00:00,395.1890531380686
03-03 14:00:00,378.26560076868884
03-03 15:00:00,394.005555410585
03-03 16:00:00,413.5878875799736
03-03 17:00:00,438.40039273113064
03-03 18:00:00,471.18887239103225
03-03 19:00:00,491.4586792505054
03-03 20:00:00,528.562328719949
03-03 21:00:00,558.9434235556535
03-03 22:00:00,555.1160055105133
03-03 23:00:00,595.6699632573683
03-04 00:00:00,611.9997491243953
03-04 01:00:00,634.9261798320757
03-04 02:00:00,614.4000515858588
03-04 03:00:00,620.4723044411605
03-04 04:00:00,606.1789388237878
03-04 05:00:00,614.5355465984121
03-04 06:00:00,617.4695590037795
03-04 07:00:00,594.1000081364906
03-04 08:00:00,563.9876544832437
03-04 09:00:00,511.31451496217693
03-04 10:00:00,447.45701172686336
03-04 11:00:00,372.0644471444286
03-04 12:00:00,316.49644509108447
03-04 13:00:00,273.3905781376045
03-04 14:00:00,273.8962807312652
03-04 15:00:00,285.7945977932394
03-04 16:00:00,297.6337446895276
03-04 17:00:00,324.212770948231
03-04 18:00:00,396.77060808023845
03-04 19:00:00,421.77071062253896
03-04 20:00:00,454.62317789389607
03-04 21:00:00,528.3921489943195
03-04 22:00:00,564.9152503709588
03-04 23:00:00,564.3077002557966
03-05 00:00:00,591.8156423058201
03-05 01:00:00,598.587837360947
03-05 02:00:00,602.3505639443381
03-05 03:00:00,607.2904045090236
03-05 04:00:00,611.6548561919412
03-05 05:00:00,614.1953971980645
03-05 06:00:00,616.0339062138612
03-05 07:00:00,610.909953563356
03-05 08:00:00,583.9572164997074
03-05 09:00:00,574.7472783755775
03-05 10:00:00,599.1204692686483
03-05 11:00:00,612.0709263496714
03-05 12:00:00,601.7346177184033
03-05 13:00:00,649.7331565472821
03-05 14:00:00,670.407454205728
03-05 15:00:00,654.7972547133592
03-05 16:00:00,658.774287450699
03-05 17:00:00,679.671203031512
03-05 18:00:00,703.4507975904294
03-05 19:00:00,698.0113233624182
03-05 20:00:00,695.3025614140835
03-05 21:00:00,698.6882813184442
03-05 22:00:00,708.3543976233507
03-05 23:00:00,717.1012896956779
03-06 00:00:00,732.0633755011231
03-06 01:00:00,750.5806220163503
03-06 02:00:00,771.7009495313874
03-06 03:00:00,786.583604472874
03-06 04:00:00,808.1748205670918
03-06 05:00:00,827.4645406622955
03-06 06:00:00,834.1716284108304
03-06 07:00:00,852.5216400566032
03-06 08:00:00,832.7409819371575
03-06 09:00:00,788.3771409411185
03-06 10:00:00,740.9196164567501
03-06 11:00:00,702.0084491636466
03-06 12:00:00,678.3939490083851
03-06 13:00:00,657.4765797417596
03-06 14:00:00,639.3494015006125
03-06 15:00:00,626.7572184455462
03-06 16:00:00,624.9724624040826
03-06 17:00:00,631.9836103195686
03-06 18:00:00,662.401487303942
03-06 19:00:00,692.3331273799812
03-06 20:00:00,750.7028493577272
03-06 21:00:00,776.7529989252158
03-06 22:00:00,795.1386287025075
03-06 23:00:00,824.308816081465
03-07 00:00:00,833.0502958392489
03-07 01:00:00,857.6179079976908
03-07 02:00:00,873.1366445759788
03-07 03:00:00,891.1984515150236
03-07 04:00:00,884.4189127634237
03-07 05:00:00,880.8830745425889
03-07 06:00:00,862.8631231039077
03-07 07:00:00,846.9106191843854
03-07 08:00:00,810.8730597808743
03-07 09:00:00,749.6504428060153
03-07 10:00:00,731.0892720254864
03-07 11:00:00,672.7384845604448
03-07 12:00:00,637.8300701862657
03-07 13:00:00,599.4345084532415
03-07 14:00:00,569.8344660302752
03-07 15:00:00,528.9752514325527
03-07 16:00:00,497.302664711704
03-07 17:00:00,506.54301845041203
03-07 18:00:00,556.6327724322055
03-07 19:00:00,575.3830509565821
03-07 20:00:00,594.3356844095813
03-07 21:00:00,608.1922566931605
03-07 22:00:00,612.9065157872283
03-07 23:00:00,622.853902139008
03-08 00:00:00,645.3763485604946
03-08 01:00:00,646.4535855700062
03-08 02:00:00,646.4535855700062
03-08 03:00:00,641.748212363611
03-08 04:00:00,657.3698369877457
03-08 05:00:00,658.7619270104752
03-08 06:00:00,667.4465507220002
03-08 07:00:00,683.5358440016436
03-08 08:00:00,673.4722233356777
03-08 09:00:00,658.8483478787359
03-08 10:00:00,625.6363475263049
03-08 11:00:00,553.1408144167914
03-08 12:00:00,495.27139906566924
03-08 13:00:00,487.2713929167075
03-08 14:00:00,442.89383119020664
03-08 15:00:00,447.48463376419477
03-08 16:00:00,468.80562738549855
03-08 17:00:00,533.0590148737084
03-08 18:00:00,603.580544604778
03-08 19:00:00,642.4123467662218
03-08 20:00:00,664.8629601894067
03-08 21:00:00,644.7079657545283
03-08 22:00:00,660.4493561781193
03-08 23:00:00,699.7044613722321
03-09 00:00:00,760.4694251044854
03-09 01:00:00,801.3538647934861
03-09 02:00:00,824.755519759677
03-09 03:00:00,861.8326513385247
03-09 04:00:00,880.49913072827
03-09 05:00:00,898.8785159506681
03-09 06:00:00,925.6441380853169
03-09 07:00:00,893.8423795018944
03-09 08:00:00,859.7986469028364
03-09 09:00:00,812.6164324128158
03-09 10:00:00,773.0715009845202
03-09 11:00:00,715.5079354864032
03-09 12:00:00,667.4648088773945
03-09 13:00:00,608.1747363967957
03-09 14:00:00,559.4309537405319
03-09 15:00:00,538.1727713541393
03-09 16:00:00,537.5340983776747
03-09 17:00:00,561.0990901313911
03-09 18:00:00,624.0876655999265
03-09 19:00:00,650.630673975646
03-09 20:00:00,668.4083488645779
03-09 21:00:00,655.4482079108303
03-09 22:00:00,662.250540893223
03-09 23:00:00,673.04483092671
03-10 00:00:00,680.9652080291785
03-10 01:00:00,699.3852663705951
03-10 02:00:00,706.6203921917828
03-10 03:00:00,723.431883965738
03-10 04:00:00,734.4626255104745
03-10 05:00:00,748.4310558253452
03-10 06:00:00,747.1916739546892
03-10 07:00:00,749.8193586926457
03-10 08:00:00,684.9876776420082
03-10 09:00:00,605.9934566000807
03-10 10:00:00,549.5064352879402
03-10 11:00:00,520.676771500715
03-10 12:00:00,497.7606623763506
03-10 13:00:00,455.4078572529181
03-10 14:00:00,429.1294137165024
03-10 15:00:00,416.1064814397668
03-10 16:00:00,433.5697617875655
03-10 17:00:00,491.5227195237718
03-10 18:00:00,560.1119242605438
03-10 19:00:00,572.9532819806003
03-10 20:00:00,615.8057716447544
03-10 21:00:00,624.1174131040251
03-10 22:00:00,634.038913463844
03-10 23:00:00,606.6275782360213
03-11 00:00:00,599.2596189349658
03-11 01:00:00,586.5700650116673
03-11 02:00:00,581.3850425087568
03-11 03:00:00,577.2074596827001
03-11 04:00:00,571.7370431489927
03-11 05:00:00,560.029512500972
03-11 06:00:00,556.9272601971811
03-11 07:00:00,584.1528859954378
03-11 08:00:00,523.4924686041431
03-11 09:00:00,481.1765169765203
03-11 10:00:00,387.2381395537144
03-11 11:00:00,322.54940686436174
03-11 12:00:00,237.83064164151443
03-11 13:00:00,216.3406245244176
03-11 14:00:00,202.1078397854401
03-11 15:00:00,204.5281172166529
03-11 16:00:00,212.87389737897092
03-11 17:00:00,213.64100124320672
03-11 18:00:00,297.671705917782
03-11 19:00:00,381.2995870837182
03-11 20:00:00,392.6428367558654
03-11 21:00:00,375.3304692948963
03-11 22:00:00,366.50628782238
03-11 23:00:00,378.0974883041889
03-12 00:00:00,391.3500564872644
03-12 01:00:00,498.48079254492865
03-12 02:00:00,558.8299588972326
03-12 03:00:00,565.2445082450731
03-12 04:00:00,598.6063803865893
03-12 05:00:00,582.6540006278924
03-12 06:00:00,601.0260312371236
03-12 07:00:00,613.3913901840222
03-12 08:00:00,575.0209939167006
03-12 09:00:00,537.6961732073073
03-12 10:00:00,515.6424083828907
03-12 11:00:00,466.0383466809194
03-12 12:00:00,432.8602800187477
03-12 13:00:00,404.7122698457492
03-12 14:00:00,390.92703674215943
03-12 15:00:00,363.2168688642434
03-12 16:00:00,377.656336947537
03-12 17:00:00,444.4702328590691
03-12 18:00:00,521.9603741512665
03-12 19:00:00,568.430353738858
03-12 20:00:00,578.4056633528754
03-12 21:00:00,603.0602397235616
03-12 22:00:00,614.229048367533
03-12 23:00:00,593.8477163914556
03-13 00:00:00,600.6668303469917
03-13 01:00:00,576.8984525827453
03-13 02:00:00,577.6276737850501
03-13 03:00:00,557.3212769527439
03-13 04:00:00,596.2755554276893
03-13 05:00:00,624.3352446426635
03-13 06:00:00,690.730152670915
03-13 07:00:00,694.4342084672758
03-13 08:00:00,626.5498236705085
03-13 09:00:00,513.4734855472127
03-13 10:00:00,443.76479020944265
03-13 11:00:00,364.0704433770124
03-13 12:00:00,288.46457263466067
03-13 13:00:00,259.8221134200744
03-13 14:00:00,254.44349690243723
03-13 15:00:00,269.2553235166235
03-13 16:00:00,297.7891400149124
03-13 17:00:00,468.68078749775697
03-13 18:00:00,575.8786021215324
03-13 19:00:00,618.7251875471175
03-13 20:00:00,654.3186076916637
03-13 21:00:00,607.7132340433363
03-13 22:00:00,540.8482203271558
03-13 23:00:00,548.463419777426
03-14 00:00:00,517.3751783454534
03-14 01:00:00,638.4023142045248
03-14 02:00:00,809.2823658760561
03-14 03:00:00,849.0695990265219
03-14 04:00:00,855.2767403912995
03-14 05:00:00,806.8138214276587
03-14 06:00:00,806.735963629643
03-14 07:00:00,803.6390716764598
03-14 08:00:00,776.1995447669033
03-14 09:00:00,732.0780601885009
03-14 10:00:00,672.6974960245319
03-14 11:00:00,640.7102842712376
03-14 12:00:00,608.6105792824529
03-14 13:00:00,653.0058162919257
03-14 14:00:00,786.8659093918881
03-14 15:00:00,784.8679787882696
03-14 16:00:00,778.9657255472084
03-14 17:00:00,748.9052222880329
03-14 18:00:00,741.8911329720735
03-14 19:00:00,748.5826621873423
03-14 20:00:00,711.7434737770483
03-14 21:00:00,691.4360512408083
03-14 22:00:00,756.0749442539758
03-14 23:00:00,718.304552313251
03-15 00:00:00,731.6968651031395
03-15 01:00:00,745.4641949969505
03-15 02:00:00,769.5178504753084
03-15 03:00:00,781.4287261181099
03-15 04:00:00,809.0394199129995
03-15 05:00:00,815.6451722064454
03-15 06:00:00,811.9118326463469
03-15 07:00:00,813.0691256672819
03-15 08:00:00,810.5028326603233
03-15 09:00:00,813.1796682659113
03-15 10:00:00,821.2647775577352
03-15 11:00:00,786.1006388678363
03-15 12:00:00,757.0913582478934
03-15 13:00:00,767.2141143534612
03-15 14:00:00,797.2749128732614
03-15 15:00:00,772.8746990470042
03-15 16:00:00,727.0899008496593
03-15 17:00:00,748.5804285086294
03-15 18:00:00,809.1525912089448
03-15 19:00:00,805.2418840613534
03-15 20:00:00,820.1659040644955
03-15 21:00:00,795.9224033200328
03-15 22:00:00,795.1212556759926
03-15 23:00:00,799.7358306415471
03-16 00:00:00,804.7314117093714
03-16 01:00:00,811.0937842262193
03-16 02:00:00,777.4085265191319
03-16 03:00:00,743.5192273902643
03-16 04:00:00,739.8972046947235
03-16 05:00:00,793.1073411135923
03-16 06:00:00,795.638308549372
03-16 07:00:00,772.0611909428568
03-16 08:00:00,761.2729964138887
03-16 09:00:00,723.2972120486066
03-16 10:00:00,694.2184571871195
03-16 11:00:00,684.2382613405944
03-16 12:00:00,715.6093336050769
03-16 13:00:00,729.4662365050633
03-16 14:00:00,693.193182313654
03-16 15:00:00,753.788746501015
03-16 16:00:00,761.0342662973995
03-16 17:00:00,763.734576029299
03-16 18:00:00,774.2359967509595
03-16 19:00:00,784.1251227891086
03-16 20:00:00,776.2152822119873
03-16 21:00:00,769.8912338426358
03-16 22:00:00,807.3276656686173
03-16 23:00:00,814.680173568906
03-17 00:00:00,819.4119167452924
03-17 01:00:00,828.0591762536372
03-17 02:00:00,832.883469192422
03-17 03:00:00,834.2391003490154
03-17 04:00:00,848.6257514606269
03-17 05:00:00,867.7124636219839
03-17 06:00:00,872.8424018309568
03-17 07:00:00,876.2093327301803
03-17 08:00:00,862.7387737600636
03-17 09:00:00,853.8811013391374
03-17 10:00:00,824.6675419362814
03-17 11:00:00,751.7183220571502
03-17 12:00:00,711.9541880740971
03-17 13:00:00,697.6871734153907
03-17 14:00:00,707.5375495566732
03-17 15:00:00,854.04052607419
03-17 16:00:00,811.9498399517904
03-17 17:00:00,828.8000293041199
03-17 18:00:00,858.3787070067367
03-17 19:00:00,842.698629207397
03-17 20:00:00,847.9217114794931
03-17 21:00:00,850.9179219716015
03-17 22:00:00,842.4329153108929
03-17 23:00:00,838.3428656175246
03-18 00:00:00,844.6524365630987
03-18 01:00:00,847.5902846934605
03-18 02:00:00,852.3990358910246
03-18 03:00:00,868.7040466335341
03-18 04:00:00,880.4889430755328
03-18 05:00:00,894.6114224527109
03-18 06:00:00,891.2474835614989
03-18 07:00:00,909.899129369325
03-18 08:00:00,880.9272376435089
03-18 09:00:00,822.7123879573537
03-18 10:00:00,781.2629579861671
03-18 11:00:00,794.5269330962049
03-18 12:00:00,751.3454844533953
03-18 13:00:00,704.2314484966275
03-18 14:00:00,677.3542035543582
03-18 15:00:00,693.2782480053437
03-18 16:00:00,713.4227493039579
03-18 17:00:00,752.1276207083125
03-18 18:00:00,806.6738144493942
03-18 19:00:00,864.0625316320497
03-18 20:00:00,901.1035824930532
03-18 21:00:00,949.513692782816
03-18 22:00:00,979.6488169310887
03-18 23:00:00,985.3460105674136
03-19 00:00:00,999.9326705542611
03-19 01:00:00,1001.6394763013916
03-19 02:00:00,1024.2468174564422
03-19 03:00:00,1028.0852268259487
03-19 04:00:00,1027.6541351457995
03-19 05:00:00,1055.3919636562493
03-19 06:00:00,1074.7017530179621
03-19 07:00:00,1050.2045946497694
03-19 08:00:00,970.4355456422498
03-19 09:00:00,862.4360415575393
03-19 10:00:00,765.5124752846821
03-19 11:00:00,699.0600036948609
03-19 12:00:00,654.3762059869489
03-19 13:00:00,613.3897229953002
03-19 14:00:00,613.3888164030354
03-19 15:00:00,598.3658447079359
03-19 16:00:00,605.6252538059664
03-19 17:00:00,667.3306700183424
03-19 18:00:00,736.8675451622022
03-19 19:00:00,776.9899486006283
03-19 20:00:00,803.9114971069395
03-19 21:00:00,835.6241579566672
03-19 22:00:00,883.6772337088496
03-19 23:00:00,890.3130774963282
03-20 00:00:00,892.6763675115448
03-20 01:00:00,894.5122501017767
03-20 02:00:00,904.4945793566691
03-20 03:00:00,911.1630829443586
03-20 04:00:00,914.2750996759848
03-20 05:00:00,935.1258444530347
03-20 06:00:00,958.4963948224603
03-20 07:00:00,953.767233555081
03-20 08:00:00,923.4264545061894
03-20 09:00:00,887.4758747817965
03-20 10:00:00,869.8831193582386
03-20 11:00:00,849.197022895064
03-20 12:00:00,813.643936146181
03-20 13:00:00,766.0093554284293
03-20 14:00:00,762.9091758245828
03-20 15:00:00,747.060468207294
03-20 16:00:00,761.1793177548661
03-20 17:00:00,811.8379385520858
03-20 18:00:00,874.8038918848108
03-20 19:00:00,932.8428401572763
03-20 20:00:00,983.875208998507
03-20 21:00:00,1007.0222732154956
03-20 22:00:00,1034.9406175149604
03-20 23:00:00,1028.8930249702762
03-21 00:00:00,1012.5355491806159
03-21 01:00:00,997.6860779591963
03-21 02:00:00,989.1106710959708
03-21 03:00:00,981.8082466015874
03-21 04:00:00,985.449816405181
03-21 05:00:00,971.7155703132429
03-21 06:00:00,958.9298050477241
03-21 07:00:00,942.0492482456528
03-21 08:00:00,895.9178034509144
03-21 09:00:00,852.8077813235973
03-21 10:00:00,805.7654554368419
03-21 11:00:00,782.112513096003
03-21 12:00:00,769.8781268800318
03-21 13:00:00,750.6503728334309
03-21 14:00:00,743.0363644613892
03-21 15:00:00,753.0050666897513
03-21 16:00:00,773.6872805614695
03-21 17:00:00,805.6991821973209
03-21 18:00:00,816.2256370902452
03-21 19:00:00,811.322752718975
03-21 20:00:00,803.5484618807398
03-21 21:00:00,820.0276728631402
03-21 22:00:00,806.2617726862262
03-21 23:00:00,798.9011663611249
03-22 00:00:00,810.2494072095642
03-22 01:00:00,799.3560645301145
03-22 02:00:00,796.3027932168952
03-22 03:00:00,809.9822803906654
03-22 04:00:00,801.8499913121206
03-22 05:00:00,802.0775416325279
03-22 06:00:00,796.4917625214142
03-22 07:00:00,779.4724056224276
03-22 08:00:00,746.9866433846727
03-22 09:00:00,712.6139797092981
03-22 10:00:00,699.2780638898275
03-22 11:00:00,676.4363405468287
03-22 12:00:00,672.7704601010848
03-22 13:00:00,657.0502158030151
03-22 14:00:00,646.7001407536462
03-22 15:00:00,641.8204982276277
03-22 16:00:00,638.0549908186873
03-22 17:00:00,652.9403097323012
03-22 18:00:00,681.0614344759066
03-22 19:00:00,702.453647585276
03-22 20:00:00,729.4985818812131
03-22 21:00:00,745.1290908666039
03-22 22:00:00,775.5910491475288
03-22 23:00:00,806.4608711176128
03-23 00:00:00,833.5263385558685
03-23 01:00:00,860.0285145640605
03-23 02:00:00,874.2799138248043
03-23 03:00:00,908.867812337028
03-23 04:00:00,926.479915738482
03-23 05:00:00,943.7065177638718
03-23 06:00:00,964.3668244706151
03-23 07:00:00,887.1407199115621
03-23 08:00:00,793.3634948243871
03-23 09:00:00,680.41108210293
03-23 10:00:00,593.4647834751992
03-23 11:00:00,547.1345218664447
03-23 12:00:00,497.38247392215465
03-23 13:00:00,460.66619258689695
03-23 14:00:00,433.58481012797813
03-23 15:00:00,412.69519554165583
03-23 16:00:00,428.20230233125073
03-23 17:00:00,495.291540110201
03-23 18:00:00,551.3854423607544
03-23 19:00:00,603.2737336957949
03-23 20:00:00,641.9762138606202
03-23 21:00:00,668.9041912925758
03-23 22:00:00,717.6290136881531
03-23 23:00:00,732.5118046346976
03-24 00:00:00,754.2329115215095
03-24 01:00:00,781.6660662681663
03-24 02:00:00,793.9085693820359
03-24 03:00:00,807.1441339929402
03-24 04:00:00,806.5667109524351
03-24 05:00:00,829.417103786984
03-24 06:00:00,839.6478429294409
03-24 07:00:00,796.3726879496917
03-24 08:00:00,693.4716775088154
03-24 09:00:00,589.2327087751579
03-24 10:00:00,495.42589724427364
03-24 11:00:00,422.6964158535934
03-24 12:00:00,351.98048330208763
03-24 13:00:00,310.80426531086914
03-24 14:00:00,268.2535712958427
03-24 15:00:00,253.4054928175114
03-24 16:00:00,286.09387448445017
03-24 17:00:00,371.96097963422307
03-24 18:00:00,444.6947516417364
03-24 19:00:00,483.41962619826194
03-24 20:00:00,525.1818827374001
03-24 21:00:00,556.2921206134714
03-24 22:00:00,589.9231043665956
03-24 23:00:00,617.1359581363372
03-25 00:00:00,618.1078701253595
03-25 01:00:00,642.9852423893034
03-25 02:00:00,663.4179493960662
03-25 03:00:00,663.03865370211
03-25 04:00:00,669.6402146617374
03-25 05:00:00,718.3587245666247
03-25 06:00:00,707.8234418361079
03-25 07:00:00,676.166916828635
03-25 08:00:00,575.2734375672694
03-25 09:00:00,462.8061665108573
03-25 10:00:00,371.80340722281085
03-25 11:00:00,294.49606499478995
03-25 12:00:00,243.386106684947
03-25 13:00:00,205.39163219893473
03-25 14:00:00,181.2365789503575
03-25 15:00:00,187.81740259348777
03-25 16:00:00,198.9037291310003
03-25 17:00:00,275.9881779756541
03-25 18:00:00,356.24728876876765
03-25 19:00:00,409.2270919758162
03-25 20:00:00,422.69815834218616
03-25 21:00:00,457.83875046458536
03-25 22:00:00,488.2432645213312
03-25 23:00:00,512.2142672733753
03-26 00:00:00,552.2184055105424
03-26 01:00:00,576.7822058024237
03-26 02:00:00,606.9542402462956
03-26 03:00:00,615.5396462611496
03-26 04:00:00,649.4119040249807
03-26 05:00:00,688.7814110294634
03-26 06:00:00,686.774317097501
03-26 07:00:00,604.4977873797972
03-26 08:00:00,519.3654628410502
03-26 09:00:00,436.6007001318947
03-26 10:00:00,348.3429383557391
03-26 11:00:00,270.22722695675367
03-26 12:00:00,217.17834950579487
03-26 13:00:00,203.00971139666072
03-26 14:00:00,161.90434560389193
03-26 15:00:00,143.63782547150197
03-26 16:00:00,149.7849331774927
03-26 17:00:00,255.15277544636393
03-26 18:00:00,325.4082410417513
03-26 19:00:00,359.5012242630113
03-26 20:00:00,355.1701493169522
03-26 21:00:00,426.99731713244154
03-26 22:00:00,437.25985466585183
03-26 23:00:00,443.18115499830014
03-27 00:00:00,419.93642495299036
03-27 01:00:00,442.3531575758489
03-27 02:00:00,461.6633954934615
03-27 03:00:00,421.05206375360603
03-27 04:00:00,463.1471917199135
03-27 05:00:00,481.66405853609115
03-27 06:00:00,472.98407186152696
03-27 07:00:00,537.5483918013789
03-27 08:00:00,584.8598903021661
03-27 09:00:00,562.6096049011705
03-27 10:00:00,544.2074405397904
03-27 11:00:00,505.85157618433124
03-27 12:00:00,492.6102076099866
03-27 13:00:00,479.27957034791564
03-27 14:00:00,466.24826592816
03-27 15:00:00,430.89750112489423
03-27 16:00:00,414.96675047641145
03-27 17:00:00,423.4619406812371
03-27 18:00:00,459.7389723100864
03-27 19:00:00,519.8639549387735
03-27 20:00:00,561.0644547600631
03-27 21:00:00,568.7742450228287
03-27 22:00:00,582.8579907146442
03-27 23:00:00,606.8321975457164
03-28 00:00:00,605.0241387782911
03-28 01:00:00,651.519543347632
03-28 02:00:00,693.8346798773712
03-28 03:00:00,733.4358008790417
03-28 04:00:00,773.7396252566721
03-28 05:00:00,777.3013071228662
03-28 06:00:00,758.1694154238934
03-28 07:00:00,723.6803761108681
03-28 08:00:00,634.9145446626044
03-28 09:00:00,525.3957606462055
03-28 10:00:00,432.92686543142116
03-28 11:00:00,360.44536804732496
03-28 12:00:00,322.9605416642282
03-28 13:00:00,274.00899687723137
03-28 14:00:00,247.23296669495915
03-28 15:00:00,225.42158824044662
03-28 16:00:00,220.04021290057514
03-28 17:00:00,268.4335907880024
03-28 18:00:00,340.4915277949234
03-28 19:00:00,390.53298232901574
03-28 20:00:00,437.6380580224902
03-28 21:00:00,477.4164487752795
03-28 22:00:00,505.5320295779675
03-28 23:00:00,531.6981005034679
03-29 00:00:00,556.323938005972
03-29 01:00:00,563.6929589071729
03-29 02:00:00,570.5306547845075
03-29 03:00:00,577.5011301126311
03-29 04:00:00,586.9362881459703
03-29 05:00:00,604.2462030975574
03-29 06:00:00,600.5412832605159
03-29 07:00:00,560.7361392956806
03-29 08:00:00,447.40748590646734
03-29 09:00:00,335.1543164038799
03-29 10:00:00,261.22031854694933
03-29 11:00:00,187.2619353579486
03-29 12:00:00,137.93057333305774
03-29 13:00:00,101.77000138691245
03-29 14:00:00,65.04586433270782
03-29 15:00:00,40.29668863854909
03-29 16:00:00,58.94308485862726
03-29 17:00:00,125.34463153380726
03-29 18:00:00,215.6096005366915
03-29 19:00:00,260.5100319203268
03-29 20:00:00,328.35777685647747
03-29 21:00:00,367.23222786383747
03-29 22:00:00,393.7197856614934
03-29 23:00:00,420.134710228386
03-30 00:00:00,461.86907871428707
03-30 01:00:00,450.74429239426865
03-30 02:00:00,477.4037147163443
03-30 03:00:00,494.30345434017494
03-30 04:00:00,547.2528463906737
03-30 05:00:00,551.529099632112
03-30 06:00:00,547.0583629596223
03-30 07:00:00,484.91519579802775
03-30 08:00:00,395.5092900113784
03-30 09:00:00,305.4944254463472
03-30 10:00:00,227.9044085246854
03-30 11:00:00,155.13064144934992
03-30 12:00:00,110.37294239730444
03-30 13:00:00,69.08915099203352
03-30 14:00:00,29.805501723590684
03-30 15:00:00,9.70468189924587
03-30 16:00:00,12.949325675326202
03-30 17:00:00,74.97089626529588
03-30 18:00:00,149.03847642297427
03-30 19:00:00,191.8989308102965
03-30 20:00:00,254.41022393998912
03-30 21:00:00,288.37725996563773
03-30 22:00:00,325.2808005961281
03-30 23:00:00,357.1519085788763
03-31 00:00:00,384.5691450718085
03-31 01:00:00,397.9543762556642
03-31 02:00:00,419.88588033864005
03-31 03:00:00,430.84338281843924
03-31 04:00:00,463.5470804398062
03-31 05:00:00,472.9106138216341
03-31 06:00:00,485.1485789311334
03-31 07:00:00,430.63185670656964
03-31 08:00:00,322.93374684519495
03-31 09:00:00,233.73676217809552
03-31 10:00:00,156.45674446839848
03-31 11:00:00,91.5273095310157
03-31 12:00:00,42.37564607051635
03-31 13:00:00,6.412115542231957
03-31 14:00:00,3.5037111907679295
03-31 15:00:00,1.927952311834359
03-31 16:00:00,3.6225142674966406
03-31 17:00:00,37.76997160047041
03-31 18:00:00,109.46017556453027
03-31 19:00:00,161.98566708300936
03-31 20:00:00,210.45384322226062
03-31 21:00:00,255.64891791319636
03-31 22:00:00,290.41351019737516
03-31 23:00:00,300.1888974975128
04-01 00:00:00,323.25552840063193
04-01 01:00:00,353.1266289159545
04-01 02:00:00,366.47516457630564
04-01 03:00:00,383.11407200520966
04-01 04:00:00,397.650744686484
04-01 05:00:00,418.07777300067556
04-01 06:00:00,437.09975597781
04-01 07:00:00,404.72332573016934
04-01 08:00:00,294.5497265570683
04-01 09:00:00,198.98624693752112
04-01 10:00:00,124.70584959705161
04-01 11:00:00,48.26927218631293
04-01 12:00:00,5.419011783555255
04-01 13:00:00,2.976604761600239
04-01 14:00:00,2.1094894745506263
04-01 15:00:00,2.2683528950391407
04-01 16:00:00,2.2416640901428275
04-01 17:00:00,18.662620186470278
04-01 18:00:00,92.8822236338013
04-01 19:00:00,123.3580357950991
04-01 20:00:00,148.07477097246988
04-01 21:00:00,140.31123641713594
04-01 22:00:00,217.36631963124125
04-01 23:00:00,260.21349385600405
04-02 00:00:00,279.65761731842235
04-02 01:00:00,288.07217584457226
04-02 02:00:00,308.6732295527618
04-02 03:00:00,338.73686718385926
04-02 04:00:00,361.452957862348
04-02 05:00:00,398.03132139681105
04-02 06:00:00,419.6112423829941
04-02 07:00:00,360.1327521514174
04-02 08:00:00,290.2311680849727
04-02 09:00:00,235.836582689133
04-02 10:00:00,179.57005036729208
04-02 11:00:00,144.90715600694762
04-02 12:00:00,101.05271717100689
04-02 13:00:00,65.61304696709183
04-02 14:00:00,43.4600170914368
04-02 15:00:00,48.94043488956407
04-02 16:00:00,80.3505685825191
04-02 17:00:00,170.99408796424078
04-02 18:00:00,237.76505677996172
04-02 19:00:00,253.7672587741902
04-02 20:00:00,262.2470441762589
04-02 21:00:00,293.454029286777
04-02 22:00:00,351.1838124301344
04-02 23:00:00,425.44487492715115
04-03 00:00:00,464.7071814719381
04-03 01:00:00,483.5547365424536
04-03 02:00:00,512.4354355656936
04-03 03:00:00,528.7648484469836
04-03 04:00:00,589.4112928744909
04-03 05:00:00,623.4232104156997
04-03 06:00:00,631.5566041897508
04-03 07:00:00,632.0784921452758
04-03 08:00:00,620.7225867703837
04-03 09:00:00,589.3703871086622
04-03 10:00:00,523.4287288146971
04-03 11:00:00,486.47368434616857
04-03 12:00:00,499.8889541699639
04-03 13:00:00,489.02680338730966
04-03 14:00:00,461.17689441151003
04-03 15:00:00,461.5452981460616
04-03 16:00:00,473.4495106569516
04-03 17:00:00,501.2026246964878
04-03 18:00:00,517.7999780425982
04-03 19:00:00,538.8722113443507
04-03 20:00:00,560.136331499961
04-03 21:00:00,586.8296702059879
04-03 22:00:00,624.9909160024803
04-03 23:00:00,670.559058569151
04-04 00:00:00,710.2508044380694
04-04 01:00:00,728.154706125437
04-04 02:00:00,754.0490522263848
04-04 03:00:00,781.0099692096774
04-04 04:00:00,805.940298924132
04-04 05:00:00,840.227964161916
04-04 06:00:00,795.0848316438712
04-04 07:00:00,708.6192015784014
04-04 08:00:00,629.7036903839171
04-04 09:00:00,541.9261073685387
04-04 10:00:00,469.1523996798186
04-04 11:00:00,403.6720872538441
04-04 12:00:00,357.49022495254104
04-04 13:00:00,321.0866913474286
04-04 14:00:00,293.54110270545823
04-04 15:00:00,278.82284044528365
04-04 16:00:00,281.91397658327827
04-04 17:00:00,328.1941158491957
04-04 18:00:00,428.09355597205837
04-04 19:00:00,485.14359035943664
04-04 20:00:00,523.6189937477609
04-04 21:00:00,551.3703351953193
04-04 22:00:00,587.0419534707597
04-04 23:00:00,613.3111283414339
04-05 00:00:00,623.5754635709102
04-05 01:00:00,669.5822675211878
04-05 02:00:00,678.7522332828669
04-05 03:00:00,696.2312947387172
04-05 04:00:00,696.8382896494105
04-05 05:00:00,710.0922272090062
04-05 06:00:00,702.1267122288656
04-05 07:00:00,618.5761049626102
04-05 08:00:00,525.4934539850542
04-05 09:00:00,438.76054074762493
04-05 10:00:00,365.3999869849356
04-05 11:00:00,319.76893876970695
04-05 12:00:00,266.3432729620484
04-05 13:00:00,196.77374512727496
04-05 14:00:00,168.50446736262248
04-05 15:00:00,197.64571436743472
04-05 16:00:00,224.56429612544315
04-05 17:00:00,269.14895112646894
04-05 18:00:00,326.05794041986724
04-05 19:00:00,424.32815846460915
04-05 20:00:00,578.7929707507205
04-05 21:00:00,832.3414576914921
04-05 22:00:00,857.4158586246022
04-05 23:00:00,957.9571418184935
04-06 00:00:00,999.3385767640946
04-06 01:00:00,1007.8404781711571
04-06 02:00:00,1011.5668848047931
04-06 03:00:00,1023.6311484465637
04-06 04:00:00,1066.2461795871804
04-06 05:00:00,1142.8099985200085
04-06 06:00:00,1135.0853471403905
04-06 07:00:00,1046.307229195775
04-06 08:00:00,970.3800157557731
04-06 09:00:00,927.5400439573268
04-06 10:00:00,882.3204823109603
04-06 11:00:00,798.0127623469427
04-06 12:00:00,793.476185075722
04-06 13:00:00,784.0815475955083
04-06 14:00:00,765.5231441731266
04-06 15:00:00,765.6422463291876
04-06 16:00:00,816.7846318658812
04-06 17:00:00,914.0060853882078
04-06 18:00:00,944.6039993798763
04-06 19:00:00,981.9592037960459
04-06 20:00:00,981.7951055770991
04-06 21:00:00,969.247308309672
04-06 22:00:00,943.0368891942187
04-06 23:00:00,938.249250664263
04-07 00:00:00,954.6235380713284
04-07 01:00:00,989.0880518099087
04-07 02:00:00,983.4320793637711
04-07 03:00:00,1018.4201082822769
04-07 04:00:00,1000.5184637499342
04-07 05:00:00,1028.7362626911759
04-07 06:00:00,1014.1950581579546
04-07 07:00:00,999.05195885157
04-07 08:00:00,966.0980331706036
04-07 09:00:00,935.8373682381787
04-07 10:00:00,888.7813861215891
04-07 11:00:00,888.698067834873
04-07 12:00:00,824.8482436353102
04-07 13:00:00,790.0917990961103
04-07 14:00:00,793.8300462525515
04-07 15:00:00,793.9162704538805
04-07 16:00:00,813.5028477765512
04-07 17:00:00,843.0287219769083
04-07 18:00:00,837.2288460160164
04-07 19:00:00,844.1671086711983
04-07 20:00:00,863.0667715299232
04-07 21:00:00,853.8105211576371
04-07 22:00:00,873.4534787693773
04-07 23:00:00,858.4188380937571
04-08 00:00:00,874.3212436606228
04-08 01:00:00,871.2836974436854
04-08 02:00:00,859.1522431550264
04-08 03:00:00,863.0862991909423
04-08 04:00:00,900.8131880031616
04-08 05:00:00,936.0063563259847
04-08 06:00:00,907.0385829142591
04-08 07:00:00,841.8584393606951
04-08 08:00:00,753.992686384248
04-08 09:00:00,679.7200802117565
04-08 10:00:00,618.8574343690076
04-08 11:00:00,562.6909113481877
04-08 12:00:00,540.8031531552951
04-08 13:00:00,498.924821737487
04-08 14:00:00,482.77706108868153
04-08 15:00:00,462.88135007415497
04-08 16:00:00,458.5892716990935
04-08 17:00:00,498.7991783082374
04-08 18:00:00,578.6419993984996
04-08 19:00:00,623.6283857585587
04-08 20:00:00,671.2873199547469
04-08 21:00:00,693.5361700763696
04-08 22:00:00,706.4867646917694
04-08 23:00:00,732.0131783186366
04-09 00:00:00,745.0202974482712
04-09 01:00:00,744.0125478051611
04-09 02:00:00,748.0576997905135
04-09 03:00:00,733.3661882766324
04-09 04:00:00,747.3557637758586
04-09 05:00:00,740.0131335836395
04-09 06:00:00,712.5594358476679
04-09 07:00:00,627.1983052822748
04-09 08:00:00,487.64032860119335
04-09 09:00:00,415.5148344128865
04-09 10:00:00,349.5496865334594
04-09 11:00:00,302.18626211236773
04-09 12:00:00,259.6003747873222
04-09 13:00:00,221.55385400899388
04-09 14:00:00,174.36105130054952
04-09 15:00:00,171.7764618795674
04-09 16:00:00,168.21398998807618
04-09 17:00:00,235.5220617272762
04-09 18:00:00,323.6853298401029
04-09 19:00:00,372.262701709455
04-09 20:00:00,419.44169393248177
04-09 21:00:00,455.3570551884645
04-09 22:00:00,485.21605233370184
04-09 23:00:00,488.8227552883648
04-10 00:00:00,511.35148389267806
04-10 01:00:00,499.2963892170168
04-10 02:00:00,496.21313556940845
04-10 03:00:00,509.09631755699695
04-10 04:00:00,512.6582040619168
04-10 05:00:00,507.241108297677
04-10 06:00:00,492.32818810524765
04-10 07:00:00,450.83420082964716
04-10 08:00:00,413.5593014480236
04-10 09:00:00,385.1257599441717
04-10 10:00:00,345.5907230303767
04-10 11:00:00,298.2729481697693
04-10 12:00:00,233.50572805796708
04-10 13:00:00,182.4898672870717
04-10 14:00:00,142.5977661579328
04-10 15:00:00,152.65918180027825
04-10 16:00:00,146.2440710841623
04-10 17:00:00,166.4920374511896
04-10 18:00:00,238.38502949203425
04-10 19:00:00,313.605007429699
04-10 20:00:00,339.4721292711756
04-10 21:00:00,365.4195116057128
04-10 22:00:00,390.78415119051556
04-10 23:00:00,404.86450958014336
04-11 00:00:00,411.532172191022
04-11 01:00:00,423.12404856937167
04-11 02:00:00,425.27954576347264
04-11 03:00:00,432.30703603935353
04-11 04:00:00,451.8983726030982
04-11 05:00:00,462.0324694572377
04-11 06:00:00,458.9113160833477
04-11 07:00:00,429.37841594468455
04-11 08:00:00,330.7472530309093
04-11 09:00:00,256.59399128320143
04-11 10:00:00,215.87864882411387
04-11 11:00:00,160.01262097009217
04-11 12:00:00,109.37841415228748
04-11 13:00:00,65.41286746895473
04-11 14:00:00,40.77845703467927
04-11 15:00:00,30.924259602033146
04-11 16:00:00,38.43581590702396
04-11 17:00:00,123.89937042549093
04-11 18:00:00,232.44040335674012
04-11 19:00:00,288.0013348454454
04-11 20:00:00,324.14633284163506
04-11 21:00:00,348.6245452453094
04-11 22:00:00,371.48130367636276
04-11 23:00:00,414.4918363496425
04-12 00:00:00,448.5220848878337
04-12 01:00:00,475.46841352495363
04-12 02:00:00,561.2993494841255
04-12 03:00:00,621.2165133661713
04-12 04:00:00,683.1339722364761
04-12 05:00:00,757.4123766686389
04-12 06:00:00,788.7160263712898
04-12 07:00:00,797.1404044579203
04-12 08:00:00,848.5347727151769
04-12 09:00:00,865.3593325849749
04-12 10:00:00,842.581464471873
04-12 11:00:00,812.692670667545
04-12 12:00:00,770.3834956390957
04-12 13:00:00,724.9885469897611
04-12 14:00:00,703.8341073788815
04-12 15:00:00,731.4152593827502
04-12 16:00:00,747.4246604247371
04-12 17:00:00,729.7951755638669
04-12 18:00:00,727.1152716778936
04-12 19:00:00,761.6597816532831
04-12 20:00:00,791.1455452387459
04-12 21:00:00,797.7269492742557
04-12 22:00:00,808.389848021722
04-12 23:00:00,803.6350895300778
04-13 00:00:00,796.0462629855009
04-13 01:00:00,817.247853541361
04-13 02:00:00,825.1152253529343
04-13 03:00:00,854.0010389902383
04-13 04:00:00,863.0683785348557
04-13 05:00:00,888.080625643815
04-13 06:00:00,875.6791052855906
04-13 07:00:00,836.2933449674074
04-13 08:00:00,746.5677079790354
04-13 09:00:00,665.1527591742013
04-13 10:00:00,650.3215430197961
04-13 11:00:00,610.0827262279953
04-13 12:00:00,566.810103510323
04-13 13:00:00,565.6069277578159
04-13 14:00:00,627.3826228231918
04-13 15:00:00,621.1118290707535
04-13 16:00:00,592.4726989982362
04-13 17:00:00,622.9295114512704
04-13 18:00:00,679.0588964546008
04-13 19:00:00,717.4279446188059
04-13 20:00:00,748.5350014402263
04-13 21:00:00,754.3790971805442
04-13 22:00:00,765.8882885929711
04-13 23:00:00,805.3259161951516
04-14 00:00:00,849.0588228526067
04-14 01:00:00,864.8207018152273
04-14 02:00:00,889.6316944235235
04-14 03:00:00,918.873781725855
04-14 04:00:00,931.2174510856235
04-14 05:00:00,960.1059612625478
04-14 06:00:00,916.8911784095775
04-14 07:00:00,820.152034361038
04-14 08:00:00,727.6801910992401
04-14 09:00:00,644.4316965281702
04-14 10:00:00,591.8380473845749
04-14 11:00:00,545.5879940346713
04-14 12:00:00,522.5952729767401
04-14 13:00:00,490.89145193156804
04-14 14:00:00,511.63921632148725
04-14 15:00:00,515.1650388064729
04-14 16:00:00,531.4466684316229
04-14 17:00:00,570.6730941116554
04-14 18:00:00,625.3897349403811
04-14 19:00:00,685.2206331415482
04-14 20:00:00,708.355062870562
04-14 21:00:00,714.9272913275863
04-14 22:00:00,734.781429952814
04-14 23:00:00,769.4043540784456
04-15 00:00:00,785.0343164357045
04-15 01:00:00,793.8132483477519
04-15 02:00:00,810.8900158708977
04-15 03:00:00,828.0683439942117
04-15 04:00:00,819.2735363904751
04-15 05:00:00,846.7468624466088
04-15 06:00:00,824.745763489921
04-15 07:00:00,753.0093452180733
04-15 08:00:00,709.5744228457202
04-15 09:00:00,675.3864959703675
04-15 10:00:00,617.0486321286191
04-15 11:00:00,589.6648056634269
04-15 12:00:00,554.8313953861534
04-15 13:00:00,556.1188618050903
04-15 14:00:00,544.9478070246184
04-15 15:00:00,542.2405165166539
04-15 16:00:00,545.4538632419489
04-15 17:00:00,564.6767045316176
04-15 18:00:00,588.1706050104859
04-15 19:00:00,645.8805834914443
04-15 20:00:00,673.2631402314861
04-15 21:00:00,706.7319911396876
04-15 22:00:00,729.5105212177203
04-15 23:00:00,766.3263696703859
04-16 00:00:00,815.0285224099149
04-16 01:00:00,836.0451077425143
04-16 02:00:00,852.985876749168
04-16 03:00:00,879.5612887284535
04-16 04:00:00,894.0377915536192
04-16 05:00:00,915.0957091572834
04-16 06:00:00,878.926930840686
04-16 07:00:00,803.7008581823919
04-16 08:00:00,719.1120221103936
04-16 09:00:00,653.2456483330905
04-16 10:00:00,588.3398777595185
04-16 11:00:00,541.6061390092976
04-16 12:00:00,489.6355778911279
04-16 13:00:00,454.3549246407725
04-16 14:00:00,438.96294112061963
04-16 15:00:00,452.26162697299077
04-16 16:00:00,467.2742044833516
04-16 17:00:00,488.5154318859916
04-16 18:00:00,519.7589697876606
04-16 19:00:00,571.1387215213144
04-16 20:00:00,603.1088739148402
04-16 21:00:00,645.9258760029553
04-16 22:00:00,707.2134897106627
04-16 23:00:00,750.6901782829256
04-17 00:00:00,776.6808760124875
04-17 01:00:00,800.9817881110554
04-17 02:00:00,844.3008019225344
04-17 03:00:00,876.9000763976911
04-17 04:00:00,907.6088934462031
04-17 05:00:00,923.5535550864751
04-17 06:00:00,885.3590059615279
04-17 07:00:00,837.6240036286367
04-17 08:00:00,739.188533822221
04-17 09:00:00,655.7207314034713
04-17 10:00:00,583.5471373917137
04-17 11:00:00,513.3530046634961
04-17 12:00:00,462.2890892743151
04-17 13:00:00,440.43116257278785
04-17 14:00:00,450.4776391596358
04-17 15:00:00,467.99634217538744
04-17 16:00:00,485.07420162528473
04-17 17:00:00,500.9920488483377
04-17 18:00:00,527.2606998638843
04-17 19:00:00,546.58255576823
04-17 20:00:00,555.9905765897124
04-17 21:00:00,574.6216796695703
04-17 22:00:00,570.8192110017031
04-17 23:00:00,577.4935752262852
04-18 00:00:00,593.3962893020383
04-18 01:00:00,609.7826303530021
04-18 02:00:00,633.688195845283
04-18 03:00:00,646.3314526169939
04-18 04:00:00,651.378711025376
04-18 05:00:00,660.7438773581214
04-18 06:00:00,654.0124198639658
04-18 07:00:00,633.8794650985782
04-18 08:00:00,603.8587593288189
04-18 09:00:00,571.5013897061625
04-18 10:00:00,532.7083875308504
04-18 11:00:00,472.3804028885422
04-18 12:00:00,442.9794425597507
04-18 13:00:00,437.2957477712699
04-18 14:00:00,444.75841849264043
04-18 15:00:00,449.148241824604
04-18 16:00:00,472.89464323599765
04-18 17:00:00,489.9923459029036
04-18 18:00:00,507.66644068379986
04-18 19:00:00,528.0989549668141
04-18 20:00:00,543.8772478351636
04-18 21:00:00,571.5359421812934
04-18 22:00:00,629.1718150782843
04-18 23:00:00,676.2617857976852
04-19 00:00:00,692.6008784875262
04-19 01:00:00,698.7785926356516
04-19 02:00:00,708.4428543774833
04-19 03:00:00,681.232528241992
04-19 04:00:00,694.4436093839013
04-19 05:00:00,696.0759040692539
04-19 06:00:00,681.158036789491
04-19 07:00:00,657.1571189726562
04-19 08:00:00,574.4678872862529
04-19 09:00:00,495.2449164888398
04-19 10:00:00,418.6492283751429
04-19 11:00:00,361.4540472233155
04-19 12:00:00,341.822499212173
04-19 13:00:00,326.97290599575064
04-19 14:00:00,325.00759256540243
04-19 15:00:00,314.7102724276577
04-19 16:00:00,316.2232778539897
04-19 17:00:00,334.1571809669488
04-19 18:00:00,368.52028280527713
04-19 19:00:00,435.3754724266478
04-19 20:00:00,460.14182331612227
04-19 21:00:00,477.47690221398244
04-19 22:00:00,540.3215100745231
04-19 23:00:00,586.1182411779572
04-20 00:00:00,608.8612459683939
04-20 01:00:00,641.4351029981283
04-20 02:00:00,656.8163441266774
04-20 03:00:00,691.353940605356
04-20 04:00:00,690.6457684031299
04-20 05:00:00,730.7282857326622
04-20 06:00:00,687.380151379071
04-20 07:00:00,578.8739817883518
04-20 08:00:00,484.7047288091924
04-20 09:00:00,406.1831430038398
04-20 10:00:00,335.147289586163
04-20 11:00:00,274.26191312197074
04-20 12:00:00,235.35632652487766
04-20 13:00:00,206.89993744651755
04-20 14:00:00,191.51736221624554
04-20 15:00:00,208.60297620887198
04-20 16:00:00,213.08656458656029
04-20 17:00:00,220.9493966427134
04-20 18:00:00,264.86735778942375
04-20 19:00:00,344.6029138275866
04-20 20:00:00,394.3824931912001
04-20 21:00:00,454.9248057353724
04-20 22:00:00,484.4281373174892
04-20 23:00:00,524.3429419369497
04-21 00:00:00,545.222043527354
04-21 01:00:00,571.4758032768852
04-21 02:00:00,581.3427193305827
04-21 03:00:00,593.2829301095863
04-21 04:00:00,623.1095237770437
04-21 05:00:00,629.0712321693413
04-21 06:00:00,584.2275193695646
04-21 07:00:00,490.5902954183626
04-21 08:00:00,414.4336899962974
04-21 09:00:00,342.1979418780663
04-21 10:00:00,256.6273177179532
04-21 11:00:00,201.46461997710605
04-21 12:00:00,164.2118487908017
04-21 13:00:00,134.4108688439551
04-21 14:00:00,112.09434614135345
04-21 15:00:00,107.41740559519697
04-21 16:00:00,146.55669500049612
04-21 17:00:00,191.6522082813082
04-21 18:00:00,217.27972684182978
04-21 19:00:00,283.0814310674608
04-21 20:00:00,310.37071542876
04-21 21:00:00,334.3546025062716
04-21 22:00:00,379.31462243641124
04-21 23:00:00,420.50998778605964
04-22 00:00:00,456.08248131234006
04-22 01:00:00,479.28164690172247
04-22 02:00:00,521.6538766036064
04-22 03:00:00,513.4240564432622
04-22 04:00:00,518.8855760587287
04-22 05:00:00,542.0402482292542
04-22 06:00:00,519.638581090203
04-22 07:00:00,460.65129184526904
04-22 08:00:00,382.36799357982767
04-22 09:00:00,281.6413332176273
04-22 10:00:00,241.5249414201782
04-22 11:00:00,210.60987757416865
04-22 12:00:00,165.23125501714844
04-22 13:00:00,219.71640765182414
04-22 14:00:00,200.53207062963943
04-22 15:00:00,209.3605259193764
04-22 16:00:00,280.2964981198173
04-22 17:00:00,291.87290379237714
04-22 18:00:00,311.37230344483635
04-22 19:00:00,336.4073101876548
04-22 20:00:00,367.6649489816811
04-22 21:00:00,398.9466723133194
04-22 22:00:00,411.1995188924465
04-22 23:00:00,440.0897833604223
04-23 00:00:00,476.20712551193685
04-23 01:00:00,528.3265704011662
04-23 02:00:00,562.382003080178
04-23 03:00:00,603.0806454219974
04-23 04:00:00,631.8459569249101
04-23 05:00:00,648.3249732433734
04-23 06:00:00,605.3548583443513
04-23 07:00:00,520.8232949490963
04-23 08:00:00,441.8432381101297
04-23 09:00:00,364.10853845333435
04-23 10:00:00,292.73247807212806
04-23 11:00:00,225.74805296653443
04-23 12:00:00,174.9071430219121
04-23 13:00:00,133.72402102862455
04-23 14:00:00,105.28106986690554
04-23 15:00:00,97.8979788313605
04-23 16:00:00,109.97638769539645
04-23 17:00:00,139.13158655056412
04-23 18:00:00,191.72649300677233
04-23 19:00:00,265.91584518380455
04-23 20:00:00,318.40311677018906
04-23 21:00:00,365.61842228864657
04-23 22:00:00,429.26187321976323
04-23 23:00:00,465.82062451949497
04-24 00:00:00,488.4595017490952
04-24 01:00:00,509.6670794490876
04-24 02:00:00,529.1171719890458
04-24 03:00:00,545.4897062655542
04-24 04:00:00,572.6393912913585
04-24 05:00:00,579.1895648648944
04-24 06:00:00,523.1477010330038
04-24 07:00:00,432.9522284511938
04-24 08:00:00,359.4692806497093
04-24 09:00:00,276.76268221774683
04-24 10:00:00,209.49532902832436
04-24 11:00:00,149.36663578154617
04-24 12:00:00,104.48193415793538
04-24 13:00:00,55.76044125674284
04-24 14:00:00,32.295050058111144
04-24 15:00:00,22.40661672952653
04-24 16:00:00,22.222315415171444
04-24 17:00:00,32.63012182368509
04-24 18:00:00,96.96178676812873
04-24 19:00:00,171.5426009365869
04-24 20:00:00,233.5171744317629
04-24 21:00:00,281.2982371839916
04-24 22:00:00,306.3282785920772
04-24 23:00:00,332.38634634380264
04-25 00:00:00,364.6978361759696
04-25 01:00:00,389.8326083842107
04-25 02:00:00,410.76690024390285
04-25 03:00:00,454.55615728401057
04-25 04:00:00,474.8260317295628
04-25 05:00:00,468.3033087468499
04-25 06:00:00,436.4514459829283
04-25 07:00:00,411.5787044336627
04-25 08:00:00,346.48150207870606
04-25 09:00:00,288.87227962787114
04-25 10:00:00,217.68517069205294
04-25 11:00:00,152.65084948342238
04-25 12:00:00,108.77626107976701
04-25 13:00:00,74.82085503676721
04-25 14:00:00,59.327950506064255
04-25 15:00:00,57.55992340773779
04-25 16:00:00,63.7620242759316
04-25 17:00:00,97.04315831862957
04-25 18:00:00,162.7195374261876
04-25 19:00:00,223.69021329879794
04-25 20:00:00,267.13584286822515
04-25 21:00:00,295.72309168670085
04-25 22:00:00,334.95527151324194
04-25 23:00:00,375.4437139407404
04-26 00:00:00,402.14097744979404
04-26 01:00:00,433.3883178528784
04-26 02:00:00,479.01590463531994
04-26 03:00:00,517.0010814280629
04-26 04:00:00,546.5132831033523
04-26 05:00:00,556.6186596701533
04-26 06:00:00,520.7670839079015
04-26 07:00:00,469.2279320962232
04-26 08:00:00,424.25113159411734
04-26 09:00:00,372.2623092070435
04-26 10:00:00,331.78686133949134
04-26 11:00:00,277.11112737783105
04-26 12:00:00,217.033978397135
04-26 13:00:00,186.30993067590435
04-26 14:00:00,151.53336436269106
04-26 15:00:00,125.33824570729072
04-26 16:00:00,118.23304157491265
04-26 17:00:00,145.6191733885916
04-26 18:00:00,199.56522816851992
04-26 19:00:00,260.1449221502153
04-26 20:00:00,315.68755413817405
04-26 21:00:00,342.87475709934705
04-26 22:00:00,388.73830970112675
04-26 23:00:00,432.29808251598047
04-27 00:00:00,461.94251172329876
04-27 01:00:00,519.0969272594767
04-27 02:00:00,550.748474529474
04-27 03:00:00,572.2949236012519
04-27 04:00:00,607.7249181496874
04-27 05:00:00,606.1654957877406
04-27 06:00:00,554.0582478336324
04-27 07:00:00,478.8514333822995
04-27 08:00:00,416.9091045906835
04-27 09:00:00,358.6850966671269
04-27 10:00:00,292.565358921541
04-27 11:00:00,235.57251417341044
04-27 12:00:00,195.16785799027622
04-27 13:00:00,132.5310791960781
04-27 14:00:00,106.51651667244629
04-27 15:00:00,91.37895955069672
04-27 16:00:00,87.69043504496851
04-27 17:00:00,109.99728471841424
04-27 18:00:00,152.91205726899284
04-27 19:00:00,191.7291400989526
04-27 20:00:00,228.0142335936414
04-27 21:00:00,259.0919685853388
04-27 22:00:00,265.23627103724425
04-27 23:00:00,323.84975676693733
04-28 00:00:00,353.9560667567931
04-28 01:00:00,345.1554902271294
04-28 02:00:00,345.2639259340266
04-28 03:00:00,351.43387367254974
04-28 04:00:00,354.92017401107734
04-28 05:00:00,371.8009416314515
04-28 06:00:00,358.3406163916733
04-28 07:00:00,327.5001721829885
04-28 08:00:00,312.78409901166066
04-28 09:00:00,253.67411516650793
04-28 10:00:00,188.50123811845054
04-28 11:00:00,133.26190383742565
04-28 12:00:00,103.07152652960995
04-28 13:00:00,65.29486574092664
04-28 14:00:00,45.65273993709091
04-28 15:00:00,37.463770981373266
04-28 16:00:00,62.0274736530904
04-28 17:00:00,84.44989948242635
04-28 18:00:00,123.37773340113883
04-28 19:00:00,168.56688418543317
04-28 20:00:00,222.7841335772248
04-28 21:00:00,264.72667244092474
04-28 22:00:00,309.9853334944915
04-28 23:00:00,322.63442608467193
04-29 00:00:00,342.8423160745295
04-29 01:00:00,330.8418219285421
04-29 02:00:00,325.37262942194155
04-29 03:00:00,328.60305045610954
04-29 04:00:00,376.55857429329336
04-29 05:00:00,422.9645842733658
04-29 06:00:00,439.7874380753181
04-29 07:00:00,429.1751941974914
04-29 08:00:00,389.8902181554802
04-29 09:00:00,361.2665289386654
04-29 10:00:00,337.9012608929812
04-29 11:00:00,338.02720726733986
04-29 12:00:00,328.37874681560646
04-29 13:00:00,290.6096231266471
04-29 14:00:00,290.3149125633744
04-29 15:00:00,283.3745682389465
04-29 16:00:00,290.46382314588357
04-29 17:00:00,340.62174017975605
04-29 18:00:00,362.93831382623455
04-29 19:00:00,379.23286475699325
04-29 20:00:00,395.7047757560535
04-29 21:00:00,398.49218792231966
04-29 22:00:00,417.93093760244176
04-29 23:00:00,423.1490494931839
04-30 00:00:00,421.5193162487103
04-30 01:00:00,431.4734990464555
04-30 02:00:00,461.6341771615894
04-30 03:00:00,468.3231243919617
04-30 04:00:00,463.7128539196821
04-30 05:00:00,478.21123746503883
04-30 06:00:00,438.88190741518844
04-30 07:00:00,369.534891818556
04-30 08:00:00,316.59402231200664
04-30 09:00:00,258.9553521854097
04-30 10:00:00,204.3950085975996
04-30 11:00:00,163.8563578417023
04-30 12:00:00,142.30315657037073
04-30 13:00:00,212.05361360555133
04-30 14:00:00,300.5749644743972
04-30 15:00:00,350.11781753511013
04-30 16:00:00,383.1583256325831
04-30 17:00:00,401.9425041251124
04-30 18:00:00,447.60808261454923
04-30 19:00:00,475.7618484019178
04-30 20:00:00,503.00408504368033
04-30 21:00:00,513.2214240057408
04-30 22:00:00,514.4302309390106
04-30 23:00:00,516.0559416689746
05-01 00:00:00,519.1529564565542
05-01 01:00:00,518.5144315479889
05-01 02:00:00,519.8331837781998
05-01 03:00:00,519.8692359800664
05-01 04:00:00,517.5470409029207
05-01 05:00:00,508.2131017205058
05-01 06:00:00,502.80522986406197
05-01 07:00:00,501.01021570623755
05-01 08:00:00,484.56246829005784
05-01 09:00:00,458.8229482046318
05-01 10:00:00,450.1488919382906
05-01 11:00:00,449.412341148592
05-01 12:00:00,451.05224603106996
05-01 13:00:00,451.4497626028421
05-01 14:00:00,456.73590968479556
05-01 15:00:00,466.1128435237596
05-01 16:00:00,463.42953651156074
05-01 17:00:00,464.152305434635
05-01 18:00:00,486.22947733503565
05-01 19:00:00,508.7909701685082
05-01 20:00:00,527.8600688731942
05-01 21:00:00,556.1139540655337
05-01 22:00:00,591.8295035568616
05-01 23:00:00,613.3775078244003
05-02 00:00:00,625.3510406827335
05-02 01:00:00,634.087808539787
05-02 02:00:00,640.5706250172709
05-02 03:00:00,643.4910271581113
05-02 04:00:00,658.6084263922725
05-02 05:00:00,663.9734141467435
05-02 06:00:00,657.9290000893901
05-02 07:00:00,648.1237138889792
05-02 08:00:00,623.5617112173384
05-02 09:00:00,599.8346312223583
05-02 10:00:00,578.1274693794622
05-02 11:00:00,541.2376941162969
05-02 12:00:00,501.0403563231698
05-02 13:00:00,426.29432393347423
05-02 14:00:00,472.55808726993826
05-02 15:00:00,562.5649090284243
05-02 16:00:00,540.2793290535701
05-02 17:00:00,552.1204088340306
05-02 18:00:00,561.8698825784123
05-02 19:00:00,575.5788151834967
05-02 20:00:00,602.3377295517635
05-02 21:00:00,610.2526085287416
05-02 22:00:00,613.1375021892093
05-02 23:00:00,632.2094399290384
05-03 00:00:00,634.6540839331312
05-03 01:00:00,627.7786438781452
05-03 02:00:00,643.2050527476164
05-03 03:00:00,657.9334714855294
05-03 04:00:00,664.7297866976843
05-03 05:00:00,682.1865865088832
05-03 06:00:00,642.4999639251846
05-03 07:00:00,543.3113908000322
05-03 08:00:00,468.57205059964053
05-03 09:00:00,407.29355841059595
05-03 10:00:00,374.8025185362028
05-03 11:00:00,335.5544467370729
05-03 12:00:00,306.7767050108917
05-03 13:00:00,273.7038728257896
05-03 14:00:00,261.4145944816609
05-03 15:00:00,246.05321590834214
05-03 16:00:00,242.00401168256695
05-03 17:00:00,247.00087577038133
05-03 18:00:00,304.32361076485006
05-03 19:00:00,376.860657547682
05-03 20:00:00,413.2876458597057
05-03 21:00:00,477.3049597555872
05-03 22:00:00,506.9544864932405
05-03 23:00:00,513.4545927641251
05-04 00:00:00,534.4512126570968
05-04 01:00:00,569.5176752927823
05-04 02:00:00,589.2123085150023
05-04 03:00:00,601.6080381767645
05-04 04:00:00,615.1583546370886
05-04 05:00:00,623.6756655693031
05-04 06:00:00,507.94099659144683
05-04 07:00:00,432.25181330888927
05-04 08:00:00,360.7859287734
05-04 09:00:00,273.2441995936209
05-04 10:00:00,217.37287979975497
05-04 11:00:00,178.17365051389268
05-04 12:00:00,112.99224162609647
05-04 13:00:00,88.8323696318089
05-04 14:00:00,87.01102784806979
05-04 15:00:00,100.42439729247668
05-04 16:00:00,122.41206446083133
05-04 17:00:00,146.17667797835784
05-04 18:00:00,167.03353319723985
05-04 19:00:00,165.80929451056986
05-04 20:00:00,264.99792330013105
05-04 21:00:00,305.0981561834106
05-04 22:00:00,331.5253412743088
05-04 23:00:00,348.3525147208916
05-05 00:00:00,345.5737467751687
05-05 01:00:00,339.42881015709816
05-05 02:00:00,339.78881514341373
05-05 03:00:00,358.59081137842975
05-05 04:00:00,397.66345847102525
05-05 05:00:00,419.8946121330279
05-05 06:00:00,489.0770733763364
05-05 07:00:00,537.8515087689628
05-05 08:00:00,553.600057087002
05-05 09:00:00,550.2547878363237
05-05 10:00:00,514.722033803339
05-05 11:00:00,487.3821468215897
05-05 12:00:00,433.14128582053144
05-05 13:00:00,364.32927492755965
05-05 14:00:00,354.7508422344534
05-05 15:00:00,436.0595368851513
05-05 16:00:00,424.92885227894925
05-05 17:00:00,414.2863219428451
05-05 18:00:00,433.0667218873807
05-05 19:00:00,452.6162995959457
05-05 20:00:00,487.6585655081717
05-05 21:00:00,495.4022683268096
05-05 22:00:00,504.3541558143353
05-05 23:00:00,537.7933863559639
05-06 00:00:00,564.7645301541776
05-06 01:00:00,617.3457771809758
05-06 02:00:00,600.2182826292143
05-06 03:00:00,580.1021716592251
05-06 04:00:00,565.4508206378355
05-06 05:00:00,570.3678768961464
05-06 06:00:00,530.4101612430906
05-06 07:00:00,465.79973294886474
05-06 08:00:00,411.2507197868362
05-06 09:00:00,357.7579738470714
05-06 10:00:00,354.78558398237544
05-06 11:00:00,365.65275956785507
05-06 12:00:00,379.0050780101965
05-06 13:00:00,422.95531465210223
05-06 14:00:00,458.6341757313165
05-06 15:00:00,471.5656705723338
05-06 16:00:00,477.9653625264832
05-06 17:00:00,481.70118449186725
05-06 18:00:00,485.50433481586856
05-06 19:00:00,463.8230902392559
05-06 20:00:00,364.43802613884947
05-06 21:00:00,339.885871476703
05-06 22:00:00,406.3394954362627
05-06 23:00:00,367.8224494954435
05-07 00:00:00,347.243291407938
05-07 01:00:00,361.8236423584722
05-07 02:00:00,385.5849179715315
05-07 03:00:00,392.01449453262825
05-07 04:00:00,384.77883277525075
05-07 05:00:00,405.74983211045725
05-07 06:00:00,420.6197547737956
05-07 07:00:00,390.09961826995465
05-07 08:00:00,329.99461558324344
05-07 09:00:00,494.27460165763284
05-07 10:00:00,509.1188939413907
05-07 11:00:00,501.1822960276221
05-07 12:00:00,495.2132801159541
05-07 13:00:00,509.9899432453493
05-07 14:00:00,493.23999586472377
05-07 15:00:00,379.98006796090425
05-07 16:00:00,370.52429914588356
05-07 17:00:00,375.11047330173477
05-07 18:00:00,421.18447411284075
05-07 19:00:00,474.76003955154755
05-07 20:00:00,504.42598062904176
05-07 21:00:00,537.2360795302657
05-07 22:00:00,570.2476328228954
05-07 23:00:00,602.0347208028489
05-08 00:00:00,639.4057398315372
05-08 01:00:00,655.269916337991
05-08 02:00:00,646.0631859262097
05-08 03:00:00,666.4880571239436
05-08 04:00:00,665.4982931234214
05-08 05:00:00,642.2692161613527
05-08 06:00:00,558.4351873141325
05-08 07:00:00,456.0355770903812
05-08 08:00:00,400.4014304998448
05-08 09:00:00,322.9308487753757
05-08 10:00:00,243.02237693472563
05-08 11:00:00,186.33565468639534
05-08 12:00:00,133.29396485063228
05-08 13:00:00,96.56208035824223
05-08 14:00:00,66.22572436616846
05-08 15:00:00,47.11690395120796
05-08 16:00:00,49.984439523874414
05-08 17:00:00,49.51011855328939
05-08 18:00:00,116.65988613019337
05-08 19:00:00,156.6095490402138
05-08 20:00:00,196.61827665581364
05-08 21:00:00,255.56452863274978
05-08 22:00:00,294.9850685637603
05-08 23:00:00,312.01871753010073
05-09 00:00:00,322.7682396022778
05-09 01:00:00,324.01192636131583
05-09 02:00:00,313.23011720982595
05-09 03:00:00,321.9179909613797
05-09 04:00:00,345.07362697404625
05-09 05:00:00,327.411324546682
05-09 06:00:00,258.32855162083973
05-09 07:00:00,163.98979012842682
05-09 08:00:00,96.37088901140864
05-09 09:00:00,41.03551964597516
05-09 10:00:00,1.7755460823809275
05-09 11:00:00,1.6755529434126533
05-09 12:00:00,1.5523460410334948
05-09 13:00:00,1.5036121800899773
05-09 14:00:00,1.5768301059457774
05-09 15:00:00,1.7004315214645873
05-09 16:00:00,1.8260239592884036
05-09 17:00:00,1.953638491622789
05-09 18:00:00,2.1357560093764225
05-09 19:00:00,2.403080715810595
05-09 20:00:00,9.836284278512288
05-09 21:00:00,75.43904109061283
05-09 22:00:00,96.88519304052747
05-09 23:00:00,73.76786385008448
05-10 00:00:00,45.625188277388986
05-10 01:00:00,6.386002372328041
05-10 02:00:00,16.428012653215703
05-10 03:00:00,16.40019512502464
05-10 04:00:00,19.054318911984844
05-10 05:00:00,22.28398717750332
05-10 06:00:00,21.51256499154906
05-10 07:00:00,7.328393691497319
05-10 08:00:00,2.457575873864469
05-10 09:00:00,2.375963101111704
05-10 10:00:00,2.403080715810595
05-10 11:00:00,2.457575873864469
05-10 12:00:00,30.691132033139247
05-10 13:00:00,54.3118945542167
05-10 14:00:00,70.37768901664808
05-10 15:00:00,89.71079865247587
05-10 16:00:00,96.43853572472622
05-10 17:00:00,108.38724781821487
05-10 18:00:00,128.25068349840373
05-10 19:00:00,161.35829141671897
05-10 20:00:00,189.17172368815866
05-10 21:00:00,205.0013335661854
05-10 22:00:00,220.96593407752235
05-10 23:00:00,242.40209616210166
05-11 00:00:00,276.02822035648444
05-11 01:00:00,300.5206322414017
05-11 02:00:00,327.1309456172474
05-11 03:00:00,309.5164074959027
05-11 04:00:00,314.0927251160946
05-11 05:00:00,310.4877863882541
05-11 06:00:00,313.8981290069023
05-11 07:00:00,289.17847663814433
05-11 08:00:00,249.39454348220687
05-11 09:00:00,213.5012606082098
05-11 10:00:00,194.56674656633032
05-11 11:00:00,158.7599712925968
05-11 12:00:00,222.45557160164083
05-11 13:00:00,296.62230092759705
05-11 14:00:00,311.88305358121636
05-11 15:00:00,315.9681747265893
05-11 16:00:00,341.11888345243875
05-11 17:00:00,350.60533051348926
05-11 18:00:00,365.4079156945648
05-11 19:00:00,381.10001918303686
05-11 20:00:00,393.7655949848633
05-11 21:00:00,402.377201509033
05-11 22:00:00,417.774719769677
05-11 23:00:00,442.18365815630796
05-12 00:00:00,444.11664215405796
05-12 01:00:00,453.22317336668607
05-12 02:00:00,453.5070733243739
05-12 03:00:00,444.73992058608394
05-12 04:00:00,448.8060327446481
05-12 05:00:00,454.723314540797
05-12 06:00:00,478.59755574156827
05-12 07:00:00,480.98842405779413
05-12 08:00:00,464.71966275848206
05-12 09:00:00,446.22574360822114
05-12 10:00:00,402.6930872358357
05-12 11:00:00,358.58702311259475
05-12 12:00:00,293.99409790727225
05-12 13:00:00,250.1766974902513
05-12 14:00:00,229.8212651929643
05-12 15:00:00,210.02726786371906
05-12 16:00:00,245.8113580737552
05-12 17:00:00,273.45796768313085
05-12 18:00:00,295.88892170672807
05-12 19:00:00,332.3897354893518
05-12 20:00:00,361.37061632227505
05-12 21:00:00,376.80425860106664
05-12 22:00:00,421.7980091959905
05-12 23:00:00,462.8468002545339
05-13 00:00:00,489.13553715913355
05-13 01:00:00,510.4537115593302
05-13 02:00:00,529.8813257538457
05-13 03:00:00,555.0373037959081
05-13 04:00:00,566.0490243253982
05-13 05:00:00,545.236865705873
05-13 06:00:00,484.8891022176745
05-13 07:00:00,409.6858856811548
05-13 08:00:00,362.8568798593659
05-13 09:00:00,338.1949758840249
05-13 10:00:00,299.0332167076137
05-13 11:00:00,278.14682218248214
05-13 12:00:00,400.3733170978323
05-13 13:00:00,429.34616352615126
05-13 14:00:00,394.4144317625683
05-13 15:00:00,359.0223998829866
05-13 16:00:00,330.8316114228423
05-13 17:00:00,316.46467912072734
05-13 18:00:00,328.2203779186223
05-13 19:00:00,383.046791796984
05-13 20:00:00,423.536997683092
05-13 21:00:00,437.1002435089347
05-13 22:00:00,463.15445008939474
05-13 23:00:00,463.10742711386854
05-14 00:00:00,515.3808636206503
05-14 01:00:00,544.5973305746749
05-14 02:00:00,554.9669968887742
05-14 03:00:00,572.7790634192911
05-14 04:00:00,602.8741762883899
05-14 05:00:00,570.6871440082668
05-14 06:00:00,534.9296646274694
05-14 07:00:00,445.42393554970226
05-14 08:00:00,332.86203581609465
05-14 09:00:00,265.623583376054
05-14 10:00:00,218.26751902247534
05-14 11:00:00,175.79123512268887
05-14 12:00:00,148.31581048684174
05-14 13:00:00,127.39344492817511
05-14 14:00:00,127.63353008298104
05-14 15:00:00,98.87381033739862
05-14 16:00:00,167.24029505592824
05-14 17:00:00,244.4695981167472
05-14 18:00:00,288.40212874915295
05-14 19:00:00,326.3384462560471
05-14 20:00:00,374.97802318393366
05-14 21:00:00,412.84357216296155
05-14 22:00:00,431.89025382894624
05-14 23:00:00,449.15554227557226
05-15 00:00:00,473.8959822960851
05-15 01:00:00,492.03118510253466
05-15 02:00:00,490.0552200075708
05-15 03:00:00,507.198796953194
05-15 04:00:00,534.63952080791
05-15 05:00:00,542.8851747168338
05-15 06:00:00,460.142013586015
05-15 07:00:00,397.3084190262008
05-15 08:00:00,334.2166085579867
05-15 09:00:00,273.05209304194625
05-15 10:00:00,227.3838493225171
05-15 11:00:00,210.84357622609176
05-15 12:00:00,204.70211823311757
05-15 13:00:00,229.52821656201465
05-15 14:00:00,246.47645139416935
05-15 15:00:00,304.2144092683867
05-15 16:00:00,353.75831201459204
05-15 17:00:00,395.3480374614967
05-15 18:00:00,416.01034643588827
05-15 19:00:00,427.75730953352485
05-15 20:00:00,437.6610506436725
05-15 21:00:00,449.5780175678584
05-15 22:00:00,468.13920522961166
05-15 23:00:00,473.2010979723574
05-16 00:00:00,487.5660692785044
05-16 01:00:00,503.2519768580954
05-16 02:00:00,513.8594470262682
05-16 03:00:00,542.8040669170093
05-16 04:00:00,569.906436809668
05-16 05:00:00,525.6880639032955
05-16 06:00:00,480.8677110885555
05-16 07:00:00,440.4162410419577
05-16 08:00:00,385.8104367808494
05-16 09:00:00,323.8465518921476
05-16 10:00:00,273.8629302154658
05-16 11:00:00,254.93144223796517
05-16 12:00:00,301.78940444256875
05-16 13:00:00,273.5717219141182
05-16 14:00:00,317.3142703315942
05-16 15:00:00,369.85157364924635
05-16 16:00:00,370.6685814673944
05-16 17:00:00,354.8093066729936
05-16 18:00:00,367.5885922320269
05-16 19:00:00,387.5809999805283
05-16 20:00:00,343.6619127579175
05-16 21:00:00,354.4085697340534
05-16 22:00:00,402.0776593125989
05-16 23:00:00,398.4239706441112
05-17 00:00:00,414.2184283858732
05-17 01:00:00,437.1369643285699
05-17 02:00:00,460.7911983551501
05-17 03:00:00,445.2846679195819
05-17 04:00:00,462.69501024828514
05-17 05:00:00,462.7656503772384
05-17 06:00:00,471.23594418755914
05-17 07:00:00,440.0506348066577
05-17 08:00:00,411.0338093452411
05-17 09:00:00,374.91849731081334
05-17 10:00:00,330.38457698821867
05-17 11:00:00,267.77641000289185
05-17 12:00:00,232.81873561364782
05-17 13:00:00,204.04701991441533
05-17 14:00:00,196.42433956682348
05-17 15:00:00,256.96104688369445
05-17 16:00:00,216.1415519071311
05-17 17:00:00,246.37553482121209
05-17 18:00:00,268.261243822412
05-17 19:00:00,292.80491476014936
05-17 20:00:00,308.8284976874628
05-17 21:00:00,311.783920680137
05-17 22:00:00,374.0313938220052
05-17 23:00:00,413.02960523168093
05-18 00:00:00,437.68623518766526
05-18 01:00:00,438.2540378599446
05-18 02:00:00,461.35691401498315
05-18 03:00:00,466.82350435242864
05-18 04:00:00,467.895265314927
05-18 05:00:00,465.34461100694523
05-18 06:00:00,448.6780848319653
05-18 07:00:00,433.5978132997102
05-18 08:00:00,400.12262856410047
05-18 09:00:00,368.0401528550316
05-18 10:00:00,401.9440277799224
05-18 11:00:00,357.5809543305175
05-18 12:00:00,310.15430125396995
05-18 13:00:00,297.71615584140375
05-18 14:00:00,264.8771997914022
05-18 15:00:00,244.53298236542878
05-18 16:00:00,228.08857082448733
05-18 17:00:00,214.8477419738703
05-18 18:00:00,268.8428563467344
05-18 19:00:00,364.8937027110839
05-18 20:00:00,373.1786485344563
05-18 21:00:00,408.0715252175238
05-18 22:00:00,453.4721058635497
05-18 23:00:00,513.6199148969
05-19 00:00:00,521.89114641961
05-19 01:00:00,529.3649992210671
05-19 02:00:00,538.2862692380485
05-19 03:00:00,538.940024620959
05-19 04:00:00,542.8845732101719
05-19 05:00:00,535.1609286472622
05-19 06:00:00,522.2941614471825
05-19 07:00:00,508.2453977750201
05-19 08:00:00,475.1454028983093
05-19 09:00:00,451.07274668150933
05-19 10:00:00,391.44262447091904
05-19 11:00:00,382.53702851795725
05-19 12:00:00,484.5615281032037
05-19 13:00:00,378.4455582801322
05-19 14:00:00,303.21573391668244
05-19 15:00:00,374.7931975702349
05-19 16:00:00,399.2304121213088
05-19 17:00:00,393.1816895839085
05-19 18:00:00,415.29231178748745
05-19 19:00:00,460.2823469165868
05-19 20:00:00,503.4961635677666
05-19 21:00:00,524.4347998138177
05-19 22:00:00,529.9521197120515
05-19 23:00:00,520.4001394817994
05-20 00:00:00,519.1762468793552
05-20 01:00:00,522.9922151064845
05-20 02:00:00,538.9149465726326
05-20 03:00:00,539.1141406218427
05-20 04:00:00,532.9562176398407
05-20 05:00:00,523.5368576695631
05-20 06:00:00,513.1825302562813
05-20 07:00:00,494.8807446468947
05-20 08:00:00,473.46493905501416
05-20 09:00:00,459.3583546344538
05-20 10:00:00,415.41292062097784
05-20 11:00:00,362.78587620549155
05-20 12:00:00,296.19839179797947
05-20 13:00:00,274.9298958660837
05-20 14:00:00,248.42401945096253
05-20 15:00:00,219.65664651812293
05-20 16:00:00,206.87064984644456
05-20 17:00:00,207.46808421462384
05-20 18:00:00,247.87349896300321
05-20 19:00:00,310.82027201149583
05-20 20:00:00,331.57712717788
05-20 21:00:00,359.4843239857748
05-20 22:00:00,400.5533169989319
05-20 23:00:00,414.09634569376817
05-21 00:00:00,428.1566968861264
05-21 01:00:00,442.80392054226553
05-21 02:00:00,430.5900561063322
05-21 03:00:00,428.73412123257157
05-21 04:00:00,422.96894965235265
05-21 05:00:00,427.04495863664465
05-21 06:00:00,387.63377730724187
05-21 07:00:00,348.62350080188605
05-21 08:00:00,309.44900993545787
05-21 09:00:00,311.13243173050836
05-21 10:00:00,329.70245171340486
05-21 11:00:00,330.46442079922207
05-21 12:00:00,323.92659272410936
05-21 13:00:00,303.09176769581063
05-21 14:00:00,303.88706770611185
05-21 15:00:00,291.76915056339686
05-21 16:00:00,314.6366657623194
05-21 17:00:00,354.8542927579889
05-21 18:00:00,375.5839467527179
05-21 19:00:00,388.09287893153527
05-21 20:00:00,404.89696202565943
05-21 21:00:00,444.5800993605239
05-21 22:00:00,476.47695364423146
05-21 23:00:00,498.90251086992754
05-22 00:00:00,529.3979390535086
05-22 01:00:00,512.1598545519942
05-22 02:00:00,518.1416826460604
05-22 03:00:00,520.6037966434652
05-22 04:00:00,537.2235174628756
05-22 05:00:00,549.1852664641561
05-22 06:00:00,515.7465259112485
05-22 07:00:00,465.87158077515886
05-22 08:00:00,403.0564120103427
05-22 09:00:00,325.63055524361994
05-22 10:00:00,269.8812876972555
05-22 11:00:00,230.0325896737679
05-22 12:00:00,199.57125757505395
05-22 13:00:00,186.67447027051307
05-22 14:00:00,160.01113193841636
05-22 15:00:00,147.10635527067197
05-22 16:00:00,138.94213730312075
05-22 17:00:00,143.73246114640773
05-22 18:00:00,165.1402179347677
05-22 19:00:00,224.97263235911453
05-22 20:00:00,268.5247782149827
05-22 21:00:00,301.50526364565246
05-22 22:00:00,353.76758598315314
05-22 23:00:00,365.01134741852724
05-23 00:00:00,367.1193395108531
05-23 01:00:00,450.440757334183
05-23 02:00:00,497.67119081081756
05-23 03:00:00,520.868706966727
05-23 04:00:00,535.751761184869
05-23 05:00:00,510.8552629772794
05-23 06:00:00,508.95779893144436
05-23 07:00:00,472.5581797514021
05-23 08:00:00,409.0787974782491
05-23 09:00:00,337.8774520943114
05-23 10:00:00,289.67219830858454
05-23 11:00:00,286.37171793597645
05-23 12:00:00,280.0284239889374
05-23 13:00:00,220.21540663820247
05-23 14:00:00,175.56236556074876
05-23 15:00:00,153.3701836703022
05-23 16:00:00,144.60498034151342
05-23 17:00:00,151.22539308884066
05-23 18:00:00,210.46497234227866
05-23 19:00:00,266.43716700969225
05-23 20:00:00,287.2740932500314
05-23 21:00:00,329.4095101759532
05-23 22:00:00,353.5470666290572
05-23 23:00:00,397.8684218996364
05-24 00:00:00,420.29882374747814
05-24 01:00:00,429.42516926368705
05-24 02:00:00,426.4363499224189
05-24 03:00:00,442.14281642629743
05-24 04:00:00,452.39098786943407
05-24 05:00:00,454.1290360657198
05-24 06:00:00,420.21711739397875
05-24 07:00:00,362.4954109703051
05-24 08:00:00,357.927260461789
05-24 09:00:00,309.72004439909006
05-24 10:00:00,274.01068629142054
05-24 11:00:00,225.90839837317276
05-24 12:00:00,200.72673185395865
05-24 13:00:00,226.89609267884444
05-24 14:00:00,232.13126200065406
05-24 15:00:00,229.83428557486505
05-24 16:00:00,232.0894552542658
05-24 17:00:00,246.39767867482274
05-24 18:00:00,271.3661019502724
05-24 19:00:00,290.7905015670559
05-24 20:00:00,303.65762601968896
05-24 21:00:00,311.3610177444774
05-24 22:00:00,315.95141942797
05-24 23:00:00,364.28403526622765
05-25 00:00:00,376.31949913536255
05-25 01:00:00,423.1646950229047
05-25 02:00:00,436.15566163454054
05-25 03:00:00,428.85167933250744
05-25 04:00:00,426.7331151399803
05-25 05:00:00,442.0084764705437
05-25 06:00:00,422.90994326304445
05-25 07:00:00,415.5695379508545
05-25 08:00:00,399.8748336906969
05-25 09:00:00,372.4402992945068
05-25 10:00:00,308.10519888538977
05-25 11:00:00,276.1327936212191
05-25 12:00:00,227.47072915234475
05-25 13:00:00,220.17600842629125
05-25 14:00:00,203.75278986603644
05-25 15:00:00,186.2776058691577
05-25 16:00:00,185.95235264400796
05-25 17:00:00,194.29777090468335
05-25 18:00:00,214.8220391983437
05-25 19:00:00,246.83439327085728
05-25 20:00:00,304.28314779145353
05-25 21:00:00,336.0058856945254
05-25 22:00:00,381.84276357353747
05-25 23:00:00,395.04875066810087
05-26 00:00:00,418.63536916778236
05-26 01:00:00,449.6421468144307
05-26 02:00:00,481.7635917208311
05-26 03:00:00,470.04210972720574
05-26 04:00:00,468.66422928490044
05-26 05:00:00,460.8731623974327
05-26 06:00:00,423.50583156000204
05-26 07:00:00,366.52910213030225
05-26 08:00:00,335.12937702239196
05-26 09:00:00,262.1988812337253
05-26 10:00:00,211.2093093048888
05-26 11:00:00,210.75952831516852
05-26 12:00:00,194.37943088582938
05-26 13:00:00,179.96673784024156
05-26 14:00:00,169.59748209822087
05-26 15:00:00,152.80881919817696
05-26 16:00:00,176.20540994170798
05-26 17:00:00,210.50234233205978
05-26 18:00:00,250.12521582328375
05-26 19:00:00,288.2905462503323
05-26 20:00:00,310.8497871026365
05-26 21:00:00,321.27912242548337
05-26 22:00:00,339.46800500219933
05-26 23:00:00,349.908998062596
05-27 00:00:00,343.9256377853379
05-27 01:00:00,357.59668277876483
05-27 02:00:00,355.65732797410504
05-27 03:00:00,391.8228848157433
05-27 04:00:00,440.41621059503535
05-27 05:00:00,454.1400657066827
05-27 06:00:00,457.6165539323715
05-27 07:00:00,441.54735407678794
05-27 08:00:00,443.67034411474225
05-27 09:00:00,453.9367052432725
05-27 10:00:00,443.2051239226021
05-27 11:00:00,409.4157255909589
05-27 12:00:00,393.3576690235714
05-27 13:00:00,345.98994903366275
05-27 14:00:00,297.67195775198246
05-27 15:00:00,314.60841201340105
05-27 16:00:00,295.18335333890127
05-27 17:00:00,286.10466596635985
05-27 18:00:00,298.4180406193611
05-27 19:00:00,312.06043858719545
05-27 20:00:00,331.58046619721654
05-27 21:00:00,366.7921537868273
05-27 22:00:00,403.45272435146563
05-27 23:00:00,439.34569177026606
05-28 00:00:00,471.3688249701146
05-28 01:00:00,503.43476843297634
05-28 02:00:00,522.4143953798554
05-28 03:00:00,542.0909320285872
05-28 04:00:00,551.2872158556195
05-28 05:00:00,502.4758238166026
05-28 06:00:00,425.90426530274976
05-28 07:00:00,347.52718032118594
05-28 08:00:00,285.7756229380657
05-28 09:00:00,218.8350414040461
05-28 10:00:00,156.31735524108944
05-28 11:00:00,106.36539485550458
05-28 12:00:00,63.264070475011245
05-28 13:00:00,32.200216850633524
05-28 14:00:00,21.823481256812922
05-28 15:00:00,11.438614543825981
05-28 16:00:00,14.955895153749918
05-28 17:00:00,19.937909017946357
05-28 18:00:00,56.84156893333517
05-28 19:00:00,134.54434971685163
05-28 20:00:00,183.38080022126147
05-28 21:00:00,216.93135014475203
05-28 22:00:00,233.44334003709076
05-28 23:00:00,240.42778827447304
05-29 00:00:00,263.5181583283791
05-29 01:00:00,280.5599773113881
05-29 02:00:00,305.4805197649429
05-29 03:00:00,334.04199340727763
05-29 04:00:00,345.582477167879
05-29 05:00:00,336.3159286974142
05-29 06:00:00,293.26396719492317
05-29 07:00:00,273.65734356163034
05-29 08:00:00,230.1066626739592
05-29 09:00:00,195.35850526472794
05-29 10:00:00,182.28235285111722
05-29 11:00:00,145.1740818496707
05-29 12:00:00,105.11479157725282
05-29 13:00:00,93.7092803404238
05-29 14:00:00,103.31957942995543
05-29 15:00:00,72.22491590317944
05-29 16:00:00,53.00574866272558
05-29 17:00:00,59.42877057532672
05-29 18:00:00,88.30269454088211
05-29 19:00:00,154.23532629501042
05-29 20:00:00,224.5162627720691
05-29 21:00:00,262.42322638280524
05-29 22:00:00,279.6397262986075
05-29 23:00:00,299.7792743668723
05-30 00:00:00,331.95635566294504
05-30 01:00:00,387.6574020123816
05-30 02:00:00,429.4619615872795
05-30 03:00:00,451.6765438291096
05-30 04:00:00,470.021108662181
05-30 05:00:00,445.6853586054474
05-30 06:00:00,374.48393416730926
05-30 07:00:00,296.8618752254356
05-30 08:00:00,213.36976146171574
05-30 09:00:00,148.93658225337086
05-30 10:00:00,102.27447478693546
05-30 11:00:00,65.52740040963178
05-30 12:00:00,48.80572903465097
05-30 13:00:00,42.41920904150162
05-30 14:00:00,32.92689035531926
05-30 15:00:00,36.62568435223561
05-30 16:00:00,49.022837129512695
05-30 17:00:00,71.1437571746358
05-30 18:00:00,100.22092949040024
05-30 19:00:00,152.97579164883095
05-30 20:00:00,210.18598834051537
05-30 21:00:00,254.06244431499096
05-30 22:00:00,288.3981720074242
05-30 23:00:00,324.62517749875445
05-31 00:00:00,368.1606266775867
05-31 01:00:00,393.01100286956193
05-31 02:00:00,438.5342187365715
05-31 03:00:00,469.5054788580292
05-31 04:00:00,479.6736922022666
05-31 05:00:00,442.6479421462648
05-31 06:00:00,371.35105033500304
05-31 07:00:00,310.0081189850316
05-31 08:00:00,246.04114689335327
05-31 09:00:00,193.90110968445734
05-31 10:00:00,130.40003861335794
05-31 11:00:00,76.85465423229519
05-31 12:00:00,34.04693438593667
05-31 13:00:00,3.493990466386989
05-31 14:00:00,3.493990466386989
05-31 15:00:00,3.4359142336234076
05-31 16:00:00,5.818536636834394
05-31 17:00:00,11.091400689465967
05-31 18:00:00,19.600548253719943
05-31 19:00:00,87.56044732814358
05-31 20:00:00,140.0477506154696
05-31 21:00:00,192.1776123281749
05-31 22:00:00,215.30975462811364
05-31 23:00:00,248.5727601079161
06-01 00:00:00,316.96644457471626
06-01 01:00:00,350.2711477312104
06-01 02:00:00,368.48085414588604
06-01 03:00:00,385.66680797153685
06-01 04:00:00,402.10075560587825
06-01 05:00:00,364.12756831457426
06-01 06:00:00,287.1499158266599
06-01 07:00:00,224.00282299620613
06-01 08:00:00,166.02669336477922
06-01 09:00:00,115.92133632358724
06-01 10:00:00,52.51204228631566
06-01 11:00:00,2.031190901819068
06-01 12:00:00,2.403080715810595
06-01 13:00:00,2.430284884819371
06-01 14:00:00,2.3219864751886776
06-01 15:00:00,2.2683528950391407
06-01 16:00:00,2.162106479168697
06-01 17:00:00,2.1885411427634294
06-01 18:00:00,5.8682813147673665
06-01 19:00:00,20.522339651412352
06-01 20:00:00,69.6918458499147
06-01 21:00:00,103.93204145934953
06-01 22:00:00,138.07769457100784
06-01 23:00:00,176.46076672993595
06-02 00:00:00,221.11354455306528
06-02 01:00:00,231.68713327830284
06-02 02:00:00,255.69402959948775
06-02 03:00:00,278.84424713306083
06-02 04:00:00,277.6549746825809
06-02 05:00:00,263.3202268743768
06-02 06:00:00,177.24335387651277
06-02 07:00:00,126.2490329538774
06-02 08:00:00,46.74877617357202
06-02 09:00:00,1.6507537583574354
06-02 10:00:00,1.626033720437859
06-02 11:00:00,1.4310934337302887
06-02 12:00:00,1.2410791173338727
06-02 13:00:00,1.2881275635075498
06-02 14:00:00,1.359267374294265
06-02 15:00:00,1.6013925844698753
06-02 16:00:00,1.8768253665474974
06-02 17:00:00,4.2458560016414175
06-02 18:00:00,28.94810484050204
06-02 19:00:00,60.36178312018986
06-02 20:00:00,91.67066314984038
06-02 21:00:00,107.49173362134925
06-02 22:00:00,125.89505148806695
06-02 23:00:00,138.0196612767486
06-03 00:00:00,168.98424765507733
06-03 01:00:00,199.03944908390233
06-03 02:00:00,228.71186046964192
06-03 03:00:00,235.3556261455945
06-03 04:00:00,240.416514723063
06-03 05:00:00,212.94938724266288
06-03 06:00:00,191.7788501787572
06-03 07:00:00,153.34385071706353
06-03 08:00:00,109.51945880800666
06-03 09:00:00,59.03420270050487
06-03 10:00:00,1.5768301059457774
06-03 11:00:00,1.7253897390520163
06-03 12:00:00,1.7755460823809275
06-03 13:00:00,1.5036121800899773
06-03 14:00:00,1.7755460823809275
06-03 15:00:00,1.7004315214645873
06-03 16:00:00,1.626033720437859
06-03 17:00:00,1.7755460823809275
06-03 18:00:00,1.7004315214645873
06-03 19:00:00,1.8260239592884036
06-03 20:00:00,11.133485462559904
06-03 21:00:00,17.419268977859026
06-03 22:00:00,42.4936070564353
06-03 23:00:00,56.450654274873855
06-04 00:00:00,72.45998876188533
06-04 01:00:00,84.89305793148198
06-04 02:00:00,98.0893288097841
06-04 03:00:00,146.4885360481922
06-04 04:00:00,145.45650801939308
06-04 05:00:00,134.56907618842024
06-04 06:00:00,82.24571882712046
06-04 07:00:00,49.01275145583995
06-04 08:00:00,7.901425410996337
06-04 09:00:00,5.543778742275939
06-04 10:00:00,3.1959506566062545
06-04 11:00:00,1.8260239592884036
06-04 12:00:00,1.1710688938649727
06-04 13:00:00,1.1478812050786387
06-04 14:00:00,1.5036121800899773
06-04 15:00:00,1.5036121800899773
06-04 16:00:00,1.5523460410334948
06-04 17:00:00,1.8007447045943519
06-04 18:00:00,1.8007447045943519
06-04 19:00:00,8.422834854036978
06-04 20:00:00,17.731617225840633
06-04 21:00:00,39.957865008224495
06-04 22:00:00,53.26094724813015
06-04 23:00:00,92.19097571939444
06-05 00:00:00,148.1014410735569
06-05 01:00:00,165.58360781437088
06-05 02:00:00,172.96889339830375
06-05 03:00:00,181.6992183858767
06-05 04:00:00,196.05239420959106
06-05 05:00:00,201.30810968027993
06-05 06:00:00,161.38812865843823
06-05 07:00:00,128.13292908186585
06-05 08:00:00,99.71438701897543
06-05 09:00:00,89.87764375670824
06-05 10:00:00,107.41186883039528
06-05 11:00:00,131.98183967666455
06-05 12:00:00,169.62009449047278
06-05 13:00:00,176.4843390252087
06-05 14:00:00,200.50595749499115
06-05 15:00:00,213.08968385961253
06-05 16:00:00,171.20195090175693
06-05 17:00:00,139.68566994337283
06-05 18:00:00,166.4036883083236
06-05 19:00:00,199.01306557109874
06-05 20:00:00,226.34392869867594
06-05 21:00:00,236.45376898801678
06-05 22:00:00,233.17332505076175
06-05 23:00:00,242.9894228223149
06-06 00:00:00,254.22264440119199
06-06 01:00:00,261.03983033289785
06-06 02:00:00,252.55364891097778
06-06 03:00:00,247.54254156808358
06-06 04:00:00,245.85908230013155
06-06 05:00:00,247.95874008701696
06-06 06:00:00,235.39543037069032
06-06 07:00:00,220.20516697437247
06-06 08:00:00,175.188396252937
06-06 09:00:00,149.9512605582487
06-06 10:00:00,124.38109195784602
06-06 11:00:00,119.46297241225209
06-06 12:00:00,118.0000505748016
06-06 13:00:00,111.52703541193272
06-06 14:00:00,110.53354255464265
06-06 15:00:00,130.9517901247702
06-06 16:00:00,115.76345431555919
06-06 17:00:00,145.44203215906325
06-06 18:00:00,154.89599953485472
06-06 19:00:00,169.55174599576344
06-06 20:00:00,176.26223426650975
06-06 21:00:00,169.3403253363659
06-06 22:00:00,169.48548704162354
06-06 23:00:00,175.5862407253547
06-07 00:00:00,178.82654405634835
06-07 01:00:00,179.55677937562152
06-07 02:00:00,182.98735907034572
06-07 03:00:00,186.51358701776877
06-07 04:00:00,193.270628048902
06-07 05:00:00,199.46568186044883
06-07 06:00:00,201.4308262462323
06-07 07:00:00,194.42524107006034
06-07 08:00:00,177.91492089022896
06-07 09:00:00,147.8306442939002
06-07 10:00:00,120.09811068573157
06-07 11:00:00,80.5126462391693
06-07 12:00:00,45.61155137009484
06-07 13:00:00,23.14519501338161
06-07 14:00:00,12.887488135573737
06-07 15:00:00,27.242784136558445
06-07 16:00:00,131.7452722924545
06-07 17:00:00,163.68466633661922
06-07 18:00:00,187.0871419397923
06-07 19:00:00,187.9889572282904
06-07 20:00:00,187.59739968566376
06-07 21:00:00,198.12463100886413
06-07 22:00:00,205.64691498883977
06-07 23:00:00,209.25995776409306
06-08 00:00:00,211.72198305933208
06-08 01:00:00,208.38855538925395
06-08 02:00:00,213.04451949401192
06-08 03:00:00,208.19530509475987
06-08 04:00:00,208.5750972059304
06-08 05:00:00,204.05353837973084
06-08 06:00:00,191.29699171608812
06-08 07:00:00,159.47406304619733
06-08 08:00:00,134.39545520592736
06-08 09:00:00,108.96046115899
06-08 10:00:00,83.76291148966851
06-08 11:00:00,35.35838065370534
06-08 12:00:00,16.97226980277464
06-08 13:00:00,16.97226980277464
06-08 14:00:00,17.574533636353188
06-08 15:00:00,71.4132467839103
06-08 16:00:00,82.30649867742375
06-08 17:00:00,86.9290034778386
06-08 18:00:00,108.99906385236028
06-08 19:00:00,133.24554149216576
06-08 20:00:00,145.9854127878099
06-08 21:00:00,154.16635610405424
06-08 22:00:00,147.7820655984603
06-08 23:00:00,166.9970294590017
06-09 00:00:00,174.94806987640501
06-09 01:00:00,179.9692596690043
06-09 02:00:00,174.34417280666605
06-09 03:00:00,178.40374564617127
06-09 04:00:00,178.31665858842007
06-09 05:00:00,174.16953314235212
06-09 06:00:00,155.43325028642258
06-09 07:00:00,137.2029582987932
06-09 08:00:00,117.89778843228342
06-09 09:00:00,74.33156992586024
06-09 10:00:00,31.248317154707834
06-09 11:00:00,11.895265965660242
06-09 12:00:00,3.9541314038454782
06-09 13:00:00,4.723909419562944
06-09 14:00:00,3.123013492536861
06-09 15:00:00,13.905975477414229
06-09 16:00:00,103.01629806587573
06-09 17:00:00,88.691401451169
06-09 18:00:00,96.18116087606285
06-09 19:00:00,117.74358794839097
06-09 20:00:00,162.17172615427754
06-09 21:00:00,189.24252700814444
06-09 22:00:00,215.55614941524937
06-09 23:00:00,242.63972208898977
06-10 00:00:00,253.3228535753629
06-10 01:00:00,264.28319909594967
06-10 02:00:00,281.7340784572374
06-10 03:00:00,283.33202890806405
06-10 04:00:00,294.27262168604295
06-10 05:00:00,268.28281118590405
06-10 06:00:00,212.73119122203806
06-10 07:00:00,144.092460400582
06-10 08:00:00,83.10407700490455
06-10 09:00:00,37.787337717282625
06-10 10:00:00,1.7004315214645873
06-10 11:00:00,1.953638491622789
06-10 12:00:00,1.927952311834359
06-10 13:00:00,1.75042784339208
06-10 14:00:00,1.8768253665474974
06-10 15:00:00,2.083306616542603
06-10 16:00:00,2.1094894745506263
06-10 17:00:00,2.726603695408938
06-10 18:00:00,3.6239994393942125
06-10 19:00:00,11.570192424487491
06-10 20:00:00,22.89196694416944
06-10 21:00:00,41.20380230162705
06-10 22:00:00,82.19580705099425
06-10 23:00:00,123.1736830308383
06-11 00:00:00,146.65929013087668
06-11 01:00:00,167.90224683919934
06-11 02:00:00,183.42342626224814
06-11 03:00:00,207.30008267932885
06-11 04:00:00,229.4055969330788
06-11 05:00:00,199.31070000686327
06-11 06:00:00,145.12591152875166
06-11 07:00:00,96.8875715197153
06-11 08:00:00,43.77698289546708
06-11 09:00:00,2.6008227705167317
06-11 10:00:00,2.1357560093764225
06-11 11:00:00,2.1885411427634294
06-11 12:00:00,2.1885411427634294
06-11 13:00:00,2.0052575322389035
06-11 14:00:00,2.057207177890533
06-11 15:00:00,2.083306616542603
06-11 16:00:00,1.953638491622789
06-11 17:00:00,1.8007447045943519
06-11 18:00:00,1.7755460823809275
06-11 19:00:00,11.890848703387546
06-11 20:00:00,23.638279806251095
06-11 21:00:00,31.826938736497247
06-11 22:00:00,86.6926525846297
06-11 23:00:00,105.68454084509654
06-12 00:00:00,133.75791114992847
06-12 01:00:00,166.68185497310904
06-12 02:00:00,181.3490995945181
06-12 03:00:00,197.12637055707634
06-12 04:00:00,204.04960519935085
06-12 05:00:00,179.92101741370254
06-12 06:00:00,115.36582293531532
06-12 07:00:00,44.10096708152759
06-12 08:00:00,6.087675614715368
06-12 09:00:00,1.4070747677593949
06-12 10:00:00,1.3831328274319838
06-12 11:00:00,1.0558695347040092
06-12 12:00:00,1.1017280142387602
06-12 13:00:00,1.0330502375169353
06-12 14:00:00,1.2176676171958765
06-12 15:00:00,1.1710688938649727
06-12 16:00:00,1.5768301059457774
06-12 17:00:00,1.6507537583574354
06-12 18:00:00,1.8513840963999972
06-12 19:00:00,2.083306616542603
06-12 20:00:00,3.662068664368154
06-12 21:00:00,9.562928285304226
06-12 22:00:00,10.6089932822723
06-12 23:00:00,11.243888058620053
06-13 00:00:00,16.39522570741558
06-13 01:00:00,40.22713669247686
06-13 02:00:00,63.04748851719314
06-13 03:00:00,62.18779314169198
06-13 04:00:00,76.67395836256507
06-13 05:00:00,73.14341670043554
06-13 06:00:00,39.16289290585422
06-13 07:00:00,20.484820298314375
06-13 08:00:00,8.194990611937131
06-13 09:00:00,2.2416640901428275
06-13 10:00:00,2.1094894745506263
06-13 11:00:00,2.083306616542603
06-13 12:00:00,2.031190901819068
06-13 13:00:00,2.031190901819068
06-13 14:00:00,1.927952311834359
06-13 15:00:00,1.6755529434126533
06-13 16:00:00,1.8260239592884036
06-13 17:00:00,1.8513840963999972
06-13 18:00:00,1.8513840963999972
06-13 19:00:00,10.857543818658886
06-13 20:00:00,26.851266938164372
06-13 21:00:00,55.07994174665275
06-13 22:00:00,78.4387686323384
06-13 23:00:00,97.2912042762644
06-14 00:00:00,127.16433683305638
06-14 01:00:00,161.43479055051185
06-14 02:00:00,193.97113472188744
06-14 03:00:00,215.51551922351342
06-14 04:00:00,237.90973709040952
06-14 05:00:00,205.73250802871084
06-14 06:00:00,138.1232316333478
06-14 07:00:00,93.79060926532685
06-14 08:00:00,48.59004677733759
06-14 09:00:00,14.25725113953129
06-14 10:00:00,0.7429591897167247
06-14 11:00:00,0.5703595765312806
06-14 12:00:00,0.5278974045258324
06-14 13:00:00,0.656105738193241
06-14 14:00:00,0.48570688543211166
06-14 15:00:00,0.8088343424832889
06-14 16:00:00,0.9650293760659302
06-14 17:00:00,1.0330502375169353
06-14 18:00:00,1.1710688938649727
06-14 19:00:00,4.414467217567053
06-14 20:00:00,14.438037052606713
06-14 21:00:00,26.500980363263245
06-14 22:00:00,39.30644656516289
06-14 23:00:00,77.33764497504282
06-15 00:00:00,103.03442167602147
06-15 01:00:00,132.37025126120548
06-15 02:00:00,148.842384644547
06-15 03:00:00,165.4649644331749
06-15 04:00:00,174.17023353148804
06-15 05:00:00,146.06221829705984
06-15 06:00:00,79.61776968015079
06-15 07:00:00,25.449311524212757
06-15 08:00:00,0.8976592953226298
06-15 09:00:00,0.6777147492571246
06-15 10:00:00,0.5067682949828656
06-15 11:00:00,0.4437863171404436
06-15 12:00:00,0.6777147492571246
06-15 13:00:00,0.9650293760659302
06-15 14:00:00,0.656105738193241
06-15 15:00:00,0.8309339135532696
06-15 16:00:00,1.010303930478707
06-15 17:00:00,1.010303930478707
06-15 18:00:00,1.0558695347040092
06-15 19:00:00,1.264565687953112
06-15 20:00:00,10.543275077336666
06-15 21:00:00,18.235479403213787
06-15 22:00:00,27.117681014052692
06-15 23:00:00,32.24267213290433
06-16 00:00:00,58.002605115159085
06-16 01:00:00,60.388939871128514
06-16 02:00:00,91.4518285449768
06-16 03:00:00,92.440165535438
06-16 04:00:00,105.67154387308155
06-16 05:00:00,95.95614722191493
06-16 06:00:00,37.40141484438738
06-16 07:00:00,1.6529291888501545
06-16 08:00:00,0.7648472016058475
06-16 09:00:00,0.48570688543211166
06-16 10:00:00,0.2991658518370572
06-16 11:00:00,0.17776676383119178
06-16 12:00:00,0.19783781772650208
06-16 13:00:00,0.6130951136462027
06-16 14:00:00,0.7211412565449906
06-16 15:00:00,0.7648472016058475
06-16 16:00:00,0.6777147492571246
06-16 17:00:00,0.6993931826563411
06-16 18:00:00,0.8088343424832889
06-16 19:00:00,0.8309339135532696
06-16 20:00:00,0.8753461669956022
06-16 21:00:00,5.7309219375928135
06-16 22:00:00,12.326568262067712
06-16 23:00:00,15.399965629089728
06-17 00:00:00,21.21346228853645
06-17 01:00:00,24.534824347232174
06-17 02:00:00,26.234889012119726
06-17 03:00:00,36.02624186635258
06-17 04:00:00,32.426027087979435
06-17 05:00:00,24.03937452084339
06-17 06:00:00,3.8985862854301727
06-17 07:00:00,1.0330502375169353
06-17 08:00:00,0.6993931826563411
06-17 09:00:00,0.5703595765312806
06-17 10:00:00,0.1577600854627649
06-17 11:00:00,0.2991658518370572
06-17 12:00:00,0.4437863171404436
06-17 13:00:00,0.5916930670426229
06-17 14:00:00,0.46471296342482626
06-17 15:00:00,0.5278974045258324
06-17 16:00:00,0.40213400759199175
06-17 17:00:00,0.5067682949828656
06-17 18:00:00,0.5490944271391038
06-17 19:00:00,0.5916930670426229
06-17 20:00:00,0.5916930670426229
06-17 21:00:00,1.149662017554666
06-17 22:00:00,2.705758568438234
06-17 23:00:00,9.584573127704626
06-18 00:00:00,16.133632361854467
06-18 01:00:00,10.274329235553234
06-18 02:00:00,8.552638969650937
06-18 03:00:00,16.604144411817142
06-18 04:00:00,20.019346837316483
06-18 05:00:00,15.918555392247946
06-18 06:00:00,1.5507093188519423
06-18 07:00:00,0.8976592953226298
06-18 08:00:00,0.5703595765312806
06-18 09:00:00,0.38140792381711164
06-18 10:00:00,0.21797345030042692
06-18 11:00:00,0.05868525884405521
06-18 12:00:00,0.0
06-18 13:00:00,0.0
06-18 14:00:00,0.0
06-18 15:00:00,0.0390606015235304
06-18 16:00:00,0.40213400759199175
06-18 17:00:00,0.5490944271391038
06-18 18:00:00,0.6777147492571246
06-18 19:00:00,0.9650293760659302
06-18 20:00:00,1.2176676171958765
06-18 21:00:00,4.279722260184761
06-18 22:00:00,19.708333177708845
06-18 23:00:00,34.24968125638333
06-19 00:00:00,45.44854402524494
06-19 01:00:00,63.61344073131275
06-19 02:00:00,63.47523138747595
06-19 03:00:00,83.1349294795508
06-19 04:00:00,76.64281120510843
06-19 05:00:00,49.98924744612963
06-19 06:00:00,16.311508096829453
06-19 07:00:00,1.2176676171958765
06-19 08:00:00,1.0787620505544013
06-19 09:00:00,0.8753461669956022
06-19 10:00:00,0.7429591897167247
06-19 11:00:00,0.5490944271391038
06-19 12:00:00,0.05868525884405521
06-19 13:00:00,0.0
06-19 14:00:00,0.0
06-19 15:00:00,0.0
06-19 16:00:00,0.2787698607875542
06-19 17:00:00,0.19783781772650208
06-19 18:00:00,0.13781758007950198
06-19 19:00:00,0.31962744651750047
06-19 20:00:00,0.4437863171404436
06-19 21:00:00,0.2991658518370572
06-19 22:00:00,0.3607482747411404
06-19 23:00:00,0.3607482747411404
06-20 00:00:00,3.2774964068939383
06-20 01:00:00,5.719565822333287
06-20 02:00:00,7.21199487404915
06-20 03:00:00,1.1478812050786387
06-20 04:00:00,1.47936189976629
06-20 05:00:00,3.9763702283463473
06-20 06:00:00,3.9518077498222492
06-20 07:00:00,1.47936189976629
06-20 08:00:00,1.4070747677593949
06-20 09:00:00,1.3831328274319838
06-20 10:00:00,1.1017280142387602
06-20 11:00:00,0.9200440564362052
06-20 12:00:00,0.5278974045258324
06-20 13:00:00,0.5703595765312806
06-20 14:00:00,0.38140792381711164
06-20 15:00:00,0.4229267353854085
06-20 16:00:00,0.5703595765312806
06-20 17:00:00,1.2176676171958765
06-20 18:00:00,1.7600748318050912
06-20 19:00:00,9.809860287106371
06-20 20:00:00,34.345721031509676
06-20 21:00:00,73.70355068183844
06-20 22:00:00,73.02162104161702
06-20 23:00:00,84.22521167708747
06-21 00:00:00,94.4048973265389
06-21 01:00:00,111.58258827182142
06-21 02:00:00,120.19804928607253
06-21 03:00:00,102.67475695248265
06-21 04:00:00,120.62563689693506
06-21 05:00:00,106.30297456165785
06-21 06:00:00,56.06966791896671
06-21 07:00:00,14.916768358012604
06-21 08:00:00,2.7714378190695745
06-21 09:00:00,1.311764979115636
06-21 10:00:00,1.3831328274319838
06-21 11:00:00,0.9200440564362052
06-21 12:00:00,1.5036121800899773
06-21 13:00:00,1.626033720437859
06-21 14:00:00,1.6755529434126533
06-21 15:00:00,1.6013925844698753
06-21 16:00:00,1.5768301059457774
06-21 17:00:00,1.6013925844698753
06-21 18:00:00,1.626033720437859
06-21 19:00:00,69.46037589506072
06-21 20:00:00,94.98123236033514
06-21 21:00:00,102.3663645821737
06-21 22:00:00,83.62457569502305
06-21 23:00:00,106.17496800426669
06-22 00:00:00,138.39629516764472
06-22 01:00:00,154.7203674834986
06-22 02:00:00,147.80445624856748
06-22 03:00:00,148.73114317021214
06-22 04:00:00,141.85175846855537
06-22 05:00:00,133.1128815119941
06-22 06:00:00,116.11830565066393
06-22 07:00:00,87.99295144794624
06-22 08:00:00,67.6177824782345
06-22 09:00:00,78.6443081801137
06-22 10:00:00,101.07026383205164
06-22 11:00:00,82.15749372031064
06-22 12:00:00,54.753746617525074
06-22 13:00:00,43.85715270518542
06-22 14:00:00,31.975864956964983
06-22 15:00:00,58.689238138539494
06-22 16:00:00,30.51606841839729
06-22 17:00:00,8.276856743527674
06-22 18:00:00,37.739357787361925
06-22 19:00:00,53.29970017198027
06-22 20:00:00,85.78846922671403
06-22 21:00:00,126.52809738005666
06-22 22:00:00,150.02839703215966
06-22 23:00:00,150.22742950503658
06-23 00:00:00,163.28267840043898
06-23 01:00:00,161.2782084433853
06-23 02:00:00,170.57443201099917
06-23 03:00:00,172.57850954817707
06-23 04:00:00,184.61941950466024
06-23 05:00:00,181.7301109458511
06-23 06:00:00,139.1748706376477
06-23 07:00:00,82.67088164842566
06-23 08:00:00,45.622926358707296
06-23 09:00:00,12.91895766010638
06-23 10:00:00,1.75042784339208
06-23 11:00:00,1.9023480210312935
06-23 12:00:00,2.083306616542603
06-23 13:00:00,2.1357560093764225
06-23 14:00:00,2.1357560093764225
06-23 15:00:00,2.1357560093764225
06-23 16:00:00,2.1094894745506263
06-23 17:00:00,2.1357560093764225
06-23 18:00:00,19.543550534871347
06-23 19:00:00,66.96390412021387
06-23 20:00:00,61.77168504027098
06-23 21:00:00,105.68412036116652
06-23 22:00:00,157.12570696824932
06-23 23:00:00,168.82246187090948
06-24 00:00:00,174.66321410990145
06-24 01:00:00,199.7298979430521
06-24 02:00:00,233.1712254389118
06-24 03:00:00,248.6632862154466
06-24 04:00:00,244.6284456474438
06-24 05:00:00,202.84647256661137
06-24 06:00:00,154.77656125390044
06-24 07:00:00,119.35462278441592
06-24 08:00:00,135.2220406651629
06-24 09:00:00,115.19458334381986
06-24 10:00:00,77.41732120531736
06-24 11:00:00,20.347916632560338
06-24 12:00:00,2.820902051293937
06-24 13:00:00,10.391507493446472
06-24 14:00:00,33.09812622975657
06-24 15:00:00,43.65192043008886
06-24 16:00:00,49.20957443985847
06-24 17:00:00,143.13078322715833
06-24 18:00:00,171.7342642310903
06-24 19:00:00,181.22026565631148
06-24 20:00:00,185.9985675293049
06-24 21:00:00,217.81558799667948
06-24 22:00:00,241.84372383371752
06-24 23:00:00,244.69401403023184
06-25 00:00:00,240.40204688233158
06-25 01:00:00,237.7917450636362
06-25 02:00:00,238.5013847355808
06-25 03:00:00,240.2763088385225
06-25 04:00:00,236.6481451727761
06-25 05:00:00,233.22026573100143
06-25 06:00:00,234.43243156371759
06-25 07:00:00,213.4220735436302
06-25 08:00:00,171.84384280906306
06-25 09:00:00,162.68631373013164
06-25 10:00:00,119.03600453194858
06-25 11:00:00,117.11788194243745
06-25 12:00:00,92.7942727379824
06-25 13:00:00,53.46036902111662
06-25 14:00:00,44.39181018225898
06-25 15:00:00,33.201148752365334
06-25 16:00:00,42.129347702672504
06-25 17:00:00,48.26750579443632
06-25 18:00:00,53.773704877339576
06-25 19:00:00,82.26009090314639
06-25 20:00:00,106.523841680833
06-25 21:00:00,113.02389336337684
06-25 22:00:00,150.84852961021522
06-25 23:00:00,153.14930105610205
06-26 00:00:00,177.98233916886448
06-26 01:00:00,205.85133204014892
06-26 02:00:00,218.92170866980615
06-26 03:00:00,242.75650706399838
06-26 04:00:00,250.00285586415026
06-26 05:00:00,237.20685585479566
06-26 06:00:00,186.2504645577952
06-26 07:00:00,124.7367635786233
06-26 08:00:00,77.03587515007375
06-26 09:00:00,43.02444743130061
06-26 10:00:00,14.053743198104552
06-26 11:00:00,1.4310934337302887
06-26 12:00:00,1.75042784339208
06-26 13:00:00,1.9794068137463336
06-26 14:00:00,2.0052575322389035
06-26 15:00:00,2.0052575322389035
06-26 16:00:00,1.9023480210312935
06-26 17:00:00,1.8513840963999972
06-26 18:00:00,2.529154446188075
06-26 19:00:00,11.420051240984456
06-26 20:00:00,25.224872947747627
06-26 21:00:00,31.316581135026183
06-26 22:00:00,49.36429802241179
06-26 23:00:00,87.89897315651864
06-27 00:00:00,111.34705410206712
06-27 01:00:00,123.61818774976344
06-27 02:00:00,124.57018142193837
06-27 03:00:00,140.3975579907301
06-27 04:00:00,138.61518206811473
06-27 05:00:00,136.31766211722743
06-27 06:00:00,86.96743653701046
06-27 07:00:00,29.684319707273175
06-27 08:00:00,1.1478812050786387
06-27 09:00:00,0.7868055122884098
06-27 10:00:00,0.6345659319490404
06-27 11:00:00,0.4437863171404436
06-27 12:00:00,0.4437863171404436
06-27 13:00:00,0.40213400759199175
06-27 14:00:00,0.3607482747411404
06-27 15:00:00,0.5278974045258324
06-27 16:00:00,0.7868055122884098
06-27 17:00:00,0.8976592953226298
06-27 18:00:00,0.8976592953226298
06-27 19:00:00,1.0787620505544013
06-27 20:00:00,6.006088879854178
06-27 21:00:00,43.62523018504281
06-27 22:00:00,69.07068172871315
06-27 23:00:00,82.80686353549278
06-28 00:00:00,76.87431633628262
06-28 01:00:00,85.04073751389593
06-28 02:00:00,83.38644106713919
06-28 03:00:00,102.45545137467899
06-28 04:00:00,107.18750043966256
06-28 05:00:00,102.97947081771164
06-28 06:00:00,49.64605751852147
06-28 07:00:00,8.771983611445668
06-28 08:00:00,0.8753461669956022
06-28 09:00:00,0.6993931826563411
06-28 10:00:00,0.46471296342482626
06-28 11:00:00,0.25843926714858956
06-28 12:00:00,0.17776676383119178
06-28 13:00:00,0.17776676383119178
06-28 14:00:00,0.2787698607875542
06-28 15:00:00,0.3607482747411404
06-28 16:00:00,0.38140792381711164
06-28 17:00:00,0.5916930670426229
06-28 18:00:00,83.76971174654224
06-28 19:00:00,135.80165246433862
06-28 20:00:00,132.84820279964362
06-28 21:00:00,128.68588524472418
06-28 22:00:00,129.1573110393946
06-28 23:00:00,123.37368144196596
06-29 00:00:00,130.74032624982738
06-29 01:00:00,131.01749421414496
06-29 02:00:00,133.07127780890795
06-29 03:00:00,143.22440204398833
06-29 04:00:00,152.18618323174016
06-29 05:00:00,175.89394873014348
06-29 06:00:00,115.92905765068397
06-29 07:00:00,55.75210246413899
06-29 08:00:00,13.727674239461674
06-29 09:00:00,2.8685383369446864
06-29 10:00:00,1.2176676171958765
06-29 11:00:00,2.304681234075437
06-29 12:00:00,64.18720691717996
06-29 13:00:00,140.2123950585266
06-29 14:00:00,144.55003115494668
06-29 15:00:00,136.62805171316393
06-29 16:00:00,130.66463270454278
06-29 17:00:00,128.12877138050115
06-29 18:00:00,138.62594246351082
06-29 19:00:00,167.99301520251018
06-29 20:00:00,186.2398937286981
06-29 21:00:00,191.39613245427213
06-29 22:00:00,190.86272961914491
06-29 23:00:00,265.19876741390317
06-30 00:00:00,276.8849039141524
06-30 01:00:00,288.42903356739424
06-30 02:00:00,306.529167112805
06-30 03:00:00,306.520283599918
06-30 04:00:00,302.7627163326065
06-30 05:00:00,300.5584899357299
06-30 06:00:00,278.65733904313277
06-30 07:00:00,230.62266013635434
06-30 08:00:00,180.09806202164015
06-30 09:00:00,124.71330203484011
06-30 10:00:00,92.86864070110418
06-30 11:00:00,85.86941917812625
06-30 12:00:00,59.24021106450484
06-30 13:00:00,38.72975434881754
06-30 14:00:00,17.53104161002312
06-30 15:00:00,14.035139924743302
06-30 16:00:00,59.086107366697696
06-30 17:00:00,100.07923584657115
06-30 18:00:00,159.61715238092546
06-30 19:00:00,173.67537918313448
06-30 20:00:00,212.44138580903802
06-30 21:00:00,235.61115815173287
06-30 22:00:00,246.45678944091983
06-30 23:00:00,266.8352908844737
07-01 00:00:00,274.3140619283607
07-01 01:00:00,279.3120272626148
07-01 02:00:00,287.9874875122531
07-01 03:00:00,281.95974410873526
07-01 04:00:00,285.8760487307948
07-01 05:00:00,287.0860165073401
07-01 06:00:00,269.62181839740816
07-01 07:00:00,245.03381751694258
07-01 08:00:00,229.1876984224593
07-01 09:00:00,210.75457331666513
07-01 10:00:00,211.14907438407647
07-01 11:00:00,194.81985341760102
07-01 12:00:00,187.71392768006487
07-01 13:00:00,175.6334541625025
07-01 14:00:00,134.776102073306
07-01 15:00:00,94.98517405904224
07-01 16:00:00,143.06857352287906
07-01 17:00:00,137.47862983244562
07-01 18:00:00,134.6963169922163
07-01 19:00:00,148.45782048267867
07-01 20:00:00,173.20875384967366
07-01 21:00:00,173.66064096456066
07-01 22:00:00,187.0942788718082
07-01 23:00:00,196.79849751848724
07-02 00:00:00,207.2546550254507
07-02 01:00:00,215.43019565075895
07-02 02:00:00,230.2503769786143
07-02 03:00:00,239.3020897311373
07-02 04:00:00,250.48996362503578
07-02 05:00:00,221.24808813480325
07-02 06:00:00,192.11519997539187
07-02 07:00:00,143.53346333272194
07-02 08:00:00,101.71875562224164
07-02 09:00:00,57.998045508847255
07-02 10:00:00,38.715800574873334
07-02 11:00:00,8.537428078351944
07-02 12:00:00,2.057207177890533
07-02 13:00:00,1.9794068137463336
07-02 14:00:00,1.9794068137463336
07-02 15:00:00,1.9794068137463336
07-02 16:00:00,2.162106479168697
07-02 17:00:00,2.2416640901428275
07-02 18:00:00,6.518560475760173
07-02 19:00:00,28.297595242445865
07-02 20:00:00,51.305225220460144
07-02 21:00:00,88.7024095249514
07-02 22:00:00,143.3695009301685
07-02 23:00:00,147.66228690436319
07-03 00:00:00,190.5231434670581
07-03 01:00:00,201.9939322060558
07-03 02:00:00,207.80028307857373
07-03 03:00:00,226.7752592704529
07-03 04:00:00,240.37782219720845
07-03 05:00:00,213.35416412523918
07-03 06:00:00,156.18680926665735
07-03 07:00:00,114.94196134839946
07-03 08:00:00,58.77872189266975
07-03 09:00:00,20.261075791504048
07-03 10:00:00,1.47936189976629
07-03 11:00:00,1.4310934337302887
07-03 12:00:00,1.7755460823809275
07-03 13:00:00,2.031190901819068
07-03 14:00:00,1.9794068137463336
07-03 15:00:00,2.1357560093764225
07-03 16:00:00,17.158988151457176
07-03 17:00:00,73.05835500300537
07-03 18:00:00,85.35418044523925
07-03 19:00:00,94.84199847671303
07-03 20:00:00,115.08816181974164
07-03 21:00:00,123.26847251766213
07-03 22:00:00,134.44169858487507
07-03 23:00:00,138.55073470345914
07-04 00:00:00,142.0815788804711
07-04 01:00:00,151.57689207032618
07-04 02:00:00,149.94516912697802
07-04 03:00:00,151.34523288967705
07-04 04:00:00,150.17072548839377
07-04 05:00:00,151.82924113181025
07-04 06:00:00,120.40290209259062
07-04 07:00:00,96.28154350685357
07-04 08:00:00,57.98842222155503
07-04 09:00:00,43.49829425014212
07-04 10:00:00,39.96232122200942
07-04 11:00:00,39.93356348164195
07-04 12:00:00,36.32016874622977
07-04 13:00:00,71.56275048924255
07-04 14:00:00,71.24487355084032
07-04 15:00:00,88.18088174107955
07-04 16:00:00,92.59647060646509
07-04 17:00:00,162.93668670965465
07-04 18:00:00,179.98554204949062
07-04 19:00:00,182.2221419984955
07-04 20:00:00,186.80120016842372
07-04 21:00:00,204.23661709230242
07-04 22:00:00,209.47550320202404
07-04 23:00:00,193.13745997306077
07-05 00:00:00,226.69311386014948
07-05 01:00:00,234.82319989578122
07-05 02:00:00,228.88439030097646
07-05 03:00:00,232.85254487491977
07-05 04:00:00,243.10626860512122
07-05 05:00:00,210.93977206003095
07-05 06:00:00,179.43519582779533
07-05 07:00:00,146.98313220958082
07-05 08:00:00,118.35987047731335
07-05 09:00:00,96.14714714186911
07-05 10:00:00,74.60254148863662
07-05 11:00:00,44.14307164276537
07-05 12:00:00,19.701978715452746
07-05 13:00:00,7.588261228591378
07-05 14:00:00,3.1604741194654284
07-05 15:00:00,2.9248206735275044
07-05 16:00:00,1.8491399804954065
07-05 17:00:00,1.9975222781902433
07-05 18:00:00,4.318182043500594
07-05 19:00:00,17.911601780496785
07-05 20:00:00,68.02469933487225
07-05 21:00:00,103.10601882533932
07-05 22:00:00,128.04084138972587
07-05 23:00:00,136.471105387334
07-06 00:00:00,151.02860899517194
07-06 01:00:00,161.63745338264442
07-06 02:00:00,151.90630235718316
07-06 03:00:00,165.60955575442193
07-06 04:00:00,177.84129587807928
07-06 05:00:00,133.70343390823035
07-06 06:00:00,59.01429666597221
07-06 07:00:00,4.902068517435759
07-06 08:00:00,1.0187561935395317
07-06 09:00:00,1.0330502375169353
07-06 10:00:00,1.1710688938649727
07-06 11:00:00,0.8309339135532696
07-06 12:00:00,0.7211412565449906
07-06 13:00:00,1.2881275635075498
07-06 14:00:00,11.895265965660242
07-06 15:00:00,25.53774414208599
07-06 16:00:00,6.951332448605495
07-06 17:00:00,16.375070866564513
07-06 18:00:00,80.15281087174843
07-06 19:00:00,123.81502029610462
07-06 20:00:00,135.02894339334563
07-06 21:00:00,140.08841681241455
07-06 22:00:00,137.9877051298371
07-06 23:00:00,145.00239150318185
07-07 00:00:00,146.67943411051894
07-07 01:00:00,152.52059820126897
07-07 02:00:00,152.97055411912422
07-07 03:00:00,148.56640686462612
07-07 04:00:00,158.1603537296584
07-07 05:00:00,174.25194406246874
07-07 06:00:00,174.604819784391
07-07 07:00:00,160.8001597158381
07-07 08:00:00,157.0055501999599
07-07 09:00:00,144.36243751639904
07-07 10:00:00,148.01784183955183
07-07 11:00:00,142.00115218551963
07-07 12:00:00,139.05970820503435
07-07 13:00:00,132.6324974648259
07-07 14:00:00,111.45187163534779
07-07 15:00:00,78.50097812153439
07-07 16:00:00,77.72451903035677
07-07 17:00:00,77.06930297366691
07-07 18:00:00,98.13021917851387
07-07 19:00:00,118.00336742861765
07-07 20:00:00,117.703027584327
07-07 21:00:00,130.85060705050623
07-07 22:00:00,143.51609546039387
07-07 23:00:00,140.44764093678126
07-08 00:00:00,142.1085764274886
07-08 01:00:00,151.10190831351798
07-08 02:00:00,151.8094408095569
07-08 03:00:00,155.86132780705708
07-08 04:00:00,162.47181922960576
07-08 05:00:00,158.30508051132668
07-08 06:00:00,151.80172655590178
07-08 07:00:00,148.21141890449326
07-08 08:00:00,157.56767812234068
07-08 09:00:00,157.68027555147654
07-08 10:00:00,159.70302502324256
07-08 11:00:00,164.07721305652663
07-08 12:00:00,130.0570789209953
07-08 13:00:00,72.69268338692432
07-08 14:00:00,72.87456782735596
07-08 15:00:00,102.88529020038709
07-08 16:00:00,135.12131698198752
07-08 17:00:00,174.75540792379476
07-08 18:00:00,206.9402233014685
07-08 19:00:00,231.56718961246145
07-08 20:00:00,274.57315008313674
07-08 21:00:00,270.31758747344884
07-08 22:00:00,278.75847173451024
07-08 23:00:00,281.38401715110416
07-09 00:00:00,288.04382471843013
07-09 01:00:00,284.6044479818273
07-09 02:00:00,288.11131987602107
07-09 03:00:00,290.4493135251571
07-09 04:00:00,288.4789916799602
07-09 05:00:00,283.13508788280586
07-09 06:00:00,272.2738472931446
07-09 07:00:00,254.72764763908094
07-09 08:00:00,223.38629091679152
07-09 09:00:00,177.45684458327045
07-09 10:00:00,125.28326202972647
07-09 11:00:00,71.60519615279352
07-09 12:00:00,42.60889374458315
07-09 13:00:00,9.624644618772656
07-09 14:00:00,3.6244752823856095
07-09 15:00:00,3.0920910133038073
07-09 16:00:00,3.9720858387080553
07-09 17:00:00,5.333891231577737
07-09 18:00:00,15.273157719046523
07-09 19:00:00,54.9381506586511
07-09 20:00:00,103.73325382012356
07-09 21:00:00,146.04853781718342
07-09 22:00:00,164.43706593365854
07-09 23:00:00,197.2610998776967
07-10 00:00:00,222.40878547230076
07-10 01:00:00,244.29944528479643
07-10 02:00:00,248.5184080448402
07-10 03:00:00,280.06933236540954
07-10 04:00:00,285.6589710441199
07-10 05:00:00,255.7747241087886
07-10 06:00:00,196.00632886240433
07-10 07:00:00,142.83058512976788
07-10 08:00:00,95.44353487487692
07-10 09:00:00,46.90032368754237
07-10 10:00:00,9.111997905792721
07-10 11:00:00,1.264565687953112
07-10 12:00:00,1.1247676555848773
07-10 13:00:00,1.4310934337302887
07-10 14:00:00,1.6755529434126533
07-10 15:00:00,1.6507537583574354
07-10 16:00:00,1.2410791173338727
07-10 17:00:00,1.5768301059457774
07-10 18:00:00,1.75042784339208
07-10 19:00:00,5.187089263412648
07-10 20:00:00,81.70931950810143
07-10 21:00:00,146.3312505820111
07-10 22:00:00,168.968540863966
07-10 23:00:00,190.40936455418785
07-11 00:00:00,219.55704495330465
07-11 01:00:00,238.4243415287423
07-11 02:00:00,241.74926014575024
07-11 03:00:00,243.17077003968248
07-11 04:00:00,235.86608198573137
07-11 05:00:00,227.34438069481442
07-11 06:00:00,201.2487354220626
07-11 07:00:00,163.31043209857765
07-11 08:00:00,103.80795812683326
07-11 09:00:00,57.26038277026764
07-11 10:00:00,52.80107445301823
07-11 11:00:00,23.152734586145485
07-11 12:00:00,4.590037903560729
07-11 13:00:00,2.057207177890533
07-11 14:00:00,1.9023480210312935
07-11 15:00:00,2.083306616542603
07-11 16:00:00,1.8007447045943519
07-11 17:00:00,3.05874978220117
07-11 18:00:00,8.792680216969996
07-11 19:00:00,21.81047018105338
07-11 20:00:00,59.221283528070394
07-11 21:00:00,91.0067374593368
07-11 22:00:00,136.54386658089857
07-11 23:00:00,170.19631488373636
07-12 00:00:00,183.9742260051205
07-12 01:00:00,196.93138011289201
07-12 02:00:00,213.43409262542073
07-12 03:00:00,217.62976903700417
07-12 04:00:00,226.38186349626815
07-12 05:00:00,199.49018527166518
07-12 06:00:00,147.59683168848323
07-12 07:00:00,94.87126342127638
07-12 08:00:00,29.8270019777309
07-12 09:00:00,3.5932898395433703
07-12 10:00:00,0.5916930670426229
07-12 11:00:00,0.25843926714858956
07-12 12:00:00,0.23817386531595758
07-12 13:00:00,0.5067682949828656
07-12 14:00:00,0.5703595765312806
07-12 15:00:00,0.9650293760659302
07-12 16:00:00,0.9425006749345123
07-12 17:00:00,1.264565687953112
07-12 18:00:00,1.1710688938649727
07-12 19:00:00,1.0787620505544013
07-12 20:00:00,9.22066056689065
07-12 21:00:00,11.843030468402729
07-12 22:00:00,15.069418344581017
07-12 23:00:00,26.731005989603595
07-13 00:00:00,42.141592176889205
07-13 01:00:00,73.40692845810742
07-13 02:00:00,119.1846076014556
07-13 03:00:00,129.49513908652617
07-13 04:00:00,137.5154767651174
07-13 05:00:00,147.9041381554185
07-13 06:00:00,181.067095877583
07-13 07:00:00,213.66314078922971
07-13 08:00:00,237.08373316322758
07-13 09:00:00,254.69583008612014
07-13 10:00:00,233.11945005431403
07-13 11:00:00,212.68798286334453
07-13 12:00:00,212.58501519929305
07-13 13:00:00,230.83174977151288
07-13 14:00:00,254.8963231803896
07-13 15:00:00,232.44755900715185
07-13 16:00:00,217.95967947446036
07-13 17:00:00,236.5504074405017
07-13 18:00:00,243.45123003083876
07-13 19:00:00,248.87137947292274
07-13 20:00:00,260.79132820451247
07-13 21:00:00,276.1821897961474
07-13 22:00:00,301.84999673046417
07-13 23:00:00,306.0376574259896
07-14 00:00:00,320.09962583782203
07-14 01:00:00,323.25329895903093
07-14 02:00:00,304.2320395072063
07-14 03:00:00,307.18005979598934
07-14 04:00:00,297.58516847867014
07-14 05:00:00,297.5094687527369
07-14 06:00:00,281.6033012976341
07-14 07:00:00,273.781462720194
07-14 08:00:00,258.7655504838245
07-14 09:00:00,248.58412369533582
07-14 10:00:00,209.54936567311532
07-14 11:00:00,175.29788471848255
07-14 12:00:00,150.23757706676977
07-14 13:00:00,94.38059288133694
07-14 14:00:00,71.70139068194871
07-14 15:00:00,72.00887526922445
07-14 16:00:00,104.4831753910271
07-14 17:00:00,161.671026296152
07-14 18:00:00,174.08854146608095
07-14 19:00:00,184.75441771201343
07-14 20:00:00,200.03719021641
07-14 21:00:00,207.55724331680767
07-14 22:00:00,217.35873611121642
07-14 23:00:00,221.4449680455505
07-15 00:00:00,229.4253488185055
07-15 01:00:00,242.04951139972445
07-15 02:00:00,251.71783102596453
07-15 03:00:00,260.5991928813364
07-15 04:00:00,260.96469807123486
07-15 05:00:00,256.7922795463712
07-15 06:00:00,248.3651056044032
07-15 07:00:00,231.68899642778194
07-15 08:00:00,223.28750554987633
07-15 09:00:00,212.5009688159903
07-15 10:00:00,201.06931269550915
07-15 11:00:00,192.32532756911573
07-15 12:00:00,188.28710138572
07-15 13:00:00,181.90103927896232
07-15 14:00:00,140.97078762357216
07-15 15:00:00,141.09862710874629
07-15 16:00:00,142.65124526612138
07-15 17:00:00,142.32939678484453
07-15 18:00:00,143.42012783059252
07-15 19:00:00,155.17624502927
07-15 20:00:00,159.01644074636866
07-15 21:00:00,165.23087314020802
07-15 22:00:00,176.99602249633554
07-15 23:00:00,180.73650683682226
07-16 00:00:00,178.76891497961944
07-16 01:00:00,183.16893131081773
07-16 02:00:00,199.7659213211333
07-16 03:00:00,220.6431094232374
07-16 04:00:00,226.2352265393917
07-16 05:00:00,228.60272395222245
07-16 06:00:00,213.04476491056698
07-16 07:00:00,173.58488746974317
07-16 08:00:00,137.0174189018744
07-16 09:00:00,112.58192266634808
07-16 10:00:00,90.80727989113248
07-16 11:00:00,54.45817312678251
07-16 12:00:00,56.187372280277586
07-16 13:00:00,49.73690737304327
07-16 14:00:00,18.96926125862025
07-16 15:00:00,37.82897604793523
07-16 16:00:00,34.87610682352333
07-16 17:00:00,35.4711508519409
07-16 18:00:00,59.53687642017424
07-16 19:00:00,92.20625246173965
07-16 20:00:00,113.57849276555142
07-16 21:00:00,128.94395031733202
07-16 22:00:00,123.20127663327204
07-16 23:00:00,143.4968845045873
07-17 00:00:00,149.17921216104517
07-17 01:00:00,156.0131226348751
07-17 02:00:00,153.68234786192104
07-17 03:00:00,163.47271131244233
07-17 04:00:00,163.01582209829652
07-17 05:00:00,156.35212294610488
07-17 06:00:00,149.37457319943385
07-17 07:00:00,138.3216264249432
07-17 08:00:00,122.70620803730866
07-17 09:00:00,89.5942349909004
07-17 10:00:00,65.7976651927627
07-17 11:00:00,61.18914343237432
07-17 12:00:00,28.096062450881703
07-17 13:00:00,10.374874130818206
07-17 14:00:00,5.339523620871253
07-17 15:00:00,8.631167976202477
07-17 16:00:00,15.666118948639777
07-17 17:00:00,48.66240758977399
07-17 18:00:00,56.71675976154006
07-17 19:00:00,63.63715578276258
07-17 20:00:00,75.68582771777416
07-17 21:00:00,64.86068437649335
07-17 22:00:00,84.38139031092389
07-17 23:00:00,83.55948132148728
07-18 00:00:00,83.8002740546323
07-18 01:00:00,83.32689761196183
07-18 02:00:00,77.41305318854955
07-18 03:00:00,75.37915515049016
07-18 04:00:00,79.45453579440081
07-18 05:00:00,80.62818133345655
07-18 06:00:00,72.19250046429491
07-18 07:00:00,45.875063098460444
07-18 08:00:00,16.12042361661135
07-18 09:00:00,6.275964877088392
07-18 10:00:00,2.430284884819371
07-18 11:00:00,2.3489317756864727
07-18 12:00:00,2.3489317756864727
07-18 13:00:00,6.113515939185796
07-18 14:00:00,5.240390193061758
07-18 15:00:00,2.738412635049897
07-18 16:00:00,4.263989258097412
07-18 17:00:00,5.0210001762886005
07-18 18:00:00,5.0400897890380945
07-18 19:00:00,14.619637195793526
07-18 20:00:00,24.07736116000997
07-18 21:00:00,58.45105293626388
07-18 22:00:00,72.15347826098937
07-18 23:00:00,115.85255030453173
07-19 00:00:00,137.3012988448101
07-19 01:00:00,160.98227605278373
07-19 02:00:00,182.60642295045562
07-19 03:00:00,189.04106552853335
07-19 04:00:00,199.32421595239904
07-19 05:00:00,189.84486120013867
07-19 06:00:00,135.68659335290613
07-19 07:00:00,83.07381980524784
07-19 08:00:00,39.50156780553754
07-19 09:00:00,1.9023480210312935
07-19 10:00:00,1.8260239592884036
07-19 11:00:00,1.8513840963999972
07-19 12:00:00,1.6755529434126533
07-19 13:00:00,1.7004315214645873
07-19 14:00:00,1.6507537583574354
07-19 15:00:00,1.5523460410334948
07-19 16:00:00,1.5279401465758788
07-19 17:00:00,1.5036121800899773
07-19 18:00:00,1.626033720437859
07-19 19:00:00,1.8260239592884036
07-19 20:00:00,6.665246629205799
07-19 21:00:00,15.707200677659195
07-19 22:00:00,24.578318874798786
07-19 23:00:00,30.198704470374963
07-20 00:00:00,54.20138203034024
07-20 01:00:00,85.59613986100194
07-20 02:00:00,103.5706512416315
07-20 03:00:00,113.77756035109455
07-20 04:00:00,132.04133700637047
07-20 05:00:00,139.723756770825
07-20 06:00:00,93.64920704041377
07-20 07:00:00,56.24297260723267
07-20 08:00:00,24.724680029324325
07-20 09:00:00,1.8007447045943519
07-20 10:00:00,1.8513840963999972
07-20 11:00:00,1.6507537583574354
07-20 12:00:00,1.7004315214645873
07-20 13:00:00,1.2410791173338727
07-20 14:00:00,1.2176676171958765
07-20 15:00:00,1.2410791173338727
07-20 16:00:00,1.2881275635075498
07-20 17:00:00,1.4551890644680157
07-20 18:00:00,1.7253897390520163
07-20 19:00:00,5.187089263412648
07-20 20:00:00,16.249155890369686
07-20 21:00:00,25.76245255728476
07-20 22:00:00,42.29266116622367
07-20 23:00:00,55.176967009038115
07-21 00:00:00,84.59450505273082
07-21 01:00:00,117.73798658544648
07-21 02:00:00,122.91655638736785
07-21 03:00:00,139.20734399837528
07-21 04:00:00,158.26958593055573
07-21 05:00:00,162.24363316515235
07-21 06:00:00,116.32668985472864
07-21 07:00:00,73.65375245876284
07-21 08:00:00,30.104168466139168
07-21 09:00:00,1.4551890644680157
07-21 10:00:00,1.2410791173338727
07-21 11:00:00,0.9425006749345123
07-21 12:00:00,1.4070747677593949
07-21 13:00:00,1.3831328274319838
07-21 14:00:00,1.0558695347040092
07-21 15:00:00,1.311764979115636
07-21 16:00:00,1.3831328274319838
07-21 17:00:00,1.4070747677593949
07-21 18:00:00,1.47936189976629
07-21 19:00:00,2.0487773742433184
07-21 20:00:00,13.145979787684034
07-21 21:00:00,24.91889766732339
07-21 22:00:00,31.04799178936579
07-21 23:00:00,44.94293783833286
07-22 00:00:00,69.95023467519766
07-22 01:00:00,95.22116148780833
07-22 02:00:00,114.84340107133431
07-22 03:00:00,126.07168108321724
07-22 04:00:00,142.4225191582941
07-22 05:00:00,137.15045144810577
07-22 06:00:00,95.39842118277643
07-22 07:00:00,38.20616805795167
07-22 08:00:00,1.1017280142387602
07-22 09:00:00,0.9425006749345123
07-22 10:00:00,0.9876303857300543
07-22 11:00:00,1.1710688938649727
07-22 12:00:00,0.9876303857300543
07-22 13:00:00,0.9200440564362052
07-22 14:00:00,1.264565687953112
07-22 15:00:00,1.1478812050786387
07-22 16:00:00,1.1247676555848773
07-22 17:00:00,1.2881275635075498
07-22 18:00:00,1.359267374294265
07-22 19:00:00,1.5279401465758788
07-22 20:00:00,14.353938069339003
07-22 21:00:00,23.74953311428739
07-22 22:00:00,27.456037012463124
07-22 23:00:00,45.13577487581853
07-23 00:00:00,51.73343367888369
07-23 01:00:00,84.81059178029031
07-23 02:00:00,99.59993731025045
07-23 03:00:00,114.70378130474255
07-23 04:00:00,129.19638095191465
07-23 05:00:00,131.66443447549332
07-23 06:00:00,87.90304250334201
07-23 07:00:00,30.931509861405893
07-23 08:00:00,1.4070747677593949
07-23 09:00:00,1.0558695347040092
07-23 10:00:00,0.9425006749345123
07-23 11:00:00,0.8088343424832889
07-23 12:00:00,0.656105738193241
07-23 13:00:00,0.5067682949828656
07-23 14:00:00,0.38140792381711164
07-23 15:00:00,0.31962744651750047
07-23 16:00:00,0.38140792381711164
07-23 17:00:00,0.48570688543211166
07-23 18:00:00,0.5490944271391038
07-23 19:00:00,0.7868055122884098
07-23 20:00:00,3.0961189004214633
07-23 21:00:00,4.851720494820434
07-23 22:00:00,8.370755496824904
07-23 23:00:00,14.015795306760044
07-24 00:00:00,16.000416960599566
07-24 01:00:00,19.283122648792606
07-24 02:00:00,21.04102211259069
07-24 03:00:00,20.01709400647445
07-24 04:00:00,18.99012180539536
07-24 05:00:00,10.81226100427779
07-24 06:00:00,8.792059099579872
07-24 07:00:00,4.358181851598508
07-24 08:00:00,1.7755460823809275
07-24 09:00:00,1.75042784339208
07-24 10:00:00,1.4551890644680157
07-24 11:00:00,1.1017280142387602
07-24 12:00:00,1.47936189976629
07-24 13:00:00,1.359267374294265
07-24 14:00:00,1.1247676555848773
07-24 15:00:00,0.7868055122884098
07-24 16:00:00,13.56036064568954
07-24 17:00:00,58.869762986532955
07-24 18:00:00,61.33603976844748
07-24 19:00:00,67.98027994918371
07-24 20:00:00,77.93595266598716
07-24 21:00:00,94.42820342211247
07-24 22:00:00,89.82571442518193
07-24 23:00:00,87.91610626935655
07-25 00:00:00,86.17999666581439
07-25 01:00:00,85.90447666884069
07-25 02:00:00,105.91559030012098
07-25 03:00:00,98.87737288293089
07-25 04:00:00,102.55185756280392
07-25 05:00:00,102.86476255008999
07-25 06:00:00,88.30083987306936
07-25 07:00:00,59.4492267221083
07-25 08:00:00,16.672274125570063
07-25 09:00:00,5.061094906064668
07-25 10:00:00,8.966331549167565
07-25 11:00:00,10.235080860288495
07-25 12:00:00,82.11162923757172
07-25 13:00:00,68.18676395464973
07-25 14:00:00,70.41339513404274
07-25 15:00:00,88.11521783641012
07-25 16:00:00,78.18617094054837
07-25 17:00:00,93.90245346795525
07-25 18:00:00,111.23011773829053
07-25 19:00:00,131.42564803159175
07-25 20:00:00,141.89186918261103
07-25 21:00:00,149.72873686019793
07-25 22:00:00,139.5634643057034
07-25 23:00:00,160.24462487403332
07-26 00:00:00,161.5831347067242
07-26 01:00:00,160.81623716654215
07-26 02:00:00,165.29370756921253
07-26 03:00:00,171.9329334530909
07-26 04:00:00,175.81603164174632
07-26 05:00:00,182.00852892491764
07-26 06:00:00,155.1408210600014
07-26 07:00:00,93.4714299358151
07-26 08:00:00,65.74455196412757
07-26 09:00:00,35.736139262160215
07-26 10:00:00,6.052986950611413
07-26 11:00:00,1.1017280142387602
07-26 12:00:00,1.4070747677593949
07-26 13:00:00,1.1710688938649727
07-26 14:00:00,6.414454983096161
07-26 15:00:00,41.075888412449856
07-26 16:00:00,75.29927792106403
07-26 17:00:00,96.60999926609513
07-26 18:00:00,74.36166800743958
07-26 19:00:00,96.16389576948492
07-26 20:00:00,118.87902765091152
07-26 21:00:00,133.87304080052692
07-26 22:00:00,128.65329062217185
07-26 23:00:00,145.22600571216304
07-27 00:00:00,163.23731004571724
07-27 01:00:00,185.36165440579492
07-27 02:00:00,195.46149024994403
07-27 03:00:00,209.06632866535364
07-27 04:00:00,219.36165491235857
07-27 05:00:00,204.56185146306208
07-27 06:00:00,168.72627074503376
07-27 07:00:00,120.67481914504562
07-27 08:00:00,50.222739915447185
07-27 09:00:00,4.351088088549832
07-27 10:00:00,1.5768301059457774
07-27 11:00:00,1.3354781705611916
07-27 12:00:00,1.4310934337302887
07-27 13:00:00,1.359267374294265
07-27 14:00:00,1.1478812050786387
07-27 15:00:00,0.9876303857300543
07-27 16:00:00,1.1710688938649727
07-27 17:00:00,1.5768301059457774
07-27 18:00:00,3.7737495925024422
07-27 19:00:00,33.291768415066144
07-27 20:00:00,44.04422447005864
07-27 21:00:00,39.864353766547616
07-27 22:00:00,43.8079325394764
07-27 23:00:00,64.16184467633417
07-28 00:00:00,95.25544111932426
07-28 01:00:00,92.78132605343326
07-28 02:00:00,90.26609496172162
07-28 03:00:00,93.39845389914186
07-28 04:00:00,102.80680397580895
07-28 05:00:00,108.45430948634967
07-28 06:00:00,107.99264786523942
07-28 07:00:00,122.97729008135826
07-28 08:00:00,152.88614539255772
07-28 09:00:00,139.77631496055022
07-28 10:00:00,108.77064258834338
07-28 11:00:00,97.50502282973883
07-28 12:00:00,85.65068249463548
07-28 13:00:00,68.93932690143289
07-28 14:00:00,50.48722517702762
07-28 15:00:00,31.293942990065876
07-28 16:00:00,15.790186024187932
07-28 17:00:00,25.83439851721768
07-28 18:00:00,30.653693340314256
07-28 19:00:00,50.03773609579798
07-28 20:00:00,84.57275269222458
07-28 21:00:00,114.2279038488279
07-28 22:00:00,128.7854868579909
07-28 23:00:00,123.03762923715055
07-29 00:00:00,134.44198079282216
07-29 01:00:00,141.5009978639016
07-29 02:00:00,152.34831770947565
07-29 03:00:00,176.2206269740704
07-29 04:00:00,182.588635963553
07-29 05:00:00,171.94248643822925
07-29 06:00:00,148.72022523417365
07-29 07:00:00,101.79466621473071
07-29 08:00:00,52.626098146417874
07-29 09:00:00,5.642936696269416
07-29 10:00:00,2.0052575322389035
07-29 11:00:00,1.8513840963999972
07-29 12:00:00,1.5036121800899773
07-29 13:00:00,1.47936189976629
07-29 14:00:00,1.4310934337302887
07-29 15:00:00,1.4070747677593949
07-29 16:00:00,1.359267374294265
07-29 17:00:00,1.264565687953112
07-29 18:00:00,1.2881275635075498
07-29 19:00:00,8.275222057200205
07-29 20:00:00,19.105091689813413
07-29 21:00:00,36.942789877408075
07-29 22:00:00,59.6542178488379
07-29 23:00:00,56.6905660808548
07-30 00:00:00,64.92986067329393
07-30 01:00:00,81.44192756340989
07-30 02:00:00,97.45035316818564
07-30 03:00:00,106.03925570569805
07-30 04:00:00,114.21841561274101
07-30 05:00:00,113.48333335867306
07-30 06:00:00,101.46579646746312
07-30 07:00:00,46.34104538346727
07-30 08:00:00,1.4070747677593949
07-30 09:00:00,1.1478812050786387
07-30 10:00:00,1.010303930478707
07-30 11:00:00,1.0787620505544013
07-30 12:00:00,1.1017280142387602
07-30 13:00:00,0.8753461669956022
07-30 14:00:00,0.9876303857300543
07-30 15:00:00,0.8531044475061094
07-30 16:00:00,35.89191227902174
07-30 17:00:00,41.78855511890725
07-30 18:00:00,56.299524340353784
07-30 19:00:00,78.53079373065322
07-30 20:00:00,87.95464199754056
07-30 21:00:00,85.2136249469668
07-30 22:00:00,95.86796521272282
07-30 23:00:00,110.69481404129532
07-31 00:00:00,119.43198997208496
07-31 01:00:00,126.306166940213
07-31 02:00:00,123.98138367422852
07-31 03:00:00,124.00669054199902
07-31 04:00:00,118.42346625996596
07-31 05:00:00,121.92045797411532
07-31 06:00:00,109.41678558600499
07-31 07:00:00,88.5503968036024
07-31 08:00:00,65.08443747686924
07-31 09:00:00,69.49769176605994
07-31 10:00:00,56.49769865311616
07-31 11:00:00,35.09898548627806
07-31 12:00:00,25.00624756761015
07-31 13:00:00,28.66474324894468
07-31 14:00:00,7.123528118975267
07-31 15:00:00,9.671226694934921
07-31 16:00:00,8.604136650777246
07-31 17:00:00,12.765273072281477
07-31 18:00:00,33.02440747917807
07-31 19:00:00,69.90310728667265
07-31 20:00:00,122.541129336839
07-31 21:00:00,139.03149083880027
07-31 22:00:00,175.52113968973828
07-31 23:00:00,183.0686339291764
08-01 00:00:00,178.68372225521145
08-01 01:00:00,189.36652264370952
08-01 02:00:00,197.98400868954255
08-01 03:00:00,209.1516670815158
08-01 04:00:00,221.0899722090677
08-01 05:00:00,231.22189475732955
08-01 06:00:00,244.35708294568101
08-01 07:00:00,252.77883704177077
08-01 08:00:00,238.176306424208
08-01 09:00:00,203.17746244859248
08-01 10:00:00,195.8305260780116
08-01 11:00:00,184.8175338819978
08-01 12:00:00,169.25406736739183
08-01 13:00:00,158.16561802877513
08-01 14:00:00,143.31428831308034
08-01 15:00:00,153.64914348262826
08-01 16:00:00,138.91062663528805
08-01 17:00:00,137.35056968499651
08-01 18:00:00,183.07065715223115
08-01 19:00:00,199.70765448699464
08-01 20:00:00,217.1152257806449
08-01 21:00:00,236.07483586866704
08-01 22:00:00,254.03868405181888
08-01 23:00:00,276.0031299106041
08-02 00:00:00,283.3438532886014
08-02 01:00:00,283.0813274520115
08-02 02:00:00,312.57397476187384
08-02 03:00:00,319.8477494503908
08-02 04:00:00,327.0615156079497
08-02 05:00:00,312.1709960187823
08-02 06:00:00,283.85841986592317
08-02 07:00:00,243.273121057061
08-02 08:00:00,193.57534097968414
08-02 09:00:00,140.80569844517856
08-02 10:00:00,113.10641729062561
08-02 11:00:00,73.77808956660196
08-02 12:00:00,34.659400049988776
08-02 13:00:00,12.08368707963558
08-02 14:00:00,9.714125460309516
08-02 15:00:00,9.764086370382442
08-02 16:00:00,15.449121896786952
08-02 17:00:00,38.09007840565197
08-02 18:00:00,55.823589255593845
08-02 19:00:00,90.81479110008948
08-02 20:00:00,112.49980998010955
08-02 21:00:00,164.93469152927003
08-02 22:00:00,192.58657686806464
08-02 23:00:00,206.4600664763428
08-03 00:00:00,221.60533453518593
08-03 01:00:00,230.0672289061465
08-03 02:00:00,254.6021821757213
08-03 03:00:00,268.5418350886773
08-03 04:00:00,271.65899865281284
08-03 05:00:00,276.723380832707
08-03 06:00:00,236.43671769823214
08-03 07:00:00,189.83544755544375
08-03 08:00:00,149.04337717536873
08-03 09:00:00,81.37983511495756
08-03 10:00:00,39.84563885219173
08-03 11:00:00,18.306806511865208
08-03 12:00:00,10.581961956847069
08-03 13:00:00,17.37942215604245
08-03 14:00:00,108.4494067307574
08-03 15:00:00,135.37984923099606
08-03 16:00:00,130.3362288256655
08-03 17:00:00,146.96734936290477
08-03 18:00:00,183.51923247900885
08-03 19:00:00,204.48103000419596
08-03 20:00:00,224.42285236027402
08-03 21:00:00,233.70427053475746
08-03 22:00:00,243.33213255205527
08-03 23:00:00,252.24121116417328
08-04 00:00:00,261.03343669153764
08-04 01:00:00,268.8180456627835
08-04 02:00:00,273.2420575874465
08-04 03:00:00,272.5145481237811
08-04 04:00:00,275.9557610575555
08-04 05:00:00,269.6084999398592
08-04 06:00:00,256.4690112172512
08-04 07:00:00,237.87910180604314
08-04 08:00:00,207.139053557696
08-04 09:00:00,179.50223444181304
08-04 10:00:00,154.59400574019114
08-04 11:00:00,143.31641544062788
08-04 12:00:00,135.25334173539918
08-04 13:00:00,140.4563204768627
08-04 14:00:00,166.79540213158006
08-04 15:00:00,174.0482796975837
08-04 16:00:00,174.10728575323756
08-04 17:00:00,174.71641484055283
08-04 18:00:00,191.94144743119537
08-04 19:00:00,199.41104275028798
08-04 20:00:00,203.87550152838003
08-04 21:00:00,207.5542119900731
08-04 22:00:00,207.6727313666437
08-04 23:00:00,204.64828561930258
08-05 00:00:00,201.51517994870426
08-05 01:00:00,205.09838836298067
08-05 02:00:00,212.32802838167123
08-05 03:00:00,209.74862938041724
08-05 04:00:00,215.69883363639227
08-05 05:00:00,212.86225891130104
08-05 06:00:00,210.9178966754667
08-05 07:00:00,198.80114375850792
08-05 08:00:00,169.34858337152363
08-05 09:00:00,155.68415020804093
08-05 10:00:00,121.52935452017448
08-05 11:00:00,95.70321446681052
08-05 12:00:00,49.88186263333002
08-05 13:00:00,60.94488012100853
08-05 14:00:00,102.16280488880494
08-05 15:00:00,119.8022029687632
08-05 16:00:00,131.43766075679972
08-05 17:00:00,124.67254939448448
08-05 18:00:00,121.4094004572539
08-05 19:00:00,166.59827633757303
08-05 20:00:00,196.63356696757342
08-05 21:00:00,204.9317097363934
08-05 22:00:00,221.48412412942113
08-05 23:00:00,228.91734129872248
08-06 00:00:00,235.13236915298972
08-06 01:00:00,225.24300867084096
08-06 02:00:00,217.34513286753344
08-06 03:00:00,215.79524296373057
08-06 04:00:00,204.85415186479594
08-06 05:00:00,201.2109009300971
08-06 06:00:00,183.72415156658167
08-06 07:00:00,156.87482078199153
08-06 08:00:00,119.67639477249641
08-06 09:00:00,86.16500757536524
08-06 10:00:00,49.87353171777769
08-06 11:00:00,46.62908645696072
08-06 12:00:00,47.17685000410923
08-06 13:00:00,9.250958182622188
08-06 14:00:00,2.1885411427634294
08-06 15:00:00,2.4849539493627235
08-06 16:00:00,2.7727223512341856
08-06 17:00:00,3.0546355280106146
08-06 18:00:00,11.509544465546222
08-06 19:00:00,48.061736135192376
08-06 20:00:00,84.08510514707281
08-06 21:00:00,93.87531867582496
08-06 22:00:00,104.68334687989393
08-06 23:00:00,132.61616505044503
08-07 00:00:00,157.44915476265177
08-07 01:00:00,162.09462489234826
08-07 02:00:00,172.494067408841
08-07 03:00:00,180.34129184620502
08-07 04:00:00,181.13685431886765
08-07 05:00:00,178.65202048108557
08-07 06:00:00,141.87177272966466
08-07 07:00:00,113.64957623443833
08-07 08:00:00,77.90518811474921
08-07 09:00:00,19.253309066772488
08-07 10:00:00,1.7755460823809275
08-07 11:00:00,1.6013925844698753
08-07 12:00:00,12.31102022595189
08-07 13:00:00,30.508454518446143
08-07 14:00:00,137.49052350301176
08-07 15:00:00,175.9220973169557
08-07 16:00:00,179.85440747852843
08-07 17:00:00,190.04924937525013
08-07 18:00:00,187.4576937954003
08-07 19:00:00,187.81962724130236
08-07 20:00:00,199.54795436851458
08-07 21:00:00,201.9145415872016
08-07 22:00:00,209.77574100941746
08-07 23:00:00,209.74447468168918
08-08 00:00:00,209.92325525873576
08-08 01:00:00,205.307746898749
08-08 02:00:00,201.6667296102034
08-08 03:00:00,204.95886919138678
08-08 04:00:00,206.18498036415878
08-08 05:00:00,200.85573381679794
08-08 06:00:00,199.4445083530826
08-08 07:00:00,186.50715594927672
08-08 08:00:00,168.75553179547896
08-08 09:00:00,179.53339179627255
08-08 10:00:00,197.9248844513172
08-08 11:00:00,212.28856454073176
08-08 12:00:00,187.67472574255214
08-08 13:00:00,156.73356620926597
08-08 14:00:00,132.3522741158565
08-08 15:00:00,97.59608564349678
08-08 16:00:00,61.93832044900876
08-08 17:00:00,84.12649231710519
08-08 18:00:00,95.03416445388186
08-08 19:00:00,135.39800258425083
08-08 20:00:00,159.96628027523636
08-08 21:00:00,163.24101647674155
08-08 22:00:00,179.69070924902388
08-08 23:00:00,174.7091241232425
08-09 00:00:00,181.49736030123586
08-09 01:00:00,193.69837055308835
08-09 02:00:00,200.4268150071071
08-09 03:00:00,205.65908939028623
08-09 04:00:00,215.45309018001825
08-09 05:00:00,215.67227930510856
08-09 06:00:00,200.30208950975958
08-09 07:00:00,146.50884887651642
08-09 08:00:00,127.402150708805
08-09 09:00:00,82.0629230135579
08-09 10:00:00,30.346635623850897
08-09 11:00:00,2.2416640901428275
08-09 12:00:00,2.7939337434862197
08-09 13:00:00,2.403080715810595
08-09 14:00:00,1.927952311834359
08-09 15:00:00,1.927952311834359
08-09 16:00:00,2.031190901819068
08-09 17:00:00,4.990325680884952
08-09 18:00:00,14.341238687948831
08-09 19:00:00,42.3166476621296
08-09 20:00:00,72.88370516697987
08-09 21:00:00,109.0985281540628
08-09 22:00:00,120.59215996012898
08-09 23:00:00,146.65736468602478
08-10 00:00:00,146.39722278852378
08-10 01:00:00,172.1639926066933
08-10 02:00:00,193.53336755056316
08-10 03:00:00,217.28377556712547
08-10 04:00:00,210.7558256093643
08-10 05:00:00,226.56432533946426
08-10 06:00:00,181.7307382045877
08-10 07:00:00,108.0352310983393
08-10 08:00:00,51.755537771353715
08-10 09:00:00,12.463433029141846
08-10 10:00:00,1.2881275635075498
08-10 11:00:00,1.1247676555848773
08-10 12:00:00,0.8976592953226298
08-10 13:00:00,1.1943309537487836
08-10 14:00:00,1.3354781705611916
08-10 15:00:00,1.5279401465758788
08-10 16:00:00,1.2410791173338727
08-10 17:00:00,1.2176676171958765
08-10 18:00:00,1.1943309537487836
08-10 19:00:00,8.72030370988184
08-10 20:00:00,19.95600354871317
08-10 21:00:00,27.1328546753197
08-10 22:00:00,49.34884170959812
08-10 23:00:00,69.89258140905662
08-11 00:00:00,81.45573306280494
08-11 01:00:00,93.81896266379121
08-11 02:00:00,108.29739046919154
08-11 03:00:00,124.7620792203049
08-11 04:00:00,132.31121258219522
08-11 05:00:00,133.56446945912913
08-11 06:00:00,105.84845881376837
08-11 07:00:00,47.66407422763513
08-11 08:00:00,4.71657676069511
08-11 09:00:00,1.1017280142387602
08-11 10:00:00,0.9200440564362052
08-11 11:00:00,0.6777147492571246
08-11 12:00:00,0.5916930670426229
08-11 13:00:00,0.7429591897167247
08-11 14:00:00,0.8976592953226298
08-11 15:00:00,0.6777147492571246
08-11 16:00:00,0.7429591897167247
08-11 17:00:00,0.8976592953226298
08-11 18:00:00,1.1017280142387602
08-11 19:00:00,1.0558695347040092
08-11 20:00:00,11.33814992557318
08-11 21:00:00,15.940941830648116
08-11 22:00:00,19.397823864546922
08-11 23:00:00,31.911517830031645
08-12 00:00:00,55.763539121979605
08-12 01:00:00,73.76913423577733
08-12 02:00:00,83.66708799351414
08-12 03:00:00,96.62123375715524
08-12 04:00:00,107.87010500918964
08-12 05:00:00,107.27982753185857
08-12 06:00:00,71.81481723842599
08-12 07:00:00,23.53458498369652
08-12 08:00:00,0.6993931826563411
08-12 09:00:00,0.48570688543211166
08-12 10:00:00,0.31962744651750047
08-12 11:00:00,0.0390606015235304
08-12 12:00:00,0.0
08-12 13:00:00,0.0
08-12 14:00:00,0.09812428114415873
08-12 15:00:00,0.21797345030042692
08-12 16:00:00,0.09812428114415873
08-12 17:00:00,0.0
08-12 18:00:00,0.17776676383119178
08-12 19:00:00,0.5278974045258324
08-12 20:00:00,1.3683405951665797
08-12 21:00:00,3.2983559886489733
08-12 22:00:00,4.725552803066739
08-12 23:00:00,1.0558695347040092
08-13 00:00:00,1.7600748318050912
08-13 01:00:00,6.516858622526715
08-13 02:00:00,12.788988532579854
08-13 03:00:00,14.300459778006779
08-13 04:00:00,17.643913889081148
08-13 05:00:00,24.666968823661165
08-13 06:00:00,25.675214125434337
08-13 07:00:00,2.318063869547957
08-13 08:00:00,0.8088343424832889
08-13 09:00:00,0.4229267353854085
08-13 10:00:00,0.2787698607875542
08-13 11:00:00,0.19783781772650208
08-13 12:00:00,0.19783781772650208
08-13 13:00:00,0.0390606015235304
08-13 14:00:00,0.0
08-13 15:00:00,0.0783730855474318
08-13 16:00:00,0.4229267353854085
08-13 17:00:00,0.4437863171404436
08-13 18:00:00,0.5916930670426229
08-13 19:00:00,0.7211412565449906
08-13 20:00:00,3.1398248454823197
08-13 21:00:00,5.487814445314642
08-13 22:00:00,6.976346131635764
08-13 23:00:00,10.957563167879409
08-14 00:00:00,12.520785496668765
08-14 01:00:00,15.456608487708593
08-14 02:00:00,19.88889195273577
08-14 03:00:00,30.402047856307696
08-14 04:00:00,35.413791296593715
08-14 05:00:00,39.47801689119213
08-14 06:00:00,18.913124416952982
08-14 07:00:00,0.7429591897167247
08-14 08:00:00,0.6345659319490404
08-14 09:00:00,0.4437863171404436
08-14 10:00:00,0.0390606015235304
08-14 11:00:00,0.0
08-14 12:00:00,0.0
08-14 13:00:00,0.0
08-14 14:00:00,0.0
08-14 15:00:00,0.13781758007950198
08-14 16:00:00,0.23817386531595758
08-14 17:00:00,0.2787698607875542
08-14 18:00:00,0.38140792381711164
08-14 19:00:00,0.5490944271391038
08-14 20:00:00,0.5703595765312806
08-14 21:00:00,0.5490944271391038
08-14 22:00:00,3.403664098647634
08-14 23:00:00,7.854036923761752
08-15 00:00:00,9.943317348970556
08-15 01:00:00,9.496315881804364
08-15 02:00:00,12.10091065901942
08-15 03:00:00,13.960874987952995
08-15 04:00:00,16.737766200824524
08-15 05:00:00,18.996469776924588
08-15 06:00:00,9.22107557793405
08-15 07:00:00,0.2991658518370572
08-15 08:00:00,0.11793904574844945
08-15 09:00:00,0.05868525884405521
08-15 10:00:00,0.1577600854627649
08-15 11:00:00,0.0
08-15 12:00:00,0.0
08-15 13:00:00,0.4437863171404436
08-15 14:00:00,0.0
08-15 15:00:00,0.25843926714858956
08-15 16:00:00,0.4437863171404436
08-15 17:00:00,0.5703595765312806
08-15 18:00:00,0.656105738193241
08-15 19:00:00,0.8531044475061094
08-15 20:00:00,1.010303930478707
08-15 21:00:00,1.1943309537487836
08-15 22:00:00,1.2881275635075498
08-15 23:00:00,2.827479341984723
08-16 00:00:00,8.250894090714302
08-16 01:00:00,12.26924260073985
08-16 02:00:00,23.9862888730091
08-16 03:00:00,84.86259257286865
08-16 04:00:00,79.5106314613395
08-16 05:00:00,69.87111566602405
08-16 06:00:00,63.27004936165013
08-16 07:00:00,54.23064934296889
08-16 08:00:00,57.757828333132196
08-16 09:00:00,74.1214902281221
08-16 10:00:00,102.42961285587647
08-16 11:00:00,113.54452810056323
08-16 12:00:00,132.19166592991925
08-16 13:00:00,139.70256067867044
08-16 14:00:00,157.09473544309114
08-16 15:00:00,143.30269322981002
08-16 16:00:00,122.36067716988941
08-16 17:00:00,119.59516816163958
08-16 18:00:00,128.66634485621734
08-16 19:00:00,144.60685042829255
08-16 20:00:00,146.0433342848095
08-16 21:00:00,165.21739696642175
08-16 22:00:00,163.5999203329829
08-16 23:00:00,163.13632713708623
08-17 00:00:00,153.4145860862215
08-17 01:00:00,224.70721372897984
08-17 02:00:00,269.0853149400882
08-17 03:00:00,270.31355857519196
08-17 04:00:00,276.91092242895496
08-17 05:00:00,278.4455081677957
08-17 06:00:00,272.456179516738
08-17 07:00:00,271.1711500714528
08-17 08:00:00,253.2050255781135
08-17 09:00:00,198.18021504453313
08-17 10:00:00,149.57262585095634
08-17 11:00:00,113.2938978203036
08-17 12:00:00,86.96700043803298
08-17 13:00:00,70.14428199152113
08-17 14:00:00,47.09060038896949
08-17 15:00:00,43.61537817400457
08-17 16:00:00,40.4497014521906
08-17 17:00:00,72.80661125424099
08-17 18:00:00,95.22819998457452
08-17 19:00:00,114.25994030762746
08-17 20:00:00,124.61034093699716
08-17 21:00:00,144.56333876053287
08-17 22:00:00,162.03479476529765
08-17 23:00:00,183.740378043906
08-18 00:00:00,217.53273547971875
08-18 01:00:00,223.09058062877136
08-18 02:00:00,230.0755752261457
08-18 03:00:00,235.27733908458652
08-18 04:00:00,232.97057887775142
08-18 05:00:00,223.65674003551223
08-18 06:00:00,218.4660707990768
08-18 07:00:00,186.91907490353185
08-18 08:00:00,157.4808627104547
08-18 09:00:00,127.95981134064164
08-18 10:00:00,101.35905062457743
08-18 11:00:00,76.82756336519785
08-18 12:00:00,42.7998638919574
08-18 13:00:00,14.744329758188766
08-18 14:00:00,9.047080355959716
08-18 15:00:00,6.961481091757097
08-18 16:00:00,5.1569179604730895
08-18 17:00:00,9.871102342753385
08-18 18:00:00,48.47280974139281
08-18 19:00:00,84.11771633351529
08-18 20:00:00,110.85101870560942
08-18 21:00:00,141.3850692444657
08-18 22:00:00,139.72874983494322
08-18 23:00:00,128.92242909770448
08-19 00:00:00,134.03965666495347
08-19 01:00:00,135.1933480360938
08-19 02:00:00,138.48299222826492
08-19 03:00:00,144.5404277968386
08-19 04:00:00,154.43823157606695
08-19 05:00:00,158.77670141293564
08-19 06:00:00,155.29970399929707
08-19 07:00:00,111.12700644375661
08-19 08:00:00,75.12711791801237
08-19 09:00:00,39.13581735109682
08-19 10:00:00,27.80839753980188
08-19 11:00:00,11.185148589843816
08-19 12:00:00,2.1094894745506263
08-19 13:00:00,7.00348152234256
08-19 14:00:00,9.429482952878978
08-19 15:00:00,9.644022525926145
08-19 16:00:00,10.139270280686459
08-19 17:00:00,10.193765438740334
08-19 18:00:00,34.73514909656707
08-19 19:00:00,40.06413102272337
08-19 20:00:00,57.635786640306485
08-19 21:00:00,68.01640848952364
08-19 22:00:00,90.11657412313274
08-19 23:00:00,100.21668043951892
08-20 00:00:00,113.51015316405218
08-20 01:00:00,108.44938207035513
08-20 02:00:00,117.25390303413761
08-20 03:00:00,143.00729072943642
08-20 04:00:00,143.82687939719065
08-20 05:00:00,134.85198443610096
08-20 06:00:00,120.80086133414123
08-20 07:00:00,85.9465280350243
08-20 08:00:00,42.098681480494356
08-20 09:00:00,2.7967979561811687
08-20 10:00:00,1.7004315214645873
08-20 11:00:00,1.6013925844698753
08-20 12:00:00,1.8513840963999972
08-20 13:00:00,1.311764979115636
08-20 14:00:00,1.3354781705611916
08-20 15:00:00,1.311764979115636
08-20 16:00:00,1.4551890644680157
08-20 17:00:00,1.6755529434126533
08-20 18:00:00,2.2979712275859447
08-20 19:00:00,16.404894271628333
08-20 20:00:00,26.645274391245614
08-20 21:00:00,41.52946259132484
08-20 22:00:00,73.48206806770847
08-20 23:00:00,87.97701821182443
08-21 00:00:00,110.50949241436565
08-21 01:00:00,122.66941024607148
08-21 02:00:00,128.81815781018895
08-21 03:00:00,130.39877028506965
08-21 04:00:00,141.83000419825586
08-21 05:00:00,161.32756517874986
08-21 06:00:00,129.32996985700072
08-21 07:00:00,62.95511107381718
08-21 08:00:00,20.52660599665226
08-21 09:00:00,1.1478812050786387
08-21 10:00:00,0.9200440564362052
08-21 11:00:00,0.7648472016058475
08-21 12:00:00,0.5916930670426229
08-21 13:00:00,0.5278974045258324
08-21 14:00:00,0.6345659319490404
08-21 15:00:00,0.6130951136462027
08-21 16:00:00,0.6993931826563411
08-21 17:00:00,1.010303930478707
08-21 18:00:00,1.1943309537487836
08-21 19:00:00,7.614472249385039
08-21 20:00:00,15.656681749096517
08-21 21:00:00,19.800314186578703
08-21 22:00:00,20.435733557859994
08-21 23:00:00,29.704566434838405
08-22 00:00:00,38.36478693931418
08-22 01:00:00,18.740913136399485
08-22 02:00:00,68.92664726619651
08-22 03:00:00,90.86417687460326
08-22 04:00:00,105.24709940069384
08-22 05:00:00,79.90739166379313
08-22 06:00:00,111.9425685036447
08-22 07:00:00,94.90042554642457
08-22 08:00:00,67.04972143797109
08-22 09:00:00,47.790131628622326
08-22 10:00:00,24.7776970765951
08-22 11:00:00,6.64823128861757
08-22 12:00:00,5.7720274948467125
08-22 13:00:00,5.65769164220133
08-22 14:00:00,4.723909419562944
08-22 15:00:00,66.2911212421354
08-22 16:00:00,78.73152944034837
08-22 17:00:00,96.38440871534276
08-22 18:00:00,126.17461224369536
08-22 19:00:00,145.85258737668002
08-22 20:00:00,160.62296955375945
08-22 21:00:00,162.3830145659675
08-22 22:00:00,179.5629499935571
08-22 23:00:00,187.57160094196902
08-23 00:00:00,191.90913938844471
08-23 01:00:00,199.83142191691422
08-23 02:00:00,203.17644800053998
08-23 03:00:00,199.2569105280718
08-23 04:00:00,219.934961206504
08-23 05:00:00,218.74785392786433
08-23 06:00:00,204.09979821664643
08-23 07:00:00,172.53023181280327
08-23 08:00:00,132.76557036235428
08-23 09:00:00,84.28193424744626
08-23 10:00:00,53.68485313403945
08-23 11:00:00,44.89122482743759
08-23 12:00:00,33.0702391559243
08-23 13:00:00,7.99765163888397
08-23 14:00:00,9.920003232719989
08-23 15:00:00,12.440305350119006
08-23 16:00:00,13.06553896058152
08-23 17:00:00,37.935952691419146
08-23 18:00:00,57.54367667655371
08-23 19:00:00,76.96813692754233
08-23 20:00:00,91.88308352966513
08-23 21:00:00,115.49694988795945
08-23 22:00:00,118.70310464971314
08-23 23:00:00,145.7596385628108
08-24 00:00:00,136.93460937348902
08-24 01:00:00,153.60349773047966
08-24 02:00:00,191.43137525607858
08-24 03:00:00,196.6520888320444
08-24 04:00:00,186.5715814802677
08-24 05:00:00,190.36876064533215
08-24 06:00:00,188.59737304382526
08-24 07:00:00,185.9044189971309
08-24 08:00:00,177.717309896158
08-24 09:00:00,157.10976049902385
08-24 10:00:00,137.91363490871043
08-24 11:00:00,113.52305393326235
08-24 12:00:00,125.65518888513455
08-24 13:00:00,117.13764391337335
08-24 14:00:00,113.27923348501018
08-24 15:00:00,91.83361379615992
08-24 16:00:00,89.7278248743555
08-24 17:00:00,97.79585299815072
08-24 18:00:00,103.99400285834668
08-24 19:00:00,123.82820188554193
08-24 20:00:00,142.24671878174365
08-24 21:00:00,143.40179927133875
08-24 22:00:00,171.25022544887253
08-24 23:00:00,199.14315042749558
08-25 00:00:00,184.19242960020514
08-25 01:00:00,192.5009923447348
08-25 02:00:00,196.0114946272223
08-25 03:00:00,205.77334415935454
08-25 04:00:00,205.68566541939373
08-25 05:00:00,208.4989348821079
08-25 06:00:00,201.240686640266
08-25 07:00:00,185.0289023134091
08-25 08:00:00,172.10801889182756
08-25 09:00:00,142.5225808081572
08-25 10:00:00,118.72540100710305
08-25 11:00:00,101.1102994224542
08-25 12:00:00,100.62489884503557
08-25 13:00:00,96.10013104467663
08-25 14:00:00,91.23220896951607
08-25 15:00:00,78.83089261583478
08-25 16:00:00,67.76063221672005
08-25 17:00:00,81.68062485398389
08-25 18:00:00,107.47656950715017
08-25 19:00:00,135.53480247364251
08-25 20:00:00,162.91107964688788
08-25 21:00:00,187.40860905604376
08-25 22:00:00,218.88261001532078
08-25 23:00:00,235.5589282303807
08-26 00:00:00,258.98471164783587
08-26 01:00:00,263.86013199034676
08-26 02:00:00,275.767161258449
08-26 03:00:00,287.547956400699
08-26 04:00:00,294.43576033312013
08-26 05:00:00,304.6321306432128
08-26 06:00:00,280.9597909451821
08-26 07:00:00,206.33042542504586
08-26 08:00:00,134.93487282380113
08-26 09:00:00,107.70943185189773
08-26 10:00:00,50.92166288588885
08-26 11:00:00,23.940104718328215
08-26 12:00:00,11.139288914821199
08-26 13:00:00,11.19699714648646
08-26 14:00:00,12.224469040106797
08-26 15:00:00,18.952085325355156
08-26 16:00:00,59.86843467654764
08-26 17:00:00,56.36531943874788
08-26 18:00:00,92.63835974276331
08-26 19:00:00,125.50723872072426
08-26 20:00:00,143.93266787381714
08-26 21:00:00,169.92611490931637
08-26 22:00:00,175.60888534054152
08-26 23:00:00,181.9041167289039
08-27 00:00:00,185.4712738150095
08-27 01:00:00,200.46294244491688
08-27 02:00:00,214.3808737408383
08-27 03:00:00,223.74404776521203
08-27 04:00:00,239.94776903996336
08-27 05:00:00,258.3041294561285
08-27 06:00:00,254.01528062128293
08-27 07:00:00,222.36933488375928
08-27 08:00:00,174.49672346720965
08-27 09:00:00,145.2482014227896
08-27 10:00:00,104.07587358432855
08-27 11:00:00,82.85982976447
08-27 12:00:00,65.84814986381282
08-27 13:00:00,63.787082260015175
08-27 14:00:00,67.7472162977316
08-27 15:00:00,73.07439152517682
08-27 16:00:00,80.05442227816043
08-27 17:00:00,94.39224329080471
08-27 18:00:00,130.75065035911925
08-27 19:00:00,161.6241901874495
08-27 20:00:00,181.68808092753324
08-27 21:00:00,216.0645635012557
08-27 22:00:00,246.7579040600498
08-27 23:00:00,262.80976353371307
08-28 00:00:00,268.37959686530314
08-28 01:00:00,278.7772170700535
08-28 02:00:00,284.8672947063495
08-28 03:00:00,303.80770706654215
08-28 04:00:00,317.5276070576046
08-28 05:00:00,318.63914667283984
08-28 06:00:00,313.590993348775
08-28 07:00:00,278.5395392346425
08-28 08:00:00,257.0380333110237
08-28 09:00:00,248.33353788492064
08-28 10:00:00,215.40793880300643
08-28 11:00:00,179.82905419928264
08-28 12:00:00,150.1144628673761
08-28 13:00:00,142.7263737012228
08-28 14:00:00,226.20255408273957
08-28 15:00:00,299.8656131249048
08-28 16:00:00,287.64197242436774
08-28 17:00:00,293.73831411625366
08-28 18:00:00,294.2139335680721
08-28 19:00:00,310.1478357975985
08-28 20:00:00,317.74695265139644
08-28 21:00:00,313.91720780319605
08-28 22:00:00,313.85002742465855
08-28 23:00:00,320.90625741572626
08-29 00:00:00,325.1041342209982
08-29 01:00:00,330.8629844145061
08-29 02:00:00,329.9049192636516
08-29 03:00:00,335.8587516571202
08-29 04:00:00,333.5309951681135
08-29 05:00:00,335.5306927157628
08-29 06:00:00,323.22082853000313
08-29 07:00:00,303.5582848009919
08-29 08:00:00,286.8407115415615
08-29 09:00:00,280.90164139450974
08-29 10:00:00,255.78491021378514
08-29 11:00:00,236.76070124471323
08-29 12:00:00,207.98770021605102
08-29 13:00:00,226.00801714839133
08-29 14:00:00,226.58411782945302
08-29 15:00:00,227.25448917447477
08-29 16:00:00,211.02482978078433
08-29 17:00:00,210.0317212387248
08-29 18:00:00,204.71218503816317
08-29 19:00:00,209.07025418513845
08-29 20:00:00,215.18142199946556
08-29 21:00:00,224.65324378023843
08-29 22:00:00,234.83915044214828
08-29 23:00:00,244.24191603125175
08-30 00:00:00,260.6868278621326
08-30 01:00:00,260.6868278621326
08-30 02:00:00,265.38921082948906
08-30 03:00:00,269.09991981093134
08-30 04:00:00,278.6822149474774
08-30 05:00:00,275.47897040008354
08-30 06:00:00,264.48065330043954
08-30 07:00:00,229.75376490691562
08-30 08:00:00,216.24279500012477
08-30 09:00:00,195.8903782413988
08-30 10:00:00,183.01409285834262
08-30 11:00:00,179.7050869371655
08-30 12:00:00,181.0402466502926
08-30 13:00:00,163.24390640402717
08-30 14:00:00,118.93702574112211
08-30 15:00:00,125.84246069130558
08-30 16:00:00,120.73049592334297
08-30 17:00:00,140.69057914418246
08-30 18:00:00,175.4134061015827
08-30 19:00:00,203.21242781198873
08-30 20:00:00,220.56640900605652
08-30 21:00:00,220.744199510995
08-30 22:00:00,223.89531271058158
08-30 23:00:00,230.99112104270984
08-31 00:00:00,232.51464537893693
08-31 01:00:00,232.63662812742706
08-31 02:00:00,233.4936206678745
08-31 03:00:00,231.21203974768358
08-31 04:00:00,234.2938584367853
08-31 05:00:00,238.06500029496107
08-31 06:00:00,241.16680961226498
08-31 07:00:00,212.89767962597307
08-31 08:00:00,194.7296526100538
08-31 09:00:00,162.59214589263627
08-31 10:00:00,136.12346277077955
08-31 11:00:00,97.64384691243953
08-31 12:00:00,73.31398301918635
08-31 13:00:00,63.47085430112753
08-31 14:00:00,37.079857459007265
08-31 15:00:00,53.17429100653215
08-31 16:00:00,76.40003770958371
08-31 17:00:00,99.04475975065232
08-31 18:00:00,129.5715596610471
08-31 19:00:00,168.9325055545272
08-31 20:00:00,190.65465902123344
08-31 21:00:00,209.1715902179796
08-31 22:00:00,244.92145865928543
08-31 23:00:00,256.1106427522224
09-01 00:00:00,268.1799261032724
09-01 01:00:00,276.36279957937177
09-01 02:00:00,295.5333002142287
09-01 03:00:00,305.4321008579267
09-01 04:00:00,308.82569001378783
09-01 05:00:00,343.62504021491145
09-01 06:00:00,315.10840851357807
09-01 07:00:00,254.87170470982807
09-01 08:00:00,207.32838382858026
09-01 09:00:00,149.83362206644136
09-01 10:00:00,93.16344262774037
09-01 11:00:00,52.0791145658372
09-01 12:00:00,17.476413025285545
09-01 13:00:00,5.903318536116771
09-01 14:00:00,6.7875800170440534
09-01 15:00:00,9.344233004270386
09-01 16:00:00,12.020249712336932
09-01 17:00:00,18.814559799524016
09-01 18:00:00,88.35118495950987
09-01 19:00:00,128.8293118477004
09-01 20:00:00,159.45796903996668
09-01 21:00:00,183.39386857051372
09-01 22:00:00,223.54084593227304
09-01 23:00:00,246.90442903231997
09-02 00:00:00,263.98005878300444
09-02 01:00:00,289.3006859197105
09-02 02:00:00,306.10837625909
09-02 03:00:00,315.83891827649524
09-02 04:00:00,338.8287983840518
09-02 05:00:00,340.7563190986521
09-02 06:00:00,327.6895137703955
09-02 07:00:00,264.7958390288541
09-02 08:00:00,201.90325286736632
09-02 09:00:00,156.6996409440909
09-02 10:00:00,94.99478062880966
09-02 11:00:00,46.613960997875665
09-02 12:00:00,13.853107126777942
09-02 13:00:00,1.0330502375169353
09-02 14:00:00,1.2881275635075498
09-02 15:00:00,1.3831328274319838
09-02 16:00:00,1.5036121800899773
09-02 17:00:00,7.630771126453223
09-02 18:00:00,28.37789927242347
09-02 19:00:00,66.99103392501254
09-02 20:00:00,83.79320399532308
09-02 21:00:00,135.22079585443626
09-02 22:00:00,166.33022648117705
09-02 23:00:00,186.4999547073025
09-03 00:00:00,195.44941182847444
09-03 01:00:00,213.85063677315935
09-03 02:00:00,229.92353816746063
09-03 03:00:00,235.94573879233545
09-03 04:00:00,238.1507956879721
09-03 05:00:00,247.79100182614386
09-03 06:00:00,229.10427953411684
09-03 07:00:00,181.9779930138482
09-03 08:00:00,147.6740519657311
09-03 09:00:00,85.80538347628756
09-03 10:00:00,35.69255005205273
09-03 11:00:00,3.9591517952649258
09-03 12:00:00,1.8007447045943519
09-03 13:00:00,1.7004315214645873
09-03 14:00:00,1.7004315214645873
09-03 15:00:00,1.7004315214645873
09-03 16:00:00,1.8768253665474974
09-03 17:00:00,2.576466467892479
09-03 18:00:00,13.324497623235782
09-03 19:00:00,28.366452021033286
09-03 20:00:00,56.42095572306153
09-03 21:00:00,115.766420047127
09-03 22:00:00,143.3178880843071
09-03 23:00:00,168.02151681150954
09-04 00:00:00,191.99885277297375
09-04 01:00:00,204.04289768023938
09-04 02:00:00,218.80093817436446
09-04 03:00:00,227.25484745856605
09-04 04:00:00,236.36099531965334
09-04 05:00:00,251.17169001852014
09-04 06:00:00,247.18422007237078
09-04 07:00:00,179.26373986541032
09-04 08:00:00,117.02905591130161
09-04 09:00:00,56.27882101564775
09-04 10:00:00,9.862923225708363
09-04 11:00:00,1.9023480210312935
09-04 12:00:00,1.9794068137463336
09-04 13:00:00,2.162106479168697
09-04 14:00:00,2.057207177890533
09-04 15:00:00,2.1357560093764225
09-04 16:00:00,2.1094894745506263
09-04 17:00:00,2.1256943665404955
09-04 18:00:00,17.935355056645463
09-04 19:00:00,40.54125839115214
09-04 20:00:00,74.11013239419522
09-04 21:00:00,122.60067100687917
09-04 22:00:00,143.1310521471851
09-04 23:00:00,173.72395660097354
09-05 00:00:00,198.59129961651257
09-05 01:00:00,203.85431956301684
09-05 02:00:00,225.04763650718814
09-05 03:00:00,233.47137091102286
09-05 04:00:00,232.99252114296132
09-05 05:00:00,245.98862487106788
09-05 06:00:00,237.2974399898995
09-05 07:00:00,171.1000812961007
09-05 08:00:00,104.1948292004023
09-05 09:00:00,44.63639345609055
09-05 10:00:00,6.741205354960841
09-05 11:00:00,1.4310934337302887
09-05 12:00:00,1.5768301059457774
09-05 13:00:00,1.8007447045943519
09-05 14:00:00,1.8768253665474974
09-05 15:00:00,1.8007447045943519
09-05 16:00:00,1.8260239592884036
09-05 17:00:00,1.7755460823809275
09-05 18:00:00,17.660412320434318
09-05 19:00:00,31.245059531450035
09-05 20:00:00,49.335087401154155
09-05 21:00:00,89.9951145854919
09-05 22:00:00,137.46737768423571
09-05 23:00:00,152.667274824665
09-06 00:00:00,165.68752483711955
09-06 01:00:00,179.83526598622058
09-06 02:00:00,194.8847880274434
09-06 03:00:00,213.37367731399274
09-06 04:00:00,229.49941642465078
09-06 05:00:00,223.29074326968458
09-06 06:00:00,213.0313874831889
09-06 07:00:00,162.34014752333877
09-06 08:00:00,91.81773611042317
09-06 09:00:00,52.19438211445292
09-06 10:00:00,8.875235425811216
09-06 11:00:00,1.0787620505544013
09-06 12:00:00,1.7004315214645873
09-06 13:00:00,1.8513840963999972
09-06 14:00:00,1.7004315214645873
09-06 15:00:00,1.7253897390520163
09-06 16:00:00,1.7253897390520163
09-06 17:00:00,1.7500880957396316
09-06 18:00:00,14.456617044893738
09-06 19:00:00,28.5461526379629
09-06 20:00:00,41.23382702758464
09-06 21:00:00,70.82529662940581
09-06 22:00:00,126.62931288101986
09-06 23:00:00,138.69159200422013
09-07 00:00:00,152.73233619753788
09-07 01:00:00,174.51633100201593
09-07 02:00:00,178.6743877705002
09-07 03:00:00,193.84085889257466
09-07 04:00:00,213.62317211258005
09-07 05:00:00,224.24234599852193
09-07 06:00:00,213.556358621146
09-07 07:00:00,162.59713363906545
09-07 08:00:00,115.60876725768718
09-07 09:00:00,78.36247684465341
09-07 10:00:00,38.83337200789852
09-07 11:00:00,1.2881275635075498
09-07 12:00:00,1.3354781705611916
09-07 13:00:00,1.5768301059457774
09-07 14:00:00,1.5036121800899773
09-07 15:00:00,1.3831328274319838
09-07 16:00:00,1.8260239592884036
09-07 17:00:00,5.59393508560485
09-07 18:00:00,23.893974107554776
09-07 19:00:00,44.84465685932694
09-07 20:00:00,81.93864016129173
09-07 21:00:00,117.60831846052666
09-07 22:00:00,144.19910782366105
09-07 23:00:00,157.890172338848
09-08 00:00:00,171.90482027181042
09-08 01:00:00,176.7687426757784
09-08 02:00:00,204.42788152311562
09-08 03:00:00,212.3816014542507
09-08 04:00:00,221.1823667159812
09-08 05:00:00,230.22518401747791
09-08 06:00:00,224.1644549581322
09-08 07:00:00,168.86502170590268
09-08 08:00:00,111.6799694296814
09-08 09:00:00,62.0358544509597
09-08 10:00:00,19.27906153425392
09-08 11:00:00,0.9876303857300543
09-08 12:00:00,0.9425006749345123
09-08 13:00:00,0.7211412565449906
09-08 14:00:00,0.6993931826563411
09-08 15:00:00,0.5703595765312806
09-08 16:00:00,0.6993931826563411
09-08 17:00:00,1.0787620505544013
09-08 18:00:00,9.24907673970065
09-08 19:00:00,20.286025891345556
09-08 20:00:00,45.63537598050065
09-08 21:00:00,64.06997209911589
09-08 22:00:00,56.75209405863826
09-08 23:00:00,62.37983098309481
09-09 00:00:00,64.36572627928369
09-09 01:00:00,71.59611087966134
09-09 02:00:00,78.84651269858264
09-09 03:00:00,113.92709714465008
09-09 04:00:00,144.16829982789415
09-09 05:00:00,155.9467431485585
09-09 06:00:00,153.0263333126201
09-09 07:00:00,136.32156850310383
09-09 08:00:00,109.51077435099323
09-09 09:00:00,44.546116138534074
09-09 10:00:00,39.09427858697809
09-09 11:00:00,35.17982033065472
09-09 12:00:00,11.140385673257763
09-09 13:00:00,1.311764979115636
09-09 14:00:00,1.2410791173338727
09-09 15:00:00,2.423083613434549
09-09 16:00:00,3.0314304010754354
09-09 17:00:00,9.52767981247852
09-09 18:00:00,41.785475759053426
09-09 19:00:00,52.16546924804109
09-09 20:00:00,76.85124167775753
09-09 21:00:00,87.86101202488435
09-09 22:00:00,117.75361923994237
09-09 23:00:00,135.4644214070189
09-10 00:00:00,143.28773129540244
09-10 01:00:00,161.66792445736536
09-10 02:00:00,168.65063428296858
09-10 03:00:00,176.4413548737205
09-10 04:00:00,185.9275244254922
09-10 05:00:00,192.38788184442075
09-10 06:00:00,186.3486661152278
09-10 07:00:00,126.49186681035961
09-10 08:00:00,72.47241640631952
09-10 09:00:00,34.392088656135726
09-10 10:00:00,16.776774630862615
09-10 11:00:00,1.8260239592884036
09-10 12:00:00,1.9023480210312935
09-10 13:00:00,2.1094894745506263
09-10 14:00:00,4.192051161916819
09-10 15:00:00,5.65769164220133
09-10 16:00:00,7.164384363770005
09-10 17:00:00,24.08669125491929
09-10 18:00:00,83.07794647843656
09-10 19:00:00,121.0477390415953
09-10 20:00:00,141.30528686762173
09-10 21:00:00,147.79798718161035
09-10 22:00:00,153.60466259773392
09-10 23:00:00,158.85663507248316
09-11 00:00:00,175.19086227886348
09-11 01:00:00,191.5010212508709
09-11 02:00:00,187.54021095529407
09-11 03:00:00,185.84771730017042
09-11 04:00:00,191.6074696338964
09-11 05:00:00,186.94760532805736
09-11 06:00:00,179.55677937562152
09-11 07:00:00,155.4930585997136
09-11 08:00:00,99.80400337080262
09-11 09:00:00,46.03533527057271
09-11 10:00:00,4.131392372434695
09-11 11:00:00,1.953638491622789
09-11 12:00:00,1.9023480210312935
09-11 13:00:00,1.75042784339208
09-11 14:00:00,1.7004315214645873
09-11 15:00:00,1.5523460410334948
09-11 16:00:00,1.7253897390520163
09-11 17:00:00,4.125857182480149
09-11 18:00:00,57.498112958512834
09-11 19:00:00,71.63614937928511
09-11 20:00:00,77.40319184843523
09-11 21:00:00,75.88140793279548
09-11 22:00:00,103.26391028806484
09-11 23:00:00,109.10997932779306
09-12 00:00:00,133.18776602657573
09-12 01:00:00,160.701738832222
09-12 02:00:00,176.30051145036094
09-12 03:00:00,195.3180089563571
09-12 04:00:00,202.06959662824704
09-12 05:00:00,196.8695566514699
09-12 06:00:00,182.7225863514363
09-12 07:00:00,164.08514597601962
09-12 08:00:00,135.04237319368178
09-12 09:00:00,81.58251806988413
09-12 10:00:00,47.605018568521174
09-12 11:00:00,29.20223533714188
09-12 12:00:00,15.969913685183304
09-12 13:00:00,9.23980174496584
09-12 14:00:00,1.5768301059457774
09-12 15:00:00,3.6631052073840227
09-12 16:00:00,5.249482436954212
09-12 17:00:00,17.589487596635678
09-12 18:00:00,43.00165499403241
09-12 19:00:00,63.78368844416249
09-12 20:00:00,93.60927843892671
09-12 21:00:00,121.20919109066111
09-12 22:00:00,142.78894324054548
09-12 23:00:00,154.63896882854618
09-13 00:00:00,173.3388610819611
09-13 01:00:00,179.79962376054053
09-13 02:00:00,181.51935182691406
09-13 03:00:00,189.6587775276094
09-13 04:00:00,201.05593261761376
09-13 05:00:00,211.93809163694226
09-13 06:00:00,210.98778726338017
09-13 07:00:00,159.3501782684722
09-13 08:00:00,98.68357803227597
09-13 09:00:00,50.17644406380937
09-13 10:00:00,4.202830785862966
09-13 11:00:00,1.2881275635075498
09-13 12:00:00,1.0330502375169353
09-13 13:00:00,1.2176676171958765
09-13 14:00:00,1.75042784339208
09-13 15:00:00,1.5768301059457774
09-13 16:00:00,1.75042784339208
09-13 17:00:00,1.8260239592884036
09-13 18:00:00,12.739959623041084
09-13 19:00:00,18.330620165970497
09-13 20:00:00,23.57812424012705
09-13 21:00:00,77.07777733363415
09-13 22:00:00,96.49197854123044
09-13 23:00:00,98.73289366877634
09-14 00:00:00,115.57171768311268
09-14 01:00:00,123.62826207539443
09-14 02:00:00,139.36123958735
09-14 03:00:00,134.6495239324444
09-14 04:00:00,140.41899390805557
09-14 05:00:00,158.1086362445843
09-14 06:00:00,150.24647562884132
09-14 07:00:00,108.09539570895672
09-14 08:00:00,51.92579168900308
09-14 09:00:00,2.1593476239450853
09-14 10:00:00,1.0558695347040092
09-14 11:00:00,0.8309339135532696
09-14 12:00:00,0.5916930670426229
09-14 13:00:00,0.6993931826563411
09-14 14:00:00,0.7211412565449906
09-14 15:00:00,1.1247676555848773
09-14 16:00:00,1.3831328274319838
09-14 17:00:00,1.5768301059457774
09-14 18:00:00,5.061094906064668
09-14 19:00:00,12.923359154925963
09-14 20:00:00,18.203960443847635
09-14 21:00:00,39.07265095919698
09-14 22:00:00,42.225719748229764
09-14 23:00:00,30.030093204974712
09-15 00:00:00,43.64910978791299
09-15 01:00:00,59.2164386039709
09-15 02:00:00,78.15824619023284
09-15 03:00:00,82.56999960294381
09-15 04:00:00,81.10913937387078
09-15 05:00:00,83.39187154964105
09-15 06:00:00,81.82106636052087
09-15 07:00:00,70.16777243610215
09-15 08:00:00,53.05063492618123
09-15 09:00:00,40.559277804660326
09-15 10:00:00,3.260202051011384
09-15 11:00:00,1.4310934337302887
09-15 12:00:00,1.47936189976629
09-15 13:00:00,1.3354781705611916
09-15 14:00:00,6.828125546226336
09-15 15:00:00,22.411650927078448
09-15 16:00:00,18.78923993683096
09-15 17:00:00,31.919615078523464
09-15 18:00:00,45.06276270638666
09-15 19:00:00,58.109462651016585
09-15 20:00:00,56.73050099776675
09-15 21:00:00,79.41160608599517
09-15 22:00:00,91.07578557912763
09-15 23:00:00,102.14173094368458
09-16 00:00:00,94.89137093294195
09-16 01:00:00,100.17049868763169
09-16 02:00:00,97.20221344210087
09-16 03:00:00,97.68470609114297
09-16 04:00:00,103.17494929600527
09-16 05:00:00,93.67028813519127
09-16 06:00:00,98.58920510997719
09-16 07:00:00,81.43382098911296
09-16 08:00:00,57.14604897009156
09-16 09:00:00,62.39512928356517
09-16 10:00:00,37.55755692255732
09-16 11:00:00,17.508552987995706
09-16 12:00:00,11.243888058620053
09-16 13:00:00,22.728580847844565
09-16 14:00:00,39.21048125836379
09-16 15:00:00,63.22686751438811
09-16 16:00:00,82.2428609701373
09-16 17:00:00,106.78193596992976
09-16 18:00:00,111.10526771988116
09-16 19:00:00,122.2960851958171
09-16 20:00:00,134.31912590481303
09-16 21:00:00,152.23818217894635
09-16 22:00:00,153.35022417651476
09-16 23:00:00,160.5772642952276
09-17 00:00:00,173.14472622713052
09-17 01:00:00,179.70143360908443
09-17 02:00:00,194.62174078542844
09-17 03:00:00,202.69281790704497
09-17 04:00:00,199.90611452668182
09-17 05:00:00,206.87334751767725
09-17 06:00:00,213.61713017066282
09-17 07:00:00,179.53671497805496
09-17 08:00:00,145.0932439428551
09-17 09:00:00,112.7518816288464
09-17 10:00:00,92.85926529625668
09-17 11:00:00,63.37845769383905
09-17 12:00:00,42.93603007327279
09-17 13:00:00,27.968842935378937
09-17 14:00:00,14.21351416892739
09-17 15:00:00,18.943007184813336
09-17 16:00:00,37.294581146765424
09-17 17:00:00,85.59097177540107
09-17 18:00:00,106.7381671969638
09-17 19:00:00,125.39622898849461
09-17 20:00:00,147.6535518499984
09-17 21:00:00,160.55120467333475
09-17 22:00:00,188.52131396885187
09-17 23:00:00,209.4229544061411
09-18 00:00:00,227.09075028529818
09-18 01:00:00,247.40605305535513
09-18 02:00:00,265.9732634982691
09-18 03:00:00,282.986722365398
09-18 04:00:00,294.0288273213655
09-18 05:00:00,312.1811043465613
09-18 06:00:00,310.161246542267
09-18 07:00:00,264.92985504220314
09-18 08:00:00,220.39948852868653
09-18 09:00:00,183.5756344012384
09-18 10:00:00,127.99046602621952
09-18 11:00:00,74.15125535480105
09-18 12:00:00,23.77950321390212
09-18 13:00:00,7.692658038952119
09-18 14:00:00,8.631167976202477
09-18 15:00:00,15.659697683640612
09-18 16:00:00,27.66418716510696
09-18 17:00:00,84.74141159213835
09-18 18:00:00,110.60215224733257
09-18 19:00:00,142.9568132498099
09-18 20:00:00,151.26096527176685
09-18 21:00:00,165.23509359057738
09-18 22:00:00,216.01340144662984
09-18 23:00:00,239.3830596680623
09-19 00:00:00,251.35301900245193
09-19 01:00:00,255.30377589662433
09-19 02:00:00,271.4434322637293
09-19 03:00:00,282.5655064902035
09-19 04:00:00,293.7593993548227
09-19 05:00:00,297.8314683500825
09-19 06:00:00,280.3322818117181
09-19 07:00:00,265.90950788426164
09-19 08:00:00,254.15112237150436
09-19 09:00:00,265.0424112289692
09-19 10:00:00,258.603739730627
09-19 11:00:00,255.00292512278412
09-19 12:00:00,267.79953042616114
09-19 13:00:00,284.2953182914715
09-19 14:00:00,302.12821717200796
09-19 15:00:00,307.4252339911756
09-19 16:00:00,315.47531107920054
09-19 17:00:00,341.0782647490444
09-19 18:00:00,352.4614006046399
09-19 19:00:00,352.69261284610985
09-19 20:00:00,348.3978194470063
09-19 21:00:00,351.47872350016127
09-19 22:00:00,354.6015218219751
09-19 23:00:00,350.56543550727
09-20 00:00:00,350.0268359509567
09-20 01:00:00,349.49079378465945
09-20 02:00:00,352.2169420298251
09-20 03:00:00,348.75630093771247
09-20 04:00:00,345.1737113830515
09-20 05:00:00,344.50894442390995
09-20 06:00:00,343.68020528134815
09-20 07:00:00,333.82273068159896
09-20 08:00:00,314.2142558746373
09-20 09:00:00,282.433988544132
09-20 10:00:00,241.92080182506146
09-20 11:00:00,217.04901869385927
09-20 12:00:00,182.4163771842543
09-20 13:00:00,168.34699467502998
09-20 14:00:00,168.15280149530878
09-20 15:00:00,177.2212901793524
09-20 16:00:00,190.05426060228987
09-20 17:00:00,209.4233603839922
09-20 18:00:00,230.47155533224966
09-20 19:00:00,240.61027305262704
09-20 20:00:00,239.99321314778993
09-20 21:00:00,247.51986274363148
09-20 22:00:00,258.9747553794642
09-20 23:00:00,257.4977844933751
09-21 00:00:00,263.8155731515833
09-21 01:00:00,269.6996425187037
09-21 02:00:00,271.5268160893532
09-21 03:00:00,272.60807992588525
09-21 04:00:00,293.46253125641067
09-21 05:00:00,302.78403651247766
09-21 06:00:00,322.4865828385539
09-21 07:00:00,308.002777207844
09-21 08:00:00,243.1783489763383
09-21 09:00:00,185.04944628987008
09-21 10:00:00,142.57497643187415
09-21 11:00:00,108.23681034303299
09-21 12:00:00,87.5220267093336
09-21 13:00:00,64.91357277524656
09-21 14:00:00,70.4972093943874
09-21 15:00:00,78.65530297271874
09-21 16:00:00,92.7860083981483
09-21 17:00:00,141.27258835084984
09-21 18:00:00,176.7524426229296
09-21 19:00:00,180.72961320554063
09-21 20:00:00,197.20026135525234
09-21 21:00:00,224.75709196706052
09-21 22:00:00,260.7046789505608
09-21 23:00:00,290.60524171996366
09-22 00:00:00,334.0729885578267
09-22 01:00:00,355.212285030767
09-22 02:00:00,379.3845720633995
09-22 03:00:00,392.02719594301567
09-22 04:00:00,399.9695749752436
09-22 05:00:00,408.1183340110038
09-22 06:00:00,395.823596425559
09-22 07:00:00,368.9320526992047
09-22 08:00:00,336.95496183845603
09-22 09:00:00,286.33868697186625
09-22 10:00:00,239.18980440625543
09-22 11:00:00,201.7017072080185
09-22 12:00:00,171.951693541097
09-22 13:00:00,144.89779116852665
09-22 14:00:00,122.33205813252178
09-22 15:00:00,119.35526206696787
09-22 16:00:00,135.29463041688732
09-22 17:00:00,169.56750040681348
09-22 18:00:00,183.88653564524074
09-22 19:00:00,228.14009287004023
09-22 20:00:00,264.10868531134327
09-22 21:00:00,306.4735301621379
09-22 22:00:00,322.65678265002083
09-22 23:00:00,352.2216261958047
09-23 00:00:00,363.92460338760145
09-23 01:00:00,382.6729099567239
09-23 02:00:00,392.1316109459307
09-23 03:00:00,416.52918494061623
09-23 04:00:00,415.47680518469974
09-23 05:00:00,395.05957857443
09-23 06:00:00,374.98762080898445
09-23 07:00:00,367.13162008401673
09-23 08:00:00,300.89655185962033
09-23 09:00:00,240.29652379827365
09-23 10:00:00,214.7775038209648
09-23 11:00:00,191.66395420746983
09-23 12:00:00,146.87419934699534
09-23 13:00:00,108.2730533529737
09-23 14:00:00,79.85153245820358
09-23 15:00:00,62.19843659535781
09-23 16:00:00,81.1712218705266
09-23 17:00:00,112.28803725064816
09-23 18:00:00,140.01392492743676
09-23 19:00:00,158.09251835987544
09-23 20:00:00,205.64496610731902
09-23 21:00:00,227.8661525240056
09-23 22:00:00,247.10725957491363
09-23 23:00:00,258.0107089875914
09-24 00:00:00,277.5586515417737
09-24 01:00:00,298.03461966240144
09-24 02:00:00,302.3854276473841
09-24 03:00:00,308.464240115501
09-24 04:00:00,310.2982818476791
09-24 05:00:00,317.1985455101256
09-24 06:00:00,308.159499399022
09-24 07:00:00,300.389199272859
09-24 08:00:00,232.8650091638947
09-24 09:00:00,148.19332181236868
09-24 10:00:00,79.56154110847491
09-24 11:00:00,28.395626926811964
09-24 12:00:00,1.8312146425918063
09-24 13:00:00,1.311764979115636
09-24 14:00:00,1.3354781705611916
09-24 15:00:00,2.403546225326444
09-24 16:00:00,16.94859779031931
09-24 17:00:00,44.65812044077511
09-24 18:00:00,72.77280507062466
09-24 19:00:00,114.10605669259878
09-24 20:00:00,172.0087864086979
09-24 21:00:00,186.81597565089012
09-24 22:00:00,202.77286177589895
09-24 23:00:00,231.84430701295247
09-25 00:00:00,231.8963585669963
09-25 01:00:00,232.48180240496228
09-25 02:00:00,256.1770548143939
09-25 03:00:00,272.70820963991446
09-25 04:00:00,275.0008541763036
09-25 05:00:00,277.4234838249448
09-25 06:00:00,285.4157093610737
09-25 07:00:00,245.95132596198792
09-25 08:00:00,175.96367094905867
09-25 09:00:00,108.29355876883838
09-25 10:00:00,52.936213099536246
09-25 11:00:00,27.277478125636733
09-25 12:00:00,0.8753461669956022
09-25 13:00:00,0.656105738193241
09-25 14:00:00,0.7868055122884098
09-25 15:00:00,1.4392492198415816
09-25 16:00:00,1.8117385227347405
09-25 17:00:00,17.249075578342403
09-25 18:00:00,39.50810229639506
09-25 19:00:00,45.812007893838214
09-25 20:00:00,54.921824276854856
09-25 21:00:00,63.10071183130158
09-25 22:00:00,81.38452253493998
09-25 23:00:00,89.21395278218793
09-26 00:00:00,83.44324096935622
09-26 01:00:00,90.75478249558005
09-26 02:00:00,109.73751159667172
09-26 03:00:00,137.5915957082078
09-26 04:00:00,164.83491260439087
09-26 05:00:00,175.2077642548553
09-26 06:00:00,175.33625613735853
09-26 07:00:00,141.65185036502217
09-26 08:00:00,88.26040153058914
09-26 09:00:00,69.65557556944715
09-26 10:00:00,59.10283419943628
09-26 11:00:00,42.464415590016294
09-26 12:00:00,60.593792717907824
09-26 13:00:00,51.26048735720564
09-26 14:00:00,20.19689602962878
09-26 15:00:00,24.14393642958649
09-26 16:00:00,54.618276003333285
09-26 17:00:00,76.90320214205163
09-26 18:00:00,86.5235831650665
09-26 19:00:00,112.66270547839741
09-26 20:00:00,148.77321513877965
09-26 21:00:00,202.84400515118625
09-26 22:00:00,197.31958610586136
09-26 23:00:00,230.12865902425463
09-27 00:00:00,243.1330444467354
09-27 01:00:00,239.39275815053725
09-27 02:00:00,229.99361828062084
09-27 03:00:00,224.777166480296
09-27 04:00:00,225.05412167677542
09-27 05:00:00,240.84220579511694
09-27 06:00:00,248.69931198825722
09-27 07:00:00,226.10042343990386
09-27 08:00:00,166.5243271241891
09-27 09:00:00,99.56862955042239
09-27 10:00:00,56.77907782481746
09-27 11:00:00,23.77544430672544
09-27 12:00:00,6.385932684223933
09-27 13:00:00,2.8990523514039594
09-27 14:00:00,9.562928285304226
09-27 15:00:00,10.773002609999612
09-27 16:00:00,13.273142885080505
09-27 17:00:00,37.166824027795506
09-27 18:00:00,57.14873884281805
09-27 19:00:00,98.9110824251927
09-27 20:00:00,129.75412153343578
09-27 21:00:00,132.42422812910328
09-27 22:00:00,150.60755061609484
09-27 23:00:00,150.42059885978333
09-28 00:00:00,166.89263442625506
09-28 01:00:00,155.97542254895794
09-28 02:00:00,160.76647599497863
09-28 03:00:00,214.0644844286549
09-28 04:00:00,230.44198955821378
09-28 05:00:00,238.98107307091777
09-28 06:00:00,246.99224537261858
09-28 07:00:00,251.96197555441742
09-28 08:00:00,239.11089525870315
09-28 09:00:00,224.0324072439554
09-28 10:00:00,204.21758294202365
09-28 11:00:00,189.98757370216083
09-28 12:00:00,172.63202672457152
09-28 13:00:00,157.8930126750334
09-28 14:00:00,145.06387569717336
09-28 15:00:00,144.3225122405363
09-28 16:00:00,153.89778831520212
09-28 17:00:00,173.39452098331546
09-28 18:00:00,180.85891280277295
09-28 19:00:00,184.3400430244094
09-28 20:00:00,190.66729531401532
09-28 21:00:00,197.44222004310691
09-28 22:00:00,216.2519591664608
09-28 23:00:00,229.34039853364064
09-29 00:00:00,210.61171428729037
09-29 01:00:00,210.07167998224685
09-29 02:00:00,221.2205608682937
09-29 03:00:00,227.49101190793579
09-29 04:00:00,243.98173285047068
09-29 05:00:00,244.0107820529624
09-29 06:00:00,250.84757390793888
09-29 07:00:00,255.4921428807582
09-29 08:00:00,242.65494117749395
09-29 09:00:00,203.7754895850658
09-29 10:00:00,145.60050804814725
09-29 11:00:00,119.05412863959735
09-29 12:00:00,102.30839728965617
09-29 13:00:00,108.51195027645086
09-29 14:00:00,74.3648567857749
09-29 15:00:00,87.68534144712078
09-29 16:00:00,145.9586807189018
09-29 17:00:00,185.35142624457424
09-29 18:00:00,225.301407496768
09-29 19:00:00,286.8960460177208
09-29 20:00:00,308.0911115058889
09-29 21:00:00,329.9800150860167
09-29 22:00:00,332.8399853509543
09-29 23:00:00,351.8425960941213
09-30 00:00:00,365.10542070121556
09-30 01:00:00,391.1915197558193
09-30 02:00:00,389.81869737784467
09-30 03:00:00,391.1783305420369
09-30 04:00:00,383.03680804423374
09-30 05:00:00,398.4087504473772
09-30 06:00:00,406.9738471576349
09-30 07:00:00,405.200080387425
09-30 08:00:00,346.56608988716096
09-30 09:00:00,290.16100742371543
09-30 10:00:00,237.42698048343286
09-30 11:00:00,211.912811762
09-30 12:00:00,177.96045632728627
09-30 13:00:00,157.63015151698093
09-30 14:00:00,150.73785290687337
09-30 15:00:00,160.05011319323523
09-30 16:00:00,219.09766967779302
09-30 17:00:00,248.41995859727717
09-30 18:00:00,280.7013347817076
09-30 19:00:00,320.8610720391134
09-30 20:00:00,334.01440219679125
09-30 21:00:00,365.7750356157436
09-30 22:00:00,401.6397952527054
09-30 23:00:00,403.35350168464083
10-01 00:00:00,402.36102313548577
10-01 01:00:00,425.85230042206007
10-01 02:00:00,445.0647071786517
10-01 03:00:00,446.279928468668
10-01 04:00:00,470.00232964609773
10-01 05:00:00,479.63887742217713
10-01 06:00:00,475.61262580874904
10-01 07:00:00,422.2509893242663
10-01 08:00:00,325.847329917249
10-01 09:00:00,265.4514444480954
10-01 10:00:00,201.18040557816505
10-01 11:00:00,152.11955905946374
10-01 12:00:00,103.77506530884841
10-01 13:00:00,68.79826433593993
10-01 14:00:00,54.93286210047459
10-01 15:00:00,67.17538190119541
10-01 16:00:00,102.37790885453856
10-01 17:00:00,129.65436004852037
10-01 18:00:00,163.509794669634
10-01 19:00:00,228.89024584953955
10-01 20:00:00,233.76199693369085
10-01 21:00:00,238.72013209803941
10-01 22:00:00,249.6451263269675
10-01 23:00:00,248.98617384807932
10-02 00:00:00,252.98128636873747
10-02 01:00:00,254.85416803495232
10-02 02:00:00,250.67770443471855
10-02 03:00:00,240.88552399623367
10-02 04:00:00,244.60261082341515
10-02 05:00:00,266.6650920261041
10-02 06:00:00,272.51451782606705
10-02 07:00:00,240.05564783283785
10-02 08:00:00,204.75739846094098
10-02 09:00:00,155.00797425084744
10-02 10:00:00,88.08303525876177
10-02 11:00:00,25.162948804027724
10-02 12:00:00,1.8994568416976785
10-02 13:00:00,1.8768253665474974
10-02 14:00:00,2.5279394467261374
10-02 15:00:00,2.1357560093764225
10-02 16:00:00,34.33735897705638
10-02 17:00:00,60.936508418802475
10-02 18:00:00,112.38283142914744
10-02 19:00:00,155.6823184858146
10-02 20:00:00,153.03520387017466
10-02 21:00:00,149.19952317468852
10-02 22:00:00,132.04390882372022
10-02 23:00:00,137.46334253875781
10-03 00:00:00,134.7654411971792
10-03 01:00:00,129.47999794074633
10-03 02:00:00,193.65130648936605
10-03 03:00:00,193.65130648936605
10-03 04:00:00,201.97441367369228
10-03 05:00:00,190.39065602740763
10-03 06:00:00,201.74732574348673
10-03 07:00:00,181.08626020424302
10-03 08:00:00,131.22072208544114
10-03 09:00:00,92.23125365569585
10-03 10:00:00,35.83057179170261
10-03 11:00:00,19.763372155972064
10-03 12:00:00,1.8007447045943519
10-03 13:00:00,1.953638491622789
10-03 14:00:00,1.953638491622789
10-03 15:00:00,1.9794068137463336
10-03 16:00:00,7.040322178358775
10-03 17:00:00,36.10604995410911
10-03 18:00:00,87.6582835964693
10-03 19:00:00,125.62245238344798
10-03 20:00:00,137.96270412790085
10-03 21:00:00,163.11540120767182
10-03 22:00:00,238.57304053659797
10-03 23:00:00,280.2057397725395
10-04 00:00:00,297.43915074286474
10-04 01:00:00,300.0292927435648
10-04 02:00:00,297.7900150473987
10-04 03:00:00,307.6841853431904
10-04 04:00:00,314.5030672474842
10-04 05:00:00,348.86507099957464
10-04 06:00:00,357.44545500941854
10-04 07:00:00,358.5405108333722
10-04 08:00:00,344.1799548286773
10-04 09:00:00,335.1706886437056
10-04 10:00:00,326.0278842538676
10-04 11:00:00,312.86736526758904
10-04 12:00:00,294.3593925375038
10-04 13:00:00,256.45856895483445
10-04 14:00:00,245.34276279765632
10-04 15:00:00,237.52023376653688
10-04 16:00:00,258.1996230577328
10-04 17:00:00,266.9149562065894
10-04 18:00:00,278.38322940111124
10-04 19:00:00,271.84835913398854
10-04 20:00:00,278.6691873322789
10-04 21:00:00,278.5522938238431
10-04 22:00:00,292.44791591864913
10-04 23:00:00,301.24248571312063
10-05 00:00:00,305.15626852274903
10-05 01:00:00,305.8063334889177
10-05 02:00:00,308.6193534160496
10-05 03:00:00,314.5541400885204
10-05 04:00:00,322.4043711084226
10-05 05:00:00,328.283660811712
10-05 06:00:00,330.3686472709228
10-05 07:00:00,319.4558370640413
10-05 08:00:00,304.3625390256345
10-05 09:00:00,283.22966942835797
10-05 10:00:00,270.81536512227643
10-05 11:00:00,257.9403281784128
10-05 12:00:00,255.16709681090384
10-05 13:00:00,255.76281157004985
10-05 14:00:00,263.1066415537705
10-05 15:00:00,250.01068182519722
10-05 16:00:00,255.19472130203485
10-05 17:00:00,267.8706103007905
10-05 18:00:00,283.8015877481709
10-05 19:00:00,282.6345152508017
10-05 20:00:00,285.8473992178172
10-05 21:00:00,293.75911065322987
10-05 22:00:00,343.12045366279943
10-05 23:00:00,334.0202545609323
10-06 00:00:00,331.72041778561965
10-06 01:00:00,340.5532058395995
10-06 02:00:00,355.21932726883716
10-06 03:00:00,378.13299992344486
10-06 04:00:00,378.6608322386555
10-06 05:00:00,376.20374725894897
10-06 06:00:00,391.1380945364033
10-06 07:00:00,403.12831439455687
10-06 08:00:00,428.68277943583365
10-06 09:00:00,399.076077712617
10-06 10:00:00,357.2973825463823
10-06 11:00:00,301.4517811761324
10-06 12:00:00,364.3898449153961
10-06 13:00:00,329.55174975081235
10-06 14:00:00,395.22623566204305
10-06 15:00:00,375.21498322872174
10-06 16:00:00,399.37720777167675
10-06 17:00:00,404.3371127275029
10-06 18:00:00,410.4297020327644
10-06 19:00:00,410.7458424111594
10-06 20:00:00,421.9046761175225
10-06 21:00:00,425.6653027503494
10-06 22:00:00,431.40603468134697
10-06 23:00:00,442.8928720798668
10-07 00:00:00,465.26150349729824
10-07 01:00:00,457.69454380375305
10-07 02:00:00,456.2203314950886
10-07 03:00:00,449.3069873869638
10-07 04:00:00,453.3633252514793
10-07 05:00:00,453.0757888748959
10-07 06:00:00,460.65947464429206
10-07 07:00:00,449.0606807597864
10-07 08:00:00,402.8300872132379
10-07 09:00:00,385.4866338131806
10-07 10:00:00,355.13247956290144
10-07 11:00:00,330.0347356116146
10-07 12:00:00,316.2164633831279
10-07 13:00:00,301.0762727332066
10-07 14:00:00,278.534757517928
10-07 15:00:00,297.99498739597595
10-07 16:00:00,318.8468711731725
10-07 17:00:00,321.67291483767923
10-07 18:00:00,327.44592464831044
10-07 19:00:00,333.507807675318
10-07 20:00:00,356.26626363751666
10-07 21:00:00,404.6655444344555
10-07 22:00:00,418.01854587681044
10-07 23:00:00,435.03187760038304
10-08 00:00:00,455.8004613696702
10-08 01:00:00,473.3944629872198
10-08 02:00:00,475.49577527697966
10-08 03:00:00,489.49562930818195
10-08 04:00:00,505.2257981156372
10-08 05:00:00,492.0149039124113
10-08 06:00:00,486.7309114680413
10-08 07:00:00,472.31248614137814
10-08 08:00:00,412.1582343448805
10-08 09:00:00,364.4251393341747
10-08 10:00:00,318.5224827348812
10-08 11:00:00,278.01842278580546
10-08 12:00:00,246.86786157571436
10-08 13:00:00,216.05353587205397
10-08 14:00:00,198.0707172750985
10-08 15:00:00,222.50887395626995
10-08 16:00:00,232.64133337439165
10-08 17:00:00,240.3447037615404
10-08 18:00:00,234.9235466313392
10-08 19:00:00,253.4457192861226
10-08 20:00:00,295.1638295404803
10-08 21:00:00,319.89168593180233
10-08 22:00:00,329.85089194584674
10-08 23:00:00,350.45162249902233
10-09 00:00:00,387.7764131919707
10-09 01:00:00,422.1977640916264
10-09 02:00:00,427.1911303798575
10-09 03:00:00,420.0710041973187
10-09 04:00:00,412.94863099719424
10-09 05:00:00,410.97214658773754
10-09 06:00:00,405.25525987066527
10-09 07:00:00,396.94517440704504
10-09 08:00:00,380.0833881668163
10-09 09:00:00,374.7846517348119
10-09 10:00:00,365.68156184537094
10-09 11:00:00,350.10311635490876
10-09 12:00:00,340.89409460570823
10-09 13:00:00,323.0145140369423
10-09 14:00:00,309.6444745804951
10-09 15:00:00,289.85491009363295
10-09 16:00:00,302.87081672756835
10-09 17:00:00,320.4155740328623
10-09 18:00:00,353.679058124932
10-09 19:00:00,372.1814423209352
10-09 20:00:00,390.5202729035752
10-09 21:00:00,426.9292517406636
10-09 22:00:00,465.5640853519087
10-09 23:00:00,508.5257966935927
10-10 00:00:00,527.9473231946088
10-10 01:00:00,544.9085984266151
10-10 02:00:00,548.7688858123661
10-10 03:00:00,536.5273356084969
10-10 04:00:00,525.1397266965221
10-10 05:00:00,519.1248380455822
10-10 06:00:00,519.9400153383057
10-10 07:00:00,522.6390982192393
10-10 08:00:00,500.56755732556184
10-10 09:00:00,478.2135397392267
10-10 10:00:00,448.142902382075
10-10 11:00:00,422.6786900734957
10-10 12:00:00,404.8289341595634
10-10 13:00:00,384.3442134076227
10-10 14:00:00,356.9711969520744
10-10 15:00:00,357.12740894866977
10-10 16:00:00,415.44575457486224
10-10 17:00:00,453.34855080447477
10-10 18:00:00,478.9096658651617
10-10 19:00:00,516.0206548778715
10-10 20:00:00,575.2131204069992
10-10 21:00:00,582.2201325464914
10-10 22:00:00,626.4420164911103
10-10 23:00:00,643.0684895250674
10-11 00:00:00,670.4500417323715
10-11 01:00:00,689.6870845555018
10-11 02:00:00,698.1898650649896
10-11 03:00:00,708.6303871350009
10-11 04:00:00,714.5663151996833
10-11 05:00:00,728.3111358171867
10-11 06:00:00,756.8850761475757
10-11 07:00:00,717.7611027822516
10-11 08:00:00,618.2037681415137
10-11 09:00:00,525.1595072146564
10-11 10:00:00,475.4725538733695
10-11 11:00:00,402.2031383827149
10-11 12:00:00,371.41934940717124
10-11 13:00:00,334.42735776306876
10-11 14:00:00,315.67322562889507
10-11 15:00:00,329.0466770341349
10-11 16:00:00,368.9308082732082
10-11 17:00:00,404.8160578717247
10-11 18:00:00,412.4732576260847
10-11 19:00:00,460.80039674975114
10-11 20:00:00,464.5646654821214
10-11 21:00:00,484.4983551148267
10-11 22:00:00,486.8714892850661
10-11 23:00:00,536.9942561017141
10-12 00:00:00,570.3713377960071
10-12 01:00:00,582.6939448600368
10-12 02:00:00,604.00042481773
10-12 03:00:00,620.3386684328051
10-12 04:00:00,607.4505905652152
10-12 05:00:00,613.4131178541799
10-12 06:00:00,608.1249483084231
10-12 07:00:00,576.3356796823739
10-12 08:00:00,533.866624775437
10-12 09:00:00,519.5990484468065
10-12 10:00:00,475.36007757135167
10-12 11:00:00,432.6818439849448
10-12 12:00:00,407.95155146210067
10-12 13:00:00,386.60909228060996
10-12 14:00:00,377.8589701518416
10-12 15:00:00,369.50778256563507
10-12 16:00:00,389.4455284373923
10-12 17:00:00,415.29696867150227
10-12 18:00:00,431.8846725096906
10-12 19:00:00,448.45566886420505
10-12 20:00:00,448.60058455766057
10-12 21:00:00,456.15479825591086
10-12 22:00:00,464.83070575431555
10-12 23:00:00,471.9685080144235
10-13 00:00:00,478.4303557014813
10-13 01:00:00,477.73106192149754
10-13 02:00:00,486.2323337570248
10-13 03:00:00,494.1851420526509
10-13 04:00:00,496.1506759074409
10-13 05:00:00,503.83752397756194
10-13 06:00:00,501.0005527341135
10-13 07:00:00,510.52920676852943
10-13 08:00:00,496.9336031257198
10-13 09:00:00,462.61339963728784
10-13 10:00:00,426.7571470564723
10-13 11:00:00,411.0789071601145
10-13 12:00:00,362.4511423967196
10-13 13:00:00,333.90758894818924
10-13 14:00:00,341.73916904964466
10-13 15:00:00,368.2373606570591
10-13 16:00:00,406.67273711707384
10-13 17:00:00,445.20701722844694
10-13 18:00:00,497.75417792492243
10-13 19:00:00,517.0936133326836
10-13 20:00:00,589.2248746454421
10-13 21:00:00,594.2666803391718
10-13 22:00:00,639.466202582051
10-13 23:00:00,657.1928909819228
10-14 00:00:00,664.7800722371768
10-14 01:00:00,710.6395645745239
10-14 02:00:00,724.1056782454291
10-14 03:00:00,727.3569901260076
10-14 04:00:00,730.1350349946725
10-14 05:00:00,744.2459449301757
10-14 06:00:00,753.4665534361445
10-14 07:00:00,722.7500067314929
10-14 08:00:00,632.8444484680531
10-14 09:00:00,544.9192687392889
10-14 10:00:00,450.03612263005806
10-14 11:00:00,379.91208177132114
10-14 12:00:00,325.31283662044206
10-14 13:00:00,298.4694903129442
10-14 14:00:00,284.82527916762905
10-14 15:00:00,330.1057687264972
10-14 16:00:00,369.36779235090387
10-14 17:00:00,396.8660025518971
10-14 18:00:00,446.01734243962335
10-14 19:00:00,497.96226559402146
10-14 20:00:00,542.5470255763133
10-14 21:00:00,564.4094150240908
10-14 22:00:00,569.9239561572994
10-14 23:00:00,594.2574218948538
10-15 00:00:00,610.7852017317131
10-15 01:00:00,605.0971411136053
10-15 02:00:00,638.9478343248776
10-15 03:00:00,665.2716109077148
10-15 04:00:00,645.5361205723975
10-15 05:00:00,699.8790814315472
10-15 06:00:00,684.4855687841931
10-15 07:00:00,662.1920720953499
10-15 08:00:00,548.3918798404799
10-15 09:00:00,471.8076290263712
10-15 10:00:00,377.4191525086696
10-15 11:00:00,298.82178636142
10-15 12:00:00,243.5085375048412
10-15 13:00:00,220.80563765217195
10-15 14:00:00,219.9823806007313
10-15 15:00:00,235.33877865334992
10-15 16:00:00,284.1795732500339
10-15 17:00:00,316.1764280104204
10-15 18:00:00,321.28221001331127
10-15 19:00:00,390.58814391178424
10-15 20:00:00,405.63324398537475
10-15 21:00:00,415.36986104639476
10-15 22:00:00,454.86639893413553
10-15 23:00:00,484.1222815491776
10-16 00:00:00,507.2339934405567
10-16 01:00:00,528.2218746655841
10-16 02:00:00,555.5202620127831
10-16 03:00:00,573.1095261275548
10-16 04:00:00,582.5199399452811
10-16 05:00:00,591.1273512792919
10-16 06:00:00,614.8125451179733
10-16 07:00:00,586.2581870639112
10-16 08:00:00,506.09582280546863
10-16 09:00:00,469.108831650947
10-16 10:00:00,399.06960791503656
10-16 11:00:00,338.96776994800166
10-16 12:00:00,314.6848843094576
10-16 13:00:00,290.6418956839895
10-16 14:00:00,271.5675452807835
10-16 15:00:00,289.267264262836
10-16 16:00:00,345.8163136507227
10-16 17:00:00,364.13433877625033
10-16 18:00:00,380.45793548695366
10-16 19:00:00,407.1068491496612
10-16 20:00:00,447.60908821732676
10-16 21:00:00,484.4159048515869
10-16 22:00:00,509.33255755129244
10-16 23:00:00,505.8482838930406
10-17 00:00:00,517.0090242774104
10-17 01:00:00,538.2601542681946
10-17 02:00:00,558.2696024579378
10-17 03:00:00,572.7195663647377
10-17 04:00:00,577.8109130636371
10-17 05:00:00,594.4956618688808
10-17 06:00:00,626.8415124538209
10-17 07:00:00,613.411734261738
10-17 08:00:00,550.219404899129
10-17 09:00:00,464.152715131085
10-17 10:00:00,404.8192659901035
10-17 11:00:00,328.0020096378044
10-17 12:00:00,276.65189905377
10-17 13:00:00,247.44742454751585
10-17 14:00:00,241.97579505336955
10-17 15:00:00,256.23221553825573
10-17 16:00:00,289.37902349191006
10-17 17:00:00,329.0619778713805
10-17 18:00:00,370.85762578225365
10-17 19:00:00,416.97712548776053
10-17 20:00:00,440.6946318461561
10-17 21:00:00,463.4502640478737
10-17 22:00:00,491.14271651773333
10-17 23:00:00,502.06769959304853
10-18 00:00:00,511.08732244767936
10-18 01:00:00,511.5249008522786
10-18 02:00:00,517.1962855473656
10-18 03:00:00,525.6346542416086
10-18 04:00:00,525.7875595451112
10-18 05:00:00,539.1640973138782
10-18 06:00:00,552.0961345109652
10-18 07:00:00,546.1184809613012
10-18 08:00:00,457.39902600350064
10-18 09:00:00,364.7651622953097
10-18 10:00:00,300.89380179394595
10-18 11:00:00,231.70985993484248
10-18 12:00:00,189.46780462918207
10-18 13:00:00,173.7925966671181
10-18 14:00:00,173.27856799792454
10-18 15:00:00,184.87198415336454
10-18 16:00:00,228.59399858746517
10-18 17:00:00,271.09125669359173
10-18 18:00:00,343.42865701720024
10-18 19:00:00,368.9866750342116
10-18 20:00:00,393.8586845043988
10-18 21:00:00,395.1983342191092
10-18 22:00:00,423.9057713034833
10-18 23:00:00,435.8218809847839
10-19 00:00:00,466.671899549916
10-19 01:00:00,471.7981429074887
10-19 02:00:00,468.15461276169617
10-19 03:00:00,456.1545356433405
10-19 04:00:00,440.77075132662253
10-19 05:00:00,431.20328799264536
10-19 06:00:00,424.4694190732826
10-19 07:00:00,416.4061441186476
10-19 08:00:00,388.6361450189122
10-19 09:00:00,344.48250880095435
10-19 10:00:00,276.2529604831032
10-19 11:00:00,234.31209145998815
10-19 12:00:00,193.89263794236115
10-19 13:00:00,157.80425660077623
10-19 14:00:00,154.3801273296673
10-19 15:00:00,157.36498998810123
10-19 16:00:00,176.34397708005815
10-19 17:00:00,215.50496192615284
10-19 18:00:00,247.7677671064795
10-19 19:00:00,265.93962404922735
10-19 20:00:00,263.2121375279371
10-19 21:00:00,321.4139786596117
10-19 22:00:00,326.80132955146087
10-19 23:00:00,343.68024653801467
10-20 00:00:00,354.05153800418293
10-20 01:00:00,378.24975470883027
10-20 02:00:00,386.3778113133128
10-20 03:00:00,407.6404950721152
10-20 04:00:00,429.7868249001708
10-20 05:00:00,428.83976863402773
10-20 06:00:00,429.7348881667384
10-20 07:00:00,386.7380619042066
10-20 08:00:00,345.69761328298324
10-20 09:00:00,255.4835370346861
10-20 10:00:00,172.09982178010887
10-20 11:00:00,121.59212760122192
10-20 12:00:00,107.49269694989273
10-20 13:00:00,89.09443915138557
10-20 14:00:00,102.83694268597834
10-20 15:00:00,125.56234266799952
10-20 16:00:00,144.46561224683654
10-20 17:00:00,188.84308717185226
10-20 18:00:00,248.9749129409021
10-20 19:00:00,257.4702914182273
10-20 20:00:00,277.99872448195885
10-20 21:00:00,282.3621649659744
10-20 22:00:00,270.9329844870359
10-20 23:00:00,270.2064772601795
10-21 00:00:00,249.98519625628987
10-21 01:00:00,204.85541645231862
10-21 02:00:00,227.9216674375327
10-21 03:00:00,202.55283656844713
10-21 04:00:00,229.7660983659765
10-21 05:00:00,268.09398072088
10-21 06:00:00,287.5265882798947
10-21 07:00:00,308.4476713932079
10-21 08:00:00,288.14039729241426
10-21 09:00:00,304.66582866186184
10-21 10:00:00,284.9159694187254
10-21 11:00:00,254.46012746122258
10-21 12:00:00,221.4032023884621
10-21 13:00:00,215.92260645473823
10-21 14:00:00,191.6444419220242
10-21 15:00:00,201.16398491876294
10-21 16:00:00,272.6365269003618
10-21 17:00:00,310.4613829213334
10-21 18:00:00,345.9366743119463
10-21 19:00:00,360.0682844362273
10-21 20:00:00,379.1589301284015
10-21 21:00:00,381.3913258207026
10-21 22:00:00,397.80570441243077
10-21 23:00:00,415.5256497496941
10-22 00:00:00,366.19823138944827
10-22 01:00:00,409.3149778784796
10-22 02:00:00,434.1720243603562
10-22 03:00:00,432.1220543195013
10-22 04:00:00,421.1303498988935
10-22 05:00:00,437.7448986114339
10-22 06:00:00,433.55881753672986
10-22 07:00:00,414.98880211724867
10-22 08:00:00,403.6525888525077
10-22 09:00:00,402.00801457748315
10-22 10:00:00,454.09771242481673
10-22 11:00:00,474.6861209882818
10-22 12:00:00,478.12058957316253
10-22 13:00:00,483.48016945544373
10-22 14:00:00,466.8704919842539
10-22 15:00:00,461.083288116963
10-22 16:00:00,468.87222882389824
10-22 17:00:00,481.96850275876886
10-22 18:00:00,527.1580669185529
10-22 19:00:00,537.3618414014616
10-22 20:00:00,524.6935980214905
10-22 21:00:00,520.5394794706818
10-22 22:00:00,524.3679551442774
10-22 23:00:00,554.4008178671004
10-23 00:00:00,558.9961077587384
10-23 01:00:00,559.5063870276538
10-23 02:00:00,596.3168736343321
10-23 03:00:00,596.0902055636647
10-23 04:00:00,656.7337467389116
10-23 05:00:00,683.0092207925721
10-23 06:00:00,665.2310402048062
10-23 07:00:00,663.4859541045926
10-23 08:00:00,600.8913254272302
10-23 09:00:00,531.004156931243
10-23 10:00:00,453.6852468819484
10-23 11:00:00,389.48598379955916
10-23 12:00:00,352.20379265532694
10-23 13:00:00,325.05490688038657
10-23 14:00:00,331.9041263512716
10-23 15:00:00,373.11507425943967
10-23 16:00:00,409.0083442671245
10-23 17:00:00,447.4097702538263
10-23 18:00:00,486.79864192585063
10-23 19:00:00,509.1213220341264
10-23 20:00:00,558.7321049642275
10-23 21:00:00,592.4346671968234
10-23 22:00:00,621.1425861885348
10-23 23:00:00,643.2612121642517
10-24 00:00:00,658.4717862101044
10-24 01:00:00,683.2624638291064
10-24 02:00:00,694.4139594077616
10-24 03:00:00,694.0071799409162
10-24 04:00:00,710.6994826636379
10-24 05:00:00,733.3532119714747
10-24 06:00:00,739.9877153355769
10-24 07:00:00,726.0862408871709
10-24 08:00:00,666.948428592291
10-24 09:00:00,543.6401884068342
10-24 10:00:00,462.1583375347451
10-24 11:00:00,414.7145294790657
10-24 12:00:00,344.58322088878293
10-24 13:00:00,301.6496680851152
10-24 14:00:00,294.8751037014729
10-24 15:00:00,332.43696448358753
10-24 16:00:00,377.0612789522632
10-24 17:00:00,405.33935797336335
10-24 18:00:00,442.8691287250503
10-24 19:00:00,492.37913554560043
10-24 20:00:00,512.383683777196
10-24 21:00:00,547.9646827206436
10-24 22:00:00,542.1673974184565
10-24 23:00:00,539.2935834214327
10-25 00:00:00,543.5813162653722
10-25 01:00:00,538.7463447431459
10-25 02:00:00,547.1180821119722
10-25 03:00:00,558.4042164451567
10-25 04:00:00,559.7296580046979
10-25 05:00:00,569.081307075422
10-25 06:00:00,592.2641065800359
10-25 07:00:00,591.1714650851716
10-25 08:00:00,546.1459853195298
10-25 09:00:00,464.7083790730824
10-25 10:00:00,403.06138636007915
10-25 11:00:00,368.7837611712206
10-25 12:00:00,333.956814945948
10-25 13:00:00,284.351616708304
10-25 14:00:00,256.3061239407668
10-25 15:00:00,260.9105459956733
10-25 16:00:00,289.556255074059
10-25 17:00:00,341.45244631034876
10-25 18:00:00,413.01401423438335
10-25 19:00:00,447.98391728481545
10-25 20:00:00,463.63361590706614
10-25 21:00:00,491.601222363543
10-25 22:00:00,503.4519493069785
10-25 23:00:00,523.8355582186152
10-26 00:00:00,537.8662243000754
10-26 01:00:00,535.5559569953698
10-26 02:00:00,526.5429646994365
10-26 03:00:00,495.6733805207623
10-26 04:00:00,485.6128145350506
10-26 05:00:00,501.78458757001005
10-26 06:00:00,503.53423983545855
10-26 07:00:00,516.1483313060738
10-26 08:00:00,505.7305147007071
10-26 09:00:00,474.27326952096837
10-26 10:00:00,408.59291929786605
10-26 11:00:00,367.1934874005934
10-26 12:00:00,332.72902775300116
10-26 13:00:00,300.1916847740749
10-26 14:00:00,263.16094029974477
10-26 15:00:00,273.1292115209417
10-26 16:00:00,300.55189473834247
10-26 17:00:00,329.5176378934559
10-26 18:00:00,348.83945171642046
10-26 19:00:00,382.4670963975545
10-26 20:00:00,432.3138242578664
10-26 21:00:00,442.3878766631206
10-26 22:00:00,484.52405795974215
10-26 23:00:00,496.65651665642287
10-27 00:00:00,516.6196102669929
10-27 01:00:00,529.4105495868969
10-27 02:00:00,527.4165655900508
10-27 03:00:00,557.8055767529671
10-27 04:00:00,557.2422690495163
10-27 05:00:00,563.9782737625594
10-27 06:00:00,602.5749030568957
10-27 07:00:00,582.7989538273654
10-27 08:00:00,551.5356086921818
10-27 09:00:00,495.8467763180159
10-27 10:00:00,416.63274502136966
10-27 11:00:00,363.9161035715584
10-27 12:00:00,343.2854076754891
10-27 13:00:00,342.25802735254547
10-27 14:00:00,332.69528074474016
10-27 15:00:00,368.0051073700574
10-27 16:00:00,409.329677141772
10-27 17:00:00,422.15801268505106
10-27 18:00:00,447.97371538198144
10-27 19:00:00,485.24295453396246
10-27 20:00:00,515.3517521849188
10-27 21:00:00,546.1019046550491
10-27 22:00:00,566.3607452606713
10-27 23:00:00,576.0513751220406
10-28 00:00:00,573.5919110766009
10-28 01:00:00,587.0905689231691
10-28 02:00:00,623.6674216989072
10-28 03:00:00,652.2956316586419
10-28 04:00:00,655.2241263539248
10-28 05:00:00,689.1360095964379
10-28 06:00:00,709.8966412506805
10-28 07:00:00,696.8093511991054
10-28 08:00:00,626.4854514322793
10-28 09:00:00,561.3125999967133
10-28 10:00:00,509.92021130148936
10-28 11:00:00,429.16219913621484
10-28 12:00:00,345.90627393728136
10-28 13:00:00,300.5977260362945
10-28 14:00:00,282.41286892739436
10-28 15:00:00,305.44439486078284
10-28 16:00:00,330.2432347527289
10-28 17:00:00,387.85123942878437
10-28 18:00:00,437.39385144763133
10-28 19:00:00,472.8532713630133
10-28 20:00:00,498.94760543417584
10-28 21:00:00,524.1198565225368
10-28 22:00:00,540.4356691488274
10-28 23:00:00,565.935156019062
10-29 00:00:00,587.1091109464539
10-29 01:00:00,600.542905634514
10-29 02:00:00,618.0520745161737
10-29 03:00:00,647.691304907524
10-29 04:00:00,614.8704957579165
10-29 05:00:00,648.0791052445691
10-29 06:00:00,665.6476760868271
10-29 07:00:00,654.3888968281954
10-29 08:00:00,604.138656479863
10-29 09:00:00,506.89341824739057
10-29 10:00:00,474.35429782714147
10-29 11:00:00,459.1340830902111
10-29 12:00:00,444.03886637026295
10-29 13:00:00,425.3963673910311
10-29 14:00:00,400.8235028919684
10-29 15:00:00,369.92733213255167
10-29 16:00:00,397.74200829861627
10-29 17:00:00,443.736453119361
10-29 18:00:00,451.26295619642167
10-29 19:00:00,483.6646134331356
10-29 20:00:00,508.3844634742762
10-29 21:00:00,543.6758758227452
10-29 22:00:00,562.0175171252766
10-29 23:00:00,562.2929362069837
10-30 00:00:00,577.257538970637
10-30 01:00:00,606.9425587563037
10-30 02:00:00,602.9074909909596
10-30 03:00:00,626.3503630090287
10-30 04:00:00,634.7370214384271
10-30 05:00:00,639.1836785804104
10-30 06:00:00,640.4339219168877
10-30 07:00:00,633.9954923236796
10-30 08:00:00,534.4770148018592
10-30 09:00:00,497.1295102314878
10-30 10:00:00,496.4891337454498
10-30 11:00:00,484.5044225209566
10-30 12:00:00,466.83388067760956
10-30 13:00:00,432.4196503509942
10-30 14:00:00,381.99129295109975
10-30 15:00:00,336.37030517364525
10-30 16:00:00,363.7162249219063
10-30 17:00:00,383.18224469670275
10-30 18:00:00,391.32483633498776
10-30 19:00:00,384.435203070056
10-30 20:00:00,396.2009482634895
10-30 21:00:00,401.39949403607767
10-30 22:00:00,383.68597391282793
10-30 23:00:00,378.6269112054875
10-31 00:00:00,372.6519020203858
10-31 01:00:00,363.628884569566
10-31 02:00:00,364.3932484818002
10-31 03:00:00,376.8536499678916
10-31 04:00:00,405.7366395938008
10-31 05:00:00,423.7293148361041
10-31 06:00:00,452.451561050387
10-31 07:00:00,443.1382765835041
10-31 08:00:00,379.7077688765156
10-31 09:00:00,325.0883884387668
10-31 10:00:00,265.8732994116515
10-31 11:00:00,190.55867615565427
10-31 12:00:00,157.4676671807698
10-31 13:00:00,119.57036147640753
10-31 14:00:00,128.58918114475853
10-31 15:00:00,157.941304128546
10-31 16:00:00,211.7991681362389
10-31 17:00:00,252.01577570830028
10-31 18:00:00,295.93253342927966
10-31 19:00:00,284.5108252129451
10-31 20:00:00,336.10178849851326
10-31 21:00:00,334.03270275154506
10-31 22:00:00,337.8215260423685
10-31 23:00:00,356.80301094585906
11-01 00:00:00,345.700288508745
11-01 01:00:00,346.0260468531615
11-01 02:00:00,365.36935248099354
11-01 03:00:00,344.67325380898995
11-01 04:00:00,327.38082811975835
11-01 05:00:00,312.08186894403764
11-01 06:00:00,334.2407510900916
11-01 07:00:00,389.7215606222959
11-01 08:00:00,417.5593862443697
11-01 09:00:00,428.55600297009636
11-01 10:00:00,429.2039547125432
11-01 11:00:00,434.89036416933357
11-01 12:00:00,432.19399785706736
11-01 13:00:00,429.512371544278
11-01 14:00:00,424.50255991007606
11-01 15:00:00,440.35652944707874
11-01 16:00:00,449.5845883063497
11-01 17:00:00,449.45147488608325
11-01 18:00:00,482.49650136444734
11-01 19:00:00,480.1797133218414
11-01 20:00:00,489.1244572118517
11-01 21:00:00,503.94531138598967
11-01 22:00:00,534.0834863009987
11-01 23:00:00,542.821177687842
11-02 00:00:00,549.3434374179651
11-02 01:00:00,551.1099250104171
11-02 02:00:00,520.041632400773
11-02 03:00:00,528.6766203571552
11-02 04:00:00,534.2936029688728
11-02 05:00:00,564.2508268008908
11-02 06:00:00,580.7194231763567
11-02 07:00:00,551.221808269715
11-02 08:00:00,532.0679131101331
11-02 09:00:00,509.8410790694621
11-02 10:00:00,481.94017061507276
11-02 11:00:00,450.86175126486813
11-02 12:00:00,415.675155258506
11-02 13:00:00,404.970036081307
11-02 14:00:00,479.92999281999494
11-02 15:00:00,489.44532532573203
11-02 16:00:00,504.0201937638175
11-02 17:00:00,534.2520771874953
11-02 18:00:00,572.6222003078643
11-02 19:00:00,594.1625211802128
11-02 20:00:00,615.3260310352963
11-02 21:00:00,647.78809974471
11-02 22:00:00,656.3967900659895
11-02 23:00:00,652.9059299477054
11-03 00:00:00,636.9839451510485
11-03 01:00:00,663.4281221018397
11-03 02:00:00,649.4933357937082
11-03 03:00:00,639.2873892149972
11-03 04:00:00,656.5366372667703
11-03 05:00:00,662.7701026069645
11-03 06:00:00,682.6631414556972
11-03 07:00:00,681.4975831168406
11-03 08:00:00,643.1266442607441
11-03 09:00:00,597.4944514530016
11-03 10:00:00,587.4079116239939
11-03 11:00:00,542.5257948207669
11-03 12:00:00,524.761985012318
11-03 13:00:00,530.1569028300354
11-03 14:00:00,527.4004655528687
11-03 15:00:00,530.3002906126663
11-03 16:00:00,518.4569780672765
11-03 17:00:00,532.3170303143643
11-03 18:00:00,550.37378365451
11-03 19:00:00,559.4014056939606
11-03 20:00:00,576.544500223113
11-03 21:00:00,565.3864840196427
11-03 22:00:00,578.519515502529
11-03 23:00:00,609.0172350240664
11-04 00:00:00,614.9130076689669
11-04 01:00:00,617.9192451264398
11-04 02:00:00,621.0443645764648
11-04 03:00:00,618.5324693802786
11-04 04:00:00,616.4973889947562
11-04 05:00:00,613.0481926896678
11-04 06:00:00,593.4094631551204
11-04 07:00:00,582.8782226790918
11-04 08:00:00,595.3174040443171
11-04 09:00:00,603.8269410697282
11-04 10:00:00,606.8299856788597
11-04 11:00:00,566.1136375202612
11-04 12:00:00,513.6118791732522
11-04 13:00:00,491.3413063799279
11-04 14:00:00,569.546783880737
11-04 15:00:00,562.6253949411126
11-04 16:00:00,575.6173249839838
11-04 17:00:00,598.6088820542215
11-04 18:00:00,623.4903279585737
11-04 19:00:00,620.1667760063197
11-04 20:00:00,646.4715453346264
11-04 21:00:00,651.5346113782274
11-04 22:00:00,662.3504897673756
11-04 23:00:00,666.6924151791662
11-05 00:00:00,666.8211543664153
11-05 01:00:00,665.6388032871128
11-05 02:00:00,664.5373332258519
11-05 03:00:00,682.6786746556567
11-05 04:00:00,681.2966057725604
11-05 05:00:00,680.4041331986585
11-05 06:00:00,680.7818639756501
11-05 07:00:00,670.5676706425496
11-05 08:00:00,633.8299086987574
11-05 09:00:00,576.6801173899432
11-05 10:00:00,533.1804736919416
11-05 11:00:00,510.83506300420214
11-05 12:00:00,471.446448264703
11-05 13:00:00,456.9234171097908
11-05 14:00:00,457.7855461186503
11-05 15:00:00,479.87758288894355
11-05 16:00:00,529.5833717285676
11-05 17:00:00,577.9431632937225
11-05 18:00:00,589.1672209852309
11-05 19:00:00,623.3374924302323
11-05 20:00:00,641.0356995707583
11-05 21:00:00,697.0964588169567
11-05 22:00:00,720.4058590034342
11-05 23:00:00,738.4435039966694
11-06 00:00:00,746.7117398256714
11-06 01:00:00,754.5126168830693
11-06 02:00:00,793.7796004656418
11-06 03:00:00,790.667267024912
11-06 04:00:00,815.986416463584
11-06 05:00:00,822.77337895391
11-06 06:00:00,818.4501861948227
11-06 07:00:00,829.4581700195354
11-06 08:00:00,799.5970937564992
11-06 09:00:00,708.80370093108
11-06 10:00:00,631.0760536202928
11-06 11:00:00,577.3328232729981
11-06 12:00:00,531.7828014815358
11-06 13:00:00,516.9154299403962
11-06 14:00:00,519.4344946487574
11-06 15:00:00,559.5907824228384
11-06 16:00:00,599.2394918789756
11-06 17:00:00,620.5007015407897
11-06 18:00:00,650.7435236072066
11-06 19:00:00,723.1290213157158
11-06 20:00:00,747.7832932642439
11-06 21:00:00,774.066776483877
11-06 22:00:00,798.371073281048
11-06 23:00:00,803.7539353356991
11-07 00:00:00,819.376404162906
11-07 01:00:00,826.6133864954542
11-07 02:00:00,854.5006372830653
11-07 03:00:00,891.4355807409445
11-07 04:00:00,893.9346538711228
11-07 05:00:00,878.7553822962271
11-07 06:00:00,884.7800351269698
11-07 07:00:00,895.2663889490126
11-07 08:00:00,841.2885881819383
11-07 09:00:00,764.5613445815391
11-07 10:00:00,660.6884511574972
11-07 11:00:00,602.273855890226
11-07 12:00:00,506.5139566481409
11-07 13:00:00,473.3526865491128
11-07 14:00:00,467.3384081265635
11-07 15:00:00,510.08362087262776
11-07 16:00:00,543.2269894724341
11-07 17:00:00,523.8475552186144
11-07 18:00:00,556.0062013791745
11-07 19:00:00,535.616354075345
11-07 20:00:00,554.507155925843
11-07 21:00:00,579.232383240201
11-07 22:00:00,560.6286037466879
11-07 23:00:00,601.3888137749528
11-08 00:00:00,599.7711690561612
11-08 01:00:00,616.6939668211282
11-08 02:00:00,637.5930394889868
11-08 03:00:00,672.3575684016332
11-08 04:00:00,676.5557299312898
11-08 05:00:00,673.2757496031452
11-08 06:00:00,685.012413883017
11-08 07:00:00,675.0782308214808
11-08 08:00:00,662.5581864769532
11-08 09:00:00,629.7213158870576
11-08 10:00:00,582.7243593889797
11-08 11:00:00,544.5433167675518
11-08 12:00:00,507.89480021063144
11-08 13:00:00,476.8256985905849
11-08 14:00:00,451.9024720021839
11-08 15:00:00,457.53033633482477
11-08 16:00:00,482.4202986996015
11-08 17:00:00,496.9877082030906
11-08 18:00:00,502.783701191117
11-08 19:00:00,516.0753869211453
11-08 20:00:00,575.8733841755148
11-08 21:00:00,616.8048438152384
11-08 22:00:00,635.2759955375285
11-08 23:00:00,656.744085025367
11-09 00:00:00,690.8918731549197
11-09 01:00:00,727.2089096931047
11-09 02:00:00,746.2040026646899
11-09 03:00:00,738.022063055855
11-09 04:00:00,741.6604971357589
11-09 05:00:00,747.4264159482136
11-09 06:00:00,793.3802004244114
11-09 07:00:00,801.4019590716564
11-09 08:00:00,784.2606772875414
11-09 09:00:00,674.2205974613039
11-09 10:00:00,629.0205046464522
11-09 11:00:00,567.8572221465502
11-09 12:00:00,539.5764606320017
11-09 13:00:00,525.6329401616603
11-09 14:00:00,533.1617757972856
11-09 15:00:00,567.1725071697762
11-09 16:00:00,581.8416904201263
11-09 17:00:00,593.1553704228592
11-09 18:00:00,607.2815983602172
11-09 19:00:00,655.1081835310011
11-09 20:00:00,676.660054416839
11-09 21:00:00,650.7093543488908
11-09 22:00:00,677.8023288209238
11-09 23:00:00,675.9801120847916
11-10 00:00:00,702.1068756157275
11-10 01:00:00,707.8460477142634
11-10 02:00:00,712.619965466197
11-10 03:00:00,715.2622553116806
11-10 04:00:00,737.092645579904
11-10 05:00:00,721.0096388883951
11-10 06:00:00,714.0974901042862
11-10 07:00:00,707.8031921176414
11-10 08:00:00,681.0134095427757
11-10 09:00:00,637.0452430021331
11-10 10:00:00,584.2271370628339
11-10 11:00:00,552.9712928777192
11-10 12:00:00,533.9390820534969
11-10 13:00:00,536.7209581770408
11-10 14:00:00,526.8019215951997
11-10 15:00:00,541.883600809346
11-10 16:00:00,554.226986186639
11-10 17:00:00,577.7152699006476
11-10 18:00:00,614.746540496397
11-10 19:00:00,622.5716164790208
11-10 20:00:00,638.1036652720958
11-10 21:00:00,653.0452226777204
11-10 22:00:00,667.0562517261454
11-10 23:00:00,674.498052050425
11-11 00:00:00,654.5023551721602
11-11 01:00:00,676.0484725038336
11-11 02:00:00,674.3128212280025
11-11 03:00:00,670.5185936375019
11-11 04:00:00,677.6236143229065
11-11 05:00:00,680.8209505931956
11-11 06:00:00,682.8973028563395
11-11 07:00:00,689.1090430642187
11-11 08:00:00,669.7710195364202
11-11 09:00:00,632.8168554729004
11-11 10:00:00,602.2497145238192
11-11 11:00:00,576.953137874393
11-11 12:00:00,553.0970666560179
11-11 13:00:00,538.9559346470693
11-11 14:00:00,507.245507284735
11-11 15:00:00,512.8242750923309
11-11 16:00:00,532.361007248491
11-11 17:00:00,572.3212407069014
11-11 18:00:00,610.081610349833
11-11 19:00:00,612.4889205072042
11-11 20:00:00,610.7430895992903
11-11 21:00:00,630.565272463584
11-11 22:00:00,653.2848965420374
11-11 23:00:00,653.3936124608556
11-12 00:00:00,656.8664546112427
11-12 01:00:00,656.94894991317
11-12 02:00:00,658.5398866184877
11-12 03:00:00,665.9383823862614
11-12 04:00:00,680.3171194450158
11-12 05:00:00,693.1780900140503
11-12 06:00:00,695.9275912035333
11-12 07:00:00,676.6972862344902
11-12 08:00:00,668.087876298764
11-12 09:00:00,639.5341549913318
11-12 10:00:00,609.3899573383339
11-12 11:00:00,598.6526936846384
11-12 12:00:00,595.9631799388399
11-12 13:00:00,578.8111225152678
11-12 14:00:00,579.2820107841766
11-12 15:00:00,587.6425991821225
11-12 16:00:00,609.811668319918
11-12 17:00:00,635.4042655630308
11-12 18:00:00,646.4045068566785
11-12 19:00:00,655.8976014983584
11-12 20:00:00,679.3766936937653
11-12 21:00:00,694.8172748248242
11-12 22:00:00,689.2027469104247
11-12 23:00:00,688.9475200908398
11-13 00:00:00,683.7642441902784
11-13 01:00:00,685.4819266585522
11-13 02:00:00,699.0694286238373
11-13 03:00:00,692.1501475780444
11-13 04:00:00,701.1041921412443
11-13 05:00:00,705.4633903362234
11-13 06:00:00,699.4648707865788
11-13 07:00:00,685.3413304522339
11-13 08:00:00,653.5719292221171
11-13 09:00:00,595.9180476497507
11-13 10:00:00,584.718427533399
11-13 11:00:00,576.2111033398478
11-13 12:00:00,568.3179261846998
11-13 13:00:00,552.284070594317
11-13 14:00:00,549.5837582305325
11-13 15:00:00,547.8619923665295
11-13 16:00:00,537.8203638190345
11-13 17:00:00,529.3320890396317
11-13 18:00:00,525.666130023169
11-13 19:00:00,525.8181176071311
11-13 20:00:00,525.3808724402811
11-13 21:00:00,523.8303505367951
11-13 22:00:00,520.6110621033201
11-13 23:00:00,521.9000708918999
11-14 00:00:00,520.1174589767603
11-14 01:00:00,524.0619124653681
11-14 02:00:00,532.8513094632107
11-14 03:00:00,543.5106663886992
11-14 04:00:00,555.9760663996777
11-14 05:00:00,555.2831431503663
11-14 06:00:00,559.7388279086925
11-14 07:00:00,555.9760663996777
11-14 08:00:00,545.7575518189486
11-14 09:00:00,522.9485100122913
11-14 10:00:00,512.3115309995287
11-14 11:00:00,492.89843991044984
11-14 12:00:00,479.5194883980665
11-14 13:00:00,460.39249084539404
11-14 14:00:00,453.61443751186255
11-14 15:00:00,455.12716030470466
11-14 16:00:00,482.43469791570845
11-14 17:00:00,507.3864889589329
11-14 18:00:00,543.9973915041359
11-14 19:00:00,546.908466521748
11-14 20:00:00,529.6984202736222
11-14 21:00:00,519.3340408755706
11-14 22:00:00,509.5353655120253
11-14 23:00:00,538.5187371935208
11-15 00:00:00,547.0846655896136
11-15 01:00:00,551.5990409244076
11-15 02:00:00,563.4910699382588
11-15 03:00:00,558.850955510555
11-15 04:00:00,551.8923329154259
11-15 05:00:00,567.5653103027953
11-15 06:00:00,583.3664014085589
11-15 07:00:00,590.6584118411977
11-15 08:00:00,577.4100006050891
11-15 09:00:00,547.4577111053626
11-15 10:00:00,522.7737333797611
11-15 11:00:00,505.3770537739564
11-15 12:00:00,493.84439076072454
11-15 13:00:00,496.76373961840056
11-15 14:00:00,503.33560349191066
11-15 15:00:00,504.3798358177761
11-15 16:00:00,511.28089363178543
11-15 17:00:00,522.5955225850568
11-15 18:00:00,531.5443516969552
11-15 19:00:00,541.443927271943
11-15 20:00:00,554.9589960877121
11-15 21:00:00,563.8667183878956
11-15 22:00:00,573.5372528482477
11-15 23:00:00,585.2299602507622
11-16 00:00:00,594.2249169958932
11-16 01:00:00,606.0341192822734
11-16 02:00:00,610.8913440713051
11-16 03:00:00,610.3701882439826
11-16 04:00:00,610.7546675985197
11-16 05:00:00,606.4800892806292
11-16 06:00:00,603.738601428513
11-16 07:00:00,604.6788824678455
11-16 08:00:00,598.5871309171455
11-16 09:00:00,592.5727238655736
11-16 10:00:00,586.5328238963427
11-16 11:00:00,581.8419852624455
11-16 12:00:00,574.4884286379836
11-16 13:00:00,572.1440153616222
11-16 14:00:00,572.0518728321463
11-16 15:00:00,576.9007857076635
11-16 16:00:00,589.2604393294212
11-16 17:00:00,589.732201076127
11-16 18:00:00,599.615174075856
11-16 19:00:00,599.8309573984428
11-16 20:00:00,600.1929678207554
11-16 21:00:00,596.0830238671331
11-16 22:00:00,598.5304302219082
11-16 23:00:00,603.5612032667241
11-17 00:00:00,607.7306965656385
11-17 01:00:00,616.2349088044523
11-17 02:00:00,621.0182851793
11-17 03:00:00,625.2300088423303
11-17 04:00:00,628.4517815477291
11-17 05:00:00,633.352319913396
11-17 06:00:00,642.2405727228573
11-17 07:00:00,647.2303288580569
11-17 08:00:00,647.6987943253054
11-17 09:00:00,642.434352207741
11-17 10:00:00,636.0090706030417
11-17 11:00:00,627.7353808049292
11-17 12:00:00,628.1914170762653
11-17 13:00:00,631.829447712265
11-17 14:00:00,629.1349962943733
11-17 15:00:00,639.1208363079271
11-17 16:00:00,655.1967688487232
11-17 17:00:00,655.7488363747755
11-17 18:00:00,660.7181637863541
11-17 19:00:00,666.0243121778433
11-17 20:00:00,666.0604775694726
11-17 21:00:00,663.1162190188663
11-17 22:00:00,658.5123457611435
11-17 23:00:00,658.8545454554542
11-18 00:00:00,651.1770485413466
11-18 01:00:00,669.0964761598461
11-18 02:00:00,692.374667226634
11-18 03:00:00,678.5433056479068
11-18 04:00:00,687.0250498196879
11-18 05:00:00,685.2044400598916
11-18 06:00:00,683.5037079069118
11-18 07:00:00,680.3012177275415
11-18 08:00:00,689.9732674302098
11-18 09:00:00,663.1000379208025
11-18 10:00:00,604.3630186540261
11-18 11:00:00,549.6196438211578
11-18 12:00:00,527.8136899390643
11-18 13:00:00,506.3220251188859
11-18 14:00:00,514.8447040463494
11-18 15:00:00,521.2548553575399
11-18 16:00:00,523.7931451544076
11-18 17:00:00,535.4817979185168
11-18 18:00:00,547.017680362587
11-18 19:00:00,561.0545382261273
11-18 20:00:00,593.0482111002186
11-18 21:00:00,616.4342666132903
11-18 22:00:00,659.669914169218
11-18 23:00:00,689.7868939073841
11-19 00:00:00,718.1782512663966
11-19 01:00:00,737.8708927569177
11-19 02:00:00,748.330729960177
11-19 03:00:00,764.7419395361784
11-19 04:00:00,772.4817404230151
11-19 05:00:00,769.3255011499489
11-19 06:00:00,785.4436222349298
11-19 07:00:00,779.2924338073235
11-19 08:00:00,758.5113739241234
11-19 09:00:00,714.0626215645415
11-19 10:00:00,670.1994388781803
11-19 11:00:00,640.5662237260876
11-19 12:00:00,620.0618223920613
11-19 13:00:00,616.3095618799944
11-19 14:00:00,617.2316805988654
11-19 15:00:00,619.0647738453897
11-19 16:00:00,652.0296701485222
11-19 17:00:00,669.7653796170741
11-19 18:00:00,691.8083282125232
11-19 19:00:00,697.9257343811688
11-19 20:00:00,707.2193611725731
11-19 21:00:00,703.6570139664033
11-19 22:00:00,710.713187287182
11-19 23:00:00,719.8584385743654
11-20 00:00:00,739.7351869752509
11-20 01:00:00,739.2026948606668
11-20 02:00:00,742.7232177760293
11-20 03:00:00,751.9230261637606
11-20 04:00:00,761.8707173053899
11-20 05:00:00,762.7606604559486
11-20 06:00:00,778.8838092404142
11-20 07:00:00,786.4998064036283
11-20 08:00:00,781.2468749105443
11-20 09:00:00,761.2351844020394
11-20 10:00:00,740.5202972925605
11-20 11:00:00,717.4176909138763
11-20 12:00:00,696.7506448625771
11-20 13:00:00,694.5790530214626
11-20 14:00:00,697.6386258258776
11-20 15:00:00,707.4640030629124
11-20 16:00:00,722.4218211186856
11-20 17:00:00,740.2395207517764
11-20 18:00:00,764.4329399570958
11-20 19:00:00,783.4277268047083
11-20 20:00:00,786.2625102471181
11-20 21:00:00,791.6307860059266
11-20 22:00:00,795.5960205778968
11-20 23:00:00,793.2471602887844
11-21 00:00:00,802.0878528143764
11-21 01:00:00,790.677949402883
11-21 02:00:00,813.9965155350054
11-21 03:00:00,830.0919187404028
11-21 04:00:00,826.9225353615806
11-21 05:00:00,830.4845265850579
11-21 06:00:00,826.6513088226507
11-21 07:00:00,823.3043429759597
11-21 08:00:00,822.7654266961599
11-21 09:00:00,778.2153509837564
11-21 10:00:00,733.625166858756
11-21 11:00:00,696.7965263078663
11-21 12:00:00,677.5177160934447
11-21 13:00:00,667.8393435880463
11-21 14:00:00,655.7261247061205
11-21 15:00:00,678.4995032005157
11-21 16:00:00,721.4023028204931
11-21 17:00:00,773.3495382500099
11-21 18:00:00,746.2283876927941
11-21 19:00:00,686.1873813368738
11-21 20:00:00,667.6447379471568
11-21 21:00:00,692.7784390195184
11-21 22:00:00,675.0469811157456
11-21 23:00:00,658.1372264674886
11-22 00:00:00,663.0938487243188
11-22 01:00:00,664.0762414732088
11-22 02:00:00,659.0097433802416
11-22 03:00:00,655.2791490773392
11-22 04:00:00,649.5106812007418
11-22 05:00:00,644.3911034414037
11-22 06:00:00,655.6294656850878
11-22 07:00:00,664.9688660175485
11-22 08:00:00,672.638959606114
11-22 09:00:00,671.1661038506726
11-22 10:00:00,656.7401723780412
11-22 11:00:00,647.2764435521593
11-22 12:00:00,643.5350837870468
11-22 13:00:00,642.3292618414616
11-22 14:00:00,636.5473149459668
11-22 15:00:00,631.6268335367284
11-22 16:00:00,626.9690793070969
11-22 17:00:00,617.2424652799627
11-22 18:00:00,612.7045133629351
11-22 19:00:00,612.9482485777762
11-22 20:00:00,617.261889461236
11-22 21:00:00,617.4233057096847
11-22 22:00:00,616.5190450284805
11-22 23:00:00,617.3886431956735
11-23 00:00:00,617.2702490516272
11-23 01:00:00,617.7208973885024
11-23 02:00:00,621.9217046625938
11-23 03:00:00,622.6661105963221
11-23 04:00:00,633.5788368122177
11-23 05:00:00,632.4089136398165
11-23 06:00:00,634.0400699886364
11-23 07:00:00,639.8079418408731
11-23 08:00:00,638.4733149418506
11-23 09:00:00,629.0007498354757
11-23 10:00:00,631.888512873428
11-23 11:00:00,633.5053172308907
11-23 12:00:00,631.4255536954315
11-23 13:00:00,626.244504597956
11-23 14:00:00,630.5051732973164
11-23 15:00:00,631.1660171722795
11-23 16:00:00,641.9645644458357
11-23 17:00:00,648.1253202458089
11-23 18:00:00,652.6106297468178
11-23 19:00:00,655.547269357061
11-23 20:00:00,650.7687835643204
11-23 21:00:00,650.1686654299689
11-23 22:00:00,651.5621284196103
11-23 23:00:00,654.989300630983
11-24 00:00:00,655.6660409269884
11-24 01:00:00,660.5432467934576
11-24 02:00:00,663.3165360629137
11-24 03:00:00,674.4698294512307
11-24 04:00:00,679.1331373660438
11-24 05:00:00,684.0982613425808
11-24 06:00:00,684.5633106970945
11-24 07:00:00,695.6137998690403
11-24 08:00:00,697.8032949278808
11-24 09:00:00,691.5746474766983
11-24 10:00:00,679.8055851100205
11-24 11:00:00,669.6876611571657
11-24 12:00:00,660.5216029782184
11-24 13:00:00,656.0846522169049
11-24 14:00:00,660.4374695239609
11-24 15:00:00,661.4134413934053
11-24 16:00:00,678.3301899509818
11-24 17:00:00,693.3820832811979
11-24 18:00:00,699.0588545121896
11-24 19:00:00,728.7230327320069
11-24 20:00:00,739.1123976291564
11-24 21:00:00,733.9540976382524
11-24 22:00:00,740.5557905092193
11-24 23:00:00,749.7751655366153
11-25 00:00:00,751.7748686561433
11-25 01:00:00,769.208671703109
11-25 02:00:00,780.6232080735714
11-25 03:00:00,789.6246666791288
11-25 04:00:00,803.2410581556054
11-25 05:00:00,802.8574262134279
11-25 06:00:00,811.5492313864954
11-25 07:00:00,824.0786388109582
11-25 08:00:00,817.8824809836465
11-25 09:00:00,815.7441736943964
11-25 10:00:00,803.0415797875029
11-25 11:00:00,773.5076985931477
11-25 12:00:00,752.0733094069471
11-25 13:00:00,741.7211496861302
11-25 14:00:00,735.8816357213526
11-25 15:00:00,730.5800555775987
11-25 16:00:00,722.7943534996002
11-25 17:00:00,718.5057629849089
11-25 18:00:00,717.9919242527744
11-25 19:00:00,717.1021660071881
11-25 20:00:00,716.3263342836088
11-25 21:00:00,721.5829494785658
11-25 22:00:00,730.226660440887
11-25 23:00:00,748.4773070398375
11-26 00:00:00,762.97902671615
11-26 01:00:00,774.8602489297089
11-26 02:00:00,786.4098341843955
11-26 03:00:00,787.8639543881267
11-26 04:00:00,799.3108530270389
11-26 05:00:00,809.7929324702412
11-26 06:00:00,838.992870305059
11-26 07:00:00,864.3324037356296
11-26 08:00:00,866.8749944365474
11-26 09:00:00,864.1299788146353
11-26 10:00:00,861.7342921728431
11-26 11:00:00,852.8733806849967
11-26 12:00:00,834.7664416707534
11-26 13:00:00,835.308969231962
11-26 14:00:00,839.4379288843801
11-26 15:00:00,838.5589442692345
11-26 16:00:00,844.8871785314184
11-26 17:00:00,847.4183571787645
11-26 18:00:00,841.4166054936867
11-26 19:00:00,850.8781946055034
11-26 20:00:00,863.3682886878395
11-26 21:00:00,879.3740099425204
11-26 22:00:00,896.7442100556196
11-26 23:00:00,892.3068311794947
11-27 00:00:00,891.9238120155213
11-27 01:00:00,905.0953709300828
11-27 02:00:00,914.9212724608165
11-27 03:00:00,913.7380692932943
11-27 04:00:00,928.6468311378658
11-27 05:00:00,898.4853101165945
11-27 06:00:00,893.5914738508113
11-27 07:00:00,887.4290527604793
11-27 08:00:00,864.3292822926163
11-27 09:00:00,859.2402915589497
11-27 10:00:00,817.1148721167569
11-27 11:00:00,758.2383446886348
11-27 12:00:00,703.1789344996139
11-27 13:00:00,726.6037749240389
11-27 14:00:00,731.2927409086996
11-27 15:00:00,793.4414605948548
11-27 16:00:00,806.0939581189183
11-27 17:00:00,810.1252139526829
11-27 18:00:00,802.9918799622367
11-27 19:00:00,826.3493658384532
11-27 20:00:00,839.0918852036342
11-27 21:00:00,835.9317382582782
11-27 22:00:00,779.11923012143
11-27 23:00:00,808.028788444667
11-28 00:00:00,840.408762374818
11-28 01:00:00,864.4054139974805
11-28 02:00:00,859.5184794800427
11-28 03:00:00,867.429515937325
11-28 04:00:00,881.858674495334
11-28 05:00:00,883.3123677982684
11-28 06:00:00,889.1782378373224
11-28 07:00:00,882.2907978098883
11-28 08:00:00,865.3500270133177
11-28 09:00:00,846.2537881719296
11-28 10:00:00,814.0662855118899
11-28 11:00:00,774.1954225087476
11-28 12:00:00,772.4974556926703
11-28 13:00:00,762.6900038365171
11-28 14:00:00,777.3003132849195
11-28 15:00:00,782.5725422323566
11-28 16:00:00,817.3576824075722
11-28 17:00:00,860.2090786929185
11-28 18:00:00,874.0780240981477
11-28 19:00:00,883.8898638842153
11-28 20:00:00,879.0149289551296
11-28 21:00:00,855.1632996952864
11-28 22:00:00,850.1557615153131
11-28 23:00:00,841.1882870625344
11-29 00:00:00,856.0539620300821
11-29 01:00:00,872.4930459436872
11-29 02:00:00,874.4201384654327
11-29 03:00:00,870.7778129052366
11-29 04:00:00,871.823397763569
11-29 05:00:00,887.9356492475348
11-29 06:00:00,897.8759564797804
11-29 07:00:00,890.6055810458352
11-29 08:00:00,895.3837167634699
11-29 09:00:00,883.1606684079042
11-29 10:00:00,873.3446629841428
11-29 11:00:00,894.0843432701878
11-29 12:00:00,873.9974209072153
11-29 13:00:00,845.6969882098574
11-29 14:00:00,854.916093395388
11-29 15:00:00,906.6634818410976
11-29 16:00:00,952.6302386015606
11-29 17:00:00,976.1253834238377
11-29 18:00:00,937.851217609407
11-29 19:00:00,912.2585137890306
11-29 20:00:00,903.5456668301455
11-29 21:00:00,919.7405476259457
11-29 22:00:00,955.0533127439552
11-29 23:00:00,949.1379798323948
11-30 00:00:00,939.6566273669267
11-30 01:00:00,944.3115942966397
11-30 02:00:00,947.4053337453203
11-30 03:00:00,946.4290496164707
11-30 04:00:00,946.3775792955198
11-30 05:00:00,948.965703178509
11-30 06:00:00,955.1257857879066
11-30 07:00:00,935.3001864985125
11-30 08:00:00,932.6561468461791
11-30 09:00:00,920.1031594714378
11-30 10:00:00,915.9537610221864
11-30 11:00:00,922.1543983674292
11-30 12:00:00,925.5429748429171
11-30 13:00:00,914.9505240169817
11-30 14:00:00,916.5281006071774
11-30 15:00:00,924.0151238752358
11-30 16:00:00,919.0465540280532
11-30 17:00:00,911.2964572088181
11-30 18:00:00,892.2701217133032
11-30 19:00:00,878.5189347657936
11-30 20:00:00,865.468328199651
11-30 21:00:00,852.2977339502988
11-30 22:00:00,839.1696545677371
11-30 23:00:00,831.6135028317765
12-01 00:00:00,848.8942509587499
12-01 01:00:00,853.7454806942437
12-01 02:00:00,841.1720596937294
12-01 03:00:00,831.6592033975953
12-01 04:00:00,841.2869332118652
12-01 05:00:00,846.7345413131713
12-01 06:00:00,835.8899954751653
12-01 07:00:00,825.9217883432646
12-01 08:00:00,836.643874294701
12-01 09:00:00,805.0281587118907
12-01 10:00:00,758.9861036661998
12-01 11:00:00,725.0270743765005
12-01 12:00:00,686.0703850428881
12-01 13:00:00,687.1002951168518
12-01 14:00:00,653.1586969829177
12-01 15:00:00,673.8088357055942
12-01 16:00:00,686.0520747288185
12-01 17:00:00,694.0209659043646
12-01 18:00:00,677.7563752524229
12-01 19:00:00,686.3300840377772
12-01 20:00:00,697.2238985842846
12-01 21:00:00,670.8899512306713
12-01 22:00:00,671.715624456907
12-01 23:00:00,661.2132507901989
12-02 00:00:00,668.3039722139686
12-02 01:00:00,660.2069592751557
12-02 02:00:00,633.2327207918032
12-02 03:00:00,641.5960396336321
12-02 04:00:00,672.7793213479898
12-02 05:00:00,677.9388169733077
12-02 06:00:00,685.4552966452603
12-02 07:00:00,700.1666845453401
12-02 08:00:00,698.9900195059208
12-02 09:00:00,671.7959584070385
12-02 10:00:00,625.3288290582979
12-02 11:00:00,649.0385869622211
12-02 12:00:00,692.0228490383735
12-02 13:00:00,716.2026580480008
12-02 14:00:00,738.7097349248264
12-02 15:00:00,794.1883689116947
12-02 16:00:00,830.7338478481544
12-02 17:00:00,846.1179279029765
12-02 18:00:00,848.5381783985035
12-02 19:00:00,841.2853788686746
12-02 20:00:00,833.4052041557578
12-02 21:00:00,855.0165063087442
12-02 22:00:00,856.1921064122678
12-02 23:00:00,867.5247881889626
12-03 00:00:00,873.2427367735438
12-03 01:00:00,875.3011258386587
12-03 02:00:00,883.6166185072174
12-03 03:00:00,888.4667826176199
12-03 04:00:00,898.1247071280688
12-03 05:00:00,937.5904748334502
12-03 06:00:00,936.1824104212733
12-03 07:00:00,925.5883805133755
12-03 08:00:00,935.0267283970863
12-03 09:00:00,906.3578628907355
12-03 10:00:00,904.7885513963548
12-03 11:00:00,896.1332018285964
12-03 12:00:00,876.2001676837832
12-03 13:00:00,868.7277083944583
12-03 14:00:00,888.0574345089806
12-03 15:00:00,900.3269027684181
12-03 16:00:00,915.9486884830717
12-03 17:00:00,944.9891596052187
12-03 18:00:00,931.230771914144
12-03 19:00:00,922.274071223001
12-03 20:00:00,921.6490007844686
12-03 21:00:00,903.8570642014744
12-03 22:00:00,894.8236104826252
12-03 23:00:00,884.8386742220953
12-04 00:00:00,864.6366972577633
12-04 01:00:00,885.4572891545724
12-04 02:00:00,905.7492593805747
12-04 03:00:00,893.736582120125
12-04 04:00:00,880.627344961224
12-04 05:00:00,867.0663669825125
12-04 06:00:00,853.5734735351449
12-04 07:00:00,841.3543760473208
12-04 08:00:00,824.4004137223827
12-04 09:00:00,802.8434183899611
12-04 10:00:00,782.183289759909
12-04 11:00:00,755.0996069238392
12-04 12:00:00,719.4145548230283
12-04 13:00:00,711.1845159404063
12-04 14:00:00,707.4933931870704
12-04 15:00:00,723.7394592483612
12-04 16:00:00,684.0769115087709
12-04 17:00:00,670.4943911093702
12-04 18:00:00,663.2661137447294
12-04 19:00:00,649.4593182029269
12-04 20:00:00,568.9034318024592
12-04 21:00:00,661.7935491106085
12-04 22:00:00,695.9997527441593
12-04 23:00:00,702.2471167817209
12-05 00:00:00,700.6897945226985
12-05 01:00:00,698.0064980346428
12-05 02:00:00,717.2399887420554
12-05 03:00:00,723.0329262373226
12-05 04:00:00,737.2252131200355
12-05 05:00:00,756.8796373447537
12-05 06:00:00,777.2148161312655
12-05 07:00:00,783.830006281082
12-05 08:00:00,786.6772628711587
12-05 09:00:00,752.3149064129325
12-05 10:00:00,746.5710959463269
12-05 11:00:00,701.6155848532928
12-05 12:00:00,683.9118251017987
12-05 13:00:00,671.8942022001054
12-05 14:00:00,710.4459426831861
12-05 15:00:00,724.5026129732761
12-05 16:00:00,746.8147905416612
12-05 17:00:00,763.9675601844021
12-05 18:00:00,770.8130878975625
12-05 19:00:00,771.858560366186
12-05 20:00:00,789.0918813412951
12-05 21:00:00,793.5720887276897
12-05 22:00:00,800.3408338717782
12-05 23:00:00,799.5355472918837
12-06 00:00:00,810.0894429756473
12-06 01:00:00,831.9609516335897
12-06 02:00:00,852.6797597636503
12-06 03:00:00,871.2988553847509
12-06 04:00:00,866.9773504341375
12-06 05:00:00,848.9470145417255
12-06 06:00:00,845.4097199026396
12-06 07:00:00,842.3662690688242
12-06 08:00:00,850.0466026284505
12-06 09:00:00,834.4206280769926
12-06 10:00:00,809.2792062597874
12-06 11:00:00,786.9715731229517
12-06 12:00:00,769.4129114838339
12-06 13:00:00,741.401943366943
12-06 14:00:00,732.3508785674206
12-06 15:00:00,761.8389115764143
12-06 16:00:00,828.885691292065
12-06 17:00:00,839.196623474032
12-06 18:00:00,852.11487340331
12-06 19:00:00,891.1411960080559
12-06 20:00:00,893.7866430229017
12-06 21:00:00,876.0251133308215
12-06 22:00:00,884.2445225790159
12-06 23:00:00,903.0406647527251
12-07 00:00:00,858.2978260063089
12-07 01:00:00,881.5654715894959
12-07 02:00:00,915.3610504674899
12-07 03:00:00,930.9991702282578
12-07 04:00:00,947.6419375219014
12-07 05:00:00,941.7831756579141
12-07 06:00:00,925.0947855390614
12-07 07:00:00,903.7955172386391
12-07 08:00:00,850.5737735097382
12-07 09:00:00,827.1047122755742
12-07 10:00:00,799.5164297363715
12-07 11:00:00,785.3582445658702
12-07 12:00:00,758.0397733702781
12-07 13:00:00,743.2782148069869
12-07 14:00:00,774.454199695098
12-07 15:00:00,798.1776948506754
12-07 16:00:00,857.0092856610636
12-07 17:00:00,858.8912674485117
12-07 18:00:00,869.780657018603
12-07 19:00:00,864.8342597306395
12-07 20:00:00,876.8627871000024
12-07 21:00:00,878.3061367031604
12-07 22:00:00,870.5331834769471
12-07 23:00:00,835.4079299212143
12-08 00:00:00,820.7564657559465
12-08 01:00:00,799.2853573275172
12-08 02:00:00,787.0428273217897
12-08 03:00:00,772.0563444047717
12-08 04:00:00,787.816702889293
12-08 05:00:00,773.4497011227611
12-08 06:00:00,776.56225047253
12-08 07:00:00,803.9701697847395
12-08 08:00:00,833.1962744720757
12-08 09:00:00,860.1600599575381
12-08 10:00:00,864.9223302513153
12-08 11:00:00,871.5391162201258
12-08 12:00:00,869.8017238811024
12-08 13:00:00,858.1652032575539
12-08 14:00:00,853.321334212733
12-08 15:00:00,864.5949848510026
12-08 16:00:00,873.2654474720985
12-08 17:00:00,878.6553076784929
12-08 18:00:00,877.9884787382287
12-08 19:00:00,874.0928981149021
12-08 20:00:00,874.2782919047307
12-08 21:00:00,875.0392870916805
12-08 22:00:00,874.71641455253
12-08 23:00:00,874.9934289800594
12-09 00:00:00,875.9899435713854
12-09 01:00:00,875.0867730309461
12-09 02:00:00,871.2586929579267
12-09 03:00:00,875.0867730309461
12-09 04:00:00,877.8047737474326
12-09 05:00:00,883.5564557063536
12-09 06:00:00,879.7720595664601
12-09 07:00:00,854.7479571491057
12-09 08:00:00,844.1250288714743
12-09 09:00:00,846.370025544736
12-09 10:00:00,842.871856053405
12-09 11:00:00,808.1355594945768
12-09 12:00:00,799.5481901513574
12-09 13:00:00,798.608502025059
12-09 14:00:00,800.3820369122552
12-09 15:00:00,831.4912614892304
12-09 16:00:00,831.5343868745975
12-09 17:00:00,844.3359932618731
12-09 18:00:00,840.3180997013257
12-09 19:00:00,864.1856743561505
12-09 20:00:00,866.5627652697648
12-09 21:00:00,894.0853064375463
12-09 22:00:00,915.9903786461763
12-09 23:00:00,917.5645102510298
12-10 00:00:00,961.4360017326836
12-10 01:00:00,988.2560284273482
12-10 02:00:00,1024.428313582839
12-10 03:00:00,1030.17420075007
12-10 04:00:00,1026.48188781777
12-10 05:00:00,1008.4273252405301
12-10 06:00:00,1012.1373366348166
12-10 07:00:00,1002.8967212793858
12-10 08:00:00,987.6568111924514
12-10 09:00:00,951.1935898816731
12-10 10:00:00,904.0934690903531
12-10 11:00:00,910.2610912090631
12-10 12:00:00,923.9934298626159
12-10 13:00:00,908.409864775475
12-10 14:00:00,901.4731447404089
12-10 15:00:00,881.2322502261032
12-10 16:00:00,870.4807382931741
12-10 17:00:00,863.8192302542276
12-10 18:00:00,863.1959179456622
12-10 19:00:00,837.951941438072
12-10 20:00:00,769.1234732000444
12-10 21:00:00,759.453665182453
12-10 22:00:00,755.5640630151852
12-10 23:00:00,729.5389596991478
12-11 00:00:00,721.8286003492921
12-11 01:00:00,714.1177881685104
12-11 02:00:00,735.542777903425
12-11 03:00:00,757.1337329986442
12-11 04:00:00,758.617184403816
12-11 05:00:00,764.8575033349608
12-11 06:00:00,728.9379037270216
12-11 07:00:00,742.1620036936014
12-11 08:00:00,761.5148568447376
12-11 09:00:00,792.6007914340162
12-11 10:00:00,795.1743205148896
12-11 11:00:00,800.8999746187326
12-11 12:00:00,793.755686477877
12-11 13:00:00,786.8778441007797
12-11 14:00:00,762.0884646795895
12-11 15:00:00,745.0920119590064
12-11 16:00:00,777.7999640709013
12-11 17:00:00,776.8365496921651
12-11 18:00:00,786.2419500082142
12-11 19:00:00,791.7973862644383
12-11 20:00:00,796.8307084254084
12-11 21:00:00,796.964061584255
12-11 22:00:00,796.7843898598198
12-11 23:00:00,800.448101378937
12-12 00:00:00,810.5491512259118
12-12 01:00:00,796.9237692071256
12-12 02:00:00,812.0096302288302
12-12 03:00:00,795.699453555737
12-12 04:00:00,799.4547633449324
12-12 05:00:00,857.2968413672576
12-12 06:00:00,892.563167705807
12-12 07:00:00,919.5123358554129
12-12 08:00:00,945.870044860744
12-12 09:00:00,938.3076790520397
12-12 10:00:00,851.9660377822283
12-12 11:00:00,795.3505239100468
12-12 12:00:00,757.4072199878404
12-12 13:00:00,738.7581245386218
12-12 14:00:00,741.7257812431469
12-12 15:00:00,754.0621390272458
12-12 16:00:00,764.735645785827
12-12 17:00:00,760.1533217216886
12-12 18:00:00,767.5379576671196
12-12 19:00:00,766.4660689586767
12-12 20:00:00,760.1329450135862
12-12 21:00:00,769.3158949983409
12-12 22:00:00,768.6486332514227
12-12 23:00:00,758.7756839226437
12-13 00:00:00,753.6837015646108
12-13 01:00:00,748.811163944079
12-13 02:00:00,749.7896504946272
12-13 03:00:00,757.963716892764
12-13 04:00:00,752.1872961360942
12-13 05:00:00,777.0303049308917
12-13 06:00:00,773.7324431384753
12-13 07:00:00,778.1607375406865
12-13 08:00:00,777.0704430413788
12-13 09:00:00,748.8762083952623
12-13 10:00:00,709.9649958204652
12-13 11:00:00,685.2804469887227
12-13 12:00:00,684.7751465028571
12-13 13:00:00,671.328596614971
12-13 14:00:00,693.8638737350489
12-13 15:00:00,700.9659048634692
12-13 16:00:00,711.5618842437864
12-13 17:00:00,751.4096593579551
12-13 18:00:00,764.9450490332543
12-13 19:00:00,791.5194003690164
12-13 20:00:00,788.8899394789397
12-13 21:00:00,809.3273635883933
12-13 22:00:00,834.280111388074
12-13 23:00:00,857.364049088364
12-14 00:00:00,838.6020956442885
12-14 01:00:00,847.8813476434127
12-14 02:00:00,830.3198557398241
12-14 03:00:00,836.0632898589521
12-14 04:00:00,838.7624363258103
12-14 05:00:00,841.4289683209718
12-14 06:00:00,850.6471001770221
12-14 07:00:00,863.6307416400484
12-14 08:00:00,861.8022551502933
12-14 09:00:00,836.7712465614371
12-14 10:00:00,813.6865132793711
12-14 11:00:00,787.2726498169301
12-14 12:00:00,779.340055106325
12-14 13:00:00,770.8779383958297
12-14 14:00:00,762.4442188384639
12-14 15:00:00,759.7701344560036
12-14 16:00:00,787.0351087771178
12-14 17:00:00,809.4248676408251
12-14 18:00:00,817.7320330433847
12-14 19:00:00,824.2964253345286
12-14 20:00:00,813.1410658040328
12-14 21:00:00,833.6491037313123
12-14 22:00:00,845.1081273296294
12-14 23:00:00,835.5459108287142
12-15 00:00:00,822.9977885693809
12-15 01:00:00,835.624256850577
12-15 02:00:00,853.5709501119684
12-15 03:00:00,862.6746854369081
12-15 04:00:00,877.9187613728687
12-15 05:00:00,886.3023003703747
12-15 06:00:00,876.8575263631379
12-15 07:00:00,890.8052714894026
12-15 08:00:00,890.0273393689395
12-15 09:00:00,895.0559078294951
12-15 10:00:00,882.6325986591216
12-15 11:00:00,875.2977866453738
12-15 12:00:00,854.2651655075339
12-15 13:00:00,842.9259242207509
12-15 14:00:00,845.9491584771334
12-15 15:00:00,845.0390966652657
12-15 16:00:00,846.8426187384594
12-15 17:00:00,842.0199266579633
12-15 18:00:00,844.1263028200242
12-15 19:00:00,841.6949042119719
12-15 20:00:00,855.1959366058383
12-15 21:00:00,849.5009812978003
12-15 22:00:00,850.3072731428306
12-15 23:00:00,847.4137672422557
12-16 00:00:00,839.8236551955157
12-16 01:00:00,839.8557425172273
12-16 02:00:00,847.3813742548647
12-16 03:00:00,848.5361727359319
12-16 04:00:00,858.3491464865505
12-16 05:00:00,857.8049860005544
12-16 06:00:00,864.4385349810937
12-16 07:00:00,858.5933441634436
12-16 08:00:00,855.1997241638983
12-16 09:00:00,849.5080099447187
12-16 10:00:00,838.9876814332869
12-16 11:00:00,826.1041674539674
12-16 12:00:00,801.1996060685284
12-16 13:00:00,809.3369993932449
12-16 14:00:00,810.2555126215085
12-16 15:00:00,815.6669356132547
12-16 16:00:00,816.5306341444262
12-16 17:00:00,819.7938904615023
12-16 18:00:00,820.3736169918172
12-16 19:00:00,812.1108075639197
12-16 20:00:00,818.9875664445219
12-16 21:00:00,816.5566150526547
12-16 22:00:00,825.0371215620569
12-16 23:00:00,826.4231283580472
12-17 00:00:00,818.6956053307891
12-17 01:00:00,837.5283751518547
12-17 02:00:00,858.0633037737921
12-17 03:00:00,862.0597955213916
12-17 04:00:00,895.6233771184304
12-17 05:00:00,910.6617485891346
12-17 06:00:00,918.9085372796599
12-17 07:00:00,931.0915929097899
12-17 08:00:00,950.177483471257
12-17 09:00:00,954.5545927872489
12-17 10:00:00,903.1646564598013
12-17 11:00:00,856.6105076237978
12-17 12:00:00,821.2366974571054
12-17 13:00:00,800.8688544461196
12-17 14:00:00,794.84419775595
12-17 15:00:00,805.2080416687919
12-17 16:00:00,829.2303574216755
12-17 17:00:00,841.0159721056834
12-17 18:00:00,842.8369612455917
12-17 19:00:00,845.0830878902068
12-17 20:00:00,854.3637907325874
12-17 21:00:00,856.8643848165832
12-17 22:00:00,881.8647104605857
12-17 23:00:00,879.9312892583873
12-18 00:00:00,890.8724728928686
12-18 01:00:00,882.7656098118082
12-18 02:00:00,884.4686243049889
12-18 03:00:00,916.4142499501428
12-18 04:00:00,920.0131590081398
12-18 05:00:00,911.655586546313
12-18 06:00:00,943.4055368699413
12-18 07:00:00,977.8093341547234
12-18 08:00:00,976.6501042352972
12-18 09:00:00,955.6083628832189
12-18 10:00:00,912.588601121548
12-18 11:00:00,869.4771120339005
12-18 12:00:00,828.3972697267047
12-18 13:00:00,806.17080783229
12-18 14:00:00,813.2629216437041
12-18 15:00:00,833.1601968635591
12-18 16:00:00,831.7889902426006
12-18 17:00:00,868.7091410221312
12-18 18:00:00,898.2756617533025
12-18 19:00:00,905.359276399346
12-18 20:00:00,893.4280402704125
12-18 21:00:00,878.7680483370442
12-18 22:00:00,872.7501935719813
12-18 23:00:00,876.0788569127556
12-19 00:00:00,889.6820275565112
12-19 01:00:00,899.7268995938916
12-19 02:00:00,915.1435712205983
12-19 03:00:00,919.628769002087
12-19 04:00:00,940.8199571456995
12-19 05:00:00,949.7412697314873
12-19 06:00:00,950.6535555428574
12-19 07:00:00,964.9869805090678
12-19 08:00:00,982.433958835426
12-19 09:00:00,989.5211024564272
12-19 10:00:00,973.4350226527407
12-19 11:00:00,932.9443739058408
12-19 12:00:00,906.3781278852263
12-19 13:00:00,899.6596590859153
12-19 14:00:00,892.0418248759319
12-19 15:00:00,914.1767118356819
12-19 16:00:00,933.785108050753
12-19 17:00:00,959.4755523743548
12-19 18:00:00,981.8077509069046
12-19 19:00:00,1000.667517938628
12-19 20:00:00,1005.7049782509812
12-19 21:00:00,1010.2831284668648
12-19 22:00:00,1008.7175385285235
12-19 23:00:00,1014.744317432892
12-20 00:00:00,1022.7990069351125
12-20 01:00:00,1008.9984487430615
12-20 02:00:00,1009.4027405610473
12-20 03:00:00,1011.2681066834851
12-20 04:00:00,1025.876732042938
12-20 05:00:00,1032.582622574287
12-20 06:00:00,1040.2731250557024
12-20 07:00:00,1027.2204734902207
12-20 08:00:00,1003.1695650802593
12-20 09:00:00,976.8713904092773
12-20 10:00:00,945.5396801507067
12-20 11:00:00,911.8442676747259
12-20 12:00:00,886.3664892423651
12-20 13:00:00,885.0976315678432
12-20 14:00:00,896.4262101941754
12-20 15:00:00,916.8550477407293
12-20 16:00:00,928.5342522549475
12-20 17:00:00,923.6568960097607
12-20 18:00:00,949.5340425398858
12-20 19:00:00,989.3517391207906
12-20 20:00:00,984.7660068250526
12-20 21:00:00,988.1997026839149
12-20 22:00:00,1005.8947948788376
12-20 23:00:00,1007.7307499161088
12-21 00:00:00,1026.9322631583916
12-21 01:00:00,1036.6443224330317
12-21 02:00:00,1082.9571863525555
12-21 03:00:00,1103.1817696035857
12-21 04:00:00,1099.4025749472062
12-21 05:00:00,1073.6879593325907
12-21 06:00:00,1054.5068008987832
12-21 07:00:00,1023.1311590452543
12-21 08:00:00,1000.6881600617199
12-21 09:00:00,990.6526092413236
12-21 10:00:00,989.2766520905893
12-21 11:00:00,990.5563783221129
12-21 12:00:00,980.1348458803677
12-21 13:00:00,972.8537600594985
12-21 14:00:00,971.9432585235772
12-21 15:00:00,976.2182134213821
12-21 16:00:00,977.0775830479879
12-21 17:00:00,992.6439465525449
12-21 18:00:00,993.1703813107479
12-21 19:00:00,993.9862972710224
12-21 20:00:00,1007.0292268426496
12-21 21:00:00,1019.2876307930147
12-21 22:00:00,1034.0680973416681
12-21 23:00:00,1048.6872419607244
12-22 00:00:00,1052.729751143523
12-22 01:00:00,1066.1239240384007
12-22 02:00:00,1074.1422869447497
12-22 03:00:00,1082.5351066392711
12-22 04:00:00,1091.564504377262
12-22 05:00:00,1108.969977447817
12-22 06:00:00,1130.585458411105
12-22 07:00:00,1144.5464695594624
12-22 08:00:00,1160.9066685218736
12-22 09:00:00,1153.2652793218308
12-22 10:00:00,1130.860849910883
12-22 11:00:00,1109.5212475029853
12-22 12:00:00,1068.574545381903
12-22 13:00:00,1056.7620375470133
12-22 14:00:00,1055.1765876402253
12-22 15:00:00,1080.968732796662
12-22 16:00:00,1111.403976405712
12-22 17:00:00,1141.9454800518604
12-22 18:00:00,1157.2449790644569
12-22 19:00:00,1176.162922404277
12-22 20:00:00,1190.024177144277
12-22 21:00:00,1181.7094707507772
12-22 22:00:00,1161.0674199908879
12-22 23:00:00,1166.7788338417045
12-23 00:00:00,1168.53151616152
12-23 01:00:00,1204.9000301213152
12-23 02:00:00,1213.1291673437108
12-23 03:00:00,1181.639668131741
12-23 04:00:00,1187.630724308839
12-23 05:00:00,1163.3119617947914
12-23 06:00:00,1191.2254854049952
12-23 07:00:00,1205.0579136094054
12-23 08:00:00,1221.4875558201134
12-23 09:00:00,1170.7822263374646
12-23 10:00:00,1039.8669442321568
12-23 11:00:00,900.9441406787463
12-23 12:00:00,827.0453263197783
12-23 13:00:00,767.8398702527996
12-23 14:00:00,756.5792489521203
12-23 15:00:00,752.4689206976949
12-23 16:00:00,773.84975122188
12-23 17:00:00,748.7647163984365
12-23 18:00:00,734.1758785740094
12-23 19:00:00,747.288840272194
12-23 20:00:00,738.6152498797235
12-23 21:00:00,724.8061261118362
12-23 22:00:00,724.2845727560249
12-23 23:00:00,714.6434093411328
12-24 00:00:00,692.6917304557782
12-24 01:00:00,710.8548344317495
12-24 02:00:00,713.7932269598941
12-24 03:00:00,737.4058498192703
12-24 04:00:00,742.9006516598083
12-24 05:00:00,772.0129166058367
12-24 06:00:00,746.014564465643
12-24 07:00:00,769.1600800010648
12-24 08:00:00,767.8547012034642
12-24 09:00:00,726.2263452157935
12-24 10:00:00,695.5241711795998
12-24 11:00:00,682.3147160148278
12-24 12:00:00,678.1142389390886
12-24 13:00:00,648.7253825696685
12-24 14:00:00,648.2480908287642
12-24 15:00:00,669.9631606533559
12-24 16:00:00,661.2395299158454
12-24 17:00:00,666.0026953122775
12-24 18:00:00,669.2433701312008
12-24 19:00:00,660.9121933126232
12-24 20:00:00,659.507785212355
12-24 21:00:00,671.2722599955471
12-24 22:00:00,655.2815425610155
12-24 23:00:00,652.2366764686095
12-25 00:00:00,654.732415824589
12-25 01:00:00,667.3687584967475
12-25 02:00:00,656.6745930260067
12-25 03:00:00,704.5546678499554
12-25 04:00:00,686.2602072679314
12-25 05:00:00,694.3049535854991
12-25 06:00:00,708.533946730702
12-25 07:00:00,698.5074550223111
12-25 08:00:00,695.0346032043481
12-25 09:00:00,668.6182564339603
12-25 10:00:00,691.2760211555662
12-25 11:00:00,654.8373914348065
12-25 12:00:00,638.0911390851049
12-25 13:00:00,611.5135221508962
12-25 14:00:00,600.4771644347278
12-25 15:00:00,590.5413887491468
12-25 16:00:00,613.298063809051
12-25 17:00:00,606.4955023504733
12-25 18:00:00,619.0136339880406
12-25 19:00:00,642.4564535997413
12-25 20:00:00,627.0482035603759
12-25 21:00:00,655.0417644792685
12-25 22:00:00,666.0040099722082
12-25 23:00:00,644.549078829273
12-26 00:00:00,658.5579902993369
12-26 01:00:00,650.5885687996968
12-26 02:00:00,657.0542248030134
12-26 03:00:00,670.0583934264457
12-26 04:00:00,668.7419201479588
12-26 05:00:00,659.5973421081242
12-26 06:00:00,653.6734321012087
12-26 07:00:00,669.595355570493
12-26 08:00:00,666.9906842124202
12-26 09:00:00,669.9345906989771
12-26 10:00:00,657.4882043451856
12-26 11:00:00,643.2537182471355
12-26 12:00:00,590.805229376654
12-26 13:00:00,551.712404608757
12-26 14:00:00,559.7986793865929
12-26 15:00:00,569.9634475259505
12-26 16:00:00,593.5612085268375
12-26 17:00:00,594.360617474447
12-26 18:00:00,604.3601369890386
12-26 19:00:00,620.732834958034
12-26 20:00:00,639.3561635746285
12-26 21:00:00,640.9070708907402
12-26 22:00:00,631.8572307459729
12-26 23:00:00,652.2627326771322
12-27 00:00:00,646.4796578005707
12-27 01:00:00,651.192916292896
12-27 02:00:00,668.2219609673825
12-27 03:00:00,682.5109466439357
12-27 04:00:00,683.9061445406757
12-27 05:00:00,696.3960023922198
12-27 06:00:00,717.781577429393
12-27 07:00:00,733.5923819942577
12-27 08:00:00,738.9551242255534
12-27 09:00:00,715.676379937053
12-27 10:00:00,654.7111916936111
12-27 11:00:00,614.7396143972001
12-27 12:00:00,593.6028358318564
12-27 13:00:00,576.7917086795549
12-27 14:00:00,569.5959878522078
12-27 15:00:00,586.8275129646886
12-27 16:00:00,587.8027100348423
12-27 17:00:00,605.2404553903456
12-27 18:00:00,610.081680220161
12-27 19:00:00,616.5958179291763
12-27 20:00:00,637.6380118203742
12-27 21:00:00,631.228791915
12-27 22:00:00,632.0456525309833
12-27 23:00:00,648.6339507808939
12-28 00:00:00,665.6054419243031
12-28 01:00:00,662.4217054770379
12-28 02:00:00,685.1107175919749
12-28 03:00:00,684.6102092975661
12-28 04:00:00,659.7769864565032
12-28 05:00:00,642.5605011515553
12-28 06:00:00,629.7073044649361
12-28 07:00:00,638.8887614200814
12-28 08:00:00,655.6615951814545
12-28 09:00:00,625.6031441773472
12-28 10:00:00,588.7252683443985
12-28 11:00:00,560.6101499742019
12-28 12:00:00,521.2688870212412
12-28 13:00:00,507.240244989682
12-28 14:00:00,499.66646483344095
12-28 15:00:00,414.11769642575155
12-28 16:00:00,413.76027661745235
12-28 17:00:00,441.29719035287576
12-28 18:00:00,476.242571838111
12-28 19:00:00,536.6217661657571
12-28 20:00:00,512.4490509572724
12-28 21:00:00,473.2349370265048
12-28 22:00:00,476.75329401587464
12-28 23:00:00,464.85770852923883
12-29 00:00:00,470.1395614302915
12-29 01:00:00,444.8923091898312
12-29 02:00:00,434.7405434140507
12-29 03:00:00,460.2008360229539
12-29 04:00:00,507.52281700310164
12-29 05:00:00,518.6323190983634
12-29 06:00:00,517.5107326560355
12-29 07:00:00,527.424471037323
12-29 08:00:00,510.8487308319503
12-29 09:00:00,526.9490244127901
12-29 10:00:00,514.971971590979
12-29 11:00:00,538.4129959916262
12-29 12:00:00,575.9224815917513
12-29 13:00:00,577.2207305732109
12-29 14:00:00,574.4428444440309
12-29 15:00:00,585.0458610425444
12-29 16:00:00,598.2760845021526
12-29 17:00:00,608.463788496931
12-29 18:00:00,595.9304169092148
12-29 19:00:00,590.2103629325771
12-29 20:00:00,589.6234193496415
12-29 21:00:00,585.623524770668
12-29 22:00:00,580.8636200881474
12-29 23:00:00,572.2124387202133
12-30 00:00:00,562.8024605309809
12-30 01:00:00,549.8603392028315
12-30 02:00:00,546.4507584304039
12-30 03:00:00,514.8936070829434
12-30 04:00:00,474.79748989591053
12-30 05:00:00,500.47149626805646
12-30 06:00:00,497.8259428741398
12-30 07:00:00,507.70312868756525
12-30 08:00:00,486.0534983496736
12-30 09:00:00,476.8894685015202
12-30 10:00:00,454.6557935005627
12-30 11:00:00,430.5834217076132
12-30 12:00:00,402.6159848782354
12-30 13:00:00,360.5835253104931
12-30 14:00:00,346.02538192286534
12-30 15:00:00,355.97823057032423
12-30 16:00:00,370.6361985519889
12-30 17:00:00,390.46999310120475
12-30 18:00:00,399.0232569973602
12-30 19:00:00,395.63927400925076
12-30 20:00:00,410.05980118983956
12-30 21:00:00,404.6840918364082
12-30 22:00:00,423.8952175788172
12-30 23:00:00,447.5945632968071
12-31 00:00:00,514.3278672131565
12-31 01:00:00,536.5966205858277
12-31 02:00:00,568.1138481723145
12-31 03:00:00,592.1809443998383
12-31 04:00:00,549.2756109385311
12-31 05:00:00,588.9434456009621
12-31 06:00:00,601.424930219247
12-31 07:00:00,601.0613155268281
12-31 08:00:00,616.5739880831289
12-31 09:00:00,606.4862826698221
12-31 10:00:00,552.771452313001
12-31 11:00:00,471.98288070890777
12-31 12:00:00,424.8701991342432
12-31 13:00:00,404.6649091291148
12-31 14:00:00,404.2774452012245
12-31 15:00:00,388.1310321150316
12-31 16:00:00,414.7760728907557
12-31 17:00:00,438.2883409133301
12-31 18:00:00,459.7178094547933
12-31 19:00:00,497.13088032283787
12-31 20:00:00,515.1957078726687
12-31 21:00:00,547.2468049770563
12-31 22:00:00,517.6208914071615
12-31 23:00:00,579.9553652337174
