,value_kW
01-01 00:00:00,3374.0026447700343
01-01 01:00:00,3236.3200861695527
01-01 02:00:00,3184.1504229453726
01-01 03:00:00,3190.7203086836867
01-01 04:00:00,3218.3150536009466
01-01 05:00:00,3511.0919554114294
01-01 06:00:00,5754.400936899839
01-01 07:00:00,5069.10669758032
01-01 08:00:00,4548.266942735957
01-01 09:00:00,4481.9991476190335
01-01 10:00:00,4313.278161488357
01-01 11:00:00,4185.382105032053
01-01 12:00:00,5755.2396686797965
01-01 13:00:00,4898.356447152943
01-01 14:00:00,4367.4847658518065
01-01 15:00:00,4590.316406445074
01-01 16:00:00,4739.6424823647
01-01 17:00:00,5124.398062216393
01-01 18:00:00,5833.665977803818
01-01 19:00:00,5944.234037865786
01-01 20:00:00,4138.309306006159
01-01 21:00:00,4083.1614676021677
01-01 22:00:00,3426.9481536669605
01-01 23:00:00,3428.9251971453955
01-02 00:00:00,3386.70254401116
01-02 01:00:00,3242.4577790529656
01-02 02:00:00,3184.7691203103223
01-02 03:00:00,3189.3220454769917
01-02 04:00:00,3201.2054666716294
01-02 05:00:00,3505.836739452819
01-02 06:00:00,5767.284809153943
01-02 07:00:00,5111.760784138264
01-02 08:00:00,4709.320060078775
01-02 09:00:00,4624.082863931848
01-02 10:00:00,4516.617018172502
01-02 11:00:00,4315.665856069273
01-02 12:00:00,6046.234409269195
01-02 13:00:00,5136.152215588127
01-02 14:00:00,4626.034152150657
01-02 15:00:00,4787.206769843894
01-02 16:00:00,4946.82037825511
01-02 17:00:00,5269.568370575363
01-02 18:00:00,6044.11930281156
01-02 19:00:00,5881.510376453532
01-02 20:00:00,4531.312893237847
01-02 21:00:00,4099.934460277313
01-02 22:00:00,3511.5248537010993
01-02 23:00:00,3566.7711998024515
01-03 00:00:00,3515.9758904977944
01-03 01:00:00,3390.7702491899404
01-03 02:00:00,3333.0093292992806
01-03 03:00:00,3330.713791030932
01-03 04:00:00,3350.4423556790307
01-03 05:00:00,3661.7845921588214
01-03 06:00:00,5817.430810287133
01-03 07:00:00,5366.865446188505
01-03 08:00:00,4926.9950849058705
01-03 09:00:00,4833.2974897553495
01-03 10:00:00,4715.992859293599
01-03 11:00:00,4626.31419071886
01-03 12:00:00,6240.78877373711
01-03 13:00:00,5330.301636706508
01-03 14:00:00,4745.981077797262
01-03 15:00:00,4960.231455582755
01-03 16:00:00,5095.675463057176
01-03 17:00:00,5406.880886198108
01-03 18:00:00,6364.861425477159
01-03 19:00:00,6134.966985442824
01-03 20:00:00,4404.076789975794
01-03 21:00:00,4302.358952882993
01-03 22:00:00,3750.819973768592
01-03 23:00:00,3609.0584965387197
01-04 00:00:00,3533.6927942623142
01-04 01:00:00,3417.716225837322
01-04 02:00:00,3386.0848835662064
01-04 03:00:00,3364.7418590650545
01-04 04:00:00,3393.1024373935415
01-04 05:00:00,3511.797212554119
01-04 06:00:00,6011.934134913215
01-04 07:00:00,5362.490773785143
01-04 08:00:00,4957.900824872818
01-04 09:00:00,4895.621119969897
01-04 10:00:00,4771.161642821305
01-04 11:00:00,4663.152663371098
01-04 12:00:00,6294.564688818786
01-04 13:00:00,5349.638756909672
01-04 14:00:00,4810.670754608479
01-04 15:00:00,4991.870864618754
01-04 16:00:00,5117.274333414323
01-04 17:00:00,5431.6335747415005
01-04 18:00:00,6166.504446954642
01-04 19:00:00,6088.071597815706
01-04 20:00:00,4664.440702160781
01-04 21:00:00,4241.374319734663
01-04 22:00:00,3761.254964641953
01-04 23:00:00,3610.8550960476064
01-05 00:00:00,3594.3734475295123
01-05 01:00:00,3452.9445586613497
01-05 02:00:00,3411.129114927612
01-05 03:00:00,3417.0082679166903
01-05 04:00:00,3406.1335230130153
01-05 05:00:00,3689.1773123419644
01-05 06:00:00,6093.479016063852
01-05 07:00:00,5458.024105947078
01-05 08:00:00,5001.509775675479
01-05 09:00:00,4919.8092696206095
01-05 10:00:00,4768.335526029018
01-05 11:00:00,4648.265454523803
01-05 12:00:00,6305.356506759455
01-05 13:00:00,5393.149674590829
01-05 14:00:00,4859.401470286133
01-05 15:00:00,5008.908172982365
01-05 16:00:00,5133.635649584049
01-05 17:00:00,5607.331281203529
01-05 18:00:00,6267.422350321925
01-05 19:00:00,6075.725652702347
01-05 20:00:00,4487.5131677710915
01-05 21:00:00,4414.0166961539835
01-05 22:00:00,3773.9255298634093
01-05 23:00:00,3666.780555865761
01-06 00:00:00,3495.9646363314982
01-06 01:00:00,3309.8443761421117
01-06 02:00:00,3244.053681184404
01-06 03:00:00,3231.380615216474
01-06 04:00:00,3253.3268459252968
01-06 05:00:00,3515.5013643939155
01-06 06:00:00,5377.567896794661
01-06 07:00:00,4637.624858741596
01-06 08:00:00,3872.7187978807137
01-06 09:00:00,3752.962101339605
01-06 10:00:00,3681.23560802065
01-06 11:00:00,3553.731585431088
01-06 12:00:00,5171.833013732829
01-06 13:00:00,4289.205441703571
01-06 14:00:00,3739.9324606637038
01-06 15:00:00,3898.246773313124
01-06 16:00:00,4084.443595096387
01-06 17:00:00,4727.191290582249
01-06 18:00:00,5712.589388893625
01-06 19:00:00,5720.425292675226
01-06 20:00:00,4184.9195888394
01-06 21:00:00,4099.05939730615
01-06 22:00:00,3486.468446160146
01-06 23:00:00,3470.9930624725484
01-07 00:00:00,3318.512519672556
01-07 01:00:00,3139.7652483515517
01-07 02:00:00,3072.726750053806
01-07 03:00:00,3052.4940151097417
01-07 04:00:00,3057.4566582574416
01-07 05:00:00,3293.1103323224206
01-07 06:00:00,5210.35998881773
01-07 07:00:00,4311.455716165212
01-07 08:00:00,3482.770717386784
01-07 09:00:00,3330.295397997017
01-07 10:00:00,3229.590168484998
01-07 11:00:00,3083.6215698506526
01-07 12:00:00,4748.165817796323
01-07 13:00:00,3850.386182335794
01-07 14:00:00,3342.9788837711103
01-07 15:00:00,3502.573365387009
01-07 16:00:00,3731.9384325655788
01-07 17:00:00,4434.8689466677015
01-07 18:00:00,5410.813162414009
01-07 19:00:00,5483.004283632114
01-07 20:00:00,4075.3721556741084
01-07 21:00:00,4033.66480070215
01-07 22:00:00,3484.2394823450727
01-07 23:00:00,3355.8845490942454
01-08 00:00:00,3584.727929107874
01-08 01:00:00,3462.0571249636473
01-08 02:00:00,3399.9685973907813
01-08 03:00:00,3404.2342850481955
01-08 04:00:00,3445.7476274397454
01-08 05:00:00,3665.2757347774923
01-08 06:00:00,5999.759242110544
01-08 07:00:00,5693.306912210442
01-08 08:00:00,5157.934776127362
01-08 09:00:00,5070.695236305187
01-08 10:00:00,4917.772131340258
01-08 11:00:00,4713.985030594055
01-08 12:00:00,6354.941611103018
01-08 13:00:00,5402.777902796313
01-08 14:00:00,4861.532125242494
01-08 15:00:00,5048.667015686426
01-08 16:00:00,5250.473380126285
01-08 17:00:00,5793.0475444279655
01-08 18:00:00,6399.25655137264
01-08 19:00:00,6273.928953280701
01-08 20:00:00,4727.335169371762
01-08 21:00:00,4516.52278283514
01-08 22:00:00,4048.187470544866
01-08 23:00:00,3929.7646451079036
01-09 00:00:00,3910.382990598279
01-09 01:00:00,3780.222929016394
01-09 02:00:00,3751.420087562026
01-09 03:00:00,3766.173097611215
01-09 04:00:00,3791.898066705261
01-09 05:00:00,4042.4607020817475
01-09 06:00:00,6441.300004897881
01-09 07:00:00,5849.423957100307
01-09 08:00:00,5445.244306259127
01-09 09:00:00,5309.3423391488805
01-09 10:00:00,5089.143325723093
01-09 11:00:00,4903.572556608732
01-09 12:00:00,6495.121289224969
01-09 13:00:00,5551.977537278522
01-09 14:00:00,5002.585304094352
01-09 15:00:00,5150.062912044288
01-09 16:00:00,5299.631438102248
01-09 17:00:00,5907.6836349963005
01-09 18:00:00,6381.100949860878
01-09 19:00:00,6274.0176908099875
01-09 20:00:00,4700.506751896915
01-09 21:00:00,4529.262186807724
01-09 22:00:00,4041.7793553453766
01-09 23:00:00,3868.2728678856606
01-10 00:00:00,3835.1553479000763
01-10 01:00:00,3694.521074360159
01-10 02:00:00,3656.527569061828
01-10 03:00:00,3674.9780364958374
01-10 04:00:00,3716.0220948937013
01-10 05:00:00,4017.071286593914
01-10 06:00:00,6344.098587298171
01-10 07:00:00,5835.077470139891
01-10 08:00:00,5347.622841868917
01-10 09:00:00,5301.497227892775
01-10 10:00:00,5150.101759977207
01-10 11:00:00,5004.609103421096
01-10 12:00:00,6595.751047917798
01-10 13:00:00,5630.678813019142
01-10 14:00:00,5120.771964382505
01-10 15:00:00,5303.824372208464
01-10 16:00:00,5418.795652436918
01-10 17:00:00,5773.2582954514355
01-10 18:00:00,6482.764373096333
01-10 19:00:00,6540.501073707112
01-10 20:00:00,4790.110001940033
01-10 21:00:00,4734.62754294274
01-10 22:00:00,4124.706724187722
01-10 23:00:00,3994.9726757730123
01-11 00:00:00,3966.9774336820183
01-11 01:00:00,3827.0644590111237
01-11 02:00:00,3809.735039524226
01-11 03:00:00,3817.029241242676
01-11 04:00:00,3816.819864023608
01-11 05:00:00,3938.0430044519117
01-11 06:00:00,6269.125290549245
01-11 07:00:00,6083.160225837929
01-11 08:00:00,5438.247276290427
01-11 09:00:00,5350.859694654841
01-11 10:00:00,5205.896868556984
01-11 11:00:00,5019.595129208763
01-11 12:00:00,6611.525527095799
01-11 13:00:00,5707.577661161154
01-11 14:00:00,5200.618007262744
01-11 15:00:00,5336.208899646114
01-11 16:00:00,5544.801173269523
01-11 17:00:00,5889.472654303311
01-11 18:00:00,6650.42491817141
01-11 19:00:00,6468.166977744372
01-11 20:00:00,5047.244845765842
01-11 21:00:00,4663.46018222688
01-11 22:00:00,4123.54510273061
01-11 23:00:00,3931.251914625236
01-12 00:00:00,3891.142456159938
01-12 01:00:00,3719.326971866872
01-12 02:00:00,3681.1633544442593
01-12 03:00:00,3667.9679551646577
01-12 04:00:00,3670.639345922222
01-12 05:00:00,3925.0775262731972
01-12 06:00:00,6222.468781912425
01-12 07:00:00,5652.422825612491
01-12 08:00:00,5177.939027646494
01-12 09:00:00,5040.9291194195375
01-12 10:00:00,4926.236951467802
01-12 11:00:00,4714.506961781272
01-12 12:00:00,6357.238904398773
01-12 13:00:00,5417.216889923564
01-12 14:00:00,4876.196550995826
01-12 15:00:00,5055.199596536504
01-12 16:00:00,5154.937164766649
01-12 17:00:00,5371.394910727882
01-12 18:00:00,6178.100950335765
01-12 19:00:00,6074.389823421958
01-12 20:00:00,4733.183783134221
01-12 21:00:00,4297.982985091234
01-12 22:00:00,3635.7456364169575
01-12 23:00:00,3610.5883846969436
01-13 00:00:00,3427.4968494534664
01-13 01:00:00,3241.0743929644286
01-13 02:00:00,3172.205012251542
01-13 03:00:00,3116.270155458626
01-13 04:00:00,3100.797742650164
01-13 05:00:00,3255.5015791420433
01-13 06:00:00,5193.784986703594
01-13 07:00:00,4433.076511283715
01-13 08:00:00,3666.14294933537
01-13 09:00:00,3560.3462132481513
01-13 10:00:00,3520.16249087921
01-13 11:00:00,3370.2232952195523
01-13 12:00:00,5045.015046520115
01-13 13:00:00,4098.25783908232
01-13 14:00:00,3592.9357548070975
01-13 15:00:00,3721.368842438515
01-13 16:00:00,3862.615423816674
01-13 17:00:00,4535.0410675082785
01-13 18:00:00,5443.20159192538
01-13 19:00:00,5494.085481522331
01-13 20:00:00,4091.348431378719
01-13 21:00:00,4051.1384339881483
01-13 22:00:00,3502.8092123725082
01-13 23:00:00,3365.04179272029
01-14 00:00:00,3224.8005559619432
01-14 01:00:00,3016.310001863382
01-14 02:00:00,2879.2068866188765
01-14 03:00:00,2697.012627440011
01-14 04:00:00,2657.785818692987
01-14 05:00:00,2869.883047205977
01-14 06:00:00,4802.201139726007
01-14 07:00:00,4009.8474479356814
01-14 08:00:00,3316.663101108265
01-14 09:00:00,3209.272680029957
01-14 10:00:00,3139.6852712978607
01-14 11:00:00,3058.944414982877
01-14 12:00:00,4775.810079356253
01-14 13:00:00,3903.011615358282
01-14 14:00:00,3405.066410798705
01-14 15:00:00,3577.8661475256877
01-14 16:00:00,3750.099924323663
01-14 17:00:00,4441.092053645812
01-14 18:00:00,5433.36659370731
01-14 19:00:00,5468.053212081063
01-14 20:00:00,4012.7996400523516
01-14 21:00:00,3984.3510972730146
01-14 22:00:00,3404.6587036048027
01-14 23:00:00,3311.4193925464633
01-15 00:00:00,3495.361270126073
01-15 01:00:00,3356.4112253233984
01-15 02:00:00,3312.0315392120297
01-15 03:00:00,3320.4119523331447
01-15 04:00:00,3354.4657524862096
01-15 05:00:00,3647.564075805282
01-15 06:00:00,5852.690324256454
01-15 07:00:00,5640.69061348639
01-15 08:00:00,5055.374488015189
01-15 09:00:00,5008.302144843094
01-15 10:00:00,4894.366562397744
01-15 11:00:00,4800.206114648881
01-15 12:00:00,6425.135160280394
01-15 13:00:00,5539.248862254068
01-15 14:00:00,5047.7993253702025
01-15 15:00:00,5258.771707609857
01-15 16:00:00,5422.211910571766
01-15 17:00:00,5889.598867299652
01-15 18:00:00,6470.022058942398
01-15 19:00:00,6387.454010524587
01-15 20:00:00,4698.079099493597
01-15 21:00:00,4564.945409798413
01-15 22:00:00,4105.245433391252
01-15 23:00:00,3993.871867701863
01-16 00:00:00,3958.900023221341
01-16 01:00:00,3797.911355081682
01-16 02:00:00,3743.3946685648275
01-16 03:00:00,3776.832943701576
01-16 04:00:00,3819.9207890328466
01-16 05:00:00,3975.941432880811
01-16 06:00:00,6446.544569712991
01-16 07:00:00,5928.05292600541
01-16 08:00:00,5480.084653109863
01-16 09:00:00,5339.6394134718375
01-16 10:00:00,5186.105260606974
01-16 11:00:00,5045.528054740448
01-16 12:00:00,6681.89556864101
01-16 13:00:00,5693.15856157251
01-16 14:00:00,5236.862129654195
01-16 15:00:00,5408.566951307096
01-16 16:00:00,5576.93538577346
01-16 17:00:00,5937.586357443989
01-16 18:00:00,6579.708536328085
01-16 19:00:00,6489.572360730872
01-16 20:00:00,5103.909679058718
01-16 21:00:00,4688.121761410396
01-16 22:00:00,4115.6156247914905
01-16 23:00:00,3997.909303088189
01-17 00:00:00,3938.39843752882
01-17 01:00:00,3777.8947010667034
01-17 02:00:00,3658.6368904181736
01-17 03:00:00,3624.9096846696884
01-17 04:00:00,3643.3963478554715
01-17 05:00:00,3926.1068159095034
01-17 06:00:00,6125.41908117705
01-17 07:00:00,5883.527181822323
01-17 08:00:00,5138.36346930164
01-17 09:00:00,5052.333673810739
01-17 10:00:00,4940.785433330354
01-17 11:00:00,4742.617338568146
01-17 12:00:00,6356.46663162379
01-17 13:00:00,5461.171233726831
01-17 14:00:00,4925.638839574066
01-17 15:00:00,5050.610188556446
01-17 16:00:00,5240.801934349693
01-17 17:00:00,5504.797173354711
01-17 18:00:00,6256.188293484018
01-17 19:00:00,6374.017982816918
01-17 20:00:00,4492.220805908895
01-17 21:00:00,4284.203662466097
01-17 22:00:00,3722.5444730038876
01-17 23:00:00,3638.9281487603835
01-18 00:00:00,3559.415642931921
01-18 01:00:00,3409.44732278588
01-18 02:00:00,3350.30040529257
01-18 03:00:00,3348.1579928436026
01-18 04:00:00,3355.6123465387996
01-18 05:00:00,3532.3352586960823
01-18 06:00:00,6047.243411899184
01-18 07:00:00,5447.359208827589
01-18 08:00:00,4986.785639462588
01-18 09:00:00,4917.788580904178
01-18 10:00:00,4801.964802502647
01-18 11:00:00,4726.699193040644
01-18 12:00:00,6312.0707929771515
01-18 13:00:00,5428.423687298364
01-18 14:00:00,4904.56199124091
01-18 15:00:00,5017.988596523997
01-18 16:00:00,5165.251977847284
01-18 17:00:00,5512.9221961382345
01-18 18:00:00,6330.582914196069
01-18 19:00:00,6266.703098558754
01-18 20:00:00,4876.140095040881
01-18 21:00:00,4526.349648447599
01-18 22:00:00,3946.682981657193
01-18 23:00:00,3804.932948974653
01-19 00:00:00,3788.7519034252327
01-19 01:00:00,3619.553502430681
01-19 02:00:00,3592.033859337123
01-19 03:00:00,3641.3552343558886
01-19 04:00:00,3668.7769243811035
01-19 05:00:00,3917.196815373066
01-19 06:00:00,6134.048962259647
01-19 07:00:00,5814.416197833362
01-19 08:00:00,5316.928846316565
01-19 09:00:00,5163.835371572434
01-19 10:00:00,5008.640642489835
01-19 11:00:00,4835.919985989995
01-19 12:00:00,6391.691546550735
01-19 13:00:00,5432.2268683346
01-19 14:00:00,4863.949627406975
01-19 15:00:00,4978.195941639781
01-19 16:00:00,5113.058947783955
01-19 17:00:00,5412.166133848987
01-19 18:00:00,6198.304546463532
01-19 19:00:00,6161.32711433383
01-19 20:00:00,4659.677569721249
01-19 21:00:00,4169.362867967251
01-19 22:00:00,3631.7656769249934
01-19 23:00:00,3629.354910317417
01-20 00:00:00,3476.5665271290054
01-20 01:00:00,3302.3007879898396
01-20 02:00:00,3236.093935625781
01-20 03:00:00,3182.327315261118
01-20 04:00:00,3196.810527306224
01-20 05:00:00,3461.2675999937164
01-20 06:00:00,5310.546304381005
01-20 07:00:00,4562.724814219409
01-20 08:00:00,3802.4510198648245
01-20 09:00:00,3663.4225198260633
01-20 10:00:00,3545.4467106867846
01-20 11:00:00,3362.0650905305506
01-20 12:00:00,4960.113988061639
01-20 13:00:00,4046.2633757002177
01-20 14:00:00,3493.965562620471
01-20 15:00:00,3610.4231142465906
01-20 16:00:00,3776.7072896021764
01-20 17:00:00,4474.042600381419
01-20 18:00:00,5482.916259791949
01-20 19:00:00,5516.580698173186
01-20 20:00:00,3974.124861173099
01-20 21:00:00,3952.1805775029366
01-20 22:00:00,3396.87085439412
01-20 23:00:00,3245.4682755405147
01-21 00:00:00,3128.854330031003
01-21 01:00:00,2901.3578435437475
01-21 02:00:00,2793.345122448689
01-21 03:00:00,2758.6878453031145
01-21 04:00:00,2699.763948379963
01-21 05:00:00,2903.580080130215
01-21 06:00:00,4737.480834363827
01-21 07:00:00,3893.924361755276
01-21 08:00:00,3059.7363591973694
01-21 09:00:00,2919.160361760256
01-21 10:00:00,2849.2451279485144
01-21 11:00:00,2698.7977708106223
01-21 12:00:00,4315.409608530721
01-21 13:00:00,3416.485941004266
01-21 14:00:00,2931.1144412422627
01-21 15:00:00,3122.5468297239813
01-21 16:00:00,3299.7496052095735
01-21 17:00:00,4043.257849271674
01-21 18:00:00,5053.969550711063
01-21 19:00:00,5127.536562822586
01-21 20:00:00,3695.9040257279403
01-21 21:00:00,3645.615665041165
01-21 22:00:00,3064.1164104518616
01-21 23:00:00,2959.374407429047
01-22 00:00:00,3153.8256437371247
01-22 01:00:00,3020.745623933107
01-22 02:00:00,3025.30841550439
01-22 03:00:00,3022.79419706377
01-22 04:00:00,3036.7721032871646
01-22 05:00:00,3226.705035501987
01-22 06:00:00,5475.835823099016
01-22 07:00:00,5324.997247590667
01-22 08:00:00,4683.312465781011
01-22 09:00:00,4601.680988332674
01-22 10:00:00,4474.129070884585
01-22 11:00:00,4288.537621236544
01-22 12:00:00,5968.1233188889255
01-22 13:00:00,5035.2225068969765
01-22 14:00:00,4519.557603625424
01-22 15:00:00,4656.810737324591
01-22 16:00:00,4854.027759477636
01-22 17:00:00,5181.533719323142
01-22 18:00:00,5937.343125200715
01-22 19:00:00,6083.707111341087
01-22 20:00:00,4232.238308324933
01-22 21:00:00,4091.1168339701967
01-22 22:00:00,3483.0659603245044
01-22 23:00:00,3413.6262229972504
01-23 00:00:00,3386.7761873123454
01-23 01:00:00,3295.9457010576098
01-23 02:00:00,3238.5364358461566
01-23 03:00:00,3232.9536849543565
01-23 04:00:00,3258.8063351156966
01-23 05:00:00,3594.1382741870116
01-23 06:00:00,5836.745299511066
01-23 07:00:00,5384.257573843379
01-23 08:00:00,4969.8605606561
01-23 09:00:00,4875.797867200813
01-23 10:00:00,4829.476858764247
01-23 11:00:00,4672.078182134854
01-23 12:00:00,6195.0119335341
01-23 13:00:00,5314.850393983202
01-23 14:00:00,4762.213383847816
01-23 15:00:00,4922.781936146006
01-23 16:00:00,5061.407004528586
01-23 17:00:00,5481.808077873081
01-23 18:00:00,6373.571066544667
01-23 19:00:00,6039.562321338163
01-23 20:00:00,4484.236590476517
01-23 21:00:00,4449.531498098233
01-23 22:00:00,3701.6000298902986
01-23 23:00:00,3569.243078223743
01-24 00:00:00,3536.3739488364654
01-24 01:00:00,3377.0849535773627
01-24 02:00:00,3262.5919315043284
01-24 03:00:00,3202.551882512019
01-24 04:00:00,3297.4756445353055
01-24 05:00:00,3607.6453019833466
01-24 06:00:00,5984.202387023301
01-24 07:00:00,5401.799573623752
01-24 08:00:00,5058.652978910068
01-24 09:00:00,4951.00276804469
01-24 10:00:00,4789.397986451871
01-24 11:00:00,4648.218571378191
01-24 12:00:00,6297.86386117353
01-24 13:00:00,5382.7142721373475
01-24 14:00:00,4890.039243183293
01-24 15:00:00,5006.705678077339
01-24 16:00:00,5257.363367125689
01-24 17:00:00,5624.6457621233785
01-24 18:00:00,6605.677723127443
01-24 19:00:00,6295.950806282976
01-24 20:00:00,4733.942903359195
01-24 21:00:00,4462.503171313184
01-24 22:00:00,4004.7939316244615
01-24 23:00:00,3803.5473422410987
01-25 00:00:00,3719.6175481538135
01-25 01:00:00,3539.9022749047886
01-25 02:00:00,3472.756983840765
01-25 03:00:00,3494.7121160927472
01-25 04:00:00,3543.445000425264
01-25 05:00:00,3793.7205138295294
01-25 06:00:00,6094.543871007575
01-25 07:00:00,5515.541092514538
01-25 08:00:00,5110.47235256572
01-25 09:00:00,5055.855616152542
01-25 10:00:00,4921.276612801033
01-25 11:00:00,4764.8047897584165
01-25 12:00:00,6389.683591483052
01-25 13:00:00,5451.0321157785265
01-25 14:00:00,4949.514549477324
01-25 15:00:00,5057.365739959935
01-25 16:00:00,5222.324150655291
01-25 17:00:00,5629.2923085646435
01-25 18:00:00,6332.852960513425
01-25 19:00:00,6443.6818679564985
01-25 20:00:00,4596.214385926863
01-25 21:00:00,4418.305853579722
01-25 22:00:00,3719.0225512567176
01-25 23:00:00,3697.35079360565
01-26 00:00:00,3642.8507938956855
01-26 01:00:00,3478.274336138961
01-26 02:00:00,3431.4528791344346
01-26 03:00:00,3431.6361819693734
01-26 04:00:00,3425.2625000668886
01-26 05:00:00,3611.660769790256
01-26 06:00:00,5898.823429611062
01-26 07:00:00,5639.731354042888
01-26 08:00:00,5056.717591889539
01-26 09:00:00,4969.337438917655
01-26 10:00:00,4841.545754705599
01-26 11:00:00,4679.02306756525
01-26 12:00:00,6252.578249562122
01-26 13:00:00,5307.779355074984
01-26 14:00:00,4805.841664667432
01-26 15:00:00,4954.192031811091
01-26 16:00:00,5142.985031003631
01-26 17:00:00,5471.789576620394
01-26 18:00:00,6470.2330410961995
01-26 19:00:00,6175.910739914406
01-26 20:00:00,4477.825746875567
01-26 21:00:00,4351.2464721701335
01-26 22:00:00,3896.0392046775078
01-26 23:00:00,3781.570800559466
01-27 00:00:00,3627.2602126163647
01-27 01:00:00,3475.0939938302317
01-27 02:00:00,3401.1894655735355
01-27 03:00:00,3371.8490645070688
01-27 04:00:00,3378.5304501951055
01-27 05:00:00,3608.0449468395072
01-27 06:00:00,5412.0899865746005
01-27 07:00:00,4712.023842012702
01-27 08:00:00,3935.2326913127317
01-27 09:00:00,3817.5083108440595
01-27 10:00:00,3773.027629201157
01-27 11:00:00,3661.4669281314036
01-27 12:00:00,5313.412846924782
01-27 13:00:00,4422.032499252758
01-27 14:00:00,3856.416961524205
01-27 15:00:00,3981.741790117827
01-27 16:00:00,4143.736075168059
01-27 17:00:00,4790.227374546599
01-27 18:00:00,5743.467463818645
01-27 19:00:00,5729.9057766425385
01-27 20:00:00,4209.452654490734
01-27 21:00:00,4148.227352229608
01-27 22:00:00,3594.3431486436975
01-27 23:00:00,3378.4610350302255
01-28 00:00:00,3263.8682783086915
01-28 01:00:00,3082.9561162777254
01-28 02:00:00,3000.9713947116243
01-28 03:00:00,2958.722718542806
01-28 04:00:00,2945.6228100496833
01-28 05:00:00,3129.3814608531034
01-28 06:00:00,5041.124972398951
01-28 07:00:00,4122.93060590842
01-28 08:00:00,3273.3309615607473
01-28 09:00:00,3137.558662727848
01-28 10:00:00,3052.4122439101247
01-28 11:00:00,2924.9606751285623
01-28 12:00:00,4583.852998088954
01-28 13:00:00,3692.2713533429655
01-28 14:00:00,3170.1885311242154
01-28 15:00:00,3333.7254078741885
01-28 16:00:00,3476.368695069562
01-28 17:00:00,4105.0542309287985
01-28 18:00:00,4948.09477028319
01-28 19:00:00,5032.380436612836
01-28 20:00:00,3469.3363875216037
01-28 21:00:00,3588.7152684134658
01-28 22:00:00,3086.203087095447
01-28 23:00:00,3034.618825563252
01-29 00:00:00,3218.758431440078
01-29 01:00:00,3100.6478597790538
01-29 02:00:00,3059.2080674197096
01-29 03:00:00,3064.0836100998176
01-29 04:00:00,3101.2199701374566
01-29 05:00:00,3315.7802671991335
01-29 06:00:00,5687.037262835951
01-29 07:00:00,5116.519135879762
01-29 08:00:00,4513.579202421025
01-29 09:00:00,4416.971654658274
01-29 10:00:00,4272.155334806686
01-29 11:00:00,4223.865843386559
01-29 12:00:00,5954.718829126757
01-29 13:00:00,5087.793763778303
01-29 14:00:00,4575.156539776638
01-29 15:00:00,4644.27139950952
01-29 16:00:00,4704.182812445537
01-29 17:00:00,5270.520565278372
01-29 18:00:00,5946.755127806639
01-29 19:00:00,5769.824285239989
01-29 20:00:00,4128.398455954423
01-29 21:00:00,3951.791202592392
01-29 22:00:00,3405.4091011942246
01-29 23:00:00,3260.7933383892982
01-30 00:00:00,3191.959240347822
01-30 01:00:00,3044.9520986540956
01-30 02:00:00,3016.252303867012
01-30 03:00:00,3014.50497571589
01-30 04:00:00,3079.210478867306
01-30 05:00:00,3296.0996464266373
01-30 06:00:00,5608.66824932673
01-30 07:00:00,5379.322961145383
01-30 08:00:00,4798.86190178513
01-30 09:00:00,4711.235854525095
01-30 10:00:00,4586.484245245564
01-30 11:00:00,4418.264440361208
01-30 12:00:00,6011.986879461667
01-30 13:00:00,5221.867091812949
01-30 14:00:00,4696.882813472564
01-30 15:00:00,4855.82946084977
01-30 16:00:00,4996.745822089834
01-30 17:00:00,5364.888745206888
01-30 18:00:00,6077.292834072967
01-30 19:00:00,6136.9746478477455
01-30 20:00:00,4325.619931673014
01-30 21:00:00,4062.634910149084
01-30 22:00:00,3538.346732112625
01-30 23:00:00,3422.6510790811963
01-31 00:00:00,3364.541815694849
01-31 01:00:00,3218.014138414524
01-31 02:00:00,3179.367900189488
01-31 03:00:00,3170.0176356193288
01-31 04:00:00,3196.76233889388
01-31 05:00:00,3415.3783044101774
01-31 06:00:00,5666.912150717487
01-31 07:00:00,5372.602613299255
01-31 08:00:00,4815.5460171163895
01-31 09:00:00,4725.259606872792
01-31 10:00:00,4639.442230698915
01-31 11:00:00,4506.115998482855
01-31 12:00:00,6088.943415890314
01-31 13:00:00,5158.057802957255
01-31 14:00:00,4575.582673186898
01-31 15:00:00,4727.582851784559
01-31 16:00:00,4869.5794294670795
01-31 17:00:00,5189.380266427395
01-31 18:00:00,5978.973463307292
01-31 19:00:00,6159.917856715862
01-31 20:00:00,4301.099303482112
01-31 21:00:00,4210.505473407637
01-31 22:00:00,3678.893348108142
01-31 23:00:00,3468.848553915347
02-01 00:00:00,3358.888346701259
02-01 01:00:00,3207.341497648902
02-01 02:00:00,3139.670441308973
02-01 03:00:00,3132.9413324018456
02-01 04:00:00,3139.9259132797943
02-01 05:00:00,3459.273622857631
02-01 06:00:00,5599.127112002193
02-01 07:00:00,5161.62791135205
02-01 08:00:00,4494.146991006887
02-01 09:00:00,4332.185380701995
02-01 10:00:00,4130.9569016496325
02-01 11:00:00,4030.0547012245706
02-01 12:00:00,5656.49908346541
02-01 13:00:00,4699.448573049831
02-01 14:00:00,4210.117051744472
02-01 15:00:00,4438.995810064964
02-01 16:00:00,4616.181238476222
02-01 17:00:00,5315.1923623972925
02-01 18:00:00,5983.234196716783
02-01 19:00:00,5864.721581576599
02-01 20:00:00,4238.4659864147325
02-01 21:00:00,4111.276518377349
02-01 22:00:00,3555.2359902408703
02-01 23:00:00,3356.397942573704
02-02 00:00:00,3319.1572136214795
02-02 01:00:00,3164.048487131616
02-02 02:00:00,3072.0772639979045
02-02 03:00:00,3032.141873658051
02-02 04:00:00,3083.570721559984
02-02 05:00:00,3375.9173734312344
02-02 06:00:00,5623.030950822584
02-02 07:00:00,5130.424105760641
02-02 08:00:00,4487.087444265328
02-02 09:00:00,4271.860988258912
02-02 10:00:00,4088.19409219115
02-02 11:00:00,3875.017941500636
02-02 12:00:00,5504.023104454317
02-02 13:00:00,4565.5808964198595
02-02 14:00:00,4047.836369052085
02-02 15:00:00,4241.454007098623
02-02 16:00:00,4418.82691128516
02-02 17:00:00,5124.171825705666
02-02 18:00:00,5774.903620388112
02-02 19:00:00,5778.060476585057
02-02 20:00:00,4081.428339611069
02-02 21:00:00,3973.1927765632954
02-02 22:00:00,3312.4936173736305
02-02 23:00:00,3265.437917000276
02-03 00:00:00,3107.706738240235
02-03 01:00:00,2904.4405493056415
02-03 02:00:00,2838.2231357421906
02-03 03:00:00,2828.606819927283
02-03 04:00:00,2825.333681458684
02-03 05:00:00,3054.0145553788366
02-03 06:00:00,4979.385721530543
02-03 07:00:00,4045.6295995742835
02-03 08:00:00,3203.808042568203
02-03 09:00:00,2991.1350205581953
02-03 10:00:00,2817.8727638935097
02-03 11:00:00,2655.878114138953
02-03 12:00:00,4317.355915160485
02-03 13:00:00,3446.2515327254087
02-03 14:00:00,2932.6990028432674
02-03 15:00:00,3171.476489120203
02-03 16:00:00,3373.464194325949
02-03 17:00:00,4204.470800852263
02-03 18:00:00,5212.751676254587
02-03 19:00:00,5146.439155404316
02-03 20:00:00,3623.648053207758
02-03 21:00:00,3593.484628092021
02-03 22:00:00,3080.9956464135194
02-03 23:00:00,2907.5558061021034
02-04 00:00:00,2714.2569319879212
02-04 01:00:00,2554.722365342179
02-04 02:00:00,2581.1356584757355
02-04 03:00:00,2598.6938198899297
02-04 04:00:00,2633.6990164178774
02-04 05:00:00,2843.118466374055
02-04 06:00:00,4776.251053774561
02-04 07:00:00,3805.816833103679
02-04 08:00:00,2951.0521649933844
02-04 09:00:00,2661.9061040658785
02-04 10:00:00,2466.701461259818
02-04 11:00:00,2268.9573447934804
02-04 12:00:00,3855.329261072769
02-04 13:00:00,2994.888657690567
02-04 14:00:00,2557.2374229683146
02-04 15:00:00,2773.254036348715
02-04 16:00:00,3042.895230396076
02-04 17:00:00,3899.7550373542535
02-04 18:00:00,4980.228470462215
02-04 19:00:00,5113.686218804697
02-04 20:00:00,3607.2257916263206
02-04 21:00:00,3642.1053605126413
02-04 22:00:00,3044.118166260366
02-04 23:00:00,2919.042294870697
02-05 00:00:00,3141.6619547943774
02-05 01:00:00,3015.9403567739964
02-05 02:00:00,2995.2592994975853
02-05 03:00:00,3010.9970919804596
02-05 04:00:00,3048.6026873440173
02-05 05:00:00,3333.5587101120727
02-05 06:00:00,5633.932560520772
02-05 07:00:00,4955.892993449683
02-05 08:00:00,4508.032996835541
02-05 09:00:00,4201.947110232514
02-05 10:00:00,3952.066697380511
02-05 11:00:00,3769.9063708291874
02-05 12:00:00,5314.770091687139
02-05 13:00:00,4345.201505046174
02-05 14:00:00,3865.714519358786
02-05 15:00:00,4062.9363315024825
02-05 16:00:00,4305.338753331548
02-05 17:00:00,4888.637446505146
02-05 18:00:00,5725.97973706686
02-05 19:00:00,5640.410287046871
02-05 20:00:00,4191.219046556177
02-05 21:00:00,3920.0870668031985
02-05 22:00:00,3392.213238873137
02-05 23:00:00,3302.0597317790866
02-06 00:00:00,3213.123245084439
02-06 01:00:00,3075.2115012830923
02-06 02:00:00,3047.689077316434
02-06 03:00:00,3067.757540136206
02-06 04:00:00,3075.9116817254694
02-06 05:00:00,3357.9829837569705
02-06 06:00:00,5584.645786601101
02-06 07:00:00,5145.994956747017
02-06 08:00:00,4463.378855855076
02-06 09:00:00,4273.358412764231
02-06 10:00:00,4050.0692639518925
02-06 11:00:00,3887.5778826790065
02-06 12:00:00,5502.941870801659
02-06 13:00:00,4578.827084564737
02-06 14:00:00,4086.978317700906
02-06 15:00:00,4288.921052535602
02-06 16:00:00,4470.897942387309
02-06 17:00:00,5276.282968666199
02-06 18:00:00,5935.249167210524
02-06 19:00:00,5831.7518801113965
02-06 20:00:00,4258.952265869413
02-06 21:00:00,4029.8719422650706
02-06 22:00:00,3483.427712056539
02-06 23:00:00,3379.727252662918
02-07 00:00:00,3290.919709040913
02-07 01:00:00,3132.515027537307
02-07 02:00:00,3098.0125452055063
02-07 03:00:00,3085.492276990885
02-07 04:00:00,3116.2926006757843
02-07 05:00:00,3397.7322621290787
02-07 06:00:00,5585.407647922083
02-07 07:00:00,5172.530454213431
02-07 08:00:00,4484.923216041728
02-07 09:00:00,4290.048207262031
02-07 10:00:00,4089.5705972882192
02-07 11:00:00,4005.2246624135114
02-07 12:00:00,5583.460569613771
02-07 13:00:00,4697.41547102251
02-07 14:00:00,4217.816854441465
02-07 15:00:00,4469.628904384496
02-07 16:00:00,4667.867306741755
02-07 17:00:00,5219.644934135454
02-07 18:00:00,6225.307093371457
02-07 19:00:00,6043.9308163993355
02-07 20:00:00,4453.190949044182
02-07 21:00:00,4289.056895114654
02-07 22:00:00,3830.5889369277606
02-07 23:00:00,3523.077053318461
02-08 00:00:00,3477.1134338287993
02-08 01:00:00,3329.174960473124
02-08 02:00:00,3300.097079398027
02-08 03:00:00,3300.086008469332
02-08 04:00:00,3335.061096509397
02-08 05:00:00,3529.556085115289
02-08 06:00:00,5825.10060817792
02-08 07:00:00,5350.848760685599
02-08 08:00:00,4704.48743734316
02-08 09:00:00,4511.424159648041
02-08 10:00:00,4256.7861515692075
02-08 11:00:00,4022.843790265788
02-08 12:00:00,5608.499521632906
02-08 13:00:00,4643.175324955185
02-08 14:00:00,4148.867077277168
02-08 15:00:00,4392.125373332395
02-08 16:00:00,4730.856171327461
02-08 17:00:00,5360.9096201303855
02-08 18:00:00,6099.433742573146
02-08 19:00:00,6224.174772146272
02-08 20:00:00,4417.718545159905
02-08 21:00:00,4248.912385288354
02-08 22:00:00,3713.571395300149
02-08 23:00:00,3583.6953293354845
02-09 00:00:00,3549.6828189807884
02-09 01:00:00,3395.852392480413
02-09 02:00:00,3330.768744804951
02-09 03:00:00,3338.762697880257
02-09 04:00:00,3356.7592527001248
02-09 05:00:00,3587.7376092354452
02-09 06:00:00,6006.778212723301
02-09 07:00:00,5305.010336572548
02-09 08:00:00,4766.889845597261
02-09 09:00:00,4573.720223760421
02-09 10:00:00,4397.503273152583
02-09 11:00:00,4239.690483254299
02-09 12:00:00,5803.927152787488
02-09 13:00:00,4933.463775676084
02-09 14:00:00,4406.533177857202
02-09 15:00:00,4566.186653053033
02-09 16:00:00,4755.404484927096
02-09 17:00:00,5289.108552202102
02-09 18:00:00,6168.869682668312
02-09 19:00:00,6057.31300416292
02-09 20:00:00,4605.678363383991
02-09 21:00:00,4334.1423154291915
02-09 22:00:00,3820.2541248093617
02-09 23:00:00,3628.503957336131
02-10 00:00:00,3492.924098290301
02-10 01:00:00,3304.917029062977
02-10 02:00:00,3205.4925637223932
02-10 03:00:00,3176.369667474902
02-10 04:00:00,3177.854289802086
02-10 05:00:00,3419.4084801095423
02-10 06:00:00,5268.9121140350835
02-10 07:00:00,4375.015737676862
02-10 08:00:00,3562.756671825409
02-10 09:00:00,3384.1356207200683
02-10 10:00:00,3243.8596013092324
02-10 11:00:00,3071.3880594209572
02-10 12:00:00,4713.996422152045
02-10 13:00:00,3732.304135185381
02-10 14:00:00,3204.2531268521357
02-10 15:00:00,3342.549440355772
02-10 16:00:00,3634.8041206045496
02-10 17:00:00,4561.3249876787095
02-10 18:00:00,5636.8547739246
02-10 19:00:00,5757.164179978316
02-10 20:00:00,4302.962714575276
02-10 21:00:00,4309.370671149265
02-10 22:00:00,3720.260902717258
02-10 23:00:00,3709.3615704818003
02-11 00:00:00,3593.204301032482
02-11 01:00:00,3436.462004915795
02-11 02:00:00,3396.4681325058727
02-11 03:00:00,3389.597424940371
02-11 04:00:00,3414.046772370865
02-11 05:00:00,3664.8874366226933
02-11 06:00:00,5575.29598693282
02-11 07:00:00,4548.209080298647
02-11 08:00:00,3643.079554421797
02-11 09:00:00,3375.688594636923
02-11 10:00:00,3273.014448531614
02-11 11:00:00,3135.9903561587994
02-11 12:00:00,4799.783621243664
02-11 13:00:00,3888.4217071074754
02-11 14:00:00,3384.949361577714
02-11 15:00:00,3607.562650760461
02-11 16:00:00,3843.8725711799325
02-11 17:00:00,4720.928103436936
02-11 18:00:00,5741.624087655454
02-11 19:00:00,5820.515107289008
02-11 20:00:00,4358.421882975911
02-11 21:00:00,4369.6298874175845
02-11 22:00:00,3858.953310403583
02-11 23:00:00,3671.837753169417
02-12 00:00:00,3891.4262101767067
02-12 01:00:00,3787.675117955379
02-12 02:00:00,3736.122147847615
02-12 03:00:00,3728.6374922165387
02-12 04:00:00,3767.960635349672
02-12 05:00:00,4110.121945634447
02-12 06:00:00,6279.291832303248
02-12 07:00:00,5851.459586258139
02-12 08:00:00,5175.222338203362
02-12 09:00:00,4974.657706451572
02-12 10:00:00,4805.355835990457
02-12 11:00:00,4655.183275941798
02-12 12:00:00,6274.293517333852
02-12 13:00:00,5357.567924047182
02-12 14:00:00,4861.966127597064
02-12 15:00:00,5081.043045862166
02-12 16:00:00,5288.208162457374
02-12 17:00:00,5991.359137797328
02-12 18:00:00,6576.267041570254
02-12 19:00:00,6442.576370963714
02-12 20:00:00,4836.811904874467
02-12 21:00:00,4696.339346032088
02-12 22:00:00,4136.4141883222555
02-12 23:00:00,3984.613199148904
02-13 00:00:00,3959.175654599435
02-13 01:00:00,3825.47461071964
02-13 02:00:00,3770.6663153112304
02-13 03:00:00,3800.1069748262757
02-13 04:00:00,3846.070921404839
02-13 05:00:00,4001.0472810469723
02-13 06:00:00,6333.7417152083435
02-13 07:00:00,5970.2021941545045
02-13 08:00:00,5262.157800885485
02-13 09:00:00,5096.0439515830085
02-13 10:00:00,4897.416484064196
02-13 11:00:00,4703.205741784584
02-13 12:00:00,6380.814721217663
02-13 13:00:00,5411.845320890968
02-13 14:00:00,4919.305572112713
02-13 15:00:00,5099.706165983537
02-13 16:00:00,5305.239414327073
02-13 17:00:00,5829.409706258976
02-13 18:00:00,6750.185186315629
02-13 19:00:00,6636.925095023723
02-13 20:00:00,5169.956937323435
02-13 21:00:00,4876.415782358951
02-13 22:00:00,4433.992116379357
02-13 23:00:00,4318.739470141775
02-14 00:00:00,4270.0661193539145
02-14 01:00:00,4145.216472020113
02-14 02:00:00,4115.715484011486
02-14 03:00:00,4123.114701378834
02-14 04:00:00,4135.200985851586
02-14 05:00:00,4319.856357323544
02-14 06:00:00,6618.650657312377
02-14 07:00:00,6237.8555518536095
02-14 08:00:00,5500.453483067668
02-14 09:00:00,5253.809328600677
02-14 10:00:00,4947.502809299846
02-14 11:00:00,4707.655240650735
02-14 12:00:00,6257.375013297995
02-14 13:00:00,5233.732956096779
02-14 14:00:00,4678.8529862055975
02-14 15:00:00,4900.916443042946
02-14 16:00:00,5140.963664604243
02-14 17:00:00,5698.6035850567405
02-14 18:00:00,6623.876037510057
02-14 19:00:00,6473.118597447456
02-14 20:00:00,5023.355695473163
02-14 21:00:00,4917.173037945323
02-14 22:00:00,4201.618941495369
02-14 23:00:00,3973.0673001477776
02-15 00:00:00,3903.9448197715706
02-15 01:00:00,3750.654310248375
02-15 02:00:00,3729.8787191895867
02-15 03:00:00,3741.860189333562
02-15 04:00:00,3760.985146945534
02-15 05:00:00,4100.571008237577
02-15 06:00:00,6241.536845975779
02-15 07:00:00,5765.575297213468
02-15 08:00:00,5041.7170012927645
02-15 09:00:00,4696.7791232502705
02-15 10:00:00,4427.320054080995
02-15 11:00:00,4193.568989235816
02-15 12:00:00,5800.992640291622
02-15 13:00:00,4810.795971157033
02-15 14:00:00,4318.0249245756695
02-15 15:00:00,4512.303173480062
02-15 16:00:00,4709.680239977905
02-15 17:00:00,5443.356868744917
02-15 18:00:00,6056.262336724953
02-15 19:00:00,6010.231506132468
02-15 20:00:00,4329.654228317474
02-15 21:00:00,4091.298762822955
02-15 22:00:00,3626.7624151957784
02-15 23:00:00,3490.415149982406
02-16 00:00:00,3430.0625381904842
02-16 01:00:00,3275.8484915700265
02-16 02:00:00,3217.0420171644037
02-16 03:00:00,3187.4463239726865
02-16 04:00:00,3215.937400254056
02-16 05:00:00,3352.4911718707126
02-16 06:00:00,5827.9252977203005
02-16 07:00:00,5041.965354039392
02-16 08:00:00,4495.166998012005
02-16 09:00:00,4267.703153024008
02-16 10:00:00,4074.6825902034147
02-16 11:00:00,3919.3129627046133
02-16 12:00:00,5500.715061285935
02-16 13:00:00,4484.905245294696
02-16 14:00:00,3938.0079995645765
02-16 15:00:00,4162.68010764379
02-16 16:00:00,4386.111909030238
02-16 17:00:00,4890.390311622743
02-16 18:00:00,5733.20889517086
02-16 19:00:00,5824.568195353061
02-16 20:00:00,4130.403478251381
02-16 21:00:00,3904.907947541686
02-16 22:00:00,3385.137658090939
02-16 23:00:00,3307.931956095738
02-17 00:00:00,3139.2497382751267
02-17 01:00:00,2946.17693779872
02-17 02:00:00,2878.9246998638478
02-17 03:00:00,2807.7354542500843
02-17 04:00:00,2802.177740609925
02-17 05:00:00,3021.3827560966038
02-17 06:00:00,4946.173154473078
02-17 07:00:00,4025.1128109171136
02-17 08:00:00,3225.6013339053443
02-17 09:00:00,3019.5015315558853
02-17 10:00:00,2853.0288621389795
02-17 11:00:00,2675.192222411558
02-17 12:00:00,4187.0275704141295
02-17 13:00:00,3310.6463759531102
02-17 14:00:00,2833.602680038466
02-17 15:00:00,3051.6877413723437
02-17 16:00:00,3329.253951906302
02-17 17:00:00,4206.359522832604
02-17 18:00:00,5268.627351788443
02-17 19:00:00,5263.73557879054
02-17 20:00:00,3816.508135979369
02-17 21:00:00,3807.2610741674002
02-17 22:00:00,3271.889851051751
02-17 23:00:00,3146.5291423176905
02-18 00:00:00,3041.7595772563486
02-18 01:00:00,2847.046473991053
02-18 02:00:00,2800.871416554026
02-18 03:00:00,2797.631822699098
02-18 04:00:00,2830.975051736426
02-18 05:00:00,3061.115927419194
02-18 06:00:00,5000.381273644467
02-18 07:00:00,3954.109815453967
02-18 08:00:00,3011.401383302823
02-18 09:00:00,2757.8533818581673
02-18 10:00:00,2507.4431311699964
02-18 11:00:00,2286.1533477761595
02-18 12:00:00,3925.1931999799012
02-18 13:00:00,2950.2192613530274
02-18 14:00:00,2446.491241486162
02-18 15:00:00,2683.858154604992
02-18 16:00:00,2959.3851657698633
02-18 17:00:00,3840.5896081482397
02-18 18:00:00,4888.339015748287
02-18 19:00:00,4979.06223025945
02-18 20:00:00,3518.3209102424903
02-18 21:00:00,3542.9292144620003
02-18 22:00:00,2999.8130995425536
02-18 23:00:00,2831.8783710545345
02-19 00:00:00,3021.8712592125794
02-19 01:00:00,2946.104958724029
02-19 02:00:00,2885.568712163169
02-19 03:00:00,2907.692255253036
02-19 04:00:00,2939.6878260706762
02-19 05:00:00,3209.472890613463
02-19 06:00:00,5539.645321098171
02-19 07:00:00,4826.735460906452
02-19 08:00:00,4300.740852992363
02-19 09:00:00,4082.8235098233777
02-19 10:00:00,3848.779247883903
02-19 11:00:00,3593.7745750971812
02-19 12:00:00,5195.852960620314
02-19 13:00:00,4236.743758677078
02-19 14:00:00,3722.0230764571284
02-19 15:00:00,3938.3881984629347
02-19 16:00:00,4232.236560553754
02-19 17:00:00,4980.571844810307
02-19 18:00:00,5736.929219313018
02-19 19:00:00,5616.460704088896
02-19 20:00:00,3986.626114333326
02-19 21:00:00,3858.65897736055
02-19 22:00:00,3297.090570315676
02-19 23:00:00,3228.8194514845686
02-20 00:00:00,3125.223962026828
02-20 01:00:00,2989.649623369261
02-20 02:00:00,2971.781877189877
02-20 03:00:00,2999.9167515401086
02-20 04:00:00,3069.2098456053873
02-20 05:00:00,3157.6753868731494
02-20 06:00:00,5515.2518515894035
02-20 07:00:00,5112.573844095851
02-20 08:00:00,4398.180001401071
02-20 09:00:00,4153.737886835411
02-20 10:00:00,3831.6536945738926
02-20 11:00:00,3618.2430675534483
02-20 12:00:00,5204.867513456979
02-20 13:00:00,4294.6024159438675
02-20 14:00:00,3779.705294941566
02-20 15:00:00,3997.928717443346
02-20 16:00:00,4270.972765425407
02-20 17:00:00,4980.116807146009
02-20 18:00:00,5708.818330943441
02-20 19:00:00,5672.900808085626
02-20 20:00:00,4116.455350734648
02-20 21:00:00,4054.5281669381743
02-20 22:00:00,3475.0539673261674
02-20 23:00:00,3257.921945954942
02-21 00:00:00,3178.3136741990706
02-21 01:00:00,3076.198084317006
02-21 02:00:00,3044.408983542721
02-21 03:00:00,3035.050926645275
02-21 04:00:00,3104.441389954681
02-21 05:00:00,3359.9849891160097
02-21 06:00:00,5751.514799539189
02-21 07:00:00,5075.579408739596
02-21 08:00:00,4501.0368655807615
02-21 09:00:00,4205.9107332102785
02-21 10:00:00,3858.8010225558774
02-21 11:00:00,3690.035840104515
02-21 12:00:00,5271.989467366593
02-21 13:00:00,4251.28343575817
02-21 14:00:00,3679.7240016616356
02-21 15:00:00,3923.183352325301
02-21 16:00:00,4231.3194923954015
02-21 17:00:00,4940.609499581101
02-21 18:00:00,5672.56029214655
02-21 19:00:00,5612.692022564931
02-21 20:00:00,4022.0126731763908
02-21 21:00:00,3929.1338210026643
02-21 22:00:00,3285.2651543694215
02-21 23:00:00,3236.5470273627834
02-22 00:00:00,3197.5679863786327
02-22 01:00:00,3043.8965200101675
02-22 02:00:00,2998.6313382789976
02-22 03:00:00,3048.670324630987
02-22 04:00:00,3080.7669349054922
02-22 05:00:00,3238.1077317169684
02-22 06:00:00,5682.417502637093
02-22 07:00:00,4974.925076145222
02-22 08:00:00,4358.808630032974
02-22 09:00:00,4061.065245640388
02-22 10:00:00,3750.3822713112077
02-22 11:00:00,3559.315550297846
02-22 12:00:00,5192.593945628194
02-22 13:00:00,4215.657184660596
02-22 14:00:00,3727.2564345303326
02-22 15:00:00,3929.2891329883955
02-22 16:00:00,4159.683309458692
02-22 17:00:00,4688.770652531457
02-22 18:00:00,5571.7302907090125
02-22 19:00:00,5550.719948005147
02-22 20:00:00,4001.684852468373
02-22 21:00:00,3813.0388062560123
02-22 22:00:00,3176.7543794815774
02-22 23:00:00,3126.8142606176907
02-23 00:00:00,3074.3021527653086
02-23 01:00:00,2950.551949282095
02-23 02:00:00,2914.9503159493715
02-23 03:00:00,2913.790973282031
02-23 04:00:00,3020.9907399041235
02-23 05:00:00,3307.045009128358
02-23 06:00:00,5490.647617163946
02-23 07:00:00,5069.2474547353095
02-23 08:00:00,4365.614374845359
02-23 09:00:00,4101.083367582983
02-23 10:00:00,3879.187195728772
02-23 11:00:00,3659.9059071887677
02-23 12:00:00,5203.944355595801
02-23 13:00:00,4240.628253341249
02-23 14:00:00,3686.826065833378
02-23 15:00:00,3888.9532522325503
02-23 16:00:00,4101.7890498162305
02-23 17:00:00,4688.903827850488
02-23 18:00:00,5517.224336627988
02-23 19:00:00,5514.177556286386
02-23 20:00:00,4035.7209796289662
02-23 21:00:00,3926.001730443826
02-23 22:00:00,3308.620259072291
02-23 23:00:00,3128.719477249397
02-24 00:00:00,2966.2513133111684
02-24 01:00:00,2789.624489863863
02-24 02:00:00,2734.9439010592146
02-24 03:00:00,2731.0084152911672
02-24 04:00:00,2757.3311754913516
02-24 05:00:00,2943.578463030025
02-24 06:00:00,4925.267374861097
02-24 07:00:00,3999.135091948989
02-24 08:00:00,3145.6159025955412
02-24 09:00:00,2910.9124604746626
02-24 10:00:00,2690.5743886259356
02-24 11:00:00,2489.4775588947523
02-24 12:00:00,4068.599243024195
02-24 13:00:00,3099.1597824521077
02-24 14:00:00,2551.478558656844
02-24 15:00:00,2735.030117141963
02-24 16:00:00,3042.4424837343627
02-24 17:00:00,3913.871867873677
02-24 18:00:00,4967.376670864224
02-24 19:00:00,5033.4804751764095
02-24 20:00:00,3588.4896452679013
02-24 21:00:00,3492.3071290143453
02-24 22:00:00,2936.478988588185
02-24 23:00:00,2865.066991435318
02-25 00:00:00,2758.0275150672187
02-25 01:00:00,2620.403601752854
02-25 02:00:00,2541.565913001444
02-25 03:00:00,2568.3203388153042
02-25 04:00:00,2562.6862103144863
02-25 05:00:00,2814.3147870055277
02-25 06:00:00,4750.04290884412
02-25 07:00:00,3738.9284847917747
02-25 08:00:00,2850.522823517772
02-25 09:00:00,2496.622014407629
02-25 10:00:00,2237.6609745747605
02-25 11:00:00,2039.3667675455958
02-25 12:00:00,3666.2975358422327
02-25 13:00:00,2688.71393028962
02-25 14:00:00,2196.0929579919707
02-25 15:00:00,2433.6044792901903
02-25 16:00:00,2710.3706049949724
02-25 17:00:00,3606.914475584385
02-25 18:00:00,4673.799357509389
02-25 19:00:00,4808.762048588464
02-25 20:00:00,3393.502230706451
02-25 21:00:00,3423.236696340531
02-25 22:00:00,2898.175492492802
02-25 23:00:00,2812.602377825303
02-26 00:00:00,2989.1232175567748
02-26 01:00:00,2879.8710640419004
02-26 02:00:00,2872.719181453534
02-26 03:00:00,2866.5200243307386
02-26 04:00:00,2910.577762878666
02-26 05:00:00,3113.7427448153157
02-26 06:00:00,5608.716849926767
02-26 07:00:00,4837.662373151798
02-26 08:00:00,4302.5940128622715
02-26 09:00:00,4010.8560298694347
02-26 10:00:00,3817.6749384064674
02-26 11:00:00,3577.378214395347
02-26 12:00:00,5171.9032451668845
02-26 13:00:00,4236.556205951708
02-26 14:00:00,3716.8624298070663
02-26 15:00:00,3908.9833753381513
02-26 16:00:00,4196.990606924714
02-26 17:00:00,4787.514741513366
02-26 18:00:00,5677.763690478738
02-26 19:00:00,5584.951270486301
02-26 20:00:00,4098.617966172687
02-26 21:00:00,3755.3132732119643
02-26 22:00:00,3265.21263039174
02-26 23:00:00,3098.048775739828
02-27 00:00:00,3050.2491648525115
02-27 01:00:00,2890.0731531434835
02-27 02:00:00,2895.5516342288392
02-27 03:00:00,2921.6105861184446
02-27 04:00:00,2981.844954925538
02-27 05:00:00,3197.623246917648
02-27 06:00:00,5488.106504996818
02-27 07:00:00,5104.308184148877
02-27 08:00:00,4407.681974537839
02-27 09:00:00,4284.898989801714
02-27 10:00:00,4080.9708810775905
02-27 11:00:00,3937.996138870696
02-27 12:00:00,5609.602130086587
02-27 13:00:00,4675.164305750072
02-27 14:00:00,4192.59893801783
02-27 15:00:00,4384.327383012988
02-27 16:00:00,4603.661636237742
02-27 17:00:00,5144.358877841165
02-27 18:00:00,5929.177658867144
02-27 19:00:00,5827.649327746568
02-27 20:00:00,4370.599800368062
02-27 21:00:00,4188.969718973685
02-27 22:00:00,3545.5139347980667
02-27 23:00:00,3424.057042385851
02-28 00:00:00,3377.464808268437
02-28 01:00:00,3266.412149543852
02-28 02:00:00,3200.5806741313572
02-28 03:00:00,3188.2642998355172
02-28 04:00:00,3211.10208686481
02-28 05:00:00,3457.7902919301837
02-28 06:00:00,5789.9540117689485
02-28 07:00:00,5148.531823037504
02-28 08:00:00,4610.744857595752
02-28 09:00:00,4392.349445627103
02-28 10:00:00,4145.546783638209
02-28 11:00:00,4039.4123504884483
02-28 12:00:00,5633.499371841453
02-28 13:00:00,4685.548411038419
02-28 14:00:00,4111.290364131989
02-28 15:00:00,4345.186674808692
02-28 16:00:00,4596.765956941666
02-28 17:00:00,5204.563245992119
02-28 18:00:00,6010.6422470815505
02-28 19:00:00,5940.52639978532
02-28 20:00:00,4484.857894124573
02-28 21:00:00,4276.345077507812
02-28 22:00:00,3589.097872802709
02-28 23:00:00,3513.705354979721
03-01 00:00:00,3514.9440131503766
03-01 01:00:00,3364.5618766248863
03-01 02:00:00,3340.7207299937877
03-01 03:00:00,3337.290109714561
03-01 04:00:00,3390.490131313762
03-01 05:00:00,3545.3010557999314
03-01 06:00:00,5652.045871159662
03-01 07:00:00,5389.472874811957
03-01 08:00:00,4594.198023182347
03-01 09:00:00,4343.44382349528
03-01 10:00:00,4132.004258267384
03-01 11:00:00,3915.226219223038
03-01 12:00:00,5471.867145049881
03-01 13:00:00,4461.081535958432
03-01 14:00:00,3898.7837522270884
03-01 15:00:00,4132.971896629692
03-01 16:00:00,4400.051728534062
03-01 17:00:00,4976.251901573288
03-01 18:00:00,5879.182770406948
03-01 19:00:00,5879.5929588974595
03-01 20:00:00,4484.371370298086
03-01 21:00:00,4112.263593860858
03-01 22:00:00,3586.120342949312
03-01 23:00:00,3486.123863005376
03-02 00:00:00,3439.43560186818
03-02 01:00:00,3298.913238646703
03-02 02:00:00,3219.804187898359
03-02 03:00:00,3243.0068846666823
03-02 04:00:00,3307.016683695415
03-02 05:00:00,3647.257866387248
03-02 06:00:00,5740.156514034869
03-02 07:00:00,5238.367026246092
03-02 08:00:00,4456.806853321992
03-02 09:00:00,4111.361846120745
03-02 10:00:00,3852.6905591144036
03-02 11:00:00,3582.555287517605
03-02 12:00:00,5193.245589948152
03-02 13:00:00,4220.790287579765
03-02 14:00:00,3643.888967171463
03-02 15:00:00,3900.5730635721675
03-02 16:00:00,4211.008203208963
03-02 17:00:00,4747.4269692401895
03-02 18:00:00,5869.221388277838
03-02 19:00:00,5678.262866040304
03-02 20:00:00,4066.6606806469913
03-02 21:00:00,3896.9682937138687
03-02 22:00:00,3493.609766745775
03-02 23:00:00,3307.233906653091
03-03 00:00:00,3145.0164655425456
03-03 01:00:00,2938.3904432627523
03-03 02:00:00,2841.0023071452324
03-03 03:00:00,2871.428740551887
03-03 04:00:00,2892.7877087726747
03-03 05:00:00,3075.094452022579
03-03 06:00:00,4905.743144870311
03-03 07:00:00,3930.346111305055
03-03 08:00:00,3020.7357167552545
03-03 09:00:00,2753.410331469607
03-03 10:00:00,2565.3442494983387
03-03 11:00:00,2396.0368057294004
03-03 12:00:00,4005.8718177017226
03-03 13:00:00,3067.343643118681
03-03 14:00:00,2574.6050505588287
03-03 15:00:00,2841.0000323079507
03-03 16:00:00,3118.442414505057
03-03 17:00:00,4012.019328737639
03-03 18:00:00,5116.961378614564
03-03 19:00:00,5198.017198902637
03-03 20:00:00,3699.6204961726858
03-03 21:00:00,3706.8230218901995
03-03 22:00:00,3162.1076096275783
03-03 23:00:00,2994.5946612351804
03-04 00:00:00,2919.4649471846237
03-04 01:00:00,2763.447251055469
03-04 02:00:00,2675.363435835757
03-04 03:00:00,2653.979880207088
03-04 04:00:00,2641.4636286374416
03-04 05:00:00,2876.8037112937627
03-04 06:00:00,4655.702000253515
03-04 07:00:00,3549.0588004162273
03-04 08:00:00,2567.494741047084
03-04 09:00:00,2220.0648406399887
03-04 10:00:00,2028.3363965075782
03-04 11:00:00,1840.7022795229739
03-04 12:00:00,3468.769997516799
03-04 13:00:00,2517.214242012892
03-04 14:00:00,2120.8208503597884
03-04 15:00:00,2384.696014080561
03-04 16:00:00,2645.0551384398977
03-04 17:00:00,3544.9619089616003
03-04 18:00:00,4747.5122352017015
03-04 19:00:00,4848.76325097502
03-04 20:00:00,3454.1357457055465
03-04 21:00:00,3572.2134739645926
03-04 22:00:00,3014.056868828723
03-04 23:00:00,2855.3890850303364
03-05 00:00:00,3130.2436015680837
03-05 01:00:00,3000.96820888784
03-05 02:00:00,2956.6049604536474
03-05 03:00:00,2963.5724655592603
03-05 04:00:00,3003.4219407088385
03-05 05:00:00,3203.671482913348
03-05 06:00:00,5383.779156238505
03-05 07:00:00,4942.77583824624
03-05 08:00:00,4216.099401445599
03-05 09:00:00,3987.9070869330862
03-05 10:00:00,3842.460983555714
03-05 11:00:00,3741.5579432986706
03-05 12:00:00,5405.306077267044
03-05 13:00:00,4612.655966793803
03-05 14:00:00,4177.354643076328
03-05 15:00:00,4435.3448159117
03-05 16:00:00,4636.520575345026
03-05 17:00:00,5145.436439959618
03-05 18:00:00,6245.659692327535
03-05 19:00:00,5948.919711179789
03-05 20:00:00,4331.8380454705675
03-05 21:00:00,4163.497913799158
03-05 22:00:00,3673.934635081495
03-05 23:00:00,3494.791227634215
03-06 00:00:00,3417.393022651017
03-06 01:00:00,3279.904047791905
03-06 02:00:00,3243.9419097098303
03-06 03:00:00,3268.038552055533
03-06 04:00:00,3298.2862766887743
03-06 05:00:00,3487.175825444795
03-06 06:00:00,5732.900663483326
03-06 07:00:00,5298.461539841828
03-06 08:00:00,4517.109061774328
03-06 09:00:00,4249.744953176553
03-06 10:00:00,4075.926522908269
03-06 11:00:00,3912.585927900696
03-06 12:00:00,5555.168704902812
03-06 13:00:00,4644.891314772906
03-06 14:00:00,4097.136456848896
03-06 15:00:00,4356.510721567
03-06 16:00:00,4583.425500924925
03-06 17:00:00,5312.422542804776
03-06 18:00:00,5959.047711483028
03-06 19:00:00,5965.9398826223905
03-06 20:00:00,4344.4581784475395
03-06 21:00:00,4316.611055137574
03-06 22:00:00,3711.980463952983
03-06 23:00:00,3557.9052399077627
03-07 00:00:00,3524.9476252904046
03-07 01:00:00,3398.007102845046
03-07 02:00:00,3366.426185301857
03-07 03:00:00,3371.0115132632
03-07 04:00:00,3386.555793083465
03-07 05:00:00,3583.1893418566947
03-07 06:00:00,5669.776786633287
03-07 07:00:00,5159.60939551744
03-07 08:00:00,4478.795333532441
03-07 09:00:00,4183.629197505807
03-07 10:00:00,4027.076058049903
03-07 11:00:00,3857.487737133755
03-07 12:00:00,5489.819315797894
03-07 13:00:00,4541.275281209074
03-07 14:00:00,3997.0535814944847
03-07 15:00:00,4207.928768654005
03-07 16:00:00,4397.598509163687
03-07 17:00:00,4935.6159713019915
03-07 18:00:00,5957.265273196335
03-07 19:00:00,5971.15915941713
03-07 20:00:00,4163.744433649567
03-07 21:00:00,4076.6596423439387
03-07 22:00:00,3516.6455815504864
03-07 23:00:00,3362.934383836642
03-08 00:00:00,3317.4374750037623
03-08 01:00:00,3166.651928530636
03-08 02:00:00,3111.537212462584
03-08 03:00:00,3103.453189108297
03-08 04:00:00,3138.9324607183553
03-08 05:00:00,3299.8174559676017
03-08 06:00:00,5528.597724034431
03-08 07:00:00,5049.311715951088
03-08 08:00:00,4322.316980136691
03-08 09:00:00,4058.289193398875
03-08 10:00:00,3890.1338038451977
03-08 11:00:00,3703.750340510574
03-08 12:00:00,5277.779010256884
03-08 13:00:00,4379.6139401706905
03-08 14:00:00,3871.0387038245917
03-08 15:00:00,4115.110984805904
03-08 16:00:00,4388.622137017777
03-08 17:00:00,4911.675517699327
03-08 18:00:00,5880.328226197823
03-08 19:00:00,5868.5503654233235
03-08 20:00:00,4460.5337205322885
03-08 21:00:00,4155.08545391387
03-08 22:00:00,3464.615109075469
03-08 23:00:00,3374.3354800062743
03-09 00:00:00,3406.048785230212
03-09 01:00:00,3319.786156338279
03-09 02:00:00,3284.3530575307236
03-09 03:00:00,3327.285790004576
03-09 04:00:00,3369.7520825648726
03-09 05:00:00,3585.877302243939
03-09 06:00:00,5947.459260517043
03-09 07:00:00,5084.496349181585
03-09 08:00:00,4509.028296865343
03-09 09:00:00,4237.942535370912
03-09 10:00:00,4048.302818351764
03-09 11:00:00,3842.310807373917
03-09 12:00:00,5424.602394450104
03-09 13:00:00,4485.9135412867
03-09 14:00:00,3986.992022836913
03-09 15:00:00,4155.5128447270245
03-09 16:00:00,4363.11788318473
03-09 17:00:00,4864.306199230339
03-09 18:00:00,5836.174763077409
03-09 19:00:00,5768.562852934641
03-09 20:00:00,4382.670196999437
03-09 21:00:00,4138.608680137324
03-09 22:00:00,3495.7622835495827
03-09 23:00:00,3399.2245799455945
03-10 00:00:00,3182.3215522314017
03-10 01:00:00,3019.0647352692595
03-10 02:00:00,2963.7942541577277
03-10 03:00:00,2958.5227749495125
03-10 04:00:00,2967.9999292894563
03-10 05:00:00,3189.189947472669
03-10 06:00:00,4980.039011021918
03-10 07:00:00,4027.918758202355
03-10 08:00:00,3066.933504952915
03-10 09:00:00,2744.095457746631
03-10 10:00:00,2546.390468887568
03-10 11:00:00,2407.911242602356
03-10 12:00:00,4058.693189413413
03-10 13:00:00,3123.391846311335
03-10 14:00:00,2623.9442496682195
03-10 15:00:00,2870.978986344892
03-10 16:00:00,3129.230925949801
03-10 17:00:00,4023.522435918774
03-10 18:00:00,5214.941520854823
03-10 19:00:00,5263.088641234875
03-10 20:00:00,3800.4282249492726
03-10 21:00:00,3702.9947009934376
03-10 22:00:00,3126.8408116614332
03-10 23:00:00,2990.8986836959525
03-11 00:00:00,2882.3136963944758
03-11 01:00:00,2697.3329242043064
03-11 02:00:00,2612.344721100754
03-11 03:00:00,2584.988617178871
03-11 04:00:00,2588.889744623822
03-11 05:00:00,2825.3933347348875
03-11 06:00:00,4588.642738509664
03-11 07:00:00,3479.445371049288
03-11 08:00:00,2528.747685488032
03-11 09:00:00,2191.936798494333
03-11 10:00:00,1970.558556991737
03-11 11:00:00,1780.3576265239562
03-11 12:00:00,3403.123423846234
03-11 13:00:00,2502.2867096324403
03-11 14:00:00,2036.299497558213
03-11 15:00:00,2300.4469773857263
03-11 16:00:00,2582.268631321359
03-11 17:00:00,3432.5081326587397
03-11 18:00:00,4635.115824497446
03-11 19:00:00,4799.941048193512
03-11 20:00:00,3389.4872086395712
03-11 21:00:00,3342.9939565017185
03-11 22:00:00,2772.028430499431
03-11 23:00:00,2671.9577098898076
03-12 00:00:00,2890.3457386919335
03-12 01:00:00,2871.37434613817
03-12 02:00:00,2900.818820811407
03-12 03:00:00,2916.5812290811095
03-12 04:00:00,2984.595590008505
03-12 05:00:00,3296.117418425612
03-12 06:00:00,5335.916958651596
03-12 07:00:00,4978.279425503109
03-12 08:00:00,4175.307262278209
03-12 09:00:00,3920.1582101665585
03-12 10:00:00,3687.8472631318673
03-12 11:00:00,3568.034669027137
03-12 12:00:00,5186.332303111624
03-12 13:00:00,4291.913086635948
03-12 14:00:00,3803.4128042370216
03-12 15:00:00,4021.3558262031192
03-12 16:00:00,4220.987172911383
03-12 17:00:00,4952.719975684922
03-12 18:00:00,5739.586239006539
03-12 19:00:00,5679.474095567086
03-12 20:00:00,4130.368074870444
03-12 21:00:00,3916.66369950805
03-12 22:00:00,3485.6705702649515
03-12 23:00:00,3281.727756361447
03-13 00:00:00,3235.186038839313
03-13 01:00:00,3070.911298046082
03-13 02:00:00,3011.8442116687866
03-13 03:00:00,2993.2228625490097
03-13 04:00:00,3042.9447934835002
03-13 05:00:00,3265.4388745065107
03-13 06:00:00,5647.955085952043
03-13 07:00:00,4890.724961540366
03-13 08:00:00,4246.197536055529
03-13 09:00:00,3893.295821917386
03-13 10:00:00,3667.097959124852
03-13 11:00:00,3466.9322770988124
03-13 12:00:00,5058.168649334931
03-13 13:00:00,4138.097857014026
03-13 14:00:00,3648.2260455169826
03-13 15:00:00,3900.9937712303886
03-13 16:00:00,4219.2493455858
03-13 17:00:00,4883.771628708761
03-13 18:00:00,5953.400890944884
03-13 19:00:00,5982.374274054471
03-13 20:00:00,4228.30105301719
03-13 21:00:00,3987.2785587588864
03-13 22:00:00,3297.1619883713697
03-13 23:00:00,3291.8142607450786
03-14 00:00:00,3162.2053001586187
03-14 01:00:00,3152.38541219818
03-14 02:00:00,3300.9935137054235
03-14 03:00:00,3322.6914398904196
03-14 04:00:00,3343.055515943815
03-14 05:00:00,3378.526082027879
03-14 06:00:00,5796.684178430625
03-14 07:00:00,4987.3712863908895
03-14 08:00:00,4436.225562639855
03-14 09:00:00,4143.062434028822
03-14 10:00:00,3917.3013070252655
03-14 11:00:00,3716.922479209569
03-14 12:00:00,5403.151666255395
03-14 13:00:00,4535.955533274181
03-14 14:00:00,4198.673312714709
03-14 15:00:00,4498.9688040156225
03-14 16:00:00,4687.226389599904
03-14 17:00:00,5305.78318513985
03-14 18:00:00,6038.285182919026
03-14 19:00:00,5893.176008919181
03-14 20:00:00,4291.499222458647
03-14 21:00:00,4104.029674924995
03-14 22:00:00,3516.445734346163
03-14 23:00:00,3435.3824501268123
03-15 00:00:00,3396.6856166073408
03-15 01:00:00,3265.86319055386
03-15 02:00:00,3233.283691914474
03-15 03:00:00,3253.1115858094995
03-15 04:00:00,3290.477108532822
03-15 05:00:00,3573.260977372558
03-15 06:00:00,5754.248756376051
03-15 07:00:00,4930.782273262675
03-15 08:00:00,4431.625083538397
03-15 09:00:00,4143.049916124844
03-15 10:00:00,4056.9074283917253
03-15 11:00:00,3889.6441009229097
03-15 12:00:00,5552.129798865017
03-15 13:00:00,4632.460495111113
03-15 14:00:00,4213.98568999032
03-15 15:00:00,4415.9700819197105
03-15 16:00:00,4594.385949936773
03-15 17:00:00,5096.534774917613
03-15 18:00:00,6092.727242501698
03-15 19:00:00,6195.100408434337
03-15 20:00:00,4423.980456733856
03-15 21:00:00,4216.713860713724
03-15 22:00:00,3589.9185381702882
03-15 23:00:00,3486.802701153968
03-16 00:00:00,3459.9178313103894
03-16 01:00:00,3324.6880765197184
03-16 02:00:00,3227.3129183378087
03-16 03:00:00,3186.441750340768
03-16 04:00:00,3190.2341380619537
03-16 05:00:00,3377.288517816676
03-16 06:00:00,5756.06789255367
03-16 07:00:00,4972.704232363033
03-16 08:00:00,4367.076432187511
03-16 09:00:00,4091.7470859352043
03-16 10:00:00,3895.6982691731914
03-16 11:00:00,3732.944501283243
03-16 12:00:00,5412.364568904163
03-16 13:00:00,4553.595948033388
03-16 14:00:00,4050.160030127349
03-16 15:00:00,4348.010164443245
03-16 16:00:00,4560.551957985891
03-16 17:00:00,5099.457902677014
03-16 18:00:00,5911.670329889088
03-16 19:00:00,5857.398383666503
03-16 20:00:00,4487.602745092064
03-16 21:00:00,4124.127685079854
03-16 22:00:00,3514.090673127563
03-16 23:00:00,3560.9116975736447
03-17 00:00:00,3346.941334781001
03-17 01:00:00,3156.8435365254004
03-17 02:00:00,3099.100239122419
03-17 03:00:00,3074.01577724506
03-17 04:00:00,3087.055248872792
03-17 05:00:00,3312.3869499926877
03-17 06:00:00,5089.7622455444525
03-17 07:00:00,4161.055030624864
03-17 08:00:00,3258.097055274597
03-17 09:00:00,3013.8614364433683
03-17 10:00:00,2847.8155008430927
03-17 11:00:00,2605.5575295877097
03-17 12:00:00,4298.654982074134
03-17 13:00:00,3378.7602333850823
03-17 14:00:00,2950.3230381307885
03-17 15:00:00,3357.993657532842
03-17 16:00:00,3549.646163431024
03-17 17:00:00,4415.058516915044
03-17 18:00:00,5540.549224307426
03-17 19:00:00,5565.754621438418
03-17 20:00:00,4051.4059550837683
03-17 21:00:00,4016.5403356760557
03-17 22:00:00,3408.5962950634685
03-17 23:00:00,3270.254642330226
03-18 00:00:00,3168.6696510086117
03-18 01:00:00,2993.113806826633
03-18 02:00:00,2904.4456618133913
03-18 03:00:00,2906.2899660223234
03-18 04:00:00,2940.0011166260897
03-18 05:00:00,3187.1737860160147
03-18 06:00:00,4995.438394833501
03-18 07:00:00,3904.5042946956455
03-18 08:00:00,2919.867322483968
03-18 09:00:00,2587.8394231237608
03-18 10:00:00,2417.654871140555
03-18 11:00:00,2313.3365365125837
03-18 12:00:00,3991.1364046029526
03-18 13:00:00,3030.7767597389243
03-18 14:00:00,2578.1085229466075
03-18 15:00:00,2867.1991738364986
03-18 16:00:00,3139.213562821829
03-18 17:00:00,4024.5760021397004
03-18 18:00:00,5201.028513505597
03-18 19:00:00,5351.644873182424
03-18 20:00:00,3990.506265524163
03-18 21:00:00,4004.7892371146195
03-18 22:00:00,3476.481888864201
03-18 23:00:00,3315.6868661381723
03-19 00:00:00,3577.279787576762
03-19 01:00:00,3441.8498790116223
03-19 02:00:00,3421.2101431846995
03-19 03:00:00,3436.77203877823
03-19 04:00:00,3466.7088019008906
03-19 05:00:00,3585.774518420468
03-19 06:00:00,6047.298808504469
03-19 07:00:00,5173.54147834775
03-19 08:00:00,4582.0294992229465
03-19 09:00:00,4227.83848199294
03-19 10:00:00,3969.447180652744
03-19 11:00:00,3802.3026033243673
03-19 12:00:00,5430.273893266408
03-19 13:00:00,4461.817535304335
03-19 14:00:00,4030.487497782761
03-19 15:00:00,4196.175906725196
03-19 16:00:00,4440.6580536857555
03-19 17:00:00,5017.183515773384
03-19 18:00:00,5952.220300016573
03-19 19:00:00,6023.808822009729
03-19 20:00:00,4530.228015235921
03-19 21:00:00,4199.038329261619
03-19 22:00:00,3859.627776793234
03-19 23:00:00,3610.9623754129743
03-20 00:00:00,3545.269303812679
03-20 01:00:00,3403.4986823026206
03-20 02:00:00,3365.1784816131367
03-20 03:00:00,3371.744309465785
03-20 04:00:00,3391.4241524645204
03-20 05:00:00,3673.370556507415
03-20 06:00:00,5797.182691391466
03-20 07:00:00,5086.177950676227
03-20 08:00:00,4553.136839114069
03-20 09:00:00,4280.645741133338
03-20 10:00:00,4079.8478676321965
03-20 11:00:00,3947.7381612403874
03-20 12:00:00,5513.585053275294
03-20 13:00:00,4646.4421584721595
03-20 14:00:00,4145.9614913688265
03-20 15:00:00,4375.841728944317
03-20 16:00:00,4602.059238982205
03-20 17:00:00,5153.071923217073
03-20 18:00:00,6116.086386031163
03-20 19:00:00,6343.132538671227
03-20 20:00:00,4565.568860102708
03-20 21:00:00,4414.3240210515005
03-20 22:00:00,3819.5266434174277
03-20 23:00:00,3773.443117431611
03-21 00:00:00,3696.093836810652
03-21 01:00:00,3539.2229292004963
03-21 02:00:00,3486.3475715136697
03-21 03:00:00,3466.127370947472
03-21 04:00:00,3475.1421355618736
03-21 05:00:00,3681.548274404031
03-21 06:00:00,5913.435235563918
03-21 07:00:00,5134.3296424805985
03-21 08:00:00,4504.600253101346
03-21 09:00:00,4239.548640874883
03-21 10:00:00,3991.7711253774078
03-21 11:00:00,3869.5738993116292
03-21 12:00:00,5553.338710531387
03-21 13:00:00,4621.257015138563
03-21 14:00:00,4122.2545663798555
03-21 15:00:00,4419.847796204165
03-21 16:00:00,4668.220620291395
03-21 17:00:00,5333.589213631731
03-21 18:00:00,6096.438063707115
03-21 19:00:00,6005.410187234046
03-21 20:00:00,4325.262171900615
03-21 21:00:00,4356.1185141604055
03-21 22:00:00,3742.163310088261
03-21 23:00:00,3540.6454239315244
03-22 00:00:00,3493.9528356458627
03-22 01:00:00,3323.4476620227756
03-22 02:00:00,3266.4859213712116
03-22 03:00:00,3279.556608438645
03-22 04:00:00,3283.3479227184544
03-22 05:00:00,3512.422487207774
03-22 06:00:00,5602.72013920258
03-22 07:00:00,5124.003305796774
03-22 08:00:00,4347.36528610423
03-22 09:00:00,4079.2395170819473
03-22 10:00:00,3875.271939377095
03-22 11:00:00,3700.0879234202216
03-22 12:00:00,5387.624025662397
03-22 13:00:00,4482.038443766825
03-22 14:00:00,3979.5618127416465
03-22 15:00:00,4238.175843590087
03-22 16:00:00,4465.3834887226
03-22 17:00:00,4979.810900104013
03-22 18:00:00,6063.45530200286
03-22 19:00:00,5769.227610676954
03-22 20:00:00,4182.342008078483
03-22 21:00:00,4027.9464421645034
03-22 22:00:00,3612.03770783031
03-22 23:00:00,3471.4251802505355
03-23 00:00:00,3472.9802052479813
03-23 01:00:00,3363.137355032286
03-23 02:00:00,3319.5264735861265
03-23 03:00:00,3355.292717026842
03-23 04:00:00,3389.523966632081
03-23 05:00:00,3700.5367097712087
03-23 06:00:00,5881.681546105042
03-23 07:00:00,4931.051876592116
03-23 08:00:00,4248.524623287553
03-23 09:00:00,3866.6976608546724
03-23 10:00:00,3573.6421468408375
03-23 11:00:00,3453.4952006496937
03-23 12:00:00,5024.494083267412
03-23 13:00:00,4133.493230831743
03-23 14:00:00,3637.684069950654
03-23 15:00:00,3824.677973347772
03-23 16:00:00,4060.7681781866995
03-23 17:00:00,4692.760660584996
03-23 18:00:00,5550.92568873919
03-23 19:00:00,5782.792810398865
03-23 20:00:00,4035.1170839709516
03-23 21:00:00,4066.243156649567
03-23 22:00:00,3539.1880400361288
03-23 23:00:00,3411.6820123669136
03-24 00:00:00,3220.3441251380623
03-24 01:00:00,3078.086232947919
03-24 02:00:00,3040.1036345473735
03-24 03:00:00,3035.9987624831792
03-24 04:00:00,3022.231463801377
03-24 05:00:00,3212.6083807104255
03-24 06:00:00,5057.425948320911
03-24 07:00:00,4022.4905997699475
03-24 08:00:00,2998.5640484636647
03-24 09:00:00,2638.622964752431
03-24 10:00:00,2405.5180395019142
03-24 11:00:00,2188.3378923466116
03-24 12:00:00,3821.470078760863
03-24 13:00:00,2881.7014907190796
03-24 14:00:00,2356.544679743097
03-24 15:00:00,2584.52650325045
03-24 16:00:00,2872.8846659882083
03-24 17:00:00,3812.0321418364188
03-24 18:00:00,4994.254754425931
03-24 19:00:00,5115.790270702424
03-24 20:00:00,3618.9697764622792
03-24 21:00:00,3673.5695005276198
03-24 22:00:00,3100.5901927975906
03-24 23:00:00,2995.7234026362853
03-25 00:00:00,2885.540044677873
03-25 01:00:00,2743.2619832910214
03-25 02:00:00,2700.3185410502942
03-25 03:00:00,2703.01373583847
03-25 04:00:00,2811.3832044889054
03-25 05:00:00,3040.6416182155044
03-25 06:00:00,4795.894294570255
03-25 07:00:00,3621.8782097992203
03-25 08:00:00,2549.4276322339742
03-25 09:00:00,2171.753720135329
03-25 10:00:00,1896.4839746748494
03-25 11:00:00,1692.1192517125392
03-25 12:00:00,3319.2895304274884
03-25 13:00:00,2424.197045220351
03-25 14:00:00,1981.6984449967713
03-25 15:00:00,2262.8659600345254
03-25 16:00:00,2510.9691682869625
03-25 17:00:00,3434.3404235943362
03-25 18:00:00,4648.504885224734
03-25 19:00:00,4796.651721474852
03-25 20:00:00,3360.5921967892064
03-25 21:00:00,3409.837212244496
03-25 22:00:00,2912.2542797181186
03-25 23:00:00,2758.718503239804
03-26 00:00:00,2918.6823922374283
03-26 01:00:00,2914.9204839131876
03-26 02:00:00,2952.0847828227666
03-26 03:00:00,2984.885671038546
03-26 04:00:00,3206.512730339867
03-26 05:00:00,3587.343295851056
03-26 06:00:00,5770.345143878267
03-26 07:00:00,4746.279312854343
03-26 08:00:00,3951.9973672859082
03-26 09:00:00,3583.7726610922164
03-26 10:00:00,3352.5256966079655
03-26 11:00:00,3126.877069149865
03-26 12:00:00,4716.442416271925
03-26 13:00:00,3826.44598025211
03-26 14:00:00,3342.1081021848267
03-26 15:00:00,3552.6422885906886
03-26 16:00:00,3693.467759759109
03-26 17:00:00,4237.347030094371
03-26 18:00:00,5403.908341966734
03-26 19:00:00,5171.683743311045
03-26 20:00:00,3626.0692271554512
03-26 21:00:00,3694.923788111099
03-26 22:00:00,3150.070641476822
03-26 23:00:00,3007.699932129513
03-27 00:00:00,2832.167799880379
03-27 01:00:00,2817.2648168398578
03-27 02:00:00,2837.3001141388054
03-27 03:00:00,2814.7126524124064
03-27 04:00:00,3040.8591783192574
03-27 05:00:00,3410.562966614195
03-27 06:00:00,5440.555842520958
03-27 07:00:00,5020.451336884328
03-27 08:00:00,4132.754257108474
03-27 09:00:00,3898.51761483588
03-27 10:00:00,3680.7996858420406
03-27 11:00:00,3503.232431215974
03-27 12:00:00,5147.774800566158
03-27 13:00:00,4243.460528063537
03-27 14:00:00,3755.2207681350683
03-27 15:00:00,3943.3071728966916
03-27 16:00:00,4130.800252796538
03-27 17:00:00,4772.953638077719
03-27 18:00:00,5577.533116681696
03-27 19:00:00,5404.007746423282
03-27 20:00:00,3850.407596366659
03-27 21:00:00,3796.0825094031698
03-27 22:00:00,3388.1688390774875
03-27 23:00:00,3206.0835625548843
03-28 00:00:00,3062.1466240863547
03-28 01:00:00,3077.8311932449087
03-28 02:00:00,3108.728367093561
03-28 03:00:00,3165.4599566900965
03-28 04:00:00,3385.0918168490866
03-28 05:00:00,3712.301055005275
03-28 06:00:00,5999.721055601821
03-28 07:00:00,5023.46443524645
03-28 08:00:00,4248.462903529846
03-28 09:00:00,3847.05261176499
03-28 10:00:00,3580.68881638787
03-28 11:00:00,3366.721509750086
03-28 12:00:00,4977.601423721785
03-28 13:00:00,4017.2893010388434
03-28 14:00:00,3532.8191779833164
03-28 15:00:00,3784.780695107186
03-28 16:00:00,3906.59313982358
03-28 17:00:00,4406.989844571005
03-28 18:00:00,5333.938249721149
03-28 19:00:00,5518.330036416512
03-28 20:00:00,3702.303243822964
03-28 21:00:00,3657.0884203045607
03-28 22:00:00,3107.1119372718435
03-28 23:00:00,3136.7964076991475
03-29 00:00:00,3016.285766619827
03-29 01:00:00,2959.793291306717
03-29 02:00:00,2963.507873042115
03-29 03:00:00,2994.611373805529
03-29 04:00:00,3183.2932425434365
03-29 05:00:00,3632.1807070675295
03-29 06:00:00,5722.174170726294
03-29 07:00:00,4743.418928496134
03-29 08:00:00,4021.070089063442
03-29 09:00:00,3651.327589236938
03-29 10:00:00,3377.8823264121884
03-29 11:00:00,3189.072326844124
03-29 12:00:00,4797.564786326566
03-29 13:00:00,3855.1327372244186
03-29 14:00:00,3315.1918039569314
03-29 15:00:00,3544.9182547228816
03-29 16:00:00,3712.8158726944152
03-29 17:00:00,4285.4918517304795
03-29 18:00:00,5173.8469324185
03-29 19:00:00,5268.49259504383
03-29 20:00:00,3525.5570733110458
03-29 21:00:00,3533.441365749901
03-29 22:00:00,3051.4237528207286
03-29 23:00:00,2988.175014989252
03-30 00:00:00,2862.598069987671
03-30 01:00:00,2803.1139575907696
03-30 02:00:00,2816.0916589971234
03-30 03:00:00,2855.622508344784
03-30 04:00:00,3070.5918118952786
03-30 05:00:00,3366.8102561272513
03-30 06:00:00,5496.085386868978
03-30 07:00:00,4389.374651158187
03-30 08:00:00,3575.3747049481844
03-30 09:00:00,3259.88473684011
03-30 10:00:00,2965.331976493761
03-30 11:00:00,2770.2754576907923
03-30 12:00:00,4404.572654305449
03-30 13:00:00,3456.470130260886
03-30 14:00:00,2961.9202592527613
03-30 15:00:00,3159.863898545707
03-30 16:00:00,3362.3754923226893
03-30 17:00:00,3889.6518034663
03-30 18:00:00,5098.9870433432925
03-30 19:00:00,4851.5991006059385
03-30 20:00:00,3345.3156865142955
03-30 21:00:00,3409.5919689950438
03-30 22:00:00,2855.7250116252626
03-30 23:00:00,2916.9425373961894
03-31 00:00:00,2594.6438474048055
03-31 01:00:00,2538.1636138728713
03-31 02:00:00,2549.4285734478963
03-31 03:00:00,2561.744759540788
03-31 04:00:00,2705.68039493187
03-31 05:00:00,2879.436551904588
03-31 06:00:00,4692.344368823546
03-31 07:00:00,3646.9678125607024
03-31 08:00:00,2594.099241444231
03-31 09:00:00,2303.7417805113823
03-31 10:00:00,2018.4239736325508
03-31 11:00:00,1828.8625730641338
03-31 12:00:00,3460.722031826371
03-31 13:00:00,2533.035575629645
03-31 14:00:00,2037.9191526070194
03-31 15:00:00,2312.289238929306
03-31 16:00:00,2560.984455007061
03-31 17:00:00,3436.740389962221
03-31 18:00:00,4598.571858121357
03-31 19:00:00,4660.619466038557
03-31 20:00:00,3192.244002473011
03-31 21:00:00,3232.0107185974657
03-31 22:00:00,2675.465662362873
03-31 23:00:00,2622.1279769941084
04-01 00:00:00,2334.2075645231785
04-01 01:00:00,2322.4817140336063
04-01 02:00:00,2313.465132952931
04-01 03:00:00,2337.392784391444
04-01 04:00:00,2461.813138206319
04-01 05:00:00,2590.9036037220735
04-01 06:00:00,4308.346812996296
04-01 07:00:00,3043.950448494307
04-01 08:00:00,1932.2958639628307
04-01 09:00:00,1623.8968912566684
04-01 10:00:00,1356.1563429572425
04-01 11:00:00,1192.6728385301399
04-01 12:00:00,2912.3405611633966
04-01 13:00:00,2066.9544439455385
04-01 14:00:00,1592.6139134066584
04-01 15:00:00,1856.640161063985
04-01 16:00:00,2111.0884064566067
04-01 17:00:00,3014.1708520486395
04-01 18:00:00,4239.1122720581925
04-01 19:00:00,4415.492693555701
04-01 20:00:00,3017.9049041304065
04-01 21:00:00,3039.7095800868733
04-01 22:00:00,2523.583156866826
04-01 23:00:00,2447.9751878834695
04-02 00:00:00,2537.524038436351
04-02 01:00:00,2509.7731368972363
04-02 02:00:00,2525.8146371098655
04-02 03:00:00,2580.8971631225086
04-02 04:00:00,2771.2910428943205
04-02 05:00:00,3021.4745886332485
04-02 06:00:00,4909.171929860822
04-02 07:00:00,4032.6665575316283
04-02 08:00:00,3017.990662238853
04-02 09:00:00,2699.5854118278985
04-02 10:00:00,2515.428267722011
04-02 11:00:00,2398.7210574845612
04-02 12:00:00,4080.2916379577077
04-02 13:00:00,3182.431033299056
04-02 14:00:00,2674.1097276407813
04-02 15:00:00,2918.3606382441044
04-02 16:00:00,3164.305447052523
04-02 17:00:00,3882.388030787048
04-02 18:00:00,4945.404321176983
04-02 19:00:00,5107.257247897711
04-02 20:00:00,3393.138789708466
04-02 21:00:00,3443.9149624365855
04-02 22:00:00,2858.3454336530153
04-02 23:00:00,2925.655232557019
04-03 00:00:00,2836.9520483654246
04-03 01:00:00,2798.100069704492
04-03 02:00:00,2826.6229722709304
04-03 03:00:00,2857.893867823229
04-03 04:00:00,3100.0443814905593
04-03 05:00:00,3576.6557772871647
04-03 06:00:00,5576.387663382596
04-03 07:00:00,4543.78171778418
04-03 08:00:00,3742.367866367302
04-03 09:00:00,3497.1771120213175
04-03 10:00:00,3288.5970896698946
04-03 11:00:00,3121.780746630496
04-03 12:00:00,4863.9410832087215
04-03 13:00:00,4009.1937958735
04-03 14:00:00,3486.8083066423956
04-03 15:00:00,3731.9681629277825
04-03 16:00:00,3893.0064937595507
04-03 17:00:00,4522.546016687122
04-03 18:00:00,5638.229573466556
04-03 19:00:00,5465.677034958992
04-03 20:00:00,3887.526854172755
04-03 21:00:00,3895.400501992985
04-03 22:00:00,3396.0518330854534
04-03 23:00:00,3309.0156594816676
04-04 00:00:00,3161.1788379215236
04-04 01:00:00,3122.2155449383204
04-04 02:00:00,3135.777530453764
04-04 03:00:00,3176.47073351381
04-04 04:00:00,3377.822835695657
04-04 05:00:00,3760.256654770818
04-04 06:00:00,5699.486974693215
04-04 07:00:00,4808.066007561346
04-04 08:00:00,3796.792612798892
04-04 09:00:00,3469.50741245373
04-04 10:00:00,3234.1017658490064
04-04 11:00:00,3031.304392871721
04-04 12:00:00,4701.275325767539
04-04 13:00:00,3789.6092599112303
04-04 14:00:00,3309.489317672087
04-04 15:00:00,3503.723255892188
04-04 16:00:00,3708.2740872097875
04-04 17:00:00,4337.845713708163
04-04 18:00:00,5360.9432950601595
04-04 19:00:00,5440.495740221564
04-04 20:00:00,3936.825851968164
04-04 21:00:00,3784.167070500519
04-04 22:00:00,3275.4798815002036
04-04 23:00:00,3181.4239077765187
04-05 00:00:00,3052.386747563283
04-05 01:00:00,3051.6880657623124
04-05 02:00:00,3062.9648790637707
04-05 03:00:00,3086.7431942011676
04-05 04:00:00,3262.7414542782785
04-05 05:00:00,3705.647155399517
04-05 06:00:00,5592.140225963708
04-05 07:00:00,4562.306438703998
04-05 08:00:00,3656.7948780615307
04-05 09:00:00,3346.6569227736095
04-05 10:00:00,3105.9480373681963
04-05 11:00:00,2929.7974898297143
04-05 12:00:00,4599.8423427966945
04-05 13:00:00,3645.3169465354213
04-05 14:00:00,3134.41506686787
04-05 15:00:00,3394.833814543807
04-05 16:00:00,3629.4025979350504
04-05 17:00:00,4271.38536612016
04-05 18:00:00,5406.273448277739
04-05 19:00:00,5330.887009178349
04-05 20:00:00,3854.9358340187387
04-05 21:00:00,4038.115771432597
04-05 22:00:00,3523.1572608606966
04-05 23:00:00,3561.0245021046935
04-06 00:00:00,3461.166913878254
04-06 01:00:00,3417.0155300705064
04-06 02:00:00,3413.237964122173
04-06 03:00:00,3427.5748398124874
04-06 04:00:00,3648.6881393953645
04-06 05:00:00,4124.454800398902
04-06 06:00:00,6100.344260951947
04-06 07:00:00,4883.165639031867
04-06 08:00:00,3999.035363638817
04-06 09:00:00,3759.562038730152
04-06 10:00:00,3514.1523678050407
04-06 11:00:00,3293.0294080481276
04-06 12:00:00,5025.001940770112
04-06 13:00:00,4151.14748843149
04-06 14:00:00,3659.077376467494
04-06 15:00:00,3904.521430353449
04-06 16:00:00,4143.989073973025
04-06 17:00:00,4839.894494744559
04-06 18:00:00,5797.4865071120785
04-06 19:00:00,5851.393484402527
04-06 20:00:00,4357.232795543814
04-06 21:00:00,4242.95160069388
04-06 22:00:00,3641.7488188213038
04-06 23:00:00,3523.400227813892
04-07 00:00:00,3251.4765193566536
04-07 01:00:00,3225.4311520575534
04-07 02:00:00,3192.935272676585
04-07 03:00:00,3220.3643650829845
04-07 04:00:00,3322.7365029441257
04-07 05:00:00,3478.9837062433976
04-07 06:00:00,5186.361497886638
04-07 07:00:00,4070.2805122048676
04-07 08:00:00,3031.070572800333
04-07 09:00:00,2807.715538217256
04-07 10:00:00,2600.4936600616816
04-07 11:00:00,2493.1099680607263
04-07 12:00:00,4167.252310763882
04-07 13:00:00,3268.5464214837048
04-07 14:00:00,2792.9542705287154
04-07 15:00:00,3051.663735349744
04-07 16:00:00,3316.2573878109274
04-07 17:00:00,4211.200261563157
04-07 18:00:00,5326.375151564918
04-07 19:00:00,5416.360184516754
04-07 20:00:00,3912.484470892085
04-07 21:00:00,3859.053119149859
04-07 22:00:00,3315.344425490109
04-07 23:00:00,3208.963928182879
04-08 00:00:00,2976.4875263504005
04-08 01:00:00,2918.9123033029814
04-08 02:00:00,2889.6915480192574
04-08 03:00:00,2890.2569741684756
04-08 04:00:00,3032.246829155147
04-08 05:00:00,3167.773783289823
04-08 06:00:00,4833.7633909118795
04-08 07:00:00,3534.3161731194573
04-08 08:00:00,2394.7609500911212
04-08 09:00:00,2130.6389182508824
04-08 10:00:00,1928.6399485018144
04-08 11:00:00,1786.6895128437961
04-08 12:00:00,3487.360572750559
04-08 13:00:00,2607.7806826695282
04-08 14:00:00,2145.644870320256
04-08 15:00:00,2384.0544977544596
04-08 16:00:00,2658.441560189732
04-08 17:00:00,3589.6697502936477
04-08 18:00:00,4793.663170117733
04-08 19:00:00,5007.238122020227
04-08 20:00:00,3621.4628559553184
04-08 21:00:00,3636.1039859594653
04-08 22:00:00,3046.336970257086
04-08 23:00:00,2950.6806704913706
04-09 00:00:00,3066.003693196778
04-09 01:00:00,3030.2780576154264
04-09 02:00:00,3032.492927147561
04-09 03:00:00,3031.581274343299
04-09 04:00:00,3219.255092397032
04-09 05:00:00,3526.7919454972625
04-09 06:00:00,5402.791208385742
04-09 07:00:00,4494.808073806164
04-09 08:00:00,3360.8868699196664
04-09 09:00:00,3080.4208547245476
04-09 10:00:00,2882.1971013353173
04-09 11:00:00,2721.950259965462
04-09 12:00:00,4412.074203590548
04-09 13:00:00,3486.8897467824127
04-09 14:00:00,2975.9026458399667
04-09 15:00:00,3224.0232332319088
04-09 16:00:00,3415.8288515612203
04-09 17:00:00,4112.865434952695
04-09 18:00:00,5105.330959685741
04-09 19:00:00,5295.179966323025
04-09 20:00:00,3606.396118274047
04-09 21:00:00,3687.349616427321
04-09 22:00:00,3087.6471428434784
04-09 23:00:00,2999.378315348547
04-10 00:00:00,2873.989827786182
04-10 01:00:00,2815.0163268801716
04-10 02:00:00,2806.2798957943696
04-10 03:00:00,2835.4328435357
04-10 04:00:00,3008.8989183916733
04-10 05:00:00,3419.1221941305535
04-10 06:00:00,5353.476950789558
04-10 07:00:00,4459.326072361663
04-10 08:00:00,3520.9769472478165
04-10 09:00:00,3252.5708999611547
04-10 10:00:00,3045.602893750152
04-10 11:00:00,2897.499862348157
04-10 12:00:00,4528.760335915114
04-10 13:00:00,3660.2732562333545
04-10 14:00:00,3126.6813558428125
04-10 15:00:00,3433.9710314073163
04-10 16:00:00,3601.194904181382
04-10 17:00:00,4191.635560235864
04-10 18:00:00,5169.144287731442
04-10 19:00:00,5224.200935017072
04-10 20:00:00,3711.007399549192
04-10 21:00:00,3523.6319367290976
04-10 22:00:00,3024.97955056136
04-10 23:00:00,2965.5384371284003
04-11 00:00:00,2826.5488352224147
04-11 01:00:00,2778.322997286068
04-11 02:00:00,2759.56895831929
04-11 03:00:00,2778.714362577584
04-11 04:00:00,2961.267584690842
04-11 05:00:00,3353.8935906253
04-11 06:00:00,5308.049565033869
04-11 07:00:00,4304.566241768889
04-11 08:00:00,3419.0275264079187
04-11 09:00:00,3079.7417980609557
04-11 10:00:00,2904.593720871899
04-11 11:00:00,2753.814427651371
04-11 12:00:00,4426.301768100372
04-11 13:00:00,3475.9729985530716
04-11 14:00:00,3003.8826776932488
04-11 15:00:00,3270.3342546992726
04-11 16:00:00,3425.6512353449166
04-11 17:00:00,4128.4134299806565
04-11 18:00:00,5178.041034416576
04-11 19:00:00,5152.789753046433
04-11 20:00:00,3669.743441653663
04-11 21:00:00,3535.785059421284
04-11 22:00:00,3039.2327733475568
04-11 23:00:00,2992.632363454806
04-12 00:00:00,2868.6725937866504
04-12 01:00:00,2844.1289207396203
04-12 02:00:00,2929.8421780838994
04-12 03:00:00,3010.3351681717936
04-12 04:00:00,3246.5016047437575
04-12 05:00:00,3701.336251078576
04-12 06:00:00,5595.476535325825
04-12 07:00:00,4850.3901327100575
04-12 08:00:00,3983.2703830303176
04-12 09:00:00,3767.356392363653
04-12 10:00:00,3625.9119105556624
04-12 11:00:00,3495.6694122733597
04-12 12:00:00,5136.18920995345
04-12 13:00:00,4205.373349976339
04-12 14:00:00,3715.5908917793845
04-12 15:00:00,3963.0665376306024
04-12 16:00:00,4174.000140072875
04-12 17:00:00,4733.814847320706
04-12 18:00:00,5666.222674756221
04-12 19:00:00,5822.333159978158
04-12 20:00:00,4059.3331837016017
04-12 21:00:00,3964.1440454379394
04-12 22:00:00,3431.493959581386
04-12 23:00:00,3336.192701195723
04-13 00:00:00,3202.533598131494
04-13 01:00:00,3177.885229502737
04-13 02:00:00,3174.493111334775
04-13 03:00:00,3214.2893051547753
04-13 04:00:00,3363.750558375813
04-13 05:00:00,3608.072293856882
04-13 06:00:00,5465.86075837357
04-13 07:00:00,4448.226782540407
04-13 08:00:00,3536.8151614607
04-13 09:00:00,3215.389213983646
04-13 10:00:00,3080.747380713214
04-13 11:00:00,2918.610001441458
04-13 12:00:00,4611.2451067659795
04-13 13:00:00,3737.0582242424025
04-13 14:00:00,3281.445004081359
04-13 15:00:00,3553.3099076429885
04-13 16:00:00,3715.7581272804914
04-13 17:00:00,4545.2626251790025
04-13 18:00:00,5419.661870989346
04-13 19:00:00,5490.16369944675
04-13 20:00:00,3891.6291435901076
04-13 21:00:00,4035.0825742932025
04-13 22:00:00,3429.510892496199
04-13 23:00:00,3341.9093890609715
04-14 00:00:00,3113.4722763367977
04-14 01:00:00,3081.022894759334
04-14 02:00:00,3073.1457301010078
04-14 03:00:00,3087.1206261009957
04-14 04:00:00,3213.0335941786775
04-14 05:00:00,3277.5816565510263
04-14 06:00:00,5010.663040920062
04-14 07:00:00,3788.7824075570065
04-14 08:00:00,2696.1593182805527
04-14 09:00:00,2410.1462350474935
04-14 10:00:00,2192.842598746761
04-14 11:00:00,2062.311745973728
04-14 12:00:00,3779.56753402165
04-14 13:00:00,2883.628417302456
04-14 14:00:00,2430.157277530072
04-14 15:00:00,2697.7221822873016
04-14 16:00:00,2970.342940369145
04-14 17:00:00,3904.7183685957875
04-14 18:00:00,5071.123697745429
04-14 19:00:00,5213.117459525895
04-14 20:00:00,3720.0368522740555
04-14 21:00:00,3726.6805539036413
04-14 22:00:00,3173.404951074933
04-14 23:00:00,3127.4449621318677
04-15 00:00:00,2872.0140911763724
04-15 01:00:00,2821.5040989091012
04-15 02:00:00,2829.4581288239056
04-15 03:00:00,2846.000187999541
04-15 04:00:00,2932.129234124493
04-15 05:00:00,3052.9534991355054
04-15 06:00:00,4694.49859856582
04-15 07:00:00,3412.1862757100093
04-15 08:00:00,2343.871421039555
04-15 09:00:00,2128.266319866428
04-15 10:00:00,1912.3926044932311
04-15 11:00:00,1797.1688087909442
04-15 12:00:00,3499.477710709581
04-15 13:00:00,2654.3094452943947
04-15 14:00:00,2157.9562522990677
04-15 15:00:00,2456.6057300554507
04-15 16:00:00,2721.981523611935
04-15 17:00:00,3619.34126152791
04-15 18:00:00,4787.865411878195
04-15 19:00:00,5014.678574778638
04-15 20:00:00,3589.1943636928595
04-15 21:00:00,3637.39982633844
04-15 22:00:00,3059.8065546452226
04-15 23:00:00,2973.61384141284
04-16 00:00:00,3112.435656636325
04-16 01:00:00,3095.8565087675456
04-16 02:00:00,3116.552762647933
04-16 03:00:00,3158.976261147486
04-16 04:00:00,3324.743213380683
04-16 05:00:00,3557.170891041791
04-16 06:00:00,5355.529167521638
04-16 07:00:00,4448.628702722161
04-16 08:00:00,3406.0771424589648
04-16 09:00:00,3123.214507868297
04-16 10:00:00,2886.903741739828
04-16 11:00:00,2723.8618365278135
04-16 12:00:00,4403.169339206097
04-16 13:00:00,3467.1081971904327
04-16 14:00:00,2970.1225075026487
04-16 15:00:00,3276.8620131953903
04-16 16:00:00,3521.88046160555
04-16 17:00:00,4178.022865766187
04-16 18:00:00,5188.30973558588
04-16 19:00:00,5399.991468596464
04-16 20:00:00,3707.0023062168707
04-16 21:00:00,3739.712084479972
04-16 22:00:00,3283.437828297521
04-16 23:00:00,3267.9930624078493
04-17 00:00:00,3154.5786620808917
04-17 01:00:00,3134.6082277015885
04-17 02:00:00,3169.8715782511695
04-17 03:00:00,3233.7243154061766
04-17 04:00:00,3439.093041483102
04-17 05:00:00,3837.173924741823
04-17 06:00:00,5745.657851539913
04-17 07:00:00,4888.858171999267
04-17 08:00:00,3829.9825883245007
04-17 09:00:00,3536.2449498267083
04-17 10:00:00,3301.1214598604183
04-17 11:00:00,3136.094904944332
04-17 12:00:00,4764.532622670421
04-17 13:00:00,3897.554642713471
04-17 14:00:00,3413.0115382132954
04-17 15:00:00,3720.166371843916
04-17 16:00:00,3907.7360664561625
04-17 17:00:00,4478.78676376125
04-17 18:00:00,5450.305592544827
04-17 19:00:00,5425.363510558764
04-17 20:00:00,3906.1352135685324
04-17 21:00:00,3832.659953692058
04-17 22:00:00,3260.5954068126475
04-17 23:00:00,3116.4384584201753
04-18 00:00:00,3004.850978474767
04-18 01:00:00,2980.8999577379964
04-18 02:00:00,2988.8592054862947
04-18 03:00:00,3009.637380732587
04-18 04:00:00,3188.7011978443634
04-18 05:00:00,3552.441064978226
04-18 06:00:00,5421.205514935333
04-18 07:00:00,4654.310106535621
04-18 08:00:00,3681.754429421558
04-18 09:00:00,3436.5666577657485
04-18 10:00:00,3260.399020467839
04-18 11:00:00,3112.3602877106164
04-18 12:00:00,4810.099400460587
04-18 13:00:00,3945.1350913762544
04-18 14:00:00,3454.7623951277533
04-18 15:00:00,3695.355342387918
04-18 16:00:00,3910.963850625188
04-18 17:00:00,4508.618861208273
04-18 18:00:00,5614.275404490661
04-18 19:00:00,5409.937176881868
04-18 20:00:00,3876.12916485631
04-18 21:00:00,3752.9132931653417
04-18 22:00:00,3352.706045985681
04-18 23:00:00,3228.9611148953977
04-19 00:00:00,3112.271097386305
04-19 01:00:00,3084.8137947864047
04-19 02:00:00,3085.734152222204
04-19 03:00:00,3070.269396955272
04-19 04:00:00,3256.5284526120254
04-19 05:00:00,3673.863589766859
04-19 06:00:00,5643.709539011825
04-19 07:00:00,4557.854231466104
04-19 08:00:00,3676.679117175515
04-19 09:00:00,3362.1696363316087
04-19 10:00:00,3119.0155085428228
04-19 11:00:00,2964.4789725167266
04-19 12:00:00,4687.410435467998
04-19 13:00:00,3822.7676206983333
04-19 14:00:00,3339.0368539916626
04-19 15:00:00,3571.526707785538
04-19 16:00:00,3744.5666409873693
04-19 17:00:00,4318.659586379677
04-19 18:00:00,5400.802101203889
04-19 19:00:00,5325.077481984358
04-19 20:00:00,3719.630181040183
04-19 21:00:00,3674.278350529274
04-19 22:00:00,3136.1692046159724
04-19 23:00:00,3140.8168769138333
04-20 00:00:00,3023.136715080916
04-20 01:00:00,3014.3207796261
04-20 02:00:00,3019.239308220072
04-20 03:00:00,3063.899185288092
04-20 04:00:00,3234.767419410136
04-20 05:00:00,3718.7949775817774
04-20 06:00:00,5539.400414248095
04-20 07:00:00,4419.09858630147
04-20 08:00:00,3558.998352645404
04-20 09:00:00,3246.808444371515
04-20 10:00:00,2991.3685749428787
04-20 11:00:00,2827.397222402036
04-20 12:00:00,4528.710427794482
04-20 13:00:00,3634.8041741925585
04-20 14:00:00,3117.6997083476185
04-20 15:00:00,3324.3019634116517
04-20 16:00:00,3497.8873363412836
04-20 17:00:00,4182.089256554742
04-20 18:00:00,5090.509611381999
04-20 19:00:00,5119.205259083405
04-20 20:00:00,3590.5218429683136
04-20 21:00:00,3579.9098484734513
04-20 22:00:00,2968.867627385286
04-20 23:00:00,3037.3802416854
04-21 00:00:00,2784.006550918024
04-21 01:00:00,2756.4587615168807
04-21 02:00:00,2743.2310998222006
04-21 03:00:00,2737.841424483606
04-21 04:00:00,2879.247331921915
04-21 05:00:00,3013.816602527434
04-21 06:00:00,4712.0371753308755
04-21 07:00:00,3451.5687814148946
04-21 08:00:00,2391.016954269876
04-21 09:00:00,2116.875421363554
04-21 10:00:00,1886.8101524291992
04-21 11:00:00,1729.6420313983474
04-21 12:00:00,3397.9180654947186
04-21 13:00:00,2505.931949359787
04-21 14:00:00,2027.916403303714
04-21 15:00:00,2263.570633723001
04-21 16:00:00,2576.686542422296
04-21 17:00:00,3519.1107862686913
04-21 18:00:00,4666.545580209498
04-21 19:00:00,4772.991083653445
04-21 20:00:00,3255.7104438827505
04-21 21:00:00,3312.7457721280753
04-21 22:00:00,2765.935022256894
04-21 23:00:00,2743.9720366698793
04-22 00:00:00,2509.049543101877
04-22 01:00:00,2474.7196780327745
04-22 02:00:00,2495.2882527462425
04-22 03:00:00,2478.5523232359883
04-22 04:00:00,2577.317477414561
04-22 05:00:00,2712.638039093368
04-22 06:00:00,4362.43371958501
04-22 07:00:00,3081.6751140937745
04-22 08:00:00,1984.1915283456833
04-22 09:00:00,1676.4426274367413
04-22 10:00:00,1467.9573682609173
04-22 11:00:00,1335.0572267400996
04-22 12:00:00,3059.032771650503
04-22 13:00:00,2288.6231736877794
04-22 14:00:00,1816.1829005579782
04-22 15:00:00,2090.112886745038
04-22 16:00:00,2424.882247120375
04-22 17:00:00,3334.6009114572116
04-22 18:00:00,4496.453689284919
04-22 19:00:00,4665.564542299551
04-22 20:00:00,3290.37788634815
04-22 21:00:00,3321.4463568082056
04-22 22:00:00,2731.8883876404648
04-22 23:00:00,2647.3142308852644
04-23 00:00:00,2766.232573163673
04-23 01:00:00,2783.810027673978
04-23 02:00:00,2817.994882202373
04-23 03:00:00,2881.2208269096113
04-23 04:00:00,3090.8026418866207
04-23 05:00:00,3466.0350656605974
04-23 06:00:00,5294.084445254731
04-23 07:00:00,4454.796085271148
04-23 08:00:00,3429.312656548881
04-23 09:00:00,3140.879610335321
04-23 10:00:00,2890.618745672825
04-23 11:00:00,2757.938732992412
04-23 12:00:00,4395.328663716554
04-23 13:00:00,3478.8490821399996
04-23 14:00:00,3016.5869014096165
04-23 15:00:00,3229.9249573381803
04-23 16:00:00,3399.623024252164
04-23 17:00:00,4054.2308985346635
04-23 18:00:00,4978.519886323866
04-23 19:00:00,5044.424421684312
04-23 20:00:00,3655.3040745352346
04-23 21:00:00,3447.42815124415
04-23 22:00:00,2952.647025452175
04-23 23:00:00,2963.5571752426968
04-24 00:00:00,2843.0190113595245
04-24 01:00:00,2819.6681325827863
04-24 02:00:00,2833.087872624403
04-24 03:00:00,2868.5859055505407
04-24 04:00:00,3063.859550597107
04-24 05:00:00,3361.2085199078883
04-24 06:00:00,5404.7849760685995
04-24 07:00:00,4297.039455971529
04-24 08:00:00,3462.001609386209
04-24 09:00:00,3148.4178268530736
04-24 10:00:00,2934.3032717759515
04-24 11:00:00,2771.829161848845
04-24 12:00:00,4412.769818120576
04-24 13:00:00,3524.2570271512723
04-24 14:00:00,3033.9163703775766
04-24 15:00:00,3284.999151797197
04-24 16:00:00,3425.7158238632696
04-24 17:00:00,4009.1663853516643
04-24 18:00:00,4977.442324401478
04-24 19:00:00,5123.892266039135
04-24 20:00:00,3455.7696111951104
04-24 21:00:00,3515.1355600504103
04-24 22:00:00,2998.5618687903025
04-24 23:00:00,2861.487835425088
04-25 00:00:00,2737.3223995915764
04-25 01:00:00,2710.3641058502317
04-25 02:00:00,2714.841231825283
04-25 03:00:00,2773.4424029549305
04-25 04:00:00,2969.270939841706
04-25 05:00:00,3285.6993729810297
04-25 06:00:00,5212.676547441056
04-25 07:00:00,4283.391218988723
04-25 08:00:00,3343.5588637550295
04-25 09:00:00,3040.8201606200155
04-25 10:00:00,2822.5134458185603
04-25 11:00:00,2662.5937183700294
04-25 12:00:00,4313.02716234697
04-25 13:00:00,3348.9934825319515
04-25 14:00:00,2901.8977526792537
04-25 15:00:00,3146.3916668621596
04-25 16:00:00,3341.1769635138253
04-25 17:00:00,3982.430703369562
04-25 18:00:00,5104.370256326883
04-25 19:00:00,4981.971230520997
04-25 20:00:00,3471.9307348254524
04-25 21:00:00,3552.984325581087
04-25 22:00:00,2961.5065327550546
04-25 23:00:00,2903.0735551232674
04-26 00:00:00,2768.2136297975553
04-26 01:00:00,2755.213184840206
04-26 02:00:00,2804.0036513345044
04-26 03:00:00,2863.7952852291696
04-26 04:00:00,3064.9648015924877
04-26 05:00:00,3452.5482398728645
04-26 06:00:00,5359.037098025356
04-26 07:00:00,4490.401178025566
04-26 08:00:00,3526.9379783337868
04-26 09:00:00,3205.1158858841573
04-26 10:00:00,3030.4973129251234
04-26 11:00:00,2867.631335321252
04-26 12:00:00,4495.143985709726
04-26 13:00:00,3594.46955738479
04-26 14:00:00,3074.679809099445
04-26 15:00:00,3301.3193237422006
04-26 16:00:00,3461.738195575791
04-26 17:00:00,4193.9747327214245
04-26 18:00:00,5072.642438472774
04-26 19:00:00,5047.836890535944
04-26 20:00:00,3496.1998655199723
04-26 21:00:00,3547.433937740969
04-26 22:00:00,2920.707841636674
04-26 23:00:00,2935.87428553237
04-27 00:00:00,2827.8781125161563
04-27 01:00:00,2835.971205812484
04-27 02:00:00,2865.225965356824
04-27 03:00:00,2888.3976898460146
04-27 04:00:00,3104.670168728607
04-27 05:00:00,3347.495142066518
04-27 06:00:00,5373.25611327359
04-27 07:00:00,4175.204192105228
04-27 08:00:00,3316.994489117307
04-27 09:00:00,3055.517923898038
04-27 10:00:00,2816.773830160086
04-27 11:00:00,2648.4885409143367
04-27 12:00:00,4313.072293188011
04-27 13:00:00,3340.3617111163317
04-27 14:00:00,2883.0919098875424
04-27 15:00:00,3086.7261811020735
04-27 16:00:00,3263.8522145818924
04-27 17:00:00,4049.3006334714437
04-27 18:00:00,4845.452089630635
04-27 19:00:00,4883.48964204356
04-27 20:00:00,3343.5479190740202
04-27 21:00:00,3396.138194648283
04-27 22:00:00,2790.557757519788
04-27 23:00:00,2841.618924734875
04-28 00:00:00,2561.136485180878
04-28 01:00:00,2496.621858051076
04-28 02:00:00,2466.5757819787163
04-28 03:00:00,2459.185279824484
04-28 04:00:00,2572.9790614381245
04-28 05:00:00,2736.9055998785493
04-28 06:00:00,4385.054462517996
04-28 07:00:00,3240.2090731584085
04-28 08:00:00,2235.9365794944256
04-28 09:00:00,1984.3684792197685
04-28 10:00:00,1739.8191697985292
04-28 11:00:00,1580.8091558292558
04-28 12:00:00,3269.3872300643825
04-28 13:00:00,2407.478382172249
04-28 14:00:00,1922.8388415410604
04-28 15:00:00,2143.7000971980665
04-28 16:00:00,2443.4158841094472
04-28 17:00:00,3381.5222033230293
04-28 18:00:00,4524.759784760511
04-28 19:00:00,4623.238066287362
04-28 20:00:00,3183.463339719862
04-28 21:00:00,3238.7698847672027
04-28 22:00:00,2668.6285894576467
04-28 23:00:00,2586.031002464036
04-29 00:00:00,2355.785358068012
04-29 01:00:00,2284.732801104015
04-29 02:00:00,2252.8725791716442
04-29 03:00:00,2255.361740578892
04-29 04:00:00,2405.1732076890626
04-29 05:00:00,2569.0701620583386
04-29 06:00:00,4264.781923493345
04-29 07:00:00,3035.293369403137
04-29 08:00:00,1996.9655179567574
04-29 09:00:00,1754.3726124421867
04-29 10:00:00,1577.871409787572
04-29 11:00:00,1482.8542121049677
04-29 12:00:00,3253.6590755974566
04-29 13:00:00,2363.5076695694684
04-29 14:00:00,1902.8447344081505
04-29 15:00:00,2163.165699908922
04-29 16:00:00,2431.8499356622874
04-29 17:00:00,3392.050646782048
04-29 18:00:00,4506.3709722445265
04-29 19:00:00,4683.356362228163
04-29 20:00:00,3276.375350985169
04-29 21:00:00,3277.2433478594135
04-29 22:00:00,2692.7620899660556
04-29 23:00:00,2625.595155008305
04-30 00:00:00,2672.162623203786
04-30 01:00:00,2647.1561912578036
04-30 02:00:00,2680.24227339718
04-30 03:00:00,2714.9391252832543
04-30 04:00:00,2876.8576756449397
04-30 05:00:00,3189.0597011885957
04-30 06:00:00,5025.168990099581
04-30 07:00:00,4128.937631011804
04-30 08:00:00,3133.925306751465
04-30 09:00:00,2853.3751988890394
04-30 10:00:00,2634.609706993982
04-30 11:00:00,2506.8650905257027
04-30 12:00:00,4227.009060929115
04-30 13:00:00,3456.0676605045333
04-30 14:00:00,3088.8327464366985
04-30 15:00:00,3386.906241706228
04-30 16:00:00,3614.5516545928426
04-30 17:00:00,4226.363170123668
04-30 18:00:00,5302.494615779711
04-30 19:00:00,5246.550030282609
04-30 20:00:00,3644.4626924553345
04-30 21:00:00,3751.230752218237
04-30 22:00:00,3142.5531073839074
04-30 23:00:00,3027.1504533464536
05-01 00:00:00,2912.2150132037714
05-01 01:00:00,2860.8652017370264
05-01 02:00:00,2870.0962929030466
05-01 03:00:00,2878.4420999765503
05-01 04:00:00,3030.801022037337
05-01 05:00:00,3307.6157813173527
05-01 06:00:00,5382.643604527425
05-01 07:00:00,4200.868627719116
05-01 08:00:00,3541.527960760432
05-01 09:00:00,3425.307151844946
05-01 10:00:00,3323.0343705752907
05-01 11:00:00,3224.2810977094246
05-01 12:00:00,4942.235806090484
05-01 13:00:00,4094.374076545672
05-01 14:00:00,3636.225883014488
05-01 15:00:00,3839.380144037178
05-01 16:00:00,3933.8535641540225
05-01 17:00:00,4393.089900153613
05-01 18:00:00,5540.278032536593
05-01 19:00:00,5304.781698964322
05-01 20:00:00,3755.33929147912
05-01 21:00:00,3685.088918964397
05-01 22:00:00,3242.453525831642
05-01 23:00:00,3172.543264951986
05-02 00:00:00,3066.0938635105904
05-02 01:00:00,3028.0899586512064
05-02 02:00:00,3019.507740531406
05-02 03:00:00,3037.473526629048
05-02 04:00:00,3223.3265430082774
05-02 05:00:00,3548.004749032411
05-02 06:00:00,5391.6121412091
05-02 07:00:00,4756.235454910414
05-02 08:00:00,3870.843445464753
05-02 09:00:00,3699.0620318577967
05-02 10:00:00,3549.7293223899087
05-02 11:00:00,3450.8098034895743
05-02 12:00:00,5087.788655422146
05-02 13:00:00,4125.287837281768
05-02 14:00:00,3693.0295736720404
05-02 15:00:00,3987.24388002418
05-02 16:00:00,4066.2849659325384
05-02 17:00:00,4510.251149202176
05-02 18:00:00,5429.734537215444
05-02 19:00:00,5522.361909543684
05-02 20:00:00,4063.630460228528
05-02 21:00:00,3808.324241443627
05-02 22:00:00,3226.4230949316006
05-02 23:00:00,3199.2156148408203
05-03 00:00:00,3064.4211081881117
05-03 01:00:00,3018.6718023849226
05-03 02:00:00,3022.3739481499583
05-03 03:00:00,3061.6145708658823
05-03 04:00:00,3221.6245288324585
05-03 05:00:00,3471.53188313976
05-03 06:00:00,5355.545189437828
05-03 07:00:00,4532.35188148452
05-03 08:00:00,3559.2097541729
05-03 09:00:00,3388.1977190572534
05-03 10:00:00,3209.968742336733
05-03 11:00:00,3119.074037393504
05-03 12:00:00,4797.836249263741
05-03 13:00:00,3872.35816651371
05-03 14:00:00,3380.67071715059
05-03 15:00:00,3559.4762181405886
05-03 16:00:00,3687.6671665866115
05-03 17:00:00,4129.690387812004
05-03 18:00:00,5127.569675712527
05-03 19:00:00,5476.281718087291
05-03 20:00:00,3581.6440663436692
05-03 21:00:00,3598.8147580873087
05-03 22:00:00,3158.0412177920625
05-03 23:00:00,3066.7977091411003
05-04 00:00:00,2954.1661152530864
05-04 01:00:00,2954.688225139587
05-04 02:00:00,2958.339561563311
05-04 03:00:00,2986.3732311670574
05-04 04:00:00,3170.067723988927
05-04 05:00:00,3434.169721192394
05-04 06:00:00,5390.518295377668
05-04 07:00:00,4186.569706696776
05-04 08:00:00,3525.765317915999
05-04 09:00:00,3295.659539779864
05-04 10:00:00,3134.7377645170154
05-04 11:00:00,2996.910899411369
05-04 12:00:00,4655.5206580878075
05-04 13:00:00,3741.499407122335
05-04 14:00:00,3227.596727497578
05-04 15:00:00,3423.280780693542
05-04 16:00:00,3582.7661181489416
05-04 17:00:00,4030.675015926247
05-04 18:00:00,4970.501614973678
05-04 19:00:00,4945.408718720722
05-04 20:00:00,3684.1622716640563
05-04 21:00:00,3434.805756348916
05-04 22:00:00,3002.9245447489043
05-04 23:00:00,2899.28991417888
05-05 00:00:00,2593.08848293453
05-05 01:00:00,2518.5321605920726
05-05 02:00:00,2491.497623243924
05-05 03:00:00,2508.991039413321
05-05 04:00:00,2645.398589631262
05-05 05:00:00,2708.620085473147
05-05 06:00:00,4475.653234701497
05-05 07:00:00,3410.4459311458522
05-05 08:00:00,2513.6036093316447
05-05 09:00:00,2412.4710677367184
05-05 10:00:00,2245.9210654969447
05-05 11:00:00,2175.6395442239473
05-05 12:00:00,3802.266044363956
05-05 13:00:00,2886.719580559273
05-05 14:00:00,2435.839028219414
05-05 15:00:00,2742.1858382706537
05-05 16:00:00,2944.892503370291
05-05 17:00:00,3804.928998287235
05-05 18:00:00,4931.36074205707
05-05 19:00:00,5037.310108890179
05-05 20:00:00,3508.217198025327
05-05 21:00:00,3513.3870935674754
05-05 22:00:00,2922.366413214353
05-05 23:00:00,2869.138959959811
05-06 00:00:00,2647.6867552024355
05-06 01:00:00,2645.6028890394628
05-06 02:00:00,2602.092866922884
05-06 03:00:00,2570.274792581236
05-06 04:00:00,2639.7826997089055
05-06 05:00:00,2676.3623008627374
05-06 06:00:00,4222.770758758724
05-06 07:00:00,2982.825378719646
05-06 08:00:00,1980.2159739829651
05-06 09:00:00,1797.9604327837876
05-06 10:00:00,1722.4887913485286
05-06 11:00:00,1668.7430586155936
05-06 12:00:00,3425.8065555290455
05-06 13:00:00,2632.8466822325677
05-06 14:00:00,2214.908815395349
05-06 15:00:00,2469.0227630949785
05-06 16:00:00,2693.77745557056
05-06 17:00:00,3574.9373012233177
05-06 18:00:00,4688.2487145360865
05-06 19:00:00,4815.713643138541
05-06 20:00:00,3262.4844929765222
05-06 21:00:00,3304.025020962512
05-06 22:00:00,2722.6426112617823
05-06 23:00:00,2570.7106421103613
05-07 00:00:00,2678.173686844143
05-07 01:00:00,2644.1349306447514
05-07 02:00:00,2662.8129493366573
05-07 03:00:00,2687.5971795561904
05-07 04:00:00,2854.3678437883063
05-07 05:00:00,3161.8690795415064
05-07 06:00:00,5244.529275637882
05-07 07:00:00,4176.645076040944
05-07 08:00:00,3462.210097196195
05-07 09:00:00,3530.7359672818216
05-07 10:00:00,3431.1593814334333
05-07 11:00:00,3392.045152848474
05-07 12:00:00,5115.19811436592
05-07 13:00:00,4235.995417469465
05-07 14:00:00,3741.5245753618788
05-07 15:00:00,3851.00458753307
05-07 16:00:00,3984.6998493674355
05-07 17:00:00,4472.642844946132
05-07 18:00:00,5421.951951957858
05-07 19:00:00,5571.805326344315
05-07 20:00:00,3735.473622888985
05-07 21:00:00,3712.173013988488
05-07 22:00:00,3150.531226832842
05-07 23:00:00,3213.083715743372
05-08 00:00:00,3088.62163490385
05-08 01:00:00,3055.107971071418
05-08 02:00:00,3033.9039456054365
05-08 03:00:00,3059.0419160382526
05-08 04:00:00,3219.450368570943
05-08 05:00:00,3553.259980531793
05-08 06:00:00,5247.073348421322
05-08 07:00:00,4507.509863560132
05-08 08:00:00,3590.9453443001407
05-08 09:00:00,3412.0029007216517
05-08 10:00:00,3218.783416307444
05-08 11:00:00,3083.1095617892447
05-08 12:00:00,4739.382575403239
05-08 13:00:00,3844.514089329911
05-08 14:00:00,3352.5003826875527
05-08 15:00:00,3516.831587401319
05-08 16:00:00,3658.5344243116688
05-08 17:00:00,4121.845870066517
05-08 18:00:00,5269.2731664342455
05-08 19:00:00,5057.3350141624815
05-08 20:00:00,3437.4088991763415
05-08 21:00:00,3480.6913366723584
05-08 22:00:00,2893.6037095509528
05-08 23:00:00,2872.617870792782
05-09 00:00:00,2769.405184843013
05-09 01:00:00,2720.401772436486
05-09 02:00:00,2695.0411495263984
05-09 03:00:00,2699.170237308192
05-09 04:00:00,2885.630328675249
05-09 05:00:00,3185.1784552782988
05-09 06:00:00,4992.950378521741
05-09 07:00:00,4010.3426694876002
05-09 08:00:00,3263.3417940677787
05-09 09:00:00,3098.260326660681
05-09 10:00:00,2944.3536536806632
05-09 11:00:00,2896.2939687582016
05-09 12:00:00,4567.820651571628
05-09 13:00:00,3722.151928863884
05-09 14:00:00,3232.348136914733
05-09 15:00:00,3409.2986626186657
05-09 16:00:00,3576.201497029137
05-09 17:00:00,4228.476266382828
05-09 18:00:00,4923.173746235485
05-09 19:00:00,4799.570686528458
05-09 20:00:00,3213.7284404275138
05-09 21:00:00,3315.898820491155
05-09 22:00:00,2707.395331535242
05-09 23:00:00,2583.2828623010882
05-10 00:00:00,2424.9262996962675
05-10 01:00:00,2328.9453817757403
05-10 02:00:00,2339.5621907381624
05-10 03:00:00,2339.6887573626036
05-10 04:00:00,2471.5328495793106
05-10 05:00:00,2611.0804942698633
05-10 06:00:00,4674.948096424354
05-10 07:00:00,3477.7474011066324
05-10 08:00:00,2867.6383323890486
05-10 09:00:00,2746.763847424156
05-10 10:00:00,2660.0247275927895
05-10 11:00:00,2608.4496185663957
05-10 12:00:00,4335.932961365473
05-10 13:00:00,3478.4347589679987
05-10 14:00:00,3043.4628417924655
05-10 15:00:00,3255.1395384638463
05-10 16:00:00,3448.089196469636
05-10 17:00:00,3985.5052447720186
05-10 18:00:00,4869.709287317908
05-10 19:00:00,4929.904180133247
05-10 20:00:00,3600.9738444676705
05-10 21:00:00,3272.1500029551166
05-10 22:00:00,2823.300211619668
05-10 23:00:00,2743.5454063482257
05-11 00:00:00,2663.4796926892473
05-11 01:00:00,2642.4339158911594
05-11 02:00:00,2659.127246654291
05-11 03:00:00,2645.686845669958
05-11 04:00:00,2813.9779186323676
05-11 05:00:00,3148.6139638306267
05-11 06:00:00,5153.649779441818
05-11 07:00:00,4043.7417542487237
05-11 08:00:00,3346.576392728904
05-11 09:00:00,3181.6467392044683
05-11 10:00:00,3050.425117717693
05-11 11:00:00,2939.251546166289
05-11 12:00:00,4728.931513328916
05-11 13:00:00,3929.9609340927773
05-11 14:00:00,3464.969679652389
05-11 15:00:00,3672.662253816858
05-11 16:00:00,3791.9461796355736
05-11 17:00:00,4289.749349954921
05-11 18:00:00,5501.581312955903
05-11 19:00:00,5192.872918626923
05-11 20:00:00,3562.618480481691
05-11 21:00:00,3626.724158906067
05-11 22:00:00,3140.881882675829
05-11 23:00:00,2994.4597023458577
05-12 00:00:00,2685.485295578638
05-12 01:00:00,2635.7741369435303
05-12 02:00:00,2605.3255828602146
05-12 03:00:00,2580.887919417893
05-12 04:00:00,2683.9901144862915
05-12 05:00:00,2721.364185446094
05-12 06:00:00,4373.030102437659
05-12 07:00:00,3348.850744057306
05-12 08:00:00,2415.2400030054005
05-12 09:00:00,2272.733768040173
05-12 10:00:00,2123.299666659953
05-12 11:00:00,2017.420276340951
05-12 12:00:00,3665.3577933621023
05-12 13:00:00,2751.15634605821
05-12 14:00:00,2236.9063430369006
05-12 15:00:00,2464.2203908832707
05-12 16:00:00,2706.292766468777
05-12 17:00:00,3603.4590613892665
05-12 18:00:00,4725.175980819411
05-12 19:00:00,4792.487353187982
05-12 20:00:00,3325.879607403851
05-12 21:00:00,3315.48293936213
05-12 22:00:00,2786.739107373248
05-12 23:00:00,2732.206273843297
05-13 00:00:00,2524.518148215356
05-13 01:00:00,2498.074775027759
05-13 02:00:00,2494.9020663439424
05-13 03:00:00,2511.8016058042385
05-13 04:00:00,2603.2689090500166
05-13 05:00:00,2621.94770857787
05-13 06:00:00,4165.905248075444
05-13 07:00:00,2888.787195975884
05-13 08:00:00,1877.434332479235
05-13 09:00:00,1765.0682215897218
05-13 10:00:00,1603.2370150069432
05-13 11:00:00,1524.0264193209484
05-13 12:00:00,3415.856102264788
05-13 13:00:00,2614.7404163042556
05-13 14:00:00,2089.9209370306066
05-13 15:00:00,2312.039704565722
05-13 16:00:00,2521.032712495044
05-13 17:00:00,3351.155915121286
05-13 18:00:00,4506.239911359294
05-13 19:00:00,4700.946409176986
05-13 20:00:00,3322.85374090653
05-13 21:00:00,3374.420783724173
05-13 22:00:00,2813.6326468299762
05-13 23:00:00,2660.5492299912703
05-14 00:00:00,2856.5265557504613
05-14 01:00:00,2852.945618327251
05-14 02:00:00,2857.9587957765953
05-14 03:00:00,2899.0334733965205
05-14 04:00:00,3086.4166777874666
05-14 05:00:00,3330.371693591295
05-14 06:00:00,5201.10093055468
05-14 07:00:00,4323.357867349282
05-14 08:00:00,3383.0333692448203
05-14 09:00:00,3201.9301341313894
05-14 10:00:00,3054.36462645543
05-14 11:00:00,2961.684534678242
05-14 12:00:00,4657.969295589266
05-14 13:00:00,3722.509584991008
05-14 14:00:00,3235.8634293959435
05-14 15:00:00,3462.9790013525662
05-14 16:00:00,3690.3904573715727
05-14 17:00:00,4451.006295110449
05-14 18:00:00,5157.381262075589
05-14 19:00:00,5149.805041324566
05-14 20:00:00,3621.9512409963313
05-14 21:00:00,3652.8388500678684
05-14 22:00:00,3065.262957204096
05-14 23:00:00,3027.059300152827
05-15 00:00:00,2917.4445562664923
05-15 01:00:00,2877.8482684518744
05-15 02:00:00,2861.0643161863154
05-15 03:00:00,2894.01882863426
05-15 04:00:00,3086.105729253165
05-15 05:00:00,3455.9384971165823
05-15 06:00:00,5367.583307396762
05-15 07:00:00,4264.867733974396
05-15 08:00:00,3554.287810946276
05-15 09:00:00,3356.340861360739
05-15 10:00:00,3238.8646285686305
05-15 11:00:00,3132.641866375414
05-15 12:00:00,4844.687948393198
05-15 13:00:00,3998.4940999455944
05-15 14:00:00,3561.6762739356122
05-15 15:00:00,3806.5428037419874
05-15 16:00:00,4000.7087295724373
05-15 17:00:00,4705.511455857909
05-15 18:00:00,5371.942166582841
05-15 19:00:00,5358.347842786317
05-15 20:00:00,3763.6457269440734
05-15 21:00:00,3847.2395715111265
05-15 22:00:00,3236.4427927069105
05-15 23:00:00,3053.105061951237
05-16 00:00:00,2936.007717259504
05-16 01:00:00,2903.1041846049225
05-16 02:00:00,2892.500750550306
05-16 03:00:00,2933.6538067923984
05-16 04:00:00,3130.8728068080954
05-16 05:00:00,3309.6876136826877
05-16 06:00:00,5210.423653543325
05-16 07:00:00,4492.962594763734
05-16 08:00:00,3582.570403621206
05-16 09:00:00,3416.2112031863317
05-16 10:00:00,3269.5692512925293
05-16 11:00:00,3172.1843884211657
05-16 12:00:00,4951.356022819138
05-16 13:00:00,4042.251489593611
05-16 14:00:00,3628.2343970231145
05-16 15:00:00,3889.374341363941
05-16 16:00:00,4002.467548017679
05-16 17:00:00,4436.860456869803
05-16 18:00:00,5347.389820716909
05-16 19:00:00,5572.053187504308
05-16 20:00:00,3617.0013248939867
05-16 21:00:00,3703.717021701032
05-16 22:00:00,3075.6080445047096
05-16 23:00:00,2967.519099967476
05-17 00:00:00,2858.5277097757903
05-17 01:00:00,2833.870584835314
05-17 02:00:00,2850.2105866841002
05-17 03:00:00,2832.91955662553
05-17 04:00:00,2996.8682473851436
05-17 05:00:00,3292.4922513151478
05-17 06:00:00,5148.212498315798
05-17 07:00:00,4331.521914544787
05-17 08:00:00,3473.814676247462
05-17 09:00:00,3324.0270555322386
05-17 10:00:00,3171.9814543906723
05-17 11:00:00,3063.1855797869616
05-17 12:00:00,4722.175239089664
05-17 13:00:00,3833.9989106842604
05-17 14:00:00,3380.0434461372947
05-17 15:00:00,3633.3226321723805
05-17 16:00:00,3709.037441674572
05-17 17:00:00,4426.366886761145
05-17 18:00:00,5099.586962936364
05-17 19:00:00,5118.341964739949
05-17 20:00:00,3500.6140725790815
05-17 21:00:00,3442.87056688183
05-17 22:00:00,3029.2829497131384
05-17 23:00:00,3012.7604282262773
05-18 00:00:00,2893.098388160854
05-18 01:00:00,2824.904670597398
05-18 02:00:00,2836.2519842422967
05-18 03:00:00,2848.5226226996974
05-18 04:00:00,3013.14770407027
05-18 05:00:00,3292.6552248272274
05-18 06:00:00,5105.841737204662
05-18 07:00:00,4391.225486964322
05-18 08:00:00,3557.7501547431357
05-18 09:00:00,3414.7562562458834
05-18 10:00:00,3289.174192814292
05-18 11:00:00,3207.6239502508215
05-18 12:00:00,4879.321864387983
05-18 13:00:00,3975.1160398303805
05-18 14:00:00,3445.5157370908573
05-18 15:00:00,3630.381831835967
05-18 16:00:00,3754.9406371614027
05-18 17:00:00,4174.582028836203
05-18 18:00:00,5168.81319014247
05-18 19:00:00,5431.176881671286
05-18 20:00:00,3536.129786754635
05-18 21:00:00,3521.227387222841
05-18 22:00:00,3015.1656579556857
05-18 23:00:00,3133.412047562331
05-19 00:00:00,2788.752611505797
05-19 01:00:00,2739.1678370227855
05-19 02:00:00,2717.4072825385992
05-19 03:00:00,2709.19892470256
05-19 04:00:00,2802.361441376024
05-19 05:00:00,2863.631222678293
05-19 06:00:00,4463.333241856442
05-19 07:00:00,3351.611662593917
05-19 08:00:00,2382.9681571256733
05-19 09:00:00,2270.2498690342327
05-19 10:00:00,2085.6537793282628
05-19 11:00:00,2020.726885674801
05-19 12:00:00,3875.383380104776
05-19 13:00:00,2873.942060363094
05-19 14:00:00,2316.2307404047056
05-19 15:00:00,2638.4941696278474
05-19 16:00:00,2870.5818529929093
05-19 17:00:00,3718.942650178947
05-19 18:00:00,4871.702313012994
05-19 19:00:00,4977.384778678394
05-19 20:00:00,3462.1762924428795
05-19 21:00:00,3562.9058681968017
05-19 22:00:00,2917.2873383339665
05-19 23:00:00,2822.722813938202
05-20 00:00:00,2579.7114843119543
05-20 01:00:00,2522.6487444354934
05-20 02:00:00,2524.91395049525
05-20 03:00:00,2513.3646819259266
05-20 04:00:00,2579.780403237099
05-20 05:00:00,2593.8971042706985
05-20 06:00:00,4232.783533417623
05-20 07:00:00,2975.7008625970725
05-20 08:00:00,2043.9712490587656
05-20 09:00:00,1880.5493621942674
05-20 10:00:00,1731.0928989202973
05-20 11:00:00,1655.4973520585675
05-20 12:00:00,3327.393897796607
05-20 13:00:00,2437.1749400841863
05-20 14:00:00,1959.3885821838676
05-20 15:00:00,2155.171111014496
05-20 16:00:00,2373.61194393311
05-20 17:00:00,3226.030642621963
05-20 18:00:00,4382.428272528819
05-20 19:00:00,4592.242724031468
05-20 20:00:00,3174.986555535073
05-20 21:00:00,3229.3374323064663
05-20 22:00:00,2677.837822202526
05-20 23:00:00,2590.157396030353
05-21 00:00:00,2722.4841950102514
05-21 01:00:00,2699.223630241037
05-21 02:00:00,2680.5599624581573
05-21 03:00:00,2700.468842602341
05-21 04:00:00,2828.796049777411
05-21 05:00:00,3057.8890540158623
05-21 06:00:00,4804.81938478027
05-21 07:00:00,3823.934480872224
05-21 08:00:00,3141.751543140615
05-21 09:00:00,3006.414969864591
05-21 10:00:00,2948.792739163329
05-21 11:00:00,2933.489708718935
05-21 12:00:00,4656.436732960214
05-21 13:00:00,3779.5893498316386
05-21 14:00:00,3291.688328988289
05-21 15:00:00,3488.7425390707967
05-21 16:00:00,3659.575668392867
05-21 17:00:00,4440.502156711191
05-21 18:00:00,5123.005021332083
05-21 19:00:00,5104.969781828802
05-21 20:00:00,3523.5419697720936
05-21 21:00:00,3493.598071999574
05-21 22:00:00,3049.8236982134204
05-21 23:00:00,3055.8942356896723
05-22 00:00:00,2946.717872903488
05-22 01:00:00,2875.7137340604672
05-22 02:00:00,2874.5446255737247
05-22 03:00:00,2881.500155460028
05-22 04:00:00,3063.4169359493317
05-22 05:00:00,3362.3645892037225
05-22 06:00:00,5189.171854945734
05-22 07:00:00,4555.643674368336
05-22 08:00:00,3596.525648709088
05-22 09:00:00,3406.27161154047
05-22 10:00:00,3237.783449929502
05-22 11:00:00,3113.5942225489616
05-22 12:00:00,4837.35053790717
05-22 13:00:00,3920.2182644055215
05-22 14:00:00,3441.0721739002456
05-22 15:00:00,3625.50287377968
05-22 16:00:00,3741.3259734187322
05-22 17:00:00,4391.21944601914
05-22 18:00:00,5135.530257642806
05-22 19:00:00,5026.715621832379
05-22 20:00:00,3441.502370838426
05-22 21:00:00,3558.5395224252493
05-22 22:00:00,3057.5147231146016
05-22 23:00:00,2943.4609635686215
05-23 00:00:00,2818.169683283681
05-23 01:00:00,2866.647419081838
05-23 02:00:00,2892.422565752697
05-23 03:00:00,2919.78868971133
05-23 04:00:00,3102.8675894600474
05-23 05:00:00,3355.608443962775
05-23 06:00:00,5256.485756030015
05-23 07:00:00,4461.0326478570405
05-23 08:00:00,3604.7287266645076
05-23 09:00:00,3386.746652498668
05-23 10:00:00,3234.920727210718
05-23 11:00:00,3191.9598143811577
05-23 12:00:00,4839.908131331177
05-23 13:00:00,3890.4668018966136
05-23 14:00:00,3431.349469496718
05-23 15:00:00,3593.1809981768006
05-23 16:00:00,3680.615793693993
05-23 17:00:00,4162.30601252885
05-23 18:00:00,5315.245061797464
05-23 19:00:00,5081.728586351994
05-23 20:00:00,3452.8134754476782
05-23 21:00:00,3414.391953361179
05-23 22:00:00,2917.302456270505
05-23 23:00:00,2919.8833240252147
05-24 00:00:00,2833.435876258314
05-24 01:00:00,2795.3166403596088
05-24 02:00:00,2765.430807592079
05-24 03:00:00,2782.1080357790415
05-24 04:00:00,2918.841179395004
05-24 05:00:00,3055.7296602368174
05-24 06:00:00,5057.712779077924
05-24 07:00:00,3816.388182337839
05-24 08:00:00,3230.3215780824057
05-24 09:00:00,3033.4755514653357
05-24 10:00:00,2934.436865087962
05-24 11:00:00,2843.486509689242
05-24 12:00:00,4514.092060323581
05-24 13:00:00,3696.92689832701
05-24 14:00:00,3233.6969878377104
05-24 15:00:00,3429.5446181242323
05-24 16:00:00,3585.456138583423
05-24 17:00:00,4071.467158402831
05-24 18:00:00,5114.0917859189585
05-24 19:00:00,5251.296731198501
05-24 20:00:00,3480.1896611313746
05-24 21:00:00,3491.292930020916
05-24 22:00:00,2986.3945506273026
05-24 23:00:00,2892.7331973184137
05-25 00:00:00,2783.4258361375164
05-25 01:00:00,2787.3937359122456
05-25 02:00:00,2790.2025748452334
05-25 03:00:00,2778.9014662149734
05-25 04:00:00,2936.1587562363075
05-25 05:00:00,3084.962171319616
05-25 06:00:00,5044.415083328164
05-25 07:00:00,4290.994222644316
05-25 08:00:00,3487.5678715385884
05-25 09:00:00,3330.7789317398074
05-25 10:00:00,3199.0693864260197
05-25 11:00:00,3080.9982663089354
05-25 12:00:00,4781.326880284863
05-25 13:00:00,3865.236360726148
05-25 14:00:00,3411.335934509658
05-25 15:00:00,3579.890871135936
05-25 16:00:00,3688.855387053263
05-25 17:00:00,4220.366710620504
05-25 18:00:00,5071.143052773522
05-25 19:00:00,5037.223005082192
05-25 20:00:00,3704.7700109822194
05-25 21:00:00,3402.2611884802172
05-25 22:00:00,2952.251414777226
05-25 23:00:00,2946.397073691216
05-26 00:00:00,2677.5550924011563
05-26 01:00:00,2655.7122253608513
05-26 02:00:00,2662.4981796531024
05-26 03:00:00,2621.9143027807404
05-26 04:00:00,2704.308720573991
05-26 05:00:00,2730.0589853012852
05-26 06:00:00,4349.588945125658
05-26 07:00:00,3192.7429887167277
05-26 08:00:00,2229.637064161211
05-26 09:00:00,2057.404975076558
05-26 10:00:00,1881.4942705707167
05-26 11:00:00,1857.3261024672486
05-26 12:00:00,3575.342017394445
05-26 13:00:00,2693.0528786209798
05-26 14:00:00,2208.275000138889
05-26 15:00:00,2412.2270377069162
05-26 16:00:00,2632.0930813537843
05-26 17:00:00,3535.8889100096635
05-26 18:00:00,4709.809289933257
05-26 19:00:00,4867.293556491426
05-26 20:00:00,3273.891213194367
05-26 21:00:00,3311.165607591223
05-26 22:00:00,2724.5982221714403
05-26 23:00:00,2638.0690881088426
05-27 00:00:00,2408.2590379116787
05-27 01:00:00,2358.3876035447565
05-27 02:00:00,2327.652877877596
05-27 03:00:00,2350.297746902689
05-27 04:00:00,2480.399747262596
05-27 05:00:00,2530.2832309021624
05-27 06:00:00,4123.241061382595
05-27 07:00:00,2939.9554329032476
05-27 08:00:00,2023.8193641121075
05-27 09:00:00,1916.3565819690698
05-27 10:00:00,1815.7501767502806
05-27 11:00:00,1712.6280424670492
05-27 12:00:00,3464.2949636100357
05-27 13:00:00,2564.698550225582
05-27 14:00:00,2058.8195740892293
05-27 15:00:00,2281.490056834575
05-27 16:00:00,2503.909038126888
05-27 17:00:00,3347.720249123774
05-27 18:00:00,4485.263213388897
05-27 19:00:00,4664.770144979554
05-27 20:00:00,3243.0251888195126
05-27 21:00:00,3277.397902663709
05-27 22:00:00,2733.2084407587704
05-27 23:00:00,2675.6795809583887
05-28 00:00:00,2822.6417485151946
05-28 01:00:00,2812.922338367478
05-28 02:00:00,2823.9584092454743
05-28 03:00:00,2864.207692890868
05-28 04:00:00,3023.862498007872
05-28 05:00:00,3159.2516478785465
05-28 06:00:00,4916.74706822177
05-28 07:00:00,4201.709199575511
05-28 08:00:00,3285.4559340560722
05-28 09:00:00,3114.085687450075
05-28 10:00:00,2978.372709349383
05-28 11:00:00,2848.039894307435
05-28 12:00:00,4539.714130590947
05-28 13:00:00,3628.8788356003924
05-28 14:00:00,3143.134621685029
05-28 15:00:00,3354.8464497222035
05-28 16:00:00,3526.7341604780654
05-28 17:00:00,3935.362810298631
05-28 18:00:00,5173.353029668945
05-28 19:00:00,4920.891656220774
05-28 20:00:00,3401.682452599491
05-28 21:00:00,3369.3774605957547
05-28 22:00:00,2906.2622931261826
05-28 23:00:00,2792.4070288103044
05-29 00:00:00,2711.952369157807
05-29 01:00:00,2678.646587200423
05-29 02:00:00,2679.130812588328
05-29 03:00:00,2708.640025375255
05-29 04:00:00,2871.0078757250494
05-29 05:00:00,3161.8277197545435
05-29 06:00:00,4956.361117249284
05-29 07:00:00,4066.164826175712
05-29 08:00:00,3410.043722648205
05-29 09:00:00,3254.2142261942868
05-29 10:00:00,3150.425060394167
05-29 11:00:00,3088.410182396101
05-29 12:00:00,4775.594540745241
05-29 13:00:00,3905.24520048577
05-29 14:00:00,3464.852902620174
05-29 15:00:00,3627.553198212447
05-29 16:00:00,3759.2504099104895
05-29 17:00:00,4157.7635416719895
05-29 18:00:00,5080.3012701543885
05-29 19:00:00,5327.821014105024
05-29 20:00:00,3537.7971204784785
05-29 21:00:00,3621.845968285406
05-29 22:00:00,3035.6725197528217
05-29 23:00:00,2936.1482251226453
05-30 00:00:00,2820.3398481109393
05-30 01:00:00,2832.4996379965196
05-30 02:00:00,2853.563141019048
05-30 03:00:00,2876.8440959956183
05-30 04:00:00,3030.8925796345934
05-30 05:00:00,3179.9710365660594
05-30 06:00:00,5004.244681584788
05-30 07:00:00,4258.963581350657
05-30 08:00:00,3401.85531060807
05-30 09:00:00,3199.4827216400454
05-30 10:00:00,3161.8080809032344
05-30 11:00:00,3092.6834416265688
05-30 12:00:00,4786.24878393334
05-30 13:00:00,3889.7871835816923
05-30 14:00:00,3404.0947136223144
05-30 15:00:00,3625.0913704443888
05-30 16:00:00,3768.4006207216944
05-30 17:00:00,4502.1888469422165
05-30 18:00:00,5133.8871964520495
05-30 19:00:00,5048.3892325406205
05-30 20:00:00,3450.2742775885167
05-30 21:00:00,3673.9301604346288
05-30 22:00:00,3020.4190513540607
05-30 23:00:00,2927.6627256587662
05-31 00:00:00,2859.832063280992
05-31 01:00:00,2832.070233847399
05-31 02:00:00,2873.278999563508
05-31 03:00:00,2903.0399815697933
05-31 04:00:00,3061.448053166244
05-31 05:00:00,3084.9074994224275
05-31 06:00:00,5286.173296211427
05-31 07:00:00,4082.5542925770646
05-31 08:00:00,3470.111320901548
05-31 09:00:00,3293.660725720516
05-31 10:00:00,3135.2564521240765
05-31 11:00:00,3014.6998022410157
05-31 12:00:00,4734.356149585579
05-31 13:00:00,3820.60305132428
05-31 14:00:00,3378.881826126865
05-31 15:00:00,3535.635876629681
05-31 16:00:00,3691.4110410025296
05-31 17:00:00,4097.089278425067
05-31 18:00:00,5263.168153650107
05-31 19:00:00,5028.201473872646
05-31 20:00:00,3387.318342485652
05-31 21:00:00,3432.947911978042
05-31 22:00:00,2972.1527070535653
05-31 23:00:00,2844.223441418342
06-01 00:00:00,2808.4923734152417
06-01 01:00:00,2791.0678035660753
06-01 02:00:00,2786.2762183869504
06-01 03:00:00,2813.402913130238
06-01 04:00:00,2927.006378624715
06-01 05:00:00,3140.207473360273
06-01 06:00:00,4946.647194376742
06-01 07:00:00,4191.013812254544
06-01 08:00:00,3367.2795127471277
06-01 09:00:00,3204.677186164568
06-01 10:00:00,3053.4694171308997
06-01 11:00:00,2928.860252271587
06-01 12:00:00,4653.874310335934
06-01 13:00:00,3768.4595590522486
06-01 14:00:00,3258.5280139779543
06-01 15:00:00,3431.021283216226
06-01 16:00:00,3575.250186395584
06-01 17:00:00,4265.351657845994
06-01 18:00:00,4915.458826813059
06-01 19:00:00,4870.982825132287
06-01 20:00:00,3250.9503295176646
06-01 21:00:00,3197.2467931610977
06-01 22:00:00,2692.4902833420056
06-01 23:00:00,2796.834999267695
06-02 00:00:00,2496.5565823939023
06-02 01:00:00,2441.770923467723
06-02 02:00:00,2429.2392449003405
06-02 03:00:00,2432.163191665772
06-02 04:00:00,2456.6247162865316
06-02 05:00:00,2501.321170615199
06-02 06:00:00,4052.7716783425894
06-02 07:00:00,2884.688646638967
06-02 08:00:00,1889.6092242284021
06-02 09:00:00,1764.9346059271288
06-02 10:00:00,1681.7231942256058
06-02 11:00:00,1643.5347254022568
06-02 12:00:00,3379.7659622436586
06-02 13:00:00,2453.92307832058
06-02 14:00:00,2026.5213946654142
06-02 15:00:00,2239.0348545953684
06-02 16:00:00,2472.647902454731
06-02 17:00:00,3310.9586512234123
06-02 18:00:00,4466.817223274301
06-02 19:00:00,4572.927018055932
06-02 20:00:00,3085.566962937301
06-02 21:00:00,3152.3883105335117
06-02 22:00:00,2562.268148623686
06-02 23:00:00,2458.2763202242827
06-03 00:00:00,2250.6650189091533
06-03 01:00:00,2224.404478342617
06-03 02:00:00,2225.1966928103325
06-03 03:00:00,2209.7873828436
06-03 04:00:00,2232.6680845683973
06-03 05:00:00,2221.2169099066637
06-03 06:00:00,3834.143511722868
06-03 07:00:00,2597.381791652147
06-03 08:00:00,1631.3360244836776
06-03 09:00:00,1447.3980175066617
06-03 10:00:00,1294.7953294521976
06-03 11:00:00,1237.6173893976595
06-03 12:00:00,3021.047078395577
06-03 13:00:00,2132.892203428769
06-03 14:00:00,1629.0384181102809
06-03 15:00:00,1893.5947532884395
06-03 16:00:00,2130.2106441424453
06-03 17:00:00,2998.354236653103
06-03 18:00:00,4158.773230888319
06-03 19:00:00,4297.421589471163
06-03 20:00:00,2879.364612773653
06-03 21:00:00,2914.949142120058
06-03 22:00:00,2344.854858874163
06-03 23:00:00,2205.861470067421
06-04 00:00:00,2372.5057464318597
06-04 01:00:00,2346.670784266377
06-04 02:00:00,2366.5803243183746
06-04 03:00:00,2438.7313207701472
06-04 04:00:00,2517.529907510588
06-04 05:00:00,2628.058467157069
06-04 06:00:00,4652.351525463096
06-04 07:00:00,3479.7868011518253
06-04 08:00:00,2833.9286123517877
06-04 09:00:00,2711.5170533341134
06-04 10:00:00,2648.6034218809214
06-04 11:00:00,2570.511386422764
06-04 12:00:00,4310.762341080155
06-04 13:00:00,3431.5491119879143
06-04 14:00:00,2976.437250951312
06-04 15:00:00,3162.5469395073696
06-04 16:00:00,3310.634227755474
06-04 17:00:00,3797.165957886707
06-04 18:00:00,4677.2284569913545
06-04 19:00:00,4656.868320827836
06-04 20:00:00,3336.6677304587897
06-04 21:00:00,3151.6476355377663
06-04 22:00:00,2692.7939141056027
06-04 23:00:00,2584.0388221041935
06-05 00:00:00,2530.1325859625244
06-05 01:00:00,2497.507700589962
06-05 02:00:00,2496.3429668837525
06-05 03:00:00,2514.0657941278705
06-05 04:00:00,2635.721627440529
06-05 05:00:00,3022.468508019096
06-05 06:00:00,5013.091814708977
06-05 07:00:00,3804.7489623890483
06-05 08:00:00,3247.9313659714253
06-05 09:00:00,3132.65104065025
06-05 10:00:00,3078.5874916295315
06-05 11:00:00,3046.705605526297
06-05 12:00:00,4779.649376970995
06-05 13:00:00,3936.080347726411
06-05 14:00:00,3496.8817770322444
06-05 15:00:00,3697.616305291
06-05 16:00:00,3751.6603062745435
06-05 17:00:00,4208.069261476545
06-05 18:00:00,5132.256108570071
06-05 19:00:00,5085.697086098252
06-05 20:00:00,3714.7941900795136
06-05 21:00:00,3344.833233643089
06-05 22:00:00,2774.2900513888912
06-05 23:00:00,2811.8985323838515
06-06 00:00:00,2698.5261473561286
06-06 01:00:00,2659.531469348266
06-06 02:00:00,2637.869635270795
06-06 03:00:00,2634.2274863633706
06-06 04:00:00,2733.9481851806963
06-06 05:00:00,2873.627252939805
06-06 06:00:00,4809.350350606438
06-06 07:00:00,4175.584063987547
06-06 08:00:00,3321.7216431815027
06-06 09:00:00,3215.657401801509
06-06 10:00:00,3116.329890053239
06-06 11:00:00,3028.077003676907
06-06 12:00:00,4685.200286075273
06-06 13:00:00,3832.1286547662153
06-06 14:00:00,3367.7577630939422
06-06 15:00:00,3594.050395349781
06-06 16:00:00,3700.666804982823
06-06 17:00:00,4128.840258136378
06-06 18:00:00,5091.51349786633
06-06 19:00:00,5074.435125986737
06-06 20:00:00,3610.259763171735
06-06 21:00:00,3343.4308234099035
06-06 22:00:00,2757.9135744642076
06-06 23:00:00,2741.071055938311
06-07 00:00:00,2627.303083507816
06-07 01:00:00,2577.416469204996
06-07 02:00:00,2579.8023492460215
06-07 03:00:00,2594.8973057809017
06-07 04:00:00,2699.7556908427546
06-07 05:00:00,2993.775358679517
06-07 06:00:00,4846.62069383276
06-07 07:00:00,4188.655170497161
06-07 08:00:00,3356.372218248169
06-07 09:00:00,3177.6504072721677
06-07 10:00:00,3095.62906334152
06-07 11:00:00,3011.016772300291
06-07 12:00:00,4675.3940574479775
06-07 13:00:00,3804.876959439598
06-07 14:00:00,3289.7524480046227
06-07 15:00:00,3526.7184070379108
06-07 16:00:00,3765.3865752039646
06-07 17:00:00,4445.768073787118
06-07 18:00:00,5163.982175405548
06-07 19:00:00,5142.033574502271
06-07 20:00:00,3444.067692811451
06-07 21:00:00,3373.2251516196566
06-07 22:00:00,2745.3524601440477
06-07 23:00:00,2797.382660547537
06-08 00:00:00,2691.224332836044
06-08 01:00:00,2633.900316730456
06-08 02:00:00,2621.685442044031
06-08 03:00:00,2621.921706199747
06-08 04:00:00,2723.3800739082085
06-08 05:00:00,2999.3930250883964
06-08 06:00:00,4866.233177121365
06-08 07:00:00,4057.237203712748
06-08 08:00:00,3285.7285136507903
06-08 09:00:00,3160.777958971583
06-08 10:00:00,3034.296175177715
06-08 11:00:00,2959.8693951615164
06-08 12:00:00,4648.941057374318
06-08 13:00:00,3781.8494003242927
06-08 14:00:00,3269.356515099413
06-08 15:00:00,3544.8147828671054
06-08 16:00:00,3669.9448551657674
06-08 17:00:00,4158.290628362647
06-08 18:00:00,5000.15769530611
06-08 19:00:00,5176.716118456718
06-08 20:00:00,3380.986987182671
06-08 21:00:00,3429.8836449478536
06-08 22:00:00,2869.471443701053
06-08 23:00:00,2750.6373138456647
06-09 00:00:00,2447.187626826041
06-09 01:00:00,2387.229331320751
06-09 02:00:00,2353.479054502844
06-09 03:00:00,2338.2960622462306
06-09 04:00:00,2382.9876705476863
06-09 05:00:00,2363.0370084476494
06-09 06:00:00,4031.7074431709066
06-09 07:00:00,2964.4625886426506
06-09 08:00:00,2064.3251700550813
06-09 09:00:00,1890.6415468746065
06-09 10:00:00,1777.537645249411
06-09 11:00:00,1676.6068960302034
06-09 12:00:00,3400.8557307966403
06-09 13:00:00,2523.1948968895954
06-09 14:00:00,2049.530252913063
06-09 15:00:00,2300.9012221280564
06-09 16:00:00,2647.2973508219907
06-09 17:00:00,3471.9415256115026
06-09 18:00:00,4577.958113269407
06-09 19:00:00,4695.944786080665
06-09 20:00:00,3222.155375512281
06-09 21:00:00,3186.958741265878
06-09 22:00:00,2614.0550106214055
06-09 23:00:00,2567.5853516366287
06-10 00:00:00,2341.832496022549
06-10 01:00:00,2287.0268598735674
06-10 02:00:00,2279.1231710095904
06-10 03:00:00,2268.020889381545
06-10 04:00:00,2305.449301022486
06-10 05:00:00,2313.5530942518726
06-10 06:00:00,3828.8749394710803
06-10 07:00:00,2578.0276750127123
06-10 08:00:00,1627.974771452938
06-10 09:00:00,1443.4431143672398
06-10 10:00:00,1335.0359087509482
06-10 11:00:00,1270.3979566224593
06-10 12:00:00,3042.662854286456
06-10 13:00:00,2180.169363230871
06-10 14:00:00,1723.0467129274653
06-10 15:00:00,1949.3482489874043
06-10 16:00:00,2177.41968816094
06-10 17:00:00,3053.499634119033
06-10 18:00:00,4199.044605566586
06-10 19:00:00,4368.348121508325
06-10 20:00:00,2957.2863026608097
06-10 21:00:00,3034.404346665713
06-10 22:00:00,2447.145841143128
06-10 23:00:00,2347.613922935948
06-11 00:00:00,2521.450999927591
06-11 01:00:00,2502.6520404997013
06-11 02:00:00,2509.025637767093
06-11 03:00:00,2558.150741793269
06-11 04:00:00,2689.020018427232
06-11 05:00:00,2874.2868430399963
06-11 06:00:00,4754.603504841824
06-11 07:00:00,4104.263650799398
06-11 08:00:00,3226.4378830718424
06-11 09:00:00,3012.343422092907
06-11 10:00:00,2960.2540982629944
06-11 11:00:00,2920.2336534318233
06-11 12:00:00,4663.6765043291625
06-11 13:00:00,3765.1114943330035
06-11 14:00:00,3299.6540905352963
06-11 15:00:00,3475.215899073359
06-11 16:00:00,3596.916183037778
06-11 17:00:00,4219.571532474771
06-11 18:00:00,4901.382430314444
06-11 19:00:00,4845.354242967728
06-11 20:00:00,3293.097996853259
06-11 21:00:00,3262.846542889085
06-11 22:00:00,2830.202340094367
06-11 23:00:00,2676.758771106559
06-12 00:00:00,2580.7036036240725
06-12 01:00:00,2554.5329202893286
06-12 02:00:00,2562.646937599701
06-12 03:00:00,2584.0816590625955
06-12 04:00:00,2687.448313560872
06-12 05:00:00,2966.992222143517
06-12 06:00:00,4951.476449032202
06-12 07:00:00,3823.920814833592
06-12 08:00:00,3163.851434232517
06-12 09:00:00,3048.924230141661
06-12 10:00:00,2972.5755522070936
06-12 11:00:00,2941.7946660856423
06-12 12:00:00,4671.274182794925
06-12 13:00:00,3799.120750609026
06-12 14:00:00,3285.1628744183313
06-12 15:00:00,3553.0106375902415
06-12 16:00:00,3703.2065978043775
06-12 17:00:00,4147.789366646547
06-12 18:00:00,5015.556581714652
06-12 19:00:00,4894.471226970664
06-12 20:00:00,3530.119583603483
06-12 21:00:00,3304.399134872443
06-12 22:00:00,2669.1085182762954
06-12 23:00:00,2619.841311507569
06-13 00:00:00,2466.8207838903572
06-13 01:00:00,2460.831146070606
06-13 02:00:00,2455.8659075929377
06-13 03:00:00,2458.1327490488834
06-13 04:00:00,2553.1613783697408
06-13 05:00:00,2759.194413407723
06-13 06:00:00,4754.375534939014
06-13 07:00:00,3782.840611528502
06-13 08:00:00,3172.4859239621
06-13 09:00:00,3076.1758886181265
06-13 10:00:00,3001.3590891950694
06-13 11:00:00,2933.8324830166966
06-13 12:00:00,4670.889058092472
06-13 13:00:00,3786.400999093743
06-13 14:00:00,3322.1153946735626
06-13 15:00:00,3540.9813688704007
06-13 16:00:00,3663.8909818868274
06-13 17:00:00,4333.373504148546
06-13 18:00:00,5090.690035277009
06-13 19:00:00,4957.970260518303
06-13 20:00:00,3308.6517223200944
06-13 21:00:00,3393.79984394445
06-13 22:00:00,2925.4410032569426
06-13 23:00:00,2713.1461756339577
06-14 00:00:00,2620.1775805812126
06-14 01:00:00,2598.842207376499
06-14 02:00:00,2616.35594447639
06-14 03:00:00,2642.46511024012
06-14 04:00:00,2765.874167484805
06-14 05:00:00,3019.4965962691367
06-14 06:00:00,4775.324389831656
06-14 07:00:00,3886.1585023517637
06-14 08:00:00,3258.8687920521957
06-14 09:00:00,3115.117901043978
06-14 10:00:00,3021.420958344726
06-14 11:00:00,2960.077681104081
06-14 12:00:00,4676.688074679931
06-14 13:00:00,3829.0127720455553
06-14 14:00:00,3297.618382576621
06-14 15:00:00,3523.999018118178
06-14 16:00:00,3647.4035234679013
06-14 17:00:00,4133.693641025447
06-14 18:00:00,4973.044403296471
06-14 19:00:00,5192.514490416319
06-14 20:00:00,3323.496213090671
06-14 21:00:00,3277.6975920113355
06-14 22:00:00,2635.713090225626
06-14 23:00:00,2702.176768856889
06-15 00:00:00,2578.19105692538
06-15 01:00:00,2564.7931533995566
06-15 02:00:00,2569.81890762796
06-15 03:00:00,2588.4696037873855
06-15 04:00:00,2694.8708728424112
06-15 05:00:00,2972.736507431669
06-15 06:00:00,4931.882703376093
06-15 07:00:00,3737.3516437508133
06-15 08:00:00,3157.3061894619864
06-15 09:00:00,3082.730652774719
06-15 10:00:00,2978.5550320517173
06-15 11:00:00,2854.7241676635304
06-15 12:00:00,4634.045961554594
06-15 13:00:00,3736.2277074148606
06-15 14:00:00,3240.540491632208
06-15 15:00:00,3444.9224137396704
06-15 16:00:00,3565.586320729612
06-15 17:00:00,4302.725091672082
06-15 18:00:00,4915.872825561455
06-15 19:00:00,4893.966451779952
06-15 20:00:00,3234.106753904571
06-15 21:00:00,3267.0254525737914
06-15 22:00:00,2685.405081914457
06-15 23:00:00,2610.8305789526044
06-16 00:00:00,2325.3190663690043
06-16 01:00:00,2260.9339638871966
06-16 02:00:00,2257.9229947279905
06-16 03:00:00,2248.1911353312903
06-16 04:00:00,2294.560083963442
06-16 05:00:00,2354.4320489480588
06-16 06:00:00,3905.4389548690156
06-16 07:00:00,2784.82658838339
06-16 08:00:00,1920.5733418599498
06-16 09:00:00,1782.3110234684536
06-16 10:00:00,1703.9498594663746
06-16 11:00:00,1670.1858697471778
06-16 12:00:00,3403.9309876510165
06-16 13:00:00,2497.575801437209
06-16 14:00:00,2020.0182719832922
06-16 15:00:00,2229.7025719499443
06-16 16:00:00,2465.9604140665956
06-16 17:00:00,3326.952611557686
06-16 18:00:00,4397.467316869956
06-16 19:00:00,4527.751796356253
06-16 20:00:00,3018.9315210603727
06-16 21:00:00,2946.9490727275715
06-16 22:00:00,2389.230490552941
06-16 23:00:00,2320.109909847137
06-17 00:00:00,2094.829351541037
06-17 01:00:00,2044.648337434808
06-17 02:00:00,2015.7191251870254
06-17 03:00:00,2006.667911829796
06-17 04:00:00,2025.8228728588613
06-17 05:00:00,2040.9576519854295
06-17 06:00:00,3611.544801481842
06-17 07:00:00,2428.9160760398654
06-17 08:00:00,1515.989413942448
06-17 09:00:00,1395.3120572541486
06-17 10:00:00,1318.5260956912844
06-17 11:00:00,1274.1493117106975
06-17 12:00:00,3001.5608056473848
06-17 13:00:00,2165.742017954951
06-17 14:00:00,1706.271682529028
06-17 15:00:00,1942.1689497892173
06-17 16:00:00,2176.4671126243347
06-17 17:00:00,3020.5276127827583
06-17 18:00:00,4174.812439575691
06-17 19:00:00,4354.5530572865355
06-17 20:00:00,2894.414256528676
06-17 21:00:00,2942.2291021276305
06-17 22:00:00,2360.2302868439956
06-17 23:00:00,2240.1429893161594
06-18 00:00:00,2399.5778982076295
06-18 01:00:00,2350.3549014464797
06-18 02:00:00,2346.817904852062
06-18 03:00:00,2358.8261580156295
06-18 04:00:00,2470.247582455507
06-18 05:00:00,2682.2586923478743
06-18 06:00:00,4829.954601273735
06-18 07:00:00,3733.088308405136
06-18 08:00:00,3157.719055835317
06-18 09:00:00,3076.0998361938146
06-18 10:00:00,3025.472474699357
06-18 11:00:00,2990.6155114481153
06-18 12:00:00,4709.666975367873
06-18 13:00:00,3849.8801757920187
06-18 14:00:00,3368.9441305326945
06-18 15:00:00,3580.516896891461
06-18 16:00:00,3693.174607079423
06-18 17:00:00,4216.669009848099
06-18 18:00:00,5203.7786241268395
06-18 19:00:00,4985.030647827625
06-18 20:00:00,3345.198691110196
06-18 21:00:00,3316.197230933433
06-18 22:00:00,2735.9818584750365
06-18 23:00:00,2647.7834221318353
06-19 00:00:00,2535.7617197013055
06-19 01:00:00,2507.5359245934105
06-19 02:00:00,2493.6179831422896
06-19 03:00:00,2518.557945734975
06-19 04:00:00,2597.21827987458
06-19 05:00:00,2854.4603422737823
06-19 06:00:00,4855.7729629436335
06-19 07:00:00,3878.5951280291097
06-19 08:00:00,3257.1349720840585
06-19 09:00:00,3172.6992556834707
06-19 10:00:00,3072.9495128516824
06-19 11:00:00,3046.3450981662754
06-19 12:00:00,4775.18094453765
06-19 13:00:00,3895.954061982878
06-19 14:00:00,3453.55053125136
06-19 15:00:00,3675.9665256926496
06-19 16:00:00,3792.017459552798
06-19 17:00:00,4247.881261331392
06-19 18:00:00,5357.822273253599
06-19 19:00:00,5023.722996097496
06-19 20:00:00,3439.9456079235483
06-19 21:00:00,3428.7033484212184
06-19 22:00:00,2865.2604055667102
06-19 23:00:00,2667.274647370281
06-20 00:00:00,2546.034893978112
06-20 01:00:00,2503.5815854348143
06-20 02:00:00,2489.185406899016
06-20 03:00:00,2478.903140763002
06-20 04:00:00,2586.4843893905118
06-20 05:00:00,2784.6694693558843
06-20 06:00:00,4659.182692535828
06-20 07:00:00,4113.405604220372
06-20 08:00:00,3319.0064799225634
06-20 09:00:00,3187.851128113268
06-20 10:00:00,3144.3583402482777
06-20 11:00:00,3106.7068038388675
06-20 12:00:00,4817.30048153888
06-20 13:00:00,3946.8431864126355
06-20 14:00:00,3497.1100869402885
06-20 15:00:00,3656.4399924375557
06-20 16:00:00,3815.5625924237766
06-20 17:00:00,4285.684716505963
06-20 18:00:00,5163.3472706827415
06-20 19:00:00,5340.600185490982
06-20 20:00:00,3471.331655652543
06-20 21:00:00,3512.3255686112598
06-20 22:00:00,2925.1474571091367
06-20 23:00:00,2785.841703934634
06-21 00:00:00,2651.893637193805
06-21 01:00:00,2620.307569259628
06-21 02:00:00,2614.101534732403
06-21 03:00:00,2599.989302889566
06-21 04:00:00,2704.3618309233907
06-21 05:00:00,2968.954470111783
06-21 06:00:00,4929.940954366664
06-21 07:00:00,3880.545422916892
06-21 08:00:00,3340.458567082071
06-21 09:00:00,3218.8458269531657
06-21 10:00:00,3182.8778581243246
06-21 11:00:00,3128.0058776913966
06-21 12:00:00,4867.563285208628
06-21 13:00:00,3999.1564309814707
06-21 14:00:00,3531.5935604235683
06-21 15:00:00,3751.7442520233517
06-21 16:00:00,3831.171604951296
06-21 17:00:00,4537.649170032475
06-21 18:00:00,5189.805837368813
06-21 19:00:00,5202.299127289436
06-21 20:00:00,3563.875662320561
06-21 21:00:00,3419.9405455776036
06-21 22:00:00,2909.93370390285
06-21 23:00:00,2878.0983194960777
06-22 00:00:00,2722.923238047313
06-22 01:00:00,2687.2248622315155
06-22 02:00:00,2652.939263946331
06-22 03:00:00,2650.1235959933665
06-22 04:00:00,2731.5322893691964
06-22 05:00:00,2941.991750414012
06-22 06:00:00,4766.610466171515
06-22 07:00:00,4184.408002072322
06-22 08:00:00,3312.097349553874
06-22 09:00:00,3253.069677767713
06-22 10:00:00,3208.5123328266263
06-22 11:00:00,3109.500652063656
06-22 12:00:00,4746.179179365297
06-22 13:00:00,3870.445501224119
06-22 14:00:00,3392.7202608623293
06-22 15:00:00,3572.255058848575
06-22 16:00:00,3674.101609029178
06-22 17:00:00,3996.867567584942
06-22 18:00:00,5215.806316890923
06-22 19:00:00,5060.588819609612
06-22 20:00:00,3331.5225542481076
06-22 21:00:00,3485.8254927671073
06-22 22:00:00,2958.596418841875
06-22 23:00:00,2790.572002720227
06-23 00:00:00,2483.329141593287
06-23 01:00:00,2419.7519152458863
06-23 02:00:00,2389.0845365081805
06-23 03:00:00,2384.2248198488905
06-23 04:00:00,2419.3941809775283
06-23 05:00:00,2373.4669735100215
06-23 06:00:00,4028.9178464188185
06-23 07:00:00,2897.5482990151863
06-23 08:00:00,1972.6073575654104
06-23 09:00:00,1821.1714586257792
06-23 10:00:00,1746.7008260636167
06-23 11:00:00,1671.1209035320285
06-23 12:00:00,3419.438986490304
06-23 13:00:00,2536.8769342865303
06-23 14:00:00,2094.2843180964455
06-23 15:00:00,2310.419424742646
06-23 16:00:00,2537.9041634560995
06-23 17:00:00,3393.6697712070268
06-23 18:00:00,4503.279992216929
06-23 19:00:00,4637.180940213914
06-23 20:00:00,3125.1233512907606
06-23 21:00:00,3107.7342721589216
06-23 22:00:00,2612.7662536410085
06-23 23:00:00,2504.9109510416015
06-24 00:00:00,2286.558013650269
06-24 01:00:00,2249.3522676415746
06-24 02:00:00,2263.2886852332954
06-24 03:00:00,2268.626706562231
06-24 04:00:00,2280.3384077878527
06-24 05:00:00,2237.012995700527
06-24 06:00:00,3828.3040946382253
06-24 07:00:00,2591.408189675625
06-24 08:00:00,1684.2434021576137
06-24 09:00:00,1547.95776219991
06-24 10:00:00,1457.3705101267642
06-24 11:00:00,1331.278887059385
06-24 12:00:00,3085.333295754779
06-24 13:00:00,2230.2854296851074
06-24 14:00:00,1750.8388848196248
06-24 15:00:00,2031.1110629527773
06-24 16:00:00,2286.249208532064
06-24 17:00:00,3265.2560123115986
06-24 18:00:00,4436.809135426206
06-24 19:00:00,4613.66107810369
06-24 20:00:00,3210.757471614898
06-24 21:00:00,3247.9948477495736
06-24 22:00:00,2682.8467617960837
06-24 23:00:00,2546.0272280139693
06-25 00:00:00,2686.7053991261173
06-25 01:00:00,2649.406605493663
06-25 02:00:00,2640.807810345943
06-25 03:00:00,2651.564047461428
06-25 04:00:00,2748.3069396186834
06-25 05:00:00,2964.4468111746746
06-25 06:00:00,5000.962509665311
06-25 07:00:00,3980.379030619687
06-25 08:00:00,3365.422073298486
06-25 09:00:00,3269.482418415742
06-25 10:00:00,3175.194319886056
06-25 11:00:00,3129.078138917752
06-25 12:00:00,4806.446828946456
06-25 13:00:00,3923.0741400657444
06-25 14:00:00,3414.3368644431503
06-25 15:00:00,3612.9339626488486
06-25 16:00:00,3779.867401042575
06-25 17:00:00,4226.265015410332
06-25 18:00:00,5055.660435082399
06-25 19:00:00,5017.335893955817
06-25 20:00:00,3682.1443280977833
06-25 21:00:00,3506.2228126126442
06-25 22:00:00,2891.0335555002616
06-25 23:00:00,2799.1109961902725
06-26 00:00:00,2703.4627747458776
06-26 01:00:00,2666.1386061803555
06-26 02:00:00,2669.957283828134
06-26 03:00:00,2700.747330778266
06-26 04:00:00,2795.8191666752136
06-26 05:00:00,3108.5547177363546
06-26 06:00:00,4893.094190527095
06-26 07:00:00,3897.0230177326275
06-26 08:00:00,3274.4285656385673
06-26 09:00:00,3120.666662874623
06-26 10:00:00,3064.124967011686
06-26 11:00:00,2986.4393784556564
06-26 12:00:00,4695.6034775175085
06-26 13:00:00,3841.483483725542
06-26 14:00:00,3348.050493405157
06-26 15:00:00,3579.6419764422053
06-26 16:00:00,3693.611810389814
06-26 17:00:00,4113.5347202548155
06-26 18:00:00,5025.726665936562
06-26 19:00:00,5159.3337294343455
06-26 20:00:00,3335.643784064157
06-26 21:00:00,3261.9911948084637
06-26 22:00:00,2612.6301600744023
06-26 23:00:00,2727.6580836716757
06-27 00:00:00,2613.0059841075586
06-27 01:00:00,2581.201248150165
06-27 02:00:00,2556.6255428573954
06-27 03:00:00,2583.210777390428
06-27 04:00:00,2658.664386671698
06-27 05:00:00,2967.4449079546594
06-27 06:00:00,4775.810491888153
06-27 07:00:00,3972.095544448654
06-27 08:00:00,3185.5557944918614
06-27 09:00:00,3109.5063475191646
06-27 10:00:00,3029.1758374511205
06-27 11:00:00,2965.689779471928
06-27 12:00:00,4699.074861680775
06-27 13:00:00,3864.6138360497
06-27 14:00:00,3391.6276128615646
06-27 15:00:00,3579.9502293247647
06-27 16:00:00,3736.9778142648174
06-27 17:00:00,4167.035954893559
06-27 18:00:00,5252.901854329423
06-27 19:00:00,4984.243545532844
06-27 20:00:00,3447.9188368746345
06-27 21:00:00,3364.3215444272428
06-27 22:00:00,2862.118292479373
06-27 23:00:00,2737.825670812022
06-28 00:00:00,2594.9963434263755
06-28 01:00:00,2534.002620918817
06-28 02:00:00,2528.944696726066
06-28 03:00:00,2548.862415417679
06-28 04:00:00,2641.9359406342983
06-28 05:00:00,2938.0892212548733
06-28 06:00:00,4726.109098351081
06-28 07:00:00,3725.68171553267
06-28 08:00:00,3202.842121356742
06-28 09:00:00,3124.9248976978515
06-28 10:00:00,3056.442160718903
06-28 11:00:00,2995.2272099511715
06-28 12:00:00,4724.39132178884
06-28 13:00:00,3865.594586692383
06-28 14:00:00,3352.9367444205213
06-28 15:00:00,3529.1640175254893
06-28 16:00:00,3697.625010258415
06-28 17:00:00,4127.697639496156
06-28 18:00:00,5349.561213820728
06-28 19:00:00,5143.407295475679
06-28 20:00:00,3438.589107860203
06-28 21:00:00,3429.543515617514
06-28 22:00:00,2841.018906887828
06-28 23:00:00,2772.3854602358238
06-29 00:00:00,2668.0060644355185
06-29 01:00:00,2602.444166436161
06-29 02:00:00,2588.401264474011
06-29 03:00:00,2600.0458544459925
06-29 04:00:00,2715.2038095893745
06-29 05:00:00,2916.2829681834255
06-29 06:00:00,5007.120805405161
06-29 07:00:00,3841.3207228460747
06-29 08:00:00,3201.6830213639255
06-29 09:00:00,3082.2307704662903
06-29 10:00:00,2949.258232615226
06-29 11:00:00,2941.089195408916
06-29 12:00:00,4690.475908270953
06-29 13:00:00,3931.3731733596383
06-29 14:00:00,3436.1965272662906
06-29 15:00:00,3602.0869945936074
06-29 16:00:00,3733.868523501677
06-29 17:00:00,4387.963826166516
06-29 18:00:00,5155.052490481882
06-29 19:00:00,5032.837333715367
06-29 20:00:00,3470.202064830762
06-29 21:00:00,3422.6268957387697
06-29 22:00:00,2939.834938356903
06-29 23:00:00,2928.207365879932
06-30 00:00:00,2644.609549037704
06-30 01:00:00,2590.918549072923
06-30 02:00:00,2563.8887397022318
06-30 03:00:00,2549.236547319907
06-30 04:00:00,2559.2112164402083
06-30 05:00:00,2585.860535699897
06-30 06:00:00,4239.856127065741
06-30 07:00:00,3043.0480386717218
06-30 08:00:00,2115.2787454237186
06-30 09:00:00,1966.4098191015871
06-30 10:00:00,1850.9740261853437
06-30 11:00:00,1774.7927671881203
06-30 12:00:00,3445.7813687405223
06-30 13:00:00,2593.1172916901387
06-30 14:00:00,2082.0169876208547
06-30 15:00:00,2306.101190766164
06-30 16:00:00,2584.4810472936947
06-30 17:00:00,3470.3818043866213
06-30 18:00:00,4672.99571328947
06-30 19:00:00,4755.967403059652
06-30 20:00:00,3261.713367095487
06-30 21:00:00,3275.927592825453
06-30 22:00:00,2671.7574688842233
06-30 23:00:00,2649.1716669576
07-01 00:00:00,2463.7139681920203
07-01 01:00:00,2406.308019449676
07-01 02:00:00,2369.872837213438
07-01 03:00:00,2346.865534619302
07-01 04:00:00,2400.7355453330365
07-01 05:00:00,2406.2829218896486
07-01 06:00:00,4009.235310011048
07-01 07:00:00,2769.561619906211
07-01 08:00:00,1791.3940438539053
07-01 09:00:00,1620.0654450287252
07-01 10:00:00,1498.5621356363656
07-01 11:00:00,1450.728971474016
07-01 12:00:00,3187.224805673104
07-01 13:00:00,2320.981181890283
07-01 14:00:00,1783.2420704931437
07-01 15:00:00,1978.2405223586927
07-01 16:00:00,2292.9585804012745
07-01 17:00:00,3204.602816527595
07-01 18:00:00,4368.379974761108
07-01 19:00:00,4576.483804732196
07-01 20:00:00,3153.3901187759398
07-01 21:00:00,3189.808220120084
07-01 22:00:00,2624.3946488859706
07-01 23:00:00,2474.6236551269694
07-02 00:00:00,2529.0394510824026
07-02 01:00:00,2483.840249609695
07-02 02:00:00,2490.9864977327006
07-02 03:00:00,2516.6655973177103
07-02 04:00:00,2680.2277953006537
07-02 05:00:00,2983.4556684832323
07-02 06:00:00,4791.82500407283
07-02 07:00:00,3744.710757142791
07-02 08:00:00,2799.536145756119
07-02 09:00:00,2604.483523682713
07-02 10:00:00,2489.6963646269687
07-02 11:00:00,2412.2414979378145
07-02 12:00:00,4145.5294901567295
07-02 13:00:00,3275.829176025356
07-02 14:00:00,2718.1460649631886
07-02 15:00:00,2967.582586212289
07-02 16:00:00,3140.5178212353535
07-02 17:00:00,3933.700939007741
07-02 18:00:00,4953.007022343913
07-02 19:00:00,4927.90054343046
07-02 20:00:00,3372.595230461609
07-02 21:00:00,3421.3158194100206
07-02 22:00:00,2873.792819521671
07-02 23:00:00,2690.1747747960962
07-03 00:00:00,2604.027458717894
07-03 01:00:00,2557.409532450162
07-03 02:00:00,2543.124108516366
07-03 03:00:00,2570.702226840167
07-03 04:00:00,2717.336958231593
07-03 05:00:00,2956.161642590778
07-03 06:00:00,4735.467096396019
07-03 07:00:00,3732.728623993427
07-03 08:00:00,2798.135591064758
07-03 09:00:00,2623.6369826831015
07-03 10:00:00,2516.4273972924266
07-03 11:00:00,2419.395146544883
07-03 12:00:00,4212.287493281965
07-03 13:00:00,3351.111549666182
07-03 14:00:00,2812.2846174327237
07-03 15:00:00,3032.094775954848
07-03 16:00:00,3223.0148063014462
07-03 17:00:00,4079.076574506271
07-03 18:00:00,5084.676612006266
07-03 19:00:00,5023.13047272634
07-03 20:00:00,3431.8686983953608
07-03 21:00:00,3397.8745787401635
07-03 22:00:00,2839.3414176639876
07-03 23:00:00,2687.848915539113
07-04 00:00:00,2546.115732210331
07-04 01:00:00,2507.852464368509
07-04 02:00:00,2482.850079975611
07-04 03:00:00,2482.6070547537615
07-04 04:00:00,2614.2308153266185
07-04 05:00:00,2904.6561255345227
07-04 06:00:00,4697.749771432762
07-04 07:00:00,3704.7425326321068
07-04 08:00:00,2798.5056465634634
07-04 09:00:00,2635.84172795193
07-04 10:00:00,2517.2394214389665
07-04 11:00:00,2475.1098025124456
07-04 12:00:00,4200.204217630293
07-04 13:00:00,3316.8923999969807
07-04 14:00:00,2857.6200597900024
07-04 15:00:00,3062.9962689016093
07-04 16:00:00,3255.2582607736595
07-04 17:00:00,4126.278900113152
07-04 18:00:00,5147.53077621402
07-04 19:00:00,5118.80957328708
07-04 20:00:00,3550.875822901912
07-04 21:00:00,3522.520749177594
07-04 22:00:00,2884.2706104656654
07-04 23:00:00,2717.7209838565136
07-05 00:00:00,2622.9661765624965
07-05 01:00:00,2580.766131886869
07-05 02:00:00,2569.82039720625
07-05 03:00:00,2574.7938240305107
07-05 04:00:00,2714.7006999880523
07-05 05:00:00,2851.6663942002147
07-05 06:00:00,4731.236591429728
07-05 07:00:00,3707.9597879594635
07-05 08:00:00,2858.613109186615
07-05 09:00:00,2677.782820681837
07-05 10:00:00,2530.070400698699
07-05 11:00:00,2491.9768738411635
07-05 12:00:00,4209.538730868891
07-05 13:00:00,3311.105185926177
07-05 14:00:00,2782.415948764458
07-05 15:00:00,3002.748780938207
07-05 16:00:00,3150.6626006475544
07-05 17:00:00,3935.4168649769326
07-05 18:00:00,4972.602408628273
07-05 19:00:00,4923.854539169948
07-05 20:00:00,3354.30476384542
07-05 21:00:00,3402.9336627447883
07-05 22:00:00,2770.1747111136615
07-05 23:00:00,2649.4452094789162
07-06 00:00:00,2564.785282200256
07-06 01:00:00,2517.0550475867685
07-06 02:00:00,2487.316328706182
07-06 03:00:00,2506.3496730475763
07-06 04:00:00,2652.3316027130195
07-06 05:00:00,2868.2725366060104
07-06 06:00:00,4648.855158476567
07-06 07:00:00,3606.4421324297527
07-06 08:00:00,2713.883728193036
07-06 09:00:00,2569.1744299903517
07-06 10:00:00,2476.8089065801028
07-06 11:00:00,2405.8000252278193
07-06 12:00:00,4157.541057386367
07-06 13:00:00,3269.950056248992
07-06 14:00:00,2755.107787994262
07-06 15:00:00,2950.1522415049835
07-06 16:00:00,3084.4474309446555
07-06 17:00:00,3912.596913896519
07-06 18:00:00,4986.75505011288
07-06 19:00:00,5104.755091704456
07-06 20:00:00,3419.8199469181423
07-06 21:00:00,3343.4669610906276
07-06 22:00:00,2700.6170135766815
07-06 23:00:00,2682.3676510778077
07-07 00:00:00,2475.082146406029
07-07 01:00:00,2409.458864289233
07-07 02:00:00,2375.5734808903494
07-07 03:00:00,2359.5087820325666
07-07 04:00:00,2434.6819458863115
07-07 05:00:00,2465.0326155919583
07-07 06:00:00,4143.500808914533
07-07 07:00:00,2961.482690740392
07-07 08:00:00,2070.4351585024183
07-07 09:00:00,1918.4378179455255
07-07 10:00:00,1804.6063989926872
07-07 11:00:00,1715.1332952598661
07-07 12:00:00,3514.717247172463
07-07 13:00:00,2595.7581938881685
07-07 14:00:00,2070.392603612011
07-07 15:00:00,2240.338514520022
07-07 16:00:00,2474.375628573525
07-07 17:00:00,3404.0719290830953
07-07 18:00:00,4552.998349467593
07-07 19:00:00,4668.440115306545
07-07 20:00:00,3171.4970527458286
07-07 21:00:00,3192.459179820886
07-07 22:00:00,2611.4603348134247
07-07 23:00:00,2483.4479369597875
07-08 00:00:00,2261.7275113402115
07-08 01:00:00,2200.620976977206
07-08 02:00:00,2169.771292198318
07-08 03:00:00,2158.490639319444
07-08 04:00:00,2234.322847500791
07-08 05:00:00,2230.0718099063056
07-08 06:00:00,3860.068086075424
07-08 07:00:00,2636.7990558710762
07-08 08:00:00,1691.0429541479325
07-08 09:00:00,1522.5328136189833
07-08 10:00:00,1407.1150113052872
07-08 11:00:00,1405.5983052777333
07-08 12:00:00,3160.7716520351973
07-08 13:00:00,2199.6656416080805
07-08 14:00:00,1706.1107904117664
07-08 15:00:00,1968.2230150112619
07-08 16:00:00,2262.619074728608
07-08 17:00:00,3216.842244544556
07-08 18:00:00,4439.510710338761
07-08 19:00:00,4639.7133101680165
07-08 20:00:00,3292.346380549142
07-08 21:00:00,3269.8497579643026
07-08 22:00:00,2688.432578489043
07-08 23:00:00,2556.249870072797
07-09 00:00:00,2595.5366909888326
07-09 01:00:00,2545.24082333887
07-09 02:00:00,2550.1583619113167
07-09 03:00:00,2569.951723978358
07-09 04:00:00,2722.113677137184
07-09 05:00:00,2987.948697948008
07-09 06:00:00,4838.719355927993
07-09 07:00:00,3843.5699107917158
07-09 08:00:00,2901.269733335148
07-09 09:00:00,2735.096593056882
07-09 10:00:00,2586.9908283392747
07-09 11:00:00,2505.608649836393
07-09 12:00:00,4221.4668187949155
07-09 13:00:00,3308.3226581554777
07-09 14:00:00,2777.239400829611
07-09 15:00:00,2983.0321807084283
07-09 16:00:00,3154.2506579775268
07-09 17:00:00,3960.906183290344
07-09 18:00:00,4977.046104429695
07-09 19:00:00,4973.880957259419
07-09 20:00:00,3384.490571089337
07-09 21:00:00,3353.862138346432
07-09 22:00:00,2838.9748744764756
07-09 23:00:00,2753.921450735341
07-10 00:00:00,2622.6464139185377
07-10 01:00:00,2567.6921454053836
07-10 02:00:00,2560.2840409538508
07-10 03:00:00,2599.679450542757
07-10 04:00:00,2741.2834666154467
07-10 05:00:00,2909.1238225595816
07-10 06:00:00,4774.887947032026
07-10 07:00:00,3747.425784893444
07-10 08:00:00,2813.550296013964
07-10 09:00:00,2627.7588256314457
07-10 10:00:00,2502.320532438568
07-10 11:00:00,2408.8048712484997
07-10 12:00:00,4194.030207023141
07-10 13:00:00,3329.8600272004346
07-10 14:00:00,2790.6946275672963
07-10 15:00:00,3018.008980043222
07-10 16:00:00,3176.2966683294862
07-10 17:00:00,3930.206533617216
07-10 18:00:00,4938.841397689503
07-10 19:00:00,4966.212929960043
07-10 20:00:00,3401.4721147469045
07-10 21:00:00,3446.344831017709
07-10 22:00:00,2789.9912289262625
07-10 23:00:00,2730.189679768133
07-11 00:00:00,2630.0107991647524
07-11 01:00:00,2592.4489407472115
07-11 02:00:00,2588.1366160715716
07-11 03:00:00,2583.8525004001463
07-11 04:00:00,2718.7489152953185
07-11 05:00:00,2997.6644618054333
07-11 06:00:00,4775.4375158736875
07-11 07:00:00,3780.203971587458
07-11 08:00:00,2824.756629858668
07-11 09:00:00,2635.595733907368
07-11 10:00:00,2519.1889329041123
07-11 11:00:00,2439.588237675297
07-11 12:00:00,4170.798504406133
07-11 13:00:00,3237.8361781121234
07-11 14:00:00,2756.1603438027614
07-11 15:00:00,2973.259725134728
07-11 16:00:00,3137.8574866758777
07-11 17:00:00,3932.015259686539
07-11 18:00:00,4930.184130195347
07-11 19:00:00,4927.282189588341
07-11 20:00:00,3335.4263336874988
07-11 21:00:00,3341.0556136609666
07-11 22:00:00,2729.578858375975
07-11 23:00:00,2730.1862397622667
07-12 00:00:00,2583.4387252417923
07-12 01:00:00,2543.4696810450787
07-12 02:00:00,2553.1459776437805
07-12 03:00:00,2561.6730754716054
07-12 04:00:00,2716.903902102736
07-12 05:00:00,2885.063151808969
07-12 06:00:00,4746.595353936114
07-12 07:00:00,3713.1573567225155
07-12 08:00:00,2750.4198823220017
07-12 09:00:00,2584.3877010252563
07-12 10:00:00,2475.0719574492505
07-12 11:00:00,2414.0427149858465
07-12 12:00:00,4176.892994736381
07-12 13:00:00,3215.9813591860684
07-12 14:00:00,2751.8672362553616
07-12 15:00:00,2932.2798594707297
07-12 16:00:00,3085.754221378125
07-12 17:00:00,3889.9979335382786
07-12 18:00:00,4903.171599131165
07-12 19:00:00,4882.256484162293
07-12 20:00:00,3253.5583152987497
07-12 21:00:00,3300.9301303412453
07-12 22:00:00,2613.4022577399205
07-12 23:00:00,2529.614649235882
07-13 00:00:00,2416.678864018067
07-13 01:00:00,2394.823677207579
07-13 02:00:00,2437.28115924746
07-13 03:00:00,2452.2265451892554
07-13 04:00:00,2607.4635583324125
07-13 05:00:00,2865.226457643923
07-13 06:00:00,4819.205923703619
07-13 07:00:00,3797.636784598009
07-13 08:00:00,2945.3358933922987
07-13 09:00:00,2826.6666186753832
07-13 10:00:00,2695.9050638631675
07-13 11:00:00,2594.09047056259
07-13 12:00:00,4361.8407086596535
07-13 13:00:00,3468.59844378976
07-13 14:00:00,2970.067733316622
07-13 15:00:00,3132.900510660851
07-13 16:00:00,3242.5688961967157
07-13 17:00:00,4113.656370963692
07-13 18:00:00,5112.783210905712
07-13 19:00:00,5146.862693817223
07-13 20:00:00,3497.8787912400758
07-13 21:00:00,3486.127952460945
07-13 22:00:00,2897.470214837059
07-13 23:00:00,2847.433963717947
07-14 00:00:00,2650.481759907826
07-14 01:00:00,2583.365929244059
07-14 02:00:00,2527.3086474944325
07-14 03:00:00,2517.097895258883
07-14 04:00:00,2580.4632525917755
07-14 05:00:00,2630.6654763316965
07-14 06:00:00,4222.322601459496
07-14 07:00:00,3102.7924720570204
07-14 08:00:00,2188.1533932191387
07-14 09:00:00,2044.4665827529293
07-14 10:00:00,1861.2880678146532
07-14 11:00:00,1781.2216935649642
07-14 12:00:00,3519.3488415484803
07-14 13:00:00,2557.254779671259
07-14 14:00:00,2004.4314033538499
07-14 15:00:00,2210.9276939312363
07-14 16:00:00,2501.2937935484215
07-14 17:00:00,3502.7120815929943
07-14 18:00:00,4676.863070257903
07-14 19:00:00,4762.688846537774
07-14 20:00:00,3269.4412020371547
07-14 21:00:00,3252.9695095029483
07-14 22:00:00,2723.939949120991
07-14 23:00:00,2586.5149662382446
07-15 00:00:00,2363.775300482008
07-15 01:00:00,2313.37384320021
07-15 02:00:00,2296.621815322013
07-15 03:00:00,2286.274415309482
07-15 04:00:00,2355.9458994461183
07-15 05:00:00,2368.2253252104374
07-15 06:00:00,3975.941710338733
07-15 07:00:00,2727.4496070681685
07-15 08:00:00,1779.8372570668914
07-15 09:00:00,1611.4959331148243
07-15 10:00:00,1453.873100118594
07-15 11:00:00,1434.8438335956535
07-15 12:00:00,3217.2035451989864
07-15 13:00:00,2319.5582090840494
07-15 14:00:00,1777.5927677976283
07-15 15:00:00,2013.705290996166
07-15 16:00:00,2280.7174658606114
07-15 17:00:00,3202.3003868462956
07-15 18:00:00,4382.044818914988
07-15 19:00:00,4577.888441843697
07-15 20:00:00,3153.0828051814783
07-15 21:00:00,3197.3472330133736
07-15 22:00:00,2579.5379612547886
07-15 23:00:00,2452.893466773409
07-16 00:00:00,2474.8655499467054
07-16 01:00:00,2438.9520572225842
07-16 02:00:00,2454.1809370085684
07-16 03:00:00,2501.8337578188093
07-16 04:00:00,2648.4759400013645
07-16 05:00:00,2831.8245100923646
07-16 06:00:00,4734.851303288924
07-16 07:00:00,3735.9529327668265
07-16 08:00:00,2826.6590859808725
07-16 09:00:00,2679.390844000355
07-16 10:00:00,2564.768422644943
07-16 11:00:00,2490.3150326642212
07-16 12:00:00,4263.377249249547
07-16 13:00:00,3364.5019845994457
07-16 14:00:00,2819.561581931912
07-16 15:00:00,3045.147885709689
07-16 16:00:00,3204.4515921479347
07-16 17:00:00,3986.273313069911
07-16 18:00:00,5035.460829645802
07-16 19:00:00,5056.030624885458
07-16 20:00:00,3505.0501164253815
07-16 21:00:00,3392.73168673633
07-16 22:00:00,2714.392894474078
07-16 23:00:00,2723.3564509329885
07-17 00:00:00,2589.90973500793
07-17 01:00:00,2537.269042249885
07-17 02:00:00,2517.7961426195034
07-17 03:00:00,2529.1455485130764
07-17 04:00:00,2668.147743033432
07-17 05:00:00,2958.208226651723
07-17 06:00:00,4714.529514740123
07-17 07:00:00,3756.88948053789
07-17 08:00:00,2887.9733778724344
07-17 09:00:00,2706.031639653538
07-17 10:00:00,2627.405213397342
07-17 11:00:00,2585.469450782683
07-17 12:00:00,4297.4777295756285
07-17 13:00:00,3405.674409400771
07-17 14:00:00,2860.068680852214
07-17 15:00:00,3093.1906101299073
07-17 16:00:00,3260.3105173480308
07-17 17:00:00,4119.662868192876
07-17 18:00:00,5155.703874393832
07-17 19:00:00,5148.336154267497
07-17 20:00:00,3475.7364017172104
07-17 21:00:00,3402.2250364507304
07-17 22:00:00,2883.677389230488
07-17 23:00:00,2687.324871585669
07-18 00:00:00,2560.576297121561
07-18 01:00:00,2500.2934245113597
07-18 02:00:00,2474.0446821358396
07-18 03:00:00,2457.7491294042147
07-18 04:00:00,2602.4423221790053
07-18 05:00:00,2853.911708529619
07-18 06:00:00,4708.366450689353
07-18 07:00:00,3711.8402012566225
07-18 08:00:00,2765.603075619506
07-18 09:00:00,2689.306732791093
07-18 10:00:00,2592.6266427988917
07-18 11:00:00,2560.1042280090546
07-18 12:00:00,4285.731367788923
07-18 13:00:00,3383.237090523147
07-18 14:00:00,2904.8689758778632
07-18 15:00:00,3112.7492909597327
07-18 16:00:00,3294.1832054918027
07-18 17:00:00,4111.306974761921
07-18 18:00:00,5085.386712170416
07-18 19:00:00,5099.658130155177
07-18 20:00:00,3450.5507079808644
07-18 21:00:00,3366.8767199278027
07-18 22:00:00,2828.9429422885496
07-18 23:00:00,2720.7439163837244
07-19 00:00:00,2618.725728208339
07-19 01:00:00,2578.1464081386966
07-19 02:00:00,2588.793845836763
07-19 03:00:00,2601.910006254061
07-19 04:00:00,2745.0987199848405
07-19 05:00:00,3025.7832391269512
07-19 06:00:00,4812.769218028756
07-19 07:00:00,3733.732840298791
07-19 08:00:00,2799.751368487647
07-19 09:00:00,2606.2710775799
07-19 10:00:00,2541.1329589585885
07-19 11:00:00,2479.7427708013274
07-19 12:00:00,4262.127774472805
07-19 13:00:00,3347.1959456488735
07-19 14:00:00,2813.6030212744354
07-19 15:00:00,3026.738589977113
07-19 16:00:00,3170.133547167881
07-19 17:00:00,4009.1635137021544
07-19 18:00:00,4989.13440676416
07-19 19:00:00,4954.266109035759
07-19 20:00:00,3334.996782574455
07-19 21:00:00,3324.0110346860856
07-19 22:00:00,2735.909250207323
07-19 23:00:00,2606.0450098617434
07-20 00:00:00,2468.9802181006303
07-20 01:00:00,2456.30635607367
07-20 02:00:00,2461.5306037492733
07-20 03:00:00,2471.907250005446
07-20 04:00:00,2632.5854625303327
07-20 05:00:00,2943.7209694058
07-20 06:00:00,4711.852058899262
07-20 07:00:00,3649.8741532097392
07-20 08:00:00,2749.4062506064274
07-20 09:00:00,2568.5527542767722
07-20 10:00:00,2495.8134128411816
07-20 11:00:00,2449.319802698862
07-20 12:00:00,4197.216632710282
07-20 13:00:00,3291.6514806059427
07-20 14:00:00,2759.5926801627947
07-20 15:00:00,2952.3985391598667
07-20 16:00:00,3090.890648242266
07-20 17:00:00,3880.331008084514
07-20 18:00:00,4900.414484302279
07-20 19:00:00,4904.193436230488
07-20 20:00:00,3228.6232976952347
07-20 21:00:00,3264.766030732906
07-20 22:00:00,2703.4495795680077
07-20 23:00:00,2580.795819237571
07-21 00:00:00,2398.336819276213
07-21 01:00:00,2371.0875243568908
07-21 02:00:00,2338.8075246172416
07-21 03:00:00,2342.561302631431
07-21 04:00:00,2433.604972090353
07-21 05:00:00,2473.043534021538
07-21 06:00:00,4127.360770760073
07-21 07:00:00,2933.7474882482347
07-21 08:00:00,1973.2497214842563
07-21 09:00:00,1746.0644021506994
07-21 10:00:00,1649.9174805897235
07-21 11:00:00,1598.2615833054108
07-21 12:00:00,3359.55934724768
07-21 13:00:00,2437.0895460639376
07-21 14:00:00,1912.5915213437604
07-21 15:00:00,2163.141275817434
07-21 16:00:00,2385.0841295041405
07-21 17:00:00,3283.4703563718535
07-21 18:00:00,4444.224488873483
07-21 19:00:00,4548.686137727964
07-21 20:00:00,3034.2557787079004
07-21 21:00:00,3052.057573288172
07-21 22:00:00,2456.1379549036415
07-21 23:00:00,2341.6998039303785
07-22 00:00:00,2135.8645653213725
07-22 01:00:00,2113.40581300689
07-22 02:00:00,2110.323144986123
07-22 03:00:00,2117.361214856206
07-22 04:00:00,2213.964493942379
07-22 05:00:00,2239.844820255228
07-22 06:00:00,3761.922751534299
07-22 07:00:00,2526.5136085072045
07-22 08:00:00,1535.623242275242
07-22 09:00:00,1377.112840661107
07-22 10:00:00,1261.6929721968115
07-22 11:00:00,1211.4194134177571
07-22 12:00:00,2998.7551979042364
07-22 13:00:00,2078.647675092156
07-22 14:00:00,1582.202944686452
07-22 15:00:00,1823.0627320341725
07-22 16:00:00,2073.9121471471276
07-22 17:00:00,2997.733477039192
07-22 18:00:00,4160.75648254172
07-22 19:00:00,4335.465507417315
07-22 20:00:00,2929.465226064413
07-22 21:00:00,2940.377828282766
07-22 22:00:00,2330.541107340119
07-22 23:00:00,2276.589445747809
07-23 00:00:00,2284.936875770725
07-23 01:00:00,2281.1126892665297
07-23 02:00:00,2299.0258707262246
07-23 03:00:00,2338.8951775167143
07-23 04:00:00,2501.41686226332
07-23 05:00:00,2839.6746602536855
07-23 06:00:00,4589.852739185923
07-23 07:00:00,3547.2926489016227
07-23 08:00:00,2617.036220068191
07-23 09:00:00,2430.029647319798
07-23 10:00:00,2363.0621547817036
07-23 11:00:00,2347.509005742066
07-23 12:00:00,4106.36330341002
07-23 13:00:00,3167.0975238154456
07-23 14:00:00,2671.1439710139593
07-23 15:00:00,2881.8030663960653
07-23 16:00:00,3054.0936308806067
07-23 17:00:00,3830.288117515796
07-23 18:00:00,4854.688623429858
07-23 19:00:00,4807.770902675944
07-23 20:00:00,3209.8792737519457
07-23 21:00:00,3138.4902530765285
07-23 22:00:00,2504.334834049225
07-23 23:00:00,2515.251543011146
07-24 00:00:00,2352.901588253012
07-24 01:00:00,2307.5199657602343
07-24 02:00:00,2299.955452137777
07-24 03:00:00,2307.7062993836457
07-24 04:00:00,2446.7620592534317
07-24 05:00:00,2635.250302673463
07-24 06:00:00,4562.4686894282995
07-24 07:00:00,3552.5180599534833
07-24 08:00:00,2595.3762494606253
07-24 09:00:00,2493.6018740697914
07-24 10:00:00,2390.702926586595
07-24 11:00:00,2366.5233466478226
07-24 12:00:00,4111.290941964231
07-24 13:00:00,3199.4163457419454
07-24 14:00:00,2679.5624776477284
07-24 15:00:00,2925.6149389701286
07-24 16:00:00,3099.3948524559128
07-24 17:00:00,3967.9144663327575
07-24 18:00:00,4957.062796554492
07-24 19:00:00,4943.244958138689
07-24 20:00:00,3287.6742860737295
07-24 21:00:00,3358.1460283124934
07-24 22:00:00,2654.8318376810244
07-24 23:00:00,2547.3756321970423
07-25 00:00:00,2417.9980344080864
07-25 01:00:00,2370.485324019803
07-25 02:00:00,2375.576140705919
07-25 03:00:00,2370.91464945175
07-25 04:00:00,2520.986505196757
07-25 05:00:00,2827.627202796406
07-25 06:00:00,4616.86259650512
07-25 07:00:00,3575.451936265617
07-25 08:00:00,2646.469746700521
07-25 09:00:00,2480.2025055557897
07-25 10:00:00,2359.2900289327167
07-25 11:00:00,2323.3436349118197
07-25 12:00:00,4148.4736706616695
07-25 13:00:00,3213.9508682764367
07-25 14:00:00,2730.398981139725
07-25 15:00:00,2944.3710346438966
07-25 16:00:00,3071.3345551575076
07-25 17:00:00,3881.1363569146843
07-25 18:00:00,4922.328657899644
07-25 19:00:00,4932.868892538496
07-25 20:00:00,3360.2435128718353
07-25 21:00:00,3339.3750779605025
07-25 22:00:00,2682.1636157887287
07-25 23:00:00,2588.18999356514
07-26 00:00:00,2475.691609532025
07-26 01:00:00,2436.673993271908
07-26 02:00:00,2424.9864822212003
07-26 03:00:00,2435.4766031659024
07-26 04:00:00,2574.8744808621077
07-26 05:00:00,2770.3961783670184
07-26 06:00:00,4570.877281555386
07-26 07:00:00,3500.7189120331363
07-26 08:00:00,2573.9276663578153
07-26 09:00:00,2360.560739954813
07-26 10:00:00,2271.5178122224374
07-26 11:00:00,2199.7187449120647
07-26 12:00:00,3996.684591015591
07-26 13:00:00,3091.229415059628
07-26 14:00:00,2579.9634099891264
07-26 15:00:00,2844.129563351201
07-26 16:00:00,3044.897423445432
07-26 17:00:00,3879.5123001469983
07-26 18:00:00,4882.033748782835
07-26 19:00:00,4894.591772729319
07-26 20:00:00,3330.397139080886
07-26 21:00:00,3311.0632274134023
07-26 22:00:00,2727.662030598124
07-26 23:00:00,2621.7443849988877
07-27 00:00:00,2508.056562913135
07-27 01:00:00,2483.6431587704046
07-27 02:00:00,2482.6548823302423
07-27 03:00:00,2507.1012551950084
07-27 04:00:00,2673.096881439578
07-27 05:00:00,2851.361919595282
07-27 06:00:00,4684.716776322701
07-27 07:00:00,3622.730843751675
07-27 08:00:00,2648.3852396291322
07-27 09:00:00,2456.8111367874462
07-27 10:00:00,2335.2553589351937
07-27 11:00:00,2305.886009273162
07-27 12:00:00,4047.3396613621067
07-27 13:00:00,3149.323473358266
07-27 14:00:00,2627.733407767618
07-27 15:00:00,2802.387998422347
07-27 16:00:00,2943.2448621939116
07-27 17:00:00,3755.2909519055147
07-27 18:00:00,4738.826019002034
07-27 19:00:00,4785.409318412781
07-27 20:00:00,3183.6782089758117
07-27 21:00:00,3091.7795948219155
07-27 22:00:00,2519.603944930283
07-27 23:00:00,2499.214363570832
07-28 00:00:00,2309.1897689152834
07-28 01:00:00,2261.02328608895
07-28 02:00:00,2233.796859886124
07-28 03:00:00,2228.158278286823
07-28 04:00:00,2320.6534203466163
07-28 05:00:00,2318.28631788679
07-28 06:00:00,3999.5143996313473
07-28 07:00:00,2887.5134112723777
07-28 08:00:00,1948.0515261073626
07-28 09:00:00,1800.3257825717767
07-28 10:00:00,1675.92608698936
07-28 11:00:00,1632.4728866639955
07-28 12:00:00,3392.4239073937842
07-28 13:00:00,2452.7611293783616
07-28 14:00:00,1907.121301366397
07-28 15:00:00,2125.0080576308987
07-28 16:00:00,2325.7929452908925
07-28 17:00:00,3266.584243977793
07-28 18:00:00,4422.270779167342
07-28 19:00:00,4583.913513753436
07-28 20:00:00,3059.683766464901
07-28 21:00:00,3136.450012096739
07-28 22:00:00,2513.471696466991
07-28 23:00:00,2394.6293356630495
07-29 00:00:00,2180.2623214856335
07-29 01:00:00,2135.739161853199
07-29 02:00:00,2131.1450618827275
07-29 03:00:00,2148.1340060410935
07-29 04:00:00,2228.6752242847006
07-29 05:00:00,2244.529510999094
07-29 06:00:00,3814.5780178570562
07-29 07:00:00,2571.4726719986334
07-29 08:00:00,1554.4128721076843
07-29 09:00:00,1350.409539039053
07-29 10:00:00,1221.1983996072447
07-29 11:00:00,1190.1477441078678
07-29 12:00:00,2966.8797779800134
07-29 13:00:00,2084.1883750955094
07-29 14:00:00,1549.0984807625061
07-29 15:00:00,1817.3670497968
07-29 16:00:00,2042.8428594591605
07-29 17:00:00,2972.1378532344393
07-29 18:00:00,4149.775634286003
07-29 19:00:00,4351.613040477683
07-29 20:00:00,2918.819122410173
07-29 21:00:00,2930.353753453014
07-29 22:00:00,2332.0006074621465
07-29 23:00:00,2240.3134878145165
07-30 00:00:00,2263.4343081450784
07-30 01:00:00,2241.675911582083
07-30 02:00:00,2260.2805454036056
07-30 03:00:00,2290.6923483772025
07-30 04:00:00,2437.6883870933243
07-30 05:00:00,2673.4574659913724
07-30 06:00:00,4354.762923732608
07-30 07:00:00,3330.766432805729
07-30 08:00:00,2390.644335232443
07-30 09:00:00,2216.0964199481223
07-30 10:00:00,2149.7907671225594
07-30 11:00:00,2104.1486485726664
07-30 12:00:00,3880.1003022950954
07-30 13:00:00,2965.2379960885796
07-30 14:00:00,2461.2320665757043
07-30 15:00:00,2651.0870514500734
07-30 16:00:00,2889.773829436758
07-30 17:00:00,3732.0934903166153
07-30 18:00:00,4783.217693011175
07-30 19:00:00,4782.553947305898
07-30 20:00:00,3257.035848552111
07-30 21:00:00,3242.7821587266353
07-30 22:00:00,2551.5268425385498
07-30 23:00:00,2510.398434584319
07-31 00:00:00,2409.825369556699
07-31 01:00:00,2375.8533473892667
07-31 02:00:00,2359.365302581924
07-31 03:00:00,2376.732129469486
07-31 04:00:00,2492.5695520941613
07-31 05:00:00,2773.542637423172
07-31 06:00:00,4482.723102974366
07-31 07:00:00,3440.1554222031573
07-31 08:00:00,2524.341713907038
07-31 09:00:00,2386.120472241179
07-31 10:00:00,2284.4749335117003
07-31 11:00:00,2210.167929533857
07-31 12:00:00,3960.3691393046183
07-31 13:00:00,3044.280906897579
07-31 14:00:00,2538.241338417947
07-31 15:00:00,2736.909709328883
07-31 16:00:00,2925.4227589955462
07-31 17:00:00,3747.9339689381086
07-31 18:00:00,4796.988617512713
07-31 19:00:00,4889.670871462471
07-31 20:00:00,3340.1149453397306
07-31 21:00:00,3264.1920555204915
07-31 22:00:00,2681.339185496469
07-31 23:00:00,2621.52984043892
08-01 00:00:00,2576.2736313491832
08-01 01:00:00,2542.034723817833
08-01 02:00:00,2537.357074799742
08-01 03:00:00,2553.6927211113994
08-01 04:00:00,2708.777744547956
08-01 05:00:00,3052.1368862058484
08-01 06:00:00,4862.620833766493
08-01 07:00:00,3927.320089132308
08-01 08:00:00,3248.771512392268
08-01 09:00:00,3080.7298219770214
08-01 10:00:00,2960.682173130102
08-01 11:00:00,2887.300521745939
08-01 12:00:00,4532.929169816222
08-01 13:00:00,3681.245002068704
08-01 14:00:00,3184.910129074513
08-01 15:00:00,3459.6799458402593
08-01 16:00:00,3638.499156090055
08-01 17:00:00,4195.421131495329
08-01 18:00:00,5205.296699040027
08-01 19:00:00,5121.611802524357
08-01 20:00:00,3709.2239336506427
08-01 21:00:00,3528.205680593656
08-01 22:00:00,2920.7023423736373
08-01 23:00:00,2903.5152815116217
08-02 00:00:00,2744.2949213987176
08-02 01:00:00,2690.079212516365
08-02 02:00:00,2701.4306636731426
08-02 03:00:00,2712.185719932278
08-02 04:00:00,2874.7630853112996
08-02 05:00:00,3143.071289880572
08-02 06:00:00,5110.193012055639
08-02 07:00:00,4049.072728091435
08-02 08:00:00,3331.229480984522
08-02 09:00:00,3160.3493855512343
08-02 10:00:00,3027.4017589677255
08-02 11:00:00,2887.16977466378
08-02 12:00:00,4623.594629924488
08-02 13:00:00,3684.423350259598
08-02 14:00:00,3221.3497522191046
08-02 15:00:00,3423.8742937074867
08-02 16:00:00,3597.552256955099
08-02 17:00:00,4134.6980348545385
08-02 18:00:00,5103.159937526961
08-02 19:00:00,5052.5574612905475
08-02 20:00:00,3601.8988589822225
08-02 21:00:00,3408.0806324159453
08-02 22:00:00,2818.936162581264
08-02 23:00:00,2803.805039813385
08-03 00:00:00,2701.8474897356305
08-03 01:00:00,2657.7065495883894
08-03 02:00:00,2671.1308448813807
08-03 03:00:00,2687.632287794415
08-03 04:00:00,2842.734422823184
08-03 05:00:00,3229.0784008587907
08-03 06:00:00,5010.501922110792
08-03 07:00:00,4168.587577069052
08-03 08:00:00,3303.162574262029
08-03 09:00:00,3087.933176590941
08-03 10:00:00,2886.587114950487
08-03 11:00:00,2827.6834201419333
08-03 12:00:00,4553.768138467441
08-03 13:00:00,3686.4121327655957
08-03 14:00:00,3274.242956082006
08-03 15:00:00,3526.409991854428
08-03 16:00:00,3625.7924347872467
08-03 17:00:00,4383.791263262634
08-03 18:00:00,5230.80622312821
08-03 19:00:00,5160.809731407561
08-03 20:00:00,3515.8516900870454
08-03 21:00:00,3541.4720813253034
08-03 22:00:00,2945.2065341842135
08-03 23:00:00,2893.1030367011485
08-04 00:00:00,2584.486380499515
08-04 01:00:00,2540.843586117143
08-04 02:00:00,2518.711850813552
08-04 03:00:00,2505.906184685965
08-04 04:00:00,2590.1277899962215
08-04 05:00:00,2668.910555074155
08-04 06:00:00,4310.270011427697
08-04 07:00:00,3221.3904266729787
08-04 08:00:00,2257.1517303110268
08-04 09:00:00,2122.025650207914
08-04 10:00:00,1956.9529319939907
08-04 11:00:00,1847.6821497429366
08-04 12:00:00,3549.9010164569077
08-04 13:00:00,2694.5558900469555
08-04 14:00:00,2268.524962568901
08-04 15:00:00,2496.032235182574
08-04 16:00:00,2733.931959445948
08-04 17:00:00,3599.834999843966
08-04 18:00:00,4723.698963153397
08-04 19:00:00,4791.864071935996
08-04 20:00:00,3230.517701889993
08-04 21:00:00,3262.7296232463978
08-04 22:00:00,2591.072510412424
08-04 23:00:00,2540.8568899540637
08-05 00:00:00,2335.578948194045
08-05 01:00:00,2270.9603491217017
08-05 02:00:00,2255.435967820868
08-05 03:00:00,2237.0265643572816
08-05 04:00:00,2307.7605669982554
08-05 05:00:00,2376.1019867266114
08-05 06:00:00,4036.1038413123406
08-05 07:00:00,2813.314927617468
08-05 08:00:00,1847.435372305945
08-05 09:00:00,1666.6160936124027
08-05 10:00:00,1531.5457316261698
08-05 11:00:00,1427.946935586833
08-05 12:00:00,3158.2210455462064
08-05 13:00:00,2292.7274713295933
08-05 14:00:00,1855.546208404382
08-05 15:00:00,2104.6774099730255
08-05 16:00:00,2396.713244850319
08-05 17:00:00,3241.2535318615755
08-05 18:00:00,4378.900070206417
08-05 19:00:00,4549.967379432856
08-05 20:00:00,3141.515861980676
08-05 21:00:00,3164.212950836121
08-05 22:00:00,2566.158663284579
08-05 23:00:00,2494.0341710073894
08-06 00:00:00,2571.1827364794335
08-06 01:00:00,2519.294627029452
08-06 02:00:00,2504.756397037996
08-06 03:00:00,2524.1917735923307
08-06 04:00:00,2664.4397787240196
08-06 05:00:00,3015.264470295671
08-06 06:00:00,4914.893930866558
08-06 07:00:00,3907.98917137525
08-06 08:00:00,3186.36057106397
08-06 09:00:00,3024.945809980037
08-06 10:00:00,2915.2258440774453
08-06 11:00:00,2842.2622392720205
08-06 12:00:00,4586.519281408696
08-06 13:00:00,3697.6335994594324
08-06 14:00:00,3180.4148974433456
08-06 15:00:00,3339.4117690696835
08-06 16:00:00,3527.728190781255
08-06 17:00:00,4122.365371719568
08-06 18:00:00,4973.185978688131
08-06 19:00:00,4936.32376203392
08-06 20:00:00,3518.937220408829
08-06 21:00:00,3318.1713917394836
08-06 22:00:00,2802.0837347033093
08-06 23:00:00,2685.733191710108
08-07 00:00:00,2592.8790410415913
08-07 01:00:00,2547.9702984094693
08-07 02:00:00,2550.1948032974856
08-07 03:00:00,2568.1003046211063
08-07 04:00:00,2705.0184387920795
08-07 05:00:00,3057.610756831549
08-07 06:00:00,4933.44034214931
08-07 07:00:00,3892.9233234703133
08-07 08:00:00,3191.919697973296
08-07 09:00:00,3019.1508354345615
08-07 10:00:00,2899.035456597796
08-07 11:00:00,2829.7234416193696
08-07 12:00:00,4577.149401799299
08-07 13:00:00,3735.228560029511
08-07 14:00:00,3333.191223504161
08-07 15:00:00,3602.3658327029193
08-07 16:00:00,3758.3454006748802
08-07 17:00:00,4348.584378644218
08-07 18:00:00,5208.582107118648
08-07 19:00:00,5297.556455072563
08-07 20:00:00,3536.8128509802677
08-07 21:00:00,3408.719611695217
08-07 22:00:00,2959.4410169412163
08-07 23:00:00,2796.4326023144195
08-08 00:00:00,2667.1597549239777
08-08 01:00:00,2626.033324748041
08-08 02:00:00,2592.292035622053
08-08 03:00:00,2609.7372829311284
08-08 04:00:00,2752.3325117050117
08-08 05:00:00,3113.888523163627
08-08 06:00:00,5002.943726774186
08-08 07:00:00,4174.438306366893
08-08 08:00:00,3311.3887287876096
08-08 09:00:00,3187.4278686624752
08-08 10:00:00,3121.3911333842707
08-08 11:00:00,3085.852504400164
08-08 12:00:00,4791.679146368179
08-08 13:00:00,3858.855618955253
08-08 14:00:00,3392.3262542496846
08-08 15:00:00,3541.0110293825637
08-08 16:00:00,3638.5454754207526
08-08 17:00:00,4204.172610464894
08-08 18:00:00,5083.909243526678
08-08 19:00:00,5098.867438823638
08-08 20:00:00,3672.957864352359
08-08 21:00:00,3396.736863235172
08-08 22:00:00,2829.725821342493
08-08 23:00:00,2746.299239716054
08-09 00:00:00,2634.684388568151
08-09 01:00:00,2600.5847835870004
08-09 02:00:00,2589.547249824972
08-09 03:00:00,2602.467134205124
08-09 04:00:00,2763.1373279938807
08-09 05:00:00,3129.2002700503804
08-09 06:00:00,5087.628468126759
08-09 07:00:00,3961.301898013067
08-09 08:00:00,3287.51201988662
08-09 09:00:00,3096.3931870379065
08-09 10:00:00,2951.189619059369
08-09 11:00:00,2844.6733538776216
08-09 12:00:00,4586.863095639846
08-09 13:00:00,3705.5541024424706
08-09 14:00:00,3211.124389014249
08-09 15:00:00,3435.144625503127
08-09 16:00:00,3574.58766631055
08-09 17:00:00,4109.545484807514
08-09 18:00:00,5189.783061848917
08-09 19:00:00,5003.8197307811015
08-09 20:00:00,3358.516513461622
08-09 21:00:00,3271.9680009721865
08-09 22:00:00,2662.292116054546
08-09 23:00:00,2706.044313316798
08-10 00:00:00,2593.7818054856684
08-10 01:00:00,2558.8803230246167
08-10 02:00:00,2569.839465401309
08-10 03:00:00,2596.933674269895
08-10 04:00:00,2739.67036489381
08-10 05:00:00,3155.030511655673
08-10 06:00:00,5072.978493477558
08-10 07:00:00,3933.7180028486728
08-10 08:00:00,3177.774034350015
08-10 09:00:00,2969.060485975394
08-10 10:00:00,2823.8730589683787
08-10 11:00:00,2743.5366820845643
08-10 12:00:00,4480.431103786059
08-10 13:00:00,3600.430908734603
08-10 14:00:00,3065.568253417994
08-10 15:00:00,3282.575908683753
08-10 16:00:00,3439.1970763433264
08-10 17:00:00,3925.115829247193
08-10 18:00:00,4932.494582350205
08-10 19:00:00,5039.168620028321
08-10 20:00:00,3202.259226780913
08-10 21:00:00,3266.4754581319294
08-10 22:00:00,2665.138172285261
08-10 23:00:00,2605.131709909918
08-11 00:00:00,2346.6984501202915
08-11 01:00:00,2295.981802794009
08-11 02:00:00,2285.3713509496542
08-11 03:00:00,2280.5843466263605
08-11 04:00:00,2360.00633565509
08-11 05:00:00,2402.4602430499945
08-11 06:00:00,4126.4483565779565
08-11 07:00:00,2953.382058655186
08-11 08:00:00,2027.8341547578134
08-11 09:00:00,1891.6302348432546
08-11 10:00:00,1780.6102046667102
08-11 11:00:00,1691.1563290729136
08-11 12:00:00,3395.65569203612
08-11 13:00:00,2533.492809350959
08-11 14:00:00,2062.869181741304
08-11 15:00:00,2289.1039139969225
08-11 16:00:00,2517.2384383392714
08-11 17:00:00,3391.000387145848
08-11 18:00:00,4475.817697896344
08-11 19:00:00,4558.469175617766
08-11 20:00:00,3026.2810611194386
08-11 21:00:00,3036.126015987873
08-11 22:00:00,2468.454725004865
08-11 23:00:00,2335.1956599111213
08-12 00:00:00,2199.3795962214713
08-12 01:00:00,2146.399231988049
08-12 02:00:00,2130.758339924731
08-12 03:00:00,2134.027382582383
08-12 04:00:00,2172.506210758591
08-12 05:00:00,2226.0133313457864
08-12 06:00:00,3873.0214315051758
08-12 07:00:00,2626.1860358948234
08-12 08:00:00,1649.2208982490583
08-12 09:00:00,1517.550010959318
08-12 10:00:00,1416.7855141348853
08-12 11:00:00,1371.3589840298325
08-12 12:00:00,3119.5848014151734
08-12 13:00:00,2237.5058753898647
08-12 14:00:00,1799.821309980673
08-12 15:00:00,2059.625090084796
08-12 16:00:00,2291.7230527502998
08-12 17:00:00,3179.5080990369033
08-12 18:00:00,4312.229456166385
08-12 19:00:00,4474.37282959545
08-12 20:00:00,2988.396522321546
08-12 21:00:00,2982.401149750553
08-12 22:00:00,2392.5977391376737
08-12 23:00:00,2258.6637725360606
08-13 00:00:00,2374.8626411516248
08-13 01:00:00,2338.8002120304905
08-13 02:00:00,2343.0491393205584
08-13 03:00:00,2361.6100049229535
08-13 04:00:00,2511.3785894441203
08-13 05:00:00,2846.185590644512
08-13 06:00:00,4748.8089043929285
08-13 07:00:00,3971.5648481242074
08-13 08:00:00,3135.7287419144263
08-13 09:00:00,3017.31604710989
08-13 10:00:00,2917.930310246259
08-13 11:00:00,2838.579719996186
08-13 12:00:00,4590.195150963945
08-13 13:00:00,3726.7030850799047
08-13 14:00:00,3231.5926086704508
08-13 15:00:00,3429.4133561275016
08-13 16:00:00,3566.954995232359
08-13 17:00:00,4253.416910214194
08-13 18:00:00,4934.384664516364
08-13 19:00:00,4862.13103947207
08-13 20:00:00,3266.213777903226
08-13 21:00:00,3292.9645537669626
08-13 22:00:00,2649.147859545926
08-13 23:00:00,2577.9267516229766
08-14 00:00:00,2444.742861073596
08-14 01:00:00,2382.7375048664276
08-14 02:00:00,2371.5597611749404
08-14 03:00:00,2397.1105589267127
08-14 04:00:00,2543.6245830616313
08-14 05:00:00,2824.6156465811264
08-14 06:00:00,4781.399752302932
08-14 07:00:00,4023.8803690160153
08-14 08:00:00,3158.5098175655376
08-14 09:00:00,3031.4013360770286
08-14 10:00:00,2930.582503172171
08-14 11:00:00,2832.5068298269043
08-14 12:00:00,4549.096180370313
08-14 13:00:00,3697.414755560736
08-14 14:00:00,3214.522840532268
08-14 15:00:00,3430.0571529861304
08-14 16:00:00,3609.0642170150068
08-14 17:00:00,4101.097806315579
08-14 18:00:00,5226.836743602805
08-14 19:00:00,4906.509969298111
08-14 20:00:00,3277.6665718918443
08-14 21:00:00,3211.8937810206085
08-14 22:00:00,2593.183912599788
08-14 23:00:00,2609.266991385951
08-15 00:00:00,2456.095682497681
08-15 01:00:00,2397.0611425168954
08-15 02:00:00,2385.6970404113576
08-15 03:00:00,2394.682223168435
08-15 04:00:00,2540.7296355132385
08-15 05:00:00,2815.5180403042746
08-15 06:00:00,4709.7655803833795
08-15 07:00:00,4008.3217679270033
08-15 08:00:00,3175.668426841307
08-15 09:00:00,2984.635499459297
08-15 10:00:00,2927.650800124361
08-15 11:00:00,2845.842158575198
08-15 12:00:00,4542.000224317463
08-15 13:00:00,3660.732189237672
08-15 14:00:00,3224.5552564070576
08-15 15:00:00,3462.7580838861745
08-15 16:00:00,3574.387327423829
08-15 17:00:00,4115.689717797552
08-15 18:00:00,5001.233745116682
08-15 19:00:00,5092.45049541548
08-15 20:00:00,3308.420217290138
08-15 21:00:00,3317.416537074113
08-15 22:00:00,2638.640794641278
08-15 23:00:00,2615.252917433515
08-16 00:00:00,2453.7557852684477
08-16 01:00:00,2408.3912339921385
08-16 02:00:00,2407.292936924973
08-16 03:00:00,2490.20882865008
08-16 04:00:00,2620.651348999352
08-16 05:00:00,2989.0599388820974
08-16 06:00:00,4802.973406900119
08-16 07:00:00,4070.9281831435287
08-16 08:00:00,3251.170825381811
08-16 09:00:00,3124.957286796477
08-16 10:00:00,3065.630353762152
08-16 11:00:00,2993.731878447779
08-16 12:00:00,4755.0138922100095
08-16 13:00:00,3884.8728278059725
08-16 14:00:00,3417.3646922395646
08-16 15:00:00,3600.7031428943073
08-16 16:00:00,3717.0934712386006
08-16 17:00:00,4233.908665565252
08-16 18:00:00,5151.182289635455
08-16 19:00:00,5117.948796156838
08-16 20:00:00,3664.587974893829
08-16 21:00:00,3442.25216494302
08-16 22:00:00,2884.6187162399924
08-16 23:00:00,2751.684684918963
08-17 00:00:00,2608.290374495324
08-17 01:00:00,2638.5562487771044
08-17 02:00:00,2678.925144080315
08-17 03:00:00,2685.339666313784
08-17 04:00:00,2833.268010752531
08-17 05:00:00,3174.231934893467
08-17 06:00:00,5209.185487832909
08-17 07:00:00,4147.975299883725
08-17 08:00:00,3426.324182092665
08-17 09:00:00,3276.365601518038
08-17 10:00:00,3108.66261710327
08-17 11:00:00,2995.538268012938
08-17 12:00:00,4680.772401705752
08-17 13:00:00,3755.158867877876
08-17 14:00:00,3218.926111901547
08-17 15:00:00,3446.2406421124133
08-17 16:00:00,3599.3585476807693
08-17 17:00:00,4147.01253331921
08-17 18:00:00,5092.173981174776
08-17 19:00:00,5210.451681105823
08-17 20:00:00,3401.2484011330544
08-17 21:00:00,3307.3164990862933
08-17 22:00:00,2770.5122996557634
08-17 23:00:00,2767.846122658167
08-18 00:00:00,2538.2410369870736
08-18 01:00:00,2479.364755983304
08-18 02:00:00,2461.4863819301354
08-18 03:00:00,2447.5676109457604
08-18 04:00:00,2525.014364160752
08-18 05:00:00,2585.883740461865
08-18 06:00:00,4286.13121668251
08-18 07:00:00,3176.7070553248004
08-18 08:00:00,2226.1354306006638
08-18 09:00:00,2047.3184596846029
08-18 10:00:00,1909.2261038746008
08-18 11:00:00,1822.224808759029
08-18 12:00:00,3494.4710709822693
08-18 13:00:00,2588.9499108195782
08-18 14:00:00,2085.8550562733035
08-18 15:00:00,2314.313293636445
08-18 16:00:00,2575.5744731562145
08-18 17:00:00,3444.155918771992
08-18 18:00:00,4602.690580363786
08-18 19:00:00,4679.399184830558
08-18 20:00:00,3160.6380417605315
08-18 21:00:00,3158.869769925606
08-18 22:00:00,2582.088727917188
08-18 23:00:00,2462.16188800806
08-19 00:00:00,2230.519072974225
08-19 01:00:00,2172.3099952622597
08-19 02:00:00,2150.5123531336594
08-19 03:00:00,2150.0707118135615
08-19 04:00:00,2228.7821892162297
08-19 05:00:00,2309.381440945843
08-19 06:00:00,3967.1175026234323
08-19 07:00:00,2730.3864660735508
08-19 08:00:00,1717.2320370104055
08-19 09:00:00,1535.7541186470212
08-19 10:00:00,1425.8859809462338
08-19 11:00:00,1355.5135059967185
08-19 12:00:00,3097.2057285276373
08-19 13:00:00,2249.935115009449
08-19 14:00:00,1765.08325229216
08-19 15:00:00,2011.3901781316717
08-19 16:00:00,2250.454500875853
08-19 17:00:00,3085.545579340079
08-19 18:00:00,4279.606185067389
08-19 19:00:00,4458.45022325201
08-19 20:00:00,2995.111017131506
08-19 21:00:00,3004.5324607420625
08-19 22:00:00,2431.9617168758555
08-19 23:00:00,2342.394715228088
08-20 00:00:00,2451.251662630744
08-20 01:00:00,2415.466717815997
08-20 02:00:00,2419.0017434756605
08-20 03:00:00,2471.3726043574875
08-20 04:00:00,2624.0242049856397
08-20 05:00:00,2873.5764223720894
08-20 06:00:00,5006.914177506186
08-20 07:00:00,3885.5389304430837
08-20 08:00:00,3178.961714879304
08-20 09:00:00,2953.390228698358
08-20 10:00:00,2912.581215910006
08-20 11:00:00,2829.98902856922
08-20 12:00:00,4568.301218845607
08-20 13:00:00,3692.343665910036
08-20 14:00:00,3197.574650176052
08-20 15:00:00,3431.785115876248
08-20 16:00:00,3537.790343728291
08-20 17:00:00,4256.193692539425
08-20 18:00:00,4965.104905657113
08-20 19:00:00,4900.935668504038
08-20 20:00:00,3296.8920076744002
08-20 21:00:00,3209.7075954514416
08-20 22:00:00,2703.2283283037027
08-20 23:00:00,2637.446129387501
08-21 00:00:00,2552.012214623211
08-21 01:00:00,2521.3220702923786
08-21 02:00:00,2502.878319196809
08-21 03:00:00,2506.4820728447535
08-21 04:00:00,2665.4274505799863
08-21 05:00:00,3049.9243480805344
08-21 06:00:00,4903.203198271147
08-21 07:00:00,4074.5599538942643
08-21 08:00:00,3156.735612378515
08-21 09:00:00,3027.3141234909795
08-21 10:00:00,2925.3219544208596
08-21 11:00:00,2859.318316140266
08-21 12:00:00,4593.199827140764
08-21 13:00:00,3723.4975678440205
08-21 14:00:00,3256.814548028757
08-21 15:00:00,3495.494020825029
08-21 16:00:00,3617.094933835
08-21 17:00:00,4319.991423328181
08-21 18:00:00,5098.660509898022
08-21 19:00:00,5014.203191361474
08-21 20:00:00,3366.224989170751
08-21 21:00:00,3365.7646628043262
08-21 22:00:00,2742.729812806561
08-21 23:00:00,2628.8359779373227
08-22 00:00:00,2523.949801108484
08-22 01:00:00,2457.65457756815
08-22 02:00:00,2482.2594374351106
08-22 03:00:00,2508.741514285087
08-22 04:00:00,2672.8215191149725
08-22 05:00:00,3040.8646926567435
08-22 06:00:00,4868.895305795939
08-22 07:00:00,4143.642251882695
08-22 08:00:00,3291.5475697230304
08-22 09:00:00,3152.414974086397
08-22 10:00:00,3030.3511150473596
08-22 11:00:00,2965.2783722821255
08-22 12:00:00,4690.386748063751
08-22 13:00:00,3817.321444126398
08-22 14:00:00,3326.9841884477764
08-22 15:00:00,3639.195679967422
08-22 16:00:00,3801.320539335446
08-22 17:00:00,4516.160365754064
08-22 18:00:00,5281.743010097159
08-22 19:00:00,5215.601661086733
08-22 20:00:00,3624.950276423774
08-22 21:00:00,3602.1262186185772
08-22 22:00:00,2985.188767347529
08-22 23:00:00,2888.8472753419705
08-23 00:00:00,2745.3755105669143
08-23 01:00:00,2681.995154905068
08-23 02:00:00,2673.513332462388
08-23 03:00:00,2661.5188789009057
08-23 04:00:00,2814.131788659102
08-23 05:00:00,3022.6034093440744
08-23 06:00:00,5015.667299138385
08-23 07:00:00,4210.544566281684
08-23 08:00:00,3341.1214884214587
08-23 09:00:00,3200.5813636452904
08-23 10:00:00,3089.481703012127
08-23 11:00:00,3020.198526915027
08-23 12:00:00,4723.536136530569
08-23 13:00:00,3835.8107264708715
08-23 14:00:00,3356.4717626150095
08-23 15:00:00,3604.642067553399
08-23 16:00:00,3745.907495257089
08-23 17:00:00,4287.471005937581
08-23 18:00:00,5153.542744896723
08-23 19:00:00,5198.736226186817
08-23 20:00:00,3663.468566475204
08-23 21:00:00,3553.632198056898
08-23 22:00:00,2925.876350204918
08-23 23:00:00,2792.8827694505735
08-24 00:00:00,2656.849685961687
08-24 01:00:00,2631.079406165342
08-24 02:00:00,2637.6734876703053
08-24 03:00:00,2635.669946558165
08-24 04:00:00,2762.360995912588
08-24 05:00:00,3036.7656025348806
08-24 06:00:00,5127.297139399713
08-24 07:00:00,4116.369461699539
08-24 08:00:00,3400.2351586089653
08-24 09:00:00,3266.0212425162968
08-24 10:00:00,3123.588550132467
08-24 11:00:00,3043.3237135768486
08-24 12:00:00,4773.882951946819
08-24 13:00:00,3904.466465128008
08-24 14:00:00,3342.3836716791643
08-24 15:00:00,3544.052076360105
08-24 16:00:00,3684.8432078844276
08-24 17:00:00,4378.718982173106
08-24 18:00:00,5122.56838692659
08-24 19:00:00,5105.709539141115
08-24 20:00:00,3453.6281420686623
08-24 21:00:00,3331.328876366218
08-24 22:00:00,2884.997654842147
08-24 23:00:00,2806.8026746229925
08-25 00:00:00,2520.1794649601347
08-25 01:00:00,2462.8804498927652
08-25 02:00:00,2424.594321450465
08-25 03:00:00,2419.7165855768476
08-25 04:00:00,2486.601345279667
08-25 05:00:00,2597.707881051413
08-25 06:00:00,4294.537687767484
08-25 07:00:00,3187.3210674618067
08-25 08:00:00,2263.869474670942
08-25 09:00:00,2111.504016397628
08-25 10:00:00,1962.3106478431916
08-25 11:00:00,1849.449450195894
08-25 12:00:00,3593.8888465100326
08-25 13:00:00,2688.187410613036
08-25 14:00:00,2208.101896107769
08-25 15:00:00,2422.2129893256006
08-25 16:00:00,2619.9887003544604
08-25 17:00:00,3509.730515153478
08-25 18:00:00,4612.4416070089765
08-25 19:00:00,4704.622976762179
08-25 20:00:00,3183.399645451852
08-25 21:00:00,3225.351458697156
08-25 22:00:00,2734.074996023405
08-25 23:00:00,2580.410650991333
08-26 00:00:00,2384.0104512574126
08-26 01:00:00,2338.78506065644
08-26 02:00:00,2324.7826436473006
08-26 03:00:00,2326.582088095871
08-26 04:00:00,2393.6975887028266
08-26 05:00:00,2490.316882513345
08-26 06:00:00,4123.632642782353
08-26 07:00:00,2866.314140710614
08-26 08:00:00,1829.6653589746213
08-26 09:00:00,1641.7800135184395
08-26 10:00:00,1468.7291843896887
08-26 11:00:00,1383.4257359800315
08-26 12:00:00,3114.2175412718493
08-26 13:00:00,2191.3263284461427
08-26 14:00:00,1769.1924700018803
08-26 15:00:00,2030.2220099998126
08-26 16:00:00,2310.9168061258997
08-26 17:00:00,3173.9277212867228
08-26 18:00:00,4342.492055230966
08-26 19:00:00,4541.64861350746
08-26 20:00:00,3085.548207833033
08-26 21:00:00,3142.8535262885616
08-26 22:00:00,2552.51767361018
08-26 23:00:00,2444.42116700727
08-27 00:00:00,2557.721545707072
08-27 01:00:00,2526.589599667326
08-27 02:00:00,2536.1171362173304
08-27 03:00:00,2564.751340294502
08-27 04:00:00,2727.4963720354554
08-27 05:00:00,2967.7319996852216
08-27 06:00:00,5158.4027364455305
08-27 07:00:00,4076.8546727553125
08-27 08:00:00,3360.6527864750724
08-27 09:00:00,3139.503800135817
08-27 10:00:00,3007.589220132966
08-27 11:00:00,2919.0311738601154
08-27 12:00:00,4617.33641096062
08-27 13:00:00,3751.539416043526
08-27 14:00:00,3229.0364198327184
08-27 15:00:00,3473.4080522053705
08-27 16:00:00,3605.7821115561887
08-27 17:00:00,4157.028085351217
08-27 18:00:00,5229.4736141009935
08-27 19:00:00,5100.968921539018
08-27 20:00:00,3463.5918098361244
08-27 21:00:00,3387.2982935582536
08-27 22:00:00,2856.8278729581293
08-27 23:00:00,2872.3123126254823
08-28 00:00:00,2724.7012582555844
08-28 01:00:00,2696.016529348782
08-28 02:00:00,2685.6045381911517
08-28 03:00:00,2708.124307311565
08-28 04:00:00,2867.325203250311
08-28 05:00:00,3247.7471225814825
08-28 06:00:00,5084.393983530309
08-28 07:00:00,4315.809431692426
08-28 08:00:00,3459.4978854223073
08-28 09:00:00,3303.830584875511
08-28 10:00:00,3155.635574851095
08-28 11:00:00,3054.104917887455
08-28 12:00:00,4744.270319357471
08-28 13:00:00,3870.492085728739
08-28 14:00:00,3472.9661060090493
08-28 15:00:00,3746.48124457344
08-28 16:00:00,3905.7273049336986
08-28 17:00:00,4417.298594783049
08-28 18:00:00,5330.147314466714
08-28 19:00:00,5424.7168633314695
08-28 20:00:00,3585.769536792799
08-28 21:00:00,3465.498223994323
08-28 22:00:00,2987.8255194584567
08-28 23:00:00,2894.20235916069
08-29 00:00:00,2789.9009538313117
08-29 01:00:00,2749.4022815506946
08-29 02:00:00,2733.0729759436817
08-29 03:00:00,2735.623396959456
08-29 04:00:00,2870.4987084218565
08-29 05:00:00,3209.122769813465
08-29 06:00:00,5147.575770034459
08-29 07:00:00,4133.002900906029
08-29 08:00:00,3456.180185362731
08-29 09:00:00,3321.954459490362
08-29 10:00:00,3207.566725206838
08-29 11:00:00,3086.469374086669
08-29 12:00:00,4754.452852264635
08-29 13:00:00,3922.5955447742554
08-29 14:00:00,3449.901031206788
08-29 15:00:00,3680.1145351331234
08-29 16:00:00,3820.8840404617526
08-29 17:00:00,4340.088484214823
08-29 18:00:00,5445.974023996905
08-29 19:00:00,5149.403207608492
08-29 20:00:00,3540.6645983262397
08-29 21:00:00,3405.9929112554023
08-29 22:00:00,2807.1797222625128
08-29 23:00:00,2833.6951588316874
08-30 00:00:00,2729.63249269583
08-30 01:00:00,2680.521687005731
08-30 02:00:00,2671.3781483115213
08-30 03:00:00,2673.6383946618303
08-30 04:00:00,2827.1469453705445
08-30 05:00:00,3179.339552454342
08-30 06:00:00,5041.338698447282
08-30 07:00:00,4254.282500670645
08-30 08:00:00,3395.7487715090233
08-30 09:00:00,3196.464683332702
08-30 10:00:00,3094.9461060426015
08-30 11:00:00,3003.590115140373
08-30 12:00:00,4718.448167737042
08-30 13:00:00,3791.6965894785912
08-30 14:00:00,3276.801595840963
08-30 15:00:00,3473.8844549388145
08-30 16:00:00,3595.6674844341965
08-30 17:00:00,4195.374027941156
08-30 18:00:00,5060.211600228163
08-30 19:00:00,5217.162526497709
08-30 20:00:00,3442.589541510762
08-30 21:00:00,3348.562352492925
08-30 22:00:00,2743.433122310324
08-30 23:00:00,2776.527440590487
08-31 00:00:00,2658.5445787919107
08-31 01:00:00,2609.5734603851147
08-31 02:00:00,2596.4325430342046
08-31 03:00:00,2589.643927506514
08-31 04:00:00,2737.3461848932966
08-31 05:00:00,3125.7483272640825
08-31 06:00:00,4976.030443630049
08-31 07:00:00,4221.259400907555
08-31 08:00:00,3274.893542245868
08-31 09:00:00,3142.6934579035988
08-31 10:00:00,2987.8499504336974
08-31 11:00:00,2828.2261994240994
08-31 12:00:00,4561.984831438321
08-31 13:00:00,3671.5970056871392
08-31 14:00:00,3134.6664286523096
08-31 15:00:00,3356.0961082509116
08-31 16:00:00,3527.5554222277924
08-31 17:00:00,4059.3996199306293
08-31 18:00:00,5051.536946030281
08-31 19:00:00,4997.849019592502
08-31 20:00:00,3552.605006027787
08-31 21:00:00,3350.9923557879156
08-31 22:00:00,2931.1427201792962
08-31 23:00:00,2837.9183936981995
09-01 00:00:00,2547.2787467909975
09-01 01:00:00,2489.4880196717827
09-01 02:00:00,2476.746611483016
09-01 03:00:00,2475.763679227316
09-01 04:00:00,2567.294993781954
09-01 05:00:00,2733.078905542254
09-01 06:00:00,4421.646747329208
09-01 07:00:00,3310.9187358564327
09-01 08:00:00,2352.6313032713388
09-01 09:00:00,2138.5269138521035
09-01 10:00:00,1967.580965638347
09-01 11:00:00,1861.1975689562112
09-01 12:00:00,3525.6345261983374
09-01 13:00:00,2683.9599014781897
09-01 14:00:00,2225.067054932229
09-01 15:00:00,2456.3925412573294
09-01 16:00:00,2692.611205198922
09-01 17:00:00,3521.1491725954975
09-01 18:00:00,4634.82174229178
09-01 19:00:00,4697.589420568508
09-01 20:00:00,3143.486143973022
09-01 21:00:00,3153.110779025111
09-01 22:00:00,2645.412089540341
09-01 23:00:00,2588.7269599078522
09-02 00:00:00,2349.919278473301
09-02 01:00:00,2307.817693856189
09-02 02:00:00,2292.7100054173698
09-02 03:00:00,2288.034561583337
09-02 04:00:00,2383.0281634746007
09-02 05:00:00,2551.771474440671
09-02 06:00:00,4215.5273736777735
09-02 07:00:00,3001.656275129069
09-02 08:00:00,1995.724956329855
09-02 09:00:00,1767.090748126384
09-02 10:00:00,1567.063583957268
09-02 11:00:00,1435.1877295094246
09-02 12:00:00,3164.4194259302403
09-02 13:00:00,2318.299096984231
09-02 14:00:00,1879.3016617244023
09-02 15:00:00,2105.587382612764
09-02 16:00:00,2389.8195944439954
09-02 17:00:00,3171.6897751708107
09-02 18:00:00,4281.235353537809
09-02 19:00:00,4384.373678849261
09-02 20:00:00,2954.147471761139
09-02 21:00:00,3026.1381446629543
09-02 22:00:00,2520.1590029600825
09-02 23:00:00,2372.8210288790387
09-03 00:00:00,2541.3405676308817
09-03 01:00:00,2521.40199944409
09-03 02:00:00,2542.311780757554
09-03 03:00:00,2574.3521189628505
09-03 04:00:00,2720.2630142089633
09-03 05:00:00,3226.9066601409904
09-03 06:00:00,5029.846530121221
09-03 07:00:00,4412.704269583265
09-03 08:00:00,3544.9945124553174
09-03 09:00:00,3295.3697957550494
09-03 10:00:00,3115.507752064651
09-03 11:00:00,3020.967123743563
09-03 12:00:00,4737.724166652106
09-03 13:00:00,3885.1072328967507
09-03 14:00:00,3405.44557034218
09-03 15:00:00,3690.7370705083877
09-03 16:00:00,3800.2013714566665
09-03 17:00:00,4161.06874453087
09-03 18:00:00,5207.849715947815
09-03 19:00:00,4886.657773681342
09-03 20:00:00,3301.9129978792744
09-03 21:00:00,3398.8403824701913
09-03 22:00:00,2785.093283965714
09-03 23:00:00,2755.087721841929
09-04 00:00:00,2653.7808087975814
09-04 01:00:00,2619.548916064465
09-04 02:00:00,2627.738782236211
09-04 03:00:00,2637.120642152223
09-04 04:00:00,2797.5211611032223
09-04 05:00:00,3243.9411970105884
09-04 06:00:00,5199.642665807809
09-04 07:00:00,4216.9645720879025
09-04 08:00:00,3569.3762926043732
09-04 09:00:00,3280.5981072891223
09-04 10:00:00,3186.056123582422
09-04 11:00:00,3119.7026023049903
09-04 12:00:00,4811.697000536037
09-04 13:00:00,4004.796019584298
09-04 14:00:00,3544.4527423277023
09-04 15:00:00,3803.6620072215096
09-04 16:00:00,3947.030060688631
09-04 17:00:00,4284.0672346306
09-04 18:00:00,5393.708684522391
09-04 19:00:00,5076.254149718199
09-04 20:00:00,3363.673224117477
09-04 21:00:00,3309.185270802104
09-04 22:00:00,2791.397684437771
09-04 23:00:00,2790.077007377951
09-05 00:00:00,2683.9862374121735
09-05 01:00:00,2645.874969508007
09-05 02:00:00,2645.4699485465676
09-05 03:00:00,2646.534921342707
09-05 04:00:00,2792.1235779445838
09-05 05:00:00,3108.911899282176
09-05 06:00:00,5103.708064810168
09-05 07:00:00,4350.455106709672
09-05 08:00:00,3536.670784812161
09-05 09:00:00,3307.74477025408
09-05 10:00:00,3176.562435408991
09-05 11:00:00,3108.706293623956
09-05 12:00:00,4833.8090327755845
09-05 13:00:00,4037.2325898736626
09-05 14:00:00,3569.2129299832272
09-05 15:00:00,3822.495554666875
09-05 16:00:00,3994.383500696469
09-05 17:00:00,4371.819781904147
09-05 18:00:00,5373.4115067872335
09-05 19:00:00,5004.820548278422
09-05 20:00:00,3408.8974868066607
09-05 21:00:00,3327.3554442929
09-05 22:00:00,2879.304030198968
09-05 23:00:00,2771.6313996989406
09-06 00:00:00,2653.9620200462527
09-06 01:00:00,2618.62699719939
09-06 02:00:00,2625.713910972922
09-06 03:00:00,2653.2586911848703
09-06 04:00:00,2809.250496989562
09-06 05:00:00,3203.3221833702196
09-06 06:00:00,5188.035804233537
09-06 07:00:00,4162.806596609134
09-06 08:00:00,3541.5993655015322
09-06 09:00:00,3352.1914737064044
09-06 10:00:00,3194.471085035823
09-06 11:00:00,3133.8689272104793
09-06 12:00:00,4867.174808336889
09-06 13:00:00,4004.3566119561474
09-06 14:00:00,3596.341758970909
09-06 15:00:00,3796.7861336082287
09-06 16:00:00,3946.57097533882
09-06 17:00:00,4530.223005324411
09-06 18:00:00,5140.728860332651
09-06 19:00:00,4955.455247084841
09-06 20:00:00,3339.5242832373747
09-06 21:00:00,3404.1904727981355
09-06 22:00:00,2883.9576796774977
09-06 23:00:00,2773.8506596293696
09-07 00:00:00,2636.012636142911
09-07 01:00:00,2614.179276712818
09-07 02:00:00,2603.324026393266
09-07 03:00:00,2624.2619602261984
09-07 04:00:00,2791.4532015256286
09-07 05:00:00,3234.3540211154013
09-07 06:00:00,5172.165528209565
09-07 07:00:00,4200.111248966582
09-07 08:00:00,3568.683862244264
09-07 09:00:00,3354.414971120534
09-07 10:00:00,3197.512941777189
09-07 11:00:00,3054.2579669744514
09-07 12:00:00,4816.560240272338
09-07 13:00:00,3940.734032482611
09-07 14:00:00,3514.332568513225
09-07 15:00:00,3734.5198423086113
09-07 16:00:00,3846.9664564374134
09-07 17:00:00,4228.487888439157
09-07 18:00:00,5017.375050346603
09-07 19:00:00,4945.008976482314
09-07 20:00:00,3557.3500047044995
09-07 21:00:00,3273.7363493651415
09-07 22:00:00,2865.5884489566233
09-07 23:00:00,2748.3328216488567
09-08 00:00:00,2452.658194476524
09-08 01:00:00,2392.0575216050665
09-08 02:00:00,2372.539426326208
09-08 03:00:00,2367.202290835924
09-08 04:00:00,2468.1532345109927
09-08 05:00:00,2665.838149409412
09-08 06:00:00,4392.795526301828
09-08 07:00:00,3238.909049274492
09-08 08:00:00,2258.333169414354
09-08 09:00:00,2043.6381106635704
09-08 10:00:00,1914.8255470079305
09-08 11:00:00,1805.8503332235953
09-08 12:00:00,3557.9117669476327
09-08 13:00:00,2713.521870919624
09-08 14:00:00,2299.210205487839
09-08 15:00:00,2522.2141752326534
09-08 16:00:00,2721.542720157654
09-08 17:00:00,3541.871003571957
09-08 18:00:00,4602.292075695743
09-08 19:00:00,4595.434975939273
09-08 20:00:00,3071.3355655964187
09-08 21:00:00,3058.1594179729886
09-08 22:00:00,2477.3369150816466
09-08 23:00:00,2374.6413698520196
09-09 00:00:00,2163.5147578131564
09-09 01:00:00,2104.51255920692
09-09 02:00:00,2070.9334193729737
09-09 03:00:00,2091.9903731830846
09-09 04:00:00,2195.4298395485566
09-09 05:00:00,2369.394075050057
09-09 06:00:00,4035.7362541888156
09-09 07:00:00,2859.0938794320587
09-09 08:00:00,1913.5925045125773
09-09 09:00:00,1631.4166554567732
09-09 10:00:00,1560.1428958105218
09-09 11:00:00,1502.7908519787286
09-09 12:00:00,3209.7923969584836
09-09 13:00:00,2367.957677020747
09-09 14:00:00,1931.645470165337
09-09 15:00:00,2227.804718481679
09-09 16:00:00,2437.6870322368195
09-09 17:00:00,3268.7589966162477
09-09 18:00:00,4370.814331376909
09-09 19:00:00,4455.41020916028
09-09 20:00:00,3014.3058394725804
09-09 21:00:00,3089.5325634028577
09-09 22:00:00,2476.257285124524
09-09 23:00:00,2356.6748377217386
09-10 00:00:00,2525.4749250057644
09-10 01:00:00,2503.7824595522725
09-10 02:00:00,2502.6557350282287
09-10 03:00:00,2535.294588428778
09-10 04:00:00,2690.5526637118805
09-10 05:00:00,3102.3962875435
09-10 06:00:00,4956.79080578257
09-10 07:00:00,4101.411429523346
09-10 08:00:00,3393.467983945349
09-10 09:00:00,3173.5547211713197
09-10 10:00:00,3074.3468542570777
09-10 11:00:00,3001.8216520767915
09-10 12:00:00,4747.096752037022
09-10 13:00:00,3886.452846185422
09-10 14:00:00,3454.119884689611
09-10 15:00:00,3644.947015113829
09-10 16:00:00,3814.625049787483
09-10 17:00:00,4265.161600556236
09-10 18:00:00,5333.018388160676
09-10 19:00:00,4981.810941116511
09-10 20:00:00,3381.4939337545165
09-10 21:00:00,3337.0092781702638
09-10 22:00:00,2785.2479650519
09-10 23:00:00,2791.702160050224
09-11 00:00:00,2649.7381240863906
09-11 01:00:00,2618.8958924941408
09-11 02:00:00,2592.2927832297173
09-11 03:00:00,2594.5198057707075
09-11 04:00:00,2750.9003998691583
09-11 05:00:00,3242.367739339364
09-11 06:00:00,5088.037716602193
09-11 07:00:00,4205.1501100942
09-11 08:00:00,3591.059116969064
09-11 09:00:00,3345.140223972752
09-11 10:00:00,3265.299379627141
09-11 11:00:00,3193.6021374877505
09-11 12:00:00,4868.913673905174
09-11 13:00:00,4082.636256790302
09-11 14:00:00,3588.4745099762667
09-11 15:00:00,3870.9135883353165
09-11 16:00:00,3986.9659956117616
09-11 17:00:00,4312.179026740312
09-11 18:00:00,5412.208238589599
09-11 19:00:00,5079.726117092027
09-11 20:00:00,3423.3248843048978
09-11 21:00:00,3227.339605668176
09-11 22:00:00,2673.5283434604926
09-11 23:00:00,2735.153589368641
09-12 00:00:00,2639.6299535349726
09-12 01:00:00,2628.1112077171133
09-12 02:00:00,2625.6482986816377
09-12 03:00:00,2643.9710888246773
09-12 04:00:00,2787.48405233556
09-12 05:00:00,3200.827815789019
09-12 06:00:00,5039.937181708059
09-12 07:00:00,4505.663093865168
09-12 08:00:00,3627.381403380979
09-12 09:00:00,3457.5768517549427
09-12 10:00:00,3280.3515647579156
09-12 11:00:00,3218.1047177624673
09-12 12:00:00,4884.971648645331
09-12 13:00:00,4003.961795107823
09-12 14:00:00,3593.2808391404265
09-12 15:00:00,3815.6384228994493
09-12 16:00:00,3937.716313594434
09-12 17:00:00,4354.106305535214
09-12 18:00:00,5379.988558663989
09-12 19:00:00,5002.451901405474
09-12 20:00:00,3390.1476634250635
09-12 21:00:00,3496.8426831889624
09-12 22:00:00,2947.622446303325
09-12 23:00:00,2808.9892122376978
09-13 00:00:00,2688.9826185637526
09-13 01:00:00,2633.9592309257328
09-13 02:00:00,2624.692632822106
09-13 03:00:00,2626.3165097600495
09-13 04:00:00,2786.4833986930958
09-13 05:00:00,3188.13792559984
09-13 06:00:00,5273.733942700089
09-13 07:00:00,4263.75397739251
09-13 08:00:00,3585.444714795273
09-13 09:00:00,3360.8626324840616
09-13 10:00:00,3213.3222238595285
09-13 11:00:00,3150.095780111283
09-13 12:00:00,4847.374496922426
09-13 13:00:00,4017.945586248279
09-13 14:00:00,3499.273178354619
09-13 15:00:00,3774.8850932334353
09-13 16:00:00,3880.3496864666827
09-13 17:00:00,4166.462250156793
09-13 18:00:00,5268.810738677726
09-13 19:00:00,4926.915972143339
09-13 20:00:00,3273.206696662848
09-13 21:00:00,3410.5493581199535
09-13 22:00:00,2806.2482749075375
09-13 23:00:00,2688.2781086874556
09-14 00:00:00,2594.7049569225783
09-14 01:00:00,2545.4467400262497
09-14 02:00:00,2550.3690537011585
09-14 03:00:00,2545.245611608825
09-14 04:00:00,2697.4379831749006
09-14 05:00:00,3221.034425961118
09-14 06:00:00,4996.834379155126
09-14 07:00:00,4432.255713579647
09-14 08:00:00,3517.3854377749867
09-14 09:00:00,3265.6915790403286
09-14 10:00:00,3141.4387451746106
09-14 11:00:00,3021.4247281081225
09-14 12:00:00,4715.599337110857
09-14 13:00:00,3882.8151928166044
09-14 14:00:00,3410.2510408329595
09-14 15:00:00,3619.9564856922902
09-14 16:00:00,3728.0107876237116
09-14 17:00:00,4059.8885723127423
09-14 18:00:00,4921.714026710873
09-14 19:00:00,5072.764223275954
09-14 20:00:00,3257.7658007466925
09-14 21:00:00,3323.9566817247155
09-14 22:00:00,2683.7384391063356
09-14 23:00:00,2575.635229753478
09-15 00:00:00,2271.7288907682196
09-15 01:00:00,2233.2622104396123
09-15 02:00:00,2213.651752602825
09-15 03:00:00,2211.3455205712403
09-15 04:00:00,2290.9537893233373
09-15 05:00:00,2450.051430009823
09-15 06:00:00,4171.5747962746955
09-15 07:00:00,3119.7323273482266
09-15 08:00:00,2176.5569725517944
09-15 09:00:00,1982.9444624857028
09-15 10:00:00,1785.7417805250118
09-15 11:00:00,1746.8025423660004
09-15 12:00:00,3474.683583891834
09-15 13:00:00,2641.426959871339
09-15 14:00:00,2201.6353658271223
09-15 15:00:00,2456.6775814197185
09-15 16:00:00,2680.9717191574437
09-15 17:00:00,3486.6133556039795
09-15 18:00:00,4572.010807084028
09-15 19:00:00,4612.91553669276
09-15 20:00:00,3011.9543685102217
09-15 21:00:00,3074.1710661233155
09-15 22:00:00,2484.4465028957347
09-15 23:00:00,2385.6981469771104
09-16 00:00:00,2143.2521428137516
09-16 01:00:00,2068.0629365778714
09-16 02:00:00,2042.552667099397
09-16 03:00:00,2038.618456368533
09-16 04:00:00,2126.456602532633
09-16 05:00:00,2301.0330467781264
09-16 06:00:00,3971.057734575252
09-16 07:00:00,2803.704396113143
09-16 08:00:00,1818.309816136765
09-16 09:00:00,1624.4630062770777
09-16 10:00:00,1492.8926371600314
09-16 11:00:00,1390.0276862863554
09-16 12:00:00,3158.1276697843014
09-16 13:00:00,2350.483471520004
09-16 14:00:00,1935.6882340282618
09-16 15:00:00,2228.2801286635386
09-16 16:00:00,2468.8259766291967
09-16 17:00:00,3315.145355460808
09-16 18:00:00,4372.876233629807
09-16 19:00:00,4505.646819059146
09-16 20:00:00,3065.803444230036
09-16 21:00:00,3087.6156387997944
09-16 22:00:00,2551.0729685331125
09-16 23:00:00,2400.774704054747
09-17 00:00:00,2564.8931810958184
09-17 01:00:00,2526.9676806030766
09-17 02:00:00,2533.19442508597
09-17 03:00:00,2562.4551428141667
09-17 04:00:00,2710.4716087873935
09-17 05:00:00,3154.673656453943
09-17 06:00:00,5179.483841898785
09-17 07:00:00,4477.473259475621
09-17 08:00:00,3630.4971784201784
09-17 09:00:00,3437.8524863132343
09-17 10:00:00,3292.406284495771
09-17 11:00:00,3178.3488816512113
09-17 12:00:00,4871.933705745031
09-17 13:00:00,3984.661122886335
09-17 14:00:00,3520.008760467575
09-17 15:00:00,3729.4784742659713
09-17 16:00:00,3860.6145968602536
09-17 17:00:00,4274.376370507925
09-17 18:00:00,5085.873531482737
09-17 19:00:00,5311.750563174758
09-17 20:00:00,3405.5960641580164
09-17 21:00:00,3381.8011313186435
09-17 22:00:00,2924.91437159538
09-17 23:00:00,2822.581816157389
09-18 00:00:00,2708.090014486247
09-18 01:00:00,2675.1443941647
09-18 02:00:00,2682.711650267362
09-18 03:00:00,2708.1512047478714
09-18 04:00:00,2871.1172310506963
09-18 05:00:00,3239.734262034838
09-18 06:00:00,5179.986574899998
09-18 07:00:00,4652.986688920074
09-18 08:00:00,3726.62872887248
09-18 09:00:00,3523.3831852015624
09-18 10:00:00,3346.7164486700276
09-18 11:00:00,3191.912315056086
09-18 12:00:00,4869.8822375495765
09-18 13:00:00,4003.7960359752133
09-18 14:00:00,3556.7647749068983
09-18 15:00:00,3778.8710909530528
09-18 16:00:00,3917.485879116502
09-18 17:00:00,4323.009016635326
09-18 18:00:00,5411.242370328963
09-18 19:00:00,5104.06196820627
09-18 20:00:00,3444.7421366945846
09-18 21:00:00,3343.8899197981873
09-18 22:00:00,2936.64893709799
09-18 23:00:00,2866.5191304366467
09-19 00:00:00,2755.9940112800955
09-19 01:00:00,2718.959235112523
09-19 02:00:00,2712.9994314450673
09-19 03:00:00,2727.516905463228
09-19 04:00:00,2889.5350776768373
09-19 05:00:00,3206.0278183674886
09-19 06:00:00,5491.889530606616
09-19 07:00:00,4294.61771169248
09-19 08:00:00,3765.681649525182
09-19 09:00:00,3589.290636779556
09-19 10:00:00,3448.6146504226094
09-19 11:00:00,3396.5978602687333
09-19 12:00:00,5124.974448056324
09-19 13:00:00,4324.332784365781
09-19 14:00:00,3859.973840016802
09-19 15:00:00,4124.63442479342
09-19 16:00:00,4262.056743071788
09-19 17:00:00,4653.6970853721405
09-19 18:00:00,5507.718224187336
09-19 19:00:00,5366.491405725907
09-19 20:00:00,3941.872631486157
09-19 21:00:00,3636.5194797266026
09-19 22:00:00,3157.6496273082944
09-19 23:00:00,3018.220781542438
09-20 00:00:00,2887.9001699653345
09-20 01:00:00,2833.4302661590946
09-20 02:00:00,2815.9285341520554
09-20 03:00:00,2818.3371276797743
09-20 04:00:00,2961.7055645980267
09-20 05:00:00,3468.923456134113
09-20 06:00:00,5321.904119127074
09-20 07:00:00,4475.995221871633
09-20 08:00:00,3859.766462417446
09-20 09:00:00,3651.349685128934
09-20 10:00:00,3452.3643704551446
09-20 11:00:00,3358.939544223375
09-20 12:00:00,5029.638600842286
09-20 13:00:00,4183.433569615386
09-20 14:00:00,3728.4475945756462
09-20 15:00:00,3981.0572180032996
09-20 16:00:00,4128.105972533943
09-20 17:00:00,4771.539044905952
09-20 18:00:00,5326.8185789930885
09-20 19:00:00,5233.124450320519
09-20 20:00:00,3531.6622802761367
09-20 21:00:00,3473.3437857209638
09-20 22:00:00,3016.2582247449704
09-20 23:00:00,2927.5215507391504
09-21 00:00:00,2776.9745845231428
09-21 01:00:00,2720.466945868078
09-21 02:00:00,2697.8749765291564
09-21 03:00:00,2691.0430008050953
09-21 04:00:00,2877.5853408286093
09-21 05:00:00,3263.0260901555494
09-21 06:00:00,5197.037260931978
09-21 07:00:00,4706.176022476779
09-21 08:00:00,3758.404508224867
09-21 09:00:00,3516.7437107152514
09-21 10:00:00,3327.8883865221055
09-21 11:00:00,3196.2924193218705
09-21 12:00:00,4909.297953999884
09-21 13:00:00,4041.2910488582565
09-21 14:00:00,3588.7191558769705
09-21 15:00:00,3821.086848974531
09-21 16:00:00,3912.893745764512
09-21 17:00:00,4614.117090072596
09-21 18:00:00,5202.548992512901
09-21 19:00:00,5070.196872679075
09-21 20:00:00,3416.2553056386305
09-21 21:00:00,3416.123643356181
09-21 22:00:00,3009.878421285684
09-21 23:00:00,2898.6451358082672
09-22 00:00:00,2609.0433279694325
09-22 01:00:00,2583.1101311678703
09-22 02:00:00,2568.216893651508
09-22 03:00:00,2561.994473900469
09-22 04:00:00,2666.150726818174
09-22 05:00:00,2867.9216793953697
09-22 06:00:00,4548.0987852001945
09-22 07:00:00,3463.0772848758484
09-22 08:00:00,2531.4197687490496
09-22 09:00:00,2322.360893355337
09-22 10:00:00,2091.6404425952096
09-22 11:00:00,1984.585179390647
09-22 12:00:00,3646.387621407213
09-22 13:00:00,2789.280033285052
09-22 14:00:00,2329.944114119906
09-22 15:00:00,2601.1832572122053
09-22 16:00:00,2808.5888245007727
09-22 17:00:00,3631.332743854427
09-22 18:00:00,4740.692859711553
09-22 19:00:00,4823.497450907734
09-22 20:00:00,3263.9181794955866
09-22 21:00:00,3274.516810967862
09-22 22:00:00,2705.066758350782
09-22 23:00:00,2700.4727776907584
09-23 00:00:00,2469.0583281572262
09-23 01:00:00,2421.498907148447
09-23 02:00:00,2402.6291374258635
09-23 03:00:00,2413.2149248173387
09-23 04:00:00,2502.3324288169847
09-23 05:00:00,2670.57418653196
09-23 06:00:00,4308.741434952784
09-23 07:00:00,3148.3959190320193
09-23 08:00:00,2110.5576192705935
09-23 09:00:00,1866.1746156350043
09-23 10:00:00,1699.6755977316288
09-23 11:00:00,1635.453760147272
09-23 12:00:00,3331.8868771833277
09-23 13:00:00,2468.1791479538615
09-23 14:00:00,2000.7522418846372
09-23 15:00:00,2261.579005062713
09-23 16:00:00,2475.081224430378
09-23 17:00:00,3346.8963285516684
09-23 18:00:00,4453.00769346108
09-23 19:00:00,4528.945404580717
09-23 20:00:00,3131.376506155319
09-23 21:00:00,3163.392797577782
09-23 22:00:00,2613.9632205623534
09-23 23:00:00,2513.3317884763173
09-24 00:00:00,2674.703340744732
09-24 01:00:00,2640.5616656743427
09-24 02:00:00,2641.284172191529
09-24 03:00:00,2669.427151831886
09-24 04:00:00,2823.5372638826834
09-24 05:00:00,3182.8109294222445
09-24 06:00:00,5170.081054928918
09-24 07:00:00,4599.532083655289
09-24 08:00:00,3716.284378053063
09-24 09:00:00,3404.499837136529
09-24 10:00:00,3202.839384600254
09-24 11:00:00,3086.459369505164
09-24 12:00:00,4721.565351117666
09-24 13:00:00,3907.4306274147816
09-24 14:00:00,3448.144718553877
09-24 15:00:00,3694.3337934644737
09-24 16:00:00,3836.014807897434
09-24 17:00:00,4201.849960091043
09-24 18:00:00,5026.314842031014
09-24 19:00:00,5301.511590334428
09-24 20:00:00,3372.6648111408354
09-24 21:00:00,3349.698160838211
09-24 22:00:00,2770.7306075736683
09-24 23:00:00,2839.268279611246
09-25 00:00:00,2705.5188643369847
09-25 01:00:00,2649.5706350874575
09-25 02:00:00,2651.4193655600816
09-25 03:00:00,2673.992077291502
09-25 04:00:00,2840.9991012602304
09-25 05:00:00,3168.5881592557575
09-25 06:00:00,5444.964125743808
09-25 07:00:00,4327.9888358034295
09-25 08:00:00,3681.222682164086
09-25 09:00:00,3392.500725412982
09-25 10:00:00,3202.059448409971
09-25 11:00:00,3088.5594896531015
09-25 12:00:00,4783.556073913643
09-25 13:00:00,3947.1847291218037
09-25 14:00:00,3525.2166653920904
09-25 15:00:00,3778.6533466168644
09-25 16:00:00,3912.1118964606985
09-25 17:00:00,4239.1329463635975
09-25 18:00:00,5179.225103879576
09-25 19:00:00,5015.804617988878
09-25 20:00:00,3574.738803661443
09-25 21:00:00,3239.673301072779
09-25 22:00:00,2799.7570902851803
09-25 23:00:00,2689.6637449112295
09-26 00:00:00,2538.704212865162
09-26 01:00:00,2503.439092270595
09-26 02:00:00,2509.809324134352
09-26 03:00:00,2544.11684186128
09-26 04:00:00,2746.7147421617574
09-26 05:00:00,3195.9669713179
09-26 06:00:00,5096.224962954218
09-26 07:00:00,4264.016049771687
09-26 08:00:00,3594.472434798654
09-26 09:00:00,3349.566240134251
09-26 10:00:00,3235.4090159930615
09-26 11:00:00,3145.5008050556685
09-26 12:00:00,4816.648764380955
09-26 13:00:00,3989.500175767854
09-26 14:00:00,3534.958087852399
09-26 15:00:00,3793.7486840637894
09-26 16:00:00,3935.4712225679345
09-26 17:00:00,4292.296151094771
09-26 18:00:00,5129.462038105478
09-26 19:00:00,5066.047436034062
09-26 20:00:00,3624.6451511434293
09-26 21:00:00,3394.5596307828378
09-26 22:00:00,2809.132294196382
09-26 23:00:00,2855.9643119700663
09-27 00:00:00,2719.5741067694485
09-27 01:00:00,2651.6922147888095
09-27 02:00:00,2629.801175852491
09-27 03:00:00,2632.8243023960154
09-27 04:00:00,2797.8540903230996
09-27 05:00:00,3257.7459295935814
09-27 06:00:00,5203.66821861637
09-27 07:00:00,4364.993918081922
09-27 08:00:00,3692.588657893838
09-27 09:00:00,3437.937831593621
09-27 10:00:00,3248.483012861904
09-27 11:00:00,3129.6536862726084
09-27 12:00:00,4823.300826262041
09-27 13:00:00,3978.7846950732865
09-27 14:00:00,3537.9532189274973
09-27 15:00:00,3757.85858263908
09-27 16:00:00,3896.1925468347504
09-27 17:00:00,4326.8323828118955
09-27 18:00:00,5116.656346184793
09-27 19:00:00,5301.0685356913755
09-27 20:00:00,3422.0749567524144
09-27 21:00:00,3339.950025795582
09-27 22:00:00,2744.441803818542
09-27 23:00:00,2785.2012404737266
09-28 00:00:00,2644.783788562934
09-28 01:00:00,2553.9470884660213
09-28 02:00:00,2546.725297895742
09-28 03:00:00,2611.2137936943204
09-28 04:00:00,2788.0304106073418
09-28 05:00:00,3270.868521379925
09-28 06:00:00,5396.199420366849
09-28 07:00:00,4344.512438647042
09-28 08:00:00,3777.369930991816
09-28 09:00:00,3581.7660067616607
09-28 10:00:00,3390.3362180098457
09-28 11:00:00,3305.8764363521354
09-28 12:00:00,4968.541202843319
09-28 13:00:00,4144.664407559141
09-28 14:00:00,3608.94000105252
09-28 15:00:00,3891.3602225697696
09-28 16:00:00,4012.6657418084683
09-28 17:00:00,4405.466186787808
09-28 18:00:00,5485.546753266285
09-28 19:00:00,5084.932912386465
09-28 20:00:00,3403.1760200749104
09-28 21:00:00,3296.3246682064655
09-28 22:00:00,2766.042410901779
09-28 23:00:00,2857.554529725927
09-29 00:00:00,2476.610373472848
09-29 01:00:00,2415.2258330968507
09-29 02:00:00,2403.2842733498514
09-29 03:00:00,2392.201561055454
09-29 04:00:00,2487.690635475195
09-29 05:00:00,2684.381303487511
09-29 06:00:00,4402.900939200116
09-29 07:00:00,3352.5214912882975
09-29 08:00:00,2425.2314821779078
09-29 09:00:00,2218.4435915559493
09-29 10:00:00,2023.777223913966
09-29 11:00:00,1896.1111771238689
09-29 12:00:00,3615.1622439980533
09-29 13:00:00,2776.654615072735
09-29 14:00:00,2279.801406895174
09-29 15:00:00,2538.5038530068505
09-29 16:00:00,2805.195552373509
09-29 17:00:00,3687.766280351355
09-29 18:00:00,4783.231372647439
09-29 19:00:00,4842.858304399559
09-29 20:00:00,3328.207610377517
09-29 21:00:00,3369.8506613741224
09-29 22:00:00,2789.0281507051027
09-29 23:00:00,2683.9101672762504
09-30 00:00:00,2455.461318756336
09-30 01:00:00,2408.287619428142
09-30 02:00:00,2394.181208943042
09-30 03:00:00,2377.334885991141
09-30 04:00:00,2453.779253523645
09-30 05:00:00,2627.1178908058946
09-30 06:00:00,4344.058385033003
09-30 07:00:00,3168.414106595007
09-30 08:00:00,2162.632575026102
09-30 09:00:00,1897.9908243893155
09-30 10:00:00,1707.2985964521479
09-30 11:00:00,1612.977087309755
09-30 12:00:00,3318.996567945903
09-30 13:00:00,2476.6258850017816
09-30 14:00:00,2017.4299519788133
09-30 15:00:00,2297.729745150478
09-30 16:00:00,2588.932383960202
09-30 17:00:00,3447.5708721978526
09-30 18:00:00,4520.123359240219
09-30 19:00:00,4660.954549488895
09-30 20:00:00,3243.9901637301646
09-30 21:00:00,3282.3229644338485
09-30 22:00:00,2732.89061098559
09-30 23:00:00,2661.8244045594865
10-01 00:00:00,2736.3454762148
10-01 01:00:00,2707.1449277919723
10-01 02:00:00,2731.160787174347
10-01 03:00:00,2742.528061498844
10-01 04:00:00,2931.209470984932
10-01 05:00:00,3458.882698524319
10-01 06:00:00,5382.387422082165
10-01 07:00:00,4697.145847597631
10-01 08:00:00,3790.1898515002963
10-01 09:00:00,3539.974575660957
10-01 10:00:00,3294.461134538794
10-01 11:00:00,3191.535750807897
10-01 12:00:00,4822.374679746321
10-01 13:00:00,4002.699161077416
10-01 14:00:00,3516.049176851644
10-01 15:00:00,3708.6497121228686
10-01 16:00:00,3818.9419279787535
10-01 17:00:00,4448.657215508869
10-01 18:00:00,5154.728971734328
10-01 19:00:00,5124.385957132131
10-01 20:00:00,3433.6629185076977
10-01 21:00:00,3445.6438143621253
10-01 22:00:00,2926.9850582675804
10-01 23:00:00,2765.783762479494
10-02 00:00:00,2657.3496893439637
10-02 01:00:00,2607.76855222197
10-02 02:00:00,2590.4573934988657
10-02 03:00:00,2582.2882076988167
10-02 04:00:00,2739.6543765713873
10-02 05:00:00,3179.4680407057035
10-02 06:00:00,5231.526490704604
10-02 07:00:00,4553.427500850158
10-02 08:00:00,3705.8803342536057
10-02 09:00:00,3472.4983696164554
10-02 10:00:00,3248.686239582253
10-02 11:00:00,3124.953753170179
10-02 12:00:00,4800.993158087868
10-02 13:00:00,3945.3481126787997
10-02 14:00:00,3476.4857166245283
10-02 15:00:00,3680.636514362436
10-02 16:00:00,3801.1250383420165
10-02 17:00:00,4337.700471832552
10-02 18:00:00,5268.096351909444
10-02 19:00:00,5131.827766571098
10-02 20:00:00,3358.469439719516
10-02 21:00:00,3332.455169241482
10-02 22:00:00,2782.954682264319
10-02 23:00:00,2667.765785668565
10-03 00:00:00,2541.60756621349
10-03 01:00:00,2475.3905436850455
10-03 02:00:00,2544.203372733623
10-03 03:00:00,2546.517299181643
10-03 04:00:00,2710.672260455869
10-03 05:00:00,3119.339396751863
10-03 06:00:00,5154.891055864488
10-03 07:00:00,4466.379137905751
10-03 08:00:00,3610.510863744681
10-03 09:00:00,3371.449680609483
10-03 10:00:00,3177.2352857476294
10-03 11:00:00,3066.91001308618
10-03 12:00:00,4792.128803979134
10-03 13:00:00,3959.5034608159117
10-03 14:00:00,3475.913826493683
10-03 15:00:00,3645.4995121665033
10-03 16:00:00,3795.934723858403
10-03 17:00:00,4247.233862367371
10-03 18:00:00,5280.897904669296
10-03 19:00:00,5062.521539046233
10-03 20:00:00,3380.781982278442
10-03 21:00:00,3348.641970166574
10-03 22:00:00,2752.4752025318176
10-03 23:00:00,2839.8798224928173
10-04 00:00:00,2723.4305229898796
10-04 01:00:00,2663.1592534575143
10-04 02:00:00,2662.8432161596675
10-04 03:00:00,2681.402090399291
10-04 04:00:00,2850.5301006152063
10-04 05:00:00,3283.135128776435
10-04 06:00:00,5314.298685327287
10-04 07:00:00,4706.18460711994
10-04 08:00:00,3876.2748297017692
10-04 09:00:00,3649.481381747174
10-04 10:00:00,3520.1686929883704
10-04 11:00:00,3403.189945190011
10-04 12:00:00,5088.573718919663
10-04 13:00:00,4219.176108824005
10-04 14:00:00,3745.3450863931153
10-04 15:00:00,3927.9831435657334
10-04 16:00:00,4026.0516704477313
10-04 17:00:00,4535.172422410091
10-04 18:00:00,5335.72403972145
10-04 19:00:00,5181.42725423943
10-04 20:00:00,3632.2797217999537
10-04 21:00:00,3466.3343150483706
10-04 22:00:00,2931.0005475138123
10-04 23:00:00,2883.662193240128
10-05 00:00:00,2735.2975834181816
10-05 01:00:00,2682.3116027102715
10-05 02:00:00,2676.125475927514
10-05 03:00:00,2684.9553658095256
10-05 04:00:00,2851.6858627729885
10-05 05:00:00,3374.129187128014
10-05 06:00:00,5317.033894227889
10-05 07:00:00,4635.7961582567905
10-05 08:00:00,3768.600255508772
10-05 09:00:00,3562.2715382469764
10-05 10:00:00,3395.3295203705325
10-05 11:00:00,3276.4846923999153
10-05 12:00:00,5012.163066097134
10-05 13:00:00,4163.746479296511
10-05 14:00:00,3695.4765448128574
10-05 15:00:00,3866.6575463172326
10-05 16:00:00,3961.406743143443
10-05 17:00:00,4440.662909231069
10-05 18:00:00,5370.7334596524415
10-05 19:00:00,5192.249576178967
10-05 20:00:00,3483.7273571742408
10-05 21:00:00,3392.5643456296584
10-05 22:00:00,2862.5836021685745
10-05 23:00:00,2884.7647225145756
10-06 00:00:00,2573.270212745617
10-06 01:00:00,2525.036674107501
10-06 02:00:00,2517.780592798475
10-06 03:00:00,2528.6719378492185
10-06 04:00:00,2632.9496355074843
10-06 05:00:00,2812.797954894969
10-06 06:00:00,4619.255681457684
10-06 07:00:00,3654.734235703367
10-06 08:00:00,2798.0861974290774
10-06 09:00:00,2570.313495636704
10-06 10:00:00,2378.9525271176594
10-06 11:00:00,2266.514211625786
10-06 12:00:00,4049.4589899095213
10-06 13:00:00,3151.552202436427
10-06 14:00:00,2819.772227904118
10-06 15:00:00,3010.77568937745
10-06 16:00:00,3192.543573942275
10-06 17:00:00,3984.9482414178715
10-06 18:00:00,4972.542874177298
10-06 19:00:00,5017.977233269027
10-06 20:00:00,3407.7120267851546
10-06 21:00:00,3459.5991915798872
10-06 22:00:00,2864.2680036132374
10-06 23:00:00,2775.229288368619
10-07 00:00:00,2550.0395146841124
10-07 01:00:00,2470.441866616624
10-07 02:00:00,2440.496254817814
10-07 03:00:00,2427.0885983159546
10-07 04:00:00,2515.088261913338
10-07 05:00:00,2707.7981604830084
10-07 06:00:00,4470.483366121188
10-07 07:00:00,3366.442649555995
10-07 08:00:00,2399.232895346801
10-07 09:00:00,2182.8672472235294
10-07 10:00:00,1992.759157996454
10-07 11:00:00,1902.4575224152397
10-07 12:00:00,3689.496845995884
10-07 13:00:00,2836.2133237430485
10-07 14:00:00,2369.3775598046304
10-07 15:00:00,2630.203637012834
10-07 16:00:00,2809.7257118444136
10-07 17:00:00,3616.0931281454086
10-07 18:00:00,4619.163037809855
10-07 19:00:00,4699.849356772178
10-07 20:00:00,3272.79922877848
10-07 21:00:00,3334.943010350011
10-07 22:00:00,2767.0270345703466
10-07 23:00:00,2674.8417606147677
10-08 00:00:00,2784.1116904748933
10-08 01:00:00,2770.5846749335237
10-08 02:00:00,2761.165868667236
10-08 03:00:00,2786.974197500123
10-08 04:00:00,2982.7492117557504
10-08 05:00:00,3382.8903695160116
10-08 06:00:00,5401.844928157396
10-08 07:00:00,4781.743102298651
10-08 08:00:00,3869.4133422853106
10-08 09:00:00,3626.945783635418
10-08 10:00:00,3439.686049897481
10-08 11:00:00,3313.574007413022
10-08 12:00:00,5012.976253895623
10-08 13:00:00,4141.330287279283
10-08 14:00:00,3614.34176570632
10-08 15:00:00,3863.4832484402896
10-08 16:00:00,3952.326788737817
10-08 17:00:00,4428.8577546674705
10-08 18:00:00,5151.644311953146
10-08 19:00:00,5085.0351670311575
10-08 20:00:00,3691.715692540301
10-08 21:00:00,3468.833935674984
10-08 22:00:00,2997.647683910222
10-08 23:00:00,2872.6067772599026
10-09 00:00:00,2782.8011027173034
10-09 01:00:00,2774.372479257226
10-09 02:00:00,2770.749667923407
10-09 03:00:00,2772.9880504125545
10-09 04:00:00,2926.9262880625083
10-09 05:00:00,3300.983807133147
10-09 06:00:00,5368.216378011667
10-09 07:00:00,4757.968321058148
10-09 08:00:00,3865.1051838682088
10-09 09:00:00,3668.536428008072
10-09 10:00:00,3545.202373854365
10-09 11:00:00,3413.0456694473914
10-09 12:00:00,5129.1653431183995
10-09 13:00:00,4294.32916059129
10-09 14:00:00,3809.4271628584797
10-09 15:00:00,3969.2553911236005
10-09 16:00:00,4076.6368052170856
10-09 17:00:00,4710.638564499935
10-09 18:00:00,5383.491214048476
10-09 19:00:00,5286.1093935470735
10-09 20:00:00,3697.8279546008157
10-09 21:00:00,3682.8932417349065
10-09 22:00:00,3055.6032486842428
10-09 23:00:00,3066.6528629687036
10-10 00:00:00,2972.4031358719812
10-10 01:00:00,2938.91776683493
10-10 02:00:00,2936.3850390959265
10-10 03:00:00,2920.866815973399
10-10 04:00:00,3069.647018498197
10-10 05:00:00,3549.3656369764244
10-10 06:00:00,5469.754605105867
10-10 07:00:00,4876.316962209994
10-10 08:00:00,4013.6106734103473
10-10 09:00:00,3772.8300659557535
10-10 10:00:00,3595.9332817857226
10-10 11:00:00,3436.111518033045
10-10 12:00:00,5169.37186504273
10-10 13:00:00,4253.613654333631
10-10 14:00:00,3852.826995639461
10-10 15:00:00,4093.5585891042606
10-10 16:00:00,4270.885439635877
10-10 17:00:00,4799.5033178596195
10-10 18:00:00,5573.340253799211
10-10 19:00:00,5676.216833733098
10-10 20:00:00,3830.489695459976
10-10 21:00:00,3815.391420263699
10-10 22:00:00,3267.844343547481
10-10 23:00:00,3238.439133653484
10-11 00:00:00,3120.556861329492
10-11 01:00:00,3092.6195472186278
10-11 02:00:00,3098.2267826854854
10-11 03:00:00,3128.2331975876673
10-11 04:00:00,3292.0025391321224
10-11 05:00:00,3744.530198300846
10-11 06:00:00,5858.797108673099
10-11 07:00:00,4940.21425226219
10-11 08:00:00,4139.867643293093
10-11 09:00:00,3844.97678088603
10-11 10:00:00,3641.0821254769785
10-11 11:00:00,3467.8971502693753
10-11 12:00:00,5162.69955273364
10-11 13:00:00,4310.505783795446
10-11 14:00:00,3805.395276432571
10-11 15:00:00,4038.510195259417
10-11 16:00:00,4143.496052629011
10-11 17:00:00,4841.807810458542
10-11 18:00:00,5423.509833993443
10-11 19:00:00,5355.2197911603525
10-11 20:00:00,3740.2281786423114
10-11 21:00:00,3716.4646439824687
10-11 22:00:00,3094.732678383885
10-11 23:00:00,3119.8082810690585
10-12 00:00:00,2997.8914003921677
10-12 01:00:00,2956.488036959834
10-12 02:00:00,2976.933177444681
10-12 03:00:00,3000.2756453808934
10-12 04:00:00,3165.6822132716366
10-12 05:00:00,3553.583230432244
10-12 06:00:00,5694.057534752137
10-12 07:00:00,4794.697530243753
10-12 08:00:00,4038.8136730461406
10-12 09:00:00,3835.5914372859233
10-12 10:00:00,3617.7377550452343
10-12 11:00:00,3489.567091296069
10-12 12:00:00,5187.703770548926
10-12 13:00:00,4334.183248563617
10-12 14:00:00,3836.9692837624425
10-12 15:00:00,3980.7139261421626
10-12 16:00:00,4081.42244084627
10-12 17:00:00,4552.452326300922
10-12 18:00:00,5429.359838363521
10-12 19:00:00,5415.65973923232
10-12 20:00:00,3610.4148690118354
10-12 21:00:00,3593.060180840178
10-12 22:00:00,3057.621715045919
10-12 23:00:00,3043.457031455235
10-13 00:00:00,2744.330772044972
10-13 01:00:00,2681.184692010288
10-13 02:00:00,2666.4822361102506
10-13 03:00:00,2674.90622266007
10-13 04:00:00,2776.8682089482804
10-13 05:00:00,2990.247905893951
10-13 06:00:00,4727.218022426065
10-13 07:00:00,3800.582769087944
10-13 08:00:00,2893.407406935243
10-13 09:00:00,2670.1741897330035
10-13 10:00:00,2465.6538067483534
10-13 11:00:00,2361.9670365882694
10-13 12:00:00,4054.5310471156204
10-13 13:00:00,3187.294342030563
10-13 14:00:00,2739.467517355248
10-13 15:00:00,2996.4551957259105
10-13 16:00:00,3204.1825724615032
10-13 17:00:00,4017.474986525121
10-13 18:00:00,5070.016259328693
10-13 19:00:00,5100.8533979185395
10-13 20:00:00,3592.8759797063763
10-13 21:00:00,3668.5991336496713
10-13 22:00:00,3109.840747979588
10-13 23:00:00,3002.301364633753
10-14 00:00:00,2756.3479149675595
10-14 01:00:00,2740.427119202219
10-14 02:00:00,2730.1859880079246
10-14 03:00:00,2728.244081031126
10-14 04:00:00,2821.801623964487
10-14 05:00:00,3026.1795542270474
10-14 06:00:00,4803.807457158278
10-14 07:00:00,3697.265771485866
10-14 08:00:00,2652.657051309374
10-14 09:00:00,2377.0089032209225
10-14 10:00:00,2111.3598268023484
10-14 11:00:00,1953.3429448911363
10-14 12:00:00,3660.1660827737082
10-14 13:00:00,2812.3721770961088
10-14 14:00:00,2362.5377041246174
10-14 15:00:00,2622.38020806055
10-14 16:00:00,2827.294695085911
10-14 17:00:00,3653.062348545802
10-14 18:00:00,4723.768608145888
10-14 19:00:00,4866.150699637337
10-14 20:00:00,3456.5752554558003
10-14 21:00:00,3490.235158160491
10-14 22:00:00,2930.5884157589066
10-14 23:00:00,2816.816384744612
10-15 00:00:00,2940.0993459326896
10-15 01:00:00,2900.82539647517
10-15 02:00:00,2933.232680100749
10-15 03:00:00,2988.3622171816282
10-15 04:00:00,3142.5498481244726
10-15 05:00:00,3660.6118113628304
10-15 06:00:00,5725.173030864859
10-15 07:00:00,4897.4187466279445
10-15 08:00:00,4043.9609138590713
10-15 09:00:00,3724.306671833799
10-15 10:00:00,3498.7443709386744
10-15 11:00:00,3318.7050668867078
10-15 12:00:00,4999.093408769324
10-15 13:00:00,4151.081959824839
10-15 14:00:00,3639.9120260464742
10-15 15:00:00,3898.5097542018066
10-15 16:00:00,4092.7500040133596
10-15 17:00:00,4739.3552556399445
10-15 18:00:00,5375.151061753587
10-15 19:00:00,5301.445794371522
10-15 20:00:00,3679.9225542707354
10-15 21:00:00,3541.8213429016637
10-15 22:00:00,3024.6906003646677
10-15 23:00:00,3014.1268209835243
10-16 00:00:00,2901.4545748888672
10-16 01:00:00,2874.2132704241376
10-16 02:00:00,2898.1380904312114
10-16 03:00:00,2926.6177388072592
10-16 04:00:00,3117.161689000298
10-16 05:00:00,3610.9275065836073
10-16 06:00:00,5763.658809072102
10-16 07:00:00,4787.244257452752
10-16 08:00:00,4045.416781521897
10-16 09:00:00,3803.094375931269
10-16 10:00:00,3569.73281807179
10-16 11:00:00,3423.818693724568
10-16 12:00:00,5113.954952964209
10-16 13:00:00,4263.680725265247
10-16 14:00:00,3736.942698923683
10-16 15:00:00,3997.844936116553
10-16 16:00:00,4159.442087777404
10-16 17:00:00,4651.8456617388565
10-16 18:00:00,5560.011250922521
10-16 19:00:00,5314.957524337759
10-16 20:00:00,3725.59968107282
10-16 21:00:00,3652.575224372879
10-16 22:00:00,3069.041709737904
10-16 23:00:00,3054.1723545383525
10-17 00:00:00,2937.429293734306
10-17 01:00:00,2913.457590299079
10-17 02:00:00,2926.979834592958
10-17 03:00:00,2956.5215000704443
10-17 04:00:00,3118.5780617191463
10-17 05:00:00,3567.3802352826847
10-17 06:00:00,5593.444145427509
10-17 07:00:00,4921.189936546138
10-17 08:00:00,4107.316996506271
10-17 09:00:00,3788.5567080641304
10-17 10:00:00,3557.971274300297
10-17 11:00:00,3414.2878423553216
10-17 12:00:00,5099.073750826461
10-17 13:00:00,4186.537146355915
10-17 14:00:00,3718.135565134161
10-17 15:00:00,3950.1007533519364
10-17 16:00:00,4058.357315919861
10-17 17:00:00,4575.0147539326035
10-17 18:00:00,5429.036569417054
10-17 19:00:00,5327.581562577781
10-17 20:00:00,3864.880446151947
10-17 21:00:00,3752.7803437937996
10-17 22:00:00,3142.9312786963555
10-17 23:00:00,3087.6534806651634
10-18 00:00:00,2939.9892000995737
10-18 01:00:00,2886.7900670199206
10-18 02:00:00,2891.0928295359963
10-18 03:00:00,2911.9191724896978
10-18 04:00:00,3081.3014337174973
10-18 05:00:00,3430.801283445951
10-18 06:00:00,5632.358285762858
10-18 07:00:00,4755.657041800555
10-18 08:00:00,3992.681170978707
10-18 09:00:00,3692.407264659054
10-18 10:00:00,3448.31339376219
10-18 11:00:00,3249.665662718706
10-18 12:00:00,4939.855299106421
10-18 13:00:00,4084.242143512536
10-18 14:00:00,3633.746551616297
10-18 15:00:00,3855.585521885902
10-18 16:00:00,3994.614387906261
10-18 17:00:00,4509.658237046024
10-18 18:00:00,5507.405099943505
10-18 19:00:00,5261.732630305194
10-18 20:00:00,3669.1182492358807
10-18 21:00:00,3516.395446857788
10-18 22:00:00,2986.4652305782915
10-18 23:00:00,2976.873555711171
10-19 00:00:00,2887.356819565681
10-19 01:00:00,2839.7070082719433
10-19 02:00:00,2827.695453618952
10-19 03:00:00,2832.773664218252
10-19 04:00:00,2979.0922391116064
10-19 05:00:00,3385.4375950472154
10-19 06:00:00,5549.191505559801
10-19 07:00:00,4618.221396152618
10-19 08:00:00,3899.9669747580624
10-19 09:00:00,3685.953261474952
10-19 10:00:00,3438.9793935491766
10-19 11:00:00,3312.3647831293433
10-19 12:00:00,4962.048763029891
10-19 13:00:00,4083.5076617954655
10-19 14:00:00,3600.6543783833254
10-19 15:00:00,3750.3574055604977
10-19 16:00:00,3886.4152495872568
10-19 17:00:00,4371.648932570753
10-19 18:00:00,5191.867804490887
10-19 19:00:00,5182.606100222618
10-19 20:00:00,3562.5003124470213
10-19 21:00:00,3527.1850242371474
10-19 22:00:00,2917.749222564861
10-19 23:00:00,2914.7244942146426
10-20 00:00:00,2601.0247815020725
10-20 01:00:00,2578.9131321215764
10-20 02:00:00,2559.4199834756387
10-20 03:00:00,2570.322706569694
10-20 04:00:00,2689.9335467102583
10-20 05:00:00,2929.365280154129
10-20 06:00:00,4663.430726643461
10-20 07:00:00,3686.073124264996
10-20 08:00:00,2712.120047620924
10-20 09:00:00,2450.8364394810064
10-20 10:00:00,2171.6884779028596
10-20 11:00:00,2030.1494780430032
10-20 12:00:00,3773.6637841388747
10-20 13:00:00,2904.3624202909373
10-20 14:00:00,2443.4911114855217
10-20 15:00:00,2707.013960728238
10-20 16:00:00,2913.0805265401873
10-20 17:00:00,3747.8176932539527
10-20 18:00:00,4785.651102683744
10-20 19:00:00,4800.1782395759465
10-20 20:00:00,3265.2969525105727
10-20 21:00:00,3266.8180984577043
10-20 22:00:00,2699.1963271208547
10-20 23:00:00,2585.923649976629
10-21 00:00:00,2311.3181312134243
10-21 01:00:00,2190.9440660143828
10-21 02:00:00,2183.037301632314
10-21 03:00:00,2146.7041609454627
10-21 04:00:00,2238.8016949050725
10-21 05:00:00,2460.418258080075
10-21 06:00:00,4242.256786073778
10-21 07:00:00,3218.0028439484217
10-21 08:00:00,2265.4025519125107
10-21 09:00:00,2078.4903602919107
10-21 10:00:00,1928.8666781861245
10-21 11:00:00,1843.999199655933
10-21 12:00:00,3555.91738514869
10-21 13:00:00,2713.5464771756156
10-21 14:00:00,2246.392526420634
10-21 15:00:00,2489.2687863224537
10-21 16:00:00,2752.16912836152
10-21 17:00:00,3596.8464760504603
10-21 18:00:00,4634.006639315423
10-21 19:00:00,4748.439755675418
10-21 20:00:00,3302.8261514532674
10-21 21:00:00,3296.725563415695
10-21 22:00:00,2717.185521920874
10-21 23:00:00,2656.673139765427
10-22 00:00:00,2726.3749356741932
10-22 01:00:00,2705.252132513321
10-22 02:00:00,2714.5782873514245
10-22 03:00:00,2723.5904703943293
10-22 04:00:00,2847.4307508567854
10-22 05:00:00,3237.7182368158083
10-22 06:00:00,5392.830816751028
10-22 07:00:00,4540.54428562546
10-22 08:00:00,3900.3566292104947
10-22 09:00:00,3714.1358540560486
10-22 10:00:00,3617.9048570996133
10-22 11:00:00,3566.714645219748
10-22 12:00:00,5296.818484835434
10-22 13:00:00,4465.525430860498
10-22 14:00:00,4002.8673477941834
10-22 15:00:00,4205.727789561331
10-22 16:00:00,4292.047426484205
10-22 17:00:00,4797.336251123212
10-22 18:00:00,5629.84045957453
10-22 19:00:00,5623.7188790297805
10-22 20:00:00,3837.3592750938847
10-22 21:00:00,3878.3732469086513
10-22 22:00:00,3271.724165200223
10-22 23:00:00,3127.7366947097635
10-23 00:00:00,3028.2261320684734
10-23 01:00:00,2961.374899238254
10-23 02:00:00,2972.494420310964
10-23 03:00:00,2977.3259605875332
10-23 04:00:00,3159.258782954907
10-23 05:00:00,3515.2274199682684
10-23 06:00:00,5526.259406106813
10-23 07:00:00,5034.026245018282
10-23 08:00:00,4143.743918050065
10-23 09:00:00,3892.1170574843018
10-23 10:00:00,3658.7468702418264
10-23 11:00:00,3556.468055960905
10-23 12:00:00,5218.166162408486
10-23 13:00:00,4341.637463722917
10-23 14:00:00,3906.0739306394403
10-23 15:00:00,4121.295407863491
10-23 16:00:00,4282.02619883812
10-23 17:00:00,4816.693561481581
10-23 18:00:00,5630.283786470854
10-23 19:00:00,5522.5979182077435
10-23 20:00:00,4046.279677394538
10-23 21:00:00,3798.646003800987
10-23 22:00:00,3233.024120515314
10-23 23:00:00,3243.0190289319476
10-24 00:00:00,3163.737722320425
10-24 01:00:00,3112.4702016060837
10-24 02:00:00,3094.315427932762
10-24 03:00:00,3092.9075462613773
10-24 04:00:00,3211.8946358824223
10-24 05:00:00,3619.034002272975
10-24 06:00:00,5713.144089535813
10-24 07:00:00,5030.947310816118
10-24 08:00:00,4248.974391700136
10-24 09:00:00,3914.5342791713565
10-24 10:00:00,3712.5218078963553
10-24 11:00:00,3568.4383536769383
10-24 12:00:00,5179.505293202479
10-24 13:00:00,4287.680223879633
10-24 14:00:00,3779.0089175543903
10-24 15:00:00,4077.7485569761884
10-24 16:00:00,4245.564476005436
10-24 17:00:00,4919.760578082427
10-24 18:00:00,5593.847094268425
10-24 19:00:00,5503.2327500363135
10-24 20:00:00,3856.7533629386103
10-24 21:00:00,3964.7715437770826
10-24 22:00:00,3329.2312116285543
10-24 23:00:00,3168.2584580139496
10-25 00:00:00,3035.568190237654
10-25 01:00:00,2955.9993317628087
10-25 02:00:00,2938.811564049451
10-25 03:00:00,2952.1686889255966
10-25 04:00:00,3057.8628872046756
10-25 05:00:00,3388.682820360349
10-25 06:00:00,5461.259243125237
10-25 07:00:00,4915.598952025494
10-25 08:00:00,4112.369218422725
10-25 09:00:00,3827.94018819902
10-25 10:00:00,3585.1163697779148
10-25 11:00:00,3491.786087793302
10-25 12:00:00,5179.4854871809885
10-25 13:00:00,4262.268090404798
10-25 14:00:00,3749.904093762681
10-25 15:00:00,4004.381889959038
10-25 16:00:00,4129.565335302387
10-25 17:00:00,4642.827108856779
10-25 18:00:00,5540.839237663078
10-25 19:00:00,5570.280982642415
10-25 20:00:00,3812.4958058493185
10-25 21:00:00,3749.1822649338737
10-25 22:00:00,3222.5345441089808
10-25 23:00:00,3139.3602043368232
10-26 00:00:00,3053.538147401399
10-26 01:00:00,2974.5385832336337
10-26 02:00:00,2927.448293876292
10-26 03:00:00,2885.88862148759
10-26 04:00:00,2985.496578598386
10-26 05:00:00,3346.6160886941825
10-26 06:00:00,5369.442176995344
10-26 07:00:00,4865.531599954877
10-26 08:00:00,4038.6375147842687
10-26 09:00:00,3808.9166606827575
10-26 10:00:00,3611.0223536040558
10-26 11:00:00,3496.094273306964
10-26 12:00:00,5150.520274106336
10-26 13:00:00,4219.070889127285
10-26 14:00:00,3703.675627813809
10-26 15:00:00,3902.5474054735623
10-26 16:00:00,4085.3631347268097
10-26 17:00:00,4584.627767369306
10-26 18:00:00,5438.4894083800245
10-26 19:00:00,5484.367431014412
10-26 20:00:00,3738.3040402723977
10-26 21:00:00,3712.8441824172933
10-26 22:00:00,3131.829527391721
10-26 23:00:00,3117.7501086546417
10-27 00:00:00,2881.966545818775
10-27 01:00:00,2766.782267325159
10-27 02:00:00,2729.5274136048592
10-27 03:00:00,2753.0492830136254
10-27 04:00:00,2801.778680956873
10-27 05:00:00,2939.8933547622296
10-27 06:00:00,4854.1154522111865
10-27 07:00:00,3875.629585569832
10-27 08:00:00,2941.0928594465754
10-27 09:00:00,2716.727738638121
10-27 10:00:00,2507.1241094694915
10-27 11:00:00,2354.6730734423363
10-27 12:00:00,4075.6506817185627
10-27 13:00:00,3242.3110516852475
10-27 14:00:00,2744.17032591769
10-27 15:00:00,3020.735282812281
10-27 16:00:00,3235.9969407935514
10-27 17:00:00,4043.7626291564097
10-27 18:00:00,5013.0012559942
10-27 19:00:00,5123.248586139556
10-27 20:00:00,3589.5991431236444
10-27 21:00:00,3621.2075277435297
10-27 22:00:00,3046.1434165310125
10-27 23:00:00,2944.4462547695284
10-28 00:00:00,2724.916892897478
10-28 01:00:00,2641.3852309702997
10-28 02:00:00,2641.5515741022696
10-28 03:00:00,2658.8751869367375
10-28 04:00:00,2655.942116377626
10-28 05:00:00,2912.54575579004
10-28 06:00:00,4737.464345198263
10-28 07:00:00,3646.270302924919
10-28 08:00:00,2646.320084470715
10-28 09:00:00,2363.347922762379
10-28 10:00:00,2199.1494844062568
10-28 11:00:00,2056.9011591025096
10-28 12:00:00,3726.845309772053
10-28 13:00:00,2837.8837259090437
10-28 14:00:00,2405.9826052702047
10-28 15:00:00,2650.7762875474305
10-28 16:00:00,2851.755851929448
10-28 17:00:00,3708.5756202047055
10-28 18:00:00,4767.288055401574
10-28 19:00:00,4878.897262591946
10-28 20:00:00,3498.9554077307207
10-28 21:00:00,3492.0239518917997
10-28 22:00:00,2920.814136746422
10-28 23:00:00,2799.5867317239886
10-29 00:00:00,3046.855958079239
10-29 01:00:00,2946.361899674625
10-29 02:00:00,2921.2321506974235
10-29 03:00:00,2961.874957910424
10-29 04:00:00,2949.4603176951305
10-29 05:00:00,3180.729305298815
10-29 06:00:00,5300.702698736342
10-29 07:00:00,4852.651282413343
10-29 08:00:00,4060.4906805213755
10-29 09:00:00,3775.3889245727537
10-29 10:00:00,3666.930121678028
10-29 11:00:00,3579.787877212794
10-29 12:00:00,5306.1341980774205
10-29 13:00:00,4459.379366481285
10-29 14:00:00,3955.2568201906456
10-29 15:00:00,4114.238148847748
10-29 16:00:00,4295.112121977346
10-29 17:00:00,4867.711090637231
10-29 18:00:00,5676.964702780879
10-29 19:00:00,5603.0361363060065
10-29 20:00:00,4104.788633358251
10-29 21:00:00,3926.7368616717276
10-29 22:00:00,3265.034747968768
10-29 23:00:00,3196.2301304551243
10-30 00:00:00,3175.471957192888
10-30 01:00:00,3057.529799319749
10-30 02:00:00,2994.7832638787436
10-30 03:00:00,3006.660948330665
10-30 04:00:00,3031.319050269856
10-30 05:00:00,3104.6319698768743
10-30 06:00:00,5315.070964336408
10-30 07:00:00,4856.337616379452
10-30 08:00:00,4072.1828347125634
10-30 09:00:00,3829.2702587311946
10-30 10:00:00,3721.644804050637
10-30 11:00:00,3646.016915481839
10-30 12:00:00,5356.0836335938075
10-30 13:00:00,4477.835747296483
10-30 14:00:00,3960.9233428229445
10-30 15:00:00,4135.243970359629
10-30 16:00:00,4331.824248855896
10-30 17:00:00,4855.469390093558
10-30 18:00:00,5579.594543629234
10-30 19:00:00,5547.417953478142
10-30 20:00:00,4023.443898414644
10-30 21:00:00,3798.3415526737313
10-30 22:00:00,3121.291675617166
10-30 23:00:00,3000.4157976312517
10-31 00:00:00,2943.6503525294
10-31 01:00:00,2799.925807134457
10-31 02:00:00,2736.070898572983
10-31 03:00:00,2738.0235485211633
10-31 04:00:00,2779.2346764841877
10-31 05:00:00,3077.5830245335246
10-31 06:00:00,5286.523243585404
10-31 07:00:00,4564.819844173321
10-31 08:00:00,3878.867776072806
10-31 09:00:00,3665.226169110739
10-31 10:00:00,3485.757659670405
10-31 11:00:00,3314.789945408602
10-31 12:00:00,5007.309088375122
10-31 13:00:00,4120.38630402016
10-31 14:00:00,3640.520973878112
10-31 15:00:00,3900.478051343638
10-31 16:00:00,4126.101182131091
10-31 17:00:00,4840.639838635984
10-31 18:00:00,5559.067945308892
10-31 19:00:00,5402.306057524383
10-31 20:00:00,3818.1096128501504
10-31 21:00:00,3688.8584068965583
10-31 22:00:00,3090.604696965695
10-31 23:00:00,3045.352316095682
11-01 00:00:00,2981.926247391668
11-01 01:00:00,2826.8209107550088
11-01 02:00:00,2800.406737193987
11-01 03:00:00,2764.973714323949
11-01 04:00:00,2749.8440088192465
11-01 05:00:00,3024.6137991577557
11-01 06:00:00,5212.056460825571
11-01 07:00:00,4896.443465098158
11-01 08:00:00,4334.025014933403
11-01 09:00:00,4255.193438851129
11-01 10:00:00,4202.752894807936
11-01 11:00:00,4106.336348272841
11-01 12:00:00,5763.224306149282
11-01 13:00:00,4921.605287050305
11-01 14:00:00,4457.002279558192
11-01 15:00:00,4645.416412394726
11-01 16:00:00,4784.561983020161
11-01 17:00:00,5233.803970299037
11-01 18:00:00,5818.625467581378
11-01 19:00:00,5666.005845239098
11-01 20:00:00,4071.1597737343573
11-01 21:00:00,3873.8968414046703
11-01 22:00:00,3412.514773913687
11-01 23:00:00,3281.801852940977
11-02 00:00:00,3224.0097944653185
11-02 01:00:00,3086.7147753424706
11-02 02:00:00,2994.216841356715
11-02 03:00:00,2987.184616773908
11-02 04:00:00,2984.846773347441
11-02 05:00:00,3274.4777866983313
11-02 06:00:00,5524.175846228727
11-02 07:00:00,4829.008919953845
11-02 08:00:00,4487.629130478466
11-02 09:00:00,4357.185284794217
11-02 10:00:00,4241.919349985658
11-02 11:00:00,4118.324846296131
11-02 12:00:00,5733.064541420381
11-02 13:00:00,4890.152392154737
11-02 14:00:00,4467.151320120814
11-02 15:00:00,4622.937664367706
11-02 16:00:00,4721.620697172112
11-02 17:00:00,4988.7007893600685
11-02 18:00:00,5888.18735769238
11-02 19:00:00,5698.4534455951225
11-02 20:00:00,4299.126680752514
11-02 21:00:00,3984.7159470566858
11-02 22:00:00,3546.1318564040616
11-02 23:00:00,3342.095176581506
11-03 00:00:00,3130.3883910973527
11-03 01:00:00,2978.392010019957
11-03 02:00:00,2899.681858458641
11-03 03:00:00,2864.734439414201
11-03 04:00:00,2871.409684035795
11-03 05:00:00,3101.512127480926
11-03 06:00:00,5025.643465238752
11-03 07:00:00,4117.724037542949
11-03 08:00:00,3288.9830005052772
11-03 09:00:00,3115.971829216547
11-03 10:00:00,3031.7676085503344
11-03 11:00:00,2916.6390476757115
11-03 12:00:00,4599.161399607628
11-03 13:00:00,3747.461081924061
11-03 14:00:00,3263.598022054602
11-03 15:00:00,3437.2108186825417
11-03 16:00:00,3547.685310704174
11-03 17:00:00,4196.075884274583
11-03 18:00:00,5226.001007306297
11-03 19:00:00,5255.160889623041
11-03 20:00:00,3720.5179745369223
11-03 21:00:00,3715.910767803083
11-03 22:00:00,3096.4837736334794
11-03 23:00:00,3006.3166369359506
11-04 00:00:00,2906.3850685600805
11-04 01:00:00,2746.117434975986
11-04 02:00:00,2681.5068246695696
11-04 03:00:00,2654.40281067534
11-04 04:00:00,2646.372915026584
11-04 05:00:00,2850.58300332858
11-04 06:00:00,4692.2732930877955
11-04 07:00:00,3701.6969584691133
11-04 08:00:00,2884.6578298312825
11-04 09:00:00,2726.752092317336
11-04 10:00:00,2710.0420426241435
11-04 11:00:00,2578.0962357474195
11-04 12:00:00,4230.331893316764
11-04 13:00:00,3366.96079361071
11-04 14:00:00,3020.537452883196
11-04 15:00:00,3166.464264902019
11-04 16:00:00,3306.7502009401032
11-04 17:00:00,4004.897742883737
11-04 18:00:00,5024.384735547493
11-04 19:00:00,5068.130594818857
11-04 20:00:00,3642.8176416162078
11-04 21:00:00,3630.800284823753
11-04 22:00:00,3113.02621048554
11-04 23:00:00,2951.678929967683
11-05 00:00:00,3179.604074284893
11-05 01:00:00,3058.165517115674
11-05 02:00:00,3022.5091390283264
11-05 03:00:00,3043.1653758771818
11-05 04:00:00,3059.539826678998
11-05 05:00:00,3219.4350653791
11-05 06:00:00,5681.0524396242645
11-05 07:00:00,4936.55309877735
11-05 08:00:00,4564.260476849266
11-05 09:00:00,4405.8136011586
11-05 10:00:00,4290.237101943012
11-05 11:00:00,4150.554856010931
11-05 12:00:00,5807.727197423366
11-05 13:00:00,4930.98914641097
11-05 14:00:00,4466.872095152758
11-05 15:00:00,4645.950492904853
11-05 16:00:00,4830.727334526759
11-05 17:00:00,5345.280894151122
11-05 18:00:00,5846.405814186259
11-05 19:00:00,5853.608291053717
11-05 20:00:00,4161.132786150314
11-05 21:00:00,4077.938696461097
11-05 22:00:00,3478.0909297093094
11-05 23:00:00,3423.3062907769295
11-06 00:00:00,3401.5878794801197
11-06 01:00:00,3271.898684583739
11-06 02:00:00,3263.0310671795596
11-06 03:00:00,3247.3358190136964
11-06 04:00:00,3281.239515840533
11-06 05:00:00,3496.8895943043813
11-06 06:00:00,5719.271475884041
11-06 07:00:00,5205.804464277389
11-06 08:00:00,4792.779560948405
11-06 09:00:00,4595.348472132832
11-06 10:00:00,4441.468877490005
11-06 11:00:00,4286.207937123943
11-06 12:00:00,5887.462124619012
11-06 13:00:00,5027.600826723226
11-06 14:00:00,4549.8753779032495
11-06 15:00:00,4779.755007321835
11-06 16:00:00,4948.451969147672
11-06 17:00:00,5502.69244735495
11-06 18:00:00,5986.617792589511
11-06 19:00:00,5985.9737487197035
11-06 20:00:00,4317.600283524975
11-06 21:00:00,4415.127174162517
11-06 22:00:00,3717.1953877259875
11-06 23:00:00,3525.302385954268
11-07 00:00:00,3484.144032556459
11-07 01:00:00,3362.7007666770614
11-07 02:00:00,3347.017813777794
11-07 03:00:00,3377.0867095032927
11-07 04:00:00,3385.560676142772
11-07 05:00:00,3452.6165974956443
11-07 06:00:00,5710.669921248676
11-07 07:00:00,5545.409154879776
11-07 08:00:00,4817.713660339185
11-07 09:00:00,4647.113170924671
11-07 10:00:00,4442.755150462001
11-07 11:00:00,4316.916884369387
11-07 12:00:00,5895.341923256285
11-07 13:00:00,4967.638572955722
11-07 14:00:00,4491.387667706417
11-07 15:00:00,4658.312981122624
11-07 16:00:00,4904.89271652176
11-07 17:00:00,5091.427148349165
11-07 18:00:00,5979.946111782384
11-07 19:00:00,6008.518318209563
11-07 20:00:00,4088.5524483295676
11-07 21:00:00,4182.868039922959
11-07 22:00:00,3464.3647302810596
11-07 23:00:00,3324.6071651913494
11-08 00:00:00,3279.3412643181714
11-08 01:00:00,3153.087580514478
11-08 02:00:00,3114.215264323458
11-08 03:00:00,3142.528802244083
11-08 04:00:00,3161.9303456750335
11-08 05:00:00,3394.2844274179843
11-08 06:00:00,5592.2997787807435
11-08 07:00:00,5230.0045425460685
11-08 08:00:00,4655.017590525258
11-08 09:00:00,4546.9060714971465
11-08 10:00:00,4413.243966685092
11-08 11:00:00,4271.952197962961
11-08 12:00:00,5877.987636144066
11-08 13:00:00,4999.008716752272
11-08 14:00:00,4504.345773740147
11-08 15:00:00,4636.291421613028
11-08 16:00:00,4809.741134925299
11-08 17:00:00,5038.732578303906
11-08 18:00:00,5843.739503262432
11-08 19:00:00,5666.581142533534
11-08 20:00:00,4389.651861522555
11-08 21:00:00,4031.5048783465354
11-08 22:00:00,3360.6404090448996
11-08 23:00:00,3347.362098315253
11-09 00:00:00,3341.9993891911463
11-09 01:00:00,3246.511480834746
11-09 02:00:00,3195.2925760059834
11-09 03:00:00,3189.179003339206
11-09 04:00:00,3206.48593668719
11-09 05:00:00,3492.091493165099
11-09 06:00:00,5786.524778491968
11-09 07:00:00,5127.0116371594895
11-09 08:00:00,4780.5756162041225
11-09 09:00:00,4552.115318114412
11-09 10:00:00,4428.591486582674
11-09 11:00:00,4265.076427933832
11-09 12:00:00,5877.245751534159
11-09 13:00:00,4982.999680877375
11-09 14:00:00,4519.12492041189
11-09 15:00:00,4676.144339410577
11-09 16:00:00,4827.124023279388
11-09 17:00:00,5057.248862202897
11-09 18:00:00,5812.556996063639
11-09 19:00:00,6059.667482797229
11-09 20:00:00,4229.8318393112295
11-09 21:00:00,3958.9817189967785
11-09 22:00:00,3325.7850708213186
11-09 23:00:00,3376.6164940689496
11-10 00:00:00,3207.363703311771
11-10 01:00:00,3034.4219610078617
11-10 02:00:00,2959.8553682147576
11-10 03:00:00,2949.983501221655
11-10 04:00:00,2965.2710886972263
11-10 05:00:00,3144.615432786844
11-10 06:00:00,5062.0743864549095
11-10 07:00:00,4159.625191444949
11-10 08:00:00,3332.651613517405
11-10 09:00:00,3191.316289596371
11-10 10:00:00,3073.8873284431675
11-10 11:00:00,2954.784716708499
11-10 12:00:00,4623.025189069137
11-10 13:00:00,3773.9276393727528
11-10 14:00:00,3247.794108153108
11-10 15:00:00,3439.4353433298334
11-10 16:00:00,3615.4243260020858
11-10 17:00:00,4314.542192527767
11-10 18:00:00,5340.256466898212
11-10 19:00:00,5327.779271161215
11-10 20:00:00,3804.436862930414
11-10 21:00:00,3849.2688783666686
11-10 22:00:00,3196.901440340559
11-10 23:00:00,3077.210092434641
11-11 00:00:00,2939.6253798885596
11-11 01:00:00,2794.1152130217306
11-11 02:00:00,2726.5583433890483
11-11 03:00:00,2704.210955270234
11-11 04:00:00,2704.8133575921293
11-11 05:00:00,2904.8912742153543
11-11 06:00:00,4798.303220759199
11-11 07:00:00,3817.483272280437
11-11 08:00:00,2980.96973640991
11-11 09:00:00,2802.5445401540765
11-11 10:00:00,2726.6117102509197
11-11 11:00:00,2592.236214268232
11-11 12:00:00,4279.575662808753
11-11 13:00:00,3428.345476861095
11-11 14:00:00,2936.380111507011
11-11 15:00:00,3097.608166891203
11-11 16:00:00,3296.5803693893995
11-11 17:00:00,3989.816006240175
11-11 18:00:00,5020.449121407842
11-11 19:00:00,5073.639373614876
11-11 20:00:00,3621.9028551073293
11-11 21:00:00,3641.9862351673987
11-11 22:00:00,3107.277840992821
11-11 23:00:00,2935.428506793341
11-12 00:00:00,3194.2247421493357
11-12 01:00:00,3076.652585749712
11-12 02:00:00,3028.12819426237
11-12 03:00:00,3045.8972721966825
11-12 04:00:00,3084.392379942462
11-12 05:00:00,3356.1178437150456
11-12 06:00:00,5751.769175801405
11-12 07:00:00,4997.048616548399
11-12 08:00:00,4598.420031668989
11-12 09:00:00,4489.194878707037
11-12 10:00:00,4392.308231655466
11-12 11:00:00,4303.679108076327
11-12 12:00:00,5961.878945643762
11-12 13:00:00,5117.307020412223
11-12 14:00:00,4576.41524604218
11-12 15:00:00,4772.373974354175
11-12 16:00:00,4903.003990072666
11-12 17:00:00,5453.6077107686415
11-12 18:00:00,5970.2162646735205
11-12 19:00:00,5787.844762248404
11-12 20:00:00,4170.240568391422
11-12 21:00:00,4122.296500534608
11-12 22:00:00,3574.1157919350335
11-12 23:00:00,3387.562996490994
11-13 00:00:00,3323.9219247327633
11-13 01:00:00,3191.8488217034896
11-13 02:00:00,3153.2897447311334
11-13 03:00:00,3147.580018857312
11-13 04:00:00,3170.144280569164
11-13 05:00:00,3271.7588678991483
11-13 06:00:00,5622.60943503532
11-13 07:00:00,5222.277357665002
11-13 08:00:00,4689.814783606352
11-13 09:00:00,4516.686043389798
11-13 10:00:00,4409.450587497784
11-13 11:00:00,4324.148943130632
11-13 12:00:00,5986.653434777902
11-13 13:00:00,5123.362181934573
11-13 14:00:00,4615.784635352939
11-13 15:00:00,4740.788282700292
11-13 16:00:00,4896.213155715084
11-13 17:00:00,5141.579497549162
11-13 18:00:00,5807.573067956907
11-13 19:00:00,5950.609903333523
11-13 20:00:00,4032.799372499848
11-13 21:00:00,3864.7938481313963
11-13 22:00:00,3283.8459549464387
11-13 23:00:00,3216.487903137578
11-14 00:00:00,3159.432528545258
11-14 01:00:00,3034.95360564307
11-14 02:00:00,2988.413989644793
11-14 03:00:00,2986.5647819311334
11-14 04:00:00,3010.193076983279
11-14 05:00:00,3324.6675579345397
11-14 06:00:00,5689.06304140167
11-14 07:00:00,4870.425344515027
11-14 08:00:00,4521.449691979499
11-14 09:00:00,4396.56507132456
11-14 10:00:00,4315.698123611126
11-14 11:00:00,4228.254284445684
11-14 12:00:00,5888.559168245985
11-14 13:00:00,4933.0847352260935
11-14 14:00:00,4486.150457957697
11-14 15:00:00,4615.644531495033
11-14 16:00:00,4807.666420866487
11-14 17:00:00,5101.278977907369
11-14 18:00:00,6060.400200479625
11-14 19:00:00,5776.0902015139345
11-14 20:00:00,4027.6413649327897
11-14 21:00:00,3986.6069130127594
11-14 22:00:00,3427.7455345216204
11-14 23:00:00,3274.7443595856394
11-15 00:00:00,3209.668888544262
11-15 01:00:00,3083.4323699790857
11-15 02:00:00,3035.7696388417817
11-15 03:00:00,3031.6592713842074
11-15 04:00:00,3024.3927741296516
11-15 05:00:00,3280.1586316732505
11-15 06:00:00,5493.349210383268
11-15 07:00:00,4877.9848608194625
11-15 08:00:00,4564.379408633406
11-15 09:00:00,4420.797494148228
11-15 10:00:00,4287.585728859699
11-15 11:00:00,4218.126181851333
11-15 12:00:00,5874.825126648139
11-15 13:00:00,5058.860014035982
11-15 14:00:00,4599.645347369061
11-15 15:00:00,4714.06200294594
11-15 16:00:00,4837.49446541153
11-15 17:00:00,5124.804570471074
11-15 18:00:00,6093.490000189673
11-15 19:00:00,5705.923660534065
11-15 20:00:00,4080.069290963278
11-15 21:00:00,3923.5530895490465
11-15 22:00:00,3371.387890099801
11-15 23:00:00,3286.5062902044915
11-16 00:00:00,3261.597572507777
11-16 01:00:00,3129.2708586819804
11-16 02:00:00,3077.664921704746
11-16 03:00:00,3053.5486362503093
11-16 04:00:00,3060.113253509766
11-16 05:00:00,3319.854711761736
11-16 06:00:00,5775.629819498095
11-16 07:00:00,4905.771043843617
11-16 08:00:00,4571.921197876328
11-16 09:00:00,4493.100850223289
11-16 10:00:00,4418.049895811867
11-16 11:00:00,4295.595748532323
11-16 12:00:00,5982.506724634596
11-16 13:00:00,5093.0929652739915
11-16 14:00:00,4607.945631595459
11-16 15:00:00,4752.103624278004
11-16 16:00:00,4860.98844879234
11-16 17:00:00,5097.728888403941
11-16 18:00:00,5804.746139382054
11-16 19:00:00,5750.402177521869
11-16 20:00:00,4331.198217620143
11-16 21:00:00,3904.076034444965
11-16 22:00:00,3306.3410516515864
11-16 23:00:00,3315.901725946442
11-17 00:00:00,3118.5985257459597
11-17 01:00:00,2934.7866011682354
11-17 02:00:00,2872.9070172651486
11-17 03:00:00,2849.869770698975
11-17 04:00:00,2850.736021467119
11-17 05:00:00,3020.4586585837746
11-17 06:00:00,4966.8147613168585
11-17 07:00:00,4111.840146942374
11-17 08:00:00,3311.39543193726
11-17 09:00:00,3229.9895131754647
11-17 10:00:00,3149.7417538961386
11-17 11:00:00,3069.173237933658
11-17 12:00:00,4760.165026268791
11-17 13:00:00,3918.1693580329897
11-17 14:00:00,3420.3327267240816
11-17 15:00:00,3581.4120864270863
11-17 16:00:00,3744.1910306077857
11-17 17:00:00,4419.563179623358
11-17 18:00:00,5399.301516289324
11-17 19:00:00,5406.348548392328
11-17 20:00:00,3889.7790444653656
11-17 21:00:00,3768.6707338632464
11-17 22:00:00,3225.2677813609516
11-17 23:00:00,3098.7527901129242
11-18 00:00:00,2979.1948618589445
11-18 01:00:00,2809.1732905050094
11-18 02:00:00,2777.466401626005
11-18 03:00:00,2729.2621524674855
11-18 04:00:00,2725.654358759491
11-18 05:00:00,2956.652273137223
11-18 06:00:00,4840.744492956104
11-18 07:00:00,3798.351539297099
11-18 08:00:00,3007.0080423211575
11-18 09:00:00,2833.5093083169
11-18 10:00:00,2712.402359002099
11-18 11:00:00,2578.321240602472
11-18 12:00:00,4259.547882721463
11-18 13:00:00,3375.1903155386735
11-18 14:00:00,2935.8251271205027
11-18 15:00:00,3095.495330909321
11-18 16:00:00,3271.374770933553
11-18 17:00:00,3967.613145761768
11-18 18:00:00,4958.041809030579
11-18 19:00:00,5008.962450861965
11-18 20:00:00,3647.498833072733
11-18 21:00:00,3620.9080694043278
11-18 22:00:00,3130.286635176022
11-18 23:00:00,2998.984486985435
11-19 00:00:00,3280.8992633884714
11-19 01:00:00,3175.924013641563
11-19 02:00:00,3135.1237566656273
11-19 03:00:00,3156.455843396689
11-19 04:00:00,3182.6111486849277
11-19 05:00:00,3362.9158178502503
11-19 06:00:00,5867.472139795031
11-19 07:00:00,5102.0327205661815
11-19 08:00:00,4735.698508462105
11-19 09:00:00,4646.576905433484
11-19 10:00:00,4463.34669182621
11-19 11:00:00,4336.1880959725595
11-19 12:00:00,6016.941762132359
11-19 13:00:00,5164.689779661894
11-19 14:00:00,4713.25024196817
11-19 15:00:00,4841.541969005286
11-19 16:00:00,5008.974739087937
11-19 17:00:00,5238.902790062036
11-19 18:00:00,5970.9158057578215
11-19 19:00:00,5863.561915641748
11-19 20:00:00,4507.432422479254
11-19 21:00:00,4041.101987119055
11-19 22:00:00,3570.6838143008836
11-19 23:00:00,3439.296455044961
11-20 00:00:00,3405.059580194629
11-20 01:00:00,3257.732057349309
11-20 02:00:00,3215.1320501258947
11-20 03:00:00,3217.6498242423745
11-20 04:00:00,3235.494983280334
11-20 05:00:00,3483.505091223155
11-20 06:00:00,5849.104719261412
11-20 07:00:00,5162.8268938730525
11-20 08:00:00,4816.054891497309
11-20 09:00:00,4702.494837399602
11-20 10:00:00,4606.550996478481
11-20 11:00:00,4455.73457217935
11-20 12:00:00,6142.169218988982
11-20 13:00:00,5274.812685286116
11-20 14:00:00,4744.126700329512
11-20 15:00:00,4921.786885928517
11-20 16:00:00,5106.394297495882
11-20 17:00:00,5370.398980626914
11-20 18:00:00,6102.638565127497
11-20 19:00:00,6005.0782005937035
11-20 20:00:00,4590.1780343410555
11-20 21:00:00,4278.589954148908
11-20 22:00:00,3758.4212508726127
11-20 23:00:00,3555.8396282277968
11-21 00:00:00,3497.9163063160327
11-21 01:00:00,3329.525378403835
11-21 02:00:00,3307.1427469529503
11-21 03:00:00,3315.0655707473898
11-21 04:00:00,3318.920220510995
11-21 05:00:00,3614.9366466774923
11-21 06:00:00,5775.279795172825
11-21 07:00:00,5478.14321915716
11-21 08:00:00,4849.44921890481
11-21 09:00:00,4749.763967459251
11-21 10:00:00,4620.322788137323
11-21 11:00:00,4487.258287899395
11-21 12:00:00,6138.980583798419
11-21 13:00:00,5215.037694544945
11-21 14:00:00,4727.711758187026
11-21 15:00:00,4903.202727670832
11-21 16:00:00,5116.684234223555
11-21 17:00:00,5593.426553863731
11-21 18:00:00,6108.424676794541
11-21 19:00:00,5981.325581798326
11-21 20:00:00,4260.92434788309
11-21 21:00:00,4087.2205258983327
11-21 22:00:00,3450.5922012320348
11-21 23:00:00,3403.0643034864825
11-22 00:00:00,3370.864766532355
11-22 01:00:00,3227.3542182038536
11-22 02:00:00,3148.353626735311
11-22 03:00:00,3150.0481214143
11-22 04:00:00,3152.9458724680403
11-22 05:00:00,3368.9979047128177
11-22 06:00:00,5645.230528700631
11-22 07:00:00,4995.352548764858
11-22 08:00:00,4677.422037524061
11-22 09:00:00,4622.501568868197
11-22 10:00:00,4528.136952797563
11-22 11:00:00,4399.615517099688
11-22 12:00:00,6089.409327921577
11-22 13:00:00,5243.5288603916415
11-22 14:00:00,4723.0134121023075
11-22 15:00:00,4898.977707630166
11-22 16:00:00,5033.646011311062
11-22 17:00:00,5260.087844191206
11-22 18:00:00,5930.7815746369215
11-22 19:00:00,5844.020892176576
11-22 20:00:00,4491.968456965111
11-22 21:00:00,4226.431012103404
11-22 22:00:00,3583.024534017253
11-22 23:00:00,3342.034911915483
11-23 00:00:00,3300.7381196130564
11-23 01:00:00,3160.3749699662403
11-23 02:00:00,3103.802742829394
11-23 03:00:00,3105.012983942523
11-23 04:00:00,3131.086619504497
11-23 05:00:00,3378.042501856778
11-23 06:00:00,5520.795421266525
11-23 07:00:00,5219.560406946738
11-23 08:00:00,4656.8831612452805
11-23 09:00:00,4533.224856816747
11-23 10:00:00,4499.76070797357
11-23 11:00:00,4397.4663795288825
11-23 12:00:00,6052.548431988825
11-23 13:00:00,5118.059067926244
11-23 14:00:00,4720.471722710577
11-23 15:00:00,4838.4452257518005
11-23 16:00:00,4969.02472555046
11-23 17:00:00,5199.898615700062
11-23 18:00:00,5974.655170981158
11-23 19:00:00,5856.4817851946555
11-23 20:00:00,4418.334144599774
11-23 21:00:00,4052.53559432377
11-23 22:00:00,3391.087683904031
11-23 23:00:00,3431.7845692959095
11-24 00:00:00,3203.1885687625936
11-24 01:00:00,3006.6509498451233
11-24 02:00:00,2942.404090263938
11-24 03:00:00,2930.4514982940977
11-24 04:00:00,2918.2913406866423
11-24 05:00:00,3095.938931930972
11-24 06:00:00,5056.560252831863
11-24 07:00:00,4144.18127795979
11-24 08:00:00,3406.2745426901215
11-24 09:00:00,3295.978827577842
11-24 10:00:00,3262.6039697463284
11-24 11:00:00,3145.906406549071
11-24 12:00:00,4841.576671161877
11-24 13:00:00,3988.00040286904
11-24 14:00:00,3496.583909183824
11-24 15:00:00,3651.737545979082
11-24 16:00:00,3813.960440039701
11-24 17:00:00,4509.618048575311
11-24 18:00:00,5474.915261321401
11-24 19:00:00,5545.023354193724
11-24 20:00:00,3969.0814035106805
11-24 21:00:00,3891.1021460633137
11-24 22:00:00,3347.01803625334
11-24 23:00:00,3232.7136188492414
11-25 00:00:00,3125.4616717762037
11-25 01:00:00,2956.122284693793
11-25 02:00:00,2879.2432107191157
11-25 03:00:00,2880.076427916534
11-25 04:00:00,2899.1549816357215
11-25 05:00:00,3103.6204674247365
11-25 06:00:00,5030.230974904663
11-25 07:00:00,4041.617090646664
11-25 08:00:00,3212.380022959463
11-25 09:00:00,3075.807008204187
11-25 10:00:00,3020.297926614523
11-25 11:00:00,2944.5759186143205
11-25 12:00:00,4628.580861295087
11-25 13:00:00,3793.3696480205003
11-25 14:00:00,3325.8143125326624
11-25 15:00:00,3487.418257004025
11-25 16:00:00,3584.518907656886
11-25 17:00:00,4292.17680657674
11-25 18:00:00,5257.9124737033235
11-25 19:00:00,5304.001772584055
11-25 20:00:00,3805.912845081117
11-25 21:00:00,3813.54740949816
11-25 22:00:00,3276.600841059477
11-25 23:00:00,3095.465779136163
11-26 00:00:00,3357.9501242696974
11-26 01:00:00,3240.0365202611188
11-26 02:00:00,3203.904220344104
11-26 03:00:00,3206.987129309538
11-26 04:00:00,3246.1659517120956
11-26 05:00:00,3441.979935230452
11-26 06:00:00,5941.988209756227
11-26 07:00:00,5176.763867763774
11-26 08:00:00,4902.1418583363975
11-26 09:00:00,4810.044308914762
11-26 10:00:00,4752.974435739418
11-26 11:00:00,4616.368025041693
11-26 12:00:00,6270.126040442942
11-26 13:00:00,5406.762088621256
11-26 14:00:00,4933.223824682231
11-26 15:00:00,5095.190705752258
11-26 16:00:00,5241.378332579272
11-26 17:00:00,5474.384716310919
11-26 18:00:00,6401.606730925372
11-26 19:00:00,6101.177822136318
11-26 20:00:00,4468.727137573324
11-26 21:00:00,4467.474293497905
11-26 22:00:00,3816.455045894711
11-26 23:00:00,3669.389515054605
11-27 00:00:00,3592.183493123752
11-27 01:00:00,3476.379017887141
11-27 02:00:00,3421.6098739020476
11-27 03:00:00,3418.7912593457245
11-27 04:00:00,3446.0715760334538
11-27 05:00:00,3725.8523492016748
11-27 06:00:00,6024.509619829844
11-27 07:00:00,5352.561250624674
11-27 08:00:00,4907.57304848511
11-27 09:00:00,4809.192713738527
11-27 10:00:00,4701.329931127736
11-27 11:00:00,4556.334772932027
11-27 12:00:00,6207.944197549706
11-27 13:00:00,5331.247140369029
11-27 14:00:00,4826.932548798269
11-27 15:00:00,5042.595564218647
11-27 16:00:00,5238.281682862925
11-27 17:00:00,5447.275417574612
11-27 18:00:00,6200.705087529866
11-27 19:00:00,6064.5350034937155
11-27 20:00:00,4724.001030531626
11-27 21:00:00,4254.653131048032
11-27 22:00:00,3682.584570272245
11-27 23:00:00,3592.8068350328144
11-28 00:00:00,3572.463096917735
11-28 01:00:00,3443.5958096694285
11-28 02:00:00,3376.401260007226
11-28 03:00:00,3383.437393309982
11-28 04:00:00,3413.099098347407
11-28 05:00:00,3705.658308891323
11-28 06:00:00,5921.481161202259
11-28 07:00:00,5452.707916247651
11-28 08:00:00,4923.105187385693
11-28 09:00:00,4856.779524119845
11-28 10:00:00,4702.751248913041
11-28 11:00:00,4564.602176974477
11-28 12:00:00,6251.194132154516
11-28 13:00:00,5394.84928717051
11-28 14:00:00,4909.948130391654
11-28 15:00:00,5052.805525517335
11-28 16:00:00,5262.2428886452335
11-28 17:00:00,5583.4895376265085
11-28 18:00:00,6297.6324927782325
11-28 19:00:00,6153.716960893829
11-28 20:00:00,4740.413213864884
11-28 21:00:00,4338.338100104677
11-28 22:00:00,3697.584534526691
11-28 23:00:00,3633.0191488317887
11-29 00:00:00,3599.641148360917
11-29 01:00:00,3460.003614349435
11-29 02:00:00,3401.135523190819
11-29 03:00:00,3395.0987759070554
11-29 04:00:00,3416.1152960329387
11-29 05:00:00,3674.760842270444
11-29 06:00:00,6055.434786432394
11-29 07:00:00,5328.144017044182
11-29 08:00:00,4986.9926760028
11-29 09:00:00,4873.336670509934
11-29 10:00:00,4763.7580892114
11-29 11:00:00,4763.95482733195
11-29 12:00:00,6406.937477414042
11-29 13:00:00,5518.1010148544965
11-29 14:00:00,5022.540044434272
11-29 15:00:00,5223.818253731628
11-29 16:00:00,5423.005657429943
11-29 17:00:00,5931.019571886227
11-29 18:00:00,6328.51689043722
11-29 19:00:00,6206.114477067475
11-29 20:00:00,4562.307987067697
11-29 21:00:00,4363.799176548901
11-29 22:00:00,3843.9314630047174
11-29 23:00:00,3738.8062228758754
11-30 00:00:00,3685.9522186023355
11-30 01:00:00,3538.751425651308
11-30 02:00:00,3483.4819732145916
11-30 03:00:00,3461.7541217792927
11-30 04:00:00,3469.2746322203925
11-30 05:00:00,3793.935015948665
11-30 06:00:00,5860.394353795064
11-30 07:00:00,5588.9817785493215
11-30 08:00:00,5012.197399899284
11-30 09:00:00,4888.67549671368
11-30 10:00:00,4833.4093314767015
11-30 11:00:00,4729.1344914865085
11-30 12:00:00,6399.063782083628
11-30 13:00:00,5507.537862828664
11-30 14:00:00,5065.909737545317
11-30 15:00:00,5170.865383423508
11-30 16:00:00,5262.763193977647
11-30 17:00:00,5520.454674383475
11-30 18:00:00,6421.607910605358
11-30 19:00:00,6166.992165428746
11-30 20:00:00,4420.693254630986
11-30 21:00:00,4332.791928155794
11-30 22:00:00,3762.9419953789143
11-30 23:00:00,3607.17011995749
12-01 00:00:00,3433.9256949325318
12-01 01:00:00,3253.4170446173193
12-01 02:00:00,3156.242268334775
12-01 03:00:00,3110.918995283552
12-01 04:00:00,3108.731666900629
12-01 05:00:00,3312.771021866121
12-01 06:00:00,5212.375278593332
12-01 07:00:00,4433.820178346604
12-01 08:00:00,3692.9283509203087
12-01 09:00:00,3528.9971789661786
12-01 10:00:00,3425.674726450533
12-01 11:00:00,3336.6879971369885
12-01 12:00:00,5025.609136730318
12-01 13:00:00,4128.920876593458
12-01 14:00:00,3578.8764803695603
12-01 15:00:00,3705.6752259605587
12-01 16:00:00,3823.714596035929
12-01 17:00:00,4486.266897400293
12-01 18:00:00,5449.032674493406
12-01 19:00:00,5484.597037712274
12-01 20:00:00,3979.2550393287283
12-01 21:00:00,3793.116884605405
12-01 22:00:00,3197.7620785377912
12-01 23:00:00,3124.0253178951157
12-02 00:00:00,3016.8471014716306
12-02 01:00:00,2838.649501216572
12-02 02:00:00,2731.794542384338
12-02 03:00:00,2721.3903546025076
12-02 04:00:00,2748.2283565557946
12-02 05:00:00,2974.1067243922716
12-02 06:00:00,4890.029966101406
12-02 07:00:00,3991.8937793046566
12-02 08:00:00,3178.146020100384
12-02 09:00:00,3035.039436517746
12-02 10:00:00,2915.1762429848995
12-02 11:00:00,2904.95405469927
12-02 12:00:00,4682.347545600562
12-02 13:00:00,3847.5873456536706
12-02 14:00:00,3374.6625222877997
12-02 15:00:00,3554.274021242092
12-02 16:00:00,3701.196414819834
12-02 17:00:00,4409.560959547812
12-02 18:00:00,5359.304679445533
12-02 19:00:00,5444.6888021476125
12-02 20:00:00,3940.0322007040522
12-02 21:00:00,3957.7055687734014
12-02 22:00:00,3379.347031287863
12-02 23:00:00,3266.473351257271
12-03 00:00:00,3436.7943664850836
12-03 01:00:00,3305.7640251262815
12-03 02:00:00,3270.1987649176467
12-03 03:00:00,3280.99436583749
12-03 04:00:00,3323.3349356282047
12-03 05:00:00,3548.08503779316
12-03 06:00:00,5780.2952526478975
12-03 07:00:00,5533.7799538332465
12-03 08:00:00,4902.101694480995
12-03 09:00:00,4761.821555715747
12-03 10:00:00,4712.778803814539
12-03 11:00:00,4638.457471192131
12-03 12:00:00,6320.4738755754925
12-03 13:00:00,5419.211345886769
12-03 14:00:00,4912.014115080658
12-03 15:00:00,5041.394701734442
12-03 16:00:00,5128.652723979533
12-03 17:00:00,5529.371927139124
12-03 18:00:00,6305.015029331514
12-03 19:00:00,6315.56046914576
12-03 20:00:00,4501.71826550092
12-03 21:00:00,4263.727601694349
12-03 22:00:00,3685.316177791258
12-03 23:00:00,3578.877619143711
12-04 00:00:00,3520.334036517517
12-04 01:00:00,3407.208379933509
12-04 02:00:00,3372.974741783596
12-04 03:00:00,3346.828980456611
12-04 04:00:00,3344.376580503178
12-04 05:00:00,3591.962457224844
12-04 06:00:00,5815.889101470677
12-04 07:00:00,5379.259876688754
12-04 08:00:00,4822.656311028872
12-04 09:00:00,4708.025560921342
12-04 10:00:00,4605.286024755664
12-04 11:00:00,4498.068384150759
12-04 12:00:00,6143.779937684865
12-04 13:00:00,5254.655079594413
12-04 14:00:00,4705.347146493969
12-04 15:00:00,4855.347850262493
12-04 16:00:00,4867.479557469119
12-04 17:00:00,5407.325471676519
12-04 18:00:00,6028.139611396154
12-04 19:00:00,5897.215952229069
12-04 20:00:00,4181.000496584966
12-04 21:00:00,4096.065249670391
12-04 22:00:00,3565.6871695336254
12-04 23:00:00,3399.773240937862
12-05 00:00:00,3347.887085066311
12-05 01:00:00,3199.4115010814626
12-05 02:00:00,3166.902164870022
12-05 03:00:00,3161.334398060013
12-05 04:00:00,3189.094720466327
12-05 05:00:00,3336.7311925522226
12-05 06:00:00,5578.936961939539
12-05 07:00:00,5403.423686928321
12-05 08:00:00,4726.557434896183
12-05 09:00:00,4626.214462151298
12-05 10:00:00,4594.14277525113
12-05 11:00:00,4494.6973079957215
12-05 12:00:00,6148.152762476115
12-05 13:00:00,5258.520208206059
12-05 14:00:00,4750.657410620625
12-05 15:00:00,4878.846845258842
12-05 16:00:00,5010.8315189980585
12-05 17:00:00,5366.818948884387
12-05 18:00:00,6167.771286980982
12-05 19:00:00,6212.097940032237
12-05 20:00:00,4452.083024918288
12-05 21:00:00,4269.840071996732
12-05 22:00:00,3769.7952971357154
12-05 23:00:00,3532.2229284663454
12-06 00:00:00,3496.0586479824847
12-06 01:00:00,3360.529437826413
12-06 02:00:00,3324.04387398372
12-06 03:00:00,3345.5398451065817
12-06 04:00:00,3364.900842840725
12-06 05:00:00,3604.4693278763843
12-06 06:00:00,5732.615790133903
12-06 07:00:00,5487.3135204263945
12-06 08:00:00,4870.675544434402
12-06 09:00:00,4764.124827962368
12-06 10:00:00,4679.025162993438
12-06 11:00:00,4550.0191532355375
12-06 12:00:00,6251.649790680546
12-06 13:00:00,5303.906063758435
12-06 14:00:00,4801.585177174118
12-06 15:00:00,4921.336287000143
12-06 16:00:00,5080.713754336882
12-06 17:00:00,5475.4481246733885
12-06 18:00:00,6249.6117059955195
12-06 19:00:00,6221.996630627477
12-06 20:00:00,4669.630282255644
12-06 21:00:00,4368.167090386701
12-06 22:00:00,3814.528411729357
12-06 23:00:00,3661.3614967479994
12-07 00:00:00,3560.291845210219
12-07 01:00:00,3434.701379606612
12-07 02:00:00,3402.638353272518
12-07 03:00:00,3410.58948544946
12-07 04:00:00,3443.8267339743975
12-07 05:00:00,3587.334108502185
12-07 06:00:00,5981.39999071191
12-07 07:00:00,5417.564181181691
12-07 08:00:00,4830.661345053834
12-07 09:00:00,4752.494369891321
12-07 10:00:00,4651.552683259109
12-07 11:00:00,4561.006350446217
12-07 12:00:00,6202.363485358452
12-07 13:00:00,5261.852974467293
12-07 14:00:00,4765.1856801485455
12-07 15:00:00,4899.583350940604
12-07 16:00:00,5005.126517690921
12-07 17:00:00,5310.311731726269
12-07 18:00:00,6282.345853461195
12-07 19:00:00,6078.680707998755
12-07 20:00:00,4397.802684310381
12-07 21:00:00,4275.183429894756
12-07 22:00:00,3675.9002350008714
12-07 23:00:00,3576.9390213417905
12-08 00:00:00,3383.29659919564
12-08 01:00:00,3156.34031425553
12-08 02:00:00,3077.4945399727376
12-08 03:00:00,3043.809675032424
12-08 04:00:00,3050.583372244231
12-08 05:00:00,3223.310073588549
12-08 06:00:00,5151.229138176659
12-08 07:00:00,4428.617812058371
12-08 08:00:00,3675.1905759411397
12-08 09:00:00,3621.3581255361055
12-08 10:00:00,3584.444620847341
12-08 11:00:00,3529.4331076835438
12-08 12:00:00,5198.231622574268
12-08 13:00:00,4273.434111459419
12-08 14:00:00,3788.5321810056043
12-08 15:00:00,3903.097068395989
12-08 16:00:00,4043.2114083740134
12-08 17:00:00,4694.752653390269
12-08 18:00:00,5676.187352529895
12-08 19:00:00,5707.894084377666
12-08 20:00:00,4146.4360798224225
12-08 21:00:00,4045.7947414228256
12-08 22:00:00,3507.4626013401503
12-08 23:00:00,3372.1632039387177
12-09 00:00:00,3263.792931787225
12-09 01:00:00,3083.171472321533
12-09 02:00:00,3008.28176104006
12-09 03:00:00,2987.5201640353052
12-09 04:00:00,2987.4187644346966
12-09 05:00:00,3214.477617582715
12-09 06:00:00,5092.193583207751
12-09 07:00:00,4199.048255256681
12-09 08:00:00,3344.206601767686
12-09 09:00:00,3207.731836442164
12-09 10:00:00,3162.494180638834
12-09 11:00:00,3059.6667615517767
12-09 12:00:00,4764.039642571453
12-09 13:00:00,3911.89566226555
12-09 14:00:00,3409.0771367592956
12-09 15:00:00,3562.39481157488
12-09 16:00:00,3654.459269921136
12-09 17:00:00,4325.636220825954
12-09 18:00:00,5350.433238597862
12-09 19:00:00,5440.918250338702
12-09 20:00:00,3982.7311094895936
12-09 21:00:00,4004.4654722916443
12-09 22:00:00,3462.11692612347
12-09 23:00:00,3310.287026715819
12-10 00:00:00,3549.2664582782118
12-10 01:00:00,3453.3369418970424
12-10 02:00:00,3434.925847384462
12-10 03:00:00,3444.721193761956
12-10 04:00:00,3456.5031292045724
12-10 05:00:00,3614.4723182649855
12-10 06:00:00,6008.869683332693
12-10 07:00:00,5448.232591508656
12-10 08:00:00,4965.956394821336
12-10 09:00:00,4834.87327261389
12-10 10:00:00,4699.860762210352
12-10 11:00:00,4668.281233735119
12-10 12:00:00,6399.921354725937
12-10 13:00:00,5469.308462200171
12-10 14:00:00,4970.842475771156
12-10 15:00:00,5030.325522476731
12-10 16:00:00,5083.3876297405
12-10 17:00:00,5442.48581729896
12-10 18:00:00,6304.772137163665
12-10 19:00:00,6240.452581321915
12-10 20:00:00,4366.423312105157
12-10 21:00:00,4317.481022508891
12-10 22:00:00,3644.1216520125145
12-10 23:00:00,3430.9485470323734
12-11 00:00:00,3374.7799262943236
12-11 01:00:00,3213.9205840110358
12-11 02:00:00,3177.168714899401
12-11 03:00:00,3194.1826847483044
12-11 04:00:00,3205.018300872619
12-11 05:00:00,3531.1626059515006
12-11 06:00:00,5646.442984875973
12-11 07:00:00,5352.745366824437
12-11 08:00:00,4739.551334034002
12-11 09:00:00,4748.245812310176
12-11 10:00:00,4637.801321090013
12-11 11:00:00,4597.053858532326
12-11 12:00:00,6257.868320252346
12-11 13:00:00,5382.617077694132
12-11 14:00:00,4820.504772487196
12-11 15:00:00,4930.4175240806935
12-11 16:00:00,5054.391837488688
12-11 17:00:00,5609.802712344916
12-11 18:00:00,6192.820419624628
12-11 19:00:00,6144.50866107128
12-11 20:00:00,4426.6132371123285
12-11 21:00:00,4276.026751428264
12-11 22:00:00,3584.8886874186146
12-11 23:00:00,3546.674006091939
12-12 00:00:00,3489.376571987064
12-12 01:00:00,3320.233034656571
12-12 02:00:00,3279.9683084922926
12-12 03:00:00,3243.3416027013814
12-12 04:00:00,3262.7424983351893
12-12 05:00:00,3646.821836919473
12-12 06:00:00,5815.025948693504
12-12 07:00:00,5398.035098074606
12-12 08:00:00,4944.068175411751
12-12 09:00:00,4903.173019044488
12-12 10:00:00,4708.6189336393745
12-12 11:00:00,4557.201658151888
12-12 12:00:00,6202.61823572008
12-12 13:00:00,5262.672475543997
12-12 14:00:00,4750.570479293859
12-12 15:00:00,4895.5595094087
12-12 16:00:00,5001.041165876141
12-12 17:00:00,5509.243774191497
12-12 18:00:00,6153.6588006239235
12-12 19:00:00,6047.843592498024
12-12 20:00:00,4353.5843698590925
12-12 21:00:00,4179.548244159423
12-12 22:00:00,3684.7612389522014
12-12 23:00:00,3507.8323759377895
12-13 00:00:00,3441.429029769013
12-13 01:00:00,3266.8199592477035
12-13 02:00:00,3195.5880950930477
12-13 03:00:00,3193.604695090488
12-13 04:00:00,3198.9162549524735
12-13 05:00:00,3474.499484001339
12-13 06:00:00,5630.59344795107
12-13 07:00:00,5395.466968652333
12-13 08:00:00,4718.469869525242
12-13 09:00:00,4649.242790009922
12-13 10:00:00,4543.302703176069
12-13 11:00:00,4435.50123964475
12-13 12:00:00,6120.253530331131
12-13 13:00:00,5226.945885915063
12-13 14:00:00,4715.504436558634
12-13 15:00:00,4834.55415414654
12-13 16:00:00,4901.505271710251
12-13 17:00:00,5293.797270453391
12-13 18:00:00,6318.4723232986025
12-13 19:00:00,6079.98180194813
12-13 20:00:00,4389.480073811938
12-13 21:00:00,4307.873938076051
12-13 22:00:00,3735.0267771909726
12-13 23:00:00,3619.818717392459
12-14 00:00:00,3505.848118185369
12-14 01:00:00,3374.666910675944
12-14 02:00:00,3284.975280622059
12-14 03:00:00,3284.20190638357
12-14 04:00:00,3300.1227250916295
12-14 05:00:00,3512.971781406478
12-14 06:00:00,5927.0557542210845
12-14 07:00:00,5330.868391017305
12-14 08:00:00,4830.0341498422795
12-14 09:00:00,4715.472606691007
12-14 10:00:00,4613.565171650186
12-14 11:00:00,4501.2764697385755
12-14 12:00:00,6146.769218633932
12-14 13:00:00,5215.258089847247
12-14 14:00:00,4733.451596119849
12-14 15:00:00,4786.770068066383
12-14 16:00:00,4885.948964707726
12-14 17:00:00,5280.071594889597
12-14 18:00:00,6059.867310875043
12-14 19:00:00,6134.646008328148
12-14 20:00:00,4299.62902154021
12-14 21:00:00,4247.565602419988
12-14 22:00:00,3670.7188014327626
12-14 23:00:00,3577.475665302856
12-15 00:00:00,3370.1386477710776
12-15 01:00:00,3191.7510149659274
12-15 02:00:00,3131.6275392204675
12-15 03:00:00,3115.4156171779614
12-15 04:00:00,3130.31366208222
12-15 05:00:00,3345.5757826371505
12-15 06:00:00,5247.725129340976
12-15 07:00:00,4510.335649617416
12-15 08:00:00,3736.388845818358
12-15 09:00:00,3608.7306064755385
12-15 10:00:00,3604.396997975811
12-15 11:00:00,3496.0487348633355
12-15 12:00:00,5190.770325015528
12-15 13:00:00,4284.449800903381
12-15 14:00:00,3753.2597936057946
12-15 15:00:00,3866.191877798518
12-15 16:00:00,3971.1607837922134
12-15 17:00:00,4640.133768045114
12-15 18:00:00,5613.302784328316
12-15 19:00:00,5643.05219686428
12-15 20:00:00,4105.986872015837
12-15 21:00:00,4057.8352335628965
12-15 22:00:00,3395.737766825919
12-15 23:00:00,3324.105085442109
12-16 00:00:00,3205.383272008343
12-16 01:00:00,3025.3177061988818
12-16 02:00:00,2969.116985282931
12-16 03:00:00,2938.818547069197
12-16 04:00:00,2953.7140504739696
12-16 05:00:00,3180.566032652997
12-16 06:00:00,5053.989166289173
12-16 07:00:00,4203.017743630651
12-16 08:00:00,3358.9505065951325
12-16 09:00:00,3206.408373112999
12-16 10:00:00,3192.316869716163
12-16 11:00:00,3120.3987247997848
12-16 12:00:00,4831.664316956992
12-16 13:00:00,3960.3240622535377
12-16 14:00:00,3445.2030994025404
12-16 15:00:00,3574.064744550915
12-16 16:00:00,3686.415055273053
12-16 17:00:00,4358.101678219725
12-16 18:00:00,5346.430420314169
12-16 19:00:00,5380.604558413069
12-16 20:00:00,3914.715630092712
12-16 21:00:00,3942.420288372319
12-16 22:00:00,3314.5364078229068
12-16 23:00:00,3161.788319576409
12-17 00:00:00,3354.183021511774
12-17 01:00:00,3240.5345781778897
12-17 02:00:00,3214.39031497423
12-17 03:00:00,3212.474458243204
12-17 04:00:00,3278.971026990329
12-17 05:00:00,3560.1749667969907
12-17 06:00:00,5842.716489360157
12-17 07:00:00,5432.10435850482
12-17 08:00:00,4804.053310865437
12-17 09:00:00,4742.5811324601145
12-17 10:00:00,4628.234649147097
12-17 11:00:00,4499.315850265394
12-17 12:00:00,6160.285648980774
12-17 13:00:00,5233.376402333497
12-17 14:00:00,4651.057693358329
12-17 15:00:00,4803.244178311999
12-17 16:00:00,4937.123181496239
12-17 17:00:00,5475.890265724139
12-17 18:00:00,6108.513116333915
12-17 19:00:00,5964.084821629974
12-17 20:00:00,4340.489020490516
12-17 21:00:00,4182.3524124267615
12-17 22:00:00,3577.4798706458405
12-17 23:00:00,3541.777573495867
12-18 00:00:00,3487.1864577177626
12-18 01:00:00,3329.0953381628624
12-18 02:00:00,3278.003498038199
12-18 03:00:00,3311.119102015775
12-18 04:00:00,3339.799955236951
12-18 05:00:00,3557.706280261153
12-18 06:00:00,5979.538668051444
12-18 07:00:00,5353.972213778544
12-18 08:00:00,4846.853376166298
12-18 09:00:00,4745.942585959514
12-18 10:00:00,4613.85274749936
12-18 11:00:00,4481.237362414591
12-18 12:00:00,6095.1944058793015
12-18 13:00:00,5178.352541832057
12-18 14:00:00,4658.551253771519
12-18 15:00:00,4789.105859386693
12-18 16:00:00,4827.314041442296
12-18 17:00:00,5231.186696646406
12-18 18:00:00,6114.011235400627
12-18 19:00:00,6189.817357027405
12-18 20:00:00,4420.600608248027
12-18 21:00:00,4232.229005645037
12-18 22:00:00,3635.2037973868332
12-18 23:00:00,3519.4424410929296
12-19 00:00:00,3460.8207262431197
12-19 01:00:00,3341.5653075656537
12-19 02:00:00,3304.835883222874
12-19 03:00:00,3300.3796699998934
12-19 04:00:00,3335.8717604714575
12-19 05:00:00,3570.0069884372047
12-19 06:00:00,5878.244028658275
12-19 07:00:00,5197.005326272275
12-19 08:00:00,4722.6154584270425
12-19 09:00:00,4667.345166671799
12-19 10:00:00,4571.0750767675445
12-19 11:00:00,4437.156079417747
12-19 12:00:00,6104.456070307463
12-19 13:00:00,5188.0615355384325
12-19 14:00:00,4667.301032742123
12-19 15:00:00,4817.557192686291
12-19 16:00:00,4927.952561273412
12-19 17:00:00,5308.659798179788
12-19 18:00:00,6157.670871133293
12-19 19:00:00,6309.1690034811145
12-19 20:00:00,4487.845383451993
12-19 21:00:00,4328.97181498557
12-19 22:00:00,3739.2744372647508
12-19 23:00:00,3704.220389861138
12-20 00:00:00,3641.3198763507953
12-20 01:00:00,3488.365688381962
12-20 02:00:00,3418.6888232673127
12-20 03:00:00,3394.8453422799607
12-20 04:00:00,3423.208433445361
12-20 05:00:00,3620.5368729059883
12-20 06:00:00,5890.9841647420835
12-20 07:00:00,5403.472836639731
12-20 08:00:00,4718.9663602780865
12-20 09:00:00,4561.049312941693
12-20 10:00:00,4441.455982465548
12-20 11:00:00,4279.876815594665
12-20 12:00:00,5965.7124789631725
12-20 13:00:00,5069.551831335359
12-20 14:00:00,4553.957857549664
12-20 15:00:00,4671.752543972885
12-20 16:00:00,4749.080154209466
12-20 17:00:00,5268.9852292381565
12-20 18:00:00,5978.372951609233
12-20 19:00:00,5927.464170187886
12-20 20:00:00,4313.289873304751
12-20 21:00:00,4321.705312660831
12-20 22:00:00,3760.576281338695
12-20 23:00:00,3583.197057351597
12-21 00:00:00,3574.6050409558557
12-21 01:00:00,3437.52236491962
12-21 02:00:00,3435.0428116980825
12-21 03:00:00,3455.5676852767433
12-21 04:00:00,3452.100826758678
12-21 05:00:00,3508.1249771473495
12-21 06:00:00,5690.609820059244
12-21 07:00:00,5307.679865806146
12-21 08:00:00,4519.2683138875345
12-21 09:00:00,4426.208936978879
12-21 10:00:00,4354.384622288485
12-21 11:00:00,4257.028093790406
12-21 12:00:00,5948.698029934415
12-21 13:00:00,5047.020522624149
12-21 14:00:00,4497.371809864595
12-21 15:00:00,4607.083399638675
12-21 16:00:00,4627.1213089835655
12-21 17:00:00,5100.554790023684
12-21 18:00:00,5908.116561713509
12-21 19:00:00,5997.516719216955
12-21 20:00:00,4315.880021780603
12-21 21:00:00,4318.068473214629
12-21 22:00:00,3703.0456990862085
12-21 23:00:00,3576.733358673233
12-22 00:00:00,3429.7129363230897
12-22 01:00:00,3296.312723560529
12-22 02:00:00,3254.8926535858777
12-22 03:00:00,3243.8938757044575
12-22 04:00:00,3249.9720108371057
12-22 05:00:00,3494.601949186299
12-22 06:00:00,5406.36293147178
12-22 07:00:00,4617.323498613703
12-22 08:00:00,3822.7471422207796
12-22 09:00:00,3709.841456418488
12-22 10:00:00,3649.939332601413
12-22 11:00:00,3536.0099838160017
12-22 12:00:00,5194.434028223557
12-22 13:00:00,4299.518566776719
12-22 14:00:00,3720.7996080325747
12-22 15:00:00,3915.9377563100525
12-22 16:00:00,4045.550845582815
12-22 17:00:00,4733.305135580729
12-22 18:00:00,5745.593205570215
12-22 19:00:00,5753.8267695840495
12-22 20:00:00,4298.733100409729
12-22 21:00:00,4251.440859327862
12-22 22:00:00,3600.7048521952506
12-22 23:00:00,3509.5065295425497
12-23 00:00:00,3400.44989646504
12-23 01:00:00,3298.164212484603
12-23 02:00:00,3259.768380588827
12-23 03:00:00,3208.3848894096195
12-23 04:00:00,3213.683629952752
12-23 05:00:00,3417.7812036872533
12-23 06:00:00,5321.902746194385
12-23 07:00:00,4475.868460857998
12-23 08:00:00,3644.5077278816975
12-23 09:00:00,3457.2576571911186
12-23 10:00:00,3240.9272080831506
12-23 11:00:00,3007.0778499272733
12-23 12:00:00,4647.753972858527
12-23 13:00:00,3700.02480885376
12-23 14:00:00,3196.9801706415587
12-23 15:00:00,3292.061667759771
12-23 16:00:00,3429.4593542841594
12-23 17:00:00,4099.231348674845
12-23 18:00:00,5063.309081377858
12-23 19:00:00,5149.033662051082
12-23 20:00:00,3685.144636073572
12-23 21:00:00,3664.6730844832464
12-23 22:00:00,3133.7016880280676
12-23 23:00:00,2937.537356257917
12-24 00:00:00,3078.916442712848
12-24 01:00:00,2972.571374469677
12-24 02:00:00,2938.7379857224605
12-24 03:00:00,2950.073604616762
12-24 04:00:00,2980.292753169239
12-24 05:00:00,3214.7860261364417
12-24 06:00:00,5397.07667451219
12-24 07:00:00,4602.155486774921
12-24 08:00:00,3981.7812507124117
12-24 09:00:00,3825.497229908231
12-24 10:00:00,3693.641216805667
12-24 11:00:00,3591.029012284181
12-24 12:00:00,5283.196008074856
12-24 13:00:00,4391.983820490284
12-24 14:00:00,3855.559916798272
12-24 15:00:00,4001.8257517561883
12-24 16:00:00,4086.7078090390137
12-24 17:00:00,4525.237006543339
12-24 18:00:00,5525.704768890301
12-24 19:00:00,5318.981575764048
12-24 20:00:00,3792.6082027371726
12-24 21:00:00,3698.009305762601
12-24 22:00:00,3062.4803903266516
12-24 23:00:00,3123.2782774078087
12-25 00:00:00,3077.484445639898
12-25 01:00:00,2946.0385632060365
12-25 02:00:00,2895.5771628237026
12-25 03:00:00,2937.669415886566
12-25 04:00:00,2932.4960770477496
12-25 05:00:00,3094.9520977691036
12-25 06:00:00,5193.795618689415
12-25 07:00:00,4779.083433145128
12-25 08:00:00,4011.925373671478
12-25 09:00:00,3852.361533924275
12-25 10:00:00,3795.418325481595
12-25 11:00:00,3637.205851796038
12-25 12:00:00,5313.195550935387
12-25 13:00:00,4410.854802558031
12-25 14:00:00,3865.1277780332257
12-25 15:00:00,3950.399618114343
12-25 16:00:00,4093.198788759971
12-25 17:00:00,4655.319301731739
12-25 18:00:00,5419.283633583991
12-25 19:00:00,5374.40119615325
12-25 20:00:00,3832.9472639046508
12-25 21:00:00,3883.5880344611833
12-25 22:00:00,3276.1611754580167
12-25 23:00:00,3134.884129127078
12-26 00:00:00,3104.7937151883425
12-26 01:00:00,2973.4829093991675
12-26 02:00:00,2943.5677621889413
12-26 03:00:00,2941.5993470841186
12-26 04:00:00,2945.4035317214825
12-26 05:00:00,3215.914585048136
12-26 06:00:00,5428.689552432629
12-26 07:00:00,4624.92545775603
12-26 08:00:00,4043.030486946026
12-26 09:00:00,3913.1901218244698
12-26 10:00:00,3806.24461735837
12-26 11:00:00,3703.9898291028503
12-26 12:00:00,5320.168773519089
12-26 13:00:00,4430.0604213286915
12-26 14:00:00,3918.2562295134107
12-26 15:00:00,4054.370408365696
12-26 16:00:00,4183.446555149329
12-26 17:00:00,4582.618131427164
12-26 18:00:00,5579.576030601044
12-26 19:00:00,5417.191211435491
12-26 20:00:00,3878.543454569953
12-26 21:00:00,3865.199454754113
12-26 22:00:00,3342.0416592734264
12-26 23:00:00,3155.9723232288825
12-27 00:00:00,3113.3063268111673
12-27 01:00:00,2968.033629726967
12-27 02:00:00,2943.0650250765693
12-27 03:00:00,2950.4650722689057
12-27 04:00:00,2968.1552781498085
12-27 05:00:00,3147.4335361544063
12-27 06:00:00,5437.587547471394
12-27 07:00:00,4790.374094665495
12-27 08:00:00,4163.340211086916
12-27 09:00:00,4049.2518574671526
12-27 10:00:00,3886.0172485408016
12-27 11:00:00,3747.1782993331512
12-27 12:00:00,5377.921899804524
12-27 13:00:00,4528.597026970156
12-27 14:00:00,3942.599112065034
12-27 15:00:00,4096.031918008485
12-27 16:00:00,4192.620822550728
12-27 17:00:00,4797.1407845221775
12-27 18:00:00,5443.8141321743105
12-27 19:00:00,5446.583304607192
12-27 20:00:00,3890.1096256680685
12-27 21:00:00,3807.3583372973917
12-27 22:00:00,3170.6581202244906
12-27 23:00:00,3144.852520600404
12-28 00:00:00,3118.8049133088102
12-28 01:00:00,2995.7383538105296
12-28 02:00:00,2966.9177018137243
12-28 03:00:00,2957.9708490493376
12-28 04:00:00,2943.5659467042683
12-28 05:00:00,3187.7136298873806
12-28 06:00:00,5216.918294470158
12-28 07:00:00,4612.634303748428
12-28 08:00:00,4031.85000853578
12-28 09:00:00,3833.7892091373324
12-28 10:00:00,3663.8056509365074
12-28 11:00:00,3554.9935900633564
12-28 12:00:00,5212.136699266572
12-28 13:00:00,4311.995603912264
12-28 14:00:00,3792.0762006722516
12-28 15:00:00,3803.214197898225
12-28 16:00:00,3899.980344072055
12-28 17:00:00,4347.586964554793
12-28 18:00:00,5220.736730394841
12-28 19:00:00,5406.670871061678
12-28 20:00:00,3735.2698760473118
12-28 21:00:00,3526.8277995386475
12-28 22:00:00,2874.1556821659888
12-28 23:00:00,2953.05668007067
12-29 00:00:00,2763.129774627456
12-29 01:00:00,2603.523288857722
12-29 02:00:00,2542.5121050679713
12-29 03:00:00,2563.753208422012
12-29 04:00:00,2616.2086700710825
12-29 05:00:00,2777.43796393788
12-29 06:00:00,4674.546591581298
12-29 07:00:00,3929.2195536994914
12-29 08:00:00,3136.4309063615324
12-29 09:00:00,3039.4310546053443
12-29 10:00:00,2961.3725390523414
12-29 11:00:00,2912.3191061041607
12-29 12:00:00,4670.274917588301
12-29 13:00:00,3793.6952850718894
12-29 14:00:00,3256.981567946055
12-29 15:00:00,3377.66972236314
12-29 16:00:00,3486.22086471795
12-29 17:00:00,4178.520706041042
12-29 18:00:00,5167.122629488937
12-29 19:00:00,5149.901277532956
12-29 20:00:00,3660.7866997218366
12-29 21:00:00,3622.138449659374
12-29 22:00:00,3026.2624493004664
12-29 23:00:00,2883.59514332737
12-30 00:00:00,2763.6429809283554
12-30 01:00:00,2628.5848938339805
12-30 02:00:00,2573.0870965239415
12-30 03:00:00,2516.0814721836114
12-30 04:00:00,2469.2851336471113
12-30 05:00:00,2681.9985683145233
12-30 06:00:00,4582.591194876673
12-30 07:00:00,3688.325708902258
12-30 08:00:00,2786.3579690813103
12-30 09:00:00,2690.5416690890474
12-30 10:00:00,2579.6858893536432
12-30 11:00:00,2463.698744610246
12-30 12:00:00,4169.567331408806
12-30 13:00:00,3237.2894010835694
12-30 14:00:00,2704.412613673077
12-30 15:00:00,2866.3415960870475
12-30 16:00:00,2982.745263052365
12-30 17:00:00,3681.7733273321273
12-30 18:00:00,4697.708223853674
12-30 19:00:00,4797.745231383507
12-30 20:00:00,3329.1950614439197
12-30 21:00:00,3332.751284671798
12-30 22:00:00,2787.2327676897007
12-30 23:00:00,2640.6843510468534
12-31 00:00:00,2901.8812037956263
12-31 01:00:00,2830.5427120114236
12-31 02:00:00,2812.9363993112447
12-31 03:00:00,2833.9564818274566
12-31 04:00:00,2815.738220432995
12-31 05:00:00,3128.241607337049
12-31 06:00:00,5179.424797135807
12-31 07:00:00,4533.6078422429855
12-31 08:00:00,3985.5679830657964
12-31 09:00:00,3822.4436498073146
12-31 10:00:00,3722.216851267769
12-31 11:00:00,3551.2104890534697
12-31 12:00:00,5186.418221264891
12-31 13:00:00,4284.73619708934
12-31 14:00:00,3820.870836131663
12-31 15:00:00,3901.496074425535
12-31 16:00:00,4000.574615017945
12-31 17:00:00,4410.299168759374
12-31 18:00:00,5273.709833567265
12-31 19:00:00,5452.7040342817845
12-31 20:00:00,3736.080784628993
12-31 21:00:00,3693.5523576551327
12-31 22:00:00,3095.8382113148446
12-31 23:00:00,3078.9908185470213
