,value_kW
01-01 00:00:00,0.0
01-01 01:00:00,0.0
01-01 02:00:00,0.0
01-01 03:00:00,0.0
01-01 04:00:00,0.0
01-01 05:00:00,0.0
01-01 06:00:00,0.0
01-01 07:00:00,0.0
01-01 08:00:00,149.02549801599997
01-01 09:00:00,281.319946187
01-01 10:00:00,399.4801186639999
01-01 11:00:00,473.42747235
01-01 12:00:00,487.035168944
01-01 13:00:00,397.510566772
01-01 14:00:00,271.134838627
01-01 15:00:00,133.36271232099998
01-01 16:00:00,0.0
01-01 17:00:00,0.0
01-01 18:00:00,0.0
01-01 19:00:00,0.0
01-01 20:00:00,0.0
01-01 21:00:00,0.0
01-01 22:00:00,0.0
01-01 23:00:00,0.0
01-02 00:00:00,0.0
01-02 01:00:00,0.0
01-02 02:00:00,0.0
01-02 03:00:00,0.0
01-02 04:00:00,0.0
01-02 05:00:00,0.0
01-02 06:00:00,0.0
01-02 07:00:00,0.0
01-02 08:00:00,149.02549801599997
01-02 09:00:00,281.319946187
01-02 10:00:00,399.4801186639999
01-02 11:00:00,473.42747235
01-02 12:00:00,487.035168944
01-02 13:00:00,397.510566772
01-02 14:00:00,271.134838627
01-02 15:00:00,133.36271232099998
01-02 16:00:00,0.0
01-02 17:00:00,0.0
01-02 18:00:00,0.0
01-02 19:00:00,0.0
01-02 20:00:00,0.0
01-02 21:00:00,0.0
01-02 22:00:00,0.0
01-02 23:00:00,0.0
01-03 00:00:00,0.0
01-03 01:00:00,0.0
01-03 02:00:00,0.0
01-03 03:00:00,0.0
01-03 04:00:00,0.0
01-03 05:00:00,0.0
01-03 06:00:00,0.0
01-03 07:00:00,0.0
01-03 08:00:00,149.02549801599997
01-03 09:00:00,281.319946187
01-03 10:00:00,399.4801186639999
01-03 11:00:00,473.42747235
01-03 12:00:00,487.035168944
01-03 13:00:00,397.510566772
01-03 14:00:00,271.134838627
01-03 15:00:00,133.36271232099998
01-03 16:00:00,0.0
01-03 17:00:00,0.0
01-03 18:00:00,0.0
01-03 19:00:00,0.0
01-03 20:00:00,0.0
01-03 21:00:00,0.0
01-03 22:00:00,0.0
01-03 23:00:00,0.0
01-04 00:00:00,0.0
01-04 01:00:00,0.0
01-04 02:00:00,0.0
01-04 03:00:00,0.0
01-04 04:00:00,0.0
01-04 05:00:00,0.0
01-04 06:00:00,0.0
01-04 07:00:00,0.0
01-04 08:00:00,149.02549801599997
01-04 09:00:00,281.319946187
01-04 10:00:00,399.4801186639999
01-04 11:00:00,473.42747235
01-04 12:00:00,487.035168944
01-04 13:00:00,397.510566772
01-04 14:00:00,271.134838627
01-04 15:00:00,133.36271232099998
01-04 16:00:00,0.0
01-04 17:00:00,0.0
01-04 18:00:00,0.0
01-04 19:00:00,0.0
01-04 20:00:00,0.0
01-04 21:00:00,0.0
01-04 22:00:00,0.0
01-04 23:00:00,0.0
01-05 00:00:00,0.0
01-05 01:00:00,0.0
01-05 02:00:00,0.0
01-05 03:00:00,0.0
01-05 04:00:00,0.0
01-05 05:00:00,0.0
01-05 06:00:00,0.0
01-05 07:00:00,0.0
01-05 08:00:00,149.02549801599997
01-05 09:00:00,281.319946187
01-05 10:00:00,399.4801186639999
01-05 11:00:00,473.42747235
01-05 12:00:00,487.035168944
01-05 13:00:00,397.510566772
01-05 14:00:00,271.134838627
01-05 15:00:00,133.36271232099998
01-05 16:00:00,0.0
01-05 17:00:00,0.0
01-05 18:00:00,0.0
01-05 19:00:00,0.0
01-05 20:00:00,0.0
01-05 21:00:00,0.0
01-05 22:00:00,0.0
01-05 23:00:00,0.0
01-06 00:00:00,0.0
01-06 01:00:00,0.0
01-06 02:00:00,0.0
01-06 03:00:00,0.0
01-06 04:00:00,0.0
01-06 05:00:00,0.0
01-06 06:00:00,0.0
01-06 07:00:00,0.0
01-06 08:00:00,149.02549801599997
01-06 09:00:00,281.319946187
01-06 10:00:00,399.4801186639999
01-06 11:00:00,473.42747235
01-06 12:00:00,487.035168944
01-06 13:00:00,397.510566772
01-06 14:00:00,271.134838627
01-06 15:00:00,133.36271232099998
01-06 16:00:00,0.0
01-06 17:00:00,0.0
01-06 18:00:00,0.0
01-06 19:00:00,0.0
01-06 20:00:00,0.0
01-06 21:00:00,0.0
01-06 22:00:00,0.0
01-06 23:00:00,0.0
01-07 00:00:00,0.0
01-07 01:00:00,0.0
01-07 02:00:00,0.0
01-07 03:00:00,0.0
01-07 04:00:00,0.0
01-07 05:00:00,0.0
01-07 06:00:00,0.0
01-07 07:00:00,0.0
01-07 08:00:00,149.02549801599997
01-07 09:00:00,281.319946187
01-07 10:00:00,399.4801186639999
01-07 11:00:00,473.42747235
01-07 12:00:00,487.035168944
01-07 13:00:00,397.510566772
01-07 14:00:00,271.134838627
01-07 15:00:00,133.36271232099998
01-07 16:00:00,0.0
01-07 17:00:00,0.0
01-07 18:00:00,0.0
01-07 19:00:00,0.0
01-07 20:00:00,0.0
01-07 21:00:00,0.0
01-07 22:00:00,0.0
01-07 23:00:00,0.0
01-08 00:00:00,0.0
01-08 01:00:00,0.0
01-08 02:00:00,0.0
01-08 03:00:00,0.0
01-08 04:00:00,0.0
01-08 05:00:00,0.0
01-08 06:00:00,0.0
01-08 07:00:00,0.0
01-08 08:00:00,149.02549801599997
01-08 09:00:00,281.319946187
01-08 10:00:00,399.4801186639999
01-08 11:00:00,473.42747235
01-08 12:00:00,487.035168944
01-08 13:00:00,397.510566772
01-08 14:00:00,271.134838627
01-08 15:00:00,133.36271232099998
01-08 16:00:00,0.0
01-08 17:00:00,0.0
01-08 18:00:00,0.0
01-08 19:00:00,0.0
01-08 20:00:00,0.0
01-08 21:00:00,0.0
01-08 22:00:00,0.0
01-08 23:00:00,0.0
01-09 00:00:00,0.0
01-09 01:00:00,0.0
01-09 02:00:00,0.0
01-09 03:00:00,0.0
01-09 04:00:00,0.0
01-09 05:00:00,0.0
01-09 06:00:00,0.0
01-09 07:00:00,0.0
01-09 08:00:00,149.02549801599997
01-09 09:00:00,281.319946187
01-09 10:00:00,399.4801186639999
01-09 11:00:00,473.42747235
01-09 12:00:00,487.035168944
01-09 13:00:00,397.510566772
01-09 14:00:00,271.134838627
01-09 15:00:00,133.36271232099998
01-09 16:00:00,0.0
01-09 17:00:00,0.0
01-09 18:00:00,0.0
01-09 19:00:00,0.0
01-09 20:00:00,0.0
01-09 21:00:00,0.0
01-09 22:00:00,0.0
01-09 23:00:00,0.0
01-10 00:00:00,0.0
01-10 01:00:00,0.0
01-10 02:00:00,0.0
01-10 03:00:00,0.0
01-10 04:00:00,0.0
01-10 05:00:00,0.0
01-10 06:00:00,0.0
01-10 07:00:00,0.0
01-10 08:00:00,149.02549801599997
01-10 09:00:00,281.319946187
01-10 10:00:00,399.4801186639999
01-10 11:00:00,473.42747235
01-10 12:00:00,487.035168944
01-10 13:00:00,397.510566772
01-10 14:00:00,271.134838627
01-10 15:00:00,133.36271232099998
01-10 16:00:00,0.0
01-10 17:00:00,0.0
01-10 18:00:00,0.0
01-10 19:00:00,0.0
01-10 20:00:00,0.0
01-10 21:00:00,0.0
01-10 22:00:00,0.0
01-10 23:00:00,0.0
01-11 00:00:00,0.0
01-11 01:00:00,0.0
01-11 02:00:00,0.0
01-11 03:00:00,0.0
01-11 04:00:00,0.0
01-11 05:00:00,0.0
01-11 06:00:00,0.0
01-11 07:00:00,0.0
01-11 08:00:00,149.02549801599997
01-11 09:00:00,281.319946187
01-11 10:00:00,399.4801186639999
01-11 11:00:00,473.42747235
01-11 12:00:00,487.035168944
01-11 13:00:00,397.510566772
01-11 14:00:00,271.134838627
01-11 15:00:00,133.36271232099998
01-11 16:00:00,0.0
01-11 17:00:00,0.0
01-11 18:00:00,0.0
01-11 19:00:00,0.0
01-11 20:00:00,0.0
01-11 21:00:00,0.0
01-11 22:00:00,0.0
01-11 23:00:00,0.0
01-12 00:00:00,0.0
01-12 01:00:00,0.0
01-12 02:00:00,0.0
01-12 03:00:00,0.0
01-12 04:00:00,0.0
01-12 05:00:00,0.0
01-12 06:00:00,0.0
01-12 07:00:00,0.0
01-12 08:00:00,149.02549801599997
01-12 09:00:00,281.319946187
01-12 10:00:00,399.4801186639999
01-12 11:00:00,473.42747235
01-12 12:00:00,487.035168944
01-12 13:00:00,397.510566772
01-12 14:00:00,271.134838627
01-12 15:00:00,133.36271232099998
01-12 16:00:00,0.0
01-12 17:00:00,0.0
01-12 18:00:00,0.0
01-12 19:00:00,0.0
01-12 20:00:00,0.0
01-12 21:00:00,0.0
01-12 22:00:00,0.0
01-12 23:00:00,0.0
01-13 00:00:00,0.0
01-13 01:00:00,0.0
01-13 02:00:00,0.0
01-13 03:00:00,0.0
01-13 04:00:00,0.0
01-13 05:00:00,0.0
01-13 06:00:00,0.0
01-13 07:00:00,0.0
01-13 08:00:00,149.02549801599997
01-13 09:00:00,281.319946187
01-13 10:00:00,399.4801186639999
01-13 11:00:00,473.42747235
01-13 12:00:00,487.035168944
01-13 13:00:00,397.510566772
01-13 14:00:00,271.134838627
01-13 15:00:00,133.36271232099998
01-13 16:00:00,0.0
01-13 17:00:00,0.0
01-13 18:00:00,0.0
01-13 19:00:00,0.0
01-13 20:00:00,0.0
01-13 21:00:00,0.0
01-13 22:00:00,0.0
01-13 23:00:00,0.0
01-14 00:00:00,0.0
01-14 01:00:00,0.0
01-14 02:00:00,0.0
01-14 03:00:00,0.0
01-14 04:00:00,0.0
01-14 05:00:00,0.0
01-14 06:00:00,0.0
01-14 07:00:00,0.0
01-14 08:00:00,149.02549801599997
01-14 09:00:00,281.319946187
01-14 10:00:00,399.4801186639999
01-14 11:00:00,473.42747235
01-14 12:00:00,487.035168944
01-14 13:00:00,397.510566772
01-14 14:00:00,271.134838627
01-14 15:00:00,133.36271232099998
01-14 16:00:00,0.0
01-14 17:00:00,0.0
01-14 18:00:00,0.0
01-14 19:00:00,0.0
01-14 20:00:00,0.0
01-14 21:00:00,0.0
01-14 22:00:00,0.0
01-14 23:00:00,0.0
01-15 00:00:00,0.0
01-15 01:00:00,0.0
01-15 02:00:00,0.0
01-15 03:00:00,0.0
01-15 04:00:00,0.0
01-15 05:00:00,0.0
01-15 06:00:00,0.0
01-15 07:00:00,0.0
01-15 08:00:00,149.02549801599997
01-15 09:00:00,281.319946187
01-15 10:00:00,399.4801186639999
01-15 11:00:00,473.42747235
01-15 12:00:00,487.035168944
01-15 13:00:00,397.510566772
01-15 14:00:00,271.134838627
01-15 15:00:00,133.36271232099998
01-15 16:00:00,0.0
01-15 17:00:00,0.0
01-15 18:00:00,0.0
01-15 19:00:00,0.0
01-15 20:00:00,0.0
01-15 21:00:00,0.0
01-15 22:00:00,0.0
01-15 23:00:00,0.0
01-16 00:00:00,0.0
01-16 01:00:00,0.0
01-16 02:00:00,0.0
01-16 03:00:00,0.0
01-16 04:00:00,0.0
01-16 05:00:00,0.0
01-16 06:00:00,0.0
01-16 07:00:00,0.0
01-16 08:00:00,149.02549801599997
01-16 09:00:00,281.319946187
01-16 10:00:00,399.4801186639999
01-16 11:00:00,473.42747235
01-16 12:00:00,487.035168944
01-16 13:00:00,397.510566772
01-16 14:00:00,271.134838627
01-16 15:00:00,133.36271232099998
01-16 16:00:00,0.0
01-16 17:00:00,0.0
01-16 18:00:00,0.0
01-16 19:00:00,0.0
01-16 20:00:00,0.0
01-16 21:00:00,0.0
01-16 22:00:00,0.0
01-16 23:00:00,0.0
01-17 00:00:00,0.0
01-17 01:00:00,0.0
01-17 02:00:00,0.0
01-17 03:00:00,0.0
01-17 04:00:00,0.0
01-17 05:00:00,0.0
01-17 06:00:00,0.0
01-17 07:00:00,0.0
01-17 08:00:00,149.02549801599997
01-17 09:00:00,281.319946187
01-17 10:00:00,399.4801186639999
01-17 11:00:00,473.42747235
01-17 12:00:00,487.035168944
01-17 13:00:00,397.510566772
01-17 14:00:00,271.134838627
01-17 15:00:00,133.36271232099998
01-17 16:00:00,0.0
01-17 17:00:00,0.0
01-17 18:00:00,0.0
01-17 19:00:00,0.0
01-17 20:00:00,0.0
01-17 21:00:00,0.0
01-17 22:00:00,0.0
01-17 23:00:00,0.0
01-18 00:00:00,0.0
01-18 01:00:00,0.0
01-18 02:00:00,0.0
01-18 03:00:00,0.0
01-18 04:00:00,0.0
01-18 05:00:00,0.0
01-18 06:00:00,0.0
01-18 07:00:00,0.0
01-18 08:00:00,149.02549801599997
01-18 09:00:00,281.319946187
01-18 10:00:00,399.4801186639999
01-18 11:00:00,473.42747235
01-18 12:00:00,487.035168944
01-18 13:00:00,397.510566772
01-18 14:00:00,271.134838627
01-18 15:00:00,133.36271232099998
01-18 16:00:00,0.0
01-18 17:00:00,0.0
01-18 18:00:00,0.0
01-18 19:00:00,0.0
01-18 20:00:00,0.0
01-18 21:00:00,0.0
01-18 22:00:00,0.0
01-18 23:00:00,0.0
01-19 00:00:00,0.0
01-19 01:00:00,0.0
01-19 02:00:00,0.0
01-19 03:00:00,0.0
01-19 04:00:00,0.0
01-19 05:00:00,0.0
01-19 06:00:00,0.0
01-19 07:00:00,0.0
01-19 08:00:00,149.02549801599997
01-19 09:00:00,281.319946187
01-19 10:00:00,399.4801186639999
01-19 11:00:00,473.42747235
01-19 12:00:00,487.035168944
01-19 13:00:00,397.510566772
01-19 14:00:00,271.134838627
01-19 15:00:00,133.36271232099998
01-19 16:00:00,0.0
01-19 17:00:00,0.0
01-19 18:00:00,0.0
01-19 19:00:00,0.0
01-19 20:00:00,0.0
01-19 21:00:00,0.0
01-19 22:00:00,0.0
01-19 23:00:00,0.0
01-20 00:00:00,0.0
01-20 01:00:00,0.0
01-20 02:00:00,0.0
01-20 03:00:00,0.0
01-20 04:00:00,0.0
01-20 05:00:00,0.0
01-20 06:00:00,0.0
01-20 07:00:00,0.0
01-20 08:00:00,149.02549801599997
01-20 09:00:00,281.319946187
01-20 10:00:00,399.4801186639999
01-20 11:00:00,473.42747235
01-20 12:00:00,487.035168944
01-20 13:00:00,397.510566772
01-20 14:00:00,271.134838627
01-20 15:00:00,133.36271232099998
01-20 16:00:00,0.0
01-20 17:00:00,0.0
01-20 18:00:00,0.0
01-20 19:00:00,0.0
01-20 20:00:00,0.0
01-20 21:00:00,0.0
01-20 22:00:00,0.0
01-20 23:00:00,0.0
01-21 00:00:00,0.0
01-21 01:00:00,0.0
01-21 02:00:00,0.0
01-21 03:00:00,0.0
01-21 04:00:00,0.0
01-21 05:00:00,0.0
01-21 06:00:00,0.0
01-21 07:00:00,0.0
01-21 08:00:00,149.02549801599997
01-21 09:00:00,281.319946187
01-21 10:00:00,399.4801186639999
01-21 11:00:00,473.42747235
01-21 12:00:00,487.035168944
01-21 13:00:00,397.510566772
01-21 14:00:00,271.134838627
01-21 15:00:00,133.36271232099998
01-21 16:00:00,0.0
01-21 17:00:00,0.0
01-21 18:00:00,0.0
01-21 19:00:00,0.0
01-21 20:00:00,0.0
01-21 21:00:00,0.0
01-21 22:00:00,0.0
01-21 23:00:00,0.0
01-22 00:00:00,0.0
01-22 01:00:00,0.0
01-22 02:00:00,0.0
01-22 03:00:00,0.0
01-22 04:00:00,0.0
01-22 05:00:00,0.0
01-22 06:00:00,0.0
01-22 07:00:00,0.0
01-22 08:00:00,149.02549801599997
01-22 09:00:00,281.319946187
01-22 10:00:00,399.4801186639999
01-22 11:00:00,473.42747235
01-22 12:00:00,487.035168944
01-22 13:00:00,397.510566772
01-22 14:00:00,271.134838627
01-22 15:00:00,133.36271232099998
01-22 16:00:00,0.0
01-22 17:00:00,0.0
01-22 18:00:00,0.0
01-22 19:00:00,0.0
01-22 20:00:00,0.0
01-22 21:00:00,0.0
01-22 22:00:00,0.0
01-22 23:00:00,0.0
01-23 00:00:00,0.0
01-23 01:00:00,0.0
01-23 02:00:00,0.0
01-23 03:00:00,0.0
01-23 04:00:00,0.0
01-23 05:00:00,0.0
01-23 06:00:00,0.0
01-23 07:00:00,0.0
01-23 08:00:00,149.02549801599997
01-23 09:00:00,281.319946187
01-23 10:00:00,399.4801186639999
01-23 11:00:00,473.42747235
01-23 12:00:00,487.035168944
01-23 13:00:00,397.510566772
01-23 14:00:00,271.134838627
01-23 15:00:00,133.36271232099998
01-23 16:00:00,0.0
01-23 17:00:00,0.0
01-23 18:00:00,0.0
01-23 19:00:00,0.0
01-23 20:00:00,0.0
01-23 21:00:00,0.0
01-23 22:00:00,0.0
01-23 23:00:00,0.0
01-24 00:00:00,0.0
01-24 01:00:00,0.0
01-24 02:00:00,0.0
01-24 03:00:00,0.0
01-24 04:00:00,0.0
01-24 05:00:00,0.0
01-24 06:00:00,0.0
01-24 07:00:00,0.0
01-24 08:00:00,149.02549801599997
01-24 09:00:00,281.319946187
01-24 10:00:00,399.4801186639999
01-24 11:00:00,473.42747235
01-24 12:00:00,487.035168944
01-24 13:00:00,397.510566772
01-24 14:00:00,271.134838627
01-24 15:00:00,133.36271232099998
01-24 16:00:00,0.0
01-24 17:00:00,0.0
01-24 18:00:00,0.0
01-24 19:00:00,0.0
01-24 20:00:00,0.0
01-24 21:00:00,0.0
01-24 22:00:00,0.0
01-24 23:00:00,0.0
01-25 00:00:00,0.0
01-25 01:00:00,0.0
01-25 02:00:00,0.0
01-25 03:00:00,0.0
01-25 04:00:00,0.0
01-25 05:00:00,0.0
01-25 06:00:00,0.0
01-25 07:00:00,0.0
01-25 08:00:00,149.02549801599997
01-25 09:00:00,281.319946187
01-25 10:00:00,399.4801186639999
01-25 11:00:00,473.42747235
01-25 12:00:00,487.035168944
01-25 13:00:00,397.510566772
01-25 14:00:00,271.134838627
01-25 15:00:00,133.36271232099998
01-25 16:00:00,0.0
01-25 17:00:00,0.0
01-25 18:00:00,0.0
01-25 19:00:00,0.0
01-25 20:00:00,0.0
01-25 21:00:00,0.0
01-25 22:00:00,0.0
01-25 23:00:00,0.0
01-26 00:00:00,0.0
01-26 01:00:00,0.0
01-26 02:00:00,0.0
01-26 03:00:00,0.0
01-26 04:00:00,0.0
01-26 05:00:00,0.0
01-26 06:00:00,0.0
01-26 07:00:00,0.0
01-26 08:00:00,149.02549801599997
01-26 09:00:00,281.319946187
01-26 10:00:00,399.4801186639999
01-26 11:00:00,473.42747235
01-26 12:00:00,487.035168944
01-26 13:00:00,397.510566772
01-26 14:00:00,271.134838627
01-26 15:00:00,133.36271232099998
01-26 16:00:00,0.0
01-26 17:00:00,0.0
01-26 18:00:00,0.0
01-26 19:00:00,0.0
01-26 20:00:00,0.0
01-26 21:00:00,0.0
01-26 22:00:00,0.0
01-26 23:00:00,0.0
01-27 00:00:00,0.0
01-27 01:00:00,0.0
01-27 02:00:00,0.0
01-27 03:00:00,0.0
01-27 04:00:00,0.0
01-27 05:00:00,0.0
01-27 06:00:00,0.0
01-27 07:00:00,0.0
01-27 08:00:00,149.02549801599997
01-27 09:00:00,281.319946187
01-27 10:00:00,399.4801186639999
01-27 11:00:00,473.42747235
01-27 12:00:00,487.035168944
01-27 13:00:00,397.510566772
01-27 14:00:00,271.134838627
01-27 15:00:00,133.36271232099998
01-27 16:00:00,0.0
01-27 17:00:00,0.0
01-27 18:00:00,0.0
01-27 19:00:00,0.0
01-27 20:00:00,0.0
01-27 21:00:00,0.0
01-27 22:00:00,0.0
01-27 23:00:00,0.0
01-28 00:00:00,0.0
01-28 01:00:00,0.0
01-28 02:00:00,0.0
01-28 03:00:00,0.0
01-28 04:00:00,0.0
01-28 05:00:00,0.0
01-28 06:00:00,0.0
01-28 07:00:00,0.0
01-28 08:00:00,149.02549801599997
01-28 09:00:00,281.319946187
01-28 10:00:00,399.4801186639999
01-28 11:00:00,473.42747235
01-28 12:00:00,487.035168944
01-28 13:00:00,397.510566772
01-28 14:00:00,271.134838627
01-28 15:00:00,133.36271232099998
01-28 16:00:00,0.0
01-28 17:00:00,0.0
01-28 18:00:00,0.0
01-28 19:00:00,0.0
01-28 20:00:00,0.0
01-28 21:00:00,0.0
01-28 22:00:00,0.0
01-28 23:00:00,0.0
01-29 00:00:00,0.0
01-29 01:00:00,0.0
01-29 02:00:00,0.0
01-29 03:00:00,0.0
01-29 04:00:00,0.0
01-29 05:00:00,0.0
01-29 06:00:00,0.0
01-29 07:00:00,0.0
01-29 08:00:00,149.02549801599997
01-29 09:00:00,281.319946187
01-29 10:00:00,399.4801186639999
01-29 11:00:00,473.42747235
01-29 12:00:00,487.035168944
01-29 13:00:00,397.510566772
01-29 14:00:00,271.134838627
01-29 15:00:00,133.36271232099998
01-29 16:00:00,0.0
01-29 17:00:00,0.0
01-29 18:00:00,0.0
01-29 19:00:00,0.0
01-29 20:00:00,0.0
01-29 21:00:00,0.0
01-29 22:00:00,0.0
01-29 23:00:00,0.0
01-30 00:00:00,0.0
01-30 01:00:00,0.0
01-30 02:00:00,0.0
01-30 03:00:00,0.0
01-30 04:00:00,0.0
01-30 05:00:00,0.0
01-30 06:00:00,0.0
01-30 07:00:00,0.0
01-30 08:00:00,149.02549801599997
01-30 09:00:00,281.319946187
01-30 10:00:00,399.4801186639999
01-30 11:00:00,473.42747235
01-30 12:00:00,487.035168944
01-30 13:00:00,397.510566772
01-30 14:00:00,271.134838627
01-30 15:00:00,133.36271232099998
01-30 16:00:00,0.0
01-30 17:00:00,0.0
01-30 18:00:00,0.0
01-30 19:00:00,0.0
01-30 20:00:00,0.0
01-30 21:00:00,0.0
01-30 22:00:00,0.0
01-30 23:00:00,0.0
01-31 00:00:00,0.0
01-31 01:00:00,0.0
01-31 02:00:00,0.0
01-31 03:00:00,0.0
01-31 04:00:00,0.0
01-31 05:00:00,0.0
01-31 06:00:00,0.0
01-31 07:00:00,0.0
01-31 08:00:00,149.02549801599997
01-31 09:00:00,281.319946187
01-31 10:00:00,399.4801186639999
01-31 11:00:00,473.42747235
01-31 12:00:00,487.035168944
01-31 13:00:00,397.510566772
01-31 14:00:00,271.134838627
01-31 15:00:00,133.36271232099998
01-31 16:00:00,0.0
01-31 17:00:00,0.0
01-31 18:00:00,0.0
01-31 19:00:00,0.0
01-31 20:00:00,0.0
01-31 21:00:00,0.0
01-31 22:00:00,0.0
01-31 23:00:00,0.0
02-01 00:00:00,0.0
02-01 01:00:00,0.0
02-01 02:00:00,0.0
02-01 03:00:00,0.0
02-01 04:00:00,0.0
02-01 05:00:00,0.0
02-01 06:00:00,0.0
02-01 07:00:00,101.323286336
02-01 08:00:00,266.726817201
02-01 09:00:00,465.17779707500006
02-01 10:00:00,625.3463053339999
02-01 11:00:00,714.357094954
02-01 12:00:00,724.482238395
02-01 13:00:00,645.141986045
02-01 14:00:00,482.43692853000005
02-01 15:00:00,294.21682575700004
02-01 16:00:00,123.237406836
02-01 17:00:00,0.0
02-01 18:00:00,0.0
02-01 19:00:00,0.0
02-01 20:00:00,0.0
02-01 21:00:00,0.0
02-01 22:00:00,0.0
02-01 23:00:00,0.0
02-02 00:00:00,0.0
02-02 01:00:00,0.0
02-02 02:00:00,0.0
02-02 03:00:00,0.0
02-02 04:00:00,0.0
02-02 05:00:00,0.0
02-02 06:00:00,0.0
02-02 07:00:00,101.323286336
02-02 08:00:00,266.726817201
02-02 09:00:00,465.17779707500006
02-02 10:00:00,625.3463053339999
02-02 11:00:00,714.357094954
02-02 12:00:00,724.482238395
02-02 13:00:00,645.141986045
02-02 14:00:00,482.43692853000005
02-02 15:00:00,294.21682575700004
02-02 16:00:00,123.237406836
02-02 17:00:00,0.0
02-02 18:00:00,0.0
02-02 19:00:00,0.0
02-02 20:00:00,0.0
02-02 21:00:00,0.0
02-02 22:00:00,0.0
02-02 23:00:00,0.0
02-03 00:00:00,0.0
02-03 01:00:00,0.0
02-03 02:00:00,0.0
02-03 03:00:00,0.0
02-03 04:00:00,0.0
02-03 05:00:00,0.0
02-03 06:00:00,0.0
02-03 07:00:00,101.323286336
02-03 08:00:00,266.726817201
02-03 09:00:00,465.17779707500006
02-03 10:00:00,625.3463053339999
02-03 11:00:00,714.357094954
02-03 12:00:00,724.482238395
02-03 13:00:00,645.141986045
02-03 14:00:00,482.43692853000005
02-03 15:00:00,294.21682575700004
02-03 16:00:00,123.237406836
02-03 17:00:00,0.0
02-03 18:00:00,0.0
02-03 19:00:00,0.0
02-03 20:00:00,0.0
02-03 21:00:00,0.0
02-03 22:00:00,0.0
02-03 23:00:00,0.0
02-04 00:00:00,0.0
02-04 01:00:00,0.0
02-04 02:00:00,0.0
02-04 03:00:00,0.0
02-04 04:00:00,0.0
02-04 05:00:00,0.0
02-04 06:00:00,0.0
02-04 07:00:00,101.323286336
02-04 08:00:00,266.726817201
02-04 09:00:00,465.17779707500006
02-04 10:00:00,625.3463053339999
02-04 11:00:00,714.357094954
02-04 12:00:00,724.482238395
02-04 13:00:00,645.141986045
02-04 14:00:00,482.43692853000005
02-04 15:00:00,294.21682575700004
02-04 16:00:00,123.237406836
02-04 17:00:00,0.0
02-04 18:00:00,0.0
02-04 19:00:00,0.0
02-04 20:00:00,0.0
02-04 21:00:00,0.0
02-04 22:00:00,0.0
02-04 23:00:00,0.0
02-05 00:00:00,0.0
02-05 01:00:00,0.0
02-05 02:00:00,0.0
02-05 03:00:00,0.0
02-05 04:00:00,0.0
02-05 05:00:00,0.0
02-05 06:00:00,0.0
02-05 07:00:00,101.323286336
02-05 08:00:00,266.726817201
02-05 09:00:00,465.17779707500006
02-05 10:00:00,625.3463053339999
02-05 11:00:00,714.357094954
02-05 12:00:00,724.482238395
02-05 13:00:00,645.141986045
02-05 14:00:00,482.43692853000005
02-05 15:00:00,294.21682575700004
02-05 16:00:00,123.237406836
02-05 17:00:00,0.0
02-05 18:00:00,0.0
02-05 19:00:00,0.0
02-05 20:00:00,0.0
02-05 21:00:00,0.0
02-05 22:00:00,0.0
02-05 23:00:00,0.0
02-06 00:00:00,0.0
02-06 01:00:00,0.0
02-06 02:00:00,0.0
02-06 03:00:00,0.0
02-06 04:00:00,0.0
02-06 05:00:00,0.0
02-06 06:00:00,0.0
02-06 07:00:00,101.323286336
02-06 08:00:00,266.726817201
02-06 09:00:00,465.17779707500006
02-06 10:00:00,625.3463053339999
02-06 11:00:00,714.357094954
02-06 12:00:00,724.482238395
02-06 13:00:00,645.141986045
02-06 14:00:00,482.43692853000005
02-06 15:00:00,294.21682575700004
02-06 16:00:00,123.237406836
02-06 17:00:00,0.0
02-06 18:00:00,0.0
02-06 19:00:00,0.0
02-06 20:00:00,0.0
02-06 21:00:00,0.0
02-06 22:00:00,0.0
02-06 23:00:00,0.0
02-07 00:00:00,0.0
02-07 01:00:00,0.0
02-07 02:00:00,0.0
02-07 03:00:00,0.0
02-07 04:00:00,0.0
02-07 05:00:00,0.0
02-07 06:00:00,0.0
02-07 07:00:00,101.323286336
02-07 08:00:00,266.726817201
02-07 09:00:00,465.17779707500006
02-07 10:00:00,625.3463053339999
02-07 11:00:00,714.357094954
02-07 12:00:00,724.482238395
02-07 13:00:00,645.141986045
02-07 14:00:00,482.43692853000005
02-07 15:00:00,294.21682575700004
02-07 16:00:00,123.237406836
02-07 17:00:00,0.0
02-07 18:00:00,0.0
02-07 19:00:00,0.0
02-07 20:00:00,0.0
02-07 21:00:00,0.0
02-07 22:00:00,0.0
02-07 23:00:00,0.0
02-08 00:00:00,0.0
02-08 01:00:00,0.0
02-08 02:00:00,0.0
02-08 03:00:00,0.0
02-08 04:00:00,0.0
02-08 05:00:00,0.0
02-08 06:00:00,0.0
02-08 07:00:00,101.323286336
02-08 08:00:00,266.726817201
02-08 09:00:00,465.17779707500006
02-08 10:00:00,625.3463053339999
02-08 11:00:00,714.357094954
02-08 12:00:00,724.482238395
02-08 13:00:00,645.141986045
02-08 14:00:00,482.43692853000005
02-08 15:00:00,294.21682575700004
02-08 16:00:00,123.237406836
02-08 17:00:00,0.0
02-08 18:00:00,0.0
02-08 19:00:00,0.0
02-08 20:00:00,0.0
02-08 21:00:00,0.0
02-08 22:00:00,0.0
02-08 23:00:00,0.0
02-09 00:00:00,0.0
02-09 01:00:00,0.0
02-09 02:00:00,0.0
02-09 03:00:00,0.0
02-09 04:00:00,0.0
02-09 05:00:00,0.0
02-09 06:00:00,0.0
02-09 07:00:00,101.323286336
02-09 08:00:00,266.726817201
02-09 09:00:00,465.17779707500006
02-09 10:00:00,625.3463053339999
02-09 11:00:00,714.357094954
02-09 12:00:00,724.482238395
02-09 13:00:00,645.141986045
02-09 14:00:00,482.43692853000005
02-09 15:00:00,294.21682575700004
02-09 16:00:00,123.237406836
02-09 17:00:00,0.0
02-09 18:00:00,0.0
02-09 19:00:00,0.0
02-09 20:00:00,0.0
02-09 21:00:00,0.0
02-09 22:00:00,0.0
02-09 23:00:00,0.0
02-10 00:00:00,0.0
02-10 01:00:00,0.0
02-10 02:00:00,0.0
02-10 03:00:00,0.0
02-10 04:00:00,0.0
02-10 05:00:00,0.0
02-10 06:00:00,0.0
02-10 07:00:00,101.323286336
02-10 08:00:00,266.726817201
02-10 09:00:00,465.17779707500006
02-10 10:00:00,625.3463053339999
02-10 11:00:00,714.357094954
02-10 12:00:00,724.482238395
02-10 13:00:00,645.141986045
02-10 14:00:00,482.43692853000005
02-10 15:00:00,294.21682575700004
02-10 16:00:00,123.237406836
02-10 17:00:00,0.0
02-10 18:00:00,0.0
02-10 19:00:00,0.0
02-10 20:00:00,0.0
02-10 21:00:00,0.0
02-10 22:00:00,0.0
02-10 23:00:00,0.0
02-11 00:00:00,0.0
02-11 01:00:00,0.0
02-11 02:00:00,0.0
02-11 03:00:00,0.0
02-11 04:00:00,0.0
02-11 05:00:00,0.0
02-11 06:00:00,0.0
02-11 07:00:00,101.323286336
02-11 08:00:00,266.726817201
02-11 09:00:00,465.17779707500006
02-11 10:00:00,625.3463053339999
02-11 11:00:00,714.357094954
02-11 12:00:00,724.482238395
02-11 13:00:00,645.141986045
02-11 14:00:00,482.43692853000005
02-11 15:00:00,294.21682575700004
02-11 16:00:00,123.237406836
02-11 17:00:00,0.0
02-11 18:00:00,0.0
02-11 19:00:00,0.0
02-11 20:00:00,0.0
02-11 21:00:00,0.0
02-11 22:00:00,0.0
02-11 23:00:00,0.0
02-12 00:00:00,0.0
02-12 01:00:00,0.0
02-12 02:00:00,0.0
02-12 03:00:00,0.0
02-12 04:00:00,0.0
02-12 05:00:00,0.0
02-12 06:00:00,0.0
02-12 07:00:00,101.323286336
02-12 08:00:00,266.726817201
02-12 09:00:00,465.17779707500006
02-12 10:00:00,625.3463053339999
02-12 11:00:00,714.357094954
02-12 12:00:00,724.482238395
02-12 13:00:00,645.141986045
02-12 14:00:00,482.43692853000005
02-12 15:00:00,294.21682575700004
02-12 16:00:00,123.237406836
02-12 17:00:00,0.0
02-12 18:00:00,0.0
02-12 19:00:00,0.0
02-12 20:00:00,0.0
02-12 21:00:00,0.0
02-12 22:00:00,0.0
02-12 23:00:00,0.0
02-13 00:00:00,0.0
02-13 01:00:00,0.0
02-13 02:00:00,0.0
02-13 03:00:00,0.0
02-13 04:00:00,0.0
02-13 05:00:00,0.0
02-13 06:00:00,0.0
02-13 07:00:00,101.323286336
02-13 08:00:00,266.726817201
02-13 09:00:00,465.17779707500006
02-13 10:00:00,625.3463053339999
02-13 11:00:00,714.357094954
02-13 12:00:00,724.482238395
02-13 13:00:00,645.141986045
02-13 14:00:00,482.43692853000005
02-13 15:00:00,294.21682575700004
02-13 16:00:00,123.237406836
02-13 17:00:00,0.0
02-13 18:00:00,0.0
02-13 19:00:00,0.0
02-13 20:00:00,0.0
02-13 21:00:00,0.0
02-13 22:00:00,0.0
02-13 23:00:00,0.0
02-14 00:00:00,0.0
02-14 01:00:00,0.0
02-14 02:00:00,0.0
02-14 03:00:00,0.0
02-14 04:00:00,0.0
02-14 05:00:00,0.0
02-14 06:00:00,0.0
02-14 07:00:00,101.323286336
02-14 08:00:00,266.726817201
02-14 09:00:00,465.17779707500006
02-14 10:00:00,625.3463053339999
02-14 11:00:00,714.357094954
02-14 12:00:00,724.482238395
02-14 13:00:00,645.141986045
02-14 14:00:00,482.43692853000005
02-14 15:00:00,294.21682575700004
02-14 16:00:00,123.237406836
02-14 17:00:00,0.0
02-14 18:00:00,0.0
02-14 19:00:00,0.0
02-14 20:00:00,0.0
02-14 21:00:00,0.0
02-14 22:00:00,0.0
02-14 23:00:00,0.0
02-15 00:00:00,0.0
02-15 01:00:00,0.0
02-15 02:00:00,0.0
02-15 03:00:00,0.0
02-15 04:00:00,0.0
02-15 05:00:00,0.0
02-15 06:00:00,0.0
02-15 07:00:00,101.323286336
02-15 08:00:00,266.726817201
02-15 09:00:00,465.17779707500006
02-15 10:00:00,625.3463053339999
02-15 11:00:00,714.357094954
02-15 12:00:00,724.482238395
02-15 13:00:00,645.141986045
02-15 14:00:00,482.43692853000005
02-15 15:00:00,294.21682575700004
02-15 16:00:00,123.237406836
02-15 17:00:00,0.0
02-15 18:00:00,0.0
02-15 19:00:00,0.0
02-15 20:00:00,0.0
02-15 21:00:00,0.0
02-15 22:00:00,0.0
02-15 23:00:00,0.0
02-16 00:00:00,0.0
02-16 01:00:00,0.0
02-16 02:00:00,0.0
02-16 03:00:00,0.0
02-16 04:00:00,0.0
02-16 05:00:00,0.0
02-16 06:00:00,0.0
02-16 07:00:00,101.323286336
02-16 08:00:00,266.726817201
02-16 09:00:00,465.17779707500006
02-16 10:00:00,625.3463053339999
02-16 11:00:00,714.357094954
02-16 12:00:00,724.482238395
02-16 13:00:00,645.141986045
02-16 14:00:00,482.43692853000005
02-16 15:00:00,294.21682575700004
02-16 16:00:00,123.237406836
02-16 17:00:00,0.0
02-16 18:00:00,0.0
02-16 19:00:00,0.0
02-16 20:00:00,0.0
02-16 21:00:00,0.0
02-16 22:00:00,0.0
02-16 23:00:00,0.0
02-17 00:00:00,0.0
02-17 01:00:00,0.0
02-17 02:00:00,0.0
02-17 03:00:00,0.0
02-17 04:00:00,0.0
02-17 05:00:00,0.0
02-17 06:00:00,0.0
02-17 07:00:00,101.323286336
02-17 08:00:00,266.726817201
02-17 09:00:00,465.17779707500006
02-17 10:00:00,625.3463053339999
02-17 11:00:00,714.357094954
02-17 12:00:00,724.482238395
02-17 13:00:00,645.141986045
02-17 14:00:00,482.43692853000005
02-17 15:00:00,294.21682575700004
02-17 16:00:00,123.237406836
02-17 17:00:00,0.0
02-17 18:00:00,0.0
02-17 19:00:00,0.0
02-17 20:00:00,0.0
02-17 21:00:00,0.0
02-17 22:00:00,0.0
02-17 23:00:00,0.0
02-18 00:00:00,0.0
02-18 01:00:00,0.0
02-18 02:00:00,0.0
02-18 03:00:00,0.0
02-18 04:00:00,0.0
02-18 05:00:00,0.0
02-18 06:00:00,0.0
02-18 07:00:00,101.323286336
02-18 08:00:00,266.726817201
02-18 09:00:00,465.17779707500006
02-18 10:00:00,625.3463053339999
02-18 11:00:00,714.357094954
02-18 12:00:00,724.482238395
02-18 13:00:00,645.141986045
02-18 14:00:00,482.43692853000005
02-18 15:00:00,294.21682575700004
02-18 16:00:00,123.237406836
02-18 17:00:00,0.0
02-18 18:00:00,0.0
02-18 19:00:00,0.0
02-18 20:00:00,0.0
02-18 21:00:00,0.0
02-18 22:00:00,0.0
02-18 23:00:00,0.0
02-19 00:00:00,0.0
02-19 01:00:00,0.0
02-19 02:00:00,0.0
02-19 03:00:00,0.0
02-19 04:00:00,0.0
02-19 05:00:00,0.0
02-19 06:00:00,0.0
02-19 07:00:00,101.323286336
02-19 08:00:00,266.726817201
02-19 09:00:00,465.17779707500006
02-19 10:00:00,625.3463053339999
02-19 11:00:00,714.357094954
02-19 12:00:00,724.482238395
02-19 13:00:00,645.141986045
02-19 14:00:00,482.43692853000005
02-19 15:00:00,294.21682575700004
02-19 16:00:00,123.237406836
02-19 17:00:00,0.0
02-19 18:00:00,0.0
02-19 19:00:00,0.0
02-19 20:00:00,0.0
02-19 21:00:00,0.0
02-19 22:00:00,0.0
02-19 23:00:00,0.0
02-20 00:00:00,0.0
02-20 01:00:00,0.0
02-20 02:00:00,0.0
02-20 03:00:00,0.0
02-20 04:00:00,0.0
02-20 05:00:00,0.0
02-20 06:00:00,0.0
02-20 07:00:00,101.323286336
02-20 08:00:00,266.726817201
02-20 09:00:00,465.17779707500006
02-20 10:00:00,625.3463053339999
02-20 11:00:00,714.357094954
02-20 12:00:00,724.482238395
02-20 13:00:00,645.141986045
02-20 14:00:00,482.43692853000005
02-20 15:00:00,294.21682575700004
02-20 16:00:00,123.237406836
02-20 17:00:00,0.0
02-20 18:00:00,0.0
02-20 19:00:00,0.0
02-20 20:00:00,0.0
02-20 21:00:00,0.0
02-20 22:00:00,0.0
02-20 23:00:00,0.0
02-21 00:00:00,0.0
02-21 01:00:00,0.0
02-21 02:00:00,0.0
02-21 03:00:00,0.0
02-21 04:00:00,0.0
02-21 05:00:00,0.0
02-21 06:00:00,0.0
02-21 07:00:00,101.323286336
02-21 08:00:00,266.726817201
02-21 09:00:00,465.17779707500006
02-21 10:00:00,625.3463053339999
02-21 11:00:00,714.357094954
02-21 12:00:00,724.482238395
02-21 13:00:00,645.141986045
02-21 14:00:00,482.43692853000005
02-21 15:00:00,294.21682575700004
02-21 16:00:00,123.237406836
02-21 17:00:00,0.0
02-21 18:00:00,0.0
02-21 19:00:00,0.0
02-21 20:00:00,0.0
02-21 21:00:00,0.0
02-21 22:00:00,0.0
02-21 23:00:00,0.0
02-22 00:00:00,0.0
02-22 01:00:00,0.0
02-22 02:00:00,0.0
02-22 03:00:00,0.0
02-22 04:00:00,0.0
02-22 05:00:00,0.0
02-22 06:00:00,0.0
02-22 07:00:00,101.323286336
02-22 08:00:00,266.726817201
02-22 09:00:00,465.17779707500006
02-22 10:00:00,625.3463053339999
02-22 11:00:00,714.357094954
02-22 12:00:00,724.482238395
02-22 13:00:00,645.141986045
02-22 14:00:00,482.43692853000005
02-22 15:00:00,294.21682575700004
02-22 16:00:00,123.237406836
02-22 17:00:00,0.0
02-22 18:00:00,0.0
02-22 19:00:00,0.0
02-22 20:00:00,0.0
02-22 21:00:00,0.0
02-22 22:00:00,0.0
02-22 23:00:00,0.0
02-23 00:00:00,0.0
02-23 01:00:00,0.0
02-23 02:00:00,0.0
02-23 03:00:00,0.0
02-23 04:00:00,0.0
02-23 05:00:00,0.0
02-23 06:00:00,0.0
02-23 07:00:00,101.323286336
02-23 08:00:00,266.726817201
02-23 09:00:00,465.17779707500006
02-23 10:00:00,625.3463053339999
02-23 11:00:00,714.357094954
02-23 12:00:00,724.482238395
02-23 13:00:00,645.141986045
02-23 14:00:00,482.43692853000005
02-23 15:00:00,294.21682575700004
02-23 16:00:00,123.237406836
02-23 17:00:00,0.0
02-23 18:00:00,0.0
02-23 19:00:00,0.0
02-23 20:00:00,0.0
02-23 21:00:00,0.0
02-23 22:00:00,0.0
02-23 23:00:00,0.0
02-24 00:00:00,0.0
02-24 01:00:00,0.0
02-24 02:00:00,0.0
02-24 03:00:00,0.0
02-24 04:00:00,0.0
02-24 05:00:00,0.0
02-24 06:00:00,0.0
02-24 07:00:00,101.323286336
02-24 08:00:00,266.726817201
02-24 09:00:00,465.17779707500006
02-24 10:00:00,625.3463053339999
02-24 11:00:00,714.357094954
02-24 12:00:00,724.482238395
02-24 13:00:00,645.141986045
02-24 14:00:00,482.43692853000005
02-24 15:00:00,294.21682575700004
02-24 16:00:00,123.237406836
02-24 17:00:00,0.0
02-24 18:00:00,0.0
02-24 19:00:00,0.0
02-24 20:00:00,0.0
02-24 21:00:00,0.0
02-24 22:00:00,0.0
02-24 23:00:00,0.0
02-25 00:00:00,0.0
02-25 01:00:00,0.0
02-25 02:00:00,0.0
02-25 03:00:00,0.0
02-25 04:00:00,0.0
02-25 05:00:00,0.0
02-25 06:00:00,0.0
02-25 07:00:00,101.323286336
02-25 08:00:00,266.726817201
02-25 09:00:00,465.17779707500006
02-25 10:00:00,625.3463053339999
02-25 11:00:00,714.357094954
02-25 12:00:00,724.482238395
02-25 13:00:00,645.141986045
02-25 14:00:00,482.43692853000005
02-25 15:00:00,294.21682575700004
02-25 16:00:00,123.237406836
02-25 17:00:00,0.0
02-25 18:00:00,0.0
02-25 19:00:00,0.0
02-25 20:00:00,0.0
02-25 21:00:00,0.0
02-25 22:00:00,0.0
02-25 23:00:00,0.0
02-26 00:00:00,0.0
02-26 01:00:00,0.0
02-26 02:00:00,0.0
02-26 03:00:00,0.0
02-26 04:00:00,0.0
02-26 05:00:00,0.0
02-26 06:00:00,0.0
02-26 07:00:00,101.323286336
02-26 08:00:00,266.726817201
02-26 09:00:00,465.17779707500006
02-26 10:00:00,625.3463053339999
02-26 11:00:00,714.357094954
02-26 12:00:00,724.482238395
02-26 13:00:00,645.141986045
02-26 14:00:00,482.43692853000005
02-26 15:00:00,294.21682575700004
02-26 16:00:00,123.237406836
02-26 17:00:00,0.0
02-26 18:00:00,0.0
02-26 19:00:00,0.0
02-26 20:00:00,0.0
02-26 21:00:00,0.0
02-26 22:00:00,0.0
02-26 23:00:00,0.0
02-27 00:00:00,0.0
02-27 01:00:00,0.0
02-27 02:00:00,0.0
02-27 03:00:00,0.0
02-27 04:00:00,0.0
02-27 05:00:00,0.0
02-27 06:00:00,0.0
02-27 07:00:00,101.323286336
02-27 08:00:00,266.726817201
02-27 09:00:00,465.17779707500006
02-27 10:00:00,625.3463053339999
02-27 11:00:00,714.357094954
02-27 12:00:00,724.482238395
02-27 13:00:00,645.141986045
02-27 14:00:00,482.43692853000005
02-27 15:00:00,294.21682575700004
02-27 16:00:00,123.237406836
02-27 17:00:00,0.0
02-27 18:00:00,0.0
02-27 19:00:00,0.0
02-27 20:00:00,0.0
02-27 21:00:00,0.0
02-27 22:00:00,0.0
02-27 23:00:00,0.0
02-28 00:00:00,0.0
02-28 01:00:00,0.0
02-28 02:00:00,0.0
02-28 03:00:00,0.0
02-28 04:00:00,0.0
02-28 05:00:00,0.0
02-28 06:00:00,0.0
02-28 07:00:00,101.323286336
02-28 08:00:00,266.726817201
02-28 09:00:00,465.17779707500006
02-28 10:00:00,625.3463053339999
02-28 11:00:00,714.357094954
02-28 12:00:00,724.482238395
02-28 13:00:00,645.141986045
02-28 14:00:00,482.43692853000005
02-28 15:00:00,294.21682575700004
02-28 16:00:00,123.237406836
02-28 17:00:00,0.0
02-28 18:00:00,0.0
02-28 19:00:00,0.0
02-28 20:00:00,0.0
02-28 21:00:00,0.0
02-28 22:00:00,0.0
02-28 23:00:00,0.0
03-01 00:00:00,0.0
03-01 01:00:00,0.0
03-01 02:00:00,0.0
03-01 03:00:00,0.0
03-01 04:00:00,0.0
03-01 05:00:00,0.0
03-01 06:00:00,85.491748261
03-01 07:00:00,231.337320575
03-01 08:00:00,450.495780524
03-01 09:00:00,691.19175913
03-01 10:00:00,852.66330744
03-01 11:00:00,926.0077698399999
03-01 12:00:00,914.8288387599999
03-01 13:00:00,822.03263507
03-01 14:00:00,646.9447098000002
03-01 15:00:00,436.957572119
03-01 16:00:00,232.571259619
03-01 17:00:00,87.874475185
03-01 18:00:00,0.0
03-01 19:00:00,0.0
03-01 20:00:00,0.0
03-01 21:00:00,0.0
03-01 22:00:00,0.0
03-01 23:00:00,0.0
03-02 00:00:00,0.0
03-02 01:00:00,0.0
03-02 02:00:00,0.0
03-02 03:00:00,0.0
03-02 04:00:00,0.0
03-02 05:00:00,0.0
03-02 06:00:00,85.491748261
03-02 07:00:00,231.337320575
03-02 08:00:00,450.495780524
03-02 09:00:00,691.19175913
03-02 10:00:00,852.66330744
03-02 11:00:00,926.0077698399999
03-02 12:00:00,914.8288387599999
03-02 13:00:00,822.03263507
03-02 14:00:00,646.9447098000002
03-02 15:00:00,436.957572119
03-02 16:00:00,232.571259619
03-02 17:00:00,87.874475185
03-02 18:00:00,0.0
03-02 19:00:00,0.0
03-02 20:00:00,0.0
03-02 21:00:00,0.0
03-02 22:00:00,0.0
03-02 23:00:00,0.0
03-03 00:00:00,0.0
03-03 01:00:00,0.0
03-03 02:00:00,0.0
03-03 03:00:00,0.0
03-03 04:00:00,0.0
03-03 05:00:00,0.0
03-03 06:00:00,85.491748261
03-03 07:00:00,231.337320575
03-03 08:00:00,450.495780524
03-03 09:00:00,691.19175913
03-03 10:00:00,852.66330744
03-03 11:00:00,926.0077698399999
03-03 12:00:00,914.8288387599999
03-03 13:00:00,822.03263507
03-03 14:00:00,646.9447098000002
03-03 15:00:00,436.957572119
03-03 16:00:00,232.571259619
03-03 17:00:00,87.874475185
03-03 18:00:00,0.0
03-03 19:00:00,0.0
03-03 20:00:00,0.0
03-03 21:00:00,0.0
03-03 22:00:00,0.0
03-03 23:00:00,0.0
03-04 00:00:00,0.0
03-04 01:00:00,0.0
03-04 02:00:00,0.0
03-04 03:00:00,0.0
03-04 04:00:00,0.0
03-04 05:00:00,0.0
03-04 06:00:00,85.491748261
03-04 07:00:00,231.337320575
03-04 08:00:00,450.495780524
03-04 09:00:00,691.19175913
03-04 10:00:00,852.66330744
03-04 11:00:00,926.0077698399999
03-04 12:00:00,914.8288387599999
03-04 13:00:00,822.03263507
03-04 14:00:00,646.9447098000002
03-04 15:00:00,436.957572119
03-04 16:00:00,232.571259619
03-04 17:00:00,87.874475185
03-04 18:00:00,0.0
03-04 19:00:00,0.0
03-04 20:00:00,0.0
03-04 21:00:00,0.0
03-04 22:00:00,0.0
03-04 23:00:00,0.0
03-05 00:00:00,0.0
03-05 01:00:00,0.0
03-05 02:00:00,0.0
03-05 03:00:00,0.0
03-05 04:00:00,0.0
03-05 05:00:00,0.0
03-05 06:00:00,85.491748261
03-05 07:00:00,231.337320575
03-05 08:00:00,450.495780524
03-05 09:00:00,691.19175913
03-05 10:00:00,852.66330744
03-05 11:00:00,926.0077698399999
03-05 12:00:00,914.8288387599999
03-05 13:00:00,822.03263507
03-05 14:00:00,646.9447098000002
03-05 15:00:00,436.957572119
03-05 16:00:00,232.571259619
03-05 17:00:00,87.874475185
03-05 18:00:00,0.0
03-05 19:00:00,0.0
03-05 20:00:00,0.0
03-05 21:00:00,0.0
03-05 22:00:00,0.0
03-05 23:00:00,0.0
03-06 00:00:00,0.0
03-06 01:00:00,0.0
03-06 02:00:00,0.0
03-06 03:00:00,0.0
03-06 04:00:00,0.0
03-06 05:00:00,0.0
03-06 06:00:00,85.491748261
03-06 07:00:00,231.337320575
03-06 08:00:00,450.495780524
03-06 09:00:00,691.19175913
03-06 10:00:00,852.66330744
03-06 11:00:00,926.0077698399999
03-06 12:00:00,914.8288387599999
03-06 13:00:00,822.03263507
03-06 14:00:00,646.9447098000002
03-06 15:00:00,436.957572119
03-06 16:00:00,232.571259619
03-06 17:00:00,87.874475185
03-06 18:00:00,0.0
03-06 19:00:00,0.0
03-06 20:00:00,0.0
03-06 21:00:00,0.0
03-06 22:00:00,0.0
03-06 23:00:00,0.0
03-07 00:00:00,0.0
03-07 01:00:00,0.0
03-07 02:00:00,0.0
03-07 03:00:00,0.0
03-07 04:00:00,0.0
03-07 05:00:00,0.0
03-07 06:00:00,85.491748261
03-07 07:00:00,231.337320575
03-07 08:00:00,450.495780524
03-07 09:00:00,691.19175913
03-07 10:00:00,852.66330744
03-07 11:00:00,926.0077698399999
03-07 12:00:00,914.8288387599999
03-07 13:00:00,822.03263507
03-07 14:00:00,646.9447098000002
03-07 15:00:00,436.957572119
03-07 16:00:00,232.571259619
03-07 17:00:00,87.874475185
03-07 18:00:00,0.0
03-07 19:00:00,0.0
03-07 20:00:00,0.0
03-07 21:00:00,0.0
03-07 22:00:00,0.0
03-07 23:00:00,0.0
03-08 00:00:00,0.0
03-08 01:00:00,0.0
03-08 02:00:00,0.0
03-08 03:00:00,0.0
03-08 04:00:00,0.0
03-08 05:00:00,0.0
03-08 06:00:00,85.491748261
03-08 07:00:00,231.337320575
03-08 08:00:00,450.495780524
03-08 09:00:00,691.19175913
03-08 10:00:00,852.66330744
03-08 11:00:00,926.0077698399999
03-08 12:00:00,914.8288387599999
03-08 13:00:00,822.03263507
03-08 14:00:00,646.9447098000002
03-08 15:00:00,436.957572119
03-08 16:00:00,232.571259619
03-08 17:00:00,87.874475185
03-08 18:00:00,0.0
03-08 19:00:00,0.0
03-08 20:00:00,0.0
03-08 21:00:00,0.0
03-08 22:00:00,0.0
03-08 23:00:00,0.0
03-09 00:00:00,0.0
03-09 01:00:00,0.0
03-09 02:00:00,0.0
03-09 03:00:00,0.0
03-09 04:00:00,0.0
03-09 05:00:00,0.0
03-09 06:00:00,85.491748261
03-09 07:00:00,231.337320575
03-09 08:00:00,450.495780524
03-09 09:00:00,691.19175913
03-09 10:00:00,852.66330744
03-09 11:00:00,926.0077698399999
03-09 12:00:00,914.8288387599999
03-09 13:00:00,822.03263507
03-09 14:00:00,646.9447098000002
03-09 15:00:00,436.957572119
03-09 16:00:00,232.571259619
03-09 17:00:00,87.874475185
03-09 18:00:00,0.0
03-09 19:00:00,0.0
03-09 20:00:00,0.0
03-09 21:00:00,0.0
03-09 22:00:00,0.0
03-09 23:00:00,0.0
03-10 00:00:00,0.0
03-10 01:00:00,0.0
03-10 02:00:00,0.0
03-10 03:00:00,0.0
03-10 04:00:00,0.0
03-10 05:00:00,0.0
03-10 06:00:00,85.491748261
03-10 07:00:00,231.337320575
03-10 08:00:00,450.495780524
03-10 09:00:00,691.19175913
03-10 10:00:00,852.66330744
03-10 11:00:00,926.0077698399999
03-10 12:00:00,914.8288387599999
03-10 13:00:00,822.03263507
03-10 14:00:00,646.9447098000002
03-10 15:00:00,436.957572119
03-10 16:00:00,232.571259619
03-10 17:00:00,87.874475185
03-10 18:00:00,0.0
03-10 19:00:00,0.0
03-10 20:00:00,0.0
03-10 21:00:00,0.0
03-10 22:00:00,0.0
03-10 23:00:00,0.0
03-11 00:00:00,0.0
03-11 01:00:00,0.0
03-11 02:00:00,0.0
03-11 03:00:00,0.0
03-11 04:00:00,0.0
03-11 05:00:00,0.0
03-11 06:00:00,85.491748261
03-11 07:00:00,231.337320575
03-11 08:00:00,450.495780524
03-11 09:00:00,691.19175913
03-11 10:00:00,852.66330744
03-11 11:00:00,926.0077698399999
03-11 12:00:00,914.8288387599999
03-11 13:00:00,822.03263507
03-11 14:00:00,646.9447098000002
03-11 15:00:00,436.957572119
03-11 16:00:00,232.571259619
03-11 17:00:00,87.874475185
03-11 18:00:00,0.0
03-11 19:00:00,0.0
03-11 20:00:00,0.0
03-11 21:00:00,0.0
03-11 22:00:00,0.0
03-11 23:00:00,0.0
03-12 00:00:00,0.0
03-12 01:00:00,0.0
03-12 02:00:00,0.0
03-12 03:00:00,0.0
03-12 04:00:00,0.0
03-12 05:00:00,0.0
03-12 06:00:00,85.491748261
03-12 07:00:00,231.337320575
03-12 08:00:00,450.495780524
03-12 09:00:00,691.19175913
03-12 10:00:00,852.66330744
03-12 11:00:00,926.0077698399999
03-12 12:00:00,914.8288387599999
03-12 13:00:00,822.03263507
03-12 14:00:00,646.9447098000002
03-12 15:00:00,436.957572119
03-12 16:00:00,232.571259619
03-12 17:00:00,87.874475185
03-12 18:00:00,0.0
03-12 19:00:00,0.0
03-12 20:00:00,0.0
03-12 21:00:00,0.0
03-12 22:00:00,0.0
03-12 23:00:00,0.0
03-13 00:00:00,0.0
03-13 01:00:00,0.0
03-13 02:00:00,0.0
03-13 03:00:00,0.0
03-13 04:00:00,0.0
03-13 05:00:00,0.0
03-13 06:00:00,85.491748261
03-13 07:00:00,231.337320575
03-13 08:00:00,450.495780524
03-13 09:00:00,691.19175913
03-13 10:00:00,852.66330744
03-13 11:00:00,926.0077698399999
03-13 12:00:00,914.8288387599999
03-13 13:00:00,822.03263507
03-13 14:00:00,646.9447098000002
03-13 15:00:00,436.957572119
03-13 16:00:00,232.571259619
03-13 17:00:00,87.874475185
03-13 18:00:00,0.0
03-13 19:00:00,0.0
03-13 20:00:00,0.0
03-13 21:00:00,0.0
03-13 22:00:00,0.0
03-13 23:00:00,0.0
03-14 00:00:00,0.0
03-14 01:00:00,0.0
03-14 02:00:00,0.0
03-14 03:00:00,0.0
03-14 04:00:00,0.0
03-14 05:00:00,0.0
03-14 06:00:00,85.491748261
03-14 07:00:00,231.337320575
03-14 08:00:00,450.495780524
03-14 09:00:00,691.19175913
03-14 10:00:00,852.66330744
03-14 11:00:00,926.0077698399999
03-14 12:00:00,914.8288387599999
03-14 13:00:00,822.03263507
03-14 14:00:00,646.9447098000002
03-14 15:00:00,436.957572119
03-14 16:00:00,232.571259619
03-14 17:00:00,87.874475185
03-14 18:00:00,0.0
03-14 19:00:00,0.0
03-14 20:00:00,0.0
03-14 21:00:00,0.0
03-14 22:00:00,0.0
03-14 23:00:00,0.0
03-15 00:00:00,0.0
03-15 01:00:00,0.0
03-15 02:00:00,0.0
03-15 03:00:00,0.0
03-15 04:00:00,0.0
03-15 05:00:00,0.0
03-15 06:00:00,85.491748261
03-15 07:00:00,231.337320575
03-15 08:00:00,450.495780524
03-15 09:00:00,691.19175913
03-15 10:00:00,852.66330744
03-15 11:00:00,926.0077698399999
03-15 12:00:00,914.8288387599999
03-15 13:00:00,822.03263507
03-15 14:00:00,646.9447098000002
03-15 15:00:00,436.957572119
03-15 16:00:00,232.571259619
03-15 17:00:00,87.874475185
03-15 18:00:00,0.0
03-15 19:00:00,0.0
03-15 20:00:00,0.0
03-15 21:00:00,0.0
03-15 22:00:00,0.0
03-15 23:00:00,0.0
03-16 00:00:00,0.0
03-16 01:00:00,0.0
03-16 02:00:00,0.0
03-16 03:00:00,0.0
03-16 04:00:00,0.0
03-16 05:00:00,0.0
03-16 06:00:00,85.491748261
03-16 07:00:00,231.337320575
03-16 08:00:00,450.495780524
03-16 09:00:00,691.19175913
03-16 10:00:00,852.66330744
03-16 11:00:00,926.0077698399999
03-16 12:00:00,914.8288387599999
03-16 13:00:00,822.03263507
03-16 14:00:00,646.9447098000002
03-16 15:00:00,436.957572119
03-16 16:00:00,232.571259619
03-16 17:00:00,87.874475185
03-16 18:00:00,0.0
03-16 19:00:00,0.0
03-16 20:00:00,0.0
03-16 21:00:00,0.0
03-16 22:00:00,0.0
03-16 23:00:00,0.0
03-17 00:00:00,0.0
03-17 01:00:00,0.0
03-17 02:00:00,0.0
03-17 03:00:00,0.0
03-17 04:00:00,0.0
03-17 05:00:00,0.0
03-17 06:00:00,85.491748261
03-17 07:00:00,231.337320575
03-17 08:00:00,450.495780524
03-17 09:00:00,691.19175913
03-17 10:00:00,852.66330744
03-17 11:00:00,926.0077698399999
03-17 12:00:00,914.8288387599999
03-17 13:00:00,822.03263507
03-17 14:00:00,646.9447098000002
03-17 15:00:00,436.957572119
03-17 16:00:00,232.571259619
03-17 17:00:00,87.874475185
03-17 18:00:00,0.0
03-17 19:00:00,0.0
03-17 20:00:00,0.0
03-17 21:00:00,0.0
03-17 22:00:00,0.0
03-17 23:00:00,0.0
03-18 00:00:00,0.0
03-18 01:00:00,0.0
03-18 02:00:00,0.0
03-18 03:00:00,0.0
03-18 04:00:00,0.0
03-18 05:00:00,0.0
03-18 06:00:00,85.491748261
03-18 07:00:00,231.337320575
03-18 08:00:00,450.495780524
03-18 09:00:00,691.19175913
03-18 10:00:00,852.66330744
03-18 11:00:00,926.0077698399999
03-18 12:00:00,914.8288387599999
03-18 13:00:00,822.03263507
03-18 14:00:00,646.9447098000002
03-18 15:00:00,436.957572119
03-18 16:00:00,232.571259619
03-18 17:00:00,87.874475185
03-18 18:00:00,0.0
03-18 19:00:00,0.0
03-18 20:00:00,0.0
03-18 21:00:00,0.0
03-18 22:00:00,0.0
03-18 23:00:00,0.0
03-19 00:00:00,0.0
03-19 01:00:00,0.0
03-19 02:00:00,0.0
03-19 03:00:00,0.0
03-19 04:00:00,0.0
03-19 05:00:00,0.0
03-19 06:00:00,85.491748261
03-19 07:00:00,231.337320575
03-19 08:00:00,450.495780524
03-19 09:00:00,691.19175913
03-19 10:00:00,852.66330744
03-19 11:00:00,926.0077698399999
03-19 12:00:00,914.8288387599999
03-19 13:00:00,822.03263507
03-19 14:00:00,646.9447098000002
03-19 15:00:00,436.957572119
03-19 16:00:00,232.571259619
03-19 17:00:00,87.874475185
03-19 18:00:00,0.0
03-19 19:00:00,0.0
03-19 20:00:00,0.0
03-19 21:00:00,0.0
03-19 22:00:00,0.0
03-19 23:00:00,0.0
03-20 00:00:00,0.0
03-20 01:00:00,0.0
03-20 02:00:00,0.0
03-20 03:00:00,0.0
03-20 04:00:00,0.0
03-20 05:00:00,0.0
03-20 06:00:00,85.491748261
03-20 07:00:00,231.337320575
03-20 08:00:00,450.495780524
03-20 09:00:00,691.19175913
03-20 10:00:00,852.66330744
03-20 11:00:00,926.0077698399999
03-20 12:00:00,914.8288387599999
03-20 13:00:00,822.03263507
03-20 14:00:00,646.9447098000002
03-20 15:00:00,436.957572119
03-20 16:00:00,232.571259619
03-20 17:00:00,87.874475185
03-20 18:00:00,0.0
03-20 19:00:00,0.0
03-20 20:00:00,0.0
03-20 21:00:00,0.0
03-20 22:00:00,0.0
03-20 23:00:00,0.0
03-21 00:00:00,0.0
03-21 01:00:00,0.0
03-21 02:00:00,0.0
03-21 03:00:00,0.0
03-21 04:00:00,0.0
03-21 05:00:00,0.0
03-21 06:00:00,85.491748261
03-21 07:00:00,231.337320575
03-21 08:00:00,450.495780524
03-21 09:00:00,691.19175913
03-21 10:00:00,852.66330744
03-21 11:00:00,926.0077698399999
03-21 12:00:00,914.8288387599999
03-21 13:00:00,822.03263507
03-21 14:00:00,646.9447098000002
03-21 15:00:00,436.957572119
03-21 16:00:00,232.571259619
03-21 17:00:00,87.874475185
03-21 18:00:00,0.0
03-21 19:00:00,0.0
03-21 20:00:00,0.0
03-21 21:00:00,0.0
03-21 22:00:00,0.0
03-21 23:00:00,0.0
03-22 00:00:00,0.0
03-22 01:00:00,0.0
03-22 02:00:00,0.0
03-22 03:00:00,0.0
03-22 04:00:00,0.0
03-22 05:00:00,0.0
03-22 06:00:00,85.491748261
03-22 07:00:00,231.337320575
03-22 08:00:00,450.495780524
03-22 09:00:00,691.19175913
03-22 10:00:00,852.66330744
03-22 11:00:00,926.0077698399999
03-22 12:00:00,914.8288387599999
03-22 13:00:00,822.03263507
03-22 14:00:00,646.9447098000002
03-22 15:00:00,436.957572119
03-22 16:00:00,232.571259619
03-22 17:00:00,87.874475185
03-22 18:00:00,0.0
03-22 19:00:00,0.0
03-22 20:00:00,0.0
03-22 21:00:00,0.0
03-22 22:00:00,0.0
03-22 23:00:00,0.0
03-23 00:00:00,0.0
03-23 01:00:00,0.0
03-23 02:00:00,0.0
03-23 03:00:00,0.0
03-23 04:00:00,0.0
03-23 05:00:00,0.0
03-23 06:00:00,85.491748261
03-23 07:00:00,231.337320575
03-23 08:00:00,450.495780524
03-23 09:00:00,691.19175913
03-23 10:00:00,852.66330744
03-23 11:00:00,926.0077698399999
03-23 12:00:00,914.8288387599999
03-23 13:00:00,822.03263507
03-23 14:00:00,646.9447098000002
03-23 15:00:00,436.957572119
03-23 16:00:00,232.571259619
03-23 17:00:00,87.874475185
03-23 18:00:00,0.0
03-23 19:00:00,0.0
03-23 20:00:00,0.0
03-23 21:00:00,0.0
03-23 22:00:00,0.0
03-23 23:00:00,0.0
03-24 00:00:00,0.0
03-24 01:00:00,0.0
03-24 02:00:00,0.0
03-24 03:00:00,0.0
03-24 04:00:00,0.0
03-24 05:00:00,0.0
03-24 06:00:00,85.491748261
03-24 07:00:00,231.337320575
03-24 08:00:00,450.495780524
03-24 09:00:00,691.19175913
03-24 10:00:00,852.66330744
03-24 11:00:00,926.0077698399999
03-24 12:00:00,914.8288387599999
03-24 13:00:00,822.03263507
03-24 14:00:00,646.9447098000002
03-24 15:00:00,436.957572119
03-24 16:00:00,232.571259619
03-24 17:00:00,87.874475185
03-24 18:00:00,0.0
03-24 19:00:00,0.0
03-24 20:00:00,0.0
03-24 21:00:00,0.0
03-24 22:00:00,0.0
03-24 23:00:00,0.0
03-25 00:00:00,0.0
03-25 01:00:00,0.0
03-25 02:00:00,0.0
03-25 03:00:00,0.0
03-25 04:00:00,0.0
03-25 05:00:00,0.0
03-25 06:00:00,85.491748261
03-25 07:00:00,231.337320575
03-25 08:00:00,450.495780524
03-25 09:00:00,691.19175913
03-25 10:00:00,852.66330744
03-25 11:00:00,926.0077698399999
03-25 12:00:00,914.8288387599999
03-25 13:00:00,822.03263507
03-25 14:00:00,646.9447098000002
03-25 15:00:00,436.957572119
03-25 16:00:00,232.571259619
03-25 17:00:00,87.874475185
03-25 18:00:00,0.0
03-25 19:00:00,0.0
03-25 20:00:00,0.0
03-25 21:00:00,0.0
03-25 22:00:00,0.0
03-25 23:00:00,0.0
03-26 00:00:00,0.0
03-26 01:00:00,0.0
03-26 02:00:00,0.0
03-26 03:00:00,0.0
03-26 04:00:00,0.0
03-26 05:00:00,0.0
03-26 06:00:00,85.491748261
03-26 07:00:00,231.337320575
03-26 08:00:00,450.495780524
03-26 09:00:00,691.19175913
03-26 10:00:00,852.66330744
03-26 11:00:00,926.0077698399999
03-26 12:00:00,914.8288387599999
03-26 13:00:00,822.03263507
03-26 14:00:00,646.9447098000002
03-26 15:00:00,436.957572119
03-26 16:00:00,232.571259619
03-26 17:00:00,87.874475185
03-26 18:00:00,0.0
03-26 19:00:00,0.0
03-26 20:00:00,0.0
03-26 21:00:00,0.0
03-26 22:00:00,0.0
03-26 23:00:00,0.0
03-27 00:00:00,0.0
03-27 01:00:00,0.0
03-27 02:00:00,0.0
03-27 03:00:00,0.0
03-27 04:00:00,0.0
03-27 05:00:00,0.0
03-27 06:00:00,85.491748261
03-27 07:00:00,231.337320575
03-27 08:00:00,450.495780524
03-27 09:00:00,691.19175913
03-27 10:00:00,852.66330744
03-27 11:00:00,926.0077698399999
03-27 12:00:00,914.8288387599999
03-27 13:00:00,822.03263507
03-27 14:00:00,646.9447098000002
03-27 15:00:00,436.957572119
03-27 16:00:00,232.571259619
03-27 17:00:00,87.874475185
03-27 18:00:00,0.0
03-27 19:00:00,0.0
03-27 20:00:00,0.0
03-27 21:00:00,0.0
03-27 22:00:00,0.0
03-27 23:00:00,0.0
03-28 00:00:00,0.0
03-28 01:00:00,0.0
03-28 02:00:00,0.0
03-28 03:00:00,0.0
03-28 04:00:00,0.0
03-28 05:00:00,0.0
03-28 06:00:00,85.491748261
03-28 07:00:00,231.337320575
03-28 08:00:00,450.495780524
03-28 09:00:00,691.19175913
03-28 10:00:00,852.66330744
03-28 11:00:00,926.0077698399999
03-28 12:00:00,914.8288387599999
03-28 13:00:00,822.03263507
03-28 14:00:00,646.9447098000002
03-28 15:00:00,436.957572119
03-28 16:00:00,232.571259619
03-28 17:00:00,87.874475185
03-28 18:00:00,0.0
03-28 19:00:00,0.0
03-28 20:00:00,0.0
03-28 21:00:00,0.0
03-28 22:00:00,0.0
03-28 23:00:00,0.0
03-29 00:00:00,0.0
03-29 01:00:00,0.0
03-29 02:00:00,0.0
03-29 03:00:00,0.0
03-29 04:00:00,0.0
03-29 05:00:00,0.0
03-29 06:00:00,85.491748261
03-29 07:00:00,231.337320575
03-29 08:00:00,450.495780524
03-29 09:00:00,691.19175913
03-29 10:00:00,852.66330744
03-29 11:00:00,926.0077698399999
03-29 12:00:00,914.8288387599999
03-29 13:00:00,822.03263507
03-29 14:00:00,646.9447098000002
03-29 15:00:00,436.957572119
03-29 16:00:00,232.571259619
03-29 17:00:00,87.874475185
03-29 18:00:00,0.0
03-29 19:00:00,0.0
03-29 20:00:00,0.0
03-29 21:00:00,0.0
03-29 22:00:00,0.0
03-29 23:00:00,0.0
03-30 00:00:00,0.0
03-30 01:00:00,0.0
03-30 02:00:00,0.0
03-30 03:00:00,0.0
03-30 04:00:00,0.0
03-30 05:00:00,0.0
03-30 06:00:00,85.491748261
03-30 07:00:00,231.337320575
03-30 08:00:00,450.495780524
03-30 09:00:00,691.19175913
03-30 10:00:00,852.66330744
03-30 11:00:00,926.0077698399999
03-30 12:00:00,914.8288387599999
03-30 13:00:00,822.03263507
03-30 14:00:00,646.9447098000002
03-30 15:00:00,436.957572119
03-30 16:00:00,232.571259619
03-30 17:00:00,87.874475185
03-30 18:00:00,0.0
03-30 19:00:00,0.0
03-30 20:00:00,0.0
03-30 21:00:00,0.0
03-30 22:00:00,0.0
03-30 23:00:00,0.0
03-31 00:00:00,0.0
03-31 01:00:00,0.0
03-31 02:00:00,0.0
03-31 03:00:00,0.0
03-31 04:00:00,0.0
03-31 05:00:00,0.0
03-31 06:00:00,85.491748261
03-31 07:00:00,231.337320575
03-31 08:00:00,450.495780524
03-31 09:00:00,691.19175913
03-31 10:00:00,852.66330744
03-31 11:00:00,926.0077698399999
03-31 12:00:00,914.8288387599999
03-31 13:00:00,822.03263507
03-31 14:00:00,646.9447098000002
03-31 15:00:00,436.957572119
03-31 16:00:00,232.571259619
03-31 17:00:00,87.874475185
03-31 18:00:00,0.0
03-31 19:00:00,0.0
03-31 20:00:00,0.0
03-31 21:00:00,0.0
03-31 22:00:00,0.0
03-31 23:00:00,0.0
04-01 00:00:00,0.0
04-01 01:00:00,0.0
04-01 02:00:00,0.0
04-01 03:00:00,0.0
04-01 04:00:00,0.0
04-01 05:00:00,58.294542482999994
04-01 06:00:00,182.20804285900002
04-01 07:00:00,395.195018258
04-01 08:00:00,650.69073855
04-01 09:00:00,863.19135987
04-01 10:00:00,1002.22039845
04-01 11:00:00,1059.97333274
04-01 12:00:00,1031.96447373
04-01 13:00:00,918.73851512
04-01 14:00:00,746.0991078100001
04-01 15:00:00,525.4887066900001
04-01 16:00:00,317.72407501500004
04-01 17:00:00,144.69342271
04-01 18:00:00,41.2147698556
04-01 19:00:00,0.0
04-01 20:00:00,0.0
04-01 21:00:00,0.0
04-01 22:00:00,0.0
04-01 23:00:00,0.0
04-02 00:00:00,0.0
04-02 01:00:00,0.0
04-02 02:00:00,0.0
04-02 03:00:00,0.0
04-02 04:00:00,0.0
04-02 05:00:00,58.294542482999994
04-02 06:00:00,182.20804285900002
04-02 07:00:00,395.195018258
04-02 08:00:00,650.69073855
04-02 09:00:00,863.19135987
04-02 10:00:00,1002.22039845
04-02 11:00:00,1059.97333274
04-02 12:00:00,1031.96447373
04-02 13:00:00,918.73851512
04-02 14:00:00,746.0991078100001
04-02 15:00:00,525.4887066900001
04-02 16:00:00,317.72407501500004
04-02 17:00:00,144.69342271
04-02 18:00:00,41.2147698556
04-02 19:00:00,0.0
04-02 20:00:00,0.0
04-02 21:00:00,0.0
04-02 22:00:00,0.0
04-02 23:00:00,0.0
04-03 00:00:00,0.0
04-03 01:00:00,0.0
04-03 02:00:00,0.0
04-03 03:00:00,0.0
04-03 04:00:00,0.0
04-03 05:00:00,58.294542482999994
04-03 06:00:00,182.20804285900002
04-03 07:00:00,395.195018258
04-03 08:00:00,650.69073855
04-03 09:00:00,863.19135987
04-03 10:00:00,1002.22039845
04-03 11:00:00,1059.97333274
04-03 12:00:00,1031.96447373
04-03 13:00:00,918.73851512
04-03 14:00:00,746.0991078100001
04-03 15:00:00,525.4887066900001
04-03 16:00:00,317.72407501500004
04-03 17:00:00,144.69342271
04-03 18:00:00,41.2147698556
04-03 19:00:00,0.0
04-03 20:00:00,0.0
04-03 21:00:00,0.0
04-03 22:00:00,0.0
04-03 23:00:00,0.0
04-04 00:00:00,0.0
04-04 01:00:00,0.0
04-04 02:00:00,0.0
04-04 03:00:00,0.0
04-04 04:00:00,0.0
04-04 05:00:00,58.294542482999994
04-04 06:00:00,182.20804285900002
04-04 07:00:00,395.195018258
04-04 08:00:00,650.69073855
04-04 09:00:00,863.19135987
04-04 10:00:00,1002.22039845
04-04 11:00:00,1059.97333274
04-04 12:00:00,1031.96447373
04-04 13:00:00,918.73851512
04-04 14:00:00,746.0991078100001
04-04 15:00:00,525.4887066900001
04-04 16:00:00,317.72407501500004
04-04 17:00:00,144.69342271
04-04 18:00:00,41.2147698556
04-04 19:00:00,0.0
04-04 20:00:00,0.0
04-04 21:00:00,0.0
04-04 22:00:00,0.0
04-04 23:00:00,0.0
04-05 00:00:00,0.0
04-05 01:00:00,0.0
04-05 02:00:00,0.0
04-05 03:00:00,0.0
04-05 04:00:00,0.0
04-05 05:00:00,58.294542482999994
04-05 06:00:00,182.20804285900002
04-05 07:00:00,395.195018258
04-05 08:00:00,650.69073855
04-05 09:00:00,863.19135987
04-05 10:00:00,1002.22039845
04-05 11:00:00,1059.97333274
04-05 12:00:00,1031.96447373
04-05 13:00:00,918.73851512
04-05 14:00:00,746.0991078100001
04-05 15:00:00,525.4887066900001
04-05 16:00:00,317.72407501500004
04-05 17:00:00,144.69342271
04-05 18:00:00,41.2147698556
04-05 19:00:00,0.0
04-05 20:00:00,0.0
04-05 21:00:00,0.0
04-05 22:00:00,0.0
04-05 23:00:00,0.0
04-06 00:00:00,0.0
04-06 01:00:00,0.0
04-06 02:00:00,0.0
04-06 03:00:00,0.0
04-06 04:00:00,0.0
04-06 05:00:00,58.294542482999994
04-06 06:00:00,182.20804285900002
04-06 07:00:00,395.195018258
04-06 08:00:00,650.69073855
04-06 09:00:00,863.19135987
04-06 10:00:00,1002.22039845
04-06 11:00:00,1059.97333274
04-06 12:00:00,1031.96447373
04-06 13:00:00,918.73851512
04-06 14:00:00,746.0991078100001
04-06 15:00:00,525.4887066900001
04-06 16:00:00,317.72407501500004
04-06 17:00:00,144.69342271
04-06 18:00:00,41.2147698556
04-06 19:00:00,0.0
04-06 20:00:00,0.0
04-06 21:00:00,0.0
04-06 22:00:00,0.0
04-06 23:00:00,0.0
04-07 00:00:00,0.0
04-07 01:00:00,0.0
04-07 02:00:00,0.0
04-07 03:00:00,0.0
04-07 04:00:00,0.0
04-07 05:00:00,58.294542482999994
04-07 06:00:00,182.20804285900002
04-07 07:00:00,395.195018258
04-07 08:00:00,650.69073855
04-07 09:00:00,863.19135987
04-07 10:00:00,1002.22039845
04-07 11:00:00,1059.97333274
04-07 12:00:00,1031.96447373
04-07 13:00:00,918.73851512
04-07 14:00:00,746.0991078100001
04-07 15:00:00,525.4887066900001
04-07 16:00:00,317.72407501500004
04-07 17:00:00,144.69342271
04-07 18:00:00,41.2147698556
04-07 19:00:00,0.0
04-07 20:00:00,0.0
04-07 21:00:00,0.0
04-07 22:00:00,0.0
04-07 23:00:00,0.0
04-08 00:00:00,0.0
04-08 01:00:00,0.0
04-08 02:00:00,0.0
04-08 03:00:00,0.0
04-08 04:00:00,0.0
04-08 05:00:00,58.294542482999994
04-08 06:00:00,182.20804285900002
04-08 07:00:00,395.195018258
04-08 08:00:00,650.69073855
04-08 09:00:00,863.19135987
04-08 10:00:00,1002.22039845
04-08 11:00:00,1059.97333274
04-08 12:00:00,1031.96447373
04-08 13:00:00,918.73851512
04-08 14:00:00,746.0991078100001
04-08 15:00:00,525.4887066900001
04-08 16:00:00,317.72407501500004
04-08 17:00:00,144.69342271
04-08 18:00:00,41.2147698556
04-08 19:00:00,0.0
04-08 20:00:00,0.0
04-08 21:00:00,0.0
04-08 22:00:00,0.0
04-08 23:00:00,0.0
04-09 00:00:00,0.0
04-09 01:00:00,0.0
04-09 02:00:00,0.0
04-09 03:00:00,0.0
04-09 04:00:00,0.0
04-09 05:00:00,58.294542482999994
04-09 06:00:00,182.20804285900002
04-09 07:00:00,395.195018258
04-09 08:00:00,650.69073855
04-09 09:00:00,863.19135987
04-09 10:00:00,1002.22039845
04-09 11:00:00,1059.97333274
04-09 12:00:00,1031.96447373
04-09 13:00:00,918.73851512
04-09 14:00:00,746.0991078100001
04-09 15:00:00,525.4887066900001
04-09 16:00:00,317.72407501500004
04-09 17:00:00,144.69342271
04-09 18:00:00,41.2147698556
04-09 19:00:00,0.0
04-09 20:00:00,0.0
04-09 21:00:00,0.0
04-09 22:00:00,0.0
04-09 23:00:00,0.0
04-10 00:00:00,0.0
04-10 01:00:00,0.0
04-10 02:00:00,0.0
04-10 03:00:00,0.0
04-10 04:00:00,0.0
04-10 05:00:00,58.294542482999994
04-10 06:00:00,182.20804285900002
04-10 07:00:00,395.195018258
04-10 08:00:00,650.69073855
04-10 09:00:00,863.19135987
04-10 10:00:00,1002.22039845
04-10 11:00:00,1059.97333274
04-10 12:00:00,1031.96447373
04-10 13:00:00,918.73851512
04-10 14:00:00,746.0991078100001
04-10 15:00:00,525.4887066900001
04-10 16:00:00,317.72407501500004
04-10 17:00:00,144.69342271
04-10 18:00:00,41.2147698556
04-10 19:00:00,0.0
04-10 20:00:00,0.0
04-10 21:00:00,0.0
04-10 22:00:00,0.0
04-10 23:00:00,0.0
04-11 00:00:00,0.0
04-11 01:00:00,0.0
04-11 02:00:00,0.0
04-11 03:00:00,0.0
04-11 04:00:00,0.0
04-11 05:00:00,58.294542482999994
04-11 06:00:00,182.20804285900002
04-11 07:00:00,395.195018258
04-11 08:00:00,650.69073855
04-11 09:00:00,863.19135987
04-11 10:00:00,1002.22039845
04-11 11:00:00,1059.97333274
04-11 12:00:00,1031.96447373
04-11 13:00:00,918.73851512
04-11 14:00:00,746.0991078100001
04-11 15:00:00,525.4887066900001
04-11 16:00:00,317.72407501500004
04-11 17:00:00,144.69342271
04-11 18:00:00,41.2147698556
04-11 19:00:00,0.0
04-11 20:00:00,0.0
04-11 21:00:00,0.0
04-11 22:00:00,0.0
04-11 23:00:00,0.0
04-12 00:00:00,0.0
04-12 01:00:00,0.0
04-12 02:00:00,0.0
04-12 03:00:00,0.0
04-12 04:00:00,0.0
04-12 05:00:00,58.294542482999994
04-12 06:00:00,182.20804285900002
04-12 07:00:00,395.195018258
04-12 08:00:00,650.69073855
04-12 09:00:00,863.19135987
04-12 10:00:00,1002.22039845
04-12 11:00:00,1059.97333274
04-12 12:00:00,1031.96447373
04-12 13:00:00,918.73851512
04-12 14:00:00,746.0991078100001
04-12 15:00:00,525.4887066900001
04-12 16:00:00,317.72407501500004
04-12 17:00:00,144.69342271
04-12 18:00:00,41.2147698556
04-12 19:00:00,0.0
04-12 20:00:00,0.0
04-12 21:00:00,0.0
04-12 22:00:00,0.0
04-12 23:00:00,0.0
04-13 00:00:00,0.0
04-13 01:00:00,0.0
04-13 02:00:00,0.0
04-13 03:00:00,0.0
04-13 04:00:00,0.0
04-13 05:00:00,58.294542482999994
04-13 06:00:00,182.20804285900002
04-13 07:00:00,395.195018258
04-13 08:00:00,650.69073855
04-13 09:00:00,863.19135987
04-13 10:00:00,1002.22039845
04-13 11:00:00,1059.97333274
04-13 12:00:00,1031.96447373
04-13 13:00:00,918.73851512
04-13 14:00:00,746.0991078100001
04-13 15:00:00,525.4887066900001
04-13 16:00:00,317.72407501500004
04-13 17:00:00,144.69342271
04-13 18:00:00,41.2147698556
04-13 19:00:00,0.0
04-13 20:00:00,0.0
04-13 21:00:00,0.0
04-13 22:00:00,0.0
04-13 23:00:00,0.0
04-14 00:00:00,0.0
04-14 01:00:00,0.0
04-14 02:00:00,0.0
04-14 03:00:00,0.0
04-14 04:00:00,0.0
04-14 05:00:00,58.294542482999994
04-14 06:00:00,182.20804285900002
04-14 07:00:00,395.195018258
04-14 08:00:00,650.69073855
04-14 09:00:00,863.19135987
04-14 10:00:00,1002.22039845
04-14 11:00:00,1059.97333274
04-14 12:00:00,1031.96447373
04-14 13:00:00,918.73851512
04-14 14:00:00,746.0991078100001
04-14 15:00:00,525.4887066900001
04-14 16:00:00,317.72407501500004
04-14 17:00:00,144.69342271
04-14 18:00:00,41.2147698556
04-14 19:00:00,0.0
04-14 20:00:00,0.0
04-14 21:00:00,0.0
04-14 22:00:00,0.0
04-14 23:00:00,0.0
04-15 00:00:00,0.0
04-15 01:00:00,0.0
04-15 02:00:00,0.0
04-15 03:00:00,0.0
04-15 04:00:00,0.0
04-15 05:00:00,58.294542482999994
04-15 06:00:00,182.20804285900002
04-15 07:00:00,395.195018258
04-15 08:00:00,650.69073855
04-15 09:00:00,863.19135987
04-15 10:00:00,1002.22039845
04-15 11:00:00,1059.97333274
04-15 12:00:00,1031.96447373
04-15 13:00:00,918.73851512
04-15 14:00:00,746.0991078100001
04-15 15:00:00,525.4887066900001
04-15 16:00:00,317.72407501500004
04-15 17:00:00,144.69342271
04-15 18:00:00,41.2147698556
04-15 19:00:00,0.0
04-15 20:00:00,0.0
04-15 21:00:00,0.0
04-15 22:00:00,0.0
04-15 23:00:00,0.0
04-16 00:00:00,0.0
04-16 01:00:00,0.0
04-16 02:00:00,0.0
04-16 03:00:00,0.0
04-16 04:00:00,0.0
04-16 05:00:00,58.294542482999994
04-16 06:00:00,182.20804285900002
04-16 07:00:00,395.195018258
04-16 08:00:00,650.69073855
04-16 09:00:00,863.19135987
04-16 10:00:00,1002.22039845
04-16 11:00:00,1059.97333274
04-16 12:00:00,1031.96447373
04-16 13:00:00,918.73851512
04-16 14:00:00,746.0991078100001
04-16 15:00:00,525.4887066900001
04-16 16:00:00,317.72407501500004
04-16 17:00:00,144.69342271
04-16 18:00:00,41.2147698556
04-16 19:00:00,0.0
04-16 20:00:00,0.0
04-16 21:00:00,0.0
04-16 22:00:00,0.0
04-16 23:00:00,0.0
04-17 00:00:00,0.0
04-17 01:00:00,0.0
04-17 02:00:00,0.0
04-17 03:00:00,0.0
04-17 04:00:00,0.0
04-17 05:00:00,58.294542482999994
04-17 06:00:00,182.20804285900002
04-17 07:00:00,395.195018258
04-17 08:00:00,650.69073855
04-17 09:00:00,863.19135987
04-17 10:00:00,1002.22039845
04-17 11:00:00,1059.97333274
04-17 12:00:00,1031.96447373
04-17 13:00:00,918.73851512
04-17 14:00:00,746.0991078100001
04-17 15:00:00,525.4887066900001
04-17 16:00:00,317.72407501500004
04-17 17:00:00,144.69342271
04-17 18:00:00,41.2147698556
04-17 19:00:00,0.0
04-17 20:00:00,0.0
04-17 21:00:00,0.0
04-17 22:00:00,0.0
04-17 23:00:00,0.0
04-18 00:00:00,0.0
04-18 01:00:00,0.0
04-18 02:00:00,0.0
04-18 03:00:00,0.0
04-18 04:00:00,0.0
04-18 05:00:00,58.294542482999994
04-18 06:00:00,182.20804285900002
04-18 07:00:00,395.195018258
04-18 08:00:00,650.69073855
04-18 09:00:00,863.19135987
04-18 10:00:00,1002.22039845
04-18 11:00:00,1059.97333274
04-18 12:00:00,1031.96447373
04-18 13:00:00,918.73851512
04-18 14:00:00,746.0991078100001
04-18 15:00:00,525.4887066900001
04-18 16:00:00,317.72407501500004
04-18 17:00:00,144.69342271
04-18 18:00:00,41.2147698556
04-18 19:00:00,0.0
04-18 20:00:00,0.0
04-18 21:00:00,0.0
04-18 22:00:00,0.0
04-18 23:00:00,0.0
04-19 00:00:00,0.0
04-19 01:00:00,0.0
04-19 02:00:00,0.0
04-19 03:00:00,0.0
04-19 04:00:00,0.0
04-19 05:00:00,58.294542482999994
04-19 06:00:00,182.20804285900002
04-19 07:00:00,395.195018258
04-19 08:00:00,650.69073855
04-19 09:00:00,863.19135987
04-19 10:00:00,1002.22039845
04-19 11:00:00,1059.97333274
04-19 12:00:00,1031.96447373
04-19 13:00:00,918.73851512
04-19 14:00:00,746.0991078100001
04-19 15:00:00,525.4887066900001
04-19 16:00:00,317.72407501500004
04-19 17:00:00,144.69342271
04-19 18:00:00,41.2147698556
04-19 19:00:00,0.0
04-19 20:00:00,0.0
04-19 21:00:00,0.0
04-19 22:00:00,0.0
04-19 23:00:00,0.0
04-20 00:00:00,0.0
04-20 01:00:00,0.0
04-20 02:00:00,0.0
04-20 03:00:00,0.0
04-20 04:00:00,0.0
04-20 05:00:00,58.294542482999994
04-20 06:00:00,182.20804285900002
04-20 07:00:00,395.195018258
04-20 08:00:00,650.69073855
04-20 09:00:00,863.19135987
04-20 10:00:00,1002.22039845
04-20 11:00:00,1059.97333274
04-20 12:00:00,1031.96447373
04-20 13:00:00,918.73851512
04-20 14:00:00,746.0991078100001
04-20 15:00:00,525.4887066900001
04-20 16:00:00,317.72407501500004
04-20 17:00:00,144.69342271
04-20 18:00:00,41.2147698556
04-20 19:00:00,0.0
04-20 20:00:00,0.0
04-20 21:00:00,0.0
04-20 22:00:00,0.0
04-20 23:00:00,0.0
04-21 00:00:00,0.0
04-21 01:00:00,0.0
04-21 02:00:00,0.0
04-21 03:00:00,0.0
04-21 04:00:00,0.0
04-21 05:00:00,58.294542482999994
04-21 06:00:00,182.20804285900002
04-21 07:00:00,395.195018258
04-21 08:00:00,650.69073855
04-21 09:00:00,863.19135987
04-21 10:00:00,1002.22039845
04-21 11:00:00,1059.97333274
04-21 12:00:00,1031.96447373
04-21 13:00:00,918.73851512
04-21 14:00:00,746.0991078100001
04-21 15:00:00,525.4887066900001
04-21 16:00:00,317.72407501500004
04-21 17:00:00,144.69342271
04-21 18:00:00,41.2147698556
04-21 19:00:00,0.0
04-21 20:00:00,0.0
04-21 21:00:00,0.0
04-21 22:00:00,0.0
04-21 23:00:00,0.0
04-22 00:00:00,0.0
04-22 01:00:00,0.0
04-22 02:00:00,0.0
04-22 03:00:00,0.0
04-22 04:00:00,0.0
04-22 05:00:00,58.294542482999994
04-22 06:00:00,182.20804285900002
04-22 07:00:00,395.195018258
04-22 08:00:00,650.69073855
04-22 09:00:00,863.19135987
04-22 10:00:00,1002.22039845
04-22 11:00:00,1059.97333274
04-22 12:00:00,1031.96447373
04-22 13:00:00,918.73851512
04-22 14:00:00,746.0991078100001
04-22 15:00:00,525.4887066900001
04-22 16:00:00,317.72407501500004
04-22 17:00:00,144.69342271
04-22 18:00:00,41.2147698556
04-22 19:00:00,0.0
04-22 20:00:00,0.0
04-22 21:00:00,0.0
04-22 22:00:00,0.0
04-22 23:00:00,0.0
04-23 00:00:00,0.0
04-23 01:00:00,0.0
04-23 02:00:00,0.0
04-23 03:00:00,0.0
04-23 04:00:00,0.0
04-23 05:00:00,58.294542482999994
04-23 06:00:00,182.20804285900002
04-23 07:00:00,395.195018258
04-23 08:00:00,650.69073855
04-23 09:00:00,863.19135987
04-23 10:00:00,1002.22039845
04-23 11:00:00,1059.97333274
04-23 12:00:00,1031.96447373
04-23 13:00:00,918.73851512
04-23 14:00:00,746.0991078100001
04-23 15:00:00,525.4887066900001
04-23 16:00:00,317.72407501500004
04-23 17:00:00,144.69342271
04-23 18:00:00,41.2147698556
04-23 19:00:00,0.0
04-23 20:00:00,0.0
04-23 21:00:00,0.0
04-23 22:00:00,0.0
04-23 23:00:00,0.0
04-24 00:00:00,0.0
04-24 01:00:00,0.0
04-24 02:00:00,0.0
04-24 03:00:00,0.0
04-24 04:00:00,0.0
04-24 05:00:00,58.294542482999994
04-24 06:00:00,182.20804285900002
04-24 07:00:00,395.195018258
04-24 08:00:00,650.69073855
04-24 09:00:00,863.19135987
04-24 10:00:00,1002.22039845
04-24 11:00:00,1059.97333274
04-24 12:00:00,1031.96447373
04-24 13:00:00,918.73851512
04-24 14:00:00,746.0991078100001
04-24 15:00:00,525.4887066900001
04-24 16:00:00,317.72407501500004
04-24 17:00:00,144.69342271
04-24 18:00:00,41.2147698556
04-24 19:00:00,0.0
04-24 20:00:00,0.0
04-24 21:00:00,0.0
04-24 22:00:00,0.0
04-24 23:00:00,0.0
04-25 00:00:00,0.0
04-25 01:00:00,0.0
04-25 02:00:00,0.0
04-25 03:00:00,0.0
04-25 04:00:00,0.0
04-25 05:00:00,58.294542482999994
04-25 06:00:00,182.20804285900002
04-25 07:00:00,395.195018258
04-25 08:00:00,650.69073855
04-25 09:00:00,863.19135987
04-25 10:00:00,1002.22039845
04-25 11:00:00,1059.97333274
04-25 12:00:00,1031.96447373
04-25 13:00:00,918.73851512
04-25 14:00:00,746.0991078100001
04-25 15:00:00,525.4887066900001
04-25 16:00:00,317.72407501500004
04-25 17:00:00,144.69342271
04-25 18:00:00,41.2147698556
04-25 19:00:00,0.0
04-25 20:00:00,0.0
04-25 21:00:00,0.0
04-25 22:00:00,0.0
04-25 23:00:00,0.0
04-26 00:00:00,0.0
04-26 01:00:00,0.0
04-26 02:00:00,0.0
04-26 03:00:00,0.0
04-26 04:00:00,0.0
04-26 05:00:00,58.294542482999994
04-26 06:00:00,182.20804285900002
04-26 07:00:00,395.195018258
04-26 08:00:00,650.69073855
04-26 09:00:00,863.19135987
04-26 10:00:00,1002.22039845
04-26 11:00:00,1059.97333274
04-26 12:00:00,1031.96447373
04-26 13:00:00,918.73851512
04-26 14:00:00,746.0991078100001
04-26 15:00:00,525.4887066900001
04-26 16:00:00,317.72407501500004
04-26 17:00:00,144.69342271
04-26 18:00:00,41.2147698556
04-26 19:00:00,0.0
04-26 20:00:00,0.0
04-26 21:00:00,0.0
04-26 22:00:00,0.0
04-26 23:00:00,0.0
04-27 00:00:00,0.0
04-27 01:00:00,0.0
04-27 02:00:00,0.0
04-27 03:00:00,0.0
04-27 04:00:00,0.0
04-27 05:00:00,58.294542482999994
04-27 06:00:00,182.20804285900002
04-27 07:00:00,395.195018258
04-27 08:00:00,650.69073855
04-27 09:00:00,863.19135987
04-27 10:00:00,1002.22039845
04-27 11:00:00,1059.97333274
04-27 12:00:00,1031.96447373
04-27 13:00:00,918.73851512
04-27 14:00:00,746.0991078100001
04-27 15:00:00,525.4887066900001
04-27 16:00:00,317.72407501500004
04-27 17:00:00,144.69342271
04-27 18:00:00,41.2147698556
04-27 19:00:00,0.0
04-27 20:00:00,0.0
04-27 21:00:00,0.0
04-27 22:00:00,0.0
04-27 23:00:00,0.0
04-28 00:00:00,0.0
04-28 01:00:00,0.0
04-28 02:00:00,0.0
04-28 03:00:00,0.0
04-28 04:00:00,0.0
04-28 05:00:00,58.294542482999994
04-28 06:00:00,182.20804285900002
04-28 07:00:00,395.195018258
04-28 08:00:00,650.69073855
04-28 09:00:00,863.19135987
04-28 10:00:00,1002.22039845
04-28 11:00:00,1059.97333274
04-28 12:00:00,1031.96447373
04-28 13:00:00,918.73851512
04-28 14:00:00,746.0991078100001
04-28 15:00:00,525.4887066900001
04-28 16:00:00,317.72407501500004
04-28 17:00:00,144.69342271
04-28 18:00:00,41.2147698556
04-28 19:00:00,0.0
04-28 20:00:00,0.0
04-28 21:00:00,0.0
04-28 22:00:00,0.0
04-28 23:00:00,0.0
04-29 00:00:00,0.0
04-29 01:00:00,0.0
04-29 02:00:00,0.0
04-29 03:00:00,0.0
04-29 04:00:00,0.0
04-29 05:00:00,58.294542482999994
04-29 06:00:00,182.20804285900002
04-29 07:00:00,395.195018258
04-29 08:00:00,650.69073855
04-29 09:00:00,863.19135987
04-29 10:00:00,1002.22039845
04-29 11:00:00,1059.97333274
04-29 12:00:00,1031.96447373
04-29 13:00:00,918.73851512
04-29 14:00:00,746.0991078100001
04-29 15:00:00,525.4887066900001
04-29 16:00:00,317.72407501500004
04-29 17:00:00,144.69342271
04-29 18:00:00,41.2147698556
04-29 19:00:00,0.0
04-29 20:00:00,0.0
04-29 21:00:00,0.0
04-29 22:00:00,0.0
04-29 23:00:00,0.0
04-30 00:00:00,0.0
04-30 01:00:00,0.0
04-30 02:00:00,0.0
04-30 03:00:00,0.0
04-30 04:00:00,0.0
04-30 05:00:00,58.294542482999994
04-30 06:00:00,182.20804285900002
04-30 07:00:00,395.195018258
04-30 08:00:00,650.69073855
04-30 09:00:00,863.19135987
04-30 10:00:00,1002.22039845
04-30 11:00:00,1059.97333274
04-30 12:00:00,1031.96447373
04-30 13:00:00,918.73851512
04-30 14:00:00,746.0991078100001
04-30 15:00:00,525.4887066900001
04-30 16:00:00,317.72407501500004
04-30 17:00:00,144.69342271
04-30 18:00:00,41.2147698556
04-30 19:00:00,0.0
04-30 20:00:00,0.0
04-30 21:00:00,0.0
04-30 22:00:00,0.0
04-30 23:00:00,0.0
05-01 00:00:00,0.0
05-01 01:00:00,0.0
05-01 02:00:00,0.0
05-01 03:00:00,0.0
05-01 04:00:00,0.0
05-01 05:00:00,104.38897175499999
05-01 06:00:00,254.844832314
05-01 07:00:00,477.22171047500007
05-01 08:00:00,697.53532269
05-01 09:00:00,865.9760216000001
05-01 10:00:00,977.3209549599999
05-01 11:00:00,1015.6778188999999
05-01 12:00:00,982.43396148
05-01 13:00:00,883.02393514
05-01 14:00:00,721.3017624800001
05-01 15:00:00,529.2257121299999
05-01 16:00:00,344.864804357
05-01 17:00:00,179.470799741
05-01 18:00:00,57.0379785841
05-01 19:00:00,0.0
05-01 20:00:00,0.0
05-01 21:00:00,0.0
05-01 22:00:00,0.0
05-01 23:00:00,0.0
05-02 00:00:00,0.0
05-02 01:00:00,0.0
05-02 02:00:00,0.0
05-02 03:00:00,0.0
05-02 04:00:00,0.0
05-02 05:00:00,104.38897175499999
05-02 06:00:00,254.844832314
05-02 07:00:00,477.22171047500007
05-02 08:00:00,697.53532269
05-02 09:00:00,865.9760216000001
05-02 10:00:00,977.3209549599999
05-02 11:00:00,1015.6778188999999
05-02 12:00:00,982.43396148
05-02 13:00:00,883.02393514
05-02 14:00:00,721.3017624800001
05-02 15:00:00,529.2257121299999
05-02 16:00:00,344.864804357
05-02 17:00:00,179.470799741
05-02 18:00:00,57.0379785841
05-02 19:00:00,0.0
05-02 20:00:00,0.0
05-02 21:00:00,0.0
05-02 22:00:00,0.0
05-02 23:00:00,0.0
05-03 00:00:00,0.0
05-03 01:00:00,0.0
05-03 02:00:00,0.0
05-03 03:00:00,0.0
05-03 04:00:00,0.0
05-03 05:00:00,104.38897175499999
05-03 06:00:00,254.844832314
05-03 07:00:00,477.22171047500007
05-03 08:00:00,697.53532269
05-03 09:00:00,865.9760216000001
05-03 10:00:00,977.3209549599999
05-03 11:00:00,1015.6778188999999
05-03 12:00:00,982.43396148
05-03 13:00:00,883.02393514
05-03 14:00:00,721.3017624800001
05-03 15:00:00,529.2257121299999
05-03 16:00:00,344.864804357
05-03 17:00:00,179.470799741
05-03 18:00:00,57.0379785841
05-03 19:00:00,0.0
05-03 20:00:00,0.0
05-03 21:00:00,0.0
05-03 22:00:00,0.0
05-03 23:00:00,0.0
05-04 00:00:00,0.0
05-04 01:00:00,0.0
05-04 02:00:00,0.0
05-04 03:00:00,0.0
05-04 04:00:00,0.0
05-04 05:00:00,104.38897175499999
05-04 06:00:00,254.844832314
05-04 07:00:00,477.22171047500007
05-04 08:00:00,697.53532269
05-04 09:00:00,865.9760216000001
05-04 10:00:00,977.3209549599999
05-04 11:00:00,1015.6778188999999
05-04 12:00:00,982.43396148
05-04 13:00:00,883.02393514
05-04 14:00:00,721.3017624800001
05-04 15:00:00,529.2257121299999
05-04 16:00:00,344.864804357
05-04 17:00:00,179.470799741
05-04 18:00:00,57.0379785841
05-04 19:00:00,0.0
05-04 20:00:00,0.0
05-04 21:00:00,0.0
05-04 22:00:00,0.0
05-04 23:00:00,0.0
05-05 00:00:00,0.0
05-05 01:00:00,0.0
05-05 02:00:00,0.0
05-05 03:00:00,0.0
05-05 04:00:00,0.0
05-05 05:00:00,104.38897175499999
05-05 06:00:00,254.844832314
05-05 07:00:00,477.22171047500007
05-05 08:00:00,697.53532269
05-05 09:00:00,865.9760216000001
05-05 10:00:00,977.3209549599999
05-05 11:00:00,1015.6778188999999
05-05 12:00:00,982.43396148
05-05 13:00:00,883.02393514
05-05 14:00:00,721.3017624800001
05-05 15:00:00,529.2257121299999
05-05 16:00:00,344.864804357
05-05 17:00:00,179.470799741
05-05 18:00:00,57.0379785841
05-05 19:00:00,0.0
05-05 20:00:00,0.0
05-05 21:00:00,0.0
05-05 22:00:00,0.0
05-05 23:00:00,0.0
05-06 00:00:00,0.0
05-06 01:00:00,0.0
05-06 02:00:00,0.0
05-06 03:00:00,0.0
05-06 04:00:00,0.0
05-06 05:00:00,104.38897175499999
05-06 06:00:00,254.844832314
05-06 07:00:00,477.22171047500007
05-06 08:00:00,697.53532269
05-06 09:00:00,865.9760216000001
05-06 10:00:00,977.3209549599999
05-06 11:00:00,1015.6778188999999
05-06 12:00:00,982.43396148
05-06 13:00:00,883.02393514
05-06 14:00:00,721.3017624800001
05-06 15:00:00,529.2257121299999
05-06 16:00:00,344.864804357
05-06 17:00:00,179.470799741
05-06 18:00:00,57.0379785841
05-06 19:00:00,0.0
05-06 20:00:00,0.0
05-06 21:00:00,0.0
05-06 22:00:00,0.0
05-06 23:00:00,0.0
05-07 00:00:00,0.0
05-07 01:00:00,0.0
05-07 02:00:00,0.0
05-07 03:00:00,0.0
05-07 04:00:00,0.0
05-07 05:00:00,104.38897175499999
05-07 06:00:00,254.844832314
05-07 07:00:00,477.22171047500007
05-07 08:00:00,697.53532269
05-07 09:00:00,865.9760216000001
05-07 10:00:00,977.3209549599999
05-07 11:00:00,1015.6778188999999
05-07 12:00:00,982.43396148
05-07 13:00:00,883.02393514
05-07 14:00:00,721.3017624800001
05-07 15:00:00,529.2257121299999
05-07 16:00:00,344.864804357
05-07 17:00:00,179.470799741
05-07 18:00:00,57.0379785841
05-07 19:00:00,0.0
05-07 20:00:00,0.0
05-07 21:00:00,0.0
05-07 22:00:00,0.0
05-07 23:00:00,0.0
05-08 00:00:00,0.0
05-08 01:00:00,0.0
05-08 02:00:00,0.0
05-08 03:00:00,0.0
05-08 04:00:00,0.0
05-08 05:00:00,104.38897175499999
05-08 06:00:00,254.844832314
05-08 07:00:00,477.22171047500007
05-08 08:00:00,697.53532269
05-08 09:00:00,865.9760216000001
05-08 10:00:00,977.3209549599999
05-08 11:00:00,1015.6778188999999
05-08 12:00:00,982.43396148
05-08 13:00:00,883.02393514
05-08 14:00:00,721.3017624800001
05-08 15:00:00,529.2257121299999
05-08 16:00:00,344.864804357
05-08 17:00:00,179.470799741
05-08 18:00:00,57.0379785841
05-08 19:00:00,0.0
05-08 20:00:00,0.0
05-08 21:00:00,0.0
05-08 22:00:00,0.0
05-08 23:00:00,0.0
05-09 00:00:00,0.0
05-09 01:00:00,0.0
05-09 02:00:00,0.0
05-09 03:00:00,0.0
05-09 04:00:00,0.0
05-09 05:00:00,104.38897175499999
05-09 06:00:00,254.844832314
05-09 07:00:00,477.22171047500007
05-09 08:00:00,697.53532269
05-09 09:00:00,865.9760216000001
05-09 10:00:00,977.3209549599999
05-09 11:00:00,1015.6778188999999
05-09 12:00:00,982.43396148
05-09 13:00:00,883.02393514
05-09 14:00:00,721.3017624800001
05-09 15:00:00,529.2257121299999
05-09 16:00:00,344.864804357
05-09 17:00:00,179.470799741
05-09 18:00:00,57.0379785841
05-09 19:00:00,0.0
05-09 20:00:00,0.0
05-09 21:00:00,0.0
05-09 22:00:00,0.0
05-09 23:00:00,0.0
05-10 00:00:00,0.0
05-10 01:00:00,0.0
05-10 02:00:00,0.0
05-10 03:00:00,0.0
05-10 04:00:00,0.0
05-10 05:00:00,104.38897175499999
05-10 06:00:00,254.844832314
05-10 07:00:00,477.22171047500007
05-10 08:00:00,697.53532269
05-10 09:00:00,865.9760216000001
05-10 10:00:00,977.3209549599999
05-10 11:00:00,1015.6778188999999
05-10 12:00:00,982.43396148
05-10 13:00:00,883.02393514
05-10 14:00:00,721.3017624800001
05-10 15:00:00,529.2257121299999
05-10 16:00:00,344.864804357
05-10 17:00:00,179.470799741
05-10 18:00:00,57.0379785841
05-10 19:00:00,0.0
05-10 20:00:00,0.0
05-10 21:00:00,0.0
05-10 22:00:00,0.0
05-10 23:00:00,0.0
05-11 00:00:00,0.0
05-11 01:00:00,0.0
05-11 02:00:00,0.0
05-11 03:00:00,0.0
05-11 04:00:00,0.0
05-11 05:00:00,104.38897175499999
05-11 06:00:00,254.844832314
05-11 07:00:00,477.22171047500007
05-11 08:00:00,697.53532269
05-11 09:00:00,865.9760216000001
05-11 10:00:00,977.3209549599999
05-11 11:00:00,1015.6778188999999
05-11 12:00:00,982.43396148
05-11 13:00:00,883.02393514
05-11 14:00:00,721.3017624800001
05-11 15:00:00,529.2257121299999
05-11 16:00:00,344.864804357
05-11 17:00:00,179.470799741
05-11 18:00:00,57.0379785841
05-11 19:00:00,0.0
05-11 20:00:00,0.0
05-11 21:00:00,0.0
05-11 22:00:00,0.0
05-11 23:00:00,0.0
05-12 00:00:00,0.0
05-12 01:00:00,0.0
05-12 02:00:00,0.0
05-12 03:00:00,0.0
05-12 04:00:00,0.0
05-12 05:00:00,104.38897175499999
05-12 06:00:00,254.844832314
05-12 07:00:00,477.22171047500007
05-12 08:00:00,697.53532269
05-12 09:00:00,865.9760216000001
05-12 10:00:00,977.3209549599999
05-12 11:00:00,1015.6778188999999
05-12 12:00:00,982.43396148
05-12 13:00:00,883.02393514
05-12 14:00:00,721.3017624800001
05-12 15:00:00,529.2257121299999
05-12 16:00:00,344.864804357
05-12 17:00:00,179.470799741
05-12 18:00:00,57.0379785841
05-12 19:00:00,0.0
05-12 20:00:00,0.0
05-12 21:00:00,0.0
05-12 22:00:00,0.0
05-12 23:00:00,0.0
05-13 00:00:00,0.0
05-13 01:00:00,0.0
05-13 02:00:00,0.0
05-13 03:00:00,0.0
05-13 04:00:00,0.0
05-13 05:00:00,104.38897175499999
05-13 06:00:00,254.844832314
05-13 07:00:00,477.22171047500007
05-13 08:00:00,697.53532269
05-13 09:00:00,865.9760216000001
05-13 10:00:00,977.3209549599999
05-13 11:00:00,1015.6778188999999
05-13 12:00:00,982.43396148
05-13 13:00:00,883.02393514
05-13 14:00:00,721.3017624800001
05-13 15:00:00,529.2257121299999
05-13 16:00:00,344.864804357
05-13 17:00:00,179.470799741
05-13 18:00:00,57.0379785841
05-13 19:00:00,0.0
05-13 20:00:00,0.0
05-13 21:00:00,0.0
05-13 22:00:00,0.0
05-13 23:00:00,0.0
05-14 00:00:00,0.0
05-14 01:00:00,0.0
05-14 02:00:00,0.0
05-14 03:00:00,0.0
05-14 04:00:00,0.0
05-14 05:00:00,104.38897175499999
05-14 06:00:00,254.844832314
05-14 07:00:00,477.22171047500007
05-14 08:00:00,697.53532269
05-14 09:00:00,865.9760216000001
05-14 10:00:00,977.3209549599999
05-14 11:00:00,1015.6778188999999
05-14 12:00:00,982.43396148
05-14 13:00:00,883.02393514
05-14 14:00:00,721.3017624800001
05-14 15:00:00,529.2257121299999
05-14 16:00:00,344.864804357
05-14 17:00:00,179.470799741
05-14 18:00:00,57.0379785841
05-14 19:00:00,0.0
05-14 20:00:00,0.0
05-14 21:00:00,0.0
05-14 22:00:00,0.0
05-14 23:00:00,0.0
05-15 00:00:00,0.0
05-15 01:00:00,0.0
05-15 02:00:00,0.0
05-15 03:00:00,0.0
05-15 04:00:00,0.0
05-15 05:00:00,104.38897175499999
05-15 06:00:00,254.844832314
05-15 07:00:00,477.22171047500007
05-15 08:00:00,697.53532269
05-15 09:00:00,865.9760216000001
05-15 10:00:00,977.3209549599999
05-15 11:00:00,1015.6778188999999
05-15 12:00:00,982.43396148
05-15 13:00:00,883.02393514
05-15 14:00:00,721.3017624800001
05-15 15:00:00,529.2257121299999
05-15 16:00:00,344.864804357
05-15 17:00:00,179.470799741
05-15 18:00:00,57.0379785841
05-15 19:00:00,0.0
05-15 20:00:00,0.0
05-15 21:00:00,0.0
05-15 22:00:00,0.0
05-15 23:00:00,0.0
05-16 00:00:00,0.0
05-16 01:00:00,0.0
05-16 02:00:00,0.0
05-16 03:00:00,0.0
05-16 04:00:00,0.0
05-16 05:00:00,104.38897175499999
05-16 06:00:00,254.844832314
05-16 07:00:00,477.22171047500007
05-16 08:00:00,697.53532269
05-16 09:00:00,865.9760216000001
05-16 10:00:00,977.3209549599999
05-16 11:00:00,1015.6778188999999
05-16 12:00:00,982.43396148
05-16 13:00:00,883.02393514
05-16 14:00:00,721.3017624800001
05-16 15:00:00,529.2257121299999
05-16 16:00:00,344.864804357
05-16 17:00:00,179.470799741
05-16 18:00:00,57.0379785841
05-16 19:00:00,0.0
05-16 20:00:00,0.0
05-16 21:00:00,0.0
05-16 22:00:00,0.0
05-16 23:00:00,0.0
05-17 00:00:00,0.0
05-17 01:00:00,0.0
05-17 02:00:00,0.0
05-17 03:00:00,0.0
05-17 04:00:00,0.0
05-17 05:00:00,104.38897175499999
05-17 06:00:00,254.844832314
05-17 07:00:00,477.22171047500007
05-17 08:00:00,697.53532269
05-17 09:00:00,865.9760216000001
05-17 10:00:00,977.3209549599999
05-17 11:00:00,1015.6778188999999
05-17 12:00:00,982.43396148
05-17 13:00:00,883.02393514
05-17 14:00:00,721.3017624800001
05-17 15:00:00,529.2257121299999
05-17 16:00:00,344.864804357
05-17 17:00:00,179.470799741
05-17 18:00:00,57.0379785841
05-17 19:00:00,0.0
05-17 20:00:00,0.0
05-17 21:00:00,0.0
05-17 22:00:00,0.0
05-17 23:00:00,0.0
05-18 00:00:00,0.0
05-18 01:00:00,0.0
05-18 02:00:00,0.0
05-18 03:00:00,0.0
05-18 04:00:00,0.0
05-18 05:00:00,104.38897175499999
05-18 06:00:00,254.844832314
05-18 07:00:00,477.22171047500007
05-18 08:00:00,697.53532269
05-18 09:00:00,865.9760216000001
05-18 10:00:00,977.3209549599999
05-18 11:00:00,1015.6778188999999
05-18 12:00:00,982.43396148
05-18 13:00:00,883.02393514
05-18 14:00:00,721.3017624800001
05-18 15:00:00,529.2257121299999
05-18 16:00:00,344.864804357
05-18 17:00:00,179.470799741
05-18 18:00:00,57.0379785841
05-18 19:00:00,0.0
05-18 20:00:00,0.0
05-18 21:00:00,0.0
05-18 22:00:00,0.0
05-18 23:00:00,0.0
05-19 00:00:00,0.0
05-19 01:00:00,0.0
05-19 02:00:00,0.0
05-19 03:00:00,0.0
05-19 04:00:00,0.0
05-19 05:00:00,104.38897175499999
05-19 06:00:00,254.844832314
05-19 07:00:00,477.22171047500007
05-19 08:00:00,697.53532269
05-19 09:00:00,865.9760216000001
05-19 10:00:00,977.3209549599999
05-19 11:00:00,1015.6778188999999
05-19 12:00:00,982.43396148
05-19 13:00:00,883.02393514
05-19 14:00:00,721.3017624800001
05-19 15:00:00,529.2257121299999
05-19 16:00:00,344.864804357
05-19 17:00:00,179.470799741
05-19 18:00:00,57.0379785841
05-19 19:00:00,0.0
05-19 20:00:00,0.0
05-19 21:00:00,0.0
05-19 22:00:00,0.0
05-19 23:00:00,0.0
05-20 00:00:00,0.0
05-20 01:00:00,0.0
05-20 02:00:00,0.0
05-20 03:00:00,0.0
05-20 04:00:00,0.0
05-20 05:00:00,104.38897175499999
05-20 06:00:00,254.844832314
05-20 07:00:00,477.22171047500007
05-20 08:00:00,697.53532269
05-20 09:00:00,865.9760216000001
05-20 10:00:00,977.3209549599999
05-20 11:00:00,1015.6778188999999
05-20 12:00:00,982.43396148
05-20 13:00:00,883.02393514
05-20 14:00:00,721.3017624800001
05-20 15:00:00,529.2257121299999
05-20 16:00:00,344.864804357
05-20 17:00:00,179.470799741
05-20 18:00:00,57.0379785841
05-20 19:00:00,0.0
05-20 20:00:00,0.0
05-20 21:00:00,0.0
05-20 22:00:00,0.0
05-20 23:00:00,0.0
05-21 00:00:00,0.0
05-21 01:00:00,0.0
05-21 02:00:00,0.0
05-21 03:00:00,0.0
05-21 04:00:00,0.0
05-21 05:00:00,104.38897175499999
05-21 06:00:00,254.844832314
05-21 07:00:00,477.22171047500007
05-21 08:00:00,697.53532269
05-21 09:00:00,865.9760216000001
05-21 10:00:00,977.3209549599999
05-21 11:00:00,1015.6778188999999
05-21 12:00:00,982.43396148
05-21 13:00:00,883.02393514
05-21 14:00:00,721.3017624800001
05-21 15:00:00,529.2257121299999
05-21 16:00:00,344.864804357
05-21 17:00:00,179.470799741
05-21 18:00:00,57.0379785841
05-21 19:00:00,0.0
05-21 20:00:00,0.0
05-21 21:00:00,0.0
05-21 22:00:00,0.0
05-21 23:00:00,0.0
05-22 00:00:00,0.0
05-22 01:00:00,0.0
05-22 02:00:00,0.0
05-22 03:00:00,0.0
05-22 04:00:00,0.0
05-22 05:00:00,104.38897175499999
05-22 06:00:00,254.844832314
05-22 07:00:00,477.22171047500007
05-22 08:00:00,697.53532269
05-22 09:00:00,865.9760216000001
05-22 10:00:00,977.3209549599999
05-22 11:00:00,1015.6778188999999
05-22 12:00:00,982.43396148
05-22 13:00:00,883.02393514
05-22 14:00:00,721.3017624800001
05-22 15:00:00,529.2257121299999
05-22 16:00:00,344.864804357
05-22 17:00:00,179.470799741
05-22 18:00:00,57.0379785841
05-22 19:00:00,0.0
05-22 20:00:00,0.0
05-22 21:00:00,0.0
05-22 22:00:00,0.0
05-22 23:00:00,0.0
05-23 00:00:00,0.0
05-23 01:00:00,0.0
05-23 02:00:00,0.0
05-23 03:00:00,0.0
05-23 04:00:00,0.0
05-23 05:00:00,104.38897175499999
05-23 06:00:00,254.844832314
05-23 07:00:00,477.22171047500007
05-23 08:00:00,697.53532269
05-23 09:00:00,865.9760216000001
05-23 10:00:00,977.3209549599999
05-23 11:00:00,1015.6778188999999
05-23 12:00:00,982.43396148
05-23 13:00:00,883.02393514
05-23 14:00:00,721.3017624800001
05-23 15:00:00,529.2257121299999
05-23 16:00:00,344.864804357
05-23 17:00:00,179.470799741
05-23 18:00:00,57.0379785841
05-23 19:00:00,0.0
05-23 20:00:00,0.0
05-23 21:00:00,0.0
05-23 22:00:00,0.0
05-23 23:00:00,0.0
05-24 00:00:00,0.0
05-24 01:00:00,0.0
05-24 02:00:00,0.0
05-24 03:00:00,0.0
05-24 04:00:00,0.0
05-24 05:00:00,104.38897175499999
05-24 06:00:00,254.844832314
05-24 07:00:00,477.22171047500007
05-24 08:00:00,697.53532269
05-24 09:00:00,865.9760216000001
05-24 10:00:00,977.3209549599999
05-24 11:00:00,1015.6778188999999
05-24 12:00:00,982.43396148
05-24 13:00:00,883.02393514
05-24 14:00:00,721.3017624800001
05-24 15:00:00,529.2257121299999
05-24 16:00:00,344.864804357
05-24 17:00:00,179.470799741
05-24 18:00:00,57.0379785841
05-24 19:00:00,0.0
05-24 20:00:00,0.0
05-24 21:00:00,0.0
05-24 22:00:00,0.0
05-24 23:00:00,0.0
05-25 00:00:00,0.0
05-25 01:00:00,0.0
05-25 02:00:00,0.0
05-25 03:00:00,0.0
05-25 04:00:00,0.0
05-25 05:00:00,104.38897175499999
05-25 06:00:00,254.844832314
05-25 07:00:00,477.22171047500007
05-25 08:00:00,697.53532269
05-25 09:00:00,865.9760216000001
05-25 10:00:00,977.3209549599999
05-25 11:00:00,1015.6778188999999
05-25 12:00:00,982.43396148
05-25 13:00:00,883.02393514
05-25 14:00:00,721.3017624800001
05-25 15:00:00,529.2257121299999
05-25 16:00:00,344.864804357
05-25 17:00:00,179.470799741
05-25 18:00:00,57.0379785841
05-25 19:00:00,0.0
05-25 20:00:00,0.0
05-25 21:00:00,0.0
05-25 22:00:00,0.0
05-25 23:00:00,0.0
05-26 00:00:00,0.0
05-26 01:00:00,0.0
05-26 02:00:00,0.0
05-26 03:00:00,0.0
05-26 04:00:00,0.0
05-26 05:00:00,104.38897175499999
05-26 06:00:00,254.844832314
05-26 07:00:00,477.22171047500007
05-26 08:00:00,697.53532269
05-26 09:00:00,865.9760216000001
05-26 10:00:00,977.3209549599999
05-26 11:00:00,1015.6778188999999
05-26 12:00:00,982.43396148
05-26 13:00:00,883.02393514
05-26 14:00:00,721.3017624800001
05-26 15:00:00,529.2257121299999
05-26 16:00:00,344.864804357
05-26 17:00:00,179.470799741
05-26 18:00:00,57.0379785841
05-26 19:00:00,0.0
05-26 20:00:00,0.0
05-26 21:00:00,0.0
05-26 22:00:00,0.0
05-26 23:00:00,0.0
05-27 00:00:00,0.0
05-27 01:00:00,0.0
05-27 02:00:00,0.0
05-27 03:00:00,0.0
05-27 04:00:00,0.0
05-27 05:00:00,104.38897175499999
05-27 06:00:00,254.844832314
05-27 07:00:00,477.22171047500007
05-27 08:00:00,697.53532269
05-27 09:00:00,865.9760216000001
05-27 10:00:00,977.3209549599999
05-27 11:00:00,1015.6778188999999
05-27 12:00:00,982.43396148
05-27 13:00:00,883.02393514
05-27 14:00:00,721.3017624800001
05-27 15:00:00,529.2257121299999
05-27 16:00:00,344.864804357
05-27 17:00:00,179.470799741
05-27 18:00:00,57.0379785841
05-27 19:00:00,0.0
05-27 20:00:00,0.0
05-27 21:00:00,0.0
05-27 22:00:00,0.0
05-27 23:00:00,0.0
05-28 00:00:00,0.0
05-28 01:00:00,0.0
05-28 02:00:00,0.0
05-28 03:00:00,0.0
05-28 04:00:00,0.0
05-28 05:00:00,104.38897175499999
05-28 06:00:00,254.844832314
05-28 07:00:00,477.22171047500007
05-28 08:00:00,697.53532269
05-28 09:00:00,865.9760216000001
05-28 10:00:00,977.3209549599999
05-28 11:00:00,1015.6778188999999
05-28 12:00:00,982.43396148
05-28 13:00:00,883.02393514
05-28 14:00:00,721.3017624800001
05-28 15:00:00,529.2257121299999
05-28 16:00:00,344.864804357
05-28 17:00:00,179.470799741
05-28 18:00:00,57.0379785841
05-28 19:00:00,0.0
05-28 20:00:00,0.0
05-28 21:00:00,0.0
05-28 22:00:00,0.0
05-28 23:00:00,0.0
05-29 00:00:00,0.0
05-29 01:00:00,0.0
05-29 02:00:00,0.0
05-29 03:00:00,0.0
05-29 04:00:00,0.0
05-29 05:00:00,104.38897175499999
05-29 06:00:00,254.844832314
05-29 07:00:00,477.22171047500007
05-29 08:00:00,697.53532269
05-29 09:00:00,865.9760216000001
05-29 10:00:00,977.3209549599999
05-29 11:00:00,1015.6778188999999
05-29 12:00:00,982.43396148
05-29 13:00:00,883.02393514
05-29 14:00:00,721.3017624800001
05-29 15:00:00,529.2257121299999
05-29 16:00:00,344.864804357
05-29 17:00:00,179.470799741
05-29 18:00:00,57.0379785841
05-29 19:00:00,0.0
05-29 20:00:00,0.0
05-29 21:00:00,0.0
05-29 22:00:00,0.0
05-29 23:00:00,0.0
05-30 00:00:00,0.0
05-30 01:00:00,0.0
05-30 02:00:00,0.0
05-30 03:00:00,0.0
05-30 04:00:00,0.0
05-30 05:00:00,104.38897175499999
05-30 06:00:00,254.844832314
05-30 07:00:00,477.22171047500007
05-30 08:00:00,697.53532269
05-30 09:00:00,865.9760216000001
05-30 10:00:00,977.3209549599999
05-30 11:00:00,1015.6778188999999
05-30 12:00:00,982.43396148
05-30 13:00:00,883.02393514
05-30 14:00:00,721.3017624800001
05-30 15:00:00,529.2257121299999
05-30 16:00:00,344.864804357
05-30 17:00:00,179.470799741
05-30 18:00:00,57.0379785841
05-30 19:00:00,0.0
05-30 20:00:00,0.0
05-30 21:00:00,0.0
05-30 22:00:00,0.0
05-30 23:00:00,0.0
05-31 00:00:00,0.0
05-31 01:00:00,0.0
05-31 02:00:00,0.0
05-31 03:00:00,0.0
05-31 04:00:00,0.0
05-31 05:00:00,104.38897175499999
05-31 06:00:00,254.844832314
05-31 07:00:00,477.22171047500007
05-31 08:00:00,697.53532269
05-31 09:00:00,865.9760216000001
05-31 10:00:00,977.3209549599999
05-31 11:00:00,1015.6778188999999
05-31 12:00:00,982.43396148
05-31 13:00:00,883.02393514
05-31 14:00:00,721.3017624800001
05-31 15:00:00,529.2257121299999
05-31 16:00:00,344.864804357
05-31 17:00:00,179.470799741
05-31 18:00:00,57.0379785841
05-31 19:00:00,0.0
05-31 20:00:00,0.0
05-31 21:00:00,0.0
05-31 22:00:00,0.0
05-31 23:00:00,0.0
06-01 00:00:00,0.0
06-01 01:00:00,0.0
06-01 02:00:00,0.0
06-01 03:00:00,0.0
06-01 04:00:00,33.9636649177
06-01 05:00:00,130.491657581
06-01 06:00:00,290.934452176
06-01 07:00:00,512.0194801299999
06-01 08:00:00,730.19352939
06-01 09:00:00,901.3910012700001
06-01 10:00:00,1007.9586119600001
06-01 11:00:00,1045.84782044
06-01 12:00:00,1014.25513959
06-01 13:00:00,919.47678916
06-01 14:00:00,765.3031966399999
06-01 15:00:00,577.33076388
06-01 16:00:00,386.587572815
06-01 17:00:00,215.38238428699998
06-01 18:00:00,86.09610635399999
06-01 19:00:00,12.595335491919997
06-01 20:00:00,0.0
06-01 21:00:00,0.0
06-01 22:00:00,0.0
06-01 23:00:00,0.0
06-02 00:00:00,0.0
06-02 01:00:00,0.0
06-02 02:00:00,0.0
06-02 03:00:00,0.0
06-02 04:00:00,33.9636649177
06-02 05:00:00,130.491657581
06-02 06:00:00,290.934452176
06-02 07:00:00,512.0194801299999
06-02 08:00:00,730.19352939
06-02 09:00:00,901.3910012700001
06-02 10:00:00,1007.9586119600001
06-02 11:00:00,1045.84782044
06-02 12:00:00,1014.25513959
06-02 13:00:00,919.47678916
06-02 14:00:00,765.3031966399999
06-02 15:00:00,577.33076388
06-02 16:00:00,386.587572815
06-02 17:00:00,215.38238428699998
06-02 18:00:00,86.09610635399999
06-02 19:00:00,12.595335491919997
06-02 20:00:00,0.0
06-02 21:00:00,0.0
06-02 22:00:00,0.0
06-02 23:00:00,0.0
06-03 00:00:00,0.0
06-03 01:00:00,0.0
06-03 02:00:00,0.0
06-03 03:00:00,0.0
06-03 04:00:00,33.9636649177
06-03 05:00:00,130.491657581
06-03 06:00:00,290.934452176
06-03 07:00:00,512.0194801299999
06-03 08:00:00,730.19352939
06-03 09:00:00,901.3910012700001
06-03 10:00:00,1007.9586119600001
06-03 11:00:00,1045.84782044
06-03 12:00:00,1014.25513959
06-03 13:00:00,919.47678916
06-03 14:00:00,765.3031966399999
06-03 15:00:00,577.33076388
06-03 16:00:00,386.587572815
06-03 17:00:00,215.38238428699998
06-03 18:00:00,86.09610635399999
06-03 19:00:00,12.595335491919997
06-03 20:00:00,0.0
06-03 21:00:00,0.0
06-03 22:00:00,0.0
06-03 23:00:00,0.0
06-04 00:00:00,0.0
06-04 01:00:00,0.0
06-04 02:00:00,0.0
06-04 03:00:00,0.0
06-04 04:00:00,33.9636649177
06-04 05:00:00,130.491657581
06-04 06:00:00,290.934452176
06-04 07:00:00,512.0194801299999
06-04 08:00:00,730.19352939
06-04 09:00:00,901.3910012700001
06-04 10:00:00,1007.9586119600001
06-04 11:00:00,1045.84782044
06-04 12:00:00,1014.25513959
06-04 13:00:00,919.47678916
06-04 14:00:00,765.3031966399999
06-04 15:00:00,577.33076388
06-04 16:00:00,386.587572815
06-04 17:00:00,215.38238428699998
06-04 18:00:00,86.09610635399999
06-04 19:00:00,12.595335491919997
06-04 20:00:00,0.0
06-04 21:00:00,0.0
06-04 22:00:00,0.0
06-04 23:00:00,0.0
06-05 00:00:00,0.0
06-05 01:00:00,0.0
06-05 02:00:00,0.0
06-05 03:00:00,0.0
06-05 04:00:00,33.9636649177
06-05 05:00:00,130.491657581
06-05 06:00:00,290.934452176
06-05 07:00:00,512.0194801299999
06-05 08:00:00,730.19352939
06-05 09:00:00,901.3910012700001
06-05 10:00:00,1007.9586119600001
06-05 11:00:00,1045.84782044
06-05 12:00:00,1014.25513959
06-05 13:00:00,919.47678916
06-05 14:00:00,765.3031966399999
06-05 15:00:00,577.33076388
06-05 16:00:00,386.587572815
06-05 17:00:00,215.38238428699998
06-05 18:00:00,86.09610635399999
06-05 19:00:00,12.595335491919997
06-05 20:00:00,0.0
06-05 21:00:00,0.0
06-05 22:00:00,0.0
06-05 23:00:00,0.0
06-06 00:00:00,0.0
06-06 01:00:00,0.0
06-06 02:00:00,0.0
06-06 03:00:00,0.0
06-06 04:00:00,33.9636649177
06-06 05:00:00,130.491657581
06-06 06:00:00,290.934452176
06-06 07:00:00,512.0194801299999
06-06 08:00:00,730.19352939
06-06 09:00:00,901.3910012700001
06-06 10:00:00,1007.9586119600001
06-06 11:00:00,1045.84782044
06-06 12:00:00,1014.25513959
06-06 13:00:00,919.47678916
06-06 14:00:00,765.3031966399999
06-06 15:00:00,577.33076388
06-06 16:00:00,386.587572815
06-06 17:00:00,215.38238428699998
06-06 18:00:00,86.09610635399999
06-06 19:00:00,12.595335491919997
06-06 20:00:00,0.0
06-06 21:00:00,0.0
06-06 22:00:00,0.0
06-06 23:00:00,0.0
06-07 00:00:00,0.0
06-07 01:00:00,0.0
06-07 02:00:00,0.0
06-07 03:00:00,0.0
06-07 04:00:00,33.9636649177
06-07 05:00:00,130.491657581
06-07 06:00:00,290.934452176
06-07 07:00:00,512.0194801299999
06-07 08:00:00,730.19352939
06-07 09:00:00,901.3910012700001
06-07 10:00:00,1007.9586119600001
06-07 11:00:00,1045.84782044
06-07 12:00:00,1014.25513959
06-07 13:00:00,919.47678916
06-07 14:00:00,765.3031966399999
06-07 15:00:00,577.33076388
06-07 16:00:00,386.587572815
06-07 17:00:00,215.38238428699998
06-07 18:00:00,86.09610635399999
06-07 19:00:00,12.595335491919997
06-07 20:00:00,0.0
06-07 21:00:00,0.0
06-07 22:00:00,0.0
06-07 23:00:00,0.0
06-08 00:00:00,0.0
06-08 01:00:00,0.0
06-08 02:00:00,0.0
06-08 03:00:00,0.0
06-08 04:00:00,33.9636649177
06-08 05:00:00,130.491657581
06-08 06:00:00,290.934452176
06-08 07:00:00,512.0194801299999
06-08 08:00:00,730.19352939
06-08 09:00:00,901.3910012700001
06-08 10:00:00,1007.9586119600001
06-08 11:00:00,1045.84782044
06-08 12:00:00,1014.25513959
06-08 13:00:00,919.47678916
06-08 14:00:00,765.3031966399999
06-08 15:00:00,577.33076388
06-08 16:00:00,386.587572815
06-08 17:00:00,215.38238428699998
06-08 18:00:00,86.09610635399999
06-08 19:00:00,12.595335491919997
06-08 20:00:00,0.0
06-08 21:00:00,0.0
06-08 22:00:00,0.0
06-08 23:00:00,0.0
06-09 00:00:00,0.0
06-09 01:00:00,0.0
06-09 02:00:00,0.0
06-09 03:00:00,0.0
06-09 04:00:00,33.9636649177
06-09 05:00:00,130.491657581
06-09 06:00:00,290.934452176
06-09 07:00:00,512.0194801299999
06-09 08:00:00,730.19352939
06-09 09:00:00,901.3910012700001
06-09 10:00:00,1007.9586119600001
06-09 11:00:00,1045.84782044
06-09 12:00:00,1014.25513959
06-09 13:00:00,919.47678916
06-09 14:00:00,765.3031966399999
06-09 15:00:00,577.33076388
06-09 16:00:00,386.587572815
06-09 17:00:00,215.38238428699998
06-09 18:00:00,86.09610635399999
06-09 19:00:00,12.595335491919997
06-09 20:00:00,0.0
06-09 21:00:00,0.0
06-09 22:00:00,0.0
06-09 23:00:00,0.0
06-10 00:00:00,0.0
06-10 01:00:00,0.0
06-10 02:00:00,0.0
06-10 03:00:00,0.0
06-10 04:00:00,33.9636649177
06-10 05:00:00,130.491657581
06-10 06:00:00,290.934452176
06-10 07:00:00,512.0194801299999
06-10 08:00:00,730.19352939
06-10 09:00:00,901.3910012700001
06-10 10:00:00,1007.9586119600001
06-10 11:00:00,1045.84782044
06-10 12:00:00,1014.25513959
06-10 13:00:00,919.47678916
06-10 14:00:00,765.3031966399999
06-10 15:00:00,577.33076388
06-10 16:00:00,386.587572815
06-10 17:00:00,215.38238428699998
06-10 18:00:00,86.09610635399999
06-10 19:00:00,12.595335491919997
06-10 20:00:00,0.0
06-10 21:00:00,0.0
06-10 22:00:00,0.0
06-10 23:00:00,0.0
06-11 00:00:00,0.0
06-11 01:00:00,0.0
06-11 02:00:00,0.0
06-11 03:00:00,0.0
06-11 04:00:00,33.9636649177
06-11 05:00:00,130.491657581
06-11 06:00:00,290.934452176
06-11 07:00:00,512.0194801299999
06-11 08:00:00,730.19352939
06-11 09:00:00,901.3910012700001
06-11 10:00:00,1007.9586119600001
06-11 11:00:00,1045.84782044
06-11 12:00:00,1014.25513959
06-11 13:00:00,919.47678916
06-11 14:00:00,765.3031966399999
06-11 15:00:00,577.33076388
06-11 16:00:00,386.587572815
06-11 17:00:00,215.38238428699998
06-11 18:00:00,86.09610635399999
06-11 19:00:00,12.595335491919997
06-11 20:00:00,0.0
06-11 21:00:00,0.0
06-11 22:00:00,0.0
06-11 23:00:00,0.0
06-12 00:00:00,0.0
06-12 01:00:00,0.0
06-12 02:00:00,0.0
06-12 03:00:00,0.0
06-12 04:00:00,33.9636649177
06-12 05:00:00,130.491657581
06-12 06:00:00,290.934452176
06-12 07:00:00,512.0194801299999
06-12 08:00:00,730.19352939
06-12 09:00:00,901.3910012700001
06-12 10:00:00,1007.9586119600001
06-12 11:00:00,1045.84782044
06-12 12:00:00,1014.25513959
06-12 13:00:00,919.47678916
06-12 14:00:00,765.3031966399999
06-12 15:00:00,577.33076388
06-12 16:00:00,386.587572815
06-12 17:00:00,215.38238428699998
06-12 18:00:00,86.09610635399999
06-12 19:00:00,12.595335491919997
06-12 20:00:00,0.0
06-12 21:00:00,0.0
06-12 22:00:00,0.0
06-12 23:00:00,0.0
06-13 00:00:00,0.0
06-13 01:00:00,0.0
06-13 02:00:00,0.0
06-13 03:00:00,0.0
06-13 04:00:00,33.9636649177
06-13 05:00:00,130.491657581
06-13 06:00:00,290.934452176
06-13 07:00:00,512.0194801299999
06-13 08:00:00,730.19352939
06-13 09:00:00,901.3910012700001
06-13 10:00:00,1007.9586119600001
06-13 11:00:00,1045.84782044
06-13 12:00:00,1014.25513959
06-13 13:00:00,919.47678916
06-13 14:00:00,765.3031966399999
06-13 15:00:00,577.33076388
06-13 16:00:00,386.587572815
06-13 17:00:00,215.38238428699998
06-13 18:00:00,86.09610635399999
06-13 19:00:00,12.595335491919997
06-13 20:00:00,0.0
06-13 21:00:00,0.0
06-13 22:00:00,0.0
06-13 23:00:00,0.0
06-14 00:00:00,0.0
06-14 01:00:00,0.0
06-14 02:00:00,0.0
06-14 03:00:00,0.0
06-14 04:00:00,33.9636649177
06-14 05:00:00,130.491657581
06-14 06:00:00,290.934452176
06-14 07:00:00,512.0194801299999
06-14 08:00:00,730.19352939
06-14 09:00:00,901.3910012700001
06-14 10:00:00,1007.9586119600001
06-14 11:00:00,1045.84782044
06-14 12:00:00,1014.25513959
06-14 13:00:00,919.47678916
06-14 14:00:00,765.3031966399999
06-14 15:00:00,577.33076388
06-14 16:00:00,386.587572815
06-14 17:00:00,215.38238428699998
06-14 18:00:00,86.09610635399999
06-14 19:00:00,12.595335491919997
06-14 20:00:00,0.0
06-14 21:00:00,0.0
06-14 22:00:00,0.0
06-14 23:00:00,0.0
06-15 00:00:00,0.0
06-15 01:00:00,0.0
06-15 02:00:00,0.0
06-15 03:00:00,0.0
06-15 04:00:00,33.9636649177
06-15 05:00:00,130.491657581
06-15 06:00:00,290.934452176
06-15 07:00:00,512.0194801299999
06-15 08:00:00,730.19352939
06-15 09:00:00,901.3910012700001
06-15 10:00:00,1007.9586119600001
06-15 11:00:00,1045.84782044
06-15 12:00:00,1014.25513959
06-15 13:00:00,919.47678916
06-15 14:00:00,765.3031966399999
06-15 15:00:00,577.33076388
06-15 16:00:00,386.587572815
06-15 17:00:00,215.38238428699998
06-15 18:00:00,86.09610635399999
06-15 19:00:00,12.595335491919997
06-15 20:00:00,0.0
06-15 21:00:00,0.0
06-15 22:00:00,0.0
06-15 23:00:00,0.0
06-16 00:00:00,0.0
06-16 01:00:00,0.0
06-16 02:00:00,0.0
06-16 03:00:00,0.0
06-16 04:00:00,33.9636649177
06-16 05:00:00,130.491657581
06-16 06:00:00,290.934452176
06-16 07:00:00,512.0194801299999
06-16 08:00:00,730.19352939
06-16 09:00:00,901.3910012700001
06-16 10:00:00,1007.9586119600001
06-16 11:00:00,1045.84782044
06-16 12:00:00,1014.25513959
06-16 13:00:00,919.47678916
06-16 14:00:00,765.3031966399999
06-16 15:00:00,577.33076388
06-16 16:00:00,386.587572815
06-16 17:00:00,215.38238428699998
06-16 18:00:00,86.09610635399999
06-16 19:00:00,12.595335491919997
06-16 20:00:00,0.0
06-16 21:00:00,0.0
06-16 22:00:00,0.0
06-16 23:00:00,0.0
06-17 00:00:00,0.0
06-17 01:00:00,0.0
06-17 02:00:00,0.0
06-17 03:00:00,0.0
06-17 04:00:00,33.9636649177
06-17 05:00:00,130.491657581
06-17 06:00:00,290.934452176
06-17 07:00:00,512.0194801299999
06-17 08:00:00,730.19352939
06-17 09:00:00,901.3910012700001
06-17 10:00:00,1007.9586119600001
06-17 11:00:00,1045.84782044
06-17 12:00:00,1014.25513959
06-17 13:00:00,919.47678916
06-17 14:00:00,765.3031966399999
06-17 15:00:00,577.33076388
06-17 16:00:00,386.587572815
06-17 17:00:00,215.38238428699998
06-17 18:00:00,86.09610635399999
06-17 19:00:00,12.595335491919997
06-17 20:00:00,0.0
06-17 21:00:00,0.0
06-17 22:00:00,0.0
06-17 23:00:00,0.0
06-18 00:00:00,0.0
06-18 01:00:00,0.0
06-18 02:00:00,0.0
06-18 03:00:00,0.0
06-18 04:00:00,33.9636649177
06-18 05:00:00,130.491657581
06-18 06:00:00,290.934452176
06-18 07:00:00,512.0194801299999
06-18 08:00:00,730.19352939
06-18 09:00:00,901.3910012700001
06-18 10:00:00,1007.9586119600001
06-18 11:00:00,1045.84782044
06-18 12:00:00,1014.25513959
06-18 13:00:00,919.47678916
06-18 14:00:00,765.3031966399999
06-18 15:00:00,577.33076388
06-18 16:00:00,386.587572815
06-18 17:00:00,215.38238428699998
06-18 18:00:00,86.09610635399999
06-18 19:00:00,12.595335491919997
06-18 20:00:00,0.0
06-18 21:00:00,0.0
06-18 22:00:00,0.0
06-18 23:00:00,0.0
06-19 00:00:00,0.0
06-19 01:00:00,0.0
06-19 02:00:00,0.0
06-19 03:00:00,0.0
06-19 04:00:00,33.9636649177
06-19 05:00:00,130.491657581
06-19 06:00:00,290.934452176
06-19 07:00:00,512.0194801299999
06-19 08:00:00,730.19352939
06-19 09:00:00,901.3910012700001
06-19 10:00:00,1007.9586119600001
06-19 11:00:00,1045.84782044
06-19 12:00:00,1014.25513959
06-19 13:00:00,919.47678916
06-19 14:00:00,765.3031966399999
06-19 15:00:00,577.33076388
06-19 16:00:00,386.587572815
06-19 17:00:00,215.38238428699998
06-19 18:00:00,86.09610635399999
06-19 19:00:00,12.595335491919997
06-19 20:00:00,0.0
06-19 21:00:00,0.0
06-19 22:00:00,0.0
06-19 23:00:00,0.0
06-20 00:00:00,0.0
06-20 01:00:00,0.0
06-20 02:00:00,0.0
06-20 03:00:00,0.0
06-20 04:00:00,33.9636649177
06-20 05:00:00,130.491657581
06-20 06:00:00,290.934452176
06-20 07:00:00,512.0194801299999
06-20 08:00:00,730.19352939
06-20 09:00:00,901.3910012700001
06-20 10:00:00,1007.9586119600001
06-20 11:00:00,1045.84782044
06-20 12:00:00,1014.25513959
06-20 13:00:00,919.47678916
06-20 14:00:00,765.3031966399999
06-20 15:00:00,577.33076388
06-20 16:00:00,386.587572815
06-20 17:00:00,215.38238428699998
06-20 18:00:00,86.09610635399999
06-20 19:00:00,12.595335491919997
06-20 20:00:00,0.0
06-20 21:00:00,0.0
06-20 22:00:00,0.0
06-20 23:00:00,0.0
06-21 00:00:00,0.0
06-21 01:00:00,0.0
06-21 02:00:00,0.0
06-21 03:00:00,0.0
06-21 04:00:00,33.9636649177
06-21 05:00:00,130.491657581
06-21 06:00:00,290.934452176
06-21 07:00:00,512.0194801299999
06-21 08:00:00,730.19352939
06-21 09:00:00,901.3910012700001
06-21 10:00:00,1007.9586119600001
06-21 11:00:00,1045.84782044
06-21 12:00:00,1014.25513959
06-21 13:00:00,919.47678916
06-21 14:00:00,765.3031966399999
06-21 15:00:00,577.33076388
06-21 16:00:00,386.587572815
06-21 17:00:00,215.38238428699998
06-21 18:00:00,86.09610635399999
06-21 19:00:00,12.595335491919997
06-21 20:00:00,0.0
06-21 21:00:00,0.0
06-21 22:00:00,0.0
06-21 23:00:00,0.0
06-22 00:00:00,0.0
06-22 01:00:00,0.0
06-22 02:00:00,0.0
06-22 03:00:00,0.0
06-22 04:00:00,33.9636649177
06-22 05:00:00,130.491657581
06-22 06:00:00,290.934452176
06-22 07:00:00,512.0194801299999
06-22 08:00:00,730.19352939
06-22 09:00:00,901.3910012700001
06-22 10:00:00,1007.9586119600001
06-22 11:00:00,1045.84782044
06-22 12:00:00,1014.25513959
06-22 13:00:00,919.47678916
06-22 14:00:00,765.3031966399999
06-22 15:00:00,577.33076388
06-22 16:00:00,386.587572815
06-22 17:00:00,215.38238428699998
06-22 18:00:00,86.09610635399999
06-22 19:00:00,12.595335491919997
06-22 20:00:00,0.0
06-22 21:00:00,0.0
06-22 22:00:00,0.0
06-22 23:00:00,0.0
06-23 00:00:00,0.0
06-23 01:00:00,0.0
06-23 02:00:00,0.0
06-23 03:00:00,0.0
06-23 04:00:00,33.9636649177
06-23 05:00:00,130.491657581
06-23 06:00:00,290.934452176
06-23 07:00:00,512.0194801299999
06-23 08:00:00,730.19352939
06-23 09:00:00,901.3910012700001
06-23 10:00:00,1007.9586119600001
06-23 11:00:00,1045.84782044
06-23 12:00:00,1014.25513959
06-23 13:00:00,919.47678916
06-23 14:00:00,765.3031966399999
06-23 15:00:00,577.33076388
06-23 16:00:00,386.587572815
06-23 17:00:00,215.38238428699998
06-23 18:00:00,86.09610635399999
06-23 19:00:00,12.595335491919997
06-23 20:00:00,0.0
06-23 21:00:00,0.0
06-23 22:00:00,0.0
06-23 23:00:00,0.0
06-24 00:00:00,0.0
06-24 01:00:00,0.0
06-24 02:00:00,0.0
06-24 03:00:00,0.0
06-24 04:00:00,33.9636649177
06-24 05:00:00,130.491657581
06-24 06:00:00,290.934452176
06-24 07:00:00,512.0194801299999
06-24 08:00:00,730.19352939
06-24 09:00:00,901.3910012700001
06-24 10:00:00,1007.9586119600001
06-24 11:00:00,1045.84782044
06-24 12:00:00,1014.25513959
06-24 13:00:00,919.47678916
06-24 14:00:00,765.3031966399999
06-24 15:00:00,577.33076388
06-24 16:00:00,386.587572815
06-24 17:00:00,215.38238428699998
06-24 18:00:00,86.09610635399999
06-24 19:00:00,12.595335491919997
06-24 20:00:00,0.0
06-24 21:00:00,0.0
06-24 22:00:00,0.0
06-24 23:00:00,0.0
06-25 00:00:00,0.0
06-25 01:00:00,0.0
06-25 02:00:00,0.0
06-25 03:00:00,0.0
06-25 04:00:00,33.9636649177
06-25 05:00:00,130.491657581
06-25 06:00:00,290.934452176
06-25 07:00:00,512.0194801299999
06-25 08:00:00,730.19352939
06-25 09:00:00,901.3910012700001
06-25 10:00:00,1007.9586119600001
06-25 11:00:00,1045.84782044
06-25 12:00:00,1014.25513959
06-25 13:00:00,919.47678916
06-25 14:00:00,765.3031966399999
06-25 15:00:00,577.33076388
06-25 16:00:00,386.587572815
06-25 17:00:00,215.38238428699998
06-25 18:00:00,86.09610635399999
06-25 19:00:00,12.595335491919997
06-25 20:00:00,0.0
06-25 21:00:00,0.0
06-25 22:00:00,0.0
06-25 23:00:00,0.0
06-26 00:00:00,0.0
06-26 01:00:00,0.0
06-26 02:00:00,0.0
06-26 03:00:00,0.0
06-26 04:00:00,33.9636649177
06-26 05:00:00,130.491657581
06-26 06:00:00,290.934452176
06-26 07:00:00,512.0194801299999
06-26 08:00:00,730.19352939
06-26 09:00:00,901.3910012700001
06-26 10:00:00,1007.9586119600001
06-26 11:00:00,1045.84782044
06-26 12:00:00,1014.25513959
06-26 13:00:00,919.47678916
06-26 14:00:00,765.3031966399999
06-26 15:00:00,577.33076388
06-26 16:00:00,386.587572815
06-26 17:00:00,215.38238428699998
06-26 18:00:00,86.09610635399999
06-26 19:00:00,12.595335491919997
06-26 20:00:00,0.0
06-26 21:00:00,0.0
06-26 22:00:00,0.0
06-26 23:00:00,0.0
06-27 00:00:00,0.0
06-27 01:00:00,0.0
06-27 02:00:00,0.0
06-27 03:00:00,0.0
06-27 04:00:00,33.9636649177
06-27 05:00:00,130.491657581
06-27 06:00:00,290.934452176
06-27 07:00:00,512.0194801299999
06-27 08:00:00,730.19352939
06-27 09:00:00,901.3910012700001
06-27 10:00:00,1007.9586119600001
06-27 11:00:00,1045.84782044
06-27 12:00:00,1014.25513959
06-27 13:00:00,919.47678916
06-27 14:00:00,765.3031966399999
06-27 15:00:00,577.33076388
06-27 16:00:00,386.587572815
06-27 17:00:00,215.38238428699998
06-27 18:00:00,86.09610635399999
06-27 19:00:00,12.595335491919997
06-27 20:00:00,0.0
06-27 21:00:00,0.0
06-27 22:00:00,0.0
06-27 23:00:00,0.0
06-28 00:00:00,0.0
06-28 01:00:00,0.0
06-28 02:00:00,0.0
06-28 03:00:00,0.0
06-28 04:00:00,33.9636649177
06-28 05:00:00,130.491657581
06-28 06:00:00,290.934452176
06-28 07:00:00,512.0194801299999
06-28 08:00:00,730.19352939
06-28 09:00:00,901.3910012700001
06-28 10:00:00,1007.9586119600001
06-28 11:00:00,1045.84782044
06-28 12:00:00,1014.25513959
06-28 13:00:00,919.47678916
06-28 14:00:00,765.3031966399999
06-28 15:00:00,577.33076388
06-28 16:00:00,386.587572815
06-28 17:00:00,215.38238428699998
06-28 18:00:00,86.09610635399999
06-28 19:00:00,12.595335491919997
06-28 20:00:00,0.0
06-28 21:00:00,0.0
06-28 22:00:00,0.0
06-28 23:00:00,0.0
06-29 00:00:00,0.0
06-29 01:00:00,0.0
06-29 02:00:00,0.0
06-29 03:00:00,0.0
06-29 04:00:00,33.9636649177
06-29 05:00:00,130.491657581
06-29 06:00:00,290.934452176
06-29 07:00:00,512.0194801299999
06-29 08:00:00,730.19352939
06-29 09:00:00,901.3910012700001
06-29 10:00:00,1007.9586119600001
06-29 11:00:00,1045.84782044
06-29 12:00:00,1014.25513959
06-29 13:00:00,919.47678916
06-29 14:00:00,765.3031966399999
06-29 15:00:00,577.33076388
06-29 16:00:00,386.587572815
06-29 17:00:00,215.38238428699998
06-29 18:00:00,86.09610635399999
06-29 19:00:00,12.595335491919997
06-29 20:00:00,0.0
06-29 21:00:00,0.0
06-29 22:00:00,0.0
06-29 23:00:00,0.0
06-30 00:00:00,0.0
06-30 01:00:00,0.0
06-30 02:00:00,0.0
06-30 03:00:00,0.0
06-30 04:00:00,33.9636649177
06-30 05:00:00,130.491657581
06-30 06:00:00,290.934452176
06-30 07:00:00,512.0194801299999
06-30 08:00:00,730.19352939
06-30 09:00:00,901.3910012700001
06-30 10:00:00,1007.9586119600001
06-30 11:00:00,1045.84782044
06-30 12:00:00,1014.25513959
06-30 13:00:00,919.47678916
06-30 14:00:00,765.3031966399999
06-30 15:00:00,577.33076388
06-30 16:00:00,386.587572815
06-30 17:00:00,215.38238428699998
06-30 18:00:00,86.09610635399999
06-30 19:00:00,12.595335491919997
06-30 20:00:00,0.0
06-30 21:00:00,0.0
06-30 22:00:00,0.0
06-30 23:00:00,0.0
07-01 00:00:00,0.0
07-01 01:00:00,0.0
07-01 02:00:00,0.0
07-01 03:00:00,0.0
07-01 04:00:00,0.0
07-01 05:00:00,105.00145247999998
07-01 06:00:00,255.289043763
07-01 07:00:00,477.72223981999997
07-01 08:00:00,705.69487572
07-01 09:00:00,890.39236248
07-01 10:00:00,1006.9491664
07-01 11:00:00,1055.07257773
07-01 12:00:00,1032.7730864100001
07-01 13:00:00,945.65150249
07-01 14:00:00,793.9894829
07-01 15:00:00,607.2422406100001
07-01 16:00:00,409.88635996
07-01 17:00:00,223.34880881700002
07-01 18:00:00,86.578115204
07-01 19:00:00,13.081348643799997
07-01 20:00:00,0.0
07-01 21:00:00,0.0
07-01 22:00:00,0.0
07-01 23:00:00,0.0
07-02 00:00:00,0.0
07-02 01:00:00,0.0
07-02 02:00:00,0.0
07-02 03:00:00,0.0
07-02 04:00:00,0.0
07-02 05:00:00,105.00145247999998
07-02 06:00:00,255.289043763
07-02 07:00:00,477.72223981999997
07-02 08:00:00,705.69487572
07-02 09:00:00,890.39236248
07-02 10:00:00,1006.9491664
07-02 11:00:00,1055.07257773
07-02 12:00:00,1032.7730864100001
07-02 13:00:00,945.65150249
07-02 14:00:00,793.9894829
07-02 15:00:00,607.2422406100001
07-02 16:00:00,409.88635996
07-02 17:00:00,223.34880881700002
07-02 18:00:00,86.578115204
07-02 19:00:00,13.081348643799997
07-02 20:00:00,0.0
07-02 21:00:00,0.0
07-02 22:00:00,0.0
07-02 23:00:00,0.0
07-03 00:00:00,0.0
07-03 01:00:00,0.0
07-03 02:00:00,0.0
07-03 03:00:00,0.0
07-03 04:00:00,0.0
07-03 05:00:00,105.00145247999998
07-03 06:00:00,255.289043763
07-03 07:00:00,477.72223981999997
07-03 08:00:00,705.69487572
07-03 09:00:00,890.39236248
07-03 10:00:00,1006.9491664
07-03 11:00:00,1055.07257773
07-03 12:00:00,1032.7730864100001
07-03 13:00:00,945.65150249
07-03 14:00:00,793.9894829
07-03 15:00:00,607.2422406100001
07-03 16:00:00,409.88635996
07-03 17:00:00,223.34880881700002
07-03 18:00:00,86.578115204
07-03 19:00:00,13.081348643799997
07-03 20:00:00,0.0
07-03 21:00:00,0.0
07-03 22:00:00,0.0
07-03 23:00:00,0.0
07-04 00:00:00,0.0
07-04 01:00:00,0.0
07-04 02:00:00,0.0
07-04 03:00:00,0.0
07-04 04:00:00,0.0
07-04 05:00:00,105.00145247999998
07-04 06:00:00,255.289043763
07-04 07:00:00,477.72223981999997
07-04 08:00:00,705.69487572
07-04 09:00:00,890.39236248
07-04 10:00:00,1006.9491664
07-04 11:00:00,1055.07257773
07-04 12:00:00,1032.7730864100001
07-04 13:00:00,945.65150249
07-04 14:00:00,793.9894829
07-04 15:00:00,607.2422406100001
07-04 16:00:00,409.88635996
07-04 17:00:00,223.34880881700002
07-04 18:00:00,86.578115204
07-04 19:00:00,13.081348643799997
07-04 20:00:00,0.0
07-04 21:00:00,0.0
07-04 22:00:00,0.0
07-04 23:00:00,0.0
07-05 00:00:00,0.0
07-05 01:00:00,0.0
07-05 02:00:00,0.0
07-05 03:00:00,0.0
07-05 04:00:00,0.0
07-05 05:00:00,105.00145247999998
07-05 06:00:00,255.289043763
07-05 07:00:00,477.72223981999997
07-05 08:00:00,705.69487572
07-05 09:00:00,890.39236248
07-05 10:00:00,1006.9491664
07-05 11:00:00,1055.07257773
07-05 12:00:00,1032.7730864100001
07-05 13:00:00,945.65150249
07-05 14:00:00,793.9894829
07-05 15:00:00,607.2422406100001
07-05 16:00:00,409.88635996
07-05 17:00:00,223.34880881700002
07-05 18:00:00,86.578115204
07-05 19:00:00,13.081348643799997
07-05 20:00:00,0.0
07-05 21:00:00,0.0
07-05 22:00:00,0.0
07-05 23:00:00,0.0
07-06 00:00:00,0.0
07-06 01:00:00,0.0
07-06 02:00:00,0.0
07-06 03:00:00,0.0
07-06 04:00:00,0.0
07-06 05:00:00,105.00145247999998
07-06 06:00:00,255.289043763
07-06 07:00:00,477.72223981999997
07-06 08:00:00,705.69487572
07-06 09:00:00,890.39236248
07-06 10:00:00,1006.9491664
07-06 11:00:00,1055.07257773
07-06 12:00:00,1032.7730864100001
07-06 13:00:00,945.65150249
07-06 14:00:00,793.9894829
07-06 15:00:00,607.2422406100001
07-06 16:00:00,409.88635996
07-06 17:00:00,223.34880881700002
07-06 18:00:00,86.578115204
07-06 19:00:00,13.081348643799997
07-06 20:00:00,0.0
07-06 21:00:00,0.0
07-06 22:00:00,0.0
07-06 23:00:00,0.0
07-07 00:00:00,0.0
07-07 01:00:00,0.0
07-07 02:00:00,0.0
07-07 03:00:00,0.0
07-07 04:00:00,0.0
07-07 05:00:00,105.00145247999998
07-07 06:00:00,255.289043763
07-07 07:00:00,477.72223981999997
07-07 08:00:00,705.69487572
07-07 09:00:00,890.39236248
07-07 10:00:00,1006.9491664
07-07 11:00:00,1055.07257773
07-07 12:00:00,1032.7730864100001
07-07 13:00:00,945.65150249
07-07 14:00:00,793.9894829
07-07 15:00:00,607.2422406100001
07-07 16:00:00,409.88635996
07-07 17:00:00,223.34880881700002
07-07 18:00:00,86.578115204
07-07 19:00:00,13.081348643799997
07-07 20:00:00,0.0
07-07 21:00:00,0.0
07-07 22:00:00,0.0
07-07 23:00:00,0.0
07-08 00:00:00,0.0
07-08 01:00:00,0.0
07-08 02:00:00,0.0
07-08 03:00:00,0.0
07-08 04:00:00,0.0
07-08 05:00:00,105.00145247999998
07-08 06:00:00,255.289043763
07-08 07:00:00,477.72223981999997
07-08 08:00:00,705.69487572
07-08 09:00:00,890.39236248
07-08 10:00:00,1006.9491664
07-08 11:00:00,1055.07257773
07-08 12:00:00,1032.7730864100001
07-08 13:00:00,945.65150249
07-08 14:00:00,793.9894829
07-08 15:00:00,607.2422406100001
07-08 16:00:00,409.88635996
07-08 17:00:00,223.34880881700002
07-08 18:00:00,86.578115204
07-08 19:00:00,13.081348643799997
07-08 20:00:00,0.0
07-08 21:00:00,0.0
07-08 22:00:00,0.0
07-08 23:00:00,0.0
07-09 00:00:00,0.0
07-09 01:00:00,0.0
07-09 02:00:00,0.0
07-09 03:00:00,0.0
07-09 04:00:00,0.0
07-09 05:00:00,105.00145247999998
07-09 06:00:00,255.289043763
07-09 07:00:00,477.72223981999997
07-09 08:00:00,705.69487572
07-09 09:00:00,890.39236248
07-09 10:00:00,1006.9491664
07-09 11:00:00,1055.07257773
07-09 12:00:00,1032.7730864100001
07-09 13:00:00,945.65150249
07-09 14:00:00,793.9894829
07-09 15:00:00,607.2422406100001
07-09 16:00:00,409.88635996
07-09 17:00:00,223.34880881700002
07-09 18:00:00,86.578115204
07-09 19:00:00,13.081348643799997
07-09 20:00:00,0.0
07-09 21:00:00,0.0
07-09 22:00:00,0.0
07-09 23:00:00,0.0
07-10 00:00:00,0.0
07-10 01:00:00,0.0
07-10 02:00:00,0.0
07-10 03:00:00,0.0
07-10 04:00:00,0.0
07-10 05:00:00,105.00145247999998
07-10 06:00:00,255.289043763
07-10 07:00:00,477.72223981999997
07-10 08:00:00,705.69487572
07-10 09:00:00,890.39236248
07-10 10:00:00,1006.9491664
07-10 11:00:00,1055.07257773
07-10 12:00:00,1032.7730864100001
07-10 13:00:00,945.65150249
07-10 14:00:00,793.9894829
07-10 15:00:00,607.2422406100001
07-10 16:00:00,409.88635996
07-10 17:00:00,223.34880881700002
07-10 18:00:00,86.578115204
07-10 19:00:00,13.081348643799997
07-10 20:00:00,0.0
07-10 21:00:00,0.0
07-10 22:00:00,0.0
07-10 23:00:00,0.0
07-11 00:00:00,0.0
07-11 01:00:00,0.0
07-11 02:00:00,0.0
07-11 03:00:00,0.0
07-11 04:00:00,0.0
07-11 05:00:00,105.00145247999998
07-11 06:00:00,255.289043763
07-11 07:00:00,477.72223981999997
07-11 08:00:00,705.69487572
07-11 09:00:00,890.39236248
07-11 10:00:00,1006.9491664
07-11 11:00:00,1055.07257773
07-11 12:00:00,1032.7730864100001
07-11 13:00:00,945.65150249
07-11 14:00:00,793.9894829
07-11 15:00:00,607.2422406100001
07-11 16:00:00,409.88635996
07-11 17:00:00,223.34880881700002
07-11 18:00:00,86.578115204
07-11 19:00:00,13.081348643799997
07-11 20:00:00,0.0
07-11 21:00:00,0.0
07-11 22:00:00,0.0
07-11 23:00:00,0.0
07-12 00:00:00,0.0
07-12 01:00:00,0.0
07-12 02:00:00,0.0
07-12 03:00:00,0.0
07-12 04:00:00,0.0
07-12 05:00:00,105.00145247999998
07-12 06:00:00,255.289043763
07-12 07:00:00,477.72223981999997
07-12 08:00:00,705.69487572
07-12 09:00:00,890.39236248
07-12 10:00:00,1006.9491664
07-12 11:00:00,1055.07257773
07-12 12:00:00,1032.7730864100001
07-12 13:00:00,945.65150249
07-12 14:00:00,793.9894829
07-12 15:00:00,607.2422406100001
07-12 16:00:00,409.88635996
07-12 17:00:00,223.34880881700002
07-12 18:00:00,86.578115204
07-12 19:00:00,13.081348643799997
07-12 20:00:00,0.0
07-12 21:00:00,0.0
07-12 22:00:00,0.0
07-12 23:00:00,0.0
07-13 00:00:00,0.0
07-13 01:00:00,0.0
07-13 02:00:00,0.0
07-13 03:00:00,0.0
07-13 04:00:00,0.0
07-13 05:00:00,105.00145247999998
07-13 06:00:00,255.289043763
07-13 07:00:00,477.72223981999997
07-13 08:00:00,705.69487572
07-13 09:00:00,890.39236248
07-13 10:00:00,1006.9491664
07-13 11:00:00,1055.07257773
07-13 12:00:00,1032.7730864100001
07-13 13:00:00,945.65150249
07-13 14:00:00,793.9894829
07-13 15:00:00,607.2422406100001
07-13 16:00:00,409.88635996
07-13 17:00:00,223.34880881700002
07-13 18:00:00,86.578115204
07-13 19:00:00,13.081348643799997
07-13 20:00:00,0.0
07-13 21:00:00,0.0
07-13 22:00:00,0.0
07-13 23:00:00,0.0
07-14 00:00:00,0.0
07-14 01:00:00,0.0
07-14 02:00:00,0.0
07-14 03:00:00,0.0
07-14 04:00:00,0.0
07-14 05:00:00,105.00145247999998
07-14 06:00:00,255.289043763
07-14 07:00:00,477.72223981999997
07-14 08:00:00,705.69487572
07-14 09:00:00,890.39236248
07-14 10:00:00,1006.9491664
07-14 11:00:00,1055.07257773
07-14 12:00:00,1032.7730864100001
07-14 13:00:00,945.65150249
07-14 14:00:00,793.9894829
07-14 15:00:00,607.2422406100001
07-14 16:00:00,409.88635996
07-14 17:00:00,223.34880881700002
07-14 18:00:00,86.578115204
07-14 19:00:00,13.081348643799997
07-14 20:00:00,0.0
07-14 21:00:00,0.0
07-14 22:00:00,0.0
07-14 23:00:00,0.0
07-15 00:00:00,0.0
07-15 01:00:00,0.0
07-15 02:00:00,0.0
07-15 03:00:00,0.0
07-15 04:00:00,0.0
07-15 05:00:00,105.00145247999998
07-15 06:00:00,255.289043763
07-15 07:00:00,477.72223981999997
07-15 08:00:00,705.69487572
07-15 09:00:00,890.39236248
07-15 10:00:00,1006.9491664
07-15 11:00:00,1055.07257773
07-15 12:00:00,1032.7730864100001
07-15 13:00:00,945.65150249
07-15 14:00:00,793.9894829
07-15 15:00:00,607.2422406100001
07-15 16:00:00,409.88635996
07-15 17:00:00,223.34880881700002
07-15 18:00:00,86.578115204
07-15 19:00:00,13.081348643799997
07-15 20:00:00,0.0
07-15 21:00:00,0.0
07-15 22:00:00,0.0
07-15 23:00:00,0.0
07-16 00:00:00,0.0
07-16 01:00:00,0.0
07-16 02:00:00,0.0
07-16 03:00:00,0.0
07-16 04:00:00,0.0
07-16 05:00:00,105.00145247999998
07-16 06:00:00,255.289043763
07-16 07:00:00,477.72223981999997
07-16 08:00:00,705.69487572
07-16 09:00:00,890.39236248
07-16 10:00:00,1006.9491664
07-16 11:00:00,1055.07257773
07-16 12:00:00,1032.7730864100001
07-16 13:00:00,945.65150249
07-16 14:00:00,793.9894829
07-16 15:00:00,607.2422406100001
07-16 16:00:00,409.88635996
07-16 17:00:00,223.34880881700002
07-16 18:00:00,86.578115204
07-16 19:00:00,13.081348643799997
07-16 20:00:00,0.0
07-16 21:00:00,0.0
07-16 22:00:00,0.0
07-16 23:00:00,0.0
07-17 00:00:00,0.0
07-17 01:00:00,0.0
07-17 02:00:00,0.0
07-17 03:00:00,0.0
07-17 04:00:00,0.0
07-17 05:00:00,105.00145247999998
07-17 06:00:00,255.289043763
07-17 07:00:00,477.72223981999997
07-17 08:00:00,705.69487572
07-17 09:00:00,890.39236248
07-17 10:00:00,1006.9491664
07-17 11:00:00,1055.07257773
07-17 12:00:00,1032.7730864100001
07-17 13:00:00,945.65150249
07-17 14:00:00,793.9894829
07-17 15:00:00,607.2422406100001
07-17 16:00:00,409.88635996
07-17 17:00:00,223.34880881700002
07-17 18:00:00,86.578115204
07-17 19:00:00,13.081348643799997
07-17 20:00:00,0.0
07-17 21:00:00,0.0
07-17 22:00:00,0.0
07-17 23:00:00,0.0
07-18 00:00:00,0.0
07-18 01:00:00,0.0
07-18 02:00:00,0.0
07-18 03:00:00,0.0
07-18 04:00:00,0.0
07-18 05:00:00,105.00145247999998
07-18 06:00:00,255.289043763
07-18 07:00:00,477.72223981999997
07-18 08:00:00,705.69487572
07-18 09:00:00,890.39236248
07-18 10:00:00,1006.9491664
07-18 11:00:00,1055.07257773
07-18 12:00:00,1032.7730864100001
07-18 13:00:00,945.65150249
07-18 14:00:00,793.9894829
07-18 15:00:00,607.2422406100001
07-18 16:00:00,409.88635996
07-18 17:00:00,223.34880881700002
07-18 18:00:00,86.578115204
07-18 19:00:00,13.081348643799997
07-18 20:00:00,0.0
07-18 21:00:00,0.0
07-18 22:00:00,0.0
07-18 23:00:00,0.0
07-19 00:00:00,0.0
07-19 01:00:00,0.0
07-19 02:00:00,0.0
07-19 03:00:00,0.0
07-19 04:00:00,0.0
07-19 05:00:00,105.00145247999998
07-19 06:00:00,255.289043763
07-19 07:00:00,477.72223981999997
07-19 08:00:00,705.69487572
07-19 09:00:00,890.39236248
07-19 10:00:00,1006.9491664
07-19 11:00:00,1055.07257773
07-19 12:00:00,1032.7730864100001
07-19 13:00:00,945.65150249
07-19 14:00:00,793.9894829
07-19 15:00:00,607.2422406100001
07-19 16:00:00,409.88635996
07-19 17:00:00,223.34880881700002
07-19 18:00:00,86.578115204
07-19 19:00:00,13.081348643799997
07-19 20:00:00,0.0
07-19 21:00:00,0.0
07-19 22:00:00,0.0
07-19 23:00:00,0.0
07-20 00:00:00,0.0
07-20 01:00:00,0.0
07-20 02:00:00,0.0
07-20 03:00:00,0.0
07-20 04:00:00,0.0
07-20 05:00:00,105.00145247999998
07-20 06:00:00,255.289043763
07-20 07:00:00,477.72223981999997
07-20 08:00:00,705.69487572
07-20 09:00:00,890.39236248
07-20 10:00:00,1006.9491664
07-20 11:00:00,1055.07257773
07-20 12:00:00,1032.7730864100001
07-20 13:00:00,945.65150249
07-20 14:00:00,793.9894829
07-20 15:00:00,607.2422406100001
07-20 16:00:00,409.88635996
07-20 17:00:00,223.34880881700002
07-20 18:00:00,86.578115204
07-20 19:00:00,13.081348643799997
07-20 20:00:00,0.0
07-20 21:00:00,0.0
07-20 22:00:00,0.0
07-20 23:00:00,0.0
07-21 00:00:00,0.0
07-21 01:00:00,0.0
07-21 02:00:00,0.0
07-21 03:00:00,0.0
07-21 04:00:00,0.0
07-21 05:00:00,105.00145247999998
07-21 06:00:00,255.289043763
07-21 07:00:00,477.72223981999997
07-21 08:00:00,705.69487572
07-21 09:00:00,890.39236248
07-21 10:00:00,1006.9491664
07-21 11:00:00,1055.07257773
07-21 12:00:00,1032.7730864100001
07-21 13:00:00,945.65150249
07-21 14:00:00,793.9894829
07-21 15:00:00,607.2422406100001
07-21 16:00:00,409.88635996
07-21 17:00:00,223.34880881700002
07-21 18:00:00,86.578115204
07-21 19:00:00,13.081348643799997
07-21 20:00:00,0.0
07-21 21:00:00,0.0
07-21 22:00:00,0.0
07-21 23:00:00,0.0
07-22 00:00:00,0.0
07-22 01:00:00,0.0
07-22 02:00:00,0.0
07-22 03:00:00,0.0
07-22 04:00:00,0.0
07-22 05:00:00,105.00145247999998
07-22 06:00:00,255.289043763
07-22 07:00:00,477.72223981999997
07-22 08:00:00,705.69487572
07-22 09:00:00,890.39236248
07-22 10:00:00,1006.9491664
07-22 11:00:00,1055.07257773
07-22 12:00:00,1032.7730864100001
07-22 13:00:00,945.65150249
07-22 14:00:00,793.9894829
07-22 15:00:00,607.2422406100001
07-22 16:00:00,409.88635996
07-22 17:00:00,223.34880881700002
07-22 18:00:00,86.578115204
07-22 19:00:00,13.081348643799997
07-22 20:00:00,0.0
07-22 21:00:00,0.0
07-22 22:00:00,0.0
07-22 23:00:00,0.0
07-23 00:00:00,0.0
07-23 01:00:00,0.0
07-23 02:00:00,0.0
07-23 03:00:00,0.0
07-23 04:00:00,0.0
07-23 05:00:00,105.00145247999998
07-23 06:00:00,255.289043763
07-23 07:00:00,477.72223981999997
07-23 08:00:00,705.69487572
07-23 09:00:00,890.39236248
07-23 10:00:00,1006.9491664
07-23 11:00:00,1055.07257773
07-23 12:00:00,1032.7730864100001
07-23 13:00:00,945.65150249
07-23 14:00:00,793.9894829
07-23 15:00:00,607.2422406100001
07-23 16:00:00,409.88635996
07-23 17:00:00,223.34880881700002
07-23 18:00:00,86.578115204
07-23 19:00:00,13.081348643799997
07-23 20:00:00,0.0
07-23 21:00:00,0.0
07-23 22:00:00,0.0
07-23 23:00:00,0.0
07-24 00:00:00,0.0
07-24 01:00:00,0.0
07-24 02:00:00,0.0
07-24 03:00:00,0.0
07-24 04:00:00,0.0
07-24 05:00:00,105.00145247999998
07-24 06:00:00,255.289043763
07-24 07:00:00,477.72223981999997
07-24 08:00:00,705.69487572
07-24 09:00:00,890.39236248
07-24 10:00:00,1006.9491664
07-24 11:00:00,1055.07257773
07-24 12:00:00,1032.7730864100001
07-24 13:00:00,945.65150249
07-24 14:00:00,793.9894829
07-24 15:00:00,607.2422406100001
07-24 16:00:00,409.88635996
07-24 17:00:00,223.34880881700002
07-24 18:00:00,86.578115204
07-24 19:00:00,13.081348643799997
07-24 20:00:00,0.0
07-24 21:00:00,0.0
07-24 22:00:00,0.0
07-24 23:00:00,0.0
07-25 00:00:00,0.0
07-25 01:00:00,0.0
07-25 02:00:00,0.0
07-25 03:00:00,0.0
07-25 04:00:00,0.0
07-25 05:00:00,105.00145247999998
07-25 06:00:00,255.289043763
07-25 07:00:00,477.72223981999997
07-25 08:00:00,705.69487572
07-25 09:00:00,890.39236248
07-25 10:00:00,1006.9491664
07-25 11:00:00,1055.07257773
07-25 12:00:00,1032.7730864100001
07-25 13:00:00,945.65150249
07-25 14:00:00,793.9894829
07-25 15:00:00,607.2422406100001
07-25 16:00:00,409.88635996
07-25 17:00:00,223.34880881700002
07-25 18:00:00,86.578115204
07-25 19:00:00,13.081348643799997
07-25 20:00:00,0.0
07-25 21:00:00,0.0
07-25 22:00:00,0.0
07-25 23:00:00,0.0
07-26 00:00:00,0.0
07-26 01:00:00,0.0
07-26 02:00:00,0.0
07-26 03:00:00,0.0
07-26 04:00:00,0.0
07-26 05:00:00,105.00145247999998
07-26 06:00:00,255.289043763
07-26 07:00:00,477.72223981999997
07-26 08:00:00,705.69487572
07-26 09:00:00,890.39236248
07-26 10:00:00,1006.9491664
07-26 11:00:00,1055.07257773
07-26 12:00:00,1032.7730864100001
07-26 13:00:00,945.65150249
07-26 14:00:00,793.9894829
07-26 15:00:00,607.2422406100001
07-26 16:00:00,409.88635996
07-26 17:00:00,223.34880881700002
07-26 18:00:00,86.578115204
07-26 19:00:00,13.081348643799997
07-26 20:00:00,0.0
07-26 21:00:00,0.0
07-26 22:00:00,0.0
07-26 23:00:00,0.0
07-27 00:00:00,0.0
07-27 01:00:00,0.0
07-27 02:00:00,0.0
07-27 03:00:00,0.0
07-27 04:00:00,0.0
07-27 05:00:00,105.00145247999998
07-27 06:00:00,255.289043763
07-27 07:00:00,477.72223981999997
07-27 08:00:00,705.69487572
07-27 09:00:00,890.39236248
07-27 10:00:00,1006.9491664
07-27 11:00:00,1055.07257773
07-27 12:00:00,1032.7730864100001
07-27 13:00:00,945.65150249
07-27 14:00:00,793.9894829
07-27 15:00:00,607.2422406100001
07-27 16:00:00,409.88635996
07-27 17:00:00,223.34880881700002
07-27 18:00:00,86.578115204
07-27 19:00:00,13.081348643799997
07-27 20:00:00,0.0
07-27 21:00:00,0.0
07-27 22:00:00,0.0
07-27 23:00:00,0.0
07-28 00:00:00,0.0
07-28 01:00:00,0.0
07-28 02:00:00,0.0
07-28 03:00:00,0.0
07-28 04:00:00,0.0
07-28 05:00:00,105.00145247999998
07-28 06:00:00,255.289043763
07-28 07:00:00,477.72223981999997
07-28 08:00:00,705.69487572
07-28 09:00:00,890.39236248
07-28 10:00:00,1006.9491664
07-28 11:00:00,1055.07257773
07-28 12:00:00,1032.7730864100001
07-28 13:00:00,945.65150249
07-28 14:00:00,793.9894829
07-28 15:00:00,607.2422406100001
07-28 16:00:00,409.88635996
07-28 17:00:00,223.34880881700002
07-28 18:00:00,86.578115204
07-28 19:00:00,13.081348643799997
07-28 20:00:00,0.0
07-28 21:00:00,0.0
07-28 22:00:00,0.0
07-28 23:00:00,0.0
07-29 00:00:00,0.0
07-29 01:00:00,0.0
07-29 02:00:00,0.0
07-29 03:00:00,0.0
07-29 04:00:00,0.0
07-29 05:00:00,105.00145247999998
07-29 06:00:00,255.289043763
07-29 07:00:00,477.72223981999997
07-29 08:00:00,705.69487572
07-29 09:00:00,890.39236248
07-29 10:00:00,1006.9491664
07-29 11:00:00,1055.07257773
07-29 12:00:00,1032.7730864100001
07-29 13:00:00,945.65150249
07-29 14:00:00,793.9894829
07-29 15:00:00,607.2422406100001
07-29 16:00:00,409.88635996
07-29 17:00:00,223.34880881700002
07-29 18:00:00,86.578115204
07-29 19:00:00,13.081348643799997
07-29 20:00:00,0.0
07-29 21:00:00,0.0
07-29 22:00:00,0.0
07-29 23:00:00,0.0
07-30 00:00:00,0.0
07-30 01:00:00,0.0
07-30 02:00:00,0.0
07-30 03:00:00,0.0
07-30 04:00:00,0.0
07-30 05:00:00,105.00145247999998
07-30 06:00:00,255.289043763
07-30 07:00:00,477.72223981999997
07-30 08:00:00,705.69487572
07-30 09:00:00,890.39236248
07-30 10:00:00,1006.9491664
07-30 11:00:00,1055.07257773
07-30 12:00:00,1032.7730864100001
07-30 13:00:00,945.65150249
07-30 14:00:00,793.9894829
07-30 15:00:00,607.2422406100001
07-30 16:00:00,409.88635996
07-30 17:00:00,223.34880881700002
07-30 18:00:00,86.578115204
07-30 19:00:00,13.081348643799997
07-30 20:00:00,0.0
07-30 21:00:00,0.0
07-30 22:00:00,0.0
07-30 23:00:00,0.0
07-31 00:00:00,0.0
07-31 01:00:00,0.0
07-31 02:00:00,0.0
07-31 03:00:00,0.0
07-31 04:00:00,0.0
07-31 05:00:00,105.00145247999998
07-31 06:00:00,255.289043763
07-31 07:00:00,477.72223981999997
07-31 08:00:00,705.69487572
07-31 09:00:00,890.39236248
07-31 10:00:00,1006.9491664
07-31 11:00:00,1055.07257773
07-31 12:00:00,1032.7730864100001
07-31 13:00:00,945.65150249
07-31 14:00:00,793.9894829
07-31 15:00:00,607.2422406100001
07-31 16:00:00,409.88635996
07-31 17:00:00,223.34880881700002
07-31 18:00:00,86.578115204
07-31 19:00:00,13.081348643799997
07-31 20:00:00,0.0
07-31 21:00:00,0.0
07-31 22:00:00,0.0
07-31 23:00:00,0.0
08-01 00:00:00,0.0
08-01 01:00:00,0.0
08-01 02:00:00,0.0
08-01 03:00:00,0.0
08-01 04:00:00,0.0
08-01 05:00:00,64.0585372435
08-01 06:00:00,184.84781802700002
08-01 07:00:00,387.36448646900004
08-01 08:00:00,619.7619212660001
08-01 09:00:00,808.8128091199999
08-01 10:00:00,934.6402473100001
08-01 11:00:00,994.0934169
08-01 12:00:00,969.5683236299999
08-01 13:00:00,873.9236235000001
08-01 14:00:00,718.90456032
08-01 15:00:00,516.970344041
08-01 16:00:00,324.631461616
08-01 17:00:00,160.55564733900002
08-01 18:00:00,48.9207695633
08-01 19:00:00,0.0
08-01 20:00:00,0.0
08-01 21:00:00,0.0
08-01 22:00:00,0.0
08-01 23:00:00,0.0
08-02 00:00:00,0.0
08-02 01:00:00,0.0
08-02 02:00:00,0.0
08-02 03:00:00,0.0
08-02 04:00:00,0.0
08-02 05:00:00,64.0585372435
08-02 06:00:00,184.84781802700002
08-02 07:00:00,387.36448646900004
08-02 08:00:00,619.7619212660001
08-02 09:00:00,808.8128091199999
08-02 10:00:00,934.6402473100001
08-02 11:00:00,994.0934169
08-02 12:00:00,969.5683236299999
08-02 13:00:00,873.9236235000001
08-02 14:00:00,718.90456032
08-02 15:00:00,516.970344041
08-02 16:00:00,324.631461616
08-02 17:00:00,160.55564733900002
08-02 18:00:00,48.9207695633
08-02 19:00:00,0.0
08-02 20:00:00,0.0
08-02 21:00:00,0.0
08-02 22:00:00,0.0
08-02 23:00:00,0.0
08-03 00:00:00,0.0
08-03 01:00:00,0.0
08-03 02:00:00,0.0
08-03 03:00:00,0.0
08-03 04:00:00,0.0
08-03 05:00:00,64.0585372435
08-03 06:00:00,184.84781802700002
08-03 07:00:00,387.36448646900004
08-03 08:00:00,619.7619212660001
08-03 09:00:00,808.8128091199999
08-03 10:00:00,934.6402473100001
08-03 11:00:00,994.0934169
08-03 12:00:00,969.5683236299999
08-03 13:00:00,873.9236235000001
08-03 14:00:00,718.90456032
08-03 15:00:00,516.970344041
08-03 16:00:00,324.631461616
08-03 17:00:00,160.55564733900002
08-03 18:00:00,48.9207695633
08-03 19:00:00,0.0
08-03 20:00:00,0.0
08-03 21:00:00,0.0
08-03 22:00:00,0.0
08-03 23:00:00,0.0
08-04 00:00:00,0.0
08-04 01:00:00,0.0
08-04 02:00:00,0.0
08-04 03:00:00,0.0
08-04 04:00:00,0.0
08-04 05:00:00,64.0585372435
08-04 06:00:00,184.84781802700002
08-04 07:00:00,387.36448646900004
08-04 08:00:00,619.7619212660001
08-04 09:00:00,808.8128091199999
08-04 10:00:00,934.6402473100001
08-04 11:00:00,994.0934169
08-04 12:00:00,969.5683236299999
08-04 13:00:00,873.9236235000001
08-04 14:00:00,718.90456032
08-04 15:00:00,516.970344041
08-04 16:00:00,324.631461616
08-04 17:00:00,160.55564733900002
08-04 18:00:00,48.9207695633
08-04 19:00:00,0.0
08-04 20:00:00,0.0
08-04 21:00:00,0.0
08-04 22:00:00,0.0
08-04 23:00:00,0.0
08-05 00:00:00,0.0
08-05 01:00:00,0.0
08-05 02:00:00,0.0
08-05 03:00:00,0.0
08-05 04:00:00,0.0
08-05 05:00:00,64.0585372435
08-05 06:00:00,184.84781802700002
08-05 07:00:00,387.36448646900004
08-05 08:00:00,619.7619212660001
08-05 09:00:00,808.8128091199999
08-05 10:00:00,934.6402473100001
08-05 11:00:00,994.0934169
08-05 12:00:00,969.5683236299999
08-05 13:00:00,873.9236235000001
08-05 14:00:00,718.90456032
08-05 15:00:00,516.970344041
08-05 16:00:00,324.631461616
08-05 17:00:00,160.55564733900002
08-05 18:00:00,48.9207695633
08-05 19:00:00,0.0
08-05 20:00:00,0.0
08-05 21:00:00,0.0
08-05 22:00:00,0.0
08-05 23:00:00,0.0
08-06 00:00:00,0.0
08-06 01:00:00,0.0
08-06 02:00:00,0.0
08-06 03:00:00,0.0
08-06 04:00:00,0.0
08-06 05:00:00,64.0585372435
08-06 06:00:00,184.84781802700002
08-06 07:00:00,387.36448646900004
08-06 08:00:00,619.7619212660001
08-06 09:00:00,808.8128091199999
08-06 10:00:00,934.6402473100001
08-06 11:00:00,994.0934169
08-06 12:00:00,969.5683236299999
08-06 13:00:00,873.9236235000001
08-06 14:00:00,718.90456032
08-06 15:00:00,516.970344041
08-06 16:00:00,324.631461616
08-06 17:00:00,160.55564733900002
08-06 18:00:00,48.9207695633
08-06 19:00:00,0.0
08-06 20:00:00,0.0
08-06 21:00:00,0.0
08-06 22:00:00,0.0
08-06 23:00:00,0.0
08-07 00:00:00,0.0
08-07 01:00:00,0.0
08-07 02:00:00,0.0
08-07 03:00:00,0.0
08-07 04:00:00,0.0
08-07 05:00:00,64.0585372435
08-07 06:00:00,184.84781802700002
08-07 07:00:00,387.36448646900004
08-07 08:00:00,619.7619212660001
08-07 09:00:00,808.8128091199999
08-07 10:00:00,934.6402473100001
08-07 11:00:00,994.0934169
08-07 12:00:00,969.5683236299999
08-07 13:00:00,873.9236235000001
08-07 14:00:00,718.90456032
08-07 15:00:00,516.970344041
08-07 16:00:00,324.631461616
08-07 17:00:00,160.55564733900002
08-07 18:00:00,48.9207695633
08-07 19:00:00,0.0
08-07 20:00:00,0.0
08-07 21:00:00,0.0
08-07 22:00:00,0.0
08-07 23:00:00,0.0
08-08 00:00:00,0.0
08-08 01:00:00,0.0
08-08 02:00:00,0.0
08-08 03:00:00,0.0
08-08 04:00:00,0.0
08-08 05:00:00,64.0585372435
08-08 06:00:00,184.84781802700002
08-08 07:00:00,387.36448646900004
08-08 08:00:00,619.7619212660001
08-08 09:00:00,808.8128091199999
08-08 10:00:00,934.6402473100001
08-08 11:00:00,994.0934169
08-08 12:00:00,969.5683236299999
08-08 13:00:00,873.9236235000001
08-08 14:00:00,718.90456032
08-08 15:00:00,516.970344041
08-08 16:00:00,324.631461616
08-08 17:00:00,160.55564733900002
08-08 18:00:00,48.9207695633
08-08 19:00:00,0.0
08-08 20:00:00,0.0
08-08 21:00:00,0.0
08-08 22:00:00,0.0
08-08 23:00:00,0.0
08-09 00:00:00,0.0
08-09 01:00:00,0.0
08-09 02:00:00,0.0
08-09 03:00:00,0.0
08-09 04:00:00,0.0
08-09 05:00:00,64.0585372435
08-09 06:00:00,184.84781802700002
08-09 07:00:00,387.36448646900004
08-09 08:00:00,619.7619212660001
08-09 09:00:00,808.8128091199999
08-09 10:00:00,934.6402473100001
08-09 11:00:00,994.0934169
08-09 12:00:00,969.5683236299999
08-09 13:00:00,873.9236235000001
08-09 14:00:00,718.90456032
08-09 15:00:00,516.970344041
08-09 16:00:00,324.631461616
08-09 17:00:00,160.55564733900002
08-09 18:00:00,48.9207695633
08-09 19:00:00,0.0
08-09 20:00:00,0.0
08-09 21:00:00,0.0
08-09 22:00:00,0.0
08-09 23:00:00,0.0
08-10 00:00:00,0.0
08-10 01:00:00,0.0
08-10 02:00:00,0.0
08-10 03:00:00,0.0
08-10 04:00:00,0.0
08-10 05:00:00,64.0585372435
08-10 06:00:00,184.84781802700002
08-10 07:00:00,387.36448646900004
08-10 08:00:00,619.7619212660001
08-10 09:00:00,808.8128091199999
08-10 10:00:00,934.6402473100001
08-10 11:00:00,994.0934169
08-10 12:00:00,969.5683236299999
08-10 13:00:00,873.9236235000001
08-10 14:00:00,718.90456032
08-10 15:00:00,516.970344041
08-10 16:00:00,324.631461616
08-10 17:00:00,160.55564733900002
08-10 18:00:00,48.9207695633
08-10 19:00:00,0.0
08-10 20:00:00,0.0
08-10 21:00:00,0.0
08-10 22:00:00,0.0
08-10 23:00:00,0.0
08-11 00:00:00,0.0
08-11 01:00:00,0.0
08-11 02:00:00,0.0
08-11 03:00:00,0.0
08-11 04:00:00,0.0
08-11 05:00:00,64.0585372435
08-11 06:00:00,184.84781802700002
08-11 07:00:00,387.36448646900004
08-11 08:00:00,619.7619212660001
08-11 09:00:00,808.8128091199999
08-11 10:00:00,934.6402473100001
08-11 11:00:00,994.0934169
08-11 12:00:00,969.5683236299999
08-11 13:00:00,873.9236235000001
08-11 14:00:00,718.90456032
08-11 15:00:00,516.970344041
08-11 16:00:00,324.631461616
08-11 17:00:00,160.55564733900002
08-11 18:00:00,48.9207695633
08-11 19:00:00,0.0
08-11 20:00:00,0.0
08-11 21:00:00,0.0
08-11 22:00:00,0.0
08-11 23:00:00,0.0
08-12 00:00:00,0.0
08-12 01:00:00,0.0
08-12 02:00:00,0.0
08-12 03:00:00,0.0
08-12 04:00:00,0.0
08-12 05:00:00,64.0585372435
08-12 06:00:00,184.84781802700002
08-12 07:00:00,387.36448646900004
08-12 08:00:00,619.7619212660001
08-12 09:00:00,808.8128091199999
08-12 10:00:00,934.6402473100001
08-12 11:00:00,994.0934169
08-12 12:00:00,969.5683236299999
08-12 13:00:00,873.9236235000001
08-12 14:00:00,718.90456032
08-12 15:00:00,516.970344041
08-12 16:00:00,324.631461616
08-12 17:00:00,160.55564733900002
08-12 18:00:00,48.9207695633
08-12 19:00:00,0.0
08-12 20:00:00,0.0
08-12 21:00:00,0.0
08-12 22:00:00,0.0
08-12 23:00:00,0.0
08-13 00:00:00,0.0
08-13 01:00:00,0.0
08-13 02:00:00,0.0
08-13 03:00:00,0.0
08-13 04:00:00,0.0
08-13 05:00:00,64.0585372435
08-13 06:00:00,184.84781802700002
08-13 07:00:00,387.36448646900004
08-13 08:00:00,619.7619212660001
08-13 09:00:00,808.8128091199999
08-13 10:00:00,934.6402473100001
08-13 11:00:00,994.0934169
08-13 12:00:00,969.5683236299999
08-13 13:00:00,873.9236235000001
08-13 14:00:00,718.90456032
08-13 15:00:00,516.970344041
08-13 16:00:00,324.631461616
08-13 17:00:00,160.55564733900002
08-13 18:00:00,48.9207695633
08-13 19:00:00,0.0
08-13 20:00:00,0.0
08-13 21:00:00,0.0
08-13 22:00:00,0.0
08-13 23:00:00,0.0
08-14 00:00:00,0.0
08-14 01:00:00,0.0
08-14 02:00:00,0.0
08-14 03:00:00,0.0
08-14 04:00:00,0.0
08-14 05:00:00,64.0585372435
08-14 06:00:00,184.84781802700002
08-14 07:00:00,387.36448646900004
08-14 08:00:00,619.7619212660001
08-14 09:00:00,808.8128091199999
08-14 10:00:00,934.6402473100001
08-14 11:00:00,994.0934169
08-14 12:00:00,969.5683236299999
08-14 13:00:00,873.9236235000001
08-14 14:00:00,718.90456032
08-14 15:00:00,516.970344041
08-14 16:00:00,324.631461616
08-14 17:00:00,160.55564733900002
08-14 18:00:00,48.9207695633
08-14 19:00:00,0.0
08-14 20:00:00,0.0
08-14 21:00:00,0.0
08-14 22:00:00,0.0
08-14 23:00:00,0.0
08-15 00:00:00,0.0
08-15 01:00:00,0.0
08-15 02:00:00,0.0
08-15 03:00:00,0.0
08-15 04:00:00,0.0
08-15 05:00:00,64.0585372435
08-15 06:00:00,184.84781802700002
08-15 07:00:00,387.36448646900004
08-15 08:00:00,619.7619212660001
08-15 09:00:00,808.8128091199999
08-15 10:00:00,934.6402473100001
08-15 11:00:00,994.0934169
08-15 12:00:00,969.5683236299999
08-15 13:00:00,873.9236235000001
08-15 14:00:00,718.90456032
08-15 15:00:00,516.970344041
08-15 16:00:00,324.631461616
08-15 17:00:00,160.55564733900002
08-15 18:00:00,48.9207695633
08-15 19:00:00,0.0
08-15 20:00:00,0.0
08-15 21:00:00,0.0
08-15 22:00:00,0.0
08-15 23:00:00,0.0
08-16 00:00:00,0.0
08-16 01:00:00,0.0
08-16 02:00:00,0.0
08-16 03:00:00,0.0
08-16 04:00:00,0.0
08-16 05:00:00,64.0585372435
08-16 06:00:00,184.84781802700002
08-16 07:00:00,387.36448646900004
08-16 08:00:00,619.7619212660001
08-16 09:00:00,808.8128091199999
08-16 10:00:00,934.6402473100001
08-16 11:00:00,994.0934169
08-16 12:00:00,969.5683236299999
08-16 13:00:00,873.9236235000001
08-16 14:00:00,718.90456032
08-16 15:00:00,516.970344041
08-16 16:00:00,324.631461616
08-16 17:00:00,160.55564733900002
08-16 18:00:00,48.9207695633
08-16 19:00:00,0.0
08-16 20:00:00,0.0
08-16 21:00:00,0.0
08-16 22:00:00,0.0
08-16 23:00:00,0.0
08-17 00:00:00,0.0
08-17 01:00:00,0.0
08-17 02:00:00,0.0
08-17 03:00:00,0.0
08-17 04:00:00,0.0
08-17 05:00:00,64.0585372435
08-17 06:00:00,184.84781802700002
08-17 07:00:00,387.36448646900004
08-17 08:00:00,619.7619212660001
08-17 09:00:00,808.8128091199999
08-17 10:00:00,934.6402473100001
08-17 11:00:00,994.0934169
08-17 12:00:00,969.5683236299999
08-17 13:00:00,873.9236235000001
08-17 14:00:00,718.90456032
08-17 15:00:00,516.970344041
08-17 16:00:00,324.631461616
08-17 17:00:00,160.55564733900002
08-17 18:00:00,48.9207695633
08-17 19:00:00,0.0
08-17 20:00:00,0.0
08-17 21:00:00,0.0
08-17 22:00:00,0.0
08-17 23:00:00,0.0
08-18 00:00:00,0.0
08-18 01:00:00,0.0
08-18 02:00:00,0.0
08-18 03:00:00,0.0
08-18 04:00:00,0.0
08-18 05:00:00,64.0585372435
08-18 06:00:00,184.84781802700002
08-18 07:00:00,387.36448646900004
08-18 08:00:00,619.7619212660001
08-18 09:00:00,808.8128091199999
08-18 10:00:00,934.6402473100001
08-18 11:00:00,994.0934169
08-18 12:00:00,969.5683236299999
08-18 13:00:00,873.9236235000001
08-18 14:00:00,718.90456032
08-18 15:00:00,516.970344041
08-18 16:00:00,324.631461616
08-18 17:00:00,160.55564733900002
08-18 18:00:00,48.9207695633
08-18 19:00:00,0.0
08-18 20:00:00,0.0
08-18 21:00:00,0.0
08-18 22:00:00,0.0
08-18 23:00:00,0.0
08-19 00:00:00,0.0
08-19 01:00:00,0.0
08-19 02:00:00,0.0
08-19 03:00:00,0.0
08-19 04:00:00,0.0
08-19 05:00:00,64.0585372435
08-19 06:00:00,184.84781802700002
08-19 07:00:00,387.36448646900004
08-19 08:00:00,619.7619212660001
08-19 09:00:00,808.8128091199999
08-19 10:00:00,934.6402473100001
08-19 11:00:00,994.0934169
08-19 12:00:00,969.5683236299999
08-19 13:00:00,873.9236235000001
08-19 14:00:00,718.90456032
08-19 15:00:00,516.970344041
08-19 16:00:00,324.631461616
08-19 17:00:00,160.55564733900002
08-19 18:00:00,48.9207695633
08-19 19:00:00,0.0
08-19 20:00:00,0.0
08-19 21:00:00,0.0
08-19 22:00:00,0.0
08-19 23:00:00,0.0
08-20 00:00:00,0.0
08-20 01:00:00,0.0
08-20 02:00:00,0.0
08-20 03:00:00,0.0
08-20 04:00:00,0.0
08-20 05:00:00,64.0585372435
08-20 06:00:00,184.84781802700002
08-20 07:00:00,387.36448646900004
08-20 08:00:00,619.7619212660001
08-20 09:00:00,808.8128091199999
08-20 10:00:00,934.6402473100001
08-20 11:00:00,994.0934169
08-20 12:00:00,969.5683236299999
08-20 13:00:00,873.9236235000001
08-20 14:00:00,718.90456032
08-20 15:00:00,516.970344041
08-20 16:00:00,324.631461616
08-20 17:00:00,160.55564733900002
08-20 18:00:00,48.9207695633
08-20 19:00:00,0.0
08-20 20:00:00,0.0
08-20 21:00:00,0.0
08-20 22:00:00,0.0
08-20 23:00:00,0.0
08-21 00:00:00,0.0
08-21 01:00:00,0.0
08-21 02:00:00,0.0
08-21 03:00:00,0.0
08-21 04:00:00,0.0
08-21 05:00:00,64.0585372435
08-21 06:00:00,184.84781802700002
08-21 07:00:00,387.36448646900004
08-21 08:00:00,619.7619212660001
08-21 09:00:00,808.8128091199999
08-21 10:00:00,934.6402473100001
08-21 11:00:00,994.0934169
08-21 12:00:00,969.5683236299999
08-21 13:00:00,873.9236235000001
08-21 14:00:00,718.90456032
08-21 15:00:00,516.970344041
08-21 16:00:00,324.631461616
08-21 17:00:00,160.55564733900002
08-21 18:00:00,48.9207695633
08-21 19:00:00,0.0
08-21 20:00:00,0.0
08-21 21:00:00,0.0
08-21 22:00:00,0.0
08-21 23:00:00,0.0
08-22 00:00:00,0.0
08-22 01:00:00,0.0
08-22 02:00:00,0.0
08-22 03:00:00,0.0
08-22 04:00:00,0.0
08-22 05:00:00,64.0585372435
08-22 06:00:00,184.84781802700002
08-22 07:00:00,387.36448646900004
08-22 08:00:00,619.7619212660001
08-22 09:00:00,808.8128091199999
08-22 10:00:00,934.6402473100001
08-22 11:00:00,994.0934169
08-22 12:00:00,969.5683236299999
08-22 13:00:00,873.9236235000001
08-22 14:00:00,718.90456032
08-22 15:00:00,516.970344041
08-22 16:00:00,324.631461616
08-22 17:00:00,160.55564733900002
08-22 18:00:00,48.9207695633
08-22 19:00:00,0.0
08-22 20:00:00,0.0
08-22 21:00:00,0.0
08-22 22:00:00,0.0
08-22 23:00:00,0.0
08-23 00:00:00,0.0
08-23 01:00:00,0.0
08-23 02:00:00,0.0
08-23 03:00:00,0.0
08-23 04:00:00,0.0
08-23 05:00:00,64.0585372435
08-23 06:00:00,184.84781802700002
08-23 07:00:00,387.36448646900004
08-23 08:00:00,619.7619212660001
08-23 09:00:00,808.8128091199999
08-23 10:00:00,934.6402473100001
08-23 11:00:00,994.0934169
08-23 12:00:00,969.5683236299999
08-23 13:00:00,873.9236235000001
08-23 14:00:00,718.90456032
08-23 15:00:00,516.970344041
08-23 16:00:00,324.631461616
08-23 17:00:00,160.55564733900002
08-23 18:00:00,48.9207695633
08-23 19:00:00,0.0
08-23 20:00:00,0.0
08-23 21:00:00,0.0
08-23 22:00:00,0.0
08-23 23:00:00,0.0
08-24 00:00:00,0.0
08-24 01:00:00,0.0
08-24 02:00:00,0.0
08-24 03:00:00,0.0
08-24 04:00:00,0.0
08-24 05:00:00,64.0585372435
08-24 06:00:00,184.84781802700002
08-24 07:00:00,387.36448646900004
08-24 08:00:00,619.7619212660001
08-24 09:00:00,808.8128091199999
08-24 10:00:00,934.6402473100001
08-24 11:00:00,994.0934169
08-24 12:00:00,969.5683236299999
08-24 13:00:00,873.9236235000001
08-24 14:00:00,718.90456032
08-24 15:00:00,516.970344041
08-24 16:00:00,324.631461616
08-24 17:00:00,160.55564733900002
08-24 18:00:00,48.9207695633
08-24 19:00:00,0.0
08-24 20:00:00,0.0
08-24 21:00:00,0.0
08-24 22:00:00,0.0
08-24 23:00:00,0.0
08-25 00:00:00,0.0
08-25 01:00:00,0.0
08-25 02:00:00,0.0
08-25 03:00:00,0.0
08-25 04:00:00,0.0
08-25 05:00:00,64.0585372435
08-25 06:00:00,184.84781802700002
08-25 07:00:00,387.36448646900004
08-25 08:00:00,619.7619212660001
08-25 09:00:00,808.8128091199999
08-25 10:00:00,934.6402473100001
08-25 11:00:00,994.0934169
08-25 12:00:00,969.5683236299999
08-25 13:00:00,873.9236235000001
08-25 14:00:00,718.90456032
08-25 15:00:00,516.970344041
08-25 16:00:00,324.631461616
08-25 17:00:00,160.55564733900002
08-25 18:00:00,48.9207695633
08-25 19:00:00,0.0
08-25 20:00:00,0.0
08-25 21:00:00,0.0
08-25 22:00:00,0.0
08-25 23:00:00,0.0
08-26 00:00:00,0.0
08-26 01:00:00,0.0
08-26 02:00:00,0.0
08-26 03:00:00,0.0
08-26 04:00:00,0.0
08-26 05:00:00,64.0585372435
08-26 06:00:00,184.84781802700002
08-26 07:00:00,387.36448646900004
08-26 08:00:00,619.7619212660001
08-26 09:00:00,808.8128091199999
08-26 10:00:00,934.6402473100001
08-26 11:00:00,994.0934169
08-26 12:00:00,969.5683236299999
08-26 13:00:00,873.9236235000001
08-26 14:00:00,718.90456032
08-26 15:00:00,516.970344041
08-26 16:00:00,324.631461616
08-26 17:00:00,160.55564733900002
08-26 18:00:00,48.9207695633
08-26 19:00:00,0.0
08-26 20:00:00,0.0
08-26 21:00:00,0.0
08-26 22:00:00,0.0
08-26 23:00:00,0.0
08-27 00:00:00,0.0
08-27 01:00:00,0.0
08-27 02:00:00,0.0
08-27 03:00:00,0.0
08-27 04:00:00,0.0
08-27 05:00:00,64.0585372435
08-27 06:00:00,184.84781802700002
08-27 07:00:00,387.36448646900004
08-27 08:00:00,619.7619212660001
08-27 09:00:00,808.8128091199999
08-27 10:00:00,934.6402473100001
08-27 11:00:00,994.0934169
08-27 12:00:00,969.5683236299999
08-27 13:00:00,873.9236235000001
08-27 14:00:00,718.90456032
08-27 15:00:00,516.970344041
08-27 16:00:00,324.631461616
08-27 17:00:00,160.55564733900002
08-27 18:00:00,48.9207695633
08-27 19:00:00,0.0
08-27 20:00:00,0.0
08-27 21:00:00,0.0
08-27 22:00:00,0.0
08-27 23:00:00,0.0
08-28 00:00:00,0.0
08-28 01:00:00,0.0
08-28 02:00:00,0.0
08-28 03:00:00,0.0
08-28 04:00:00,0.0
08-28 05:00:00,64.0585372435
08-28 06:00:00,184.84781802700002
08-28 07:00:00,387.36448646900004
08-28 08:00:00,619.7619212660001
08-28 09:00:00,808.8128091199999
08-28 10:00:00,934.6402473100001
08-28 11:00:00,994.0934169
08-28 12:00:00,969.5683236299999
08-28 13:00:00,873.9236235000001
08-28 14:00:00,718.90456032
08-28 15:00:00,516.970344041
08-28 16:00:00,324.631461616
08-28 17:00:00,160.55564733900002
08-28 18:00:00,48.9207695633
08-28 19:00:00,0.0
08-28 20:00:00,0.0
08-28 21:00:00,0.0
08-28 22:00:00,0.0
08-28 23:00:00,0.0
08-29 00:00:00,0.0
08-29 01:00:00,0.0
08-29 02:00:00,0.0
08-29 03:00:00,0.0
08-29 04:00:00,0.0
08-29 05:00:00,64.0585372435
08-29 06:00:00,184.84781802700002
08-29 07:00:00,387.36448646900004
08-29 08:00:00,619.7619212660001
08-29 09:00:00,808.8128091199999
08-29 10:00:00,934.6402473100001
08-29 11:00:00,994.0934169
08-29 12:00:00,969.5683236299999
08-29 13:00:00,873.9236235000001
08-29 14:00:00,718.90456032
08-29 15:00:00,516.970344041
08-29 16:00:00,324.631461616
08-29 17:00:00,160.55564733900002
08-29 18:00:00,48.9207695633
08-29 19:00:00,0.0
08-29 20:00:00,0.0
08-29 21:00:00,0.0
08-29 22:00:00,0.0
08-29 23:00:00,0.0
08-30 00:00:00,0.0
08-30 01:00:00,0.0
08-30 02:00:00,0.0
08-30 03:00:00,0.0
08-30 04:00:00,0.0
08-30 05:00:00,64.0585372435
08-30 06:00:00,184.84781802700002
08-30 07:00:00,387.36448646900004
08-30 08:00:00,619.7619212660001
08-30 09:00:00,808.8128091199999
08-30 10:00:00,934.6402473100001
08-30 11:00:00,994.0934169
08-30 12:00:00,969.5683236299999
08-30 13:00:00,873.9236235000001
08-30 14:00:00,718.90456032
08-30 15:00:00,516.970344041
08-30 16:00:00,324.631461616
08-30 17:00:00,160.55564733900002
08-30 18:00:00,48.9207695633
08-30 19:00:00,0.0
08-30 20:00:00,0.0
08-30 21:00:00,0.0
08-30 22:00:00,0.0
08-30 23:00:00,0.0
08-31 00:00:00,0.0
08-31 01:00:00,0.0
08-31 02:00:00,0.0
08-31 03:00:00,0.0
08-31 04:00:00,0.0
08-31 05:00:00,64.0585372435
08-31 06:00:00,184.84781802700002
08-31 07:00:00,387.36448646900004
08-31 08:00:00,619.7619212660001
08-31 09:00:00,808.8128091199999
08-31 10:00:00,934.6402473100001
08-31 11:00:00,994.0934169
08-31 12:00:00,969.5683236299999
08-31 13:00:00,873.9236235000001
08-31 14:00:00,718.90456032
08-31 15:00:00,516.970344041
08-31 16:00:00,324.631461616
08-31 17:00:00,160.55564733900002
08-31 18:00:00,48.9207695633
08-31 19:00:00,0.0
08-31 20:00:00,0.0
08-31 21:00:00,0.0
08-31 22:00:00,0.0
08-31 23:00:00,0.0
09-01 00:00:00,0.0
09-01 01:00:00,0.0
09-01 02:00:00,0.0
09-01 03:00:00,0.0
09-01 04:00:00,0.0
09-01 05:00:00,0.0
09-01 06:00:00,131.099430623
09-01 07:00:00,319.506417732
09-01 08:00:00,548.47836724
09-01 09:00:00,760.01302533
09-01 10:00:00,887.8047339199999
09-01 11:00:00,936.9794591300001
09-01 12:00:00,905.3126854299999
09-01 13:00:00,784.1439781400002
09-01 14:00:00,608.9273560400001
09-01 15:00:00,394.56204032600004
09-01 16:00:00,215.417007087
09-01 17:00:00,83.35547456399999
09-01 18:00:00,0.0
09-01 19:00:00,0.0
09-01 20:00:00,0.0
09-01 21:00:00,0.0
09-01 22:00:00,0.0
09-01 23:00:00,0.0
09-02 00:00:00,0.0
09-02 01:00:00,0.0
09-02 02:00:00,0.0
09-02 03:00:00,0.0
09-02 04:00:00,0.0
09-02 05:00:00,0.0
09-02 06:00:00,131.099430623
09-02 07:00:00,319.506417732
09-02 08:00:00,548.47836724
09-02 09:00:00,760.01302533
09-02 10:00:00,887.8047339199999
09-02 11:00:00,936.9794591300001
09-02 12:00:00,905.3126854299999
09-02 13:00:00,784.1439781400002
09-02 14:00:00,608.9273560400001
09-02 15:00:00,394.56204032600004
09-02 16:00:00,215.417007087
09-02 17:00:00,83.35547456399999
09-02 18:00:00,0.0
09-02 19:00:00,0.0
09-02 20:00:00,0.0
09-02 21:00:00,0.0
09-02 22:00:00,0.0
09-02 23:00:00,0.0
09-03 00:00:00,0.0
09-03 01:00:00,0.0
09-03 02:00:00,0.0
09-03 03:00:00,0.0
09-03 04:00:00,0.0
09-03 05:00:00,0.0
09-03 06:00:00,131.099430623
09-03 07:00:00,319.506417732
09-03 08:00:00,548.47836724
09-03 09:00:00,760.01302533
09-03 10:00:00,887.8047339199999
09-03 11:00:00,936.9794591300001
09-03 12:00:00,905.3126854299999
09-03 13:00:00,784.1439781400002
09-03 14:00:00,608.9273560400001
09-03 15:00:00,394.56204032600004
09-03 16:00:00,215.417007087
09-03 17:00:00,83.35547456399999
09-03 18:00:00,0.0
09-03 19:00:00,0.0
09-03 20:00:00,0.0
09-03 21:00:00,0.0
09-03 22:00:00,0.0
09-03 23:00:00,0.0
09-04 00:00:00,0.0
09-04 01:00:00,0.0
09-04 02:00:00,0.0
09-04 03:00:00,0.0
09-04 04:00:00,0.0
09-04 05:00:00,0.0
09-04 06:00:00,131.099430623
09-04 07:00:00,319.506417732
09-04 08:00:00,548.47836724
09-04 09:00:00,760.01302533
09-04 10:00:00,887.8047339199999
09-04 11:00:00,936.9794591300001
09-04 12:00:00,905.3126854299999
09-04 13:00:00,784.1439781400002
09-04 14:00:00,608.9273560400001
09-04 15:00:00,394.56204032600004
09-04 16:00:00,215.417007087
09-04 17:00:00,83.35547456399999
09-04 18:00:00,0.0
09-04 19:00:00,0.0
09-04 20:00:00,0.0
09-04 21:00:00,0.0
09-04 22:00:00,0.0
09-04 23:00:00,0.0
09-05 00:00:00,0.0
09-05 01:00:00,0.0
09-05 02:00:00,0.0
09-05 03:00:00,0.0
09-05 04:00:00,0.0
09-05 05:00:00,0.0
09-05 06:00:00,131.099430623
09-05 07:00:00,319.506417732
09-05 08:00:00,548.47836724
09-05 09:00:00,760.01302533
09-05 10:00:00,887.8047339199999
09-05 11:00:00,936.9794591300001
09-05 12:00:00,905.3126854299999
09-05 13:00:00,784.1439781400002
09-05 14:00:00,608.9273560400001
09-05 15:00:00,394.56204032600004
09-05 16:00:00,215.417007087
09-05 17:00:00,83.35547456399999
09-05 18:00:00,0.0
09-05 19:00:00,0.0
09-05 20:00:00,0.0
09-05 21:00:00,0.0
09-05 22:00:00,0.0
09-05 23:00:00,0.0
09-06 00:00:00,0.0
09-06 01:00:00,0.0
09-06 02:00:00,0.0
09-06 03:00:00,0.0
09-06 04:00:00,0.0
09-06 05:00:00,0.0
09-06 06:00:00,131.099430623
09-06 07:00:00,319.506417732
09-06 08:00:00,548.47836724
09-06 09:00:00,760.01302533
09-06 10:00:00,887.8047339199999
09-06 11:00:00,936.9794591300001
09-06 12:00:00,905.3126854299999
09-06 13:00:00,784.1439781400002
09-06 14:00:00,608.9273560400001
09-06 15:00:00,394.56204032600004
09-06 16:00:00,215.417007087
09-06 17:00:00,83.35547456399999
09-06 18:00:00,0.0
09-06 19:00:00,0.0
09-06 20:00:00,0.0
09-06 21:00:00,0.0
09-06 22:00:00,0.0
09-06 23:00:00,0.0
09-07 00:00:00,0.0
09-07 01:00:00,0.0
09-07 02:00:00,0.0
09-07 03:00:00,0.0
09-07 04:00:00,0.0
09-07 05:00:00,0.0
09-07 06:00:00,131.099430623
09-07 07:00:00,319.506417732
09-07 08:00:00,548.47836724
09-07 09:00:00,760.01302533
09-07 10:00:00,887.8047339199999
09-07 11:00:00,936.9794591300001
09-07 12:00:00,905.3126854299999
09-07 13:00:00,784.1439781400002
09-07 14:00:00,608.9273560400001
09-07 15:00:00,394.56204032600004
09-07 16:00:00,215.417007087
09-07 17:00:00,83.35547456399999
09-07 18:00:00,0.0
09-07 19:00:00,0.0
09-07 20:00:00,0.0
09-07 21:00:00,0.0
09-07 22:00:00,0.0
09-07 23:00:00,0.0
09-08 00:00:00,0.0
09-08 01:00:00,0.0
09-08 02:00:00,0.0
09-08 03:00:00,0.0
09-08 04:00:00,0.0
09-08 05:00:00,0.0
09-08 06:00:00,131.099430623
09-08 07:00:00,319.506417732
09-08 08:00:00,548.47836724
09-08 09:00:00,760.01302533
09-08 10:00:00,887.8047339199999
09-08 11:00:00,936.9794591300001
09-08 12:00:00,905.3126854299999
09-08 13:00:00,784.1439781400002
09-08 14:00:00,608.9273560400001
09-08 15:00:00,394.56204032600004
09-08 16:00:00,215.417007087
09-08 17:00:00,83.35547456399999
09-08 18:00:00,0.0
09-08 19:00:00,0.0
09-08 20:00:00,0.0
09-08 21:00:00,0.0
09-08 22:00:00,0.0
09-08 23:00:00,0.0
09-09 00:00:00,0.0
09-09 01:00:00,0.0
09-09 02:00:00,0.0
09-09 03:00:00,0.0
09-09 04:00:00,0.0
09-09 05:00:00,0.0
09-09 06:00:00,131.099430623
09-09 07:00:00,319.506417732
09-09 08:00:00,548.47836724
09-09 09:00:00,760.01302533
09-09 10:00:00,887.8047339199999
09-09 11:00:00,936.9794591300001
09-09 12:00:00,905.3126854299999
09-09 13:00:00,784.1439781400002
09-09 14:00:00,608.9273560400001
09-09 15:00:00,394.56204032600004
09-09 16:00:00,215.417007087
09-09 17:00:00,83.35547456399999
09-09 18:00:00,0.0
09-09 19:00:00,0.0
09-09 20:00:00,0.0
09-09 21:00:00,0.0
09-09 22:00:00,0.0
09-09 23:00:00,0.0
09-10 00:00:00,0.0
09-10 01:00:00,0.0
09-10 02:00:00,0.0
09-10 03:00:00,0.0
09-10 04:00:00,0.0
09-10 05:00:00,0.0
09-10 06:00:00,131.099430623
09-10 07:00:00,319.506417732
09-10 08:00:00,548.47836724
09-10 09:00:00,760.01302533
09-10 10:00:00,887.8047339199999
09-10 11:00:00,936.9794591300001
09-10 12:00:00,905.3126854299999
09-10 13:00:00,784.1439781400002
09-10 14:00:00,608.9273560400001
09-10 15:00:00,394.56204032600004
09-10 16:00:00,215.417007087
09-10 17:00:00,83.35547456399999
09-10 18:00:00,0.0
09-10 19:00:00,0.0
09-10 20:00:00,0.0
09-10 21:00:00,0.0
09-10 22:00:00,0.0
09-10 23:00:00,0.0
09-11 00:00:00,0.0
09-11 01:00:00,0.0
09-11 02:00:00,0.0
09-11 03:00:00,0.0
09-11 04:00:00,0.0
09-11 05:00:00,0.0
09-11 06:00:00,131.099430623
09-11 07:00:00,319.506417732
09-11 08:00:00,548.47836724
09-11 09:00:00,760.01302533
09-11 10:00:00,887.8047339199999
09-11 11:00:00,936.9794591300001
09-11 12:00:00,905.3126854299999
09-11 13:00:00,784.1439781400002
09-11 14:00:00,608.9273560400001
09-11 15:00:00,394.56204032600004
09-11 16:00:00,215.417007087
09-11 17:00:00,83.35547456399999
09-11 18:00:00,0.0
09-11 19:00:00,0.0
09-11 20:00:00,0.0
09-11 21:00:00,0.0
09-11 22:00:00,0.0
09-11 23:00:00,0.0
09-12 00:00:00,0.0
09-12 01:00:00,0.0
09-12 02:00:00,0.0
09-12 03:00:00,0.0
09-12 04:00:00,0.0
09-12 05:00:00,0.0
09-12 06:00:00,131.099430623
09-12 07:00:00,319.506417732
09-12 08:00:00,548.47836724
09-12 09:00:00,760.01302533
09-12 10:00:00,887.8047339199999
09-12 11:00:00,936.9794591300001
09-12 12:00:00,905.3126854299999
09-12 13:00:00,784.1439781400002
09-12 14:00:00,608.9273560400001
09-12 15:00:00,394.56204032600004
09-12 16:00:00,215.417007087
09-12 17:00:00,83.35547456399999
09-12 18:00:00,0.0
09-12 19:00:00,0.0
09-12 20:00:00,0.0
09-12 21:00:00,0.0
09-12 22:00:00,0.0
09-12 23:00:00,0.0
09-13 00:00:00,0.0
09-13 01:00:00,0.0
09-13 02:00:00,0.0
09-13 03:00:00,0.0
09-13 04:00:00,0.0
09-13 05:00:00,0.0
09-13 06:00:00,131.099430623
09-13 07:00:00,319.506417732
09-13 08:00:00,548.47836724
09-13 09:00:00,760.01302533
09-13 10:00:00,887.8047339199999
09-13 11:00:00,936.9794591300001
09-13 12:00:00,905.3126854299999
09-13 13:00:00,784.1439781400002
09-13 14:00:00,608.9273560400001
09-13 15:00:00,394.56204032600004
09-13 16:00:00,215.417007087
09-13 17:00:00,83.35547456399999
09-13 18:00:00,0.0
09-13 19:00:00,0.0
09-13 20:00:00,0.0
09-13 21:00:00,0.0
09-13 22:00:00,0.0
09-13 23:00:00,0.0
09-14 00:00:00,0.0
09-14 01:00:00,0.0
09-14 02:00:00,0.0
09-14 03:00:00,0.0
09-14 04:00:00,0.0
09-14 05:00:00,0.0
09-14 06:00:00,131.099430623
09-14 07:00:00,319.506417732
09-14 08:00:00,548.47836724
09-14 09:00:00,760.01302533
09-14 10:00:00,887.8047339199999
09-14 11:00:00,936.9794591300001
09-14 12:00:00,905.3126854299999
09-14 13:00:00,784.1439781400002
09-14 14:00:00,608.9273560400001
09-14 15:00:00,394.56204032600004
09-14 16:00:00,215.417007087
09-14 17:00:00,83.35547456399999
09-14 18:00:00,0.0
09-14 19:00:00,0.0
09-14 20:00:00,0.0
09-14 21:00:00,0.0
09-14 22:00:00,0.0
09-14 23:00:00,0.0
09-15 00:00:00,0.0
09-15 01:00:00,0.0
09-15 02:00:00,0.0
09-15 03:00:00,0.0
09-15 04:00:00,0.0
09-15 05:00:00,0.0
09-15 06:00:00,131.099430623
09-15 07:00:00,319.506417732
09-15 08:00:00,548.47836724
09-15 09:00:00,760.01302533
09-15 10:00:00,887.8047339199999
09-15 11:00:00,936.9794591300001
09-15 12:00:00,905.3126854299999
09-15 13:00:00,784.1439781400002
09-15 14:00:00,608.9273560400001
09-15 15:00:00,394.56204032600004
09-15 16:00:00,215.417007087
09-15 17:00:00,83.35547456399999
09-15 18:00:00,0.0
09-15 19:00:00,0.0
09-15 20:00:00,0.0
09-15 21:00:00,0.0
09-15 22:00:00,0.0
09-15 23:00:00,0.0
09-16 00:00:00,0.0
09-16 01:00:00,0.0
09-16 02:00:00,0.0
09-16 03:00:00,0.0
09-16 04:00:00,0.0
09-16 05:00:00,0.0
09-16 06:00:00,131.099430623
09-16 07:00:00,319.506417732
09-16 08:00:00,548.47836724
09-16 09:00:00,760.01302533
09-16 10:00:00,887.8047339199999
09-16 11:00:00,936.9794591300001
09-16 12:00:00,905.3126854299999
09-16 13:00:00,784.1439781400002
09-16 14:00:00,608.9273560400001
09-16 15:00:00,394.56204032600004
09-16 16:00:00,215.417007087
09-16 17:00:00,83.35547456399999
09-16 18:00:00,0.0
09-16 19:00:00,0.0
09-16 20:00:00,0.0
09-16 21:00:00,0.0
09-16 22:00:00,0.0
09-16 23:00:00,0.0
09-17 00:00:00,0.0
09-17 01:00:00,0.0
09-17 02:00:00,0.0
09-17 03:00:00,0.0
09-17 04:00:00,0.0
09-17 05:00:00,0.0
09-17 06:00:00,131.099430623
09-17 07:00:00,319.506417732
09-17 08:00:00,548.47836724
09-17 09:00:00,760.01302533
09-17 10:00:00,887.8047339199999
09-17 11:00:00,936.9794591300001
09-17 12:00:00,905.3126854299999
09-17 13:00:00,784.1439781400002
09-17 14:00:00,608.9273560400001
09-17 15:00:00,394.56204032600004
09-17 16:00:00,215.417007087
09-17 17:00:00,83.35547456399999
09-17 18:00:00,0.0
09-17 19:00:00,0.0
09-17 20:00:00,0.0
09-17 21:00:00,0.0
09-17 22:00:00,0.0
09-17 23:00:00,0.0
09-18 00:00:00,0.0
09-18 01:00:00,0.0
09-18 02:00:00,0.0
09-18 03:00:00,0.0
09-18 04:00:00,0.0
09-18 05:00:00,0.0
09-18 06:00:00,131.099430623
09-18 07:00:00,319.506417732
09-18 08:00:00,548.47836724
09-18 09:00:00,760.01302533
09-18 10:00:00,887.8047339199999
09-18 11:00:00,936.9794591300001
09-18 12:00:00,905.3126854299999
09-18 13:00:00,784.1439781400002
09-18 14:00:00,608.9273560400001
09-18 15:00:00,394.56204032600004
09-18 16:00:00,215.417007087
09-18 17:00:00,83.35547456399999
09-18 18:00:00,0.0
09-18 19:00:00,0.0
09-18 20:00:00,0.0
09-18 21:00:00,0.0
09-18 22:00:00,0.0
09-18 23:00:00,0.0
09-19 00:00:00,0.0
09-19 01:00:00,0.0
09-19 02:00:00,0.0
09-19 03:00:00,0.0
09-19 04:00:00,0.0
09-19 05:00:00,0.0
09-19 06:00:00,131.099430623
09-19 07:00:00,319.506417732
09-19 08:00:00,548.47836724
09-19 09:00:00,760.01302533
09-19 10:00:00,887.8047339199999
09-19 11:00:00,936.9794591300001
09-19 12:00:00,905.3126854299999
09-19 13:00:00,784.1439781400002
09-19 14:00:00,608.9273560400001
09-19 15:00:00,394.56204032600004
09-19 16:00:00,215.417007087
09-19 17:00:00,83.35547456399999
09-19 18:00:00,0.0
09-19 19:00:00,0.0
09-19 20:00:00,0.0
09-19 21:00:00,0.0
09-19 22:00:00,0.0
09-19 23:00:00,0.0
09-20 00:00:00,0.0
09-20 01:00:00,0.0
09-20 02:00:00,0.0
09-20 03:00:00,0.0
09-20 04:00:00,0.0
09-20 05:00:00,0.0
09-20 06:00:00,131.099430623
09-20 07:00:00,319.506417732
09-20 08:00:00,548.47836724
09-20 09:00:00,760.01302533
09-20 10:00:00,887.8047339199999
09-20 11:00:00,936.9794591300001
09-20 12:00:00,905.3126854299999
09-20 13:00:00,784.1439781400002
09-20 14:00:00,608.9273560400001
09-20 15:00:00,394.56204032600004
09-20 16:00:00,215.417007087
09-20 17:00:00,83.35547456399999
09-20 18:00:00,0.0
09-20 19:00:00,0.0
09-20 20:00:00,0.0
09-20 21:00:00,0.0
09-20 22:00:00,0.0
09-20 23:00:00,0.0
09-21 00:00:00,0.0
09-21 01:00:00,0.0
09-21 02:00:00,0.0
09-21 03:00:00,0.0
09-21 04:00:00,0.0
09-21 05:00:00,0.0
09-21 06:00:00,131.099430623
09-21 07:00:00,319.506417732
09-21 08:00:00,548.47836724
09-21 09:00:00,760.01302533
09-21 10:00:00,887.8047339199999
09-21 11:00:00,936.9794591300001
09-21 12:00:00,905.3126854299999
09-21 13:00:00,784.1439781400002
09-21 14:00:00,608.9273560400001
09-21 15:00:00,394.56204032600004
09-21 16:00:00,215.417007087
09-21 17:00:00,83.35547456399999
09-21 18:00:00,0.0
09-21 19:00:00,0.0
09-21 20:00:00,0.0
09-21 21:00:00,0.0
09-21 22:00:00,0.0
09-21 23:00:00,0.0
09-22 00:00:00,0.0
09-22 01:00:00,0.0
09-22 02:00:00,0.0
09-22 03:00:00,0.0
09-22 04:00:00,0.0
09-22 05:00:00,0.0
09-22 06:00:00,131.099430623
09-22 07:00:00,319.506417732
09-22 08:00:00,548.47836724
09-22 09:00:00,760.01302533
09-22 10:00:00,887.8047339199999
09-22 11:00:00,936.9794591300001
09-22 12:00:00,905.3126854299999
09-22 13:00:00,784.1439781400002
09-22 14:00:00,608.9273560400001
09-22 15:00:00,394.56204032600004
09-22 16:00:00,215.417007087
09-22 17:00:00,83.35547456399999
09-22 18:00:00,0.0
09-22 19:00:00,0.0
09-22 20:00:00,0.0
09-22 21:00:00,0.0
09-22 22:00:00,0.0
09-22 23:00:00,0.0
09-23 00:00:00,0.0
09-23 01:00:00,0.0
09-23 02:00:00,0.0
09-23 03:00:00,0.0
09-23 04:00:00,0.0
09-23 05:00:00,0.0
09-23 06:00:00,131.099430623
09-23 07:00:00,319.506417732
09-23 08:00:00,548.47836724
09-23 09:00:00,760.01302533
09-23 10:00:00,887.8047339199999
09-23 11:00:00,936.9794591300001
09-23 12:00:00,905.3126854299999
09-23 13:00:00,784.1439781400002
09-23 14:00:00,608.9273560400001
09-23 15:00:00,394.56204032600004
09-23 16:00:00,215.417007087
09-23 17:00:00,83.35547456399999
09-23 18:00:00,0.0
09-23 19:00:00,0.0
09-23 20:00:00,0.0
09-23 21:00:00,0.0
09-23 22:00:00,0.0
09-23 23:00:00,0.0
09-24 00:00:00,0.0
09-24 01:00:00,0.0
09-24 02:00:00,0.0
09-24 03:00:00,0.0
09-24 04:00:00,0.0
09-24 05:00:00,0.0
09-24 06:00:00,131.099430623
09-24 07:00:00,319.506417732
09-24 08:00:00,548.47836724
09-24 09:00:00,760.01302533
09-24 10:00:00,887.8047339199999
09-24 11:00:00,936.9794591300001
09-24 12:00:00,905.3126854299999
09-24 13:00:00,784.1439781400002
09-24 14:00:00,608.9273560400001
09-24 15:00:00,394.56204032600004
09-24 16:00:00,215.417007087
09-24 17:00:00,83.35547456399999
09-24 18:00:00,0.0
09-24 19:00:00,0.0
09-24 20:00:00,0.0
09-24 21:00:00,0.0
09-24 22:00:00,0.0
09-24 23:00:00,0.0
09-25 00:00:00,0.0
09-25 01:00:00,0.0
09-25 02:00:00,0.0
09-25 03:00:00,0.0
09-25 04:00:00,0.0
09-25 05:00:00,0.0
09-25 06:00:00,131.099430623
09-25 07:00:00,319.506417732
09-25 08:00:00,548.47836724
09-25 09:00:00,760.01302533
09-25 10:00:00,887.8047339199999
09-25 11:00:00,936.9794591300001
09-25 12:00:00,905.3126854299999
09-25 13:00:00,784.1439781400002
09-25 14:00:00,608.9273560400001
09-25 15:00:00,394.56204032600004
09-25 16:00:00,215.417007087
09-25 17:00:00,83.35547456399999
09-25 18:00:00,0.0
09-25 19:00:00,0.0
09-25 20:00:00,0.0
09-25 21:00:00,0.0
09-25 22:00:00,0.0
09-25 23:00:00,0.0
09-26 00:00:00,0.0
09-26 01:00:00,0.0
09-26 02:00:00,0.0
09-26 03:00:00,0.0
09-26 04:00:00,0.0
09-26 05:00:00,0.0
09-26 06:00:00,131.099430623
09-26 07:00:00,319.506417732
09-26 08:00:00,548.47836724
09-26 09:00:00,760.01302533
09-26 10:00:00,887.8047339199999
09-26 11:00:00,936.9794591300001
09-26 12:00:00,905.3126854299999
09-26 13:00:00,784.1439781400002
09-26 14:00:00,608.9273560400001
09-26 15:00:00,394.56204032600004
09-26 16:00:00,215.417007087
09-26 17:00:00,83.35547456399999
09-26 18:00:00,0.0
09-26 19:00:00,0.0
09-26 20:00:00,0.0
09-26 21:00:00,0.0
09-26 22:00:00,0.0
09-26 23:00:00,0.0
09-27 00:00:00,0.0
09-27 01:00:00,0.0
09-27 02:00:00,0.0
09-27 03:00:00,0.0
09-27 04:00:00,0.0
09-27 05:00:00,0.0
09-27 06:00:00,131.099430623
09-27 07:00:00,319.506417732
09-27 08:00:00,548.47836724
09-27 09:00:00,760.01302533
09-27 10:00:00,887.8047339199999
09-27 11:00:00,936.9794591300001
09-27 12:00:00,905.3126854299999
09-27 13:00:00,784.1439781400002
09-27 14:00:00,608.9273560400001
09-27 15:00:00,394.56204032600004
09-27 16:00:00,215.417007087
09-27 17:00:00,83.35547456399999
09-27 18:00:00,0.0
09-27 19:00:00,0.0
09-27 20:00:00,0.0
09-27 21:00:00,0.0
09-27 22:00:00,0.0
09-27 23:00:00,0.0
09-28 00:00:00,0.0
09-28 01:00:00,0.0
09-28 02:00:00,0.0
09-28 03:00:00,0.0
09-28 04:00:00,0.0
09-28 05:00:00,0.0
09-28 06:00:00,131.099430623
09-28 07:00:00,319.506417732
09-28 08:00:00,548.47836724
09-28 09:00:00,760.01302533
09-28 10:00:00,887.8047339199999
09-28 11:00:00,936.9794591300001
09-28 12:00:00,905.3126854299999
09-28 13:00:00,784.1439781400002
09-28 14:00:00,608.9273560400001
09-28 15:00:00,394.56204032600004
09-28 16:00:00,215.417007087
09-28 17:00:00,83.35547456399999
09-28 18:00:00,0.0
09-28 19:00:00,0.0
09-28 20:00:00,0.0
09-28 21:00:00,0.0
09-28 22:00:00,0.0
09-28 23:00:00,0.0
09-29 00:00:00,0.0
09-29 01:00:00,0.0
09-29 02:00:00,0.0
09-29 03:00:00,0.0
09-29 04:00:00,0.0
09-29 05:00:00,0.0
09-29 06:00:00,131.099430623
09-29 07:00:00,319.506417732
09-29 08:00:00,548.47836724
09-29 09:00:00,760.01302533
09-29 10:00:00,887.8047339199999
09-29 11:00:00,936.9794591300001
09-29 12:00:00,905.3126854299999
09-29 13:00:00,784.1439781400002
09-29 14:00:00,608.9273560400001
09-29 15:00:00,394.56204032600004
09-29 16:00:00,215.417007087
09-29 17:00:00,83.35547456399999
09-29 18:00:00,0.0
09-29 19:00:00,0.0
09-29 20:00:00,0.0
09-29 21:00:00,0.0
09-29 22:00:00,0.0
09-29 23:00:00,0.0
09-30 00:00:00,0.0
09-30 01:00:00,0.0
09-30 02:00:00,0.0
09-30 03:00:00,0.0
09-30 04:00:00,0.0
09-30 05:00:00,0.0
09-30 06:00:00,131.099430623
09-30 07:00:00,319.506417732
09-30 08:00:00,548.47836724
09-30 09:00:00,760.01302533
09-30 10:00:00,887.8047339199999
09-30 11:00:00,936.9794591300001
09-30 12:00:00,905.3126854299999
09-30 13:00:00,784.1439781400002
09-30 14:00:00,608.9273560400001
09-30 15:00:00,394.56204032600004
09-30 16:00:00,215.417007087
09-30 17:00:00,83.35547456399999
09-30 18:00:00,0.0
09-30 19:00:00,0.0
09-30 20:00:00,0.0
09-30 21:00:00,0.0
09-30 22:00:00,0.0
09-30 23:00:00,0.0
10-01 00:00:00,0.0
10-01 01:00:00,0.0
10-01 02:00:00,0.0
10-01 03:00:00,0.0
10-01 04:00:00,0.0
10-01 05:00:00,0.0
10-01 06:00:00,67.57124423319999
10-01 07:00:00,195.58643059099998
10-01 08:00:00,402.364761281
10-01 09:00:00,602.27757685
10-01 10:00:00,734.4588132199999
10-01 11:00:00,780.033613925
10-01 12:00:00,738.31701865
10-01 13:00:00,606.46339025
10-01 14:00:00,428.339252103
10-01 15:00:00,238.80777785200002
10-01 16:00:00,94.654200845
10-01 17:00:00,0.0
10-01 18:00:00,0.0
10-01 19:00:00,0.0
10-01 20:00:00,0.0
10-01 21:00:00,0.0
10-01 22:00:00,0.0
10-01 23:00:00,0.0
10-02 00:00:00,0.0
10-02 01:00:00,0.0
10-02 02:00:00,0.0
10-02 03:00:00,0.0
10-02 04:00:00,0.0
10-02 05:00:00,0.0
10-02 06:00:00,67.57124423319999
10-02 07:00:00,195.58643059099998
10-02 08:00:00,402.364761281
10-02 09:00:00,602.27757685
10-02 10:00:00,734.4588132199999
10-02 11:00:00,780.033613925
10-02 12:00:00,738.31701865
10-02 13:00:00,606.46339025
10-02 14:00:00,428.339252103
10-02 15:00:00,238.80777785200002
10-02 16:00:00,94.654200845
10-02 17:00:00,0.0
10-02 18:00:00,0.0
10-02 19:00:00,0.0
10-02 20:00:00,0.0
10-02 21:00:00,0.0
10-02 22:00:00,0.0
10-02 23:00:00,0.0
10-03 00:00:00,0.0
10-03 01:00:00,0.0
10-03 02:00:00,0.0
10-03 03:00:00,0.0
10-03 04:00:00,0.0
10-03 05:00:00,0.0
10-03 06:00:00,67.57124423319999
10-03 07:00:00,195.58643059099998
10-03 08:00:00,402.364761281
10-03 09:00:00,602.27757685
10-03 10:00:00,734.4588132199999
10-03 11:00:00,780.033613925
10-03 12:00:00,738.31701865
10-03 13:00:00,606.46339025
10-03 14:00:00,428.339252103
10-03 15:00:00,238.80777785200002
10-03 16:00:00,94.654200845
10-03 17:00:00,0.0
10-03 18:00:00,0.0
10-03 19:00:00,0.0
10-03 20:00:00,0.0
10-03 21:00:00,0.0
10-03 22:00:00,0.0
10-03 23:00:00,0.0
10-04 00:00:00,0.0
10-04 01:00:00,0.0
10-04 02:00:00,0.0
10-04 03:00:00,0.0
10-04 04:00:00,0.0
10-04 05:00:00,0.0
10-04 06:00:00,67.57124423319999
10-04 07:00:00,195.58643059099998
10-04 08:00:00,402.364761281
10-04 09:00:00,602.27757685
10-04 10:00:00,734.4588132199999
10-04 11:00:00,780.033613925
10-04 12:00:00,738.31701865
10-04 13:00:00,606.46339025
10-04 14:00:00,428.339252103
10-04 15:00:00,238.80777785200002
10-04 16:00:00,94.654200845
10-04 17:00:00,0.0
10-04 18:00:00,0.0
10-04 19:00:00,0.0
10-04 20:00:00,0.0
10-04 21:00:00,0.0
10-04 22:00:00,0.0
10-04 23:00:00,0.0
10-05 00:00:00,0.0
10-05 01:00:00,0.0
10-05 02:00:00,0.0
10-05 03:00:00,0.0
10-05 04:00:00,0.0
10-05 05:00:00,0.0
10-05 06:00:00,67.57124423319999
10-05 07:00:00,195.58643059099998
10-05 08:00:00,402.364761281
10-05 09:00:00,602.27757685
10-05 10:00:00,734.4588132199999
10-05 11:00:00,780.033613925
10-05 12:00:00,738.31701865
10-05 13:00:00,606.46339025
10-05 14:00:00,428.339252103
10-05 15:00:00,238.80777785200002
10-05 16:00:00,94.654200845
10-05 17:00:00,0.0
10-05 18:00:00,0.0
10-05 19:00:00,0.0
10-05 20:00:00,0.0
10-05 21:00:00,0.0
10-05 22:00:00,0.0
10-05 23:00:00,0.0
10-06 00:00:00,0.0
10-06 01:00:00,0.0
10-06 02:00:00,0.0
10-06 03:00:00,0.0
10-06 04:00:00,0.0
10-06 05:00:00,0.0
10-06 06:00:00,67.57124423319999
10-06 07:00:00,195.58643059099998
10-06 08:00:00,402.364761281
10-06 09:00:00,602.27757685
10-06 10:00:00,734.4588132199999
10-06 11:00:00,780.033613925
10-06 12:00:00,738.31701865
10-06 13:00:00,606.46339025
10-06 14:00:00,428.339252103
10-06 15:00:00,238.80777785200002
10-06 16:00:00,94.654200845
10-06 17:00:00,0.0
10-06 18:00:00,0.0
10-06 19:00:00,0.0
10-06 20:00:00,0.0
10-06 21:00:00,0.0
10-06 22:00:00,0.0
10-06 23:00:00,0.0
10-07 00:00:00,0.0
10-07 01:00:00,0.0
10-07 02:00:00,0.0
10-07 03:00:00,0.0
10-07 04:00:00,0.0
10-07 05:00:00,0.0
10-07 06:00:00,67.57124423319999
10-07 07:00:00,195.58643059099998
10-07 08:00:00,402.364761281
10-07 09:00:00,602.27757685
10-07 10:00:00,734.4588132199999
10-07 11:00:00,780.033613925
10-07 12:00:00,738.31701865
10-07 13:00:00,606.46339025
10-07 14:00:00,428.339252103
10-07 15:00:00,238.80777785200002
10-07 16:00:00,94.654200845
10-07 17:00:00,0.0
10-07 18:00:00,0.0
10-07 19:00:00,0.0
10-07 20:00:00,0.0
10-07 21:00:00,0.0
10-07 22:00:00,0.0
10-07 23:00:00,0.0
10-08 00:00:00,0.0
10-08 01:00:00,0.0
10-08 02:00:00,0.0
10-08 03:00:00,0.0
10-08 04:00:00,0.0
10-08 05:00:00,0.0
10-08 06:00:00,67.57124423319999
10-08 07:00:00,195.58643059099998
10-08 08:00:00,402.364761281
10-08 09:00:00,602.27757685
10-08 10:00:00,734.4588132199999
10-08 11:00:00,780.033613925
10-08 12:00:00,738.31701865
10-08 13:00:00,606.46339025
10-08 14:00:00,428.339252103
10-08 15:00:00,238.80777785200002
10-08 16:00:00,94.654200845
10-08 17:00:00,0.0
10-08 18:00:00,0.0
10-08 19:00:00,0.0
10-08 20:00:00,0.0
10-08 21:00:00,0.0
10-08 22:00:00,0.0
10-08 23:00:00,0.0
10-09 00:00:00,0.0
10-09 01:00:00,0.0
10-09 02:00:00,0.0
10-09 03:00:00,0.0
10-09 04:00:00,0.0
10-09 05:00:00,0.0
10-09 06:00:00,67.57124423319999
10-09 07:00:00,195.58643059099998
10-09 08:00:00,402.364761281
10-09 09:00:00,602.27757685
10-09 10:00:00,734.4588132199999
10-09 11:00:00,780.033613925
10-09 12:00:00,738.31701865
10-09 13:00:00,606.46339025
10-09 14:00:00,428.339252103
10-09 15:00:00,238.80777785200002
10-09 16:00:00,94.654200845
10-09 17:00:00,0.0
10-09 18:00:00,0.0
10-09 19:00:00,0.0
10-09 20:00:00,0.0
10-09 21:00:00,0.0
10-09 22:00:00,0.0
10-09 23:00:00,0.0
10-10 00:00:00,0.0
10-10 01:00:00,0.0
10-10 02:00:00,0.0
10-10 03:00:00,0.0
10-10 04:00:00,0.0
10-10 05:00:00,0.0
10-10 06:00:00,67.57124423319999
10-10 07:00:00,195.58643059099998
10-10 08:00:00,402.364761281
10-10 09:00:00,602.27757685
10-10 10:00:00,734.4588132199999
10-10 11:00:00,780.033613925
10-10 12:00:00,738.31701865
10-10 13:00:00,606.46339025
10-10 14:00:00,428.339252103
10-10 15:00:00,238.80777785200002
10-10 16:00:00,94.654200845
10-10 17:00:00,0.0
10-10 18:00:00,0.0
10-10 19:00:00,0.0
10-10 20:00:00,0.0
10-10 21:00:00,0.0
10-10 22:00:00,0.0
10-10 23:00:00,0.0
10-11 00:00:00,0.0
10-11 01:00:00,0.0
10-11 02:00:00,0.0
10-11 03:00:00,0.0
10-11 04:00:00,0.0
10-11 05:00:00,0.0
10-11 06:00:00,67.57124423319999
10-11 07:00:00,195.58643059099998
10-11 08:00:00,402.364761281
10-11 09:00:00,602.27757685
10-11 10:00:00,734.4588132199999
10-11 11:00:00,780.033613925
10-11 12:00:00,738.31701865
10-11 13:00:00,606.46339025
10-11 14:00:00,428.339252103
10-11 15:00:00,238.80777785200002
10-11 16:00:00,94.654200845
10-11 17:00:00,0.0
10-11 18:00:00,0.0
10-11 19:00:00,0.0
10-11 20:00:00,0.0
10-11 21:00:00,0.0
10-11 22:00:00,0.0
10-11 23:00:00,0.0
10-12 00:00:00,0.0
10-12 01:00:00,0.0
10-12 02:00:00,0.0
10-12 03:00:00,0.0
10-12 04:00:00,0.0
10-12 05:00:00,0.0
10-12 06:00:00,67.57124423319999
10-12 07:00:00,195.58643059099998
10-12 08:00:00,402.364761281
10-12 09:00:00,602.27757685
10-12 10:00:00,734.4588132199999
10-12 11:00:00,780.033613925
10-12 12:00:00,738.31701865
10-12 13:00:00,606.46339025
10-12 14:00:00,428.339252103
10-12 15:00:00,238.80777785200002
10-12 16:00:00,94.654200845
10-12 17:00:00,0.0
10-12 18:00:00,0.0
10-12 19:00:00,0.0
10-12 20:00:00,0.0
10-12 21:00:00,0.0
10-12 22:00:00,0.0
10-12 23:00:00,0.0
10-13 00:00:00,0.0
10-13 01:00:00,0.0
10-13 02:00:00,0.0
10-13 03:00:00,0.0
10-13 04:00:00,0.0
10-13 05:00:00,0.0
10-13 06:00:00,67.57124423319999
10-13 07:00:00,195.58643059099998
10-13 08:00:00,402.364761281
10-13 09:00:00,602.27757685
10-13 10:00:00,734.4588132199999
10-13 11:00:00,780.033613925
10-13 12:00:00,738.31701865
10-13 13:00:00,606.46339025
10-13 14:00:00,428.339252103
10-13 15:00:00,238.80777785200002
10-13 16:00:00,94.654200845
10-13 17:00:00,0.0
10-13 18:00:00,0.0
10-13 19:00:00,0.0
10-13 20:00:00,0.0
10-13 21:00:00,0.0
10-13 22:00:00,0.0
10-13 23:00:00,0.0
10-14 00:00:00,0.0
10-14 01:00:00,0.0
10-14 02:00:00,0.0
10-14 03:00:00,0.0
10-14 04:00:00,0.0
10-14 05:00:00,0.0
10-14 06:00:00,67.57124423319999
10-14 07:00:00,195.58643059099998
10-14 08:00:00,402.364761281
10-14 09:00:00,602.27757685
10-14 10:00:00,734.4588132199999
10-14 11:00:00,780.033613925
10-14 12:00:00,738.31701865
10-14 13:00:00,606.46339025
10-14 14:00:00,428.339252103
10-14 15:00:00,238.80777785200002
10-14 16:00:00,94.654200845
10-14 17:00:00,0.0
10-14 18:00:00,0.0
10-14 19:00:00,0.0
10-14 20:00:00,0.0
10-14 21:00:00,0.0
10-14 22:00:00,0.0
10-14 23:00:00,0.0
10-15 00:00:00,0.0
10-15 01:00:00,0.0
10-15 02:00:00,0.0
10-15 03:00:00,0.0
10-15 04:00:00,0.0
10-15 05:00:00,0.0
10-15 06:00:00,67.57124423319999
10-15 07:00:00,195.58643059099998
10-15 08:00:00,402.364761281
10-15 09:00:00,602.27757685
10-15 10:00:00,734.4588132199999
10-15 11:00:00,780.033613925
10-15 12:00:00,738.31701865
10-15 13:00:00,606.46339025
10-15 14:00:00,428.339252103
10-15 15:00:00,238.80777785200002
10-15 16:00:00,94.654200845
10-15 17:00:00,0.0
10-15 18:00:00,0.0
10-15 19:00:00,0.0
10-15 20:00:00,0.0
10-15 21:00:00,0.0
10-15 22:00:00,0.0
10-15 23:00:00,0.0
10-16 00:00:00,0.0
10-16 01:00:00,0.0
10-16 02:00:00,0.0
10-16 03:00:00,0.0
10-16 04:00:00,0.0
10-16 05:00:00,0.0
10-16 06:00:00,67.57124423319999
10-16 07:00:00,195.58643059099998
10-16 08:00:00,402.364761281
10-16 09:00:00,602.27757685
10-16 10:00:00,734.4588132199999
10-16 11:00:00,780.033613925
10-16 12:00:00,738.31701865
10-16 13:00:00,606.46339025
10-16 14:00:00,428.339252103
10-16 15:00:00,238.80777785200002
10-16 16:00:00,94.654200845
10-16 17:00:00,0.0
10-16 18:00:00,0.0
10-16 19:00:00,0.0
10-16 20:00:00,0.0
10-16 21:00:00,0.0
10-16 22:00:00,0.0
10-16 23:00:00,0.0
10-17 00:00:00,0.0
10-17 01:00:00,0.0
10-17 02:00:00,0.0
10-17 03:00:00,0.0
10-17 04:00:00,0.0
10-17 05:00:00,0.0
10-17 06:00:00,67.57124423319999
10-17 07:00:00,195.58643059099998
10-17 08:00:00,402.364761281
10-17 09:00:00,602.27757685
10-17 10:00:00,734.4588132199999
10-17 11:00:00,780.033613925
10-17 12:00:00,738.31701865
10-17 13:00:00,606.46339025
10-17 14:00:00,428.339252103
10-17 15:00:00,238.80777785200002
10-17 16:00:00,94.654200845
10-17 17:00:00,0.0
10-17 18:00:00,0.0
10-17 19:00:00,0.0
10-17 20:00:00,0.0
10-17 21:00:00,0.0
10-17 22:00:00,0.0
10-17 23:00:00,0.0
10-18 00:00:00,0.0
10-18 01:00:00,0.0
10-18 02:00:00,0.0
10-18 03:00:00,0.0
10-18 04:00:00,0.0
10-18 05:00:00,0.0
10-18 06:00:00,67.57124423319999
10-18 07:00:00,195.58643059099998
10-18 08:00:00,402.364761281
10-18 09:00:00,602.27757685
10-18 10:00:00,734.4588132199999
10-18 11:00:00,780.033613925
10-18 12:00:00,738.31701865
10-18 13:00:00,606.46339025
10-18 14:00:00,428.339252103
10-18 15:00:00,238.80777785200002
10-18 16:00:00,94.654200845
10-18 17:00:00,0.0
10-18 18:00:00,0.0
10-18 19:00:00,0.0
10-18 20:00:00,0.0
10-18 21:00:00,0.0
10-18 22:00:00,0.0
10-18 23:00:00,0.0
10-19 00:00:00,0.0
10-19 01:00:00,0.0
10-19 02:00:00,0.0
10-19 03:00:00,0.0
10-19 04:00:00,0.0
10-19 05:00:00,0.0
10-19 06:00:00,67.57124423319999
10-19 07:00:00,195.58643059099998
10-19 08:00:00,402.364761281
10-19 09:00:00,602.27757685
10-19 10:00:00,734.4588132199999
10-19 11:00:00,780.033613925
10-19 12:00:00,738.31701865
10-19 13:00:00,606.46339025
10-19 14:00:00,428.339252103
10-19 15:00:00,238.80777785200002
10-19 16:00:00,94.654200845
10-19 17:00:00,0.0
10-19 18:00:00,0.0
10-19 19:00:00,0.0
10-19 20:00:00,0.0
10-19 21:00:00,0.0
10-19 22:00:00,0.0
10-19 23:00:00,0.0
10-20 00:00:00,0.0
10-20 01:00:00,0.0
10-20 02:00:00,0.0
10-20 03:00:00,0.0
10-20 04:00:00,0.0
10-20 05:00:00,0.0
10-20 06:00:00,67.57124423319999
10-20 07:00:00,195.58643059099998
10-20 08:00:00,402.364761281
10-20 09:00:00,602.27757685
10-20 10:00:00,734.4588132199999
10-20 11:00:00,780.033613925
10-20 12:00:00,738.31701865
10-20 13:00:00,606.46339025
10-20 14:00:00,428.339252103
10-20 15:00:00,238.80777785200002
10-20 16:00:00,94.654200845
10-20 17:00:00,0.0
10-20 18:00:00,0.0
10-20 19:00:00,0.0
10-20 20:00:00,0.0
10-20 21:00:00,0.0
10-20 22:00:00,0.0
10-20 23:00:00,0.0
10-21 00:00:00,0.0
10-21 01:00:00,0.0
10-21 02:00:00,0.0
10-21 03:00:00,0.0
10-21 04:00:00,0.0
10-21 05:00:00,0.0
10-21 06:00:00,67.57124423319999
10-21 07:00:00,195.58643059099998
10-21 08:00:00,402.364761281
10-21 09:00:00,602.27757685
10-21 10:00:00,734.4588132199999
10-21 11:00:00,780.033613925
10-21 12:00:00,738.31701865
10-21 13:00:00,606.46339025
10-21 14:00:00,428.339252103
10-21 15:00:00,238.80777785200002
10-21 16:00:00,94.654200845
10-21 17:00:00,0.0
10-21 18:00:00,0.0
10-21 19:00:00,0.0
10-21 20:00:00,0.0
10-21 21:00:00,0.0
10-21 22:00:00,0.0
10-21 23:00:00,0.0
10-22 00:00:00,0.0
10-22 01:00:00,0.0
10-22 02:00:00,0.0
10-22 03:00:00,0.0
10-22 04:00:00,0.0
10-22 05:00:00,0.0
10-22 06:00:00,67.57124423319999
10-22 07:00:00,195.58643059099998
10-22 08:00:00,402.364761281
10-22 09:00:00,602.27757685
10-22 10:00:00,734.4588132199999
10-22 11:00:00,780.033613925
10-22 12:00:00,738.31701865
10-22 13:00:00,606.46339025
10-22 14:00:00,428.339252103
10-22 15:00:00,238.80777785200002
10-22 16:00:00,94.654200845
10-22 17:00:00,0.0
10-22 18:00:00,0.0
10-22 19:00:00,0.0
10-22 20:00:00,0.0
10-22 21:00:00,0.0
10-22 22:00:00,0.0
10-22 23:00:00,0.0
10-23 00:00:00,0.0
10-23 01:00:00,0.0
10-23 02:00:00,0.0
10-23 03:00:00,0.0
10-23 04:00:00,0.0
10-23 05:00:00,0.0
10-23 06:00:00,67.57124423319999
10-23 07:00:00,195.58643059099998
10-23 08:00:00,402.364761281
10-23 09:00:00,602.27757685
10-23 10:00:00,734.4588132199999
10-23 11:00:00,780.033613925
10-23 12:00:00,738.31701865
10-23 13:00:00,606.46339025
10-23 14:00:00,428.339252103
10-23 15:00:00,238.80777785200002
10-23 16:00:00,94.654200845
10-23 17:00:00,0.0
10-23 18:00:00,0.0
10-23 19:00:00,0.0
10-23 20:00:00,0.0
10-23 21:00:00,0.0
10-23 22:00:00,0.0
10-23 23:00:00,0.0
10-24 00:00:00,0.0
10-24 01:00:00,0.0
10-24 02:00:00,0.0
10-24 03:00:00,0.0
10-24 04:00:00,0.0
10-24 05:00:00,0.0
10-24 06:00:00,67.57124423319999
10-24 07:00:00,195.58643059099998
10-24 08:00:00,402.364761281
10-24 09:00:00,602.27757685
10-24 10:00:00,734.4588132199999
10-24 11:00:00,780.033613925
10-24 12:00:00,738.31701865
10-24 13:00:00,606.46339025
10-24 14:00:00,428.339252103
10-24 15:00:00,238.80777785200002
10-24 16:00:00,94.654200845
10-24 17:00:00,0.0
10-24 18:00:00,0.0
10-24 19:00:00,0.0
10-24 20:00:00,0.0
10-24 21:00:00,0.0
10-24 22:00:00,0.0
10-24 23:00:00,0.0
10-25 00:00:00,0.0
10-25 01:00:00,0.0
10-25 02:00:00,0.0
10-25 03:00:00,0.0
10-25 04:00:00,0.0
10-25 05:00:00,0.0
10-25 06:00:00,67.57124423319999
10-25 07:00:00,195.58643059099998
10-25 08:00:00,402.364761281
10-25 09:00:00,602.27757685
10-25 10:00:00,734.4588132199999
10-25 11:00:00,780.033613925
10-25 12:00:00,738.31701865
10-25 13:00:00,606.46339025
10-25 14:00:00,428.339252103
10-25 15:00:00,238.80777785200002
10-25 16:00:00,94.654200845
10-25 17:00:00,0.0
10-25 18:00:00,0.0
10-25 19:00:00,0.0
10-25 20:00:00,0.0
10-25 21:00:00,0.0
10-25 22:00:00,0.0
10-25 23:00:00,0.0
10-26 00:00:00,0.0
10-26 01:00:00,0.0
10-26 02:00:00,0.0
10-26 03:00:00,0.0
10-26 04:00:00,0.0
10-26 05:00:00,0.0
10-26 06:00:00,67.57124423319999
10-26 07:00:00,195.58643059099998
10-26 08:00:00,402.364761281
10-26 09:00:00,602.27757685
10-26 10:00:00,734.4588132199999
10-26 11:00:00,780.033613925
10-26 12:00:00,738.31701865
10-26 13:00:00,606.46339025
10-26 14:00:00,428.339252103
10-26 15:00:00,238.80777785200002
10-26 16:00:00,94.654200845
10-26 17:00:00,0.0
10-26 18:00:00,0.0
10-26 19:00:00,0.0
10-26 20:00:00,0.0
10-26 21:00:00,0.0
10-26 22:00:00,0.0
10-26 23:00:00,0.0
10-27 00:00:00,0.0
10-27 01:00:00,0.0
10-27 02:00:00,0.0
10-27 03:00:00,0.0
10-27 04:00:00,0.0
10-27 05:00:00,0.0
10-27 06:00:00,67.57124423319999
10-27 07:00:00,195.58643059099998
10-27 08:00:00,402.364761281
10-27 09:00:00,602.27757685
10-27 10:00:00,734.4588132199999
10-27 11:00:00,780.033613925
10-27 12:00:00,738.31701865
10-27 13:00:00,606.46339025
10-27 14:00:00,428.339252103
10-27 15:00:00,238.80777785200002
10-27 16:00:00,94.654200845
10-27 17:00:00,0.0
10-27 18:00:00,0.0
10-27 19:00:00,0.0
10-27 20:00:00,0.0
10-27 21:00:00,0.0
10-27 22:00:00,0.0
10-27 23:00:00,0.0
10-28 00:00:00,0.0
10-28 01:00:00,0.0
10-28 02:00:00,0.0
10-28 03:00:00,0.0
10-28 04:00:00,0.0
10-28 05:00:00,0.0
10-28 06:00:00,67.57124423319999
10-28 07:00:00,195.58643059099998
10-28 08:00:00,402.364761281
10-28 09:00:00,602.27757685
10-28 10:00:00,734.4588132199999
10-28 11:00:00,780.033613925
10-28 12:00:00,738.31701865
10-28 13:00:00,606.46339025
10-28 14:00:00,428.339252103
10-28 15:00:00,238.80777785200002
10-28 16:00:00,94.654200845
10-28 17:00:00,0.0
10-28 18:00:00,0.0
10-28 19:00:00,0.0
10-28 20:00:00,0.0
10-28 21:00:00,0.0
10-28 22:00:00,0.0
10-28 23:00:00,0.0
10-29 00:00:00,0.0
10-29 01:00:00,0.0
10-29 02:00:00,0.0
10-29 03:00:00,0.0
10-29 04:00:00,0.0
10-29 05:00:00,0.0
10-29 06:00:00,67.57124423319999
10-29 07:00:00,195.58643059099998
10-29 08:00:00,402.364761281
10-29 09:00:00,602.27757685
10-29 10:00:00,734.4588132199999
10-29 11:00:00,780.033613925
10-29 12:00:00,738.31701865
10-29 13:00:00,606.46339025
10-29 14:00:00,428.339252103
10-29 15:00:00,238.80777785200002
10-29 16:00:00,94.654200845
10-29 17:00:00,0.0
10-29 18:00:00,0.0
10-29 19:00:00,0.0
10-29 20:00:00,0.0
10-29 21:00:00,0.0
10-29 22:00:00,0.0
10-29 23:00:00,0.0
10-30 00:00:00,0.0
10-30 01:00:00,0.0
10-30 02:00:00,0.0
10-30 03:00:00,0.0
10-30 04:00:00,0.0
10-30 05:00:00,0.0
10-30 06:00:00,67.57124423319999
10-30 07:00:00,195.58643059099998
10-30 08:00:00,402.364761281
10-30 09:00:00,602.27757685
10-30 10:00:00,734.4588132199999
10-30 11:00:00,780.033613925
10-30 12:00:00,738.31701865
10-30 13:00:00,606.46339025
10-30 14:00:00,428.339252103
10-30 15:00:00,238.80777785200002
10-30 16:00:00,94.654200845
10-30 17:00:00,0.0
10-30 18:00:00,0.0
10-30 19:00:00,0.0
10-30 20:00:00,0.0
10-30 21:00:00,0.0
10-30 22:00:00,0.0
10-30 23:00:00,0.0
10-31 00:00:00,0.0
10-31 01:00:00,0.0
10-31 02:00:00,0.0
10-31 03:00:00,0.0
10-31 04:00:00,0.0
10-31 05:00:00,0.0
10-31 06:00:00,67.57124423319999
10-31 07:00:00,195.58643059099998
10-31 08:00:00,402.364761281
10-31 09:00:00,602.27757685
10-31 10:00:00,734.4588132199999
10-31 11:00:00,780.033613925
10-31 12:00:00,738.31701865
10-31 13:00:00,606.46339025
10-31 14:00:00,428.339252103
10-31 15:00:00,238.80777785200002
10-31 16:00:00,94.654200845
10-31 17:00:00,0.0
10-31 18:00:00,0.0
10-31 19:00:00,0.0
10-31 20:00:00,0.0
10-31 21:00:00,0.0
10-31 22:00:00,0.0
10-31 23:00:00,0.0
11-01 00:00:00,0.0
11-01 01:00:00,0.0
11-01 02:00:00,0.0
11-01 03:00:00,0.0
11-01 04:00:00,0.0
11-01 05:00:00,0.0
11-01 06:00:00,0.0
11-01 07:00:00,94.14460156999999
11-01 08:00:00,230.86414420100002
11-01 09:00:00,376.533339521
11-01 10:00:00,492.11392631
11-01 11:00:00,547.998767025
11-01 12:00:00,528.045311145
11-01 13:00:00,416.240498717
11-01 14:00:00,262.30429732100004
11-01 15:00:00,117.851910034
11-01 16:00:00,0.0
11-01 17:00:00,0.0
11-01 18:00:00,0.0
11-01 19:00:00,0.0
11-01 20:00:00,0.0
11-01 21:00:00,0.0
11-01 22:00:00,0.0
11-01 23:00:00,0.0
11-02 00:00:00,0.0
11-02 01:00:00,0.0
11-02 02:00:00,0.0
11-02 03:00:00,0.0
11-02 04:00:00,0.0
11-02 05:00:00,0.0
11-02 06:00:00,0.0
11-02 07:00:00,94.14460156999999
11-02 08:00:00,230.86414420100002
11-02 09:00:00,376.533339521
11-02 10:00:00,492.11392631
11-02 11:00:00,547.998767025
11-02 12:00:00,528.045311145
11-02 13:00:00,416.240498717
11-02 14:00:00,262.30429732100004
11-02 15:00:00,117.851910034
11-02 16:00:00,0.0
11-02 17:00:00,0.0
11-02 18:00:00,0.0
11-02 19:00:00,0.0
11-02 20:00:00,0.0
11-02 21:00:00,0.0
11-02 22:00:00,0.0
11-02 23:00:00,0.0
11-03 00:00:00,0.0
11-03 01:00:00,0.0
11-03 02:00:00,0.0
11-03 03:00:00,0.0
11-03 04:00:00,0.0
11-03 05:00:00,0.0
11-03 06:00:00,0.0
11-03 07:00:00,94.14460156999999
11-03 08:00:00,230.86414420100002
11-03 09:00:00,376.533339521
11-03 10:00:00,492.11392631
11-03 11:00:00,547.998767025
11-03 12:00:00,528.045311145
11-03 13:00:00,416.240498717
11-03 14:00:00,262.30429732100004
11-03 15:00:00,117.851910034
11-03 16:00:00,0.0
11-03 17:00:00,0.0
11-03 18:00:00,0.0
11-03 19:00:00,0.0
11-03 20:00:00,0.0
11-03 21:00:00,0.0
11-03 22:00:00,0.0
11-03 23:00:00,0.0
11-04 00:00:00,0.0
11-04 01:00:00,0.0
11-04 02:00:00,0.0
11-04 03:00:00,0.0
11-04 04:00:00,0.0
11-04 05:00:00,0.0
11-04 06:00:00,0.0
11-04 07:00:00,94.14460156999999
11-04 08:00:00,230.86414420100002
11-04 09:00:00,376.533339521
11-04 10:00:00,492.11392631
11-04 11:00:00,547.998767025
11-04 12:00:00,528.045311145
11-04 13:00:00,416.240498717
11-04 14:00:00,262.30429732100004
11-04 15:00:00,117.851910034
11-04 16:00:00,0.0
11-04 17:00:00,0.0
11-04 18:00:00,0.0
11-04 19:00:00,0.0
11-04 20:00:00,0.0
11-04 21:00:00,0.0
11-04 22:00:00,0.0
11-04 23:00:00,0.0
11-05 00:00:00,0.0
11-05 01:00:00,0.0
11-05 02:00:00,0.0
11-05 03:00:00,0.0
11-05 04:00:00,0.0
11-05 05:00:00,0.0
11-05 06:00:00,0.0
11-05 07:00:00,94.14460156999999
11-05 08:00:00,230.86414420100002
11-05 09:00:00,376.533339521
11-05 10:00:00,492.11392631
11-05 11:00:00,547.998767025
11-05 12:00:00,528.045311145
11-05 13:00:00,416.240498717
11-05 14:00:00,262.30429732100004
11-05 15:00:00,117.851910034
11-05 16:00:00,0.0
11-05 17:00:00,0.0
11-05 18:00:00,0.0
11-05 19:00:00,0.0
11-05 20:00:00,0.0
11-05 21:00:00,0.0
11-05 22:00:00,0.0
11-05 23:00:00,0.0
11-06 00:00:00,0.0
11-06 01:00:00,0.0
11-06 02:00:00,0.0
11-06 03:00:00,0.0
11-06 04:00:00,0.0
11-06 05:00:00,0.0
11-06 06:00:00,0.0
11-06 07:00:00,94.14460156999999
11-06 08:00:00,230.86414420100002
11-06 09:00:00,376.533339521
11-06 10:00:00,492.11392631
11-06 11:00:00,547.998767025
11-06 12:00:00,528.045311145
11-06 13:00:00,416.240498717
11-06 14:00:00,262.30429732100004
11-06 15:00:00,117.851910034
11-06 16:00:00,0.0
11-06 17:00:00,0.0
11-06 18:00:00,0.0
11-06 19:00:00,0.0
11-06 20:00:00,0.0
11-06 21:00:00,0.0
11-06 22:00:00,0.0
11-06 23:00:00,0.0
11-07 00:00:00,0.0
11-07 01:00:00,0.0
11-07 02:00:00,0.0
11-07 03:00:00,0.0
11-07 04:00:00,0.0
11-07 05:00:00,0.0
11-07 06:00:00,0.0
11-07 07:00:00,94.14460156999999
11-07 08:00:00,230.86414420100002
11-07 09:00:00,376.533339521
11-07 10:00:00,492.11392631
11-07 11:00:00,547.998767025
11-07 12:00:00,528.045311145
11-07 13:00:00,416.240498717
11-07 14:00:00,262.30429732100004
11-07 15:00:00,117.851910034
11-07 16:00:00,0.0
11-07 17:00:00,0.0
11-07 18:00:00,0.0
11-07 19:00:00,0.0
11-07 20:00:00,0.0
11-07 21:00:00,0.0
11-07 22:00:00,0.0
11-07 23:00:00,0.0
11-08 00:00:00,0.0
11-08 01:00:00,0.0
11-08 02:00:00,0.0
11-08 03:00:00,0.0
11-08 04:00:00,0.0
11-08 05:00:00,0.0
11-08 06:00:00,0.0
11-08 07:00:00,94.14460156999999
11-08 08:00:00,230.86414420100002
11-08 09:00:00,376.533339521
11-08 10:00:00,492.11392631
11-08 11:00:00,547.998767025
11-08 12:00:00,528.045311145
11-08 13:00:00,416.240498717
11-08 14:00:00,262.30429732100004
11-08 15:00:00,117.851910034
11-08 16:00:00,0.0
11-08 17:00:00,0.0
11-08 18:00:00,0.0
11-08 19:00:00,0.0
11-08 20:00:00,0.0
11-08 21:00:00,0.0
11-08 22:00:00,0.0
11-08 23:00:00,0.0
11-09 00:00:00,0.0
11-09 01:00:00,0.0
11-09 02:00:00,0.0
11-09 03:00:00,0.0
11-09 04:00:00,0.0
11-09 05:00:00,0.0
11-09 06:00:00,0.0
11-09 07:00:00,94.14460156999999
11-09 08:00:00,230.86414420100002
11-09 09:00:00,376.533339521
11-09 10:00:00,492.11392631
11-09 11:00:00,547.998767025
11-09 12:00:00,528.045311145
11-09 13:00:00,416.240498717
11-09 14:00:00,262.30429732100004
11-09 15:00:00,117.851910034
11-09 16:00:00,0.0
11-09 17:00:00,0.0
11-09 18:00:00,0.0
11-09 19:00:00,0.0
11-09 20:00:00,0.0
11-09 21:00:00,0.0
11-09 22:00:00,0.0
11-09 23:00:00,0.0
11-10 00:00:00,0.0
11-10 01:00:00,0.0
11-10 02:00:00,0.0
11-10 03:00:00,0.0
11-10 04:00:00,0.0
11-10 05:00:00,0.0
11-10 06:00:00,0.0
11-10 07:00:00,94.14460156999999
11-10 08:00:00,230.86414420100002
11-10 09:00:00,376.533339521
11-10 10:00:00,492.11392631
11-10 11:00:00,547.998767025
11-10 12:00:00,528.045311145
11-10 13:00:00,416.240498717
11-10 14:00:00,262.30429732100004
11-10 15:00:00,117.851910034
11-10 16:00:00,0.0
11-10 17:00:00,0.0
11-10 18:00:00,0.0
11-10 19:00:00,0.0
11-10 20:00:00,0.0
11-10 21:00:00,0.0
11-10 22:00:00,0.0
11-10 23:00:00,0.0
11-11 00:00:00,0.0
11-11 01:00:00,0.0
11-11 02:00:00,0.0
11-11 03:00:00,0.0
11-11 04:00:00,0.0
11-11 05:00:00,0.0
11-11 06:00:00,0.0
11-11 07:00:00,94.14460156999999
11-11 08:00:00,230.86414420100002
11-11 09:00:00,376.533339521
11-11 10:00:00,492.11392631
11-11 11:00:00,547.998767025
11-11 12:00:00,528.045311145
11-11 13:00:00,416.240498717
11-11 14:00:00,262.30429732100004
11-11 15:00:00,117.851910034
11-11 16:00:00,0.0
11-11 17:00:00,0.0
11-11 18:00:00,0.0
11-11 19:00:00,0.0
11-11 20:00:00,0.0
11-11 21:00:00,0.0
11-11 22:00:00,0.0
11-11 23:00:00,0.0
11-12 00:00:00,0.0
11-12 01:00:00,0.0
11-12 02:00:00,0.0
11-12 03:00:00,0.0
11-12 04:00:00,0.0
11-12 05:00:00,0.0
11-12 06:00:00,0.0
11-12 07:00:00,94.14460156999999
11-12 08:00:00,230.86414420100002
11-12 09:00:00,376.533339521
11-12 10:00:00,492.11392631
11-12 11:00:00,547.998767025
11-12 12:00:00,528.045311145
11-12 13:00:00,416.240498717
11-12 14:00:00,262.30429732100004
11-12 15:00:00,117.851910034
11-12 16:00:00,0.0
11-12 17:00:00,0.0
11-12 18:00:00,0.0
11-12 19:00:00,0.0
11-12 20:00:00,0.0
11-12 21:00:00,0.0
11-12 22:00:00,0.0
11-12 23:00:00,0.0
11-13 00:00:00,0.0
11-13 01:00:00,0.0
11-13 02:00:00,0.0
11-13 03:00:00,0.0
11-13 04:00:00,0.0
11-13 05:00:00,0.0
11-13 06:00:00,0.0
11-13 07:00:00,94.14460156999999
11-13 08:00:00,230.86414420100002
11-13 09:00:00,376.533339521
11-13 10:00:00,492.11392631
11-13 11:00:00,547.998767025
11-13 12:00:00,528.045311145
11-13 13:00:00,416.240498717
11-13 14:00:00,262.30429732100004
11-13 15:00:00,117.851910034
11-13 16:00:00,0.0
11-13 17:00:00,0.0
11-13 18:00:00,0.0
11-13 19:00:00,0.0
11-13 20:00:00,0.0
11-13 21:00:00,0.0
11-13 22:00:00,0.0
11-13 23:00:00,0.0
11-14 00:00:00,0.0
11-14 01:00:00,0.0
11-14 02:00:00,0.0
11-14 03:00:00,0.0
11-14 04:00:00,0.0
11-14 05:00:00,0.0
11-14 06:00:00,0.0
11-14 07:00:00,94.14460156999999
11-14 08:00:00,230.86414420100002
11-14 09:00:00,376.533339521
11-14 10:00:00,492.11392631
11-14 11:00:00,547.998767025
11-14 12:00:00,528.045311145
11-14 13:00:00,416.240498717
11-14 14:00:00,262.30429732100004
11-14 15:00:00,117.851910034
11-14 16:00:00,0.0
11-14 17:00:00,0.0
11-14 18:00:00,0.0
11-14 19:00:00,0.0
11-14 20:00:00,0.0
11-14 21:00:00,0.0
11-14 22:00:00,0.0
11-14 23:00:00,0.0
11-15 00:00:00,0.0
11-15 01:00:00,0.0
11-15 02:00:00,0.0
11-15 03:00:00,0.0
11-15 04:00:00,0.0
11-15 05:00:00,0.0
11-15 06:00:00,0.0
11-15 07:00:00,94.14460156999999
11-15 08:00:00,230.86414420100002
11-15 09:00:00,376.533339521
11-15 10:00:00,492.11392631
11-15 11:00:00,547.998767025
11-15 12:00:00,528.045311145
11-15 13:00:00,416.240498717
11-15 14:00:00,262.30429732100004
11-15 15:00:00,117.851910034
11-15 16:00:00,0.0
11-15 17:00:00,0.0
11-15 18:00:00,0.0
11-15 19:00:00,0.0
11-15 20:00:00,0.0
11-15 21:00:00,0.0
11-15 22:00:00,0.0
11-15 23:00:00,0.0
11-16 00:00:00,0.0
11-16 01:00:00,0.0
11-16 02:00:00,0.0
11-16 03:00:00,0.0
11-16 04:00:00,0.0
11-16 05:00:00,0.0
11-16 06:00:00,0.0
11-16 07:00:00,94.14460156999999
11-16 08:00:00,230.86414420100002
11-16 09:00:00,376.533339521
11-16 10:00:00,492.11392631
11-16 11:00:00,547.998767025
11-16 12:00:00,528.045311145
11-16 13:00:00,416.240498717
11-16 14:00:00,262.30429732100004
11-16 15:00:00,117.851910034
11-16 16:00:00,0.0
11-16 17:00:00,0.0
11-16 18:00:00,0.0
11-16 19:00:00,0.0
11-16 20:00:00,0.0
11-16 21:00:00,0.0
11-16 22:00:00,0.0
11-16 23:00:00,0.0
11-17 00:00:00,0.0
11-17 01:00:00,0.0
11-17 02:00:00,0.0
11-17 03:00:00,0.0
11-17 04:00:00,0.0
11-17 05:00:00,0.0
11-17 06:00:00,0.0
11-17 07:00:00,94.14460156999999
11-17 08:00:00,230.86414420100002
11-17 09:00:00,376.533339521
11-17 10:00:00,492.11392631
11-17 11:00:00,547.998767025
11-17 12:00:00,528.045311145
11-17 13:00:00,416.240498717
11-17 14:00:00,262.30429732100004
11-17 15:00:00,117.851910034
11-17 16:00:00,0.0
11-17 17:00:00,0.0
11-17 18:00:00,0.0
11-17 19:00:00,0.0
11-17 20:00:00,0.0
11-17 21:00:00,0.0
11-17 22:00:00,0.0
11-17 23:00:00,0.0
11-18 00:00:00,0.0
11-18 01:00:00,0.0
11-18 02:00:00,0.0
11-18 03:00:00,0.0
11-18 04:00:00,0.0
11-18 05:00:00,0.0
11-18 06:00:00,0.0
11-18 07:00:00,94.14460156999999
11-18 08:00:00,230.86414420100002
11-18 09:00:00,376.533339521
11-18 10:00:00,492.11392631
11-18 11:00:00,547.998767025
11-18 12:00:00,528.045311145
11-18 13:00:00,416.240498717
11-18 14:00:00,262.30429732100004
11-18 15:00:00,117.851910034
11-18 16:00:00,0.0
11-18 17:00:00,0.0
11-18 18:00:00,0.0
11-18 19:00:00,0.0
11-18 20:00:00,0.0
11-18 21:00:00,0.0
11-18 22:00:00,0.0
11-18 23:00:00,0.0
11-19 00:00:00,0.0
11-19 01:00:00,0.0
11-19 02:00:00,0.0
11-19 03:00:00,0.0
11-19 04:00:00,0.0
11-19 05:00:00,0.0
11-19 06:00:00,0.0
11-19 07:00:00,94.14460156999999
11-19 08:00:00,230.86414420100002
11-19 09:00:00,376.533339521
11-19 10:00:00,492.11392631
11-19 11:00:00,547.998767025
11-19 12:00:00,528.045311145
11-19 13:00:00,416.240498717
11-19 14:00:00,262.30429732100004
11-19 15:00:00,117.851910034
11-19 16:00:00,0.0
11-19 17:00:00,0.0
11-19 18:00:00,0.0
11-19 19:00:00,0.0
11-19 20:00:00,0.0
11-19 21:00:00,0.0
11-19 22:00:00,0.0
11-19 23:00:00,0.0
11-20 00:00:00,0.0
11-20 01:00:00,0.0
11-20 02:00:00,0.0
11-20 03:00:00,0.0
11-20 04:00:00,0.0
11-20 05:00:00,0.0
11-20 06:00:00,0.0
11-20 07:00:00,94.14460156999999
11-20 08:00:00,230.86414420100002
11-20 09:00:00,376.533339521
11-20 10:00:00,492.11392631
11-20 11:00:00,547.998767025
11-20 12:00:00,528.045311145
11-20 13:00:00,416.240498717
11-20 14:00:00,262.30429732100004
11-20 15:00:00,117.851910034
11-20 16:00:00,0.0
11-20 17:00:00,0.0
11-20 18:00:00,0.0
11-20 19:00:00,0.0
11-20 20:00:00,0.0
11-20 21:00:00,0.0
11-20 22:00:00,0.0
11-20 23:00:00,0.0
11-21 00:00:00,0.0
11-21 01:00:00,0.0
11-21 02:00:00,0.0
11-21 03:00:00,0.0
11-21 04:00:00,0.0
11-21 05:00:00,0.0
11-21 06:00:00,0.0
11-21 07:00:00,94.14460156999999
11-21 08:00:00,230.86414420100002
11-21 09:00:00,376.533339521
11-21 10:00:00,492.11392631
11-21 11:00:00,547.998767025
11-21 12:00:00,528.045311145
11-21 13:00:00,416.240498717
11-21 14:00:00,262.30429732100004
11-21 15:00:00,117.851910034
11-21 16:00:00,0.0
11-21 17:00:00,0.0
11-21 18:00:00,0.0
11-21 19:00:00,0.0
11-21 20:00:00,0.0
11-21 21:00:00,0.0
11-21 22:00:00,0.0
11-21 23:00:00,0.0
11-22 00:00:00,0.0
11-22 01:00:00,0.0
11-22 02:00:00,0.0
11-22 03:00:00,0.0
11-22 04:00:00,0.0
11-22 05:00:00,0.0
11-22 06:00:00,0.0
11-22 07:00:00,94.14460156999999
11-22 08:00:00,230.86414420100002
11-22 09:00:00,376.533339521
11-22 10:00:00,492.11392631
11-22 11:00:00,547.998767025
11-22 12:00:00,528.045311145
11-22 13:00:00,416.240498717
11-22 14:00:00,262.30429732100004
11-22 15:00:00,117.851910034
11-22 16:00:00,0.0
11-22 17:00:00,0.0
11-22 18:00:00,0.0
11-22 19:00:00,0.0
11-22 20:00:00,0.0
11-22 21:00:00,0.0
11-22 22:00:00,0.0
11-22 23:00:00,0.0
11-23 00:00:00,0.0
11-23 01:00:00,0.0
11-23 02:00:00,0.0
11-23 03:00:00,0.0
11-23 04:00:00,0.0
11-23 05:00:00,0.0
11-23 06:00:00,0.0
11-23 07:00:00,94.14460156999999
11-23 08:00:00,230.86414420100002
11-23 09:00:00,376.533339521
11-23 10:00:00,492.11392631
11-23 11:00:00,547.998767025
11-23 12:00:00,528.045311145
11-23 13:00:00,416.240498717
11-23 14:00:00,262.30429732100004
11-23 15:00:00,117.851910034
11-23 16:00:00,0.0
11-23 17:00:00,0.0
11-23 18:00:00,0.0
11-23 19:00:00,0.0
11-23 20:00:00,0.0
11-23 21:00:00,0.0
11-23 22:00:00,0.0
11-23 23:00:00,0.0
11-24 00:00:00,0.0
11-24 01:00:00,0.0
11-24 02:00:00,0.0
11-24 03:00:00,0.0
11-24 04:00:00,0.0
11-24 05:00:00,0.0
11-24 06:00:00,0.0
11-24 07:00:00,94.14460156999999
11-24 08:00:00,230.86414420100002
11-24 09:00:00,376.533339521
11-24 10:00:00,492.11392631
11-24 11:00:00,547.998767025
11-24 12:00:00,528.045311145
11-24 13:00:00,416.240498717
11-24 14:00:00,262.30429732100004
11-24 15:00:00,117.851910034
11-24 16:00:00,0.0
11-24 17:00:00,0.0
11-24 18:00:00,0.0
11-24 19:00:00,0.0
11-24 20:00:00,0.0
11-24 21:00:00,0.0
11-24 22:00:00,0.0
11-24 23:00:00,0.0
11-25 00:00:00,0.0
11-25 01:00:00,0.0
11-25 02:00:00,0.0
11-25 03:00:00,0.0
11-25 04:00:00,0.0
11-25 05:00:00,0.0
11-25 06:00:00,0.0
11-25 07:00:00,94.14460156999999
11-25 08:00:00,230.86414420100002
11-25 09:00:00,376.533339521
11-25 10:00:00,492.11392631
11-25 11:00:00,547.998767025
11-25 12:00:00,528.045311145
11-25 13:00:00,416.240498717
11-25 14:00:00,262.30429732100004
11-25 15:00:00,117.851910034
11-25 16:00:00,0.0
11-25 17:00:00,0.0
11-25 18:00:00,0.0
11-25 19:00:00,0.0
11-25 20:00:00,0.0
11-25 21:00:00,0.0
11-25 22:00:00,0.0
11-25 23:00:00,0.0
11-26 00:00:00,0.0
11-26 01:00:00,0.0
11-26 02:00:00,0.0
11-26 03:00:00,0.0
11-26 04:00:00,0.0
11-26 05:00:00,0.0
11-26 06:00:00,0.0
11-26 07:00:00,94.14460156999999
11-26 08:00:00,230.86414420100002
11-26 09:00:00,376.533339521
11-26 10:00:00,492.11392631
11-26 11:00:00,547.998767025
11-26 12:00:00,528.045311145
11-26 13:00:00,416.240498717
11-26 14:00:00,262.30429732100004
11-26 15:00:00,117.851910034
11-26 16:00:00,0.0
11-26 17:00:00,0.0
11-26 18:00:00,0.0
11-26 19:00:00,0.0
11-26 20:00:00,0.0
11-26 21:00:00,0.0
11-26 22:00:00,0.0
11-26 23:00:00,0.0
11-27 00:00:00,0.0
11-27 01:00:00,0.0
11-27 02:00:00,0.0
11-27 03:00:00,0.0
11-27 04:00:00,0.0
11-27 05:00:00,0.0
11-27 06:00:00,0.0
11-27 07:00:00,94.14460156999999
11-27 08:00:00,230.86414420100002
11-27 09:00:00,376.533339521
11-27 10:00:00,492.11392631
11-27 11:00:00,547.998767025
11-27 12:00:00,528.045311145
11-27 13:00:00,416.240498717
11-27 14:00:00,262.30429732100004
11-27 15:00:00,117.851910034
11-27 16:00:00,0.0
11-27 17:00:00,0.0
11-27 18:00:00,0.0
11-27 19:00:00,0.0
11-27 20:00:00,0.0
11-27 21:00:00,0.0
11-27 22:00:00,0.0
11-27 23:00:00,0.0
11-28 00:00:00,0.0
11-28 01:00:00,0.0
11-28 02:00:00,0.0
11-28 03:00:00,0.0
11-28 04:00:00,0.0
11-28 05:00:00,0.0
11-28 06:00:00,0.0
11-28 07:00:00,94.14460156999999
11-28 08:00:00,230.86414420100002
11-28 09:00:00,376.533339521
11-28 10:00:00,492.11392631
11-28 11:00:00,547.998767025
11-28 12:00:00,528.045311145
11-28 13:00:00,416.240498717
11-28 14:00:00,262.30429732100004
11-28 15:00:00,117.851910034
11-28 16:00:00,0.0
11-28 17:00:00,0.0
11-28 18:00:00,0.0
11-28 19:00:00,0.0
11-28 20:00:00,0.0
11-28 21:00:00,0.0
11-28 22:00:00,0.0
11-28 23:00:00,0.0
11-29 00:00:00,0.0
11-29 01:00:00,0.0
11-29 02:00:00,0.0
11-29 03:00:00,0.0
11-29 04:00:00,0.0
11-29 05:00:00,0.0
11-29 06:00:00,0.0
11-29 07:00:00,94.14460156999999
11-29 08:00:00,230.86414420100002
11-29 09:00:00,376.533339521
11-29 10:00:00,492.11392631
11-29 11:00:00,547.998767025
11-29 12:00:00,528.045311145
11-29 13:00:00,416.240498717
11-29 14:00:00,262.30429732100004
11-29 15:00:00,117.851910034
11-29 16:00:00,0.0
11-29 17:00:00,0.0
11-29 18:00:00,0.0
11-29 19:00:00,0.0
11-29 20:00:00,0.0
11-29 21:00:00,0.0
11-29 22:00:00,0.0
11-29 23:00:00,0.0
11-30 00:00:00,0.0
11-30 01:00:00,0.0
11-30 02:00:00,0.0
11-30 03:00:00,0.0
11-30 04:00:00,0.0
11-30 05:00:00,0.0
11-30 06:00:00,0.0
11-30 07:00:00,94.14460156999999
11-30 08:00:00,230.86414420100002
11-30 09:00:00,376.533339521
11-30 10:00:00,492.11392631
11-30 11:00:00,547.998767025
11-30 12:00:00,528.045311145
11-30 13:00:00,416.240498717
11-30 14:00:00,262.30429732100004
11-30 15:00:00,117.851910034
11-30 16:00:00,0.0
11-30 17:00:00,0.0
11-30 18:00:00,0.0
11-30 19:00:00,0.0
11-30 20:00:00,0.0
11-30 21:00:00,0.0
11-30 22:00:00,0.0
11-30 23:00:00,0.0
12-01 00:00:00,0.0
12-01 01:00:00,0.0
12-01 02:00:00,0.0
12-01 03:00:00,0.0
12-01 04:00:00,0.0
12-01 05:00:00,0.0
12-01 06:00:00,0.0
12-01 07:00:00,0.0
12-01 08:00:00,140.310801588
12-01 09:00:00,271.502951337
12-01 10:00:00,381.17094877899996
12-01 11:00:00,435.677412486
12-01 12:00:00,416.812224154
12-01 13:00:00,315.90076731199997
12-01 14:00:00,187.054558545
12-01 15:00:00,77.0609018295
12-01 16:00:00,0.0
12-01 17:00:00,0.0
12-01 18:00:00,0.0
12-01 19:00:00,0.0
12-01 20:00:00,0.0
12-01 21:00:00,0.0
12-01 22:00:00,0.0
12-01 23:00:00,0.0
12-02 00:00:00,0.0
12-02 01:00:00,0.0
12-02 02:00:00,0.0
12-02 03:00:00,0.0
12-02 04:00:00,0.0
12-02 05:00:00,0.0
12-02 06:00:00,0.0
12-02 07:00:00,0.0
12-02 08:00:00,140.310801588
12-02 09:00:00,271.502951337
12-02 10:00:00,381.17094877899996
12-02 11:00:00,435.677412486
12-02 12:00:00,416.812224154
12-02 13:00:00,315.90076731199997
12-02 14:00:00,187.054558545
12-02 15:00:00,77.0609018295
12-02 16:00:00,0.0
12-02 17:00:00,0.0
12-02 18:00:00,0.0
12-02 19:00:00,0.0
12-02 20:00:00,0.0
12-02 21:00:00,0.0
12-02 22:00:00,0.0
12-02 23:00:00,0.0
12-03 00:00:00,0.0
12-03 01:00:00,0.0
12-03 02:00:00,0.0
12-03 03:00:00,0.0
12-03 04:00:00,0.0
12-03 05:00:00,0.0
12-03 06:00:00,0.0
12-03 07:00:00,0.0
12-03 08:00:00,140.310801588
12-03 09:00:00,271.502951337
12-03 10:00:00,381.17094877899996
12-03 11:00:00,435.677412486
12-03 12:00:00,416.812224154
12-03 13:00:00,315.90076731199997
12-03 14:00:00,187.054558545
12-03 15:00:00,77.0609018295
12-03 16:00:00,0.0
12-03 17:00:00,0.0
12-03 18:00:00,0.0
12-03 19:00:00,0.0
12-03 20:00:00,0.0
12-03 21:00:00,0.0
12-03 22:00:00,0.0
12-03 23:00:00,0.0
12-04 00:00:00,0.0
12-04 01:00:00,0.0
12-04 02:00:00,0.0
12-04 03:00:00,0.0
12-04 04:00:00,0.0
12-04 05:00:00,0.0
12-04 06:00:00,0.0
12-04 07:00:00,0.0
12-04 08:00:00,140.310801588
12-04 09:00:00,271.502951337
12-04 10:00:00,381.17094877899996
12-04 11:00:00,435.677412486
12-04 12:00:00,416.812224154
12-04 13:00:00,315.90076731199997
12-04 14:00:00,187.054558545
12-04 15:00:00,77.0609018295
12-04 16:00:00,0.0
12-04 17:00:00,0.0
12-04 18:00:00,0.0
12-04 19:00:00,0.0
12-04 20:00:00,0.0
12-04 21:00:00,0.0
12-04 22:00:00,0.0
12-04 23:00:00,0.0
12-05 00:00:00,0.0
12-05 01:00:00,0.0
12-05 02:00:00,0.0
12-05 03:00:00,0.0
12-05 04:00:00,0.0
12-05 05:00:00,0.0
12-05 06:00:00,0.0
12-05 07:00:00,0.0
12-05 08:00:00,140.310801588
12-05 09:00:00,271.502951337
12-05 10:00:00,381.17094877899996
12-05 11:00:00,435.677412486
12-05 12:00:00,416.812224154
12-05 13:00:00,315.90076731199997
12-05 14:00:00,187.054558545
12-05 15:00:00,77.0609018295
12-05 16:00:00,0.0
12-05 17:00:00,0.0
12-05 18:00:00,0.0
12-05 19:00:00,0.0
12-05 20:00:00,0.0
12-05 21:00:00,0.0
12-05 22:00:00,0.0
12-05 23:00:00,0.0
12-06 00:00:00,0.0
12-06 01:00:00,0.0
12-06 02:00:00,0.0
12-06 03:00:00,0.0
12-06 04:00:00,0.0
12-06 05:00:00,0.0
12-06 06:00:00,0.0
12-06 07:00:00,0.0
12-06 08:00:00,140.310801588
12-06 09:00:00,271.502951337
12-06 10:00:00,381.17094877899996
12-06 11:00:00,435.677412486
12-06 12:00:00,416.812224154
12-06 13:00:00,315.90076731199997
12-06 14:00:00,187.054558545
12-06 15:00:00,77.0609018295
12-06 16:00:00,0.0
12-06 17:00:00,0.0
12-06 18:00:00,0.0
12-06 19:00:00,0.0
12-06 20:00:00,0.0
12-06 21:00:00,0.0
12-06 22:00:00,0.0
12-06 23:00:00,0.0
12-07 00:00:00,0.0
12-07 01:00:00,0.0
12-07 02:00:00,0.0
12-07 03:00:00,0.0
12-07 04:00:00,0.0
12-07 05:00:00,0.0
12-07 06:00:00,0.0
12-07 07:00:00,0.0
12-07 08:00:00,140.310801588
12-07 09:00:00,271.502951337
12-07 10:00:00,381.17094877899996
12-07 11:00:00,435.677412486
12-07 12:00:00,416.812224154
12-07 13:00:00,315.90076731199997
12-07 14:00:00,187.054558545
12-07 15:00:00,77.0609018295
12-07 16:00:00,0.0
12-07 17:00:00,0.0
12-07 18:00:00,0.0
12-07 19:00:00,0.0
12-07 20:00:00,0.0
12-07 21:00:00,0.0
12-07 22:00:00,0.0
12-07 23:00:00,0.0
12-08 00:00:00,0.0
12-08 01:00:00,0.0
12-08 02:00:00,0.0
12-08 03:00:00,0.0
12-08 04:00:00,0.0
12-08 05:00:00,0.0
12-08 06:00:00,0.0
12-08 07:00:00,0.0
12-08 08:00:00,140.310801588
12-08 09:00:00,271.502951337
12-08 10:00:00,381.17094877899996
12-08 11:00:00,435.677412486
12-08 12:00:00,416.812224154
12-08 13:00:00,315.90076731199997
12-08 14:00:00,187.054558545
12-08 15:00:00,77.0609018295
12-08 16:00:00,0.0
12-08 17:00:00,0.0
12-08 18:00:00,0.0
12-08 19:00:00,0.0
12-08 20:00:00,0.0
12-08 21:00:00,0.0
12-08 22:00:00,0.0
12-08 23:00:00,0.0
12-09 00:00:00,0.0
12-09 01:00:00,0.0
12-09 02:00:00,0.0
12-09 03:00:00,0.0
12-09 04:00:00,0.0
12-09 05:00:00,0.0
12-09 06:00:00,0.0
12-09 07:00:00,0.0
12-09 08:00:00,140.310801588
12-09 09:00:00,271.502951337
12-09 10:00:00,381.17094877899996
12-09 11:00:00,435.677412486
12-09 12:00:00,416.812224154
12-09 13:00:00,315.90076731199997
12-09 14:00:00,187.054558545
12-09 15:00:00,77.0609018295
12-09 16:00:00,0.0
12-09 17:00:00,0.0
12-09 18:00:00,0.0
12-09 19:00:00,0.0
12-09 20:00:00,0.0
12-09 21:00:00,0.0
12-09 22:00:00,0.0
12-09 23:00:00,0.0
12-10 00:00:00,0.0
12-10 01:00:00,0.0
12-10 02:00:00,0.0
12-10 03:00:00,0.0
12-10 04:00:00,0.0
12-10 05:00:00,0.0
12-10 06:00:00,0.0
12-10 07:00:00,0.0
12-10 08:00:00,140.310801588
12-10 09:00:00,271.502951337
12-10 10:00:00,381.17094877899996
12-10 11:00:00,435.677412486
12-10 12:00:00,416.812224154
12-10 13:00:00,315.90076731199997
12-10 14:00:00,187.054558545
12-10 15:00:00,77.0609018295
12-10 16:00:00,0.0
12-10 17:00:00,0.0
12-10 18:00:00,0.0
12-10 19:00:00,0.0
12-10 20:00:00,0.0
12-10 21:00:00,0.0
12-10 22:00:00,0.0
12-10 23:00:00,0.0
12-11 00:00:00,0.0
12-11 01:00:00,0.0
12-11 02:00:00,0.0
12-11 03:00:00,0.0
12-11 04:00:00,0.0
12-11 05:00:00,0.0
12-11 06:00:00,0.0
12-11 07:00:00,0.0
12-11 08:00:00,140.310801588
12-11 09:00:00,271.502951337
12-11 10:00:00,381.17094877899996
12-11 11:00:00,435.677412486
12-11 12:00:00,416.812224154
12-11 13:00:00,315.90076731199997
12-11 14:00:00,187.054558545
12-11 15:00:00,77.0609018295
12-11 16:00:00,0.0
12-11 17:00:00,0.0
12-11 18:00:00,0.0
12-11 19:00:00,0.0
12-11 20:00:00,0.0
12-11 21:00:00,0.0
12-11 22:00:00,0.0
12-11 23:00:00,0.0
12-12 00:00:00,0.0
12-12 01:00:00,0.0
12-12 02:00:00,0.0
12-12 03:00:00,0.0
12-12 04:00:00,0.0
12-12 05:00:00,0.0
12-12 06:00:00,0.0
12-12 07:00:00,0.0
12-12 08:00:00,140.310801588
12-12 09:00:00,271.502951337
12-12 10:00:00,381.17094877899996
12-12 11:00:00,435.677412486
12-12 12:00:00,416.812224154
12-12 13:00:00,315.90076731199997
12-12 14:00:00,187.054558545
12-12 15:00:00,77.0609018295
12-12 16:00:00,0.0
12-12 17:00:00,0.0
12-12 18:00:00,0.0
12-12 19:00:00,0.0
12-12 20:00:00,0.0
12-12 21:00:00,0.0
12-12 22:00:00,0.0
12-12 23:00:00,0.0
12-13 00:00:00,0.0
12-13 01:00:00,0.0
12-13 02:00:00,0.0
12-13 03:00:00,0.0
12-13 04:00:00,0.0
12-13 05:00:00,0.0
12-13 06:00:00,0.0
12-13 07:00:00,0.0
12-13 08:00:00,140.310801588
12-13 09:00:00,271.502951337
12-13 10:00:00,381.17094877899996
12-13 11:00:00,435.677412486
12-13 12:00:00,416.812224154
12-13 13:00:00,315.90076731199997
12-13 14:00:00,187.054558545
12-13 15:00:00,77.0609018295
12-13 16:00:00,0.0
12-13 17:00:00,0.0
12-13 18:00:00,0.0
12-13 19:00:00,0.0
12-13 20:00:00,0.0
12-13 21:00:00,0.0
12-13 22:00:00,0.0
12-13 23:00:00,0.0
12-14 00:00:00,0.0
12-14 01:00:00,0.0
12-14 02:00:00,0.0
12-14 03:00:00,0.0
12-14 04:00:00,0.0
12-14 05:00:00,0.0
12-14 06:00:00,0.0
12-14 07:00:00,0.0
12-14 08:00:00,140.310801588
12-14 09:00:00,271.502951337
12-14 10:00:00,381.17094877899996
12-14 11:00:00,435.677412486
12-14 12:00:00,416.812224154
12-14 13:00:00,315.90076731199997
12-14 14:00:00,187.054558545
12-14 15:00:00,77.0609018295
12-14 16:00:00,0.0
12-14 17:00:00,0.0
12-14 18:00:00,0.0
12-14 19:00:00,0.0
12-14 20:00:00,0.0
12-14 21:00:00,0.0
12-14 22:00:00,0.0
12-14 23:00:00,0.0
12-15 00:00:00,0.0
12-15 01:00:00,0.0
12-15 02:00:00,0.0
12-15 03:00:00,0.0
12-15 04:00:00,0.0
12-15 05:00:00,0.0
12-15 06:00:00,0.0
12-15 07:00:00,0.0
12-15 08:00:00,140.310801588
12-15 09:00:00,271.502951337
12-15 10:00:00,381.17094877899996
12-15 11:00:00,435.677412486
12-15 12:00:00,416.812224154
12-15 13:00:00,315.90076731199997
12-15 14:00:00,187.054558545
12-15 15:00:00,77.0609018295
12-15 16:00:00,0.0
12-15 17:00:00,0.0
12-15 18:00:00,0.0
12-15 19:00:00,0.0
12-15 20:00:00,0.0
12-15 21:00:00,0.0
12-15 22:00:00,0.0
12-15 23:00:00,0.0
12-16 00:00:00,0.0
12-16 01:00:00,0.0
12-16 02:00:00,0.0
12-16 03:00:00,0.0
12-16 04:00:00,0.0
12-16 05:00:00,0.0
12-16 06:00:00,0.0
12-16 07:00:00,0.0
12-16 08:00:00,140.310801588
12-16 09:00:00,271.502951337
12-16 10:00:00,381.17094877899996
12-16 11:00:00,435.677412486
12-16 12:00:00,416.812224154
12-16 13:00:00,315.90076731199997
12-16 14:00:00,187.054558545
12-16 15:00:00,77.0609018295
12-16 16:00:00,0.0
12-16 17:00:00,0.0
12-16 18:00:00,0.0
12-16 19:00:00,0.0
12-16 20:00:00,0.0
12-16 21:00:00,0.0
12-16 22:00:00,0.0
12-16 23:00:00,0.0
12-17 00:00:00,0.0
12-17 01:00:00,0.0
12-17 02:00:00,0.0
12-17 03:00:00,0.0
12-17 04:00:00,0.0
12-17 05:00:00,0.0
12-17 06:00:00,0.0
12-17 07:00:00,0.0
12-17 08:00:00,140.310801588
12-17 09:00:00,271.502951337
12-17 10:00:00,381.17094877899996
12-17 11:00:00,435.677412486
12-17 12:00:00,416.812224154
12-17 13:00:00,315.90076731199997
12-17 14:00:00,187.054558545
12-17 15:00:00,77.0609018295
12-17 16:00:00,0.0
12-17 17:00:00,0.0
12-17 18:00:00,0.0
12-17 19:00:00,0.0
12-17 20:00:00,0.0
12-17 21:00:00,0.0
12-17 22:00:00,0.0
12-17 23:00:00,0.0
12-18 00:00:00,0.0
12-18 01:00:00,0.0
12-18 02:00:00,0.0
12-18 03:00:00,0.0
12-18 04:00:00,0.0
12-18 05:00:00,0.0
12-18 06:00:00,0.0
12-18 07:00:00,0.0
12-18 08:00:00,140.310801588
12-18 09:00:00,271.502951337
12-18 10:00:00,381.17094877899996
12-18 11:00:00,435.677412486
12-18 12:00:00,416.812224154
12-18 13:00:00,315.90076731199997
12-18 14:00:00,187.054558545
12-18 15:00:00,77.0609018295
12-18 16:00:00,0.0
12-18 17:00:00,0.0
12-18 18:00:00,0.0
12-18 19:00:00,0.0
12-18 20:00:00,0.0
12-18 21:00:00,0.0
12-18 22:00:00,0.0
12-18 23:00:00,0.0
12-19 00:00:00,0.0
12-19 01:00:00,0.0
12-19 02:00:00,0.0
12-19 03:00:00,0.0
12-19 04:00:00,0.0
12-19 05:00:00,0.0
12-19 06:00:00,0.0
12-19 07:00:00,0.0
12-19 08:00:00,140.310801588
12-19 09:00:00,271.502951337
12-19 10:00:00,381.17094877899996
12-19 11:00:00,435.677412486
12-19 12:00:00,416.812224154
12-19 13:00:00,315.90076731199997
12-19 14:00:00,187.054558545
12-19 15:00:00,77.0609018295
12-19 16:00:00,0.0
12-19 17:00:00,0.0
12-19 18:00:00,0.0
12-19 19:00:00,0.0
12-19 20:00:00,0.0
12-19 21:00:00,0.0
12-19 22:00:00,0.0
12-19 23:00:00,0.0
12-20 00:00:00,0.0
12-20 01:00:00,0.0
12-20 02:00:00,0.0
12-20 03:00:00,0.0
12-20 04:00:00,0.0
12-20 05:00:00,0.0
12-20 06:00:00,0.0
12-20 07:00:00,0.0
12-20 08:00:00,140.310801588
12-20 09:00:00,271.502951337
12-20 10:00:00,381.17094877899996
12-20 11:00:00,435.677412486
12-20 12:00:00,416.812224154
12-20 13:00:00,315.90076731199997
12-20 14:00:00,187.054558545
12-20 15:00:00,77.0609018295
12-20 16:00:00,0.0
12-20 17:00:00,0.0
12-20 18:00:00,0.0
12-20 19:00:00,0.0
12-20 20:00:00,0.0
12-20 21:00:00,0.0
12-20 22:00:00,0.0
12-20 23:00:00,0.0
12-21 00:00:00,0.0
12-21 01:00:00,0.0
12-21 02:00:00,0.0
12-21 03:00:00,0.0
12-21 04:00:00,0.0
12-21 05:00:00,0.0
12-21 06:00:00,0.0
12-21 07:00:00,0.0
12-21 08:00:00,140.310801588
12-21 09:00:00,271.502951337
12-21 10:00:00,381.17094877899996
12-21 11:00:00,435.677412486
12-21 12:00:00,416.812224154
12-21 13:00:00,315.90076731199997
12-21 14:00:00,187.054558545
12-21 15:00:00,77.0609018295
12-21 16:00:00,0.0
12-21 17:00:00,0.0
12-21 18:00:00,0.0
12-21 19:00:00,0.0
12-21 20:00:00,0.0
12-21 21:00:00,0.0
12-21 22:00:00,0.0
12-21 23:00:00,0.0
12-22 00:00:00,0.0
12-22 01:00:00,0.0
12-22 02:00:00,0.0
12-22 03:00:00,0.0
12-22 04:00:00,0.0
12-22 05:00:00,0.0
12-22 06:00:00,0.0
12-22 07:00:00,0.0
12-22 08:00:00,140.310801588
12-22 09:00:00,271.502951337
12-22 10:00:00,381.17094877899996
12-22 11:00:00,435.677412486
12-22 12:00:00,416.812224154
12-22 13:00:00,315.90076731199997
12-22 14:00:00,187.054558545
12-22 15:00:00,77.0609018295
12-22 16:00:00,0.0
12-22 17:00:00,0.0
12-22 18:00:00,0.0
12-22 19:00:00,0.0
12-22 20:00:00,0.0
12-22 21:00:00,0.0
12-22 22:00:00,0.0
12-22 23:00:00,0.0
12-23 00:00:00,0.0
12-23 01:00:00,0.0
12-23 02:00:00,0.0
12-23 03:00:00,0.0
12-23 04:00:00,0.0
12-23 05:00:00,0.0
12-23 06:00:00,0.0
12-23 07:00:00,0.0
12-23 08:00:00,140.310801588
12-23 09:00:00,271.502951337
12-23 10:00:00,381.17094877899996
12-23 11:00:00,435.677412486
12-23 12:00:00,416.812224154
12-23 13:00:00,315.90076731199997
12-23 14:00:00,187.054558545
12-23 15:00:00,77.0609018295
12-23 16:00:00,0.0
12-23 17:00:00,0.0
12-23 18:00:00,0.0
12-23 19:00:00,0.0
12-23 20:00:00,0.0
12-23 21:00:00,0.0
12-23 22:00:00,0.0
12-23 23:00:00,0.0
12-24 00:00:00,0.0
12-24 01:00:00,0.0
12-24 02:00:00,0.0
12-24 03:00:00,0.0
12-24 04:00:00,0.0
12-24 05:00:00,0.0
12-24 06:00:00,0.0
12-24 07:00:00,0.0
12-24 08:00:00,140.310801588
12-24 09:00:00,271.502951337
12-24 10:00:00,381.17094877899996
12-24 11:00:00,435.677412486
12-24 12:00:00,416.812224154
12-24 13:00:00,315.90076731199997
12-24 14:00:00,187.054558545
12-24 15:00:00,77.0609018295
12-24 16:00:00,0.0
12-24 17:00:00,0.0
12-24 18:00:00,0.0
12-24 19:00:00,0.0
12-24 20:00:00,0.0
12-24 21:00:00,0.0
12-24 22:00:00,0.0
12-24 23:00:00,0.0
12-25 00:00:00,0.0
12-25 01:00:00,0.0
12-25 02:00:00,0.0
12-25 03:00:00,0.0
12-25 04:00:00,0.0
12-25 05:00:00,0.0
12-25 06:00:00,0.0
12-25 07:00:00,0.0
12-25 08:00:00,140.310801588
12-25 09:00:00,271.502951337
12-25 10:00:00,381.17094877899996
12-25 11:00:00,435.677412486
12-25 12:00:00,416.812224154
12-25 13:00:00,315.90076731199997
12-25 14:00:00,187.054558545
12-25 15:00:00,77.0609018295
12-25 16:00:00,0.0
12-25 17:00:00,0.0
12-25 18:00:00,0.0
12-25 19:00:00,0.0
12-25 20:00:00,0.0
12-25 21:00:00,0.0
12-25 22:00:00,0.0
12-25 23:00:00,0.0
12-26 00:00:00,0.0
12-26 01:00:00,0.0
12-26 02:00:00,0.0
12-26 03:00:00,0.0
12-26 04:00:00,0.0
12-26 05:00:00,0.0
12-26 06:00:00,0.0
12-26 07:00:00,0.0
12-26 08:00:00,140.310801588
12-26 09:00:00,271.502951337
12-26 10:00:00,381.17094877899996
12-26 11:00:00,435.677412486
12-26 12:00:00,416.812224154
12-26 13:00:00,315.90076731199997
12-26 14:00:00,187.054558545
12-26 15:00:00,77.0609018295
12-26 16:00:00,0.0
12-26 17:00:00,0.0
12-26 18:00:00,0.0
12-26 19:00:00,0.0
12-26 20:00:00,0.0
12-26 21:00:00,0.0
12-26 22:00:00,0.0
12-26 23:00:00,0.0
12-27 00:00:00,0.0
12-27 01:00:00,0.0
12-27 02:00:00,0.0
12-27 03:00:00,0.0
12-27 04:00:00,0.0
12-27 05:00:00,0.0
12-27 06:00:00,0.0
12-27 07:00:00,0.0
12-27 08:00:00,140.310801588
12-27 09:00:00,271.502951337
12-27 10:00:00,381.17094877899996
12-27 11:00:00,435.677412486
12-27 12:00:00,416.812224154
12-27 13:00:00,315.90076731199997
12-27 14:00:00,187.054558545
12-27 15:00:00,77.0609018295
12-27 16:00:00,0.0
12-27 17:00:00,0.0
12-27 18:00:00,0.0
12-27 19:00:00,0.0
12-27 20:00:00,0.0
12-27 21:00:00,0.0
12-27 22:00:00,0.0
12-27 23:00:00,0.0
12-28 00:00:00,0.0
12-28 01:00:00,0.0
12-28 02:00:00,0.0
12-28 03:00:00,0.0
12-28 04:00:00,0.0
12-28 05:00:00,0.0
12-28 06:00:00,0.0
12-28 07:00:00,0.0
12-28 08:00:00,140.310801588
12-28 09:00:00,271.502951337
12-28 10:00:00,381.17094877899996
12-28 11:00:00,435.677412486
12-28 12:00:00,416.812224154
12-28 13:00:00,315.90076731199997
12-28 14:00:00,187.054558545
12-28 15:00:00,77.0609018295
12-28 16:00:00,0.0
12-28 17:00:00,0.0
12-28 18:00:00,0.0
12-28 19:00:00,0.0
12-28 20:00:00,0.0
12-28 21:00:00,0.0
12-28 22:00:00,0.0
12-28 23:00:00,0.0
12-29 00:00:00,0.0
12-29 01:00:00,0.0
12-29 02:00:00,0.0
12-29 03:00:00,0.0
12-29 04:00:00,0.0
12-29 05:00:00,0.0
12-29 06:00:00,0.0
12-29 07:00:00,0.0
12-29 08:00:00,140.310801588
12-29 09:00:00,271.502951337
12-29 10:00:00,381.17094877899996
12-29 11:00:00,435.677412486
12-29 12:00:00,416.812224154
12-29 13:00:00,315.90076731199997
12-29 14:00:00,187.054558545
12-29 15:00:00,77.0609018295
12-29 16:00:00,0.0
12-29 17:00:00,0.0
12-29 18:00:00,0.0
12-29 19:00:00,0.0
12-29 20:00:00,0.0
12-29 21:00:00,0.0
12-29 22:00:00,0.0
12-29 23:00:00,0.0
12-30 00:00:00,0.0
12-30 01:00:00,0.0
12-30 02:00:00,0.0
12-30 03:00:00,0.0
12-30 04:00:00,0.0
12-30 05:00:00,0.0
12-30 06:00:00,0.0
12-30 07:00:00,0.0
12-30 08:00:00,140.310801588
12-30 09:00:00,271.502951337
12-30 10:00:00,381.17094877899996
12-30 11:00:00,435.677412486
12-30 12:00:00,416.812224154
12-30 13:00:00,315.90076731199997
12-30 14:00:00,187.054558545
12-30 15:00:00,77.0609018295
12-30 16:00:00,0.0
12-30 17:00:00,0.0
12-30 18:00:00,0.0
12-30 19:00:00,0.0
12-30 20:00:00,0.0
12-30 21:00:00,0.0
12-30 22:00:00,0.0
12-30 23:00:00,0.0
12-31 00:00:00,0.0
12-31 01:00:00,0.0
12-31 02:00:00,0.0
12-31 03:00:00,0.0
12-31 04:00:00,0.0
12-31 05:00:00,0.0
12-31 06:00:00,0.0
12-31 07:00:00,0.0
12-31 08:00:00,140.310801588
12-31 09:00:00,271.502951337
12-31 10:00:00,381.17094877899996
12-31 11:00:00,435.677412486
12-31 12:00:00,416.812224154
12-31 13:00:00,315.90076731199997
12-31 14:00:00,187.054558545
12-31 15:00:00,77.0609018295
12-31 16:00:00,0.0
12-31 17:00:00,0.0
12-31 18:00:00,0.0
12-31 19:00:00,0.0
12-31 20:00:00,0.0
12-31 21:00:00,0.0
12-31 22:00:00,0.0
12-31 23:00:00,0.0
